Sample,ASV10,ASV11,ASV14,ASV16,ASV17,ASV19,ASV2,ASV21,ASV22,ASV27,ASV28,ASV29,ASV30,ASV31,ASV32,ASV33,ASV34,ASV5,ASV6,ASV7,ASV8,ASV9,Unassigned,X120,X263,X391,X491,Experiment,Shake,Media,Beads,Temp,Rep,Time,Day,Treatment
PMXC6_CR_Seed_Community,18872,3571,21114,3292,16598,22591,21082,20931,11795,4650,11360,18181,11318,19469,8809,8629,34123,18530,11276,12191,6117,18624,792,8953,17667,10542,10499,PMXC6,NA,CR,NA,NA,NA,OG,0,OG
PMXC6_R2A_Seed_Community,10671,2282,18053,2186,15406,10953,17807,9704,8653,2807,8308,12432,10091,9876,10226,5079,45786,13092,7510,8025,6067,13204,214,4563,10041,12175,5644,PMXC6,NA,R2A,NA,NA,NA,OG,0,OG
PMXC6.NS.CR.B.RT.REP1.T0,3931,6022,50328,3806,7585,4948,12300,1644,1207,297,1501,37744,29078,15556,16835,1821,104776,17989,942,783,4666,501,232,3049,3100,6925,6190,PMXC6,NS,CR,B,RT,REP1,T0,3,NSCRRTB
PMXC6.NS.CR.B.RT.REP2.T0,3348,5523,51388,3793,6943,4518,12934,1519,850,307,1612,26574,19307,17876,11562,2747,81786,13338,763,764,2556,457,192,1753,2618,4930,3292,PMXC6,NS,CR,B,RT,REP2,T0,3,NSCRRTB
PMXC6.NS.CR.B.RT.REP3.T0,3450,6030,45478,3130,8110,3688,10315,1032,784,272,1618,38536,20836,9190,6357,2095,44725,19934,444,570,4552,426,124,1625,3177,2823,2297,PMXC6,NS,CR,B,RT,REP3,T0,3,NSCRRTB
PMXC6.NS.CR.B.VT.REP1.T0,3615,6776,72215,5319,9989,4505,4861,614,1168,179,253,38085,18651,8210,9275,1765,62332,30071,690,173,4600,347,114,1014,1948,1799,3215,PMXC6,NS,CR,B,VT,REP1,T0,3,NSCRVTB
PMXC6.NS.CR.B.VT.REP2.T0,3239,6001,63199,5084,7197,4762,4202,488,812,155,529,41777,19843,9255,8580,2321,59404,31784,514,140,6318,325,145,1400,2962,2571,3312,PMXC6,NS,CR,B,VT,REP2,T0,3,NSCRVTB
PMXC6.NS.CR.B.VT.REP3.T0,4758,7941,71186,5058,8763,4653,4623,515,902,177,495,43306,17783,9057,6946,1706,59947,36757,523,195,5036,406,156,1175,2400,1905,2720,PMXC6,NS,CR,B,VT,REP3,T0,3,NSCRVTB
PMXC6.NS.CR.NB.RT.REP1.T0,6544,10081,81985,5691,13448,6617,18856,1326,1271,322,1915,51082,30057,21256,9885,3153,83533,46361,913,703,6559,590,214,2378,4037,3227,3489,PMXC6,NS,CR,NB,RT,REP1,T0,3,NSCRRTNB
PMXC6.NS.CR.NB.RT.REP2.T0,6524,8721,69919,4266,8116,5927,16598,1198,1289,410,2100,50398,28995,16882,10960,2767,65103,32289,832,698,5481,637,224,2652,4643,3277,3541,PMXC6,NS,CR,NB,RT,REP2,T0,3,NSCRRTNB
PMXC6.NS.CR.NB.RT.REP3.T0,5747,8760,61621,4445,8808,6261,14984,1050,1132,365,1584,37954,21158,14010,6259,2269,61603,34293,795,703,4728,591,145,2014,3290,2748,2886,PMXC6,NS,CR,NB,RT,REP3,T0,3,NSCRRTNB
PMXC6.NS.CR.NB.VT.REP1.T0,5448,11756,96238,6068,14633,7066,9657,979,2050,224,2218,55092,27619,11366,12250,2451,89693,70955,870,229,5502,645,190,2186,5636,2703,3448,PMXC6,NS,CR,NB,VT,REP1,T0,3,NSCRVTNB
PMXC6.NS.CR.NB.VT.REP2.T0,4659,9826,65517,4400,10516,5449,6803,642,1334,210,1624,44349,21515,7845,7924,2306,58278,39989,541,263,4838,451,112,1578,3750,2226,3073,PMXC6,NS,CR,NB,VT,REP2,T0,3,NSCRVTNB
PMXC6.NS.CR.NB.VT.REP3.T0,3826,9593,66038,4622,8067,5344,7191,663,1306,189,1913,45170,22823,8731,8872,2745,60104,45226,498,246,6007,505,173,2042,3646,2531,2863,PMXC6,NS,CR,NB,VT,REP3,T0,3,NSCRVTNB
PMXC6.NS.R2A.B.RT.REP1.T0,26447,3454,57526,1243,11587,6881,6477,1775,2191,398,1793,50576,25425,5378,6207,1590,49715,9036,827,2273,2052,780,137,2206,2940,1032,3456,PMXC6,NS,R2A,B,RT,REP1,T0,3,NSR2ARTB
PMXC6.NS.R2A.B.RT.REP2.T0,34712,5497,77111,1908,15223,11377,9400,2522,3004,580,2967,58305,29925,5515,8231,2252,63172,9120,871,4487,2730,1121,374,3028,4237,1647,3736,PMXC6,NS,R2A,B,RT,REP2,T0,3,NSR2ARTB
PMXC6.NS.R2A.B.RT.REP3.T0,41498,5530,74755,2118,18268,12538,11062,3382,3631,584,3679,77707,34479,6518,7370,2829,53025,16065,1020,3753,3752,1549,1218,3168,5459,1987,4045,PMXC6,NS,R2A,B,RT,REP3,T0,3,NSR2ARTB
PMXC6.NS.R2A.B.VT.REP1.T0,9903,2066,53847,1338,11041,5657,4447,2114,2757,436,2472,30726,14107,4306,11960,1092,73439,5811,1062,900,1558,661,192,1916,2203,1071,4371,PMXC6,NS,R2A,B,VT,REP1,T0,3,NSR2AVTB
PMXC6.NS.R2A.B.VT.REP2.T0,16977,2568,98640,1953,18381,9779,9995,4193,4043,769,3463,44798,21090,8279,28397,2074,123902,8418,1701,1414,2664,1135,396,4514,4490,1909,6865,PMXC6,NS,R2A,B,VT,REP2,T0,3,NSR2AVTB
PMXC6.NS.R2A.B.VT.REP3.T0,18702,5558,152271,2931,29844,9348,14812,6015,6387,1350,5161,58906,28902,8032,35750,1531,166850,14770,2500,2688,2916,1166,450,3163,4452,1280,13518,PMXC6,NS,R2A,B,VT,REP3,T0,3,NSR2AVTB
PMXC6.NS.R2A.NB.RT.REP1.T0,26880,3883,41267,1832,15829,10232,6670,2646,4644,560,3508,55991,30540,5431,6210,2275,46450,13044,816,3322,3054,1130,197,2897,4640,1633,4038,PMXC6,NS,R2A,NB,RT,REP1,T0,3,NSR2ARTNB
PMXC6.NS.R2A.NB.RT.REP2.T0,23171,3512,33534,1526,14649,8541,5708,2281,4186,460,3106,50792,26616,4760,5293,1922,42367,10779,714,3192,2411,1004,206,2301,4105,1341,3229,PMXC6,NS,R2A,NB,RT,REP2,T0,3,NSR2ARTNB
PMXC6.NS.R2A.NB.RT.REP3.T0,1471,177,2380,143,344,353,222,184,368,54,26,7359,4011,275,279,57,2892,653,31,212,98,21,38,109,131,109,472,PMXC6,NS,R2A,NB,RT,REP3,T0,3,NSR2ARTNB
PMXC6.NS.R2A.NB.VT.REP1.T0,12334,3856,69170,2478,14859,8992,5240,2814,3488,584,3283,47522,24350,4797,10037,1636,73592,14920,1176,2774,2104,684,397,2698,4036,1073,6295,PMXC6,NS,R2A,NB,VT,REP1,T0,3,NSR2AVTNB
PMXC6.NS.R2A.NB.VT.REP2.T0.RS,675,277,4812,288,127762,85812,40611,366,188,54,36316,3046,3177,348,777,106,12533,762,83,213,82,70,5432,24994,24302,74,458,PMXC6,NS,R2A,NB,VT,REP2,T0,3,NSR2AVTNB
PMXC6.NS.R2A.NB.VT.REP3.T0.RS,589,119,6983,117,91121,49982,26990,208,132,34,17101,2400,1624,293,933,67,8231,519,42,122,70,14,2425,16664,22805,40,626,PMXC6,NS,R2A,NB,VT,REP3,T0,3,NSR2AVTNB
PMXC6.S.CR.B.RT.REP1.T0,9583,85,12384,4537,5292,16165,37011,2489,1179,410,107,17872,24052,26986,78209,1773,57612,5225,2257,115,2762,206,542,3459,2363,20331,31944,PMXC6,S,CR,B,RT,REP1,T0,3,SCRRTB
PMXC6.S.CR.B.RT.REP2.T0,10054,601,45787,12619,15112,30363,46343,3921,1454,890,241,33504,29903,24177,73325,2264,63579,33416,4356,137,6175,289,590,7125,1472,5666,28717,PMXC6,S,CR,B,RT,REP2,T0,3,SCRRTB
PMXC6.S.CR.B.RT.REP3.T0,4986,712,37738,7968,13900,28957,21035,2164,1233,1130,450,19274,11662,15204,18824,1903,40328,33750,1689,80,5857,212,424,2909,527,2374,6937,PMXC6,S,CR,B,RT,REP3,T0,3,SCRRTB
PMXC6.S.CR.B.VT.REP1.T0,6389,474,39514,5973,18755,11106,6714,1589,1304,977,335,24585,9685,18054,21586,2169,53198,25890,2392,17,5024,128,435,4272,3253,1089,5324,PMXC6,S,CR,B,VT,REP1,T0,3,SCRVTB
PMXC6.S.CR.B.VT.REP2.T0,5816,528,25490,7022,12742,8940,5500,543,1318,480,110,28077,14465,12849,18310,3230,46699,21241,1736,2,11481,116,247,3737,1839,2681,8889,PMXC6,S,CR,B,VT,REP2,T0,3,SCRVTB
PMXC6.S.CR.B.VT.REP3.T0,7563,1315,51309,7124,24789,11602,7004,1262,1882,1488,510,41898,16829,19696,20884,2702,58509,45605,2423,26,10407,217,459,5522,3507,1749,6711,PMXC6,S,CR,B,VT,REP3,T0,3,SCRVTB
PMXC6.S.CR.NB.RT.REP1.T0,7716,707,39329,3518,10013,19637,17553,1928,1192,598,229,28483,11689,12268,16727,2246,47234,39364,1130,65,7173,250,323,2675,1352,2252,4340,PMXC6,S,CR,NB,RT,REP1,T0,3,SCRRTNB
PMXC6.S.CR.NB.RT.REP2.T0,8862,855,45980,4585,10917,22337,20483,2059,1345,593,321,38419,14524,13136,17211,2578,41018,52248,1576,71,9159,290,373,2846,1084,2690,4834,PMXC6,S,CR,NB,RT,REP2,T0,3,SCRRTNB
PMXC6.S.CR.NB.RT.REP3.T0,8289,754,40760,4449,7273,18540,18976,1752,980,515,262,28247,12477,13783,23120,2077,38408,42839,1466,58,6078,203,338,3053,1270,2307,5776,PMXC6,S,CR,NB,RT,REP3,T0,3,SCRRTNB
PMXC6.S.CR.NB.VT.REP1.T0,6024,1429,33022,5362,20465,9757,7014,2302,1395,623,527,39691,14719,15201,16559,4067,64853,37037,1353,38,9970,175,402,6256,3738,2390,6799,PMXC6,S,CR,NB,VT,REP1,T0,3,SCRVTNB
PMXC6.S.CR.NB.VT.REP2.T0,4788,1886,26604,6125,14688,12059,6434,1079,1273,680,536,29276,10503,10188,15084,2417,55874,48560,1269,22,7655,173,498,6484,5175,1568,3482,PMXC6,S,CR,NB,VT,REP2,T0,3,SCRVTNB
PMXC6.S.CR.NB.VT.REP3.T0,4307,1418,28844,4721,19293,7972,5014,1100,1365,374,300,31758,12535,14858,13610,2294,52253,36536,1174,19,7076,139,387,4173,3128,1760,4492,PMXC6,S,CR,NB,VT,REP3,T0,3,SCRVTNB
PMXC6.S.R2A.B.RT.REP1.T0,31298,2488,94333,3025,29229,10947,21412,2422,2988,546,2451,42773,21818,11498,29531,1319,111978,8003,1729,1208,2604,742,959,3424,3354,1797,11399,PMXC6,S,R2A,B,RT,REP1,T0,3,SR2ARTB
PMXC6.S.R2A.B.RT.REP2.T0,10949,1547,43950,2464,34575,6482,27831,2002,514,337,2726,14620,21567,8374,31689,414,190088,1625,632,926,862,864,223,2161,910,922,12389,PMXC6,S,R2A,B,RT,REP2,T0,3,SR2ARTB
PMXC6.S.R2A.B.RT.REP3.T0,6714,784,24144,3101,47100,7278,42936,1835,427,302,3020,6697,15637,8255,39360,349,202437,858,579,451,929,978,301,3060,976,881,15640,PMXC6,S,R2A,B,RT,REP3,T0,3,SR2ARTB
PMXC6.S.R2A.B.VT.REP1.T0,2520,1751,1199,2414,31303,13100,18825,640,489,955,1952,4857,14812,11802,43169,1016,161932,74,515,96,913,301,294,5236,1221,1882,28068,PMXC6,S,R2A,B,VT,REP1,T0,3,SR2AVTB
PMXC6.S.R2A.B.VT.REP2.T0,15940,3241,63803,2072,16131,9804,22191,1510,5123,600,2052,24864,16170,8251,25205,1454,89790,4138,1108,618,3727,421,774,4399,1533,1985,8173,PMXC6,S,R2A,B,VT,REP2,T0,3,SR2AVTB
PMXC6.S.R2A.B.VT.REP3.T0,6972,2078,34415,1605,19772,12688,24261,1043,1474,362,2326,8194,21583,10503,28913,621,155116,1524,513,243,1397,337,273,3407,993,805,11095,PMXC6,S,R2A,B,VT,REP3,T0,3,SR2AVTB
PMXC6.S.R2A.NB.RT.REP1.T0,16789,2575,45382,2088,19180,5504,7919,2078,3504,393,3400,25616,21455,10002,14521,729,145996,6605,619,1271,1178,703,478,2221,4040,1152,8006,PMXC6,S,R2A,NB,RT,REP1,T0,3,SR2ARTNB
PMXC6.S.R2A.NB.RT.REP2.T0,11913,1906,31718,2730,20150,12814,10543,2115,2673,341,4734,24865,29904,9271,17403,911,148549,4922,800,928,1147,786,271,2585,3129,1604,17409,PMXC6,S,R2A,NB,RT,REP2,T0,3,SR2ARTNB
PMXC6.S.R2A.NB.RT.REP3.T0,7586,844,22699,2276,25038,10871,8646,1529,1592,391,3113,15717,23725,8361,21625,767,113985,3696,619,502,1470,441,356,3459,1795,567,18242,PMXC6,S,R2A,NB,RT,REP3,T0,3,SR2ARTNB
PMXC6.S.R2A.NB.VT.REP1.T0,15313,2397,68263,3224,21710,9345,5335,2965,3441,678,2793,36408,18265,14343,17983,1208,123351,8392,1195,554,1733,283,768,3855,3422,1015,14839,PMXC6,S,R2A,NB,VT,REP1,T0,3,SR2AVTNB
PMXC6.S.R2A.NB.VT.REP2.T0,3485,1840,19484,3152,25525,9812,3830,1176,1011,440,4004,10930,32531,11970,15493,572,210031,2471,749,581,1015,368,253,3499,1524,513,21251,PMXC6,S,R2A,NB,VT,REP2,T0,3,SR2AVTNB
PMXC6.S.R2A.NB.VT.REP3.T0,516,792,1147,1016,18098,5242,1583,298,243,255,2330,2124,16436,7645,7563,515,182451,403,154,291,999,128,149,1943,954,754,16034,PMXC6,S,R2A,NB,VT,REP3,T0,3,SR2AVTNB
PMXC6.NS.CR.B.RT.REP1.T1,7442,8681,98921,3418,519,174,307,78,23,109,16,35134,9651,20376,7836,263,89966,31552,52,13,874,24,35,96,102,399,254,PMXC6,NS,CR,B,RT,REP1,T1,6,NSCRRTB
PMXC6.NS.CR.B.RT.REP2.T1,8880,9642,118449,3553,301,110,380,129,22,108,40,43255,10719,21415,8787,370,89581,34771,58,10,1216,27,23,135,154,368,253,PMXC6,NS,CR,B,RT,REP2,T1,6,NSCRRTB
PMXC6.NS.CR.B.RT.REP3.T1,4515,11437,119331,4506,1201,163,870,85,29,413,11,34589,9592,30900,8572,291,79559,32705,84,3,1237,44,25,126,103,351,321,PMXC6,NS,CR,B,RT,REP3,T1,6,NSCRRTB
PMXC6.NS.CR.B.VT.REP1.T1,51,0,5,0,0,0,0,0,0,0,0,2538,3798,0,741,233,896,345,0,0,136,0,25,0,0,1906,0,PMXC6,NS,CR,B,VT,REP1,T1,6,NSCRVTB
PMXC6.NS.CR.B.VT.REP2.T1,160,122,5766,599,223,347,207,91,49,624,29,37508,27646,4105,49032,142,208054,846,62,153,502,0,21,601,86,7865,1999,PMXC6,NS,CR,B,VT,REP2,T1,6,NSCRVTB
PMXC6.NS.CR.B.VT.REP3.T1,337,223,2114,303,40,86,186,0,0,585,0,23030,12313,2763,41890,142,109443,587,42,0,772,27,156,309,77,4572,878,PMXC6,NS,CR,B,VT,REP3,T1,6,NSCRVTB
PMXC6.NS.CR.NB.RT.REP1.T1,3400,4488,131909,2120,1063,352,998,189,26,210,104,36053,15318,41289,25609,554,101970,40683,61,10,855,27,168,322,728,1466,557,PMXC6,NS,CR,NB,RT,REP1,T1,6,NSCRRTNB
PMXC6.NS.CR.NB.RT.REP2.T1,8268,8185,168081,3411,2985,551,2140,298,71,669,180,49250,16427,69694,31087,580,129992,59914,139,27,941,82,124,634,421,1875,737,PMXC6,NS,CR,NB,RT,REP2,T1,6,NSCRRTNB
PMXC6.NS.CR.NB.RT.REP3.T1,7781,8984,113324,3232,3484,727,2332,191,63,381,295,26395,8678,32148,8232,301,70885,53738,83,30,703,38,101,255,284,338,769,PMXC6,NS,CR,NB,RT,REP3,T1,6,NSCRRTNB
PMXC6.NS.CR.NB.VT.REP1.T1,11,84,4626,160,275,62,29,0,0,76,0,14445,7811,919,4462,156,14097,1429,0,0,309,0,28,38,98,1992,84,PMXC6,NS,CR,NB,VT,REP1,T1,6,NSCRVTNB
PMXC6.NS.CR.NB.VT.REP2.T1,22,336,10251,169,354,83,128,22,0,606,0,8525,4724,3365,4226,49,20073,3049,25,0,273,0,22,11,22,840,77,PMXC6,NS,CR,NB,VT,REP2,T1,6,NSCRVTNB
PMXC6.NS.CR.NB.VT.REP3.T1,21,176,3356,460,151,64,166,18,0,289,0,25017,20192,4053,9215,97,60413,1241,6,25,563,0,7,39,59,1859,333,PMXC6,NS,CR,NB,VT,REP3,T1,6,NSCRVTNB
PMXC6.NS.R2A.B.RT.REP1.T1,21191,3455,128818,1061,5463,4870,3062,405,455,145,459,56389,41730,11432,9508,518,24326,4278,366,794,563,90,55,553,399,316,3056,PMXC6,NS,R2A,B,RT,REP1,T1,6,NSR2ARTB
PMXC6.NS.R2A.B.RT.REP2.T1,30871,5695,211813,839,3724,1893,1780,856,420,105,323,46628,27625,10829,7868,293,70124,7231,329,2014,315,80,465,468,526,131,2782,PMXC6,NS,R2A,B,RT,REP2,T1,6,NSR2ARTB
PMXC6.NS.R2A.B.RT.REP3.T1,24970,4513,162106,872,4637,2795,1675,607,541,132,337,56163,32126,8138,5732,340,17660,6486,254,1484,512,62,107,398,532,211,2288,PMXC6,NS,R2A,B,RT,REP3,T1,6,NSR2ARTB
PMXC6.NS.R2A.B.VT.REP1.T1,4876,2471,126406,786,12794,1114,1262,581,631,150,374,21198,10034,15911,13872,96,89576,6286,506,260,154,109,119,182,202,55,5106,PMXC6,NS,R2A,B,VT,REP1,T1,6,NSR2AVTB
PMXC6.NS.R2A.B.VT.REP2.T1,6503,3869,195772,1199,14695,2173,1574,1133,955,178,705,33768,19496,14936,14437,159,150868,9358,986,414,181,269,226,327,395,115,5848,PMXC6,NS,R2A,B,VT,REP2,T1,6,NSR2AVTB
PMXC6.NS.R2A.B.VT.REP3.T1,1458,1421,53233,1517,1429,1326,1548,406,292,588,324,10047,24842,14117,35641,172,219052,1953,63,110,187,177,524,300,134,173,4079,PMXC6,NS,R2A,B,VT,REP3,T1,6,NSR2AVTB
PMXC6.NS.R2A.NB.RT.REP1.T1,39500,7251,174062,1252,9302,3358,1546,968,1450,126,870,56603,28082,5427,2785,417,13578,17518,418,3053,429,167,176,499,1059,150,1990,PMXC6,NS,R2A,NB,RT,REP1,T1,6,NSR2ARTNB
PMXC6.NS.R2A.NB.RT.REP2.T1,33646,3768,152886,1067,5814,2868,1940,1676,744,144,4352,19829,23392,10548,4389,425,60544,8835,461,2207,123,361,559,514,1348,483,2508,PMXC6,NS,R2A,NB,RT,REP2,T1,6,NSR2ARTNB
PMXC6.NS.R2A.NB.RT.REP3.T1,30753,5748,149190,1264,9268,3331,1484,1066,1060,136,1326,35194,19979,6381,2709,331,30359,15372,432,2774,224,216,329,460,1125,163,2097,PMXC6,NS,R2A,NB,RT,REP3,T1,6,NSR2ARTNB
PMXC6.NS.R2A.NB.VT.REP1.T1,2792,2460,140373,926,5969,2488,1006,835,449,207,745,18929,18898,4037,7930,109,132020,7345,305,671,185,264,483,562,421,166,3209,PMXC6,NS,R2A,NB,VT,REP1,T1,6,NSR2AVTNB
PMXC6.NS.R2A.NB.VT.REP2.T1,3942,3513,183104,1164,7000,1909,974,877,1056,141,702,38871,18204,6422,8616,243,156414,9689,645,1187,213,317,78,523,458,315,4642,PMXC6,NS,R2A,NB,VT,REP2,T1,6,NSR2AVTNB
PMXC6.NS.R2A.NB.VT.REP3.T1,829,637,51895,827,939,851,377,97,164,79,215,7932,11807,1519,5143,65,61382,4308,142,107,34,119,193,281,86,53,2639,PMXC6,NS,R2A,NB,VT,REP3,T1,6,NSR2AVTNB
PMXC6.S.CR.B.RT.REP1.T1,6596,148,30527,3974,11895,10964,18349,231,374,965,0,14094,6513,17549,36673,350,48835,16464,1016,0,1375,10,259,1302,102,2836,5265,PMXC6,S,CR,B,RT,REP1,T1,6,SCRRTB
PMXC6.S.CR.B.RT.REP2.T1,6809,253,49187,5869,13740,17294,25729,181,666,944,0,14181,5595,20838,17769,321,65450,35636,1838,0,1910,38,162,1412,33,754,2956,PMXC6,S,CR,B,RT,REP2,T1,6,SCRRTB
PMXC6.S.CR.B.RT.REP3.T1,6484,143,31480,4603,11599,23622,46500,227,493,932,10,14940,9678,33658,79901,328,95767,22346,1431,13,1141,4,220,1420,39,3607,15007,PMXC6,S,CR,B,RT,REP3,T1,6,SCRRTB
PMXC6.S.CR.B.VT.REP1.T1,2856,0,899,4505,4908,3274,3522,6,353,223,0,15311,9994,23374,99363,2110,51775,798,133,0,1584,0,224,3048,226,2921,22733,PMXC6,S,CR,B,VT,REP1,T1,6,SCRVTB
PMXC6.S.CR.B.VT.REP2.T1,4688,27,4343,15919,7791,7807,10047,49,573,363,0,19486,6370,18898,64554,1048,92092,3842,731,0,1152,0,176,2709,571,1360,13017,PMXC6,S,CR,B,VT,REP2,T1,6,SCRVTB
PMXC6.S.CR.B.VT.REP3.T1,6018,27,1151,9605,3702,4667,6952,27,446,353,0,23055,10532,25246,105080,1515,97733,2613,346,0,1298,20,358,4495,715,2857,16306,PMXC6,S,CR,B,VT,REP3,T1,6,SCRVTB
PMXC6.S.CR.NB.RT.REP1.T1,4032,370,67944,2625,8836,20315,42748,131,618,1118,0,21651,7526,33560,33753,289,61860,51047,719,5,3344,9,581,2707,56,1560,3776,PMXC6,S,CR,NB,RT,REP1,T1,6,SCRRTNB
PMXC6.S.CR.NB.RT.REP2.T1,4365,243,53011,3974,6676,9813,22089,134,947,923,0,26193,8448,22086,17461,305,25573,61668,607,0,2766,0,245,2028,40,610,3412,PMXC6,S,CR,NB,RT,REP2,T1,6,SCRRTNB
PMXC6.S.CR.NB.RT.REP3.T1,3713,381,50147,2824,8004,14169,33128,65,727,659,0,23207,7172,23522,13153,512,39762,52480,670,0,4779,29,220,2853,100,752,1968,PMXC6,S,CR,NB,RT,REP3,T1,6,SCRRTNB
PMXC6.S.CR.NB.VT.REP1.T1,2794,896,49914,2626,20916,6337,12999,175,197,996,0,14316,5944,35494,37729,639,75241,31945,485,0,2341,0,340,3950,1021,1455,4535,PMXC6,S,CR,NB,VT,REP1,T1,6,SCRVTNB
PMXC6.S.CR.NB.VT.REP2.T1,2144,1207,62566,5920,20764,9716,16207,34,980,1108,11,23200,5799,33358,44530,730,75421,46303,1172,0,3888,52,393,5014,2446,796,4701,PMXC6,S,CR,NB,VT,REP2,T1,6,SCRVTNB
PMXC6.S.CR.NB.VT.REP3.T1,1798,1035,41312,4279,23479,6880,14650,50,1070,858,0,29423,8773,30123,17530,1221,56346,46886,828,0,4331,14,362,3245,1043,475,4351,PMXC6,S,CR,NB,VT,REP3,T1,6,SCRVTNB
PMXC6.S.R2A.B.RT.REP1.T1,24640,998,105080,869,21325,6254,15591,169,385,424,80,22416,13546,8531,17567,116,31702,3094,365,108,1314,43,133,243,142,209,4312,PMXC6,S,R2A,B,RT,REP1,T1,6,SR2ARTB
PMXC6.S.R2A.B.RT.REP2.T1,28135,1960,133298,1001,18172,5892,15579,263,164,429,92,23386,15923,9965,23214,112,48495,3609,358,242,1511,31,128,255,73,250,3498,PMXC6,S,R2A,B,RT,REP2,T1,6,SR2ARTB
PMXC6.S.R2A.B.RT.REP3.T1,25024,1162,134900,1092,20513,5521,22918,222,144,573,171,18355,15661,10023,25711,201,52043,3542,302,199,1212,12,578,268,24,254,4462,PMXC6,S,R2A,B,RT,REP3,T1,6,SR2ARTB
PMXC6.S.R2A.B.VT.REP1.T1,3124,1093,65527,728,19614,9294,22366,126,80,344,48,4529,15017,11472,30170,80,159794,999,136,22,649,58,254,554,28,92,4813,PMXC6,S,R2A,B,VT,REP1,T1,6,SR2AVTB
PMXC6.S.R2A.B.VT.REP2.T1,4086,1017,94116,709,18827,11875,14680,246,298,270,76,5645,12842,10992,27796,53,134045,1149,81,51,594,83,125,532,55,164,4620,PMXC6,S,R2A,B,VT,REP2,T1,6,SR2AVTB
PMXC6.S.R2A.B.VT.REP3.T1,7130,1181,88576,489,27762,7926,12547,325,281,244,74,7536,13169,14031,22773,123,133356,2114,109,18,1316,96,420,671,57,644,3067,PMXC6,S,R2A,B,VT,REP3,T1,6,SR2AVTB
PMXC6.S.R2A.NB.RT.REP1.T1,17090,2927,157609,1174,8671,6177,2108,617,1477,173,188,25661,32544,13812,32846,159,112884,7430,265,249,518,64,599,588,255,499,4193,PMXC6,S,R2A,NB,RT,REP1,T1,6,SR2ARTNB
PMXC6.S.R2A.NB.RT.REP2.T1,8474,1240,82756,704,4143,5613,2736,439,554,103,135,9244,27559,8527,21074,151,109547,2986,154,229,273,59,514,651,352,124,2837,PMXC6,S,R2A,NB,RT,REP2,T1,6,SR2ARTNB
PMXC6.S.R2A.NB.RT.REP3.T1,768,109,6303,240,1284,912,2018,28,19,0,40,986,17190,4091,16286,5,189144,317,55,129,169,69,88,792,0,133,2243,PMXC6,S,R2A,NB,RT,REP3,T1,6,SR2ARTNB
PMXC6.S.R2A.NB.VT.REP1.T1,590,150,1949,792,4631,2858,1907,172,121,296,277,4985,74564,13442,54145,232,268601,432,19,53,348,394,104,2108,248,556,26257,PMXC6,S,R2A,NB,VT,REP1,T1,6,SR2AVTNB
PMXC6.S.R2A.NB.VT.REP2.T1,971,174,6207,947,5689,1237,1205,195,142,230,311,5970,46257,21629,23860,342,219784,1924,49,39,409,261,90,1948,162,474,17192,PMXC6,S,R2A,NB,VT,REP2,T1,6,SR2AVTNB
PMXC6.S.R2A.NB.VT.REP3.T1,176,109,2210,180,4265,429,558,11,105,105,20,5221,38063,15494,31137,304,238185,326,46,0,1277,18,65,2141,321,325,5155,PMXC6,S,R2A,NB,VT,REP3,T1,6,SR2AVTNB
PMXC6.NS.CR.B.RT.REP1.T10,10,25,149457,0,0,0,0,0,0,0,0,16805,3417,36057,3517,81,51668,66135,0,0,0,0,1427,0,0,0,0,PMXC6,NS,CR,B,RT,REP1,T10,33,NSCRRTB
PMXC6.NS.CR.B.RT.REP2.T10,0,13,140071,0,0,0,0,0,0,0,0,18852,3226,36097,2738,22,59510,66876,0,0,0,0,329,0,0,5,0,PMXC6,NS,CR,B,RT,REP2,T10,33,NSCRRTB
PMXC6.NS.CR.B.RT.REP3.T10,0,24,133965,0,0,0,0,0,0,0,0,16573,2399,30218,2578,6,54843,68032,0,0,0,0,114,0,0,0,0,PMXC6,NS,CR,B,RT,REP3,T10,33,NSCRRTB
PMXC6.NS.CR.B.VT.REP1.T10,134,249,2203,0,228,0,0,0,0,201,0,7612,1191,4851,4157,58,15034,969,0,0,500,0,307,20,0,0,0,PMXC6,NS,CR,B,VT,REP1,T10,33,NSCRVTB
PMXC6.NS.CR.B.VT.REP2.T10,283,341,505,0,2599,627,367,0,0,10317,0,21877,4186,21171,13839,0,77834,1378,0,0,902,0,164,0,0,10129,1498,PMXC6,NS,CR,B,VT,REP2,T10,33,NSCRVTB
PMXC6.NS.CR.B.VT.REP3.T10,107,1368,5860,96,4246,946,732,0,0,6124,0,20863,3582,16076,19209,444,61642,5659,42,0,761,0,310,868,0,6483,457,PMXC6,NS,CR,B,VT,REP3,T10,33,NSCRVTB
PMXC6.NS.CR.NB.RT.REP1.T10,0,66,138541,0,0,0,0,0,0,0,0,18114,2723,33544,3213,5,62534,87116,0,0,875,0,127,0,0,0,0,PMXC6,NS,CR,NB,RT,REP1,T10,33,NSCRRTNB
PMXC6.NS.CR.NB.RT.REP2.T10,0,43,134193,0,0,0,0,0,0,19,0,16235,2712,37350,1883,0,59285,72411,0,0,145,0,26,0,0,0,0,PMXC6,NS,CR,NB,RT,REP2,T10,33,NSCRRTNB
PMXC6.NS.CR.NB.RT.REP3.T10,0,55,143954,0,0,0,0,0,0,26,0,17777,3075,40495,2101,0,64937,85596,0,0,638,0,48,0,0,0,0,PMXC6,NS,CR,NB,RT,REP3,T10,33,NSCRRTNB
PMXC6.NS.CR.NB.VT.REP1.T10,422,22662,87926,62,31709,2729,1846,0,0,3135,0,20301,5232,31821,4973,96,89914,68076,0,0,1089,0,623,0,0,0,0,PMXC6,NS,CR,NB,VT,REP1,T10,33,NSCRVTNB
PMXC6.NS.CR.NB.VT.REP2.T10,0,11642,66790,516,61855,0,0,0,0,3082,0,22468,4489,31531,2763,3,50289,68932,0,0,1987,0,37,0,0,0,0,PMXC6,NS,CR,NB,VT,REP2,T10,33,NSCRVTNB
PMXC6.NS.CR.NB.VT.REP3.T10,0,10863,55807,3625,30354,7111,9557,0,0,2976,0,24650,7377,36817,3209,8,51217,57532,0,0,1848,4,93,0,0,0,0,PMXC6,NS,CR,NB,VT,REP3,T10,33,NSCRVTNB
PMXC6.NS.R2A.B.RT.REP1.T10,0,10073,107347,0,1529,0,21,0,0,162,0,18912,43350,72176,332,0,69152,1240,0,0,0,0,8,0,0,0,0,PMXC6,NS,R2A,B,RT,REP1,T10,33,NSR2ARTB
PMXC6.NS.R2A.B.RT.REP2.T10,0,5471,118294,0,1473,0,0,0,0,152,0,19299,36435,52929,356,0,86001,1319,0,0,0,0,11,0,0,0,0,PMXC6,NS,R2A,B,RT,REP2,T10,33,NSR2ARTB
PMXC6.NS.R2A.B.RT.REP3.T10,3,6587,130944,0,2025,0,0,0,0,340,0,31828,36836,61679,258,0,56448,2312,0,0,6,0,25,0,0,0,0,PMXC6,NS,R2A,B,RT,REP3,T10,33,NSR2ARTB
PMXC6.NS.R2A.B.VT.REP1.T10,520,7409,201113,26,62933,0,6561,0,0,1261,0,42288,17247,53382,3537,31,26741,6467,0,0,1610,0,829,0,0,0,0,PMXC6,NS,R2A,B,VT,REP1,T10,33,NSR2AVTB
PMXC6.NS.R2A.B.VT.REP2.T10,26,4554,156689,0,42937,0,0,0,0,698,0,40587,21633,47828,3113,17,22330,3725,0,0,0,0,89,0,0,0,0,PMXC6,NS,R2A,B,VT,REP2,T10,33,NSR2AVTB
PMXC6.NS.R2A.B.VT.REP3.T10,72,4620,148559,44,70982,0,0,0,0,5123,0,24554,14699,48492,5977,10,55465,3618,0,0,2702,0,147,0,0,0,0,PMXC6,NS,R2A,B,VT,REP3,T10,33,NSR2AVTB
PMXC6.NS.R2A.NB.RT.REP1.T10,20,3067,149366,0,1189,0,28,0,0,237,0,35370,42649,26288,148,13,17912,3875,0,0,0,0,142,0,0,0,0,PMXC6,NS,R2A,NB,RT,REP1,T10,33,NSR2ARTNB
PMXC6.NS.R2A.NB.RT.REP2.T10,46,4260,196846,0,5390,0,106,0,0,192,0,30402,34522,29708,118,0,28157,3002,0,0,0,0,216,0,0,0,0,PMXC6,NS,R2A,NB,RT,REP2,T10,33,NSR2ARTNB
PMXC6.NS.R2A.NB.RT.REP3.T10,14,2907,164328,0,5012,0,7,0,0,193,0,37233,45079,28326,163,17,13005,3384,0,0,0,0,2007,0,0,0,0,PMXC6,NS,R2A,NB,RT,REP3,T10,33,NSR2ARTNB
PMXC6.NS.R2A.NB.VT.REP1.T10,0,5288,167457,0,1317,0,0,0,0,32,0,25896,22070,13093,1281,0,48773,2448,0,0,0,0,488,0,0,0,0,PMXC6,NS,R2A,NB,VT,REP1,T10,33,NSR2AVTNB
PMXC6.NS.R2A.NB.VT.REP2.T10,0,4056,218265,0,1725,0,0,0,0,0,0,39643,28821,12162,1462,370,57191,2794,0,0,0,0,7095,0,0,0,0,PMXC6,NS,R2A,NB,VT,REP2,T10,33,NSR2AVTNB
PMXC6.NS.R2A.NB.VT.REP3.T10,0,4315,210809,9,695,0,0,0,0,436,0,26287,25250,27411,2508,11,78493,2997,0,0,0,0,277,0,0,0,0,PMXC6,NS,R2A,NB,VT,REP3,T10,33,NSR2AVTNB
PMXC6.S.CR.B.RT.REP1.T10,63,0,38,0,0,0,0,0,0,0,0,1693,1155,518,594,181,1888,31,0,0,1163,0,100,37,0,67132,0,PMXC6,S,CR,B,RT,REP1,T10,33,SCRRTB
PMXC6.S.CR.B.RT.REP2.T10,54,0,0,0,0,0,0,0,26,0,0,459,367,63,0,20,487,77,0,0,390,0,9,0,0,32146,0,PMXC6,S,CR,B,RT,REP2,T10,33,SCRRTB
PMXC6.S.CR.B.RT.REP3.T10,0,0,0,0,0,0,0,0,0,0,0,1473,1408,72,958,195,324,116,0,0,302,0,7,72,0,31051,0,PMXC6,S,CR,B,RT,REP3,T10,33,SCRRTB
PMXC6.S.CR.B.VT.REP1.T10,3657,0,217,0,15,87,26,0,31,171,0,11307,15479,5780,90377,9642,4851,240,0,0,1051,0,428,23914,0,143369,2338,PMXC6,S,CR,B,VT,REP1,T10,33,SCRVTB
PMXC6.S.CR.B.VT.REP2.T10,6077,162,144,25,182,188,85,0,0,424,0,13287,2899,17421,74535,2643,8937,917,0,0,1066,0,163,4551,0,23961,2835,PMXC6,S,CR,B,VT,REP2,T10,33,SCRVTB
PMXC6.S.CR.B.VT.REP3.T10,137,0,0,0,0,0,9,0,0,0,0,863,118,841,5583,832,505,68,0,0,20,0,42,264,0,3053,158,PMXC6,S,CR,B,VT,REP3,T10,33,SCRVTB
PMXC6.S.CR.NB.RT.REP1.T10,21,0,0,0,0,0,0,0,0,0,0,0,0,0,0,0,0,0,0,0,0,0,0,0,0,125,0,PMXC6,S,CR,NB,RT,REP1,T10,33,SCRRTNB
PMXC6.S.CR.NB.RT.REP2.T10,27,0,0,0,25,0,0,0,0,0,0,165,38,0,110,0,204,0,0,0,0,0,0,76,0,648,0,PMXC6,S,CR,NB,RT,REP2,T10,33,SCRRTNB
PMXC6.S.CR.NB.RT.REP3.T10,0,0,0,0,0,0,0,0,0,0,0,24,0,0,0,0,23,0,0,0,0,0,0,0,0,81,0,PMXC6,S,CR,NB,RT,REP3,T10,33,SCRRTNB
PMXC6.S.CR.NB.VT.REP1.T10,1355,423,43308,1540,22842,3025,7544,0,0,1045,0,14846,2073,38001,13507,1944,65388,32973,0,0,2261,0,242,3118,0,1931,51,PMXC6,S,CR,NB,VT,REP1,T10,33,SCRVTNB
PMXC6.S.CR.NB.VT.REP2.T10,205,2882,49471,4068,26521,4070,11449,0,0,1550,0,11581,3214,48463,18187,1262,77841,37331,0,0,2023,0,254,3319,0,1614,37,PMXC6,S,CR,NB,VT,REP2,T10,33,SCRVTNB
PMXC6.S.CR.NB.VT.REP3.T10,125,138,67291,2554,29293,4573,15431,0,1248,1779,0,11767,3105,52018,15703,1477,77546,47237,0,0,2030,0,366,2377,0,1745,1879,PMXC6,S,CR,NB,VT,REP3,T10,33,SCRVTNB
PMXC6.S.R2A.B.RT.REP1.T10,0,423,1721,37,46412,16756,7543,0,0,478,0,682,8655,35148,6496,0,138359,212,0,0,62,0,62,0,0,23,0,PMXC6,S,R2A,B,RT,REP1,T10,33,SR2ARTB
PMXC6.S.R2A.B.RT.REP2.T10,0,448,1421,0,36533,7957,15407,0,0,619,0,864,9161,25690,10202,0,131226,128,9,0,259,0,48,7,0,0,0,PMXC6,S,R2A,B,RT,REP2,T10,33,SR2ARTB
PMXC6.S.R2A.B.RT.REP3.T10,0,1047,1305,0,60470,15369,11044,0,0,940,0,1958,17347,44719,21696,11,135930,269,0,0,604,0,200,0,0,9,0,PMXC6,S,R2A,B,RT,REP3,T10,33,SR2ARTB
PMXC6.S.R2A.B.VT.REP1.T10,0,0,18,0,1394,0,644,0,0,17,0,312,71,3383,3396,187,91031,0,0,0,114,0,12,12,0,0,0,PMXC6,S,R2A,B,VT,REP1,T10,33,SR2AVTB
PMXC6.S.R2A.B.VT.REP2.T10,0,0,16,0,226,0,584,0,0,30,0,79,108,807,8998,248,70220,0,0,0,82,0,20,0,0,0,0,PMXC6,S,R2A,B,VT,REP2,T10,33,SR2AVTB
PMXC6.S.R2A.B.VT.REP3.T10,0,0,134,0,14817,0,7322,0,0,44,0,428,2722,14014,41684,833,252828,0,0,0,266,0,41,0,0,0,0,PMXC6,S,R2A,B,VT,REP3,T10,33,SR2AVTB
PMXC6.S.R2A.NB.RT.REP1.T10,0,0,7244,0,631,0,0,0,0,6,0,299,9879,1231,4171,28,51366,201,0,0,0,0,127,0,0,0,0,PMXC6,S,R2A,NB,RT,REP1,T10,33,SR2ARTNB
PMXC6.S.R2A.NB.RT.REP2.T10,0,0,13151,0,2146,0,0,0,0,13,0,1064,30883,8119,9770,0,108525,430,75,0,13,0,91,0,0,48,0,PMXC6,S,R2A,NB,RT,REP2,T10,33,SR2ARTNB
PMXC6.S.R2A.NB.RT.REP3.T10,0,0,10651,0,1151,0,0,0,0,0,0,793,13896,2341,2643,13,68346,228,0,0,0,0,391,87,0,0,0,PMXC6,S,R2A,NB,RT,REP3,T10,33,SR2ARTNB
PMXC6.S.R2A.NB.VT.REP1.T10,0,0,146553,0,39518,0,0,0,0,52,0,14551,20826,8968,15610,30,76750,12475,0,0,587,0,418,0,0,4,0,PMXC6,S,R2A,NB,VT,REP1,T10,33,SR2AVTNB
PMXC6.S.R2A.NB.VT.REP2.T10,0,0,115003,0,25677,0,0,0,0,33,0,4489,16817,7196,16458,56,85764,4181,0,0,428,0,570,0,0,0,0,PMXC6,S,R2A,NB,VT,REP2,T10,33,SR2AVTNB
PMXC6.S.R2A.NB.VT.REP3.T10,0,0,386,0,9712,0,0,0,0,0,0,240,2330,946,4437,0,31908,32,0,0,80,0,9,0,0,0,0,PMXC6,S,R2A,NB,VT,REP3,T10,33,SR2AVTNB
PMXC6.NS.CR.B.RT.REP1.T11,0,7,117434,0,0,0,0,0,0,0,0,21507,3412,33652,1945,0,66648,61763,0,0,0,0,7,0,0,0,0,PMXC6,NS,CR,B,RT,REP1,T11,36,NSCRRTB
PMXC6.NS.CR.B.RT.REP2.T11,0,8,120487,0,0,0,0,0,0,0,0,35864,5618,35251,2051,0,63330,73032,0,0,0,0,9,0,0,0,0,PMXC6,NS,CR,B,RT,REP2,T11,36,NSCRRTB
PMXC6.NS.CR.B.RT.REP3.T11,0,7,114670,0,0,0,0,0,0,0,0,28997,4890,31916,2307,0,60980,74046,0,0,0,0,13,0,0,0,0,PMXC6,NS,CR,B,RT,REP3,T11,36,NSCRRTB
PMXC6.NS.CR.B.VT.REP1.T11,2826,12049,31986,0,10733,0,0,0,0,1669,0,16744,2226,19060,5525,3,71168,20339,0,0,1480,0,62,0,0,0,36,PMXC6,NS,CR,B,VT,REP1,T11,36,NSCRVTB
PMXC6.NS.CR.B.VT.REP2.T11,391,12806,21227,227,14775,1822,1552,0,0,3044,0,18583,2483,23842,2994,13,59140,24450,0,0,3031,0,63,0,0,1040,374,PMXC6,NS,CR,B,VT,REP2,T11,36,NSCRVTB
PMXC6.NS.CR.B.VT.REP3.T11,84,8937,26276,449,13622,2415,919,0,0,1961,0,22894,2315,14164,3179,250,52050,31643,0,0,2788,0,148,1107,0,514,83,PMXC6,NS,CR,B,VT,REP3,T11,36,NSCRVTB
PMXC6.NS.CR.NB.RT.REP1.T11,0,37,109000,0,0,0,0,0,0,0,0,33078,6127,33584,3176,0,61052,76860,0,0,1623,0,8,0,0,0,0,PMXC6,NS,CR,NB,RT,REP1,T11,36,NSCRRTNB
PMXC6.NS.CR.NB.RT.REP2.T11,0,15,127195,0,0,42,0,0,0,25,0,27524,5011,40770,1633,0,67004,78913,0,0,304,0,8,0,0,0,4,PMXC6,NS,CR,NB,RT,REP2,T11,36,NSCRRTNB
PMXC6.NS.CR.NB.RT.REP3.T11,0,24,114730,0,0,0,0,0,0,11,0,21185,3842,34471,1495,0,55766,78680,0,0,1086,0,24,0,0,0,0,PMXC6,NS,CR,NB,RT,REP3,T11,36,NSCRRTNB
PMXC6.NS.CR.NB.VT.REP1.T11,86,9692,29107,32,16223,1335,778,0,0,863,0,17961,3206,12942,1473,0,37505,29798,0,0,1427,0,10,0,0,0,0,PMXC6,NS,CR,NB,VT,REP1,T11,36,NSCRVTNB
PMXC6.NS.CR.NB.VT.REP2.T11,0,5264,22615,354,20876,0,0,0,0,907,0,13544,2389,11323,910,6,21666,25371,0,0,1297,0,14,0,0,0,0,PMXC6,NS,CR,NB,VT,REP2,T11,36,NSCRVTNB
PMXC6.NS.CR.NB.VT.REP3.T11,0,7046,28717,2860,16382,3612,4510,0,0,1203,0,19135,3467,14168,1150,5,36276,35720,0,0,1530,0,36,0,0,0,0,PMXC6,NS,CR,NB,VT,REP3,T11,36,NSCRVTNB
PMXC6.NS.R2A.B.RT.REP1.T11,0,4365,129659,0,2336,0,0,0,0,416,0,37501,49211,74257,184,3,18773,2507,0,0,0,0,15,0,0,0,0,PMXC6,NS,R2A,B,RT,REP1,T11,36,NSR2ARTB
PMXC6.NS.R2A.B.RT.REP2.T11,0,3551,132251,0,2391,0,0,0,0,170,0,33276,40522,64719,229,0,18654,2483,0,0,0,0,27,0,0,0,0,PMXC6,NS,R2A,B,RT,REP2,T11,36,NSR2ARTB
PMXC6.NS.R2A.B.RT.REP3.T11,0,3721,123944,0,3571,0,0,0,0,561,0,34906,42216,69472,136,4,20044,3109,0,0,0,0,9,0,0,0,0,PMXC6,NS,R2A,B,RT,REP3,T11,36,NSR2ARTB
PMXC6.NS.R2A.B.VT.REP1.T11,204,2925,70035,0,20086,0,2866,0,0,410,0,23120,8398,19945,924,2,6563,2750,0,0,768,0,13,0,0,0,0,PMXC6,NS,R2A,B,VT,REP1,T11,36,NSR2AVTB
PMXC6.NS.R2A.B.VT.REP2.T11,7,3342,88541,0,30465,0,0,0,0,434,0,21370,10741,29514,948,0,11517,2607,0,0,0,0,37,0,0,0,0,PMXC6,NS,R2A,B,VT,REP2,T11,36,NSR2AVTB
PMXC6.NS.R2A.B.VT.REP3.T11,14,3692,70431,43,32445,0,0,0,0,2080,0,18715,8274,21634,1628,0,11540,2860,0,0,1567,0,46,0,0,0,0,PMXC6,NS,R2A,B,VT,REP3,T11,36,NSR2AVTB
PMXC6.NS.R2A.NB.RT.REP1.T11,0,4395,141793,0,2033,0,41,0,0,368,0,38373,46829,31607,117,6,20469,5786,0,0,0,0,79,0,0,0,0,PMXC6,NS,R2A,NB,RT,REP1,T11,36,NSR2ARTNB
PMXC6.NS.R2A.NB.RT.REP2.T11,8,3877,139071,0,4612,0,70,0,0,331,0,38677,44648,31426,137,0,30647,3246,0,0,0,0,71,0,0,0,0,PMXC6,NS,R2A,NB,RT,REP2,T11,36,NSR2ARTNB
PMXC6.NS.R2A.NB.RT.REP3.T11,4,1741,57125,0,4368,0,0,0,0,162,0,14745,17969,12171,63,3,6623,2091,0,0,0,0,17,0,0,0,0,PMXC6,NS,R2A,NB,RT,REP3,T11,36,NSR2ARTNB
PMXC6.NS.R2A.NB.VT.REP1.T11,0,3885,96254,0,1382,0,0,0,0,16,0,19853,18200,9557,649,6,27707,1737,0,0,0,0,60,0,0,0,0,PMXC6,NS,R2A,NB,VT,REP1,T11,36,NSR2AVTNB
PMXC6.NS.R2A.NB.VT.REP2.T11,0,1995,86951,0,723,0,0,4,0,0,0,20544,12901,8525,504,0,22940,1529,0,0,0,0,58,0,0,0,0,PMXC6,NS,R2A,NB,VT,REP2,T11,36,NSR2AVTNB
PMXC6.NS.R2A.NB.VT.REP3.T11,0,1445,89576,0,331,0,0,0,0,273,0,16621,16588,13152,1140,0,36706,2882,0,0,0,0,43,0,0,0,0,PMXC6,NS,R2A,NB,VT,REP3,T11,36,NSR2AVTNB
PMXC6.S.CR.B.RT.REP1.T11,13576,0,34631,3036,13194,2696,22699,0,0,339,0,18258,4542,54802,35941,274,113076,17041,0,0,1722,0,210,3198,0,13773,85,PMXC6,S,CR,B,RT,REP1,T11,36,SCRRTB
PMXC6.S.CR.B.RT.REP2.T11,3079,204,8127,1435,3154,635,6381,0,627,412,0,21762,4702,55026,64667,402,45592,5400,0,0,1124,0,190,2844,0,29374,2818,PMXC6,S,CR,B,RT,REP2,T11,36,SCRRTB
PMXC6.S.CR.B.RT.REP3.T11,5567,660,31477,4470,10341,2501,17102,0,1710,346,0,17904,4686,67555,33988,319,111941,17238,0,0,1691,0,404,4711,0,16791,2658,PMXC6,S,CR,B,RT,REP3,T11,36,SCRRTB
PMXC6.S.CR.B.VT.REP1.T11,35765,5577,2373,4116,8239,4236,6211,0,755,425,0,9342,1255,13536,13007,1083,66569,3452,0,0,546,0,570,15675,0,6738,1231,PMXC6,S,CR,B,VT,REP1,T11,36,SCRVTB
PMXC6.S.CR.B.VT.REP2.T11,65685,18338,8063,6585,19915,4459,10455,0,1732,1072,0,28164,4127,31147,19715,4794,132829,9417,0,0,3473,0,693,16702,0,9949,1941,PMXC6,S,CR,B,VT,REP2,T11,36,SCRVTB
PMXC6.S.CR.B.VT.REP3.T11,49293,1495,629,5635,10829,4761,12210,0,816,718,0,22305,1849,56440,42627,4852,108210,2370,0,0,1951,0,1079,25380,0,23249,5166,PMXC6,S,CR,B,VT,REP3,T11,36,SCRVTB
PMXC6.S.CR.NB.RT.REP1.T11,19,1591,53036,983,6298,1254,11858,0,0,480,0,24008,4346,35988,15256,59,60329,36723,0,0,3008,0,795,12392,0,2099,12,PMXC6,S,CR,NB,RT,REP1,T11,36,SCRRTNB
PMXC6.S.CR.NB.RT.REP2.T11,8,6079,68300,3500,9172,2760,25628,0,944,526,0,33699,7658,52801,19683,4,88232,40266,0,0,5339,0,412,5393,0,2478,1496,PMXC6,S,CR,NB,RT,REP2,T11,36,SCRRTNB
PMXC6.S.CR.NB.RT.REP3.T11,17,0,72225,2427,10400,3807,22252,0,0,315,0,33757,8344,59531,20558,22,96449,53690,0,0,4716,0,323,4638,0,2748,265,PMXC6,S,CR,NB,RT,REP3,T11,36,SCRRTNB
PMXC6.S.CR.NB.VT.REP1.T11,2346,818,60578,4285,26616,4219,13128,0,0,752,0,31037,6389,61946,24136,2885,101288,48271,0,0,3833,0,618,10345,0,2440,52,PMXC6,S,CR,NB,VT,REP1,T11,36,SCRVTNB
PMXC6.S.CR.NB.VT.REP2.T11,64,2266,21340,2878,10564,1920,6275,0,0,276,0,10629,2130,21881,8591,1272,39334,18741,0,0,1744,0,191,3092,0,905,8,PMXC6,S,CR,NB,VT,REP2,T11,36,SCRVTNB
PMXC6.S.CR.NB.VT.REP3.T11,72,594,37567,2369,14706,2461,9369,0,1069,424,0,14450,2659,26532,8310,1429,52251,29576,0,0,2564,0,157,2419,0,594,1159,PMXC6,S,CR,NB,VT,REP3,T11,36,SCRVTNB
PMXC6.S.R2A.B.RT.REP1.T11,39,400,66512,0,30064,5452,8060,0,0,810,0,16844,29106,57614,1353,0,12879,1818,0,0,2994,0,518,0,0,0,0,PMXC6,S,R2A,B,RT,REP1,T11,36,SR2ARTB
PMXC6.S.R2A.B.RT.REP2.T11,55,669,93381,0,31294,2911,16457,0,0,954,0,19685,33390,78871,1514,21,14448,1618,0,0,3317,0,604,0,0,0,0,PMXC6,S,R2A,B,RT,REP2,T11,36,SR2ARTB
PMXC6.S.R2A.B.RT.REP3.T11,143,820,93889,0,29609,3805,13304,0,0,759,0,17261,26304,68322,3525,0,11866,2927,0,0,2055,0,60,0,0,0,0,PMXC6,S,R2A,B,RT,REP3,T11,36,SR2ARTB
PMXC6.S.R2A.B.VT.REP1.T11,0,0,395,0,16522,0,12023,0,0,46,0,6412,2207,13361,29589,1676,256472,88,0,11,890,0,21,0,0,0,21,PMXC6,S,R2A,B,VT,REP1,T11,36,SR2AVTB
PMXC6.S.R2A.B.VT.REP2.T11,0,0,167,0,6085,0,2676,0,0,72,0,1678,188,26838,34400,2904,294129,0,0,0,746,0,33,0,0,3,0,PMXC6,S,R2A,B,VT,REP2,T11,36,SR2AVTB
PMXC6.S.R2A.B.VT.REP3.T11,0,0,492,0,36212,0,11836,0,0,39,0,1027,5547,3066,27603,273,133522,0,0,0,286,0,56,0,30,0,0,PMXC6,S,R2A,B,VT,REP3,T11,36,SR2AVTB
PMXC6.S.R2A.NB.RT.REP1.T11,0,9,155699,0,16412,0,0,0,0,115,0,14619,40862,15857,10775,19,92342,13256,0,0,84,0,221,0,0,0,0,PMXC6,S,R2A,NB,RT,REP1,T11,36,SR2ARTNB
PMXC6.S.R2A.NB.RT.REP2.T11,0,35,159178,0,15132,0,0,0,0,93,0,13233,39806,15223,12949,81,100619,8763,0,0,143,0,1160,0,0,0,0,PMXC6,S,R2A,NB,RT,REP2,T11,36,SR2ARTNB
PMXC6.S.R2A.NB.RT.REP3.T11,0,0,121239,0,11249,0,0,0,0,175,0,6410,45336,13701,14281,52,101559,5489,0,0,47,0,272,0,0,7,0,PMXC6,S,R2A,NB,RT,REP3,T11,36,SR2ARTNB
PMXC6.S.R2A.NB.VT.REP1.T11,0,0,151232,0,43536,0,0,0,0,53,0,22069,22952,11428,11107,244,68887,17098,0,0,1120,0,1885,0,0,0,0,PMXC6,S,R2A,NB,VT,REP1,T11,36,SR2AVTNB
PMXC6.S.R2A.NB.VT.REP2.T11,0,0,150673,0,36677,0,0,0,0,104,0,15528,29776,11107,13964,170,85268,10482,0,0,2116,0,1082,0,0,0,0,PMXC6,S,R2A,NB,VT,REP2,T11,36,SR2AVTNB
PMXC6.S.R2A.NB.VT.REP3.T11,0,0,99388,0,56513,0,0,0,0,508,0,9303,19251,10950,15693,0,78216,4557,0,0,997,0,228,0,0,0,0,PMXC6,S,R2A,NB,VT,REP3,T11,36,SR2AVTNB
PMXC6.NS.CR.B.RT.REP1.T12,0,0,69830,0,0,0,0,0,0,0,0,16297,2619,17184,1214,0,33546,41041,0,0,0,0,21,0,0,0,0,PMXC6,NS,CR,B,RT,REP1,T12,39,NSCRRTB
PMXC6.NS.CR.B.RT.REP2.T12,0,0,69059,0,0,3,0,0,0,0,0,24372,3817,18623,1085,0,34859,41460,0,0,0,0,10,0,0,0,0,PMXC6,NS,CR,B,RT,REP2,T12,39,NSCRRTB
PMXC6.NS.CR.B.RT.REP3.T12,0,0,72167,0,0,0,0,0,0,0,0,19444,3209,16523,1598,0,29935,45653,0,0,0,0,7,0,0,0,0,PMXC6,NS,CR,B,RT,REP3,T12,39,NSCRRTB
PMXC6.NS.CR.B.VT.REP1.T12,1864,11258,31622,0,11663,0,0,0,0,284,0,31133,3869,11933,1407,0,46571,34457,0,0,2596,0,13,0,0,17,0,PMXC6,NS,CR,B,VT,REP1,T12,39,NSCRVTB
PMXC6.NS.CR.B.VT.REP2.T12,245,5894,19049,189,7151,1090,618,0,0,597,0,26215,3531,12916,1204,3,40665,29165,0,0,4284,0,21,0,0,928,208,PMXC6,NS,CR,B,VT,REP2,T12,39,NSCRVTB
PMXC6.NS.CR.B.VT.REP3.T12,69,7071,27030,360,6028,1626,208,0,0,408,0,28141,3628,13456,2449,114,50420,36132,0,0,2854,0,17,111,0,285,30,PMXC6,NS,CR,B,VT,REP3,T12,39,NSCRVTB
PMXC6.NS.CR.NB.RT.REP1.T12,0,0,64671,0,0,0,0,0,0,0,0,28034,4969,20932,1905,0,24655,54074,0,0,1856,0,35,0,0,0,0,PMXC6,NS,CR,NB,RT,REP1,T12,39,NSCRRTNB
PMXC6.NS.CR.NB.RT.REP2.T12,0,0,30130,0,0,0,0,0,0,0,0,8493,1624,9166,380,0,13533,19629,0,0,108,0,7,0,0,0,0,PMXC6,NS,CR,NB,RT,REP2,T12,39,NSCRRTNB
PMXC6.NS.CR.NB.RT.REP3.T12,0,8,62620,0,0,0,0,0,0,20,0,11770,1731,17394,610,0,24584,39453,0,0,257,0,3,0,0,0,0,PMXC6,NS,CR,NB,RT,REP3,T12,39,NSCRRTNB
PMXC6.NS.CR.NB.VT.REP1.T12,47,8678,23817,47,14525,1356,889,0,0,880,0,31096,6429,14106,1784,0,37153,35882,0,0,3406,0,6,0,0,0,0,PMXC6,NS,CR,NB,VT,REP1,T12,39,NSCRVTNB
PMXC6.NS.CR.NB.VT.REP2.T12,0,8086,26955,680,24489,0,0,0,0,1078,0,28936,5480,16820,1148,0,26801,33028,0,0,4347,0,39,0,0,0,0,PMXC6,NS,CR,NB,VT,REP2,T12,39,NSCRVTNB
PMXC6.NS.CR.NB.VT.REP3.T12,0,4544,19970,3306,9434,1928,1354,0,0,609,0,31430,6551,22984,1213,3,54275,28932,0,0,3714,0,23,0,0,0,0,PMXC6,NS,CR,NB,VT,REP3,T12,39,NSCRVTNB
PMXC6.NS.R2A.B.RT.REP1.T12,0,2492,60424,0,1220,0,0,0,0,265,0,19916,24459,40294,142,0,11807,1515,0,0,0,0,2,0,0,0,0,PMXC6,NS,R2A,B,RT,REP1,T12,39,NSR2ARTB
PMXC6.NS.R2A.B.RT.REP2.T12,0,2411,71559,0,1507,0,0,0,0,252,0,24021,28012,44048,108,0,13276,1841,0,0,0,0,3,0,0,0,0,PMXC6,NS,R2A,B,RT,REP2,T12,39,NSR2ARTB
PMXC6.NS.R2A.B.RT.REP3.T12,0,1640,57564,0,1481,0,0,0,0,458,0,21395,27406,38173,85,0,12390,2016,0,0,0,0,5,0,0,0,0,PMXC6,NS,R2A,B,RT,REP3,T12,39,NSR2ARTB
PMXC6.NS.R2A.B.VT.REP1.T12,491,2828,49265,0,21613,0,12436,0,0,1422,0,33661,11705,14646,1896,0,17798,3476,0,0,5020,0,9,0,0,0,0,PMXC6,NS,R2A,B,VT,REP1,T12,39,NSR2AVTB
PMXC6.NS.R2A.B.VT.REP2.T12,0,2664,51364,0,30239,0,0,0,0,837,0,28656,12342,21339,1958,3,17022,1944,0,0,0,0,11,0,0,0,0,PMXC6,NS,R2A,B,VT,REP2,T12,39,NSR2AVTB
PMXC6.NS.R2A.B.VT.REP3.T12,15,2938,63588,37,35539,0,0,0,0,2846,0,29480,10706,21752,1654,0,17241,3319,0,0,3914,0,0,0,0,0,0,PMXC6,NS,R2A,B,VT,REP3,T12,39,NSR2AVTB
PMXC6.NS.R2A.NB.RT.REP1.T12,0,2157,80294,0,1108,0,20,0,0,286,0,26984,37823,18974,92,0,17778,3330,0,0,0,0,15,0,0,0,0,PMXC6,NS,R2A,NB,RT,REP1,T12,39,NSR2ARTNB
PMXC6.NS.R2A.NB.RT.REP2.T12,6,2103,76937,0,2721,0,17,0,0,166,0,24599,29668,17079,77,0,15706,2322,0,0,0,0,44,0,0,0,0,PMXC6,NS,R2A,NB,RT,REP2,T12,39,NSR2ARTNB
PMXC6.NS.R2A.NB.RT.REP3.T12,0,2072,75734,0,5637,0,0,0,0,285,0,26121,35261,18063,76,0,13048,4107,0,0,0,0,13,0,0,0,0,PMXC6,NS,R2A,NB,RT,REP3,T12,39,NSR2ARTNB
PMXC6.NS.R2A.NB.VT.REP1.T12,0,2438,80026,0,1429,0,0,0,0,12,0,19307,16854,7723,616,2,24325,1671,0,0,0,0,29,0,0,0,0,PMXC6,NS,R2A,NB,VT,REP1,T12,39,NSR2AVTNB
PMXC6.NS.R2A.NB.VT.REP2.T12,0,2672,81724,0,1071,0,0,0,0,0,0,34874,18099,9291,674,48,19979,2779,0,0,0,0,403,0,0,0,0,PMXC6,NS,R2A,NB,VT,REP2,T12,39,NSR2AVTNB
PMXC6.NS.R2A.NB.VT.REP3.T12,0,406,41962,0,213,0,0,0,0,206,0,14116,16357,8098,1085,0,28509,2991,0,0,0,0,3,0,0,0,0,PMXC6,NS,R2A,NB,VT,REP3,T12,39,NSR2AVTNB
PMXC6.S.CR.B.RT.REP1.T12,6111,0,21980,2220,4623,1593,8096,2,0,28,0,12175,1920,18245,7219,131,54346,10975,0,0,2256,0,21,525,0,3262,17,PMXC6,S,CR,B,RT,REP1,T12,39,SCRRTB
PMXC6.S.CR.B.RT.REP2.T12,3297,613,29051,3076,4087,1529,8105,0,1910,67,0,19329,3468,28781,6236,274,61422,14648,0,0,4120,0,76,838,0,4161,490,PMXC6,S,CR,B,RT,REP2,T12,39,SCRRTB
PMXC6.S.CR.B.RT.REP3.T12,3506,741,27866,2954,2286,1026,8571,0,2001,21,0,18302,3622,30819,8244,354,70006,15008,0,0,2630,0,81,894,0,4518,795,PMXC6,S,CR,B,RT,REP3,T12,39,SCRRTB
PMXC6.S.CR.B.VT.REP1.T12,32086,7381,6799,1279,3341,1860,2838,0,1185,137,0,15786,1370,7112,2761,2208,56246,7653,0,0,1726,0,289,6952,0,2043,359,PMXC6,S,CR,B,VT,REP1,T12,39,SCRVTB
PMXC6.S.CR.B.VT.REP2.T12,31751,7511,5897,1714,3739,1388,3166,0,925,216,0,17551,2510,11174,3312,3809,52291,7503,0,0,3335,0,155,5637,0,3835,669,PMXC6,S,CR,B,VT,REP2,T12,39,SCRVTB
PMXC6.S.CR.B.VT.REP3.T12,28469,9423,5496,2481,5009,1941,3969,0,1377,167,0,17617,1830,9520,3308,2743,54342,7913,0,0,2620,0,251,7148,0,2243,683,PMXC6,S,CR,B,VT,REP3,T12,39,SCRVTB
PMXC6.S.CR.NB.RT.REP1.T12,9,2278,42404,768,4370,1275,9032,0,0,50,0,18533,3371,21057,8581,3,52591,29056,0,0,4102,0,149,2839,0,1046,11,PMXC6,S,CR,NB,RT,REP1,T12,39,SCRRTNB
PMXC6.S.CR.NB.RT.REP2.T12,0,3477,37860,1341,4653,1142,9962,0,982,52,0,21849,4194,21224,7924,0,50006,26717,0,0,5189,0,52,996,0,1287,750,PMXC6,S,CR,NB,RT,REP2,T12,39,SCRRTNB
PMXC6.S.CR.NB.RT.REP3.T12,0,13,24774,610,4453,805,6312,0,0,7,0,10174,2267,16037,4420,7,31185,19818,0,0,1960,0,22,354,0,560,36,PMXC6,S,CR,NB,RT,REP3,T12,39,SCRRTNB
PMXC6.S.CR.NB.VT.REP1.T12,378,399,26275,1846,7780,1334,4151,0,0,129,0,23646,3538,25750,10656,2137,48090,18568,0,0,3752,0,142,3421,0,1320,0,PMXC6,S,CR,NB,VT,REP1,T12,39,SCRVTNB
PMXC6.S.CR.NB.VT.REP2.T12,11,708,10413,1189,2344,440,1808,0,0,39,0,10394,1779,11138,4453,996,21810,8251,0,0,1597,0,39,1005,0,392,0,PMXC6,S,CR,NB,VT,REP2,T12,39,SCRVTNB
PMXC6.S.CR.NB.VT.REP3.T12,21,1081,31192,2229,5180,1304,4412,0,675,94,0,22303,3556,25449,8795,2576,55194,23033,0,0,4696,0,116,1586,0,676,1587,PMXC6,S,CR,NB,VT,REP3,T12,39,SCRVTNB
PMXC6.S.R2A.B.RT.REP1.T12,17,261,40465,0,14015,3683,3343,0,0,565,0,14578,22603,45422,934,10,5637,1476,0,0,1385,0,574,0,0,0,0,PMXC6,S,R2A,B,RT,REP1,T12,39,SR2ARTB
PMXC6.S.R2A.B.RT.REP2.T12,11,651,50325,0,10280,3090,8869,0,0,762,0,18874,32625,54329,1289,3,5461,1405,0,0,1956,0,229,0,0,4,0,PMXC6,S,R2A,B,RT,REP2,T12,39,SR2ARTB
PMXC6.S.R2A.B.RT.REP3.T12,63,567,44281,0,7453,1848,5242,0,0,658,0,15519,20393,32155,3032,6,4194,1750,0,0,975,0,86,0,0,0,0,PMXC6,S,R2A,B,RT,REP3,T12,39,SR2ARTB
PMXC6.S.R2A.B.VT.REP1.T12,0,0,16133,0,12278,0,7033,0,0,105,0,41094,4186,26653,4090,2097,61878,1269,0,28,5342,0,70,0,0,0,8,PMXC6,S,R2A,B,VT,REP1,T12,39,SR2AVTB
PMXC6.S.R2A.B.VT.REP2.T12,0,0,5166,0,6414,0,4424,0,0,17,0,9084,1035,5918,6557,650,83644,82,0,26,990,0,284,0,0,4,8,PMXC6,S,R2A,B,VT,REP2,T12,39,SR2AVTB
PMXC6.S.R2A.B.VT.REP3.T12,0,0,83,0,3904,0,4250,0,0,34,0,466,531,13931,21370,790,162013,0,0,0,388,0,9,0,0,0,0,PMXC6,S,R2A,B,VT,REP3,T12,39,SR2AVTB
PMXC6.S.R2A.NB.RT.REP1.T12,0,0,80099,0,8584,0,0,0,0,91,0,11317,27881,11443,6545,96,45909,8123,0,0,78,0,744,0,0,0,0,PMXC6,S,R2A,NB,RT,REP1,T12,39,SR2ARTNB
PMXC6.S.R2A.NB.RT.REP2.T12,0,0,74645,0,7529,0,0,0,0,119,0,10804,26766,9852,6859,3,45646,5578,0,0,74,0,37,0,0,0,0,PMXC6,S,R2A,NB,RT,REP2,T12,39,SR2ARTNB
PMXC6.S.R2A.NB.RT.REP3.T12,0,0,42029,0,4193,0,0,0,0,66,0,7808,16630,5995,2594,10,21808,4308,0,0,34,0,45,0,0,0,0,PMXC6,S,R2A,NB,RT,REP3,T12,39,SR2ARTNB
PMXC6.S.R2A.NB.VT.REP1.T12,0,0,96143,0,9892,0,0,0,0,27,0,29066,21921,7239,4457,12,29835,9753,0,0,830,0,115,0,0,0,0,PMXC6,S,R2A,NB,VT,REP1,T12,39,SR2AVTNB
PMXC6.S.R2A.NB.VT.REP2.T12,0,0,72931,0,14998,0,0,0,0,69,0,10586,18109,6409,4989,50,43330,5168,0,0,1511,0,360,0,0,0,0,PMXC6,S,R2A,NB,VT,REP2,T12,39,SR2AVTNB
PMXC6.S.R2A.NB.VT.REP3.T12,0,0,59881,0,37673,0,0,0,0,274,0,17018,21602,7389,4781,0,33912,4538,0,0,2275,0,51,0,0,0,0,PMXC6,S,R2A,NB,VT,REP3,T12,39,SR2AVTNB
PMXC6.NS.CR.B.RT.REP1.T2,496,0,3265,0,0,0,0,0,7,0,0,9595,2652,555,6830,14,7249,256,0,0,32,0,15,21,0,256,0,PMXC6,NS,CR,B,RT,REP1,T2,9,NSCRRTB
PMXC6.NS.CR.B.RT.REP2.T2,5681,431,41708,147,0,0,0,0,0,0,0,13636,5516,3589,11033,0,15566,3999,0,0,25,0,29,0,12,56,37,PMXC6,NS,CR,B,RT,REP2,T2,9,NSCRRTB
PMXC6.NS.CR.B.RT.REP3.T2,3116,203,22595,97,0,0,15,0,0,0,0,13465,3885,9502,29935,51,18687,1513,0,0,80,0,85,0,12,352,27,PMXC6,NS,CR,B,RT,REP3,T2,9,NSCRRTB
PMXC6.NS.CR.B.VT.REP1.T2,13,0,6,0,0,0,0,0,0,0,0,998,230,13,1438,11,944,13,0,0,0,0,10,40,0,109,23,PMXC6,NS,CR,B,VT,REP1,T2,9,NSCRVTB
PMXC6.NS.CR.B.VT.REP2.T2,617,1330,37311,735,5806,443,75,0,0,1574,0,13635,2235,17598,10546,109,65102,11181,0,0,181,0,169,44,45,541,546,PMXC6,NS,CR,B,VT,REP2,T2,9,NSCRVTB
PMXC6.NS.CR.B.VT.REP3.T2,877,300,15029,283,1451,201,19,0,0,882,0,8321,2047,8476,11298,40,48199,4082,0,0,197,0,77,0,0,439,289,PMXC6,NS,CR,B,VT,REP3,T2,9,NSCRVTB
PMXC6.NS.CR.NB.RT.REP1.T2,1377,2957,76793,980,54,21,74,27,0,6,17,12586,3338,13065,3974,28,32611,40098,0,0,79,5,88,24,9,22,133,PMXC6,NS,CR,NB,RT,REP1,T2,9,NSCRRTNB
PMXC6.NS.CR.NB.RT.REP2.T2,4052,4366,89570,1141,68,37,123,16,0,16,48,12282,2769,14344,3982,25,35042,44616,30,0,117,7,91,28,0,33,185,PMXC6,NS,CR,NB,RT,REP2,T2,9,NSCRRTNB
PMXC6.NS.CR.NB.RT.REP3.T2,3021,4418,79674,1179,100,29,121,18,9,10,9,10342,2866,15108,3459,12,30963,41101,0,0,76,0,54,47,25,83,161,PMXC6,NS,CR,NB,RT,REP3,T2,9,NSCRRTNB
PMXC6.NS.CR.NB.VT.REP1.T2,750,600,39936,399,4935,698,162,3,0,465,0,8880,1580,9501,5798,13,39109,26704,0,0,243,0,38,3,0,53,141,PMXC6,NS,CR,NB,VT,REP1,T2,9,NSCRVTNB
PMXC6.NS.CR.NB.VT.REP2.T2,411,1902,51927,876,3493,755,112,0,0,1229,0,11911,2301,17187,4541,77,44392,33618,0,0,280,0,198,18,5,45,193,PMXC6,NS,CR,NB,VT,REP2,T2,9,NSCRVTNB
PMXC6.NS.CR.NB.VT.REP3.T2,1452,1387,35853,972,8041,596,158,0,0,692,0,9379,1769,14419,2042,0,21650,26968,0,0,173,6,10,0,0,20,225,PMXC6,NS,CR,NB,VT,REP3,T2,9,NSCRVTNB
PMXC6.NS.R2A.B.RT.REP1.T2,4163,2063,91830,194,1557,263,353,84,17,6,51,12918,12868,12257,2440,22,17841,1880,34,119,5,0,275,31,47,17,228,PMXC6,NS,R2A,B,RT,REP1,T2,9,NSR2ARTB
PMXC6.NS.R2A.B.RT.REP2.T2,6847,2631,99843,152,455,157,121,53,29,16,0,18200,16125,10871,2138,56,36758,2529,14,174,27,18,259,49,26,17,302,PMXC6,NS,R2A,B,RT,REP2,T2,9,NSR2ARTB
PMXC6.NS.R2A.B.RT.REP3.T2,5145,2639,101663,186,554,128,132,117,23,15,21,15677,12190,14939,2335,18,28786,2656,21,121,0,4,152,38,9,14,189,PMXC6,NS,R2A,B,RT,REP3,T2,9,NSR2ARTB
PMXC6.NS.R2A.B.VT.REP1.T2,343,585,9830,95,662,7,12,13,9,118,0,3330,1403,4059,722,38,3257,736,0,0,0,0,293,0,0,5,242,PMXC6,NS,R2A,B,VT,REP1,T2,9,NSR2AVTB
PMXC6.NS.R2A.B.VT.REP2.T2,383,545,17842,167,6065,213,55,15,27,100,15,3443,9000,11062,7937,32,99266,466,43,33,0,27,130,25,3,12,1848,PMXC6,NS,R2A,B,VT,REP2,T2,9,NSR2AVTB
PMXC6.NS.R2A.B.VT.REP3.T2,113,1790,1342,630,18,0,18,0,5,356,0,4435,9139,4985,27132,0,152536,476,0,0,0,0,7,42,0,11,321,PMXC6,NS,R2A,B,VT,REP3,T2,9,NSR2AVTB
PMXC6.NS.R2A.NB.RT.REP1.T2,9786,3161,104823,192,4391,541,196,70,144,16,60,20097,11457,3326,535,54,2365,5937,34,654,36,15,721,54,68,5,261,PMXC6,NS,R2A,NB,RT,REP1,T2,9,NSR2ARTNB
PMXC6.NS.R2A.NB.RT.REP2.T2,6053,1718,63563,125,2014,138,55,32,88,15,84,14644,7433,1925,247,10,1253,3260,10,288,14,8,110,14,22,10,147,PMXC6,NS,R2A,NB,RT,REP2,T2,9,NSR2ARTNB
PMXC6.NS.R2A.NB.RT.REP3.T2,11040,3247,99980,225,3563,438,177,97,214,21,66,24547,13956,3446,979,34,7090,7043,46,554,34,32,116,44,85,6,335,PMXC6,NS,R2A,NB,RT,REP3,T2,9,NSR2ARTNB
PMXC6.NS.R2A.NB.VT.REP1.T2,436,1338,81943,186,1751,252,43,72,68,29,29,13548,7473,3016,3051,22,48982,2516,43,72,4,10,220,110,19,11,489,PMXC6,NS,R2A,NB,VT,REP1,T2,9,NSR2AVTNB
PMXC6.NS.R2A.NB.VT.REP2.T2,372,2025,86151,348,2268,430,74,104,147,15,51,15013,7373,2631,2235,14,39216,3857,71,94,11,7,73,76,26,6,732,PMXC6,NS,R2A,NB,VT,REP2,T2,9,NSR2AVTNB
PMXC6.NS.R2A.NB.VT.REP3.T2,147,531,54219,197,94,66,14,9,17,46,0,7853,14791,1978,3578,34,77931,3765,20,26,5,0,410,90,0,19,715,PMXC6,NS,R2A,NB,VT,REP3,T2,9,NSR2AVTNB
PMXC6.S.CR.B.RT.REP1.T2,1302,0,210,1984,640,1639,7001,0,0,22,0,8651,4758,17856,24349,113,43098,700,43,0,745,0,110,165,0,1381,2266,PMXC6,S,CR,B,RT,REP1,T2,9,SCRRTB
PMXC6.S.CR.B.RT.REP2.T2,612,0,645,1798,258,2430,9181,0,0,13,0,6057,3757,16508,28710,35,53668,1433,99,0,545,0,6,265,0,703,2792,PMXC6,S,CR,B,RT,REP2,T2,9,SCRRTB
PMXC6.S.CR.B.RT.REP3.T2,1383,0,646,411,631,1888,5201,0,13,21,0,30977,11492,32913,25938,406,62335,721,22,0,3502,0,65,1138,0,6149,1631,PMXC6,S,CR,B,RT,REP3,T2,9,SCRRTB
PMXC6.S.CR.B.VT.REP1.T2,1089,54,2096,3811,2810,602,2017,0,18,38,0,5864,1016,15330,14154,296,28704,979,312,0,166,0,41,446,20,151,1586,PMXC6,S,CR,B,VT,REP1,T2,9,SCRVTB
PMXC6.S.CR.B.VT.REP2.T2,762,87,2246,6107,3731,2173,4701,8,110,166,0,2290,523,8471,14483,339,24435,2225,327,0,212,0,50,581,205,40,1106,PMXC6,S,CR,B,VT,REP2,T2,9,SCRVTB
PMXC6.S.CR.B.VT.REP3.T2,1606,194,3907,9352,14650,4758,15356,0,52,410,0,8850,1816,25849,25555,587,86022,5476,493,0,763,0,233,1709,355,274,2698,PMXC6,S,CR,B,VT,REP3,T2,9,SCRVTB
PMXC6.S.CR.NB.RT.REP1.T2,764,32,20515,905,2641,3390,18194,5,76,284,0,7278,3247,15905,15927,207,27363,16271,90,0,1405,0,119,912,0,303,937,PMXC6,S,CR,NB,RT,REP1,T2,9,SCRRTNB
PMXC6.S.CR.NB.RT.REP2.T2,835,32,23313,1106,3604,4739,24863,3,71,217,0,6472,4421,18511,25778,248,30018,19725,192,0,1675,0,481,1637,0,480,1291,PMXC6,S,CR,NB,RT,REP2,T2,9,SCRRTNB
PMXC6.S.CR.NB.RT.REP3.T2,821,91,30259,1091,4176,4234,22182,7,227,310,0,9381,2491,19609,12544,156,25018,25741,80,0,1435,0,355,1425,12,241,710,PMXC6,S,CR,NB,RT,REP3,T2,9,SCRRTNB
PMXC6.S.CR.NB.VT.REP1.T2,329,295,21401,4459,15862,4033,9391,0,64,397,0,9626,2548,31251,12946,350,38399,22609,112,0,1602,0,145,1538,354,82,1354,PMXC6,S,CR,NB,VT,REP1,T2,9,SCRVTNB
PMXC6.S.CR.NB.VT.REP2.T2,165,351,13973,3523,9947,2044,7522,0,318,319,0,6930,1460,13500,8135,310,23166,16308,156,0,1129,0,54,1061,387,42,639,PMXC6,S,CR,NB,VT,REP2,T2,9,SCRVTNB
PMXC6.S.CR.NB.VT.REP3.T2,184,247,20287,3587,14357,2590,10342,0,420,398,0,8706,2089,23497,9278,417,31607,24219,131,0,1171,0,132,1242,232,68,1121,PMXC6,S,CR,NB,VT,REP3,T2,9,SCRVTNB
PMXC6.S.R2A.B.RT.REP1.T2,3074,47,1461,134,11185,4230,20407,0,0,331,0,456,5438,3023,12359,0,94767,213,0,6,90,0,13,8,0,104,1112,PMXC6,S,R2A,B,RT,REP1,T2,9,SR2ARTB
PMXC6.S.R2A.B.RT.REP2.T2,4549,252,31573,111,2297,4287,11144,7,0,201,0,2078,7583,6161,6362,5,70354,718,19,10,153,0,214,5,0,10,562,PMXC6,S,R2A,B,RT,REP2,T2,9,SR2ARTB
PMXC6.S.R2A.B.RT.REP3.T2,4339,96,2060,118,2071,1936,11654,2,0,99,0,704,4648,4393,4764,3,48283,302,0,0,67,0,0,8,0,11,595,PMXC6,S,R2A,B,RT,REP3,T2,9,SR2ARTB
PMXC6.S.R2A.B.VT.REP1.T2,121,777,3824,477,9013,8520,499,5,0,48,0,883,10737,7825,13860,31,126014,333,6,7,82,0,62,56,8,73,950,PMXC6,S,R2A,B,VT,REP1,T2,9,SR2AVTB
PMXC6.S.R2A.B.VT.REP2.T2,334,182,5258,144,2430,175,919,0,0,113,0,1512,5268,3758,20557,52,144934,333,0,0,982,0,16,64,0,157,464,PMXC6,S,R2A,B,VT,REP2,T2,9,SR2AVTB
PMXC6.S.R2A.B.VT.REP3.T2,689,278,1373,107,18219,609,2654,0,0,36,0,759,4763,3503,9839,6,126890,104,7,9,310,0,2,56,0,92,252,PMXC6,S,R2A,B,VT,REP3,T2,9,SR2AVTB
PMXC6.S.R2A.NB.RT.REP1.T2,1809,310,35904,165,3359,1355,150,30,43,45,0,2506,18616,10778,12359,7,58832,2364,0,6,54,0,84,45,15,2,503,PMXC6,S,R2A,NB,RT,REP1,T2,9,SR2ARTNB
PMXC6.S.R2A.NB.RT.REP2.T2,1628,157,27133,118,2363,1830,557,16,21,50,13,2884,29774,8951,22666,15,91782,885,0,11,88,4,50,86,10,10,942,PMXC6,S,R2A,NB,RT,REP2,T2,9,SR2ARTNB
PMXC6.S.R2A.NB.RT.REP3.T2,4681,581,71337,210,6293,1762,191,43,244,56,12,14614,15361,7022,12604,226,48785,5171,49,9,412,0,523,120,15,25,953,PMXC6,S,R2A,NB,RT,REP3,T2,9,SR2ARTNB
PMXC6.S.R2A.NB.VT.REP1.T2,59,0,2596,27,883,44,26,0,0,26,0,1851,24600,4025,9031,17,106535,520,9,0,121,11,16,123,7,41,765,PMXC6,S,R2A,NB,VT,REP1,T2,9,SR2AVTNB
PMXC6.S.R2A.NB.VT.REP2.T2,10,0,519,37,354,55,39,25,3,0,0,1242,42455,9108,17172,48,111461,348,0,0,565,0,22,204,0,30,1677,PMXC6,S,R2A,NB,VT,REP2,T2,9,SR2AVTNB
PMXC6.S.R2A.NB.VT.REP3.T2,0,0,822,8,304,15,15,0,0,22,25,155,3751,2572,10471,58,79227,39,0,0,384,3,16,101,0,75,236,PMXC6,S,R2A,NB,VT,REP3,T2,9,SR2AVTNB
PMXC6.NS.CR.B.RT.REP1.T3,6169,1130,49501,586,0,0,0,2,0,0,2,11424,1683,2001,4340,3,31940,21487,0,0,7,0,10,0,0,3,35,PMXC6,NS,CR,B,RT,REP1,T3,12,NSCRRTB
PMXC6.NS.CR.B.RT.REP2.T3,5409,1601,60081,352,0,0,0,0,0,0,0,13911,1944,3053,4817,31,19951,19650,0,0,0,0,96,0,0,4,100,PMXC6,NS,CR,B,RT,REP2,T3,12,NSCRRTB
PMXC6.NS.CR.B.RT.REP3.T3,5830,1057,53918,956,9,0,15,2,0,0,0,15253,2631,3128,5672,23,41566,22985,0,0,34,0,72,0,0,8,47,PMXC6,NS,CR,B,RT,REP3,T3,12,NSCRRTB
PMXC6.NS.CR.B.VT.REP1.T3,8353,57,15629,40,20,0,0,0,0,26,0,5988,1154,6238,9107,49,46750,8336,0,0,124,0,63,9,0,113,42,PMXC6,NS,CR,B,VT,REP1,T3,12,NSCRVTB
PMXC6.NS.CR.B.VT.REP2.T3,2022,879,33604,676,8501,496,19,0,0,370,0,8632,948,9126,1394,27,24310,22293,0,0,254,0,52,0,0,11,31,PMXC6,NS,CR,B,VT,REP2,T3,12,NSCRVTB
PMXC6.NS.CR.B.VT.REP3.T3,1831,1755,22702,746,11862,1420,192,2,0,3570,0,7274,1181,14883,1786,65,48057,26002,0,0,421,0,45,65,0,369,174,PMXC6,NS,CR,B,VT,REP3,T3,12,NSCRVTB
PMXC6.NS.CR.NB.RT.REP1.T3,903,1277,70274,342,0,0,9,0,0,0,0,15911,3519,8723,4219,5,26852,39767,0,0,26,0,20,0,31,5,69,PMXC6,NS,CR,NB,RT,REP1,T3,12,NSCRRTNB
PMXC6.NS.CR.NB.RT.REP2.T3,1428,981,40687,178,0,0,0,0,0,0,0,10051,2026,4832,2158,0,15553,22774,0,0,25,0,33,0,0,0,31,PMXC6,NS,CR,NB,RT,REP2,T3,12,NSCRRTNB
PMXC6.NS.CR.NB.RT.REP3.T3,1000,1520,62257,350,13,0,21,5,0,0,0,13634,2971,7205,3413,29,26983,39011,0,0,15,0,253,11,5,10,92,PMXC6,NS,CR,NB,RT,REP3,T3,12,NSCRRTNB
PMXC6.NS.CR.NB.VT.REP1.T3,1712,240,47850,246,6269,712,99,0,0,209,0,8017,1052,9024,3916,39,38735,40004,0,0,239,0,336,0,0,6,21,PMXC6,NS,CR,NB,VT,REP1,T3,12,NSCRVTNB
PMXC6.NS.CR.NB.VT.REP2.T3,589,350,39603,557,3114,308,8,0,0,161,0,17339,3079,16844,2783,2,40039,31973,0,0,814,0,31,0,0,8,37,PMXC6,NS,CR,NB,VT,REP2,T3,12,NSCRVTNB
PMXC6.NS.CR.NB.VT.REP3.T3,2184,1358,51350,1206,12716,2114,617,0,0,318,0,16239,2498,19780,1721,5,40833,48793,0,0,1055,0,58,9,0,5,52,PMXC6,NS,CR,NB,VT,REP3,T3,12,NSCRVTNB
PMXC6.NS.R2A.B.RT.REP1.T3,809,846,33322,40,711,29,107,5,0,10,0,8399,7459,5649,744,0,6227,711,0,14,3,0,16,0,0,0,29,PMXC6,NS,R2A,B,RT,REP1,T3,12,NSR2ARTB
PMXC6.NS.R2A.B.RT.REP2.T3,3164,2610,85692,79,726,12,16,11,5,12,0,22450,18050,10934,1520,10,14012,2111,0,37,4,0,42,11,0,0,90,PMXC6,NS,R2A,B,RT,REP2,T3,12,NSR2ARTB
PMXC6.NS.R2A.B.RT.REP3.T3,2197,2263,69267,75,785,38,40,0,8,7,0,18905,12892,8601,1161,0,8014,2601,4,24,4,0,44,0,0,0,65,PMXC6,NS,R2A,B,RT,REP3,T3,12,NSR2ARTB
PMXC6.NS.R2A.B.VT.REP1.T3,894,998,34182,89,5597,52,407,0,5,388,0,6528,4250,7489,2343,25,21333,1724,0,0,10,0,73,0,3,0,397,PMXC6,NS,R2A,B,VT,REP1,T3,12,NSR2AVTB
PMXC6.NS.R2A.B.VT.REP2.T3,458,1260,46895,101,5320,24,0,8,0,395,0,8201,10120,10114,3303,0,42890,1733,0,0,0,0,177,0,0,0,449,PMXC6,NS,R2A,B,VT,REP2,T3,12,NSR2AVTB
PMXC6.NS.R2A.B.VT.REP3.T3,0,1071,1056,140,0,0,0,0,0,76,0,3671,11491,1507,9143,6,86731,264,0,0,0,0,17,0,0,0,41,PMXC6,NS,R2A,B,VT,REP3,T3,12,NSR2AVTB
PMXC6.NS.R2A.NB.RT.REP1.T3,4888,4903,99499,70,3865,124,44,19,45,0,14,20681,12245,5716,368,9,3480,5907,6,229,4,5,15,14,21,3,61,PMXC6,NS,R2A,NB,RT,REP1,T3,12,NSR2ARTNB
PMXC6.NS.R2A.NB.RT.REP2.T3,4212,2612,69981,61,2166,56,36,7,36,0,15,17576,9832,3631,192,3,455,3077,9,156,5,0,168,0,16,0,57,PMXC6,NS,R2A,NB,RT,REP2,T3,12,NSR2ARTNB
PMXC6.NS.R2A.NB.RT.REP3.T3,4005,2600,62839,81,2576,142,42,18,44,0,21,17760,10874,4501,407,11,1467,3946,7,139,0,4,11,12,0,5,69,PMXC6,NS,R2A,NB,RT,REP3,T3,12,NSR2ARTNB
PMXC6.NS.R2A.NB.VT.REP1.T3,109,2993,76448,179,1178,74,6,18,31,0,0,11879,6480,3576,1338,7,35540,4995,17,29,2,0,97,9,5,0,221,PMXC6,NS,R2A,NB,VT,REP1,T3,12,NSR2AVTNB
PMXC6.NS.R2A.NB.VT.REP2.T3,87,2946,87848,212,1201,76,14,15,37,0,0,13910,6644,2526,1558,80,39305,4040,28,25,0,5,2482,7,6,0,336,PMXC6,NS,R2A,NB,VT,REP2,T3,12,NSR2AVTNB
PMXC6.NS.R2A.NB.VT.REP3.T3,36,1233,61981,110,165,0,0,0,0,178,0,6629,18754,4631,6015,159,74525,4567,0,0,0,0,2434,0,4,4,205,PMXC6,NS,R2A,NB,VT,REP3,T3,12,NSR2AVTNB
PMXC6.S.CR.B.RT.REP1.T3,2021,0,15488,4765,2908,2886,20376,0,18,90,0,11277,2168,22709,15161,31,57643,11209,221,0,539,0,8,344,0,234,1065,PMXC6,S,CR,B,RT,REP1,T3,12,SCRRTB
PMXC6.S.CR.B.RT.REP2.T3,1392,0,23232,6066,8086,4601,28173,0,672,289,0,6961,1693,27719,11469,98,39774,21397,418,0,833,0,76,384,0,274,645,PMXC6,S,CR,B,RT,REP2,T3,12,SCRRTB
PMXC6.S.CR.B.RT.REP3.T3,1485,0,22703,5147,7049,3411,32426,0,452,234,0,8133,1783,35756,13313,168,51579,20081,281,0,1247,0,90,573,0,278,820,PMXC6,S,CR,B,RT,REP3,T3,12,SCRRTB
PMXC6.S.CR.B.VT.REP1.T3,191,11,691,1784,1056,559,1192,0,7,13,0,1866,338,4187,5935,49,10279,491,20,0,64,0,11,102,2,68,576,PMXC6,S,CR,B,VT,REP1,T3,12,SCRVTB
PMXC6.S.CR.B.VT.REP2.T3,274,77,1923,4348,3389,1133,4233,0,71,84,0,1982,402,6584,6148,108,16608,1284,155,0,183,0,30,398,0,88,564,PMXC6,S,CR,B,VT,REP2,T3,12,SCRVTB
PMXC6.S.CR.B.VT.REP3.T3,697,526,12429,8112,9219,3269,12101,0,265,557,0,7536,1295,18506,11033,682,29882,8551,263,0,1029,0,94,672,100,69,921,PMXC6,S,CR,B,VT,REP3,T3,12,SCRVTB
PMXC6.S.CR.NB.RT.REP1.T3,366,27,32154,1862,5078,4609,29226,0,169,424,0,7164,1629,25548,8267,246,30600,33700,51,0,1350,0,294,1498,0,24,422,PMXC6,S,CR,NB,RT,REP1,T3,12,SCRRTNB
PMXC6.S.CR.NB.RT.REP2.T3,181,14,20397,2152,2865,3201,21008,0,232,203,0,7345,2201,23071,8619,164,23667,22378,67,0,1349,0,303,1573,0,60,413,PMXC6,S,CR,NB,RT,REP2,T3,12,SCRRTNB
PMXC6.S.CR.NB.RT.REP3.T3,258,23,24145,1924,3554,3465,20909,0,457,224,0,7923,1811,23406,8146,245,20922,28584,76,0,1706,0,383,1361,0,99,429,PMXC6,S,CR,NB,RT,REP3,T3,12,SCRRTNB
PMXC6.S.CR.NB.VT.REP1.T3,194,360,14859,8004,10559,1911,7627,0,210,205,0,15062,2759,34313,10854,626,18279,20183,16,0,967,0,35,912,70,63,850,PMXC6,S,CR,NB,VT,REP1,T3,12,SCRVTNB
PMXC6.S.CR.NB.VT.REP2.T3,42,387,13505,5881,8940,1521,7875,0,178,389,0,9218,1973,18725,8087,235,17008,19252,47,0,959,0,20,696,136,2,760,PMXC6,S,CR,NB,VT,REP2,T3,12,SCRVTNB
PMXC6.S.CR.NB.VT.REP3.T3.RS,14,38,3974,705,288280,42078,236812,0,51,55,0,1440,457,3472,1003,88,7604,4059,0,0,205,0,1152,17472,1495,5,157,PMXC6,S,CR,NB,VT,REP3,T3,12,SCRVTNB
PMXC6.S.R2A.B.RT.REP1.T3,1082,348,2791,113,25996,6240,22495,0,0,466,0,945,6218,10561,22104,0,81434,550,0,0,347,0,46,33,0,0,571,PMXC6,S,R2A,B,RT,REP1,T3,12,SR2ARTB
PMXC6.S.R2A.B.RT.REP2.T3,197,26,615,0,947,874,7579,0,0,78,0,386,2214,979,2863,0,42006,115,0,0,59,0,3,0,0,0,110,PMXC6,S,R2A,B,RT,REP2,T3,12,SR2ARTB
PMXC6.S.R2A.B.RT.REP3.T3,567,258,1805,28,8991,2708,10246,0,0,96,0,389,4761,3704,7198,0,54880,144,0,0,76,0,0,0,0,11,328,PMXC6,S,R2A,B,RT,REP3,T3,12,SR2ARTB
PMXC6.S.R2A.B.VT.REP1.T3,41,442,1073,34,2789,628,470,0,0,29,0,1312,4060,3442,12330,12,109119,102,0,0,416,0,22,5,0,5,180,PMXC6,S,R2A,B,VT,REP1,T3,12,SR2AVTB
PMXC6.S.R2A.B.VT.REP2.T3,207,472,2528,29,8916,218,3983,0,0,51,0,1770,4178,3479,14302,52,95403,78,0,0,343,0,45,0,0,45,288,PMXC6,S,R2A,B,VT,REP2,T3,12,SR2AVTB
PMXC6.S.R2A.B.VT.REP3.T3,264,481,1524,49,4206,13,1246,0,0,41,0,1517,5774,2578,10270,30,96507,283,0,0,450,0,2,0,0,0,154,PMXC6,S,R2A,B,VT,REP3,T3,12,SR2AVTB
PMXC6.S.R2A.NB.RT.REP1.T3,917,162,47850,23,5619,702,0,5,10,21,0,2147,22501,5652,11295,119,53940,1499,0,20,9,0,1362,25,0,0,122,PMXC6,S,R2A,NB,RT,REP1,T3,12,SR2ARTNB
PMXC6.S.R2A.NB.RT.REP2.T3,342,30,35051,24,4375,528,0,6,5,43,0,1245,10848,6280,12304,20,81805,601,0,16,86,0,264,15,0,14,104,PMXC6,S,R2A,NB,RT,REP2,T3,12,SR2ARTNB
PMXC6.S.R2A.NB.RT.REP3.T3,932,78,56630,39,3833,335,25,3,30,11,0,3094,16591,6781,10177,0,47495,2453,0,0,44,0,168,14,0,5,91,PMXC6,S,R2A,NB,RT,REP3,T3,12,SR2ARTNB
PMXC6.S.R2A.NB.VT.REP1.T3,25,20,19833,16,2166,0,0,0,0,16,0,1508,13078,3166,7823,0,37877,976,0,0,79,0,15,33,0,0,128,PMXC6,S,R2A,NB,VT,REP1,T3,12,SR2AVTNB
PMXC6.S.R2A.NB.VT.REP2.T3,9,14,1625,0,934,0,0,0,0,8,0,1183,13387,3588,10836,0,45981,218,0,8,324,0,10,38,0,7,151,PMXC6,S,R2A,NB,VT,REP2,T3,12,SR2AVTNB
PMXC6.S.R2A.NB.VT.REP3.T3,11,7,3588,0,499,0,0,0,0,10,0,1258,5034,3561,4624,29,62955,129,0,0,345,0,43,24,0,21,58,PMXC6,S,R2A,NB,VT,REP3,T3,12,SR2AVTNB
PMXC6.NS.CR.B.RT.REP1.T4,11315,1053,85717,349,0,0,0,0,0,0,0,12227,2266,2799,3922,9,21429,38534,0,0,0,0,81,0,0,0,17,PMXC6,NS,CR,B,RT,REP1,T4,15,NSCRRTB
PMXC6.NS.CR.B.RT.REP2.T4,5664,657,53176,176,0,0,0,0,0,0,0,11296,1717,2966,3155,3,23383,19254,0,0,0,0,21,0,0,0,9,PMXC6,NS,CR,B,RT,REP2,T4,15,NSCRRTB
PMXC6.NS.CR.B.RT.REP3.T4,7409,769,69437,334,0,0,0,0,0,0,0,15420,2623,4735,4335,22,16808,27112,0,0,0,0,556,4,0,0,7,PMXC6,NS,CR,B,RT,REP3,T4,15,NSCRRTB
PMXC6.NS.CR.B.VT.REP1.T4,9575,38,39844,21,226,0,0,0,0,25,0,17910,1903,15441,12367,180,59532,20025,0,0,520,0,1029,0,0,14,38,PMXC6,NS,CR,B,VT,REP1,T4,15,NSCRVTB
PMXC6.NS.CR.B.VT.REP2.T4,3304,1576,54983,628,13114,1515,30,0,0,322,0,12990,1292,15633,2044,3,37705,36293,0,0,592,0,10,0,0,15,0,PMXC6,NS,CR,B,VT,REP2,T4,15,NSCRVTB
PMXC6.NS.CR.B.VT.REP3.T4,954,2874,20568,486,8176,849,821,0,0,3411,0,21379,2725,16157,1543,412,40779,25983,0,0,1473,0,272,309,0,916,128,PMXC6,NS,CR,B,VT,REP3,T4,15,NSCRVTB
PMXC6.NS.CR.NB.RT.REP1.T4,629,1005,79758,184,0,0,0,0,0,0,0,12093,2295,7808,3639,15,27306,47814,0,0,26,0,90,0,0,4,12,PMXC6,NS,CR,NB,RT,REP1,T4,15,NSCRRTNB
PMXC6.NS.CR.NB.RT.REP2.T4,1640,936,69709,144,0,0,0,0,0,0,0,11724,2241,7914,3012,4,28240,40507,0,0,8,0,46,0,0,10,4,PMXC6,NS,CR,NB,RT,REP2,T4,15,NSCRRTNB
PMXC6.NS.CR.NB.RT.REP3.T4,923,1280,80327,172,0,0,0,0,0,0,0,10090,1811,7293,3864,11,33092,48306,0,0,6,0,55,0,0,2,17,PMXC6,NS,CR,NB,RT,REP3,T4,15,NSCRRTNB
PMXC6.NS.CR.NB.VT.REP1.T4,2419,112,53830,140,6955,960,792,0,0,221,0,11445,1765,9829,5726,0,48466,38575,0,0,478,0,17,0,0,13,0,PMXC6,NS,CR,NB,VT,REP1,T4,15,NSCRVTNB
PMXC6.NS.CR.NB.VT.REP2.T4,340,162,37309,221,58,57,0,0,0,71,0,15544,1821,11699,1807,0,28289,33939,0,0,850,0,8,0,0,6,0,PMXC6,NS,CR,NB,VT,REP2,T4,15,NSCRVTNB
PMXC6.NS.CR.NB.VT.REP3.T4,640,2630,49171,1076,25858,1841,4098,0,0,236,0,11642,1803,15539,1483,0,33346,50476,0,0,897,0,11,0,0,6,6,PMXC6,NS,CR,NB,VT,REP3,T4,15,NSCRVTNB
PMXC6.NS.R2A.B.RT.REP1.T4,357,2169,50968,24,1463,9,260,3,0,23,0,8938,9654,15485,667,0,11411,1075,0,0,0,0,76,3,0,0,11,PMXC6,NS,R2A,B,RT,REP1,T4,15,NSR2ARTB
PMXC6.NS.R2A.B.RT.REP2.T4,561,4710,57029,33,1488,0,8,0,8,9,0,11559,25056,33913,856,0,51248,2269,0,15,0,0,28,0,0,0,0,PMXC6,NS,R2A,B,RT,REP2,T4,15,NSR2ARTB
PMXC6.NS.R2A.B.RT.REP3.T4,1089,2678,87758,28,1282,8,62,6,0,69,0,20702,18860,17308,1354,6,14341,2487,0,0,0,0,216,0,0,7,22,PMXC6,NS,R2A,B,RT,REP3,T4,15,NSR2ARTB
PMXC6.NS.R2A.B.VT.REP1.T4,1464,2099,67362,69,11798,91,3049,4,0,806,0,11022,10831,15038,3308,0,38235,2343,0,0,8,0,108,0,0,0,216,PMXC6,NS,R2A,B,VT,REP1,T4,15,NSR2AVTB
PMXC6.NS.R2A.B.VT.REP2.T4,216,3399,38446,123,12827,0,0,4,0,665,0,7332,25381,13458,3729,67,69528,1018,0,0,0,0,1367,0,0,0,117,PMXC6,NS,R2A,B,VT,REP2,T4,15,NSR2AVTB
PMXC6.NS.R2A.B.VT.REP3.T4,0,1234,595,65,33,0,0,0,0,209,0,2795,1885,8883,16913,0,150628,141,0,0,52,0,15,0,0,0,0,PMXC6,NS,R2A,B,VT,REP3,T4,15,NSR2AVTB
PMXC6.NS.R2A.NB.RT.REP1.T4,2579,3520,84613,38,2384,29,13,0,11,0,0,20877,14455,7422,241,4,2341,4163,0,86,0,0,102,2,3,0,20,PMXC6,NS,R2A,NB,RT,REP1,T4,15,NSR2ARTNB
PMXC6.NS.R2A.NB.RT.REP2.T4,2364,2764,87862,38,3493,37,40,3,7,0,9,18549,12881,8882,224,19,860,3085,0,96,0,0,91,0,0,0,15,PMXC6,NS,R2A,NB,RT,REP2,T4,15,NSR2ARTNB
PMXC6.NS.R2A.NB.RT.REP3.T4,2856,2954,96493,27,1921,29,28,6,18,5,0,26703,18989,9103,405,0,1584,5612,4,67,0,0,88,0,5,0,21,PMXC6,NS,R2A,NB,RT,REP3,T4,15,NSR2ARTNB
PMXC6.NS.R2A.NB.VT.REP1.T4,23,2327,54117,81,509,0,0,5,0,11,0,11135,6262,2251,901,5,19915,2862,0,0,0,0,13,0,17,0,32,PMXC6,NS,R2A,NB,VT,REP1,T4,15,NSR2AVTNB
PMXC6.NS.R2A.NB.VT.REP2.T4,43,4415,111283,242,1047,10,0,7,5,26,0,18984,11451,3798,1500,3,40202,3936,0,0,0,0,176,7,9,0,89,PMXC6,NS,R2A,NB,VT,REP2,T4,15,NSR2AVTNB
PMXC6.NS.R2A.NB.VT.REP3.T4,3,1283,49143,31,130,0,0,0,0,157,0,8307,7702,1865,2353,0,33012,3528,0,0,3,0,93,0,0,0,15,PMXC6,NS,R2A,NB,VT,REP3,T4,15,NSR2AVTNB
PMXC6.S.CR.B.RT.REP1.T4,1608,0,26374,4234,7513,3688,25083,0,3,208,0,11023,3591,38027,12302,83,45605,21273,89,0,794,0,106,448,0,706,697,PMXC6,S,CR,B,RT,REP1,T4,15,SCRRTB
PMXC6.S.CR.B.RT.REP2.T4,854,0,7247,3568,1875,3163,18059,0,529,72,0,14337,3617,28306,24433,19,39876,5137,74,0,523,0,23,221,0,1458,1292,PMXC6,S,CR,B,RT,REP2,T4,15,SCRRTB
PMXC6.S.CR.B.RT.REP3.T4,717,0,2460,2127,1248,2890,19089,0,86,73,0,18852,4812,34027,38850,154,53842,2650,64,0,615,0,222,196,0,1767,2610,PMXC6,S,CR,B,RT,REP3,T4,15,SCRRTB
PMXC6.S.CR.B.VT.REP1.T4,1512,94,1219,2461,5428,1067,4376,0,132,37,0,5452,1197,20490,16862,827,61325,905,26,0,382,0,116,1359,8,1599,1381,PMXC6,S,CR,B,VT,REP1,T4,15,SCRVTB
PMXC6.S.CR.B.VT.REP2.T4,1773,812,9556,21522,11011,3781,12761,0,1024,126,0,9987,1864,33718,16689,884,52249,5750,364,0,869,0,202,1041,47,434,1555,PMXC6,S,CR,B,VT,REP2,T4,15,SCRVTB
PMXC6.S.CR.B.VT.REP3.T4,1373,1664,21279,14440,15115,3710,16608,0,296,549,0,11576,1892,33998,14951,1835,48317,12257,228,0,1313,0,288,1147,25,455,1626,PMXC6,S,CR,B,VT,REP3,T4,15,SCRVTB
PMXC6.S.CR.NB.RT.REP1.T4,86,0,21738,1319,1972,3115,22281,0,65,264,0,9769,2136,22977,7589,16,30702,24343,17,0,1426,0,138,1047,0,86,344,PMXC6,S,CR,NB,RT,REP1,T4,15,SCRRTNB
PMXC6.S.CR.NB.RT.REP2.T4,50,8,29034,2482,2636,4380,29912,0,522,247,0,14572,2772,32221,11287,39,41810,35541,25,0,1603,0,146,1089,0,45,534,PMXC6,S,CR,NB,RT,REP2,T4,15,SCRRTNB
PMXC6.S.CR.NB.RT.REP3.T4,76,17,27224,1695,2703,3636,26026,0,360,413,0,10848,2496,24529,8138,50,36205,31211,28,0,1513,0,96,1074,0,74,512,PMXC6,S,CR,NB,RT,REP3,T4,15,SCRRTNB
PMXC6.S.CR.NB.VT.REP1.T4,111,286,14540,5722,13917,1999,8045,0,110,293,0,10756,1934,25441,8833,802,22888,17464,0,0,1117,0,74,942,30,89,605,PMXC6,S,CR,NB,VT,REP1,T4,15,SCRVTNB
PMXC6.S.CR.NB.VT.REP2.T4,69,619,20307,6294,16855,2187,11459,0,90,687,0,14063,2292,24829,10768,817,33260,22551,0,0,2184,0,156,1688,35,14,717,PMXC6,S,CR,NB,VT,REP2,T4,15,SCRVTNB
PMXC6.S.CR.NB.VT.REP3.T4,71,175,26282,3989,18068,2190,13829,0,261,463,0,10629,1859,26345,7628,729,33581,30859,0,0,1511,0,148,1449,10,22,1216,PMXC6,S,CR,NB,VT,REP3,T4,15,SCRVTNB
PMXC6.S.R2A.B.RT.REP1.T4,767,279,3918,55,20704,1387,5708,0,0,209,0,865,15863,11306,2093,0,59032,580,0,0,97,0,14,15,0,38,35,PMXC6,S,R2A,B,RT,REP1,T4,15,SR2ARTB
PMXC6.S.R2A.B.RT.REP2.T4,493,777,7177,81,8509,1228,9897,0,0,260,20,1027,6913,8202,2255,0,91923,528,0,0,113,0,59,0,0,16,84,PMXC6,S,R2A,B,RT,REP2,T4,15,SR2ARTB
PMXC6.S.R2A.B.RT.REP3.T4,1107,185,5999,48,31847,2946,9794,0,0,372,0,1142,7843,13332,4438,0,74944,325,0,0,284,0,41,4,0,12,41,PMXC6,S,R2A,B,RT,REP3,T4,15,SR2ARTB
PMXC6.S.R2A.B.VT.REP1.T4,0,0,0,0,78,0,96,0,0,0,0,227,276,589,26781,93,80813,0,0,0,547,0,32,20,0,5,134,PMXC6,S,R2A,B,VT,REP1,T4,15,SR2AVTB
PMXC6.S.R2A.B.VT.REP2.T4,31,9,719,0,3038,185,16887,0,0,51,0,569,3823,2943,30083,145,107730,12,0,0,839,0,19,0,0,5,193,PMXC6,S,R2A,B,VT,REP2,T4,15,SR2AVTB
PMXC6.S.R2A.B.VT.REP3.T4,36,92,201,0,2294,0,3327,0,0,50,0,1499,1664,3192,21542,109,92439,40,0,0,528,0,37,0,0,0,82,PMXC6,S,R2A,B,VT,REP3,T4,15,SR2AVTB
PMXC6.S.R2A.NB.RT.REP1.T4,779,514,97987,33,5729,267,11,0,0,16,0,8218,14601,6826,3565,126,37626,8766,0,0,21,0,4311,5,0,3,84,PMXC6,S,R2A,NB,RT,REP1,T4,15,SR2ARTNB
PMXC6.S.R2A.NB.RT.REP2.T4,588,590,101353,0,5725,507,0,5,9,16,0,7809,13570,6164,3303,5,34443,7331,0,0,72,0,494,5,0,4,65,PMXC6,S,R2A,NB,RT,REP2,T4,15,SR2ARTNB
PMXC6.S.R2A.NB.RT.REP3.T4,758,305,92152,37,5163,161,0,0,6,11,0,9922,14907,6845,3628,4,35882,9108,0,0,43,0,175,6,0,0,99,PMXC6,S,R2A,NB,RT,REP3,T4,15,SR2ARTNB
PMXC6.S.R2A.NB.VT.REP1.T4,0,29,12463,0,5175,0,0,0,0,45,0,2077,21868,6529,9995,3,66697,847,0,0,207,0,62,0,0,0,14,PMXC6,S,R2A,NB,VT,REP1,T4,15,SR2AVTNB
PMXC6.S.R2A.NB.VT.REP2.T4,0,9,3456,0,9232,10,0,0,0,83,0,2411,9721,12142,13003,0,92293,368,0,0,811,0,76,43,0,7,46,PMXC6,S,R2A,NB,VT,REP2,T4,15,SR2AVTNB
PMXC6.S.R2A.NB.VT.REP3.T4,0,0,4467,0,603,0,0,0,0,16,0,2161,8038,6503,8131,0,116023,116,0,0,884,0,65,0,0,25,31,PMXC6,S,R2A,NB,VT,REP3,T4,15,SR2AVTNB
PMXC6.NS.CR.B.RT.REP1.T5,4375,388,63257,150,0,10,0,0,0,0,0,14528,2005,7965,3021,5,27962,32934,0,0,6,0,141,7,0,12,0,PMXC6,NS,CR,B,RT,REP1,T5,18,NSCRRTB
PMXC6.NS.CR.B.RT.REP2.T5,2139,460,63439,92,0,0,0,0,0,0,0,18262,2703,8253,3052,0,33184,30884,0,0,0,0,7,0,0,9,0,PMXC6,NS,CR,B,RT,REP2,T5,18,NSCRRTB
PMXC6.NS.CR.B.RT.REP3.T5,1319,241,61931,40,0,0,0,0,0,0,0,24179,5302,14859,4610,0,25313,20762,0,0,0,0,447,0,0,288,0,PMXC6,NS,CR,B,RT,REP3,T5,18,NSCRRTB
PMXC6.NS.CR.B.VT.REP1.T5,0,0,0,0,0,0,0,0,0,0,0,158,59,0,0,0,0,0,0,0,8,0,0,0,0,31,0,PMXC6,NS,CR,B,VT,REP1,T5,18,NSCRVTB
PMXC6.NS.CR.B.VT.REP2.T5,11,0,0,0,0,20,0,0,0,0,0,1079,558,4,223,0,266,0,0,0,39,0,32,0,0,79,0,PMXC6,NS,CR,B,VT,REP2,T5,18,NSCRVTB
PMXC6.NS.CR.B.VT.REP3.T5,116,0,61,0,127,24,32,0,0,1141,0,7511,3648,3982,3789,137,30075,206,0,0,509,0,24,379,0,5492,12,PMXC6,NS,CR,B,VT,REP3,T5,18,NSCRVTB
PMXC6.NS.CR.NB.RT.REP1.T5,145,150,51952,23,0,0,0,0,0,0,0,18817,5498,11826,5716,8,22215,19067,0,0,5,0,45,0,0,0,0,PMXC6,NS,CR,NB,RT,REP1,T5,18,NSCRRTNB
PMXC6.NS.CR.NB.RT.REP2.T5,331,329,60202,44,0,0,0,0,0,0,0,10390,2388,15125,3202,15,28616,27184,0,0,0,0,239,0,0,0,0,PMXC6,NS,CR,NB,RT,REP2,T5,18,NSCRRTNB
PMXC6.NS.CR.NB.RT.REP3.T5,387,511,76659,88,0,0,0,0,0,0,0,11560,2923,13946,5010,69,35776,36374,0,0,41,0,717,1443,0,1631,3,PMXC6,NS,CR,NB,RT,REP3,T5,18,NSCRRTNB
PMXC6.NS.CR.NB.VT.REP1.T5,104,0,1514,0,145,28,0,0,0,0,0,9070,3665,639,200,0,2382,506,0,0,257,0,10,0,0,114,0,PMXC6,NS,CR,NB,VT,REP1,T5,18,NSCRVTNB
PMXC6.NS.CR.NB.VT.REP2.T5,16,43,5762,22,36,0,0,0,0,24,0,17284,4822,2633,690,0,4268,2454,0,0,301,0,115,0,0,0,0,PMXC6,NS,CR,NB,VT,REP2,T5,18,NSCRVTNB
PMXC6.NS.CR.NB.VT.REP3.T5,79,4897,33981,827,10315,1744,5119,0,0,286,0,9832,3023,14830,2395,5,22488,34287,0,0,635,0,28,0,0,0,0,PMXC6,NS,CR,NB,VT,REP3,T5,18,NSCRVTNB
PMXC6.NS.R2A.B.RT.REP1.T5,272,1447,57511,16,1323,0,270,0,0,139,0,16347,17406,19579,752,0,11833,1201,0,0,0,0,13,0,0,0,0,PMXC6,NS,R2A,B,RT,REP1,T5,18,NSR2ARTB
PMXC6.NS.R2A.B.RT.REP2.T5,465,1827,69608,13,1144,0,0,0,0,139,0,18676,17228,17571,764,0,8212,1671,0,0,0,0,79,0,2,0,0,PMXC6,NS,R2A,B,RT,REP2,T5,18,NSR2ARTB
PMXC6.NS.R2A.B.RT.REP3.T5,414,2170,73779,21,1398,0,58,0,0,164,0,23246,21377,20895,970,0,12511,2912,0,0,0,5,47,0,0,0,5,PMXC6,NS,R2A,B,RT,REP3,T5,18,NSR2ARTB
PMXC6.NS.R2A.B.VT.REP1.T5,210,1441,5514,43,9233,45,3992,0,0,723,0,3782,19292,15832,1271,0,50243,318,0,0,244,0,10,5,0,22,23,PMXC6,NS,R2A,B,VT,REP1,T5,18,NSR2AVTB
PMXC6.NS.R2A.B.VT.REP2.T5,145,1047,23409,25,7088,0,0,0,0,663,0,5511,11568,23013,2535,0,53062,352,0,0,18,0,36,0,0,3,21,PMXC6,NS,R2A,B,VT,REP2,T5,18,NSR2AVTB
PMXC6.NS.R2A.B.VT.REP3.T5,0,301,308,45,189,0,0,0,0,182,0,2985,13382,5050,3645,0,77037,33,0,0,135,0,5,0,0,0,0,PMXC6,NS,R2A,B,VT,REP3,T5,18,NSR2AVTB
PMXC6.NS.R2A.NB.RT.REP1.T5,1173,3421,73634,18,1251,8,13,0,6,0,0,17073,13772,10550,146,0,2175,2758,0,30,0,0,109,0,0,0,0,PMXC6,NS,R2A,NB,RT,REP1,T5,18,NSR2ARTNB
PMXC6.NS.R2A.NB.RT.REP2.T5,783,2229,57013,16,1577,4,54,0,0,0,0,14863,13176,8677,162,36,2251,2511,0,29,0,0,410,0,0,0,0,PMXC6,NS,R2A,NB,RT,REP2,T5,18,NSR2ARTNB
PMXC6.NS.R2A.NB.RT.REP3.T5,949,2810,76462,0,1146,0,13,0,0,0,0,17347,14939,11152,240,48,1322,3525,0,18,0,0,749,0,0,2,7,PMXC6,NS,R2A,NB,RT,REP3,T5,18,NSR2ARTNB
PMXC6.NS.R2A.NB.VT.REP1.T5,0,2757,109014,61,465,0,0,0,0,73,0,14182,12166,4379,1591,0,48484,2159,0,0,0,0,125,0,0,0,8,PMXC6,NS,R2A,NB,VT,REP1,T5,18,NSR2AVTNB
PMXC6.NS.R2A.NB.VT.REP2.T5,6,2054,72433,68,361,6,0,0,0,62,0,10285,10621,2852,1035,8,31547,2133,0,0,0,0,64,0,0,0,10,PMXC6,NS,R2A,NB,VT,REP2,T5,18,NSR2AVTNB
PMXC6.NS.R2A.NB.VT.REP3.T5,0,147,8091,16,44,0,0,0,0,95,0,7084,23536,755,7651,10,66790,126,0,0,0,0,27,0,0,4,0,PMXC6,NS,R2A,NB,VT,REP3,T5,18,NSR2AVTNB
PMXC6.S.CR.B.RT.REP1.T5,1002,0,15889,3790,6197,3006,24616,0,4,243,0,7296,1888,33159,8214,316,57158,16359,0,0,855,0,549,489,0,591,377,PMXC6,S,CR,B,RT,REP1,T5,18,SCRRTB
PMXC6.S.CR.B.RT.REP2.T5,256,0,15769,3190,4466,1913,19311,0,567,145,0,8908,1645,25214,5138,58,33864,13377,19,0,1847,0,50,524,0,431,393,PMXC6,S,CR,B,RT,REP2,T5,18,SCRRTB
PMXC6.S.CR.B.RT.REP3.T5,454,8,23136,2566,7034,2596,23344,0,192,179,0,9117,1940,37892,7109,247,37278,19619,17,0,1217,0,463,462,0,535,683,PMXC6,S,CR,B,RT,REP3,T5,18,SCRRTB
PMXC6.S.CR.B.VT.REP1.T5,0,0,0,0,0,0,0,0,0,0,0,728,1073,664,2820,538,87,44,0,0,167,0,7,38,0,6230,0,PMXC6,S,CR,B,VT,REP1,T5,18,SCRVTB
PMXC6.S.CR.B.VT.REP2.T5,0,0,0,0,0,0,0,0,8,0,0,388,250,45,1080,81,98,61,0,0,112,0,16,19,0,833,10,PMXC6,S,CR,B,VT,REP2,T5,18,SCRVTB
PMXC6.S.CR.B.VT.REP3.T5,137,34,4,0,29,0,77,0,0,7,0,918,531,621,14614,418,3706,77,0,0,165,0,84,34,0,1125,90,PMXC6,S,CR,B,VT,REP3,T5,18,SCRVTB
PMXC6.S.CR.NB.RT.REP1.T5,47,0,27297,1690,4761,3030,20638,0,38,281,0,17229,2987,29310,7953,27,32373,27485,0,0,2352,0,130,1619,0,52,381,PMXC6,S,CR,NB,RT,REP1,T5,18,SCRRTNB
PMXC6.S.CR.NB.RT.REP2.T5,22,0,24087,2203,4522,3169,20675,0,619,266,0,10903,2343,29658,9602,22,34871,22691,0,0,1611,0,129,1800,0,18,492,PMXC6,S,CR,NB,RT,REP2,T5,18,SCRRTNB
PMXC6.S.CR.NB.RT.REP3.T5,33,10,23264,1225,3483,2624,15733,0,238,237,0,8804,1776,19146,6356,6,27192,20460,0,0,1046,0,95,904,0,17,468,PMXC6,S,CR,NB,RT,REP3,T5,18,SCRRTNB
PMXC6.S.CR.NB.VT.REP1.T5,36,7,764,98,413,144,908,0,0,48,0,28581,6363,21018,8091,937,23868,369,0,0,2032,0,47,1222,0,434,658,PMXC6,S,CR,NB,VT,REP1,T5,18,SCRVTNB
PMXC6.S.CR.NB.VT.REP2.T5,0,57,2070,456,1067,105,886,0,0,192,0,9470,1783,9567,6966,300,8043,1381,0,0,639,0,36,647,0,70,481,PMXC6,S,CR,NB,VT,REP2,T5,18,SCRVTNB
PMXC6.S.CR.NB.VT.REP3.T5,0,0,244,11,139,5,195,0,0,6,0,3793,639,1177,642,276,1237,248,0,0,422,0,36,41,0,351,184,PMXC6,S,CR,NB,VT,REP3,T5,18,SCRVTNB
PMXC6.S.R2A.B.RT.REP1.T5,1639,350,39187,96,16076,5407,5695,0,0,445,0,4746,11039,24586,4779,0,43089,1267,0,0,320,0,95,0,0,10,23,PMXC6,S,R2A,B,RT,REP1,T5,18,SR2ARTB
PMXC6.S.R2A.B.RT.REP2.T5,249,598,6579,25,5636,801,16636,0,0,335,0,1211,4272,16223,2478,0,70986,520,0,0,94,0,21,0,0,14,11,PMXC6,S,R2A,B,RT,REP2,T5,18,SR2ARTB
PMXC6.S.R2A.B.RT.REP3.T5,328,335,14102,30,12813,7025,10190,0,0,206,0,1269,15578,18237,3094,0,55144,818,0,0,124,0,22,0,0,0,3,PMXC6,S,R2A,B,RT,REP3,T5,18,SR2ARTB
PMXC6.S.R2A.B.VT.REP1.T5,0,0,123,0,164,0,120,0,0,21,0,133,574,166,8850,32,57201,0,0,0,168,0,31,0,0,20,0,PMXC6,S,R2A,B,VT,REP1,T5,18,SR2AVTB
PMXC6.S.R2A.B.VT.REP2.T5,3,0,257,0,2225,129,6069,0,0,63,0,501,5121,1684,24560,76,92026,0,0,8,445,0,0,0,0,0,22,PMXC6,S,R2A,B,VT,REP2,T5,18,SR2AVTB
PMXC6.S.R2A.B.VT.REP3.T5,15,4,77,0,2067,0,2729,0,0,32,0,495,3169,2618,8459,445,94580,0,0,0,243,0,18,0,0,0,14,PMXC6,S,R2A,B,VT,REP3,T5,18,SR2AVTB
PMXC6.S.R2A.NB.RT.REP1.T5,303,346,84222,0,5011,82,0,2,0,18,0,6927,14260,6236,5232,3,37828,8532,0,0,24,0,145,0,0,7,9,PMXC6,S,R2A,NB,RT,REP1,T5,18,SR2ARTNB
PMXC6.S.R2A.NB.RT.REP2.T5,352,464,90775,16,5896,169,0,0,6,27,0,9658,20115,7076,6101,10,41310,7222,0,0,79,0,114,0,0,0,20,PMXC6,S,R2A,NB,RT,REP2,T5,18,SR2ARTNB
PMXC6.S.R2A.NB.RT.REP3.T5,265,113,56808,11,5628,39,0,0,0,36,0,4477,10197,5788,4937,179,34267,5711,0,0,14,0,2021,0,0,5,13,PMXC6,S,R2A,NB,RT,REP3,T5,18,SR2ARTNB
PMXC6.S.R2A.NB.VT.REP1.T5,0,0,340,0,389,0,0,0,0,0,0,139,2074,497,1624,0,16449,0,0,0,52,0,0,0,0,0,0,PMXC6,S,R2A,NB,VT,REP1,T5,18,SR2AVTNB
PMXC6.S.R2A.NB.VT.REP2.T5,0,0,2621,0,4082,0,0,0,0,0,0,530,9667,1569,7920,0,58221,61,0,0,285,0,56,0,0,0,0,PMXC6,S,R2A,NB,VT,REP2,T5,18,SR2AVTNB
PMXC6.S.R2A.NB.VT.REP3.T5,0,0,1477,0,304,0,0,4,0,5,0,1063,17812,847,17167,526,48504,65,0,12,142,7,241,53,7,362,10,PMXC6,S,R2A,NB,VT,REP3,T5,18,SR2AVTNB
PMXC6.NS.CR.B.RT.REP1.T6,923,177,73343,37,0,0,0,0,0,0,0,16652,3255,15361,3246,20,30348,31851,0,0,0,0,172,0,0,2,0,PMXC6,NS,CR,B,RT,REP1,T6,21,NSCRRTB
PMXC6.NS.CR.B.RT.REP2.T6,241,155,64864,31,0,0,0,0,0,0,0,15742,3197,12829,3041,49,29339,28582,0,0,0,0,385,0,0,0,0,PMXC6,NS,CR,B,RT,REP2,T6,21,NSCRRTB
PMXC6.NS.CR.B.RT.REP3.T6,145,141,62736,38,0,0,0,0,0,0,0,30834,5080,22384,3538,0,35755,25653,0,0,0,0,9,0,0,0,0,PMXC6,NS,CR,B,RT,REP3,T6,21,NSCRRTB
PMXC6.NS.CR.B.VT.REP1.T6,1878,38,4050,17,222,0,0,0,0,8,0,34724,7347,16425,11529,0,81269,1137,0,0,1663,0,14,0,0,0,27,PMXC6,NS,CR,B,VT,REP1,T6,21,NSCRVTB
PMXC6.NS.CR.B.VT.REP2.T6,1272,916,11956,221,6796,831,577,0,0,3757,0,36942,4568,17429,5870,15,57351,9107,0,0,3743,0,19,0,0,1994,59,PMXC6,NS,CR,B,VT,REP2,T6,21,NSCRVTB
PMXC6.NS.CR.B.VT.REP3.T6,278,2104,8746,304,6809,1250,1521,0,0,4685,0,44143,5571,22614,3648,454,80950,8740,0,0,3552,0,111,1666,0,2421,203,PMXC6,NS,CR,B,VT,REP3,T6,21,NSCRVTB
PMXC6.NS.CR.NB.RT.REP1.T6,26,233,72842,31,0,0,0,0,0,0,0,13856,3214,16199,2634,0,30696,40303,0,0,43,0,8,0,0,0,0,PMXC6,NS,CR,NB,RT,REP1,T6,21,NSCRRTNB
PMXC6.NS.CR.NB.RT.REP2.T6,64,221,62990,21,0,0,0,0,0,0,0,18072,3570,18015,1613,0,31811,32130,0,0,6,0,7,0,0,0,0,PMXC6,NS,CR,NB,RT,REP2,T6,21,NSCRRTNB
PMXC6.NS.CR.NB.RT.REP3.T6,67,189,65337,23,0,0,0,0,0,0,0,16443,3621,16497,1697,0,33081,33215,0,0,47,0,10,0,0,0,0,PMXC6,NS,CR,NB,RT,REP3,T6,21,NSCRRTNB
PMXC6.NS.CR.NB.VT.REP1.T6,1015,712,39701,77,6606,619,1339,0,0,217,0,40036,5537,11678,3185,0,24106,29972,0,0,2597,0,12,0,0,0,0,PMXC6,NS,CR,NB,VT,REP1,T6,21,NSCRVTNB
PMXC6.NS.CR.NB.VT.REP2.T6,26,848,42280,132,7791,0,0,0,0,168,0,25884,3980,19926,1705,0,34811,33154,0,0,2289,0,14,0,0,0,0,PMXC6,NS,CR,NB,VT,REP2,T6,21,NSCRVTNB
PMXC6.NS.CR.NB.VT.REP3.T6,18,4890,24015,763,13028,2022,5847,0,0,640,0,18673,4328,12867,1905,0,26539,22899,0,0,2047,0,13,0,0,0,0,PMXC6,NS,CR,NB,VT,REP3,T6,21,NSCRVTNB
PMXC6.NS.R2A.B.RT.REP1.T6,12,1461,30519,0,582,0,54,0,0,149,0,7265,24339,55952,539,0,47419,382,0,0,0,0,8,0,0,0,0,PMXC6,NS,R2A,B,RT,REP1,T6,21,NSR2ARTB
PMXC6.NS.R2A.B.RT.REP2.T6,119,2259,36277,0,872,0,8,0,0,269,0,10573,32755,53103,1659,0,67237,451,0,0,0,0,8,0,0,0,0,PMXC6,NS,R2A,B,RT,REP2,T6,21,NSR2ARTB
PMXC6.NS.R2A.B.RT.REP3.T6,28,1989,52391,0,315,0,14,0,0,110,0,5795,20620,26872,929,0,33384,1268,0,0,0,0,14,0,0,0,0,PMXC6,NS,R2A,B,RT,REP3,T6,21,NSR2ARTB
PMXC6.NS.R2A.B.VT.REP1.T6,1292,1170,44705,35,10828,18,8432,0,0,1011,0,17022,12369,18157,1933,9,12439,1681,0,0,734,0,30,0,0,0,5,PMXC6,NS,R2A,B,VT,REP1,T6,21,NSR2AVTB
PMXC6.NS.R2A.B.VT.REP2.T6,312,2351,75518,38,17677,0,11,0,0,617,0,16398,12632,22763,3433,26,25694,2535,0,0,0,0,327,0,0,0,10,PMXC6,NS,R2A,B,VT,REP2,T6,21,NSR2AVTB
PMXC6.NS.R2A.B.VT.REP3.T6,0,5995,411,171,6289,0,0,0,0,774,0,3223,10830,15909,7809,0,95804,136,0,0,214,0,0,0,0,7,0,PMXC6,NS,R2A,B,VT,REP3,T6,21,NSR2AVTB
PMXC6.NS.R2A.NB.RT.REP1.T6,441,2177,60590,0,1047,0,49,0,0,14,0,19806,21791,11086,197,3,2547,1950,0,13,0,0,16,0,0,0,0,PMXC6,NS,R2A,NB,RT,REP1,T6,21,NSR2ARTNB
PMXC6.NS.R2A.NB.RT.REP2.T6,600,3002,79883,14,1668,0,213,0,0,7,0,27831,33685,16277,277,33,5416,2665,0,16,0,0,385,0,0,0,0,PMXC6,NS,R2A,NB,RT,REP2,T6,21,NSR2ARTNB
PMXC6.NS.R2A.NB.RT.REP3.T6,557,2868,76413,0,2445,15,95,0,0,20,0,24483,28232,15536,317,32,3222,2451,0,4,0,0,435,0,0,0,0,PMXC6,NS,R2A,NB,RT,REP3,T6,21,NSR2ARTNB
PMXC6.NS.R2A.NB.VT.REP1.T6,0,3735,81012,56,307,0,0,0,0,139,0,25149,20504,7015,1456,0,38037,2159,0,0,0,0,45,0,0,0,0,PMXC6,NS,R2A,NB,VT,REP1,T6,21,NSR2AVTNB
PMXC6.NS.R2A.NB.VT.REP2.T6,0,1573,54033,27,279,0,0,0,0,53,0,19450,17235,2136,979,0,25338,1538,0,0,0,0,10,0,0,0,0,PMXC6,NS,R2A,NB,VT,REP2,T6,21,NSR2AVTNB
PMXC6.NS.R2A.NB.VT.REP3.T6,0,1219,74668,23,161,0,0,0,0,447,0,14625,35774,2276,4664,6,48437,1626,0,0,0,0,100,0,0,0,0,PMXC6,NS,R2A,NB,VT,REP3,T6,21,NSR2AVTNB
PMXC6.S.CR.B.RT.REP1.T6,0,0,0,0,0,0,0,0,0,0,0,181,187,105,157,0,68,0,0,0,0,0,9,0,0,1834,0,PMXC6,S,CR,B,RT,REP1,T6,21,SCRRTB
PMXC6.S.CR.B.RT.REP2.T6,26,0,0,0,0,0,38,0,0,19,0,1121,820,2246,9017,14,1036,25,31,0,298,0,12,54,0,6243,134,PMXC6,S,CR,B,RT,REP2,T6,21,SCRRTB
PMXC6.S.CR.B.RT.REP3.T6,87,0,111,26,20,32,440,0,7,0,0,14041,3304,5496,13111,72,12923,207,0,0,815,0,10,206,0,18509,298,PMXC6,S,CR,B,RT,REP3,T6,21,SCRRTB
PMXC6.S.CR.B.VT.REP1.T6,9378,213,2711,7346,3369,1775,9694,0,1513,104,0,26015,3857,27733,19964,4204,60249,778,0,0,3105,0,166,2239,0,2681,1828,PMXC6,S,CR,B,VT,REP1,T6,21,SCRVTB
PMXC6.S.CR.B.VT.REP2.T6,10055,80,724,2942,1627,1052,9019,0,483,95,0,12273,4650,22736,55798,1269,61372,263,20,0,956,0,89,1436,0,6204,4414,PMXC6,S,CR,B,VT,REP2,T6,21,SCRVTB
PMXC6.S.CR.B.VT.REP3.T6.RS,803,12,72,507,18133,15315,187789,0,0,30,0,1995,622,4796,6977,938,13476,26,0,0,130,0,1208,19108,0,1013,542,PMXC6,S,CR,B,VT,REP3,T6,21,SCRVTB
PMXC6.S.CR.NB.RT.REP1.T6,0,0,26,0,0,0,0,0,0,0,0,10,6,25,7,0,23,0,0,0,0,0,0,0,0,10,0,PMXC6,S,CR,NB,RT,REP1,T6,21,SCRRTNB
PMXC6.S.CR.NB.RT.REP2.T6,0,0,0,0,0,0,14,0,0,0,0,204,87,16,25,0,193,0,0,0,40,0,27,0,0,14,0,PMXC6,S,CR,NB,RT,REP2,T6,21,SCRRTNB
PMXC6.S.CR.NB.RT.REP3.T6,0,0,378,0,5,0,219,0,0,0,0,7704,1434,2165,765,12,2523,273,0,0,505,0,9,109,0,390,38,PMXC6,S,CR,NB,RT,REP3,T6,21,SCRRTNB
PMXC6.S.CR.NB.VT.REP1.T6,99,56,4794,1379,2651,629,3745,0,29,243,0,43099,6987,30950,21744,3054,31568,3082,0,0,4160,0,201,2009,0,871,1954,PMXC6,S,CR,NB,VT,REP1,T6,21,SCRVTNB
PMXC6.S.CR.NB.VT.REP2.T6,53,199,5181,3188,3995,950,6191,0,4,438,0,38475,6238,36325,18966,2567,36214,4152,0,0,6450,0,156,3114,0,52,1199,PMXC6,S,CR,NB,VT,REP2,T6,21,SCRVTNB
PMXC6.S.CR.NB.VT.REP3.T6,75,17,8168,1744,6088,1132,7308,0,231,370,0,37459,5822,33216,11563,4273,32577,6937,0,0,6152,0,101,1960,0,604,1847,PMXC6,S,CR,NB,VT,REP3,T6,21,SCRVTNB
PMXC6.S.R2A.B.RT.REP1.T6,208,465,2116,0,15523,4365,23314,0,0,1568,0,1062,10420,35716,12849,5,55542,153,0,0,161,0,8,0,0,10,3,PMXC6,S,R2A,B,RT,REP1,T6,21,SR2ARTB
PMXC6.S.R2A.B.RT.REP2.T6,0,0,165,0,637,82,5423,0,0,207,0,25,496,1197,1384,0,7865,11,0,0,0,0,4,0,0,0,0,PMXC6,S,R2A,B,RT,REP2,T6,21,SR2ARTB
PMXC6.S.R2A.B.RT.REP3.T6,57,141,1636,18,10433,2006,21445,0,0,1510,0,200,3804,9936,8730,0,42921,41,0,0,26,0,6,0,0,0,0,PMXC6,S,R2A,B,RT,REP3,T6,21,SR2ARTB
PMXC6.S.R2A.B.VT.REP1.T6,0,0,11,0,1051,0,3224,0,0,29,0,449,681,257,9281,24,74830,0,0,0,33,0,9,0,0,0,8,PMXC6,S,R2A,B,VT,REP1,T6,21,SR2AVTB
PMXC6.S.R2A.B.VT.REP2.T6,0,0,96,0,237,0,1397,0,0,0,0,37,308,951,12595,367,103852,0,23,0,103,0,7,0,0,0,14,PMXC6,S,R2A,B,VT,REP2,T6,21,SR2AVTB
PMXC6.S.R2A.B.VT.REP3.T6,0,0,26,0,5519,0,3450,0,0,0,0,115,858,777,7282,38,109254,0,0,8,83,0,3,0,0,0,0,PMXC6,S,R2A,B,VT,REP3,T6,21,SR2AVTB
PMXC6.S.R2A.NB.RT.REP1.T6,11,43,1598,0,132,0,0,0,0,0,0,492,18480,1208,4700,0,52060,42,0,0,0,0,0,0,0,28,0,PMXC6,S,R2A,NB,RT,REP1,T6,21,SR2ARTNB
PMXC6.S.R2A.NB.RT.REP2.T6,28,90,47666,0,678,34,0,0,0,17,0,2502,28164,3846,6556,48,48808,1169,0,0,27,0,827,0,0,0,0,PMXC6,S,R2A,NB,RT,REP2,T6,21,SR2ARTNB
PMXC6.S.R2A.NB.RT.REP3.T6,39,31,43943,0,931,26,0,0,0,76,0,2697,33241,6264,7004,0,39103,1446,0,0,18,0,107,0,0,0,0,PMXC6,S,R2A,NB,RT,REP3,T6,21,SR2ARTNB
PMXC6.S.R2A.NB.VT.REP1.T6,0,0,1291,0,9521,0,0,0,0,7,0,1197,18606,3879,32403,0,67016,87,0,0,443,0,28,0,0,0,0,PMXC6,S,R2A,NB,VT,REP1,T6,21,SR2AVTNB
PMXC6.S.R2A.NB.VT.REP2.T6,0,0,12830,0,8757,0,0,0,0,28,0,2583,30111,5576,23943,40,78436,327,0,0,546,0,162,0,0,0,0,PMXC6,S,R2A,NB,VT,REP2,T6,21,SR2AVTNB
PMXC6.S.R2A.NB.VT.REP3.T6,0,0,354,0,948,0,0,0,0,8,0,445,1329,736,9123,0,74639,5,0,0,198,0,0,0,0,0,0,PMXC6,S,R2A,NB,VT,REP3,T6,21,SR2AVTNB
PMXC6.NS.CR.B.RT.REP1.T7,242,71,67686,27,0,0,0,0,0,0,0,30795,4673,19550,2573,0,43048,27313,0,0,0,0,2,0,0,0,0,PMXC6,NS,CR,B,RT,REP1,T7,24,NSCRRTB
PMXC6.NS.CR.B.RT.REP2.T7,41,66,64902,0,0,0,0,0,0,0,0,23222,3268,15219,2429,0,37205,23939,0,0,0,0,3,0,0,0,0,PMXC6,NS,CR,B,RT,REP2,T7,24,NSCRRTB
PMXC6.NS.CR.B.RT.REP3.T7,42,68,51269,0,0,0,0,0,0,0,0,13601,1676,11409,1317,0,16386,17267,0,0,0,0,0,0,0,0,0,PMXC6,NS,CR,B,RT,REP3,T7,24,NSCRRTB
PMXC6.NS.CR.B.VT.REP1.T7,2337,1552,29786,0,2124,0,0,0,0,149,0,66819,7697,43565,8669,63,135771,10095,0,0,2259,0,422,0,0,0,0,PMXC6,NS,CR,B,VT,REP1,T7,24,NSCRVTB
PMXC6.NS.CR.B.VT.REP2.T7,1029,2856,27056,370,12044,1894,1707,0,0,7453,0,44384,6106,33725,7473,0,89918,14788,22,0,2401,0,241,0,0,3130,133,PMXC6,NS,CR,B,VT,REP2,T7,24,NSCRVTB
PMXC6.NS.CR.B.VT.REP3.T7,368,9776,52530,1037,21479,5292,4792,0,0,5166,0,41121,5196,42377,8228,133,99124,25635,0,0,1801,0,625,669,0,2216,94,PMXC6,NS,CR,B,VT,REP3,T7,24,NSCRVTB
PMXC6.NS.CR.NB.RT.REP1.T7,0,139,55592,0,0,0,0,0,0,0,0,21373,4070,18254,2549,37,34135,30939,0,0,220,0,218,0,0,0,0,PMXC6,NS,CR,NB,RT,REP1,T7,24,NSCRRTNB
PMXC6.NS.CR.NB.RT.REP2.T7,16,86,44274,0,0,0,0,0,0,0,0,19575,3863,19829,1658,67,34846,18984,0,0,12,0,252,0,0,0,0,PMXC6,NS,CR,NB,RT,REP2,T7,24,NSCRRTNB
PMXC6.NS.CR.NB.RT.REP3.T7,11,103,51584,0,0,0,0,0,0,0,0,22959,4231,19454,1866,22,33081,23263,0,0,51,0,187,0,0,0,0,PMXC6,NS,CR,NB,RT,REP3,T7,24,NSCRRTNB
PMXC6.NS.CR.NB.VT.REP1.T7,1307,3322,75740,102,29372,2206,4033,0,0,475,0,30399,5873,24132,4667,0,56213,55430,0,0,1409,0,46,0,0,43,0,PMXC6,NS,CR,NB,VT,REP1,T7,24,NSCRVTNB
PMXC6.NS.CR.NB.VT.REP2.T7,8,3418,76797,226,37126,0,0,0,0,1690,0,30365,4063,32607,2840,0,61373,64454,0,0,2800,0,30,0,0,0,0,PMXC6,NS,CR,NB,VT,REP2,T7,24,NSCRVTNB
PMXC6.NS.CR.NB.VT.REP3.T7,6,11739,46147,2447,27715,5212,9403,0,0,2356,0,46511,8122,32059,4530,20,55752,51843,0,0,4097,0,113,0,0,0,0,PMXC6,NS,CR,NB,VT,REP3,T7,24,NSCRVTNB
PMXC6.NS.R2A.B.RT.REP1.T7,61,2268,69493,0,1820,0,85,0,0,251,0,20131,23218,37574,341,0,10165,1246,0,0,0,0,0,0,0,0,0,PMXC6,NS,R2A,B,RT,REP1,T7,24,NSR2ARTB
PMXC6.NS.R2A.B.RT.REP2.T7,76,2033,78223,0,1715,0,0,0,0,202,0,21331,23608,31917,664,0,13950,1590,0,0,0,0,12,0,0,0,0,PMXC6,NS,R2A,B,RT,REP2,T7,24,NSR2ARTB
PMXC6.NS.R2A.B.RT.REP3.T7,45,1823,68437,0,1665,0,0,0,0,136,0,19364,20198,29004,431,0,13359,2292,0,0,0,0,4,0,0,0,0,PMXC6,NS,R2A,B,RT,REP3,T7,24,NSR2ARTB
PMXC6.NS.R2A.B.VT.REP1.T7,751,1649,52641,24,18025,7,7627,0,0,1060,0,13428,10215,16510,2270,0,15991,1272,0,0,831,0,60,0,0,0,0,PMXC6,NS,R2A,B,VT,REP1,T7,24,NSR2AVTB
PMXC6.NS.R2A.B.VT.REP2.T7,195,1767,66109,24,18427,0,0,0,0,365,0,19722,12532,21688,1999,0,12829,2149,0,0,0,0,43,0,0,0,4,PMXC6,NS,R2A,B,VT,REP2,T7,24,NSR2AVTB
PMXC6.NS.R2A.B.VT.REP3.T7,0,4434,16839,110,9197,0,0,0,0,771,0,10436,45173,16176,9289,261,107769,441,0,0,1564,0,3392,0,0,0,0,PMXC6,NS,R2A,B,VT,REP3,T7,24,NSR2AVTB
PMXC6.NS.R2A.NB.RT.REP1.T7,288,4233,90443,0,2064,0,51,0,0,57,0,23144,23767,20966,144,0,7023,2969,0,0,0,0,11,0,0,0,0,PMXC6,NS,R2A,NB,RT,REP1,T7,24,NSR2ARTNB
PMXC6.NS.R2A.NB.RT.REP2.T7,250,3634,79930,0,1239,0,87,0,0,36,0,19404,18079,19064,131,9,6796,2389,0,10,0,0,64,0,0,0,0,PMXC6,NS,R2A,NB,RT,REP2,T7,24,NSR2ARTNB
PMXC6.NS.R2A.NB.RT.REP3.T7,246,3491,80364,0,1618,0,57,0,0,47,9,25222,28834,16830,240,0,7510,3107,0,0,0,0,49,0,0,0,0,PMXC6,NS,R2A,NB,RT,REP3,T7,24,NSR2ARTNB
PMXC6.NS.R2A.NB.VT.REP1.T7.RS,0,765,13973,0,6223,0,0,0,0,25,0,3275,3135,1190,187,26,7829,304,0,0,0,0,1944,0,0,0,0,PMXC6,NS,R2A,NB,VT,REP1,T7,24,NSR2AVTNB
PMXC6.NS.R2A.NB.VT.REP2.T7,0,7659,174930,54,921,0,0,0,0,170,0,37539,30785,8826,1892,137,55263,4108,0,0,0,0,7678,0,0,13,0,PMXC6,NS,R2A,NB,VT,REP2,T7,24,NSR2AVTNB
PMXC6.NS.R2A.NB.VT.REP3.T7,0,6028,180854,41,598,0,0,0,0,770,0,27510,31793,3308,3605,14,58292,5526,0,0,0,0,517,0,0,0,0,PMXC6,NS,R2A,NB,VT,REP3,T7,24,NSR2AVTNB
PMXC6.S.CR.B.RT.REP1.T7,361,0,610,596,209,356,3595,0,0,35,0,29228,8511,21490,27265,138,39433,190,0,0,2044,0,58,1318,0,35074,443,PMXC6,S,CR,B,RT,REP1,T7,24,SCRRTB
PMXC6.S.CR.B.RT.REP2.T7,446,0,344,840,283,510,4681,0,519,98,0,17527,4145,33941,33236,77,52088,267,0,0,866,0,90,1474,0,17363,1848,PMXC6,S,CR,B,RT,REP2,T7,24,SCRRTB
PMXC6.S.CR.B.RT.REP3.T7,369,0,152,67,40,71,2123,0,155,55,0,16779,4045,8794,39566,110,38230,251,0,0,914,0,24,1298,0,34115,2033,PMXC6,S,CR,B,RT,REP3,T7,24,SCRRTB
PMXC6.S.CR.B.VT.REP1.T7,12049,32,182,1195,1092,448,4087,0,180,55,0,14202,3173,14802,34950,1366,59252,185,0,0,738,0,89,3455,0,7891,1964,PMXC6,S,CR,B,VT,REP1,T7,24,SCRVTB
PMXC6.S.CR.B.VT.REP2.T7,20211,382,1063,3192,1518,1311,9125,0,583,264,0,12606,4396,20883,34770,1758,62558,262,0,0,868,0,153,3688,0,1756,1864,PMXC6,S,CR,B,VT,REP2,T7,24,SCRVTB
PMXC6.S.CR.B.VT.REP3.T7,11351,714,1483,8374,3105,2003,13183,0,546,396,0,10161,1981,27931,24194,1327,65260,788,0,0,674,0,91,2302,0,3077,2629,PMXC6,S,CR,B,VT,REP3,T7,24,SCRVTB
PMXC6.S.CR.NB.RT.REP1.T7,37,0,11829,607,1924,660,4886,0,0,154,0,29658,7633,27908,18793,0,23143,4351,0,0,3324,0,308,6208,0,2485,527,PMXC6,S,CR,NB,RT,REP1,T7,24,SCRRTNB
PMXC6.S.CR.NB.RT.REP2.T7,0,0,14592,993,2143,1091,6651,0,1032,531,0,33271,8890,32817,24524,0,39558,4339,0,0,2317,0,204,4206,0,2282,2630,PMXC6,S,CR,NB,RT,REP2,T7,24,SCRRTNB
PMXC6.S.CR.NB.RT.REP3.T7,4,0,13644,1097,977,739,4126,0,129,215,0,38480,8263,26614,14630,0,23169,5097,0,0,2220,0,23,1605,0,589,2363,PMXC6,S,CR,NB,RT,REP3,T7,24,SCRRTNB
PMXC6.S.CR.NB.VT.REP1.T7,130,175,11535,2194,10302,1038,6655,0,4,584,0,22090,4346,35035,15602,1396,32852,7175,0,0,1793,0,78,1916,0,557,958,PMXC6,S,CR,NB,VT,REP1,T7,24,SCRVTNB
PMXC6.S.CR.NB.VT.REP2.T7,71,528,12468,4717,11090,2041,8575,0,0,807,0,16199,4879,38879,18321,1007,41117,10243,0,0,1689,0,142,3000,0,68,611,PMXC6,S,CR,NB,VT,REP2,T7,24,SCRVTNB
PMXC6.S.CR.NB.VT.REP3.T7,89,51,18686,2182,11463,1817,8640,0,150,949,0,21148,3884,36453,10819,1516,33094,13791,0,0,2188,0,104,2352,0,429,1551,PMXC6,S,CR,NB,VT,REP3,T7,24,SCRVTNB
PMXC6.S.R2A.B.RT.REP1.T7,50,644,2994,0,16954,5261,17017,0,0,1066,0,1639,11138,38533,18418,0,42823,304,0,0,155,0,10,0,0,0,0,PMXC6,S,R2A,B,RT,REP1,T7,24,SR2ARTB
PMXC6.S.R2A.B.RT.REP2.T7,49,680,2076,0,17648,1315,18653,0,0,999,0,1857,10690,24701,7802,0,56150,54,0,0,171,0,16,0,0,0,0,PMXC6,S,R2A,B,RT,REP2,T7,24,SR2ARTB
PMXC6.S.R2A.B.RT.REP3.T7,602,393,8995,0,30317,5343,13957,0,0,1079,0,6201,13534,29299,7158,0,54143,337,0,0,505,0,31,0,0,15,0,PMXC6,S,R2A,B,RT,REP3,T7,24,SR2ARTB
PMXC6.S.R2A.B.VT.REP1.T7,0,0,33,0,2884,0,1124,0,0,7,0,218,258,846,11377,140,103475,0,5,0,239,0,2,0,0,0,10,PMXC6,S,R2A,B,VT,REP1,T7,24,SR2AVTB
PMXC6.S.R2A.B.VT.REP2.T7,0,0,15,0,415,0,2345,0,0,0,0,345,974,599,30802,596,130888,0,0,0,570,0,21,0,0,0,55,PMXC6,S,R2A,B,VT,REP2,T7,24,SR2AVTB
PMXC6.S.R2A.B.VT.REP3.T7,0,0,13,0,7114,0,2361,0,0,12,0,189,4141,1739,14886,374,135011,0,0,0,121,0,6,0,0,0,6,PMXC6,S,R2A,B,VT,REP3,T7,24,SR2AVTB
PMXC6.S.R2A.NB.RT.REP1.T7,25,10,6982,0,1041,0,0,0,0,13,0,1248,52968,5385,55928,29,81934,228,0,0,154,0,51,0,0,18,26,PMXC6,S,R2A,NB,RT,REP1,T7,24,SR2ARTNB
PMXC6.S.R2A.NB.RT.REP2.T7,0,13,6758,0,837,0,0,0,0,7,0,880,61020,1976,35251,0,48897,132,0,0,127,0,25,0,0,16,0,PMXC6,S,R2A,NB,RT,REP2,T7,24,SR2ARTNB
PMXC6.S.R2A.NB.RT.REP3.T7,0,8,31429,0,1973,0,0,0,0,36,0,1725,30017,5992,15215,67,49122,669,0,0,0,0,181,0,0,6,0,PMXC6,S,R2A,NB,RT,REP3,T7,24,SR2ARTNB
PMXC6.S.R2A.NB.VT.REP1.T7,0,0,9190,0,14160,0,0,0,0,62,0,3229,14849,5292,22692,0,91525,469,0,0,499,0,3,0,0,0,0,PMXC6,S,R2A,NB,VT,REP1,T7,24,SR2AVTNB
PMXC6.S.R2A.NB.VT.REP2.T7,0,0,13660,0,13816,0,0,0,0,9,0,6403,19838,5278,29436,16,63378,216,0,0,1290,0,40,0,0,0,0,PMXC6,S,R2A,NB,VT,REP2,T7,24,SR2AVTNB
PMXC6.S.R2A.NB.VT.REP3.T7,0,0,2154,0,1962,0,0,0,0,39,0,1253,4694,1812,12207,0,66931,30,0,0,64,0,8,0,0,10,0,PMXC6,S,R2A,NB,VT,REP3,T7,24,SR2AVTNB
PMXC6.NS.CR.B.RT.REP1.T8,102,80,120560,16,0,0,0,0,0,0,0,35492,5546,31000,4047,0,52669,53406,0,0,0,0,22,0,0,2,0,PMXC6,NS,CR,B,RT,REP1,T8,27,NSCRRTB
PMXC6.NS.CR.B.RT.REP2.T8,7,84,140454,0,0,0,0,0,0,0,0,29530,4349,37588,3656,80,73769,65683,0,0,0,0,698,0,0,0,0,PMXC6,NS,CR,B,RT,REP2,T8,27,NSCRRTB
PMXC6.NS.CR.B.RT.REP3.T8,16,60,117167,0,0,0,0,0,0,0,0,19694,3247,30174,2944,5,58525,57421,0,0,0,0,106,0,0,2,0,PMXC6,NS,CR,B,RT,REP3,T8,27,NSCRRTB
PMXC6.NS.CR.B.VT.REP1.T8,2914,1657,16540,0,820,0,0,0,0,158,0,61318,6720,47874,14753,106,155277,4216,0,0,1959,0,297,0,0,0,0,PMXC6,NS,CR,B,VT,REP1,T8,27,NSCRVTB
PMXC6.NS.CR.B.VT.REP2.T8,811,6768,31567,573,16972,2846,2796,0,0,9800,0,36822,2980,44864,8375,221,108217,12415,0,0,1860,0,2547,0,0,3171,272,PMXC6,NS,CR,B,VT,REP2,T8,27,NSCRVTB
PMXC6.NS.CR.B.VT.REP3.T8,248,13185,48430,872,23782,3191,3944,0,0,5586,0,52863,4951,33233,5026,220,76929,37369,0,0,4187,0,194,1281,0,1951,133,PMXC6,NS,CR,B,VT,REP3,T8,27,NSCRVTB
PMXC6.NS.CR.NB.RT.REP1.T8,14,150,136301,22,0,8,21,0,0,0,0,19358,3062,31658,3688,9,52720,74924,0,0,376,0,76,0,0,0,0,PMXC6,NS,CR,NB,RT,REP1,T8,27,NSCRRTNB
PMXC6.NS.CR.NB.RT.REP2.T8,8,127,128848,0,0,0,0,0,0,19,0,23195,3382,39771,2191,19,61047,66134,0,0,50,0,246,0,0,0,0,PMXC6,NS,CR,NB,RT,REP2,T8,27,NSCRRTNB
PMXC6.NS.CR.NB.RT.REP3.T8,9,112,123654,0,0,0,0,0,0,13,0,36802,5747,41606,2252,11,68627,63654,0,0,210,0,536,0,0,11,0,PMXC6,NS,CR,NB,RT,REP3,T8,27,NSCRRTNB
PMXC6.NS.CR.NB.VT.REP1.T8,1003,8594,86967,105,33850,2736,3835,0,0,882,0,33988,7419,28211,4928,0,74892,66230,0,0,1906,0,53,0,0,46,0,PMXC6,NS,CR,NB,VT,REP1,T8,27,NSCRVTNB
PMXC6.NS.CR.NB.VT.REP2.T8,0,5645,75402,348,47846,0,0,0,0,1637,0,34979,4722,40079,2351,0,57904,68584,0,0,2762,0,120,0,0,0,0,PMXC6,NS,CR,NB,VT,REP2,T8,27,NSCRVTNB
PMXC6.NS.CR.NB.VT.REP3.T8,0,9206,45003,3373,23949,6631,9059,0,0,2720,0,45007,8107,33754,4005,88,64641,44211,0,0,3367,0,298,0,0,0,0,PMXC6,NS,CR,NB,VT,REP3,T8,27,NSCRVTNB
PMXC6.NS.R2A.B.RT.REP1.T8,0,7653,107227,0,1996,0,183,0,0,185,0,15091,25972,75142,702,0,69673,1373,0,0,0,0,29,0,0,0,0,PMXC6,NS,R2A,B,RT,REP1,T8,27,NSR2ARTB
PMXC6.NS.R2A.B.RT.REP2.T8,41,3799,130167,0,1985,0,6,0,0,181,0,30152,38411,59611,748,10,24825,2573,0,0,0,0,526,0,0,0,0,PMXC6,NS,R2A,B,RT,REP2,T8,27,NSR2ARTB
PMXC6.NS.R2A.B.RT.REP3.T8,24,4547,150202,0,2863,0,0,0,0,218,0,33793,42176,75396,438,2,32626,4655,0,0,0,0,115,0,0,5,0,PMXC6,NS,R2A,B,RT,REP3,T8,27,NSR2ARTB
PMXC6.NS.R2A.B.VT.REP1.T8,1328,5465,144422,45,43393,0,11303,0,0,2016,0,29553,15133,45529,3975,34,18222,5853,0,0,836,0,456,0,0,0,4,PMXC6,NS,R2A,B,VT,REP1,T8,27,NSR2AVTB
PMXC6.NS.R2A.B.VT.REP2.T8,163,5707,169325,49,52285,0,0,0,0,696,0,35235,20774,56610,4109,17,32021,5903,0,0,0,0,595,0,0,0,4,PMXC6,NS,R2A,B,VT,REP2,T8,27,NSR2AVTB
PMXC6.NS.R2A.B.VT.REP3.T8,35,3044,75847,83,21245,0,0,0,0,1250,0,14478,23462,35829,7504,230,81940,1246,0,0,1178,0,1762,0,0,6,0,PMXC6,NS,R2A,B,VT,REP3,T8,27,NSR2AVTB
PMXC6.NS.R2A.NB.RT.REP1.T8,158,5850,151164,0,2128,0,123,0,0,118,0,26509,40355,34316,201,0,19121,3918,0,0,0,0,342,0,0,3,0,PMXC6,NS,R2A,NB,RT,REP1,T8,27,NSR2ARTNB
PMXC6.NS.R2A.NB.RT.REP2.T8,190,6322,158608,0,3168,0,233,0,0,108,0,34883,36559,35423,196,28,18850,3956,0,0,0,0,2225,0,0,0,0,PMXC6,NS,R2A,NB,RT,REP2,T8,27,NSR2ARTNB
PMXC6.NS.R2A.NB.RT.REP3.T8,154,4961,124407,11,3338,0,29,0,0,136,0,19487,41680,28463,295,9,18367,3717,0,5,0,0,111,5,0,8,0,PMXC6,NS,R2A,NB,RT,REP3,T8,27,NSR2ARTNB
PMXC6.NS.R2A.NB.VT.REP1.T8,0,8594,162738,30,693,0,0,0,0,218,0,36128,32078,16283,1793,23,70038,3309,0,0,0,0,634,0,0,0,0,PMXC6,NS,R2A,NB,VT,REP1,T8,27,NSR2AVTNB
PMXC6.NS.R2A.NB.VT.REP2.T8,0,6531,172169,31,651,0,0,0,0,79,0,30023,24828,10136,1289,252,60431,3562,0,0,0,0,8457,0,0,0,0,PMXC6,NS,R2A,NB,VT,REP2,T8,27,NSR2AVTNB
PMXC6.NS.R2A.NB.VT.REP3.T8,0,6946,161518,39,549,0,0,0,0,503,0,20742,31255,6681,2265,11,74069,5891,0,0,0,0,884,0,0,0,0,PMXC6,NS,R2A,NB,VT,REP3,T8,27,NSR2AVTNB
PMXC6.S.CR.B.RT.REP1.T8,462,0,568,132,65,9,652,0,0,70,0,18443,2426,14314,32161,41,34675,334,0,0,1406,0,68,900,0,51462,134,PMXC6,S,CR,B,RT,REP1,T8,27,SCRRTB
PMXC6.S.CR.B.RT.REP2.T8,492,0,1831,1204,517,452,3289,0,350,104,0,19804,2597,40623,35997,168,56444,745,0,0,1473,0,114,2679,0,25201,1707,PMXC6,S,CR,B,RT,REP2,T8,27,SCRRTB
PMXC6.S.CR.B.RT.REP3.T8,763,0,2189,760,432,574,6103,0,452,707,0,31143,4852,65631,51504,717,95992,741,22,0,2734,0,247,3552,0,58050,3714,PMXC6,S,CR,B,RT,REP3,T8,27,SCRRTB
PMXC6.S.CR.B.VT.REP1.T8,34921,253,471,3131,1603,602,3663,0,116,423,0,16224,1968,32135,37261,3681,75416,206,0,0,895,0,375,5283,0,20688,1210,PMXC6,S,CR,B,VT,REP1,T8,27,SCRVTB
PMXC6.S.CR.B.VT.REP2.T8,28208,944,905,6816,3405,1416,10387,0,422,414,0,14329,1774,35515,37249,3117,86250,476,0,0,1016,0,540,2592,0,4724,2071,PMXC6,S,CR,B,VT,REP2,T8,27,SCRVTB
PMXC6.S.CR.B.VT.REP3.T8,30156,3723,4837,15896,11021,3768,18300,0,1092,1264,0,25540,3784,57174,44720,5094,132708,1709,0,0,1924,0,1144,6471,0,7230,4180,PMXC6,S,CR,B,VT,REP3,T8,27,SCRVTB
PMXC6.S.CR.NB.RT.REP1.T8,33,0,38649,927,7823,2441,13923,0,0,840,0,26537,6255,48113,19469,4,56122,19716,0,0,2362,0,987,22150,0,4330,250,PMXC6,S,CR,NB,RT,REP1,T8,27,SCRRTNB
PMXC6.S.CR.NB.RT.REP2.T8,21,0,43650,2765,5490,3656,18937,0,1201,973,0,27335,8655,60431,24918,6,63401,19107,0,0,2237,5,381,5746,0,5514,2758,PMXC6,S,CR,NB,RT,REP2,T8,27,SCRRTNB
PMXC6.S.CR.NB.RT.REP3.T8,23,0,55175,2256,5905,4258,21909,0,67,325,0,31046,6085,64239,20160,30,61930,30454,0,0,2236,0,711,3562,0,5828,1565,PMXC6,S,CR,NB,RT,REP3,T8,27,SCRRTNB
PMXC6.S.CR.NB.VT.REP1.T8,615,256,30682,3516,19086,2297,10470,0,0,882,0,40802,9715,73107,28129,2895,69948,17288,0,0,2934,0,499,7239,0,3534,710,PMXC6,S,CR,NB,VT,REP1,T8,27,SCRVTNB
PMXC6.S.CR.NB.VT.REP2.T8,160,1567,24649,11224,19343,3518,14133,0,0,1427,0,37788,6627,69065,22541,3009,73728,18302,0,0,4160,0,645,6792,0,502,448,PMXC6,S,CR,NB,VT,REP2,T8,27,SCRVTNB
PMXC6.S.CR.NB.VT.REP3.T8,96,67,35262,4592,24668,3535,15745,0,709,1244,0,28392,5541,56401,13738,2119,63534,24542,0,0,3438,0,502,4733,0,1237,1753,PMXC6,S,CR,NB,VT,REP3,T8,27,SCRVTNB
PMXC6.S.R2A.B.RT.REP1.T8,279,634,57240,34,34993,12990,19500,0,0,1031,0,11414,37408,79053,4889,15,58679,1051,0,0,701,0,254,0,0,0,0,PMXC6,S,R2A,B,RT,REP1,T8,27,SR2ARTB
PMXC6.S.R2A.B.RT.REP2.T8,18,822,14354,0,27233,4105,22913,0,0,440,0,1720,10152,46564,11083,0,87120,262,0,0,212,0,40,22,0,0,0,PMXC6,S,R2A,B,RT,REP2,T8,27,SR2ARTB
PMXC6.S.R2A.B.RT.REP3.T8,43,636,28494,0,49817,9246,20359,0,0,855,0,1425,8531,55985,11452,5,120009,410,0,0,273,0,97,0,0,0,0,PMXC6,S,R2A,B,RT,REP3,T8,27,SR2ARTB
PMXC6.S.R2A.B.VT.REP1.T8,0,0,85,0,535,0,604,0,0,17,0,212,97,2534,12936,489,180692,10,0,0,82,0,12,0,0,22,0,PMXC6,S,R2A,B,VT,REP1,T8,27,SR2AVTB
PMXC6.S.R2A.B.VT.REP2.T8,0,0,8,0,1709,0,327,0,0,20,0,174,80,6244,20230,956,223740,0,0,0,252,0,45,0,0,0,0,PMXC6,S,R2A,B,VT,REP2,T8,27,SR2AVTB
PMXC6.S.R2A.B.VT.REP3.T8,0,0,95,0,8107,0,1889,0,0,25,0,16,798,4774,9819,236,126287,0,0,0,33,0,5,0,0,0,33,PMXC6,S,R2A,B,VT,REP3,T8,27,SR2AVTB
PMXC6.S.R2A.NB.RT.REP1.T8,21,11,110146,0,12138,0,0,6,0,164,0,6655,88234,18971,31342,99,141174,5345,0,0,85,0,815,0,0,67,0,PMXC6,S,R2A,NB,RT,REP1,T8,27,SR2ARTNB
PMXC6.S.R2A.NB.RT.REP2.T8,24,47,116849,0,8117,0,0,0,0,97,0,9241,62624,14353,19056,4,117241,4995,0,0,86,0,232,0,0,0,0,PMXC6,S,R2A,NB,RT,REP2,T8,27,SR2ARTNB
PMXC6.S.R2A.NB.RT.REP3.T8,0,0,74963,0,4965,0,0,0,0,99,0,5481,41936,19360,25928,256,93795,2854,0,0,7,0,2602,0,0,5,0,PMXC6,S,R2A,NB,RT,REP3,T8,27,SR2ARTNB
PMXC6.S.R2A.NB.VT.REP1.T8,0,6,138585,0,53879,0,0,0,0,130,0,10796,46118,16690,31999,68,108676,8669,0,0,627,0,1166,0,0,0,0,PMXC6,S,R2A,NB,VT,REP1,T8,27,SR2AVTNB
PMXC6.S.R2A.NB.VT.REP2.T8,0,0,75651,0,27379,0,0,0,0,147,0,7179,59554,10105,20768,3,79851,2831,0,0,1055,0,218,0,0,0,0,PMXC6,S,R2A,NB,VT,REP2,T8,27,SR2AVTNB
PMXC6.S.R2A.NB.VT.REP3.T8,0,0,5965,0,10691,0,0,0,0,113,0,2533,7161,5659,23299,0,127200,164,0,0,451,30,78,10,0,20,0,PMXC6,S,R2A,NB,VT,REP3,T8,27,SR2AVTNB
PMXC6.NS.CR.B.RT.REP1.T9,14,21,145753,0,0,0,0,0,0,0,0,17083,3220,35455,3744,12,42199,57658,0,0,0,0,426,0,0,0,0,PMXC6,NS,CR,B,RT,REP1,T9,30,NSCRRTB
PMXC6.NS.CR.B.RT.REP2.T9,9,14,148002,0,0,0,0,0,0,0,0,18879,3325,34377,2764,0,58496,57740,0,0,0,0,364,0,0,0,0,PMXC6,NS,CR,B,RT,REP2,T9,30,NSCRRTB
PMXC6.NS.CR.B.RT.REP3.T9,0,42,139012,0,0,0,0,0,0,0,0,14059,2635,32845,3480,10,59212,63676,0,0,0,0,254,0,0,4,0,PMXC6,NS,CR,B,RT,REP3,T9,30,NSCRRTB
PMXC6.NS.CR.B.VT.REP1.T9,61,0,0,0,0,0,0,0,0,112,0,16868,7444,1449,946,0,6144,56,27,0,1620,0,74,18,0,17,0,PMXC6,NS,CR,B,VT,REP1,T9,30,NSCRVTB
PMXC6.NS.CR.B.VT.REP2.T9,173,140,60,0,65,145,0,0,0,2250,0,29535,8382,9056,11461,0,31311,351,0,0,2313,0,193,18,0,18539,70,PMXC6,NS,CR,B,VT,REP2,T9,30,NSCRVTB
PMXC6.NS.CR.B.VT.REP3.T9,0,233,80,51,71,16,0,0,0,2397,0,21960,6578,3897,8370,717,17542,299,0,0,1553,0,13,313,0,13367,42,PMXC6,NS,CR,B,VT,REP3,T9,30,NSCRVTB
PMXC6.NS.CR.NB.RT.REP1.T9,0,99,125202,18,0,0,0,0,0,0,0,14067,2896,27821,3042,0,42967,71220,0,0,351,0,25,0,0,0,0,PMXC6,NS,CR,NB,RT,REP1,T9,30,NSCRRTNB
PMXC6.NS.CR.NB.RT.REP2.T9,0,93,146284,0,0,0,0,0,0,15,0,22650,4182,40042,2256,39,58218,77506,0,0,94,0,379,0,0,0,0,PMXC6,NS,CR,NB,RT,REP2,T9,30,NSCRRTNB
PMXC6.NS.CR.NB.RT.REP3.T9,0,90,152337,0,0,0,0,0,0,17,0,16320,3499,41083,2464,17,63166,79900,0,0,380,0,289,0,0,0,0,PMXC6,NS,CR,NB,RT,REP3,T9,30,NSCRRTNB
PMXC6.NS.CR.NB.VT.REP1.T9,0,0,78,0,0,0,0,0,0,0,0,782,404,79,0,0,112,34,0,0,90,0,0,0,0,0,0,PMXC6,NS,CR,NB,VT,REP1,T9,30,NSCRVTNB
PMXC6.NS.CR.NB.VT.REP2.T9,0,8476,78773,385,43764,0,0,0,0,3256,0,36260,6447,31801,3439,27,65127,72810,0,0,4328,0,259,0,0,0,0,PMXC6,NS,CR,NB,VT,REP2,T9,30,NSCRVTNB
PMXC6.NS.CR.NB.VT.REP3.T9,0,1813,11074,552,2656,882,1383,0,0,622,0,5970,3260,8266,1052,0,14620,10711,0,0,398,0,125,0,0,0,0,PMXC6,NS,CR,NB,VT,REP3,T9,30,NSCRVTNB
PMXC6.NS.R2A.B.RT.REP1.T9,0,4494,139646,0,3220,0,64,0,0,311,0,28254,33223,70912,259,0,17113,1626,0,0,0,0,401,0,0,0,0,PMXC6,NS,R2A,B,RT,REP1,T9,30,NSR2ARTB
PMXC6.NS.R2A.B.RT.REP2.T9,10,3686,151299,0,2004,0,5,0,0,218,0,31324,38312,62021,409,26,16127,2234,0,0,0,0,1051,0,0,0,0,PMXC6,NS,R2A,B,RT,REP2,T9,30,NSR2ARTB
PMXC6.NS.R2A.B.RT.REP3.T9,9,4301,152582,0,3697,0,0,0,0,428,0,42106,44899,79789,376,6,24026,3630,0,0,0,0,164,0,0,0,0,PMXC6,NS,R2A,B,RT,REP3,T9,30,NSR2ARTB
PMXC6.NS.R2A.B.VT.REP1.T9,616,4309,160376,23,45669,0,5808,0,0,1230,0,32056,16286,48573,3168,12,16583,4991,0,0,1159,0,167,0,0,0,0,PMXC6,NS,R2A,B,VT,REP1,T9,30,NSR2AVTB
PMXC6.NS.R2A.B.VT.REP2.T9,46,4188,170186,25,47291,0,0,0,0,648,0,33499,19143,45029,3988,120,22305,5320,0,0,0,0,2887,0,0,0,0,PMXC6,NS,R2A,B,VT,REP2,T9,30,NSR2AVTB
PMXC6.NS.R2A.B.VT.REP3.T9,40,2920,124180,43,50061,0,0,0,0,3382,0,25764,19126,41756,6101,37,51208,3436,0,0,3416,0,360,0,0,0,0,PMXC6,NS,R2A,B,VT,REP3,T9,30,NSR2AVTB
PMXC6.NS.R2A.NB.RT.REP1.T9,74,4819,168093,0,1857,0,41,0,0,163,0,30329,34740,42606,141,229,17377,5136,0,0,0,0,6639,0,0,3,0,PMXC6,NS,R2A,NB,RT,REP1,T9,30,NSR2ARTNB
PMXC6.NS.R2A.NB.RT.REP2.T9,45,3947,155760,0,4022,0,142,0,0,112,0,28964,30773,34663,107,10,17728,2926,0,0,0,0,532,0,0,0,0,PMXC6,NS,R2A,NB,RT,REP2,T9,30,NSR2ARTNB
PMXC6.NS.R2A.NB.RT.REP3.T9,89,3607,147541,0,4700,0,0,0,0,142,0,36233,39633,35700,189,8,15009,3812,0,0,0,0,249,0,0,3,0,PMXC6,NS,R2A,NB,RT,REP3,T9,30,NSR2ARTNB
PMXC6.NS.R2A.NB.VT.REP1.T9,0,5279,195406,0,949,0,0,0,0,95,0,28973,24699,13126,1666,54,66828,1997,0,0,0,0,372,0,0,5,0,PMXC6,NS,R2A,NB,VT,REP1,T9,30,NSR2AVTNB
PMXC6.NS.R2A.NB.VT.REP2.T9,0,3410,196987,0,1351,0,0,0,0,23,0,29245,21194,13783,1265,0,65717,2171,0,0,0,0,684,0,0,0,0,PMXC6,NS,R2A,NB,VT,REP2,T9,30,NSR2AVTNB
PMXC6.NS.R2A.NB.VT.REP3.T9,0,5117,174639,0,428,0,0,0,0,263,0,21988,20586,14110,2006,7,78892,3131,0,0,0,0,816,0,0,0,0,PMXC6,NS,R2A,NB,VT,REP3,T9,30,NSR2AVTNB
PMXC6.S.CR.B.RT.REP1.T9,4806,0,9529,3172,5041,1863,17438,0,0,218,0,40230,8453,53993,34178,157,84485,1602,0,0,3154,0,359,3392,0,22175,332,PMXC6,S,CR,B,RT,REP1,T9,30,SCRRTB
PMXC6.S.CR.B.RT.REP2.T9,1346,0,3648,2346,2361,1227,11004,0,1144,277,0,25395,4904,65413,47007,295,96084,654,0,0,1847,0,706,2409,0,32775,2179,PMXC6,S,CR,B,RT,REP2,T9,30,SCRRTB
PMXC6.S.CR.B.RT.REP3.T9,2454,38,6627,2422,1884,1303,11786,0,1186,769,0,29738,5092,65695,51208,414,122675,1178,0,0,1798,0,330,3054,0,36639,3198,PMXC6,S,CR,B,RT,REP3,T9,30,SCRRTB
PMXC6.S.CR.B.VT.REP1.T9,129,0,0,0,0,0,0,0,0,0,0,169,61,153,1867,1135,6,0,0,0,26,10,41,107,0,6037,0,PMXC6,S,CR,B,VT,REP1,T9,30,SCRVTB
PMXC6.S.CR.B.VT.REP2.T9,32,0,0,0,0,0,0,0,0,0,0,34,0,0,275,421,0,0,0,0,0,0,6,24,0,1021,0,PMXC6,S,CR,B,VT,REP2,T9,30,SCRVTB
PMXC6.S.CR.B.VT.REP3.T9,23,0,7,0,0,0,0,0,0,0,0,334,120,77,664,308,0,0,0,0,123,0,0,3,0,5654,0,PMXC6,S,CR,B,VT,REP3,T9,30,SCRVTB
PMXC6.S.CR.NB.RT.REP1.T9,45,13,41744,1079,4989,1941,12864,0,0,1262,0,51802,12296,66693,35802,0,59984,15486,0,0,3892,0,867,25746,0,7919,190,PMXC6,S,CR,NB,RT,REP1,T9,30,SCRRTNB
PMXC6.S.CR.NB.RT.REP2.T9,8,39,31754,2806,2758,2969,17685,0,853,736,0,63197,18214,63421,38765,28,107853,9487,0,0,3276,0,737,10497,0,7249,3052,PMXC6,S,CR,NB,RT,REP2,T9,30,SCRRTNB
PMXC6.S.CR.NB.RT.REP3.T9,31,0,30087,1893,3946,3361,17330,0,13,286,0,71685,16131,59543,29543,41,80131,16702,0,0,6434,0,644,8495,0,7847,2474,PMXC6,S,CR,NB,RT,REP3,T9,30,SCRRTNB
PMXC6.S.CR.NB.VT.REP1.T9,0,0,0,0,0,0,0,0,0,0,0,0,0,17,0,0,0,0,0,0,0,0,0,0,0,27,0,PMXC6,S,CR,NB,VT,REP1,T9,30,SCRVTNB
PMXC6.S.CR.NB.VT.REP2.T9,0,0,48,0,0,0,0,0,0,0,0,249,49,36,4,78,33,0,0,0,52,0,0,0,0,232,0,PMXC6,S,CR,NB,VT,REP2,T9,30,SCRVTNB
PMXC6.S.CR.NB.VT.REP3.T9,0,0,29,0,0,0,0,0,0,0,0,258,0,24,0,140,0,0,0,0,59,0,424,0,0,344,0,PMXC6,S,CR,NB,VT,REP3,T9,30,SCRVTNB
PMXC6.S.R2A.B.RT.REP1.T9,178,704,75130,21,58770,6770,14344,0,0,962,0,16598,29405,90175,3491,2,53798,1340,0,0,1879,0,210,0,0,6,0,PMXC6,S,R2A,B,RT,REP1,T9,30,SR2ARTB
PMXC6.S.R2A.B.RT.REP2.T9,154,878,45783,0,50400,8352,35630,0,0,1075,0,9295,23282,93104,10170,63,99768,743,0,0,751,0,2661,0,0,12,0,PMXC6,S,R2A,B,RT,REP2,T9,30,SR2ARTB
PMXC6.S.R2A.B.RT.REP3.T9,370,764,75774,0,52378,7419,20508,0,0,1317,0,18756,34434,84597,6618,4,49262,1253,0,0,2074,0,299,0,0,0,0,PMXC6,S,R2A,B,RT,REP3,T9,30,SR2ARTB
PMXC6.S.R2A.B.VT.REP1.T9,0,0,31,0,326,0,219,0,0,0,0,331,124,626,4846,248,103376,0,0,0,111,0,35,0,0,6,0,PMXC6,S,R2A,B,VT,REP1,T9,30,SR2AVTB
PMXC6.S.R2A.B.VT.REP2.T9,19,0,8,0,79,0,69,0,0,0,0,37,211,564,1436,113,40028,0,0,0,16,0,19,0,0,0,0,PMXC6,S,R2A,B,VT,REP2,T9,30,SR2AVTB
PMXC6.S.R2A.B.VT.REP3.T9,0,0,71,0,1459,0,1039,6,0,0,0,26,928,1237,4456,262,123490,0,0,0,0,0,22,0,0,0,0,PMXC6,S,R2A,B,VT,REP3,T9,30,SR2AVTB
PMXC6.S.R2A.NB.RT.REP1.T9,0,13,47958,0,8477,0,0,0,0,117,0,2651,90014,9964,32192,0,95097,1664,0,0,129,0,287,0,0,20,0,PMXC6,S,R2A,NB,RT,REP1,T9,30,SR2ARTNB
PMXC6.S.R2A.NB.RT.REP2.T9,5,32,89717,0,10487,0,0,0,0,85,0,7491,70555,10399,30652,193,92194,3049,0,0,90,0,2073,0,0,0,0,PMXC6,S,R2A,NB,RT,REP2,T9,30,SR2ARTNB
PMXC6.S.R2A.NB.RT.REP3.T9,0,0,30608,0,6137,0,0,0,0,74,0,4699,46874,18431,47055,65,150777,693,0,0,36,18,700,0,0,14,0,PMXC6,S,R2A,NB,RT,REP3,T9,30,SR2ARTNB
PMXC6.S.R2A.NB.VT.REP1.T9,0,0,109001,0,41058,0,0,0,0,30,0,9443,28155,7114,19124,280,73643,7588,0,0,579,0,3099,11,0,29,0,PMXC6,S,R2A,NB,VT,REP1,T9,30,SR2AVTNB
PMXC6.S.R2A.NB.VT.REP2.T9,15,0,23179,0,13880,0,0,0,0,98,0,3211,34712,5022,22641,40,106706,668,0,0,778,0,433,36,0,0,0,PMXC6,S,R2A,NB,VT,REP2,T9,30,SR2AVTNB
PMXC6.S.R2A.NB.VT.REP3.T9,0,0,321,0,2225,0,0,0,0,0,0,116,555,317,1221,0,15592,0,11,0,0,0,60,23,0,0,0,PMXC6,S,R2A,NB,VT,REP3,T9,30,SR2AVTNB