DateTime,Temperature ,Light,Experiment,Temp
02/10/2025 12:10:00,22.09,0.00,PMXC7,VT
02/10/2025 12:20:00,21.79,0.00,PMXC7,VT
02/10/2025 12:30:00,21.96,0.00,PMXC7,VT
02/10/2025 12:40:00,22.22,0.00,PMXC7,VT
02/10/2025 12:50:00,22.43,0.00,PMXC7,VT
02/10/2025 13:00:00,22.65,0.00,PMXC7,VT
02/10/2025 13:10:00,22.91,0.00,PMXC7,VT
02/10/2025 13:20:00,23.16,0.00,PMXC7,VT
02/10/2025 13:30:00,23.38,0.00,PMXC7,VT
02/10/2025 13:40:00,23.59,0.00,PMXC7,VT
02/10/2025 13:50:00,23.85,0.00,PMXC7,VT
02/10/2025 14:00:00,24.02,0.00,PMXC7,VT
02/10/2025 14:10:00,24.24,0.00,PMXC7,VT
02/10/2025 14:20:00,24.54,0.00,PMXC7,VT
02/10/2025 14:30:00,24.71,0.00,PMXC7,VT
02/10/2025 14:40:00,24.97,0.00,PMXC7,VT
02/10/2025 14:50:00,25.18,0.00,PMXC7,VT
02/10/2025 15:00:00,25.44,0.00,PMXC7,VT
02/10/2025 15:10:00,25.61,0.00,PMXC7,VT
02/10/2025 15:20:00,25.87,0.00,PMXC7,VT
02/10/2025 15:30:00,26.08,0.00,PMXC7,VT
02/10/2025 15:40:00,26.30,0.00,PMXC7,VT
02/10/2025 15:50:00,26.55,0.00,PMXC7,VT
02/10/2025 16:00:00,26.72,0.00,PMXC7,VT
02/10/2025 16:10:00,26.94,0.00,PMXC7,VT
02/10/2025 16:20:00,27.11,0.00,PMXC7,VT
02/10/2025 16:30:00,27.41,0.00,PMXC7,VT
02/10/2025 16:40:00,27.58,0.00,PMXC7,VT
02/10/2025 16:50:00,27.84,0.00,PMXC7,VT
02/10/2025 17:00:00,28.01,0.00,PMXC7,VT
02/10/2025 17:10:00,28.27,0.00,PMXC7,VT
02/10/2025 17:20:00,28.48,0.00,PMXC7,VT
02/10/2025 17:30:00,28.74,0.00,PMXC7,VT
02/10/2025 17:40:00,28.95,0.00,PMXC7,VT
02/10/2025 17:50:00,29.13,0.00,PMXC7,VT
02/10/2025 18:00:00,29.38,0.20,PMXC7,VT
02/10/2025 18:10:00,29.51,0.00,PMXC7,VT
02/10/2025 18:20:00,29.60,0.00,PMXC7,VT
02/10/2025 18:30:00,29.51,0.00,PMXC7,VT
02/10/2025 18:40:00,29.34,0.00,PMXC7,VT
02/10/2025 18:50:00,29.17,0.00,PMXC7,VT
02/10/2025 19:00:00,28.95,0.00,PMXC7,VT
02/10/2025 19:10:00,28.83,0.00,PMXC7,VT
02/10/2025 19:20:00,28.61,0.00,PMXC7,VT
02/10/2025 19:30:00,28.44,0.00,PMXC7,VT
02/10/2025 19:40:00,28.23,0.00,PMXC7,VT
02/10/2025 19:50:00,28.05,0.00,PMXC7,VT
02/10/2025 20:00:00,27.75,0.00,PMXC7,VT
02/10/2025 20:10:00,27.58,0.00,PMXC7,VT
02/10/2025 20:20:00,27.37,0.00,PMXC7,VT
02/10/2025 20:30:00,27.20,0.00,PMXC7,VT
02/10/2025 20:40:00,26.98,0.00,PMXC7,VT
02/10/2025 20:50:00,26.77,0.00,PMXC7,VT
02/10/2025 21:00:00,26.55,0.00,PMXC7,VT
02/10/2025 21:10:00,26.30,0.00,PMXC7,VT
02/10/2025 21:20:00,26.12,0.00,PMXC7,VT
02/10/2025 21:30:00,25.91,0.00,PMXC7,VT
02/10/2025 21:40:00,25.69,0.00,PMXC7,VT
02/10/2025 21:50:00,25.48,0.00,PMXC7,VT
02/10/2025 22:00:00,25.22,0.00,PMXC7,VT
02/10/2025 22:10:00,25.01,0.00,PMXC7,VT
02/10/2025 22:20:00,24.79,0.00,PMXC7,VT
02/10/2025 22:30:00,24.62,0.00,PMXC7,VT
02/10/2025 22:40:00,24.41,0.00,PMXC7,VT
02/10/2025 22:50:00,24.15,0.00,PMXC7,VT
02/10/2025 23:00:00,23.94,0.00,PMXC7,VT
02/10/2025 23:10:00,23.72,0.00,PMXC7,VT
02/10/2025 23:20:00,23.55,0.00,PMXC7,VT
02/10/2025 23:30:00,23.34,0.00,PMXC7,VT
02/10/2025 23:40:00,23.08,0.00,PMXC7,VT
02/10/2025 23:50:00,22.91,0.00,PMXC7,VT
02/11/2025 00:00:00,22.65,0.00,PMXC7,VT
02/11/2025 00:10:00,22.43,0.00,PMXC7,VT
02/11/2025 00:20:00,22.43,0.00,PMXC7,VT
02/11/2025 00:30:00,22.52,0.00,PMXC7,VT
02/11/2025 00:40:00,22.65,0.00,PMXC7,VT
02/11/2025 00:50:00,22.82,0.00,PMXC7,VT
02/11/2025 01:00:00,22.99,0.00,PMXC7,VT
02/11/2025 01:10:00,23.16,0.00,PMXC7,VT
02/11/2025 01:20:00,23.38,0.00,PMXC7,VT
02/11/2025 01:30:00,23.59,0.00,PMXC7,VT
02/11/2025 01:40:00,23.81,0.00,PMXC7,VT
02/11/2025 01:50:00,23.98,0.00,PMXC7,VT
02/11/2025 02:00:00,24.28,0.00,PMXC7,VT
02/11/2025 02:10:00,24.41,0.00,PMXC7,VT
02/11/2025 02:20:00,24.62,0.00,PMXC7,VT
02/11/2025 02:30:00,24.84,0.00,PMXC7,VT
02/11/2025 02:40:00,25.09,0.00,PMXC7,VT
02/11/2025 02:50:00,25.27,0.00,PMXC7,VT
02/11/2025 03:00:00,25.48,0.20,PMXC7,VT
02/11/2025 03:10:00,25.65,0.00,PMXC7,VT
02/11/2025 03:20:00,25.87,0.00,PMXC7,VT
02/11/2025 03:30:00,26.08,0.00,PMXC7,VT
02/11/2025 03:40:00,26.34,0.00,PMXC7,VT
02/11/2025 03:50:00,26.51,0.00,PMXC7,VT
02/11/2025 04:00:00,26.77,0.00,PMXC7,VT
02/11/2025 04:10:00,26.94,0.00,PMXC7,VT
02/11/2025 04:20:00,27.15,0.00,PMXC7,VT
02/11/2025 04:30:00,27.41,0.00,PMXC7,VT
02/11/2025 04:40:00,27.63,0.00,PMXC7,VT
02/11/2025 04:50:00,27.84,0.00,PMXC7,VT
02/11/2025 05:00:00,28.10,0.00,PMXC7,VT
02/11/2025 05:10:00,28.31,0.00,PMXC7,VT
02/11/2025 05:20:00,28.44,0.00,PMXC7,VT
02/11/2025 05:30:00,28.70,0.00,PMXC7,VT
02/11/2025 05:40:00,28.91,0.00,PMXC7,VT
02/11/2025 05:50:00,29.13,0.00,PMXC7,VT
02/11/2025 06:00:00,29.38,0.00,PMXC7,VT
02/11/2025 06:10:00,29.56,0.00,PMXC7,VT
02/11/2025 06:20:00,29.60,0.00,PMXC7,VT
02/11/2025 06:30:00,29.47,0.00,PMXC7,VT
02/11/2025 06:40:00,29.38,0.00,PMXC7,VT
02/11/2025 06:50:00,29.17,0.00,PMXC7,VT
02/11/2025 07:00:00,29.00,0.00,PMXC7,VT
02/11/2025 07:10:00,28.78,0.00,PMXC7,VT
02/11/2025 07:20:00,28.61,0.00,PMXC7,VT
02/11/2025 07:30:00,28.40,0.00,PMXC7,VT
02/11/2025 07:40:00,28.23,0.00,PMXC7,VT
02/11/2025 07:50:00,28.01,0.00,PMXC7,VT
02/11/2025 08:00:00,27.80,0.00,PMXC7,VT
02/11/2025 08:10:00,27.58,0.00,PMXC7,VT
02/11/2025 08:20:00,27.37,0.00,PMXC7,VT
02/11/2025 08:30:00,27.15,0.00,PMXC7,VT
02/11/2025 08:40:00,26.98,0.00,PMXC7,VT
02/11/2025 08:50:00,26.77,0.00,PMXC7,VT
02/11/2025 09:00:00,26.51,0.00,PMXC7,VT
02/11/2025 09:10:00,26.34,0.00,PMXC7,VT
02/11/2025 09:20:00,26.17,0.00,PMXC7,VT
02/11/2025 09:30:00,25.87,0.00,PMXC7,VT
02/11/2025 09:40:00,25.65,0.00,PMXC7,VT
02/11/2025 09:50:00,25.48,0.00,PMXC7,VT
02/11/2025 10:00:00,25.27,0.00,PMXC7,VT
02/11/2025 10:10:00,25.05,0.00,PMXC7,VT
02/11/2025 10:20:00,24.79,0.00,PMXC7,VT
02/11/2025 10:30:00,24.62,0.00,PMXC7,VT
02/11/2025 10:40:00,24.36,0.00,PMXC7,VT
02/11/2025 10:50:00,24.19,0.00,PMXC7,VT
02/11/2025 11:00:00,23.98,0.00,PMXC7,VT
02/11/2025 11:10:00,23.72,0.00,PMXC7,VT
02/11/2025 11:20:00,23.55,0.00,PMXC7,VT
02/11/2025 11:30:00,23.34,0.00,PMXC7,VT
02/11/2025 11:40:00,23.12,0.00,PMXC7,VT
02/11/2025 11:50:00,22.86,0.00,PMXC7,VT
02/11/2025 12:00:00,22.69,0.20,PMXC7,VT
02/11/2025 12:10:00,22.48,0.00,PMXC7,VT
02/11/2025 12:20:00,22.43,0.00,PMXC7,VT
02/11/2025 12:30:00,22.56,0.00,PMXC7,VT
02/11/2025 12:40:00,22.69,0.00,PMXC7,VT
02/11/2025 12:50:00,22.86,0.00,PMXC7,VT
02/11/2025 13:00:00,22.99,0.00,PMXC7,VT
02/11/2025 13:10:00,23.25,0.00,PMXC7,VT
02/11/2025 13:20:00,23.42,0.00,PMXC7,VT
02/11/2025 13:30:00,23.64,0.00,PMXC7,VT
02/11/2025 13:40:00,23.81,0.00,PMXC7,VT
02/11/2025 13:50:00,23.98,0.00,PMXC7,VT
02/11/2025 14:00:00,24.24,0.00,PMXC7,VT
02/11/2025 14:10:00,24.41,0.00,PMXC7,VT
02/11/2025 14:20:00,24.62,0.00,PMXC7,VT
02/11/2025 14:30:00,24.84,0.00,PMXC7,VT
02/11/2025 14:40:00,25.09,0.00,PMXC7,VT
02/11/2025 14:50:00,25.22,0.00,PMXC7,VT
02/11/2025 15:00:00,25.48,0.00,PMXC7,VT
02/11/2025 15:10:00,25.69,0.00,PMXC7,VT
02/11/2025 15:20:00,25.91,0.00,PMXC7,VT
02/11/2025 15:30:00,26.12,0.00,PMXC7,VT
02/11/2025 15:40:00,26.34,0.00,PMXC7,VT
02/11/2025 15:50:00,26.55,0.00,PMXC7,VT
02/11/2025 16:00:00,26.81,0.00,PMXC7,VT
02/11/2025 16:10:00,26.98,0.00,PMXC7,VT
02/11/2025 16:20:00,27.20,0.00,PMXC7,VT
02/11/2025 16:30:00,27.37,0.00,PMXC7,VT
02/11/2025 16:40:00,27.67,0.00,PMXC7,VT
02/11/2025 16:50:00,27.93,0.00,PMXC7,VT
02/11/2025 17:00:00,28.10,0.00,PMXC7,VT
02/11/2025 17:10:00,28.31,0.00,PMXC7,VT
02/11/2025 17:20:00,28.57,0.00,PMXC7,VT
02/11/2025 17:30:00,28.74,0.00,PMXC7,VT
02/11/2025 17:40:00,28.95,0.00,PMXC7,VT
02/11/2025 17:50:00,29.17,0.00,PMXC7,VT
02/11/2025 18:00:00,29.38,0.00,PMXC7,VT
02/11/2025 18:10:00,29.56,0.00,PMXC7,VT
02/11/2025 18:20:00,29.60,0.00,PMXC7,VT
02/11/2025 18:30:00,29.47,0.00,PMXC7,VT
02/11/2025 18:40:00,29.38,0.00,PMXC7,VT
02/11/2025 18:50:00,29.21,0.00,PMXC7,VT
02/11/2025 19:00:00,29.04,0.00,PMXC7,VT
02/11/2025 19:10:00,28.83,0.00,PMXC7,VT
02/11/2025 19:20:00,28.65,0.00,PMXC7,VT
02/11/2025 19:30:00,28.44,0.00,PMXC7,VT
02/11/2025 19:40:00,28.23,0.00,PMXC7,VT
02/11/2025 19:50:00,28.05,0.00,PMXC7,VT
02/11/2025 20:00:00,27.84,0.00,PMXC7,VT
02/11/2025 20:10:00,27.63,0.00,PMXC7,VT
02/11/2025 20:20:00,27.41,0.00,PMXC7,VT
02/11/2025 20:30:00,27.20,0.00,PMXC7,VT
02/11/2025 20:40:00,26.94,0.00,PMXC7,VT
02/11/2025 20:50:00,26.77,0.00,PMXC7,VT
02/11/2025 21:00:00,26.55,0.20,PMXC7,VT
02/11/2025 21:10:00,26.38,0.00,PMXC7,VT
02/11/2025 21:20:00,26.12,0.00,PMXC7,VT
02/11/2025 21:30:00,25.87,0.00,PMXC7,VT
02/11/2025 21:40:00,25.74,0.00,PMXC7,VT
02/11/2025 21:50:00,25.48,0.00,PMXC7,VT
02/11/2025 22:00:00,25.22,0.00,PMXC7,VT
02/11/2025 22:10:00,25.05,0.00,PMXC7,VT
02/11/2025 22:20:00,24.84,0.00,PMXC7,VT
02/11/2025 22:30:00,24.62,0.00,PMXC7,VT
02/11/2025 22:40:00,24.41,0.00,PMXC7,VT
02/11/2025 22:50:00,24.15,0.00,PMXC7,VT
02/11/2025 23:00:00,23.94,0.00,PMXC7,VT
02/11/2025 23:10:00,23.72,0.00,PMXC7,VT
02/11/2025 23:20:00,23.51,0.00,PMXC7,VT
02/11/2025 23:30:00,23.29,0.00,PMXC7,VT
02/11/2025 23:40:00,23.12,0.00,PMXC7,VT
02/11/2025 23:50:00,22.86,0.00,PMXC7,VT
02/12/2025 00:00:00,22.65,0.00,PMXC7,VT
02/12/2025 00:10:00,22.43,0.00,PMXC7,VT
02/12/2025 00:20:00,22.39,0.00,PMXC7,VT
02/12/2025 00:30:00,22.56,0.00,PMXC7,VT
02/12/2025 00:40:00,22.73,0.00,PMXC7,VT
02/12/2025 00:50:00,22.82,0.00,PMXC7,VT
02/12/2025 01:00:00,23.03,0.00,PMXC7,VT
02/12/2025 01:10:00,23.16,0.00,PMXC7,VT
02/12/2025 01:20:00,23.42,0.00,PMXC7,VT
02/12/2025 01:30:00,23.59,0.00,PMXC7,VT
02/12/2025 01:40:00,23.81,0.00,PMXC7,VT
02/12/2025 01:50:00,24.02,0.00,PMXC7,VT
02/12/2025 02:00:00,24.24,0.00,PMXC7,VT
02/12/2025 02:10:00,24.41,0.00,PMXC7,VT
02/12/2025 02:20:00,24.62,0.00,PMXC7,VT
02/12/2025 02:30:00,24.79,0.00,PMXC7,VT
02/12/2025 02:40:00,25.05,0.00,PMXC7,VT
02/12/2025 02:50:00,25.22,0.00,PMXC7,VT
02/12/2025 03:00:00,25.44,0.00,PMXC7,VT
02/12/2025 03:10:00,25.69,0.00,PMXC7,VT
02/12/2025 03:20:00,25.87,0.00,PMXC7,VT
02/12/2025 03:30:00,26.08,0.00,PMXC7,VT
02/12/2025 03:40:00,26.38,0.00,PMXC7,VT
02/12/2025 03:50:00,26.47,0.00,PMXC7,VT
02/12/2025 04:00:00,26.77,0.00,PMXC7,VT
02/12/2025 04:10:00,26.94,0.00,PMXC7,VT
02/12/2025 04:20:00,27.20,0.00,PMXC7,VT
02/12/2025 04:30:00,27.41,0.00,PMXC7,VT
02/12/2025 04:40:00,27.58,0.00,PMXC7,VT
02/12/2025 04:50:00,27.84,0.00,PMXC7,VT
02/12/2025 05:00:00,28.05,0.00,PMXC7,VT
02/12/2025 05:10:00,28.27,0.00,PMXC7,VT
02/12/2025 05:20:00,28.53,0.00,PMXC7,VT
02/12/2025 05:30:00,28.70,0.00,PMXC7,VT
02/12/2025 05:40:00,28.95,0.00,PMXC7,VT
02/12/2025 05:50:00,29.13,0.00,PMXC7,VT
02/12/2025 06:00:00,29.34,0.20,PMXC7,VT
02/12/2025 06:10:00,29.56,0.00,PMXC7,VT
02/12/2025 06:20:00,29.56,0.00,PMXC7,VT
02/12/2025 06:30:00,29.47,0.00,PMXC7,VT
02/12/2025 06:40:00,29.38,0.00,PMXC7,VT
02/12/2025 06:50:00,29.17,0.00,PMXC7,VT
02/12/2025 07:00:00,29.00,0.00,PMXC7,VT
02/12/2025 07:10:00,28.78,0.00,PMXC7,VT
02/12/2025 07:20:00,28.61,0.00,PMXC7,VT
02/12/2025 07:30:00,28.40,0.00,PMXC7,VT
02/12/2025 07:40:00,28.23,0.00,PMXC7,VT
02/12/2025 07:50:00,28.05,0.00,PMXC7,VT
02/12/2025 08:00:00,27.80,0.00,PMXC7,VT
02/12/2025 08:10:00,27.63,0.00,PMXC7,VT
02/12/2025 08:20:00,27.41,0.00,PMXC7,VT
02/12/2025 08:30:00,27.15,0.00,PMXC7,VT
02/12/2025 08:40:00,27.02,0.00,PMXC7,VT
02/12/2025 08:50:00,26.77,0.00,PMXC7,VT
02/12/2025 09:00:00,26.55,0.00,PMXC7,VT
02/12/2025 09:10:00,26.38,0.00,PMXC7,VT
02/12/2025 09:20:00,26.17,0.00,PMXC7,VT
02/12/2025 09:30:00,25.91,0.00,PMXC7,VT
02/12/2025 09:40:00,25.65,0.00,PMXC7,VT
02/12/2025 09:50:00,25.48,0.00,PMXC7,VT
02/12/2025 10:00:00,25.22,0.00,PMXC7,VT
02/12/2025 10:10:00,25.01,0.00,PMXC7,VT
02/12/2025 10:20:00,24.84,0.00,PMXC7,VT
02/12/2025 10:30:00,24.62,0.00,PMXC7,VT
02/12/2025 10:40:00,24.41,0.00,PMXC7,VT
02/12/2025 10:50:00,24.19,0.00,PMXC7,VT
02/12/2025 11:00:00,23.98,0.00,PMXC7,VT
02/12/2025 11:10:00,23.72,0.00,PMXC7,VT
02/12/2025 11:20:00,23.51,0.00,PMXC7,VT
02/12/2025 11:30:00,23.29,0.00,PMXC7,VT
02/12/2025 11:40:00,23.12,0.00,PMXC7,VT
02/12/2025 11:50:00,22.86,0.20,PMXC7,VT
02/12/2025 12:00:00,22.65,0.00,PMXC7,VT
02/12/2025 12:10:00,22.43,0.00,PMXC7,VT
02/12/2025 12:20:00,22.48,0.00,PMXC7,VT
02/12/2025 12:30:00,22.56,0.00,PMXC7,VT
02/12/2025 12:40:00,22.69,0.00,PMXC7,VT
02/12/2025 12:50:00,22.86,0.00,PMXC7,VT
02/12/2025 13:00:00,23.03,0.00,PMXC7,VT
02/12/2025 13:10:00,23.21,0.00,PMXC7,VT
02/12/2025 13:20:00,23.42,0.00,PMXC7,VT
02/12/2025 13:30:00,23.59,0.00,PMXC7,VT
02/12/2025 13:40:00,23.81,0.00,PMXC7,VT
02/12/2025 13:50:00,24.06,0.00,PMXC7,VT
02/12/2025 14:00:00,24.24,0.00,PMXC7,VT
02/12/2025 14:10:00,24.45,0.00,PMXC7,VT
02/12/2025 14:20:00,24.62,0.00,PMXC7,VT
02/12/2025 14:30:00,24.88,0.00,PMXC7,VT
02/12/2025 14:40:00,25.09,0.00,PMXC7,VT
02/12/2025 14:50:00,25.35,0.00,PMXC7,VT
02/12/2025 15:00:00,25.48,0.20,PMXC7,VT
02/12/2025 15:10:00,25.69,0.00,PMXC7,VT
02/12/2025 15:20:00,25.91,0.00,PMXC7,VT
02/12/2025 15:30:00,26.12,0.00,PMXC7,VT
02/12/2025 15:40:00,26.30,0.00,PMXC7,VT
02/12/2025 15:50:00,26.55,0.00,PMXC7,VT
02/12/2025 16:00:00,26.72,0.00,PMXC7,VT
02/12/2025 16:10:00,27.02,0.00,PMXC7,VT
02/12/2025 16:20:00,27.24,0.00,PMXC7,VT
02/12/2025 16:30:00,27.41,0.00,PMXC7,VT
02/12/2025 16:40:00,27.67,0.00,PMXC7,VT
02/12/2025 16:50:00,27.84,0.00,PMXC7,VT
02/12/2025 17:00:00,28.05,0.00,PMXC7,VT
02/12/2025 17:10:00,28.27,0.00,PMXC7,VT
02/12/2025 17:20:00,28.48,0.00,PMXC7,VT
02/12/2025 17:30:00,28.74,0.00,PMXC7,VT
02/12/2025 17:40:00,28.91,0.00,PMXC7,VT
02/12/2025 17:50:00,29.17,0.00,PMXC7,VT
02/12/2025 18:00:00,29.38,0.00,PMXC7,VT
02/12/2025 18:10:00,29.56,0.00,PMXC7,VT
02/12/2025 18:20:00,29.60,0.00,PMXC7,VT
02/12/2025 18:30:00,29.51,0.00,PMXC7,VT
02/12/2025 18:40:00,29.34,0.00,PMXC7,VT
02/12/2025 18:50:00,29.17,0.00,PMXC7,VT
02/12/2025 19:00:00,29.00,0.00,PMXC7,VT
02/12/2025 19:10:00,28.83,0.00,PMXC7,VT
02/12/2025 19:20:00,28.61,0.00,PMXC7,VT
02/12/2025 19:30:00,28.44,0.00,PMXC7,VT
02/12/2025 19:40:00,28.27,0.00,PMXC7,VT
02/12/2025 19:50:00,28.01,0.00,PMXC7,VT
02/12/2025 20:00:00,27.80,0.00,PMXC7,VT
02/12/2025 20:10:00,27.63,0.00,PMXC7,VT
02/12/2025 20:20:00,27.37,0.00,PMXC7,VT
02/12/2025 20:30:00,27.20,0.00,PMXC7,VT
02/12/2025 20:40:00,26.98,0.00,PMXC7,VT
02/12/2025 20:50:00,26.77,0.20,PMXC7,VT
02/12/2025 21:00:00,26.55,0.00,PMXC7,VT
02/12/2025 21:10:00,26.30,0.00,PMXC7,VT
02/12/2025 21:20:00,26.12,0.00,PMXC7,VT
02/12/2025 21:30:00,25.87,0.00,PMXC7,VT
02/12/2025 21:40:00,25.69,0.00,PMXC7,VT
02/12/2025 21:50:00,25.48,0.00,PMXC7,VT
02/12/2025 22:00:00,25.27,0.00,PMXC7,VT
02/12/2025 22:10:00,25.05,0.00,PMXC7,VT
02/12/2025 22:20:00,24.79,0.00,PMXC7,VT
02/12/2025 22:30:00,24.58,0.00,PMXC7,VT
02/12/2025 22:40:00,24.36,0.00,PMXC7,VT
02/12/2025 22:50:00,24.15,0.00,PMXC7,VT
02/12/2025 23:00:00,23.89,0.00,PMXC7,VT
02/12/2025 23:10:00,23.72,0.00,PMXC7,VT
02/12/2025 23:20:00,23.51,0.00,PMXC7,VT
02/12/2025 23:30:00,23.34,0.00,PMXC7,VT
02/12/2025 23:40:00,23.08,0.00,PMXC7,VT
02/12/2025 23:50:00,22.82,0.00,PMXC7,VT
02/13/2025 00:00:00,22.61,0.20,PMXC7,VT
02/13/2025 00:10:00,22.43,0.00,PMXC7,VT
02/13/2025 00:20:00,22.39,0.00,PMXC7,VT
02/13/2025 00:30:00,22.56,0.00,PMXC7,VT
02/13/2025 00:40:00,22.65,0.00,PMXC7,VT
02/13/2025 00:50:00,22.82,0.00,PMXC7,VT
02/13/2025 01:00:00,22.99,0.00,PMXC7,VT
02/13/2025 01:10:00,23.21,0.00,PMXC7,VT
02/13/2025 01:20:00,23.38,0.00,PMXC7,VT
02/13/2025 01:30:00,23.64,0.00,PMXC7,VT
02/13/2025 01:40:00,23.81,0.00,PMXC7,VT
02/13/2025 01:50:00,24.02,0.00,PMXC7,VT
02/13/2025 02:00:00,24.19,0.00,PMXC7,VT
02/13/2025 02:10:00,24.41,0.00,PMXC7,VT
02/13/2025 02:20:00,24.62,0.00,PMXC7,VT
02/13/2025 02:30:00,24.84,0.00,PMXC7,VT
02/13/2025 02:40:00,25.09,0.00,PMXC7,VT
02/13/2025 02:50:00,25.31,0.00,PMXC7,VT
02/13/2025 03:00:00,25.48,0.00,PMXC7,VT
02/13/2025 03:10:00,25.65,0.00,PMXC7,VT
02/13/2025 03:20:00,25.91,0.00,PMXC7,VT
02/13/2025 03:30:00,26.08,0.00,PMXC7,VT
02/13/2025 03:40:00,26.34,0.00,PMXC7,VT
02/13/2025 03:50:00,26.60,0.00,PMXC7,VT
02/13/2025 04:00:00,26.77,0.00,PMXC7,VT
02/13/2025 04:10:00,26.98,0.00,PMXC7,VT
02/13/2025 04:20:00,27.15,0.00,PMXC7,VT
02/13/2025 04:30:00,27.37,0.00,PMXC7,VT
02/13/2025 04:40:00,27.58,0.00,PMXC7,VT
02/13/2025 04:50:00,27.84,0.00,PMXC7,VT
02/13/2025 05:00:00,28.01,0.00,PMXC7,VT
02/13/2025 05:10:00,28.27,0.00,PMXC7,VT
02/13/2025 05:20:00,28.48,0.00,PMXC7,VT
02/13/2025 05:30:00,28.74,0.00,PMXC7,VT
02/13/2025 05:40:00,28.91,0.00,PMXC7,VT
02/13/2025 05:50:00,29.17,0.20,PMXC7,VT
02/13/2025 06:00:00,29.38,0.00,PMXC7,VT
02/13/2025 06:10:00,29.60,0.00,PMXC7,VT
02/13/2025 06:20:00,29.56,0.00,PMXC7,VT
02/13/2025 06:30:00,29.51,0.00,PMXC7,VT
02/13/2025 06:40:00,29.34,0.00,PMXC7,VT
02/13/2025 06:50:00,29.17,0.00,PMXC7,VT
02/13/2025 07:00:00,28.95,0.00,PMXC7,VT
02/13/2025 07:10:00,28.78,0.00,PMXC7,VT
02/13/2025 07:20:00,28.61,0.00,PMXC7,VT
02/13/2025 07:30:00,28.40,0.00,PMXC7,VT
02/13/2025 07:40:00,28.18,0.00,PMXC7,VT
02/13/2025 07:50:00,28.01,0.00,PMXC7,VT
02/13/2025 08:00:00,27.80,0.00,PMXC7,VT
02/13/2025 08:10:00,27.58,0.00,PMXC7,VT
02/13/2025 08:20:00,27.41,0.00,PMXC7,VT
02/13/2025 08:30:00,27.20,0.00,PMXC7,VT
02/13/2025 08:40:00,26.98,0.00,PMXC7,VT
02/13/2025 08:50:00,26.72,0.00,PMXC7,VT
02/13/2025 09:00:00,26.51,0.00,PMXC7,VT
02/13/2025 09:10:00,26.30,0.00,PMXC7,VT
02/13/2025 09:20:00,26.12,0.00,PMXC7,VT
02/13/2025 09:30:00,25.91,0.00,PMXC7,VT
02/13/2025 09:40:00,25.69,0.00,PMXC7,VT
02/13/2025 09:50:00,25.48,0.00,PMXC7,VT
02/13/2025 10:00:00,25.27,0.00,PMXC7,VT
02/13/2025 10:10:00,25.05,0.00,PMXC7,VT
02/13/2025 10:20:00,24.84,0.00,PMXC7,VT
02/13/2025 10:30:00,24.58,0.00,PMXC7,VT
02/13/2025 10:40:00,24.41,0.00,PMXC7,VT
02/13/2025 10:50:00,24.15,0.00,PMXC7,VT
02/13/2025 11:00:00,23.94,0.00,PMXC7,VT
02/13/2025 11:10:00,23.72,0.00,PMXC7,VT
02/13/2025 11:20:00,23.42,0.00,PMXC7,VT
02/13/2025 11:30:00,23.25,0.00,PMXC7,VT
02/13/2025 11:40:00,23.08,0.00,PMXC7,VT
02/13/2025 11:50:00,22.78,0.00,PMXC7,VT
02/13/2025 12:00:00,22.61,0.00,PMXC7,VT
02/13/2025 12:10:00,22.39,0.00,PMXC7,VT
02/13/2025 12:20:00,22.39,0.00,PMXC7,VT
02/13/2025 12:30:00,22.52,0.00,PMXC7,VT
02/13/2025 12:40:00,22.69,0.00,PMXC7,VT
02/13/2025 12:50:00,22.86,0.00,PMXC7,VT
02/13/2025 13:00:00,23.03,0.00,PMXC7,VT
02/13/2025 13:10:00,23.25,0.00,PMXC7,VT
02/13/2025 13:20:00,23.38,0.00,PMXC7,VT
02/13/2025 13:30:00,23.64,0.00,PMXC7,VT
02/13/2025 13:40:00,23.81,0.00,PMXC7,VT
02/13/2025 13:50:00,24.02,0.00,PMXC7,VT
02/13/2025 14:00:00,24.24,0.00,PMXC7,VT
02/13/2025 14:10:00,24.45,0.00,PMXC7,VT
02/13/2025 14:20:00,24.66,0.00,PMXC7,VT
02/13/2025 14:30:00,24.84,0.00,PMXC7,VT
02/13/2025 14:40:00,25.05,0.00,PMXC7,VT
02/13/2025 14:50:00,25.27,0.20,PMXC7,VT
02/13/2025 15:00:00,25.52,0.00,PMXC7,VT
02/13/2025 15:10:00,25.69,0.00,PMXC7,VT
02/13/2025 15:20:00,25.95,0.00,PMXC7,VT
02/13/2025 15:30:00,26.12,0.00,PMXC7,VT
02/13/2025 15:40:00,26.38,0.00,PMXC7,VT
02/13/2025 15:50:00,26.55,0.00,PMXC7,VT
02/13/2025 16:00:00,26.77,0.00,PMXC7,VT
02/13/2025 16:10:00,27.02,0.00,PMXC7,VT
02/13/2025 16:20:00,27.24,0.00,PMXC7,VT
02/13/2025 16:30:00,27.45,0.00,PMXC7,VT
02/13/2025 16:40:00,27.67,0.00,PMXC7,VT
02/13/2025 16:50:00,27.88,0.00,PMXC7,VT
02/13/2025 17:00:00,28.10,0.00,PMXC7,VT
02/13/2025 17:10:00,28.27,0.00,PMXC7,VT
02/13/2025 17:20:00,28.53,0.00,PMXC7,VT
02/13/2025 17:30:00,28.78,0.00,PMXC7,VT
02/13/2025 17:40:00,28.95,0.00,PMXC7,VT
02/13/2025 17:50:00,29.17,0.00,PMXC7,VT
02/13/2025 18:00:00,29.43,0.00,PMXC7,VT
02/13/2025 18:10:00,29.56,0.00,PMXC7,VT
02/13/2025 18:20:00,29.56,0.00,PMXC7,VT
02/13/2025 18:30:00,29.47,0.00,PMXC7,VT
02/13/2025 18:40:00,29.34,0.00,PMXC7,VT
02/13/2025 18:50:00,29.17,0.00,PMXC7,VT
02/13/2025 19:00:00,29.00,0.00,PMXC7,VT
02/13/2025 19:10:00,28.78,0.00,PMXC7,VT
02/13/2025 19:20:00,28.61,0.00,PMXC7,VT
02/13/2025 19:30:00,28.40,0.00,PMXC7,VT
02/13/2025 19:40:00,28.23,0.00,PMXC7,VT
02/13/2025 19:50:00,28.01,0.00,PMXC7,VT
02/13/2025 20:00:00,27.80,0.00,PMXC7,VT
02/13/2025 20:10:00,27.63,0.00,PMXC7,VT
02/13/2025 20:20:00,27.41,0.00,PMXC7,VT
02/13/2025 20:30:00,27.15,0.00,PMXC7,VT
02/13/2025 20:40:00,26.98,0.00,PMXC7,VT
02/13/2025 20:50:00,26.77,0.00,PMXC7,VT
02/13/2025 21:00:00,26.55,0.00,PMXC7,VT
02/13/2025 21:10:00,26.34,0.00,PMXC7,VT
02/13/2025 21:20:00,26.12,0.00,PMXC7,VT
02/13/2025 21:30:00,25.91,0.00,PMXC7,VT
02/13/2025 21:40:00,25.69,0.00,PMXC7,VT
02/13/2025 21:50:00,25.44,0.00,PMXC7,VT
02/13/2025 22:00:00,25.27,0.00,PMXC7,VT
02/13/2025 22:10:00,25.05,0.00,PMXC7,VT
02/13/2025 22:20:00,24.79,0.00,PMXC7,VT
02/13/2025 22:30:00,24.58,0.00,PMXC7,VT
02/13/2025 22:40:00,24.36,0.00,PMXC7,VT
02/13/2025 22:50:00,24.19,0.00,PMXC7,VT
02/13/2025 23:00:00,23.98,0.00,PMXC7,VT
02/13/2025 23:10:00,23.72,0.00,PMXC7,VT
02/13/2025 23:20:00,23.46,0.00,PMXC7,VT
02/13/2025 23:30:00,23.29,0.00,PMXC7,VT
02/13/2025 23:40:00,23.08,0.00,PMXC7,VT
02/13/2025 23:50:00,22.86,0.20,PMXC7,VT
02/14/2025 00:00:00,22.69,0.00,PMXC7,VT
02/14/2025 00:10:00,22.52,0.00,PMXC7,VT
02/14/2025 00:20:00,22.43,0.00,PMXC7,VT
02/14/2025 00:30:00,22.52,0.00,PMXC7,VT
02/14/2025 00:40:00,22.69,0.00,PMXC7,VT
02/14/2025 00:50:00,22.82,0.00,PMXC7,VT
02/14/2025 01:00:00,23.03,0.00,PMXC7,VT
02/14/2025 01:10:00,23.21,0.00,PMXC7,VT
02/14/2025 01:20:00,23.38,0.00,PMXC7,VT
02/14/2025 01:30:00,23.68,0.00,PMXC7,VT
02/14/2025 01:40:00,23.81,0.00,PMXC7,VT
02/14/2025 01:50:00,24.06,0.00,PMXC7,VT
02/14/2025 02:00:00,24.19,0.00,PMXC7,VT
02/14/2025 02:10:00,24.45,0.00,PMXC7,VT
02/14/2025 02:20:00,24.66,0.00,PMXC7,VT
02/14/2025 02:30:00,24.79,0.00,PMXC7,VT
02/14/2025 02:40:00,25.05,0.00,PMXC7,VT
02/14/2025 02:50:00,25.27,0.00,PMXC7,VT
02/14/2025 03:00:00,25.48,0.00,PMXC7,VT
02/14/2025 03:10:00,25.69,0.00,PMXC7,VT
02/14/2025 03:20:00,25.91,0.00,PMXC7,VT
02/14/2025 03:30:00,26.17,0.00,PMXC7,VT
02/14/2025 03:40:00,26.34,0.00,PMXC7,VT
02/14/2025 03:50:00,26.55,0.00,PMXC7,VT
02/14/2025 04:00:00,26.77,0.00,PMXC7,VT
02/14/2025 04:10:00,26.94,0.00,PMXC7,VT
02/14/2025 04:20:00,27.15,0.00,PMXC7,VT
02/14/2025 04:30:00,27.37,0.00,PMXC7,VT
02/14/2025 04:40:00,27.58,0.00,PMXC7,VT
02/14/2025 04:50:00,27.84,0.00,PMXC7,VT
02/14/2025 05:00:00,28.10,0.00,PMXC7,VT
02/14/2025 05:10:00,28.31,0.00,PMXC7,VT
02/14/2025 05:20:00,28.48,0.00,PMXC7,VT
02/14/2025 05:30:00,28.74,0.00,PMXC7,VT
02/14/2025 05:40:00,28.95,0.00,PMXC7,VT
02/14/2025 05:50:00,29.17,0.00,PMXC7,VT
02/14/2025 06:00:00,29.34,0.00,PMXC7,VT
02/14/2025 06:10:00,29.56,0.00,PMXC7,VT
02/14/2025 06:20:00,29.60,0.00,PMXC7,VT
02/14/2025 06:30:00,29.47,0.00,PMXC7,VT
02/14/2025 06:40:00,29.34,0.00,PMXC7,VT
02/14/2025 06:50:00,29.17,0.00,PMXC7,VT
02/14/2025 07:00:00,29.00,0.00,PMXC7,VT
02/14/2025 07:10:00,28.78,0.00,PMXC7,VT
02/14/2025 07:20:00,28.57,0.00,PMXC7,VT
02/14/2025 07:30:00,28.40,0.00,PMXC7,VT
02/14/2025 07:40:00,28.18,0.00,PMXC7,VT
02/14/2025 07:50:00,27.97,0.00,PMXC7,VT
02/14/2025 08:00:00,27.84,0.00,PMXC7,VT
02/14/2025 08:10:00,27.58,0.00,PMXC7,VT
02/14/2025 08:20:00,27.37,0.00,PMXC7,VT
02/14/2025 08:30:00,27.11,0.00,PMXC7,VT
02/14/2025 08:40:00,26.90,0.00,PMXC7,VT
02/14/2025 08:50:00,26.72,0.20,PMXC7,VT
02/14/2025 09:00:00,26.47,0.00,PMXC7,VT
02/14/2025 09:10:00,26.34,0.00,PMXC7,VT
02/14/2025 09:20:00,26.04,0.00,PMXC7,VT
02/14/2025 09:30:00,25.82,0.00,PMXC7,VT
02/14/2025 09:40:00,25.61,0.00,PMXC7,VT
02/14/2025 09:50:00,25.48,0.00,PMXC7,VT
02/14/2025 10:00:00,25.22,0.00,PMXC7,VT
02/14/2025 10:10:00,25.05,0.00,PMXC7,VT
02/14/2025 10:20:00,24.79,0.00,PMXC7,VT
02/14/2025 10:30:00,24.58,0.00,PMXC7,VT
02/14/2025 10:40:00,24.36,0.00,PMXC7,VT
02/14/2025 10:50:00,24.15,0.00,PMXC7,VT
02/14/2025 11:00:00,23.94,0.00,PMXC7,VT
02/14/2025 11:10:00,23.68,0.00,PMXC7,VT
02/14/2025 11:20:00,23.51,0.00,PMXC7,VT
02/14/2025 11:30:00,23.34,0.00,PMXC7,VT
02/14/2025 11:40:00,23.08,0.00,PMXC7,VT
02/14/2025 11:50:00,22.86,0.00,PMXC7,VT
02/14/2025 12:00:00,22.65,0.00,PMXC7,VT
02/14/2025 12:10:00,22.43,0.00,PMXC7,VT
02/14/2025 12:20:00,22.39,0.00,PMXC7,VT
02/14/2025 12:30:00,22.56,0.00,PMXC7,VT
02/14/2025 12:40:00,22.73,0.00,PMXC7,VT
02/14/2025 12:50:00,22.86,0.00,PMXC7,VT
02/14/2025 13:00:00,23.12,0.00,PMXC7,VT
02/14/2025 13:10:00,23.25,0.00,PMXC7,VT
02/14/2025 13:20:00,23.42,0.00,PMXC7,VT
02/14/2025 13:30:00,23.59,0.00,PMXC7,VT
02/14/2025 13:40:00,23.85,0.00,PMXC7,VT
02/14/2025 13:50:00,24.06,0.00,PMXC7,VT
02/14/2025 14:00:00,24.28,0.00,PMXC7,VT
02/14/2025 14:10:00,24.49,0.00,PMXC7,VT
02/14/2025 14:20:00,24.66,0.00,PMXC7,VT
02/14/2025 14:30:00,24.88,0.00,PMXC7,VT
02/14/2025 14:40:00,25.09,0.00,PMXC7,VT
02/14/2025 14:50:00,25.31,0.00,PMXC7,VT
02/14/2025 15:00:00,25.52,0.00,PMXC7,VT
02/14/2025 15:10:00,25.74,0.00,PMXC7,VT
02/14/2025 15:20:00,25.95,0.00,PMXC7,VT
02/14/2025 15:30:00,26.17,0.00,PMXC7,VT
02/14/2025 15:40:00,26.34,0.00,PMXC7,VT
02/14/2025 15:50:00,26.55,0.00,PMXC7,VT
02/14/2025 16:00:00,26.81,0.00,PMXC7,VT
02/14/2025 16:10:00,26.98,0.00,PMXC7,VT
02/14/2025 16:20:00,27.20,0.00,PMXC7,VT
02/14/2025 16:30:00,27.41,0.00,PMXC7,VT
02/14/2025 16:40:00,27.63,0.00,PMXC7,VT
02/14/2025 16:50:00,27.88,0.00,PMXC7,VT
02/14/2025 17:00:00,28.10,0.00,PMXC7,VT
02/14/2025 17:10:00,28.31,0.00,PMXC7,VT
02/14/2025 17:20:00,28.53,0.00,PMXC7,VT
02/14/2025 17:30:00,28.70,0.00,PMXC7,VT
02/14/2025 17:40:00,28.95,0.00,PMXC7,VT
02/14/2025 17:50:00,29.17,0.20,PMXC7,VT
02/14/2025 18:00:00,29.38,0.00,PMXC7,VT
02/14/2025 18:10:00,29.60,0.00,PMXC7,VT
02/14/2025 18:20:00,29.60,0.00,PMXC7,VT
02/14/2025 18:30:00,29.51,0.00,PMXC7,VT
02/14/2025 18:40:00,29.34,0.00,PMXC7,VT
02/14/2025 18:50:00,29.21,0.00,PMXC7,VT
02/14/2025 19:00:00,28.95,0.00,PMXC7,VT
02/14/2025 19:10:00,28.74,0.00,PMXC7,VT
02/14/2025 19:20:00,28.57,0.00,PMXC7,VT
02/14/2025 19:30:00,28.40,0.00,PMXC7,VT
02/14/2025 19:40:00,28.23,0.00,PMXC7,VT
02/14/2025 19:50:00,28.01,0.00,PMXC7,VT
02/14/2025 20:00:00,27.80,0.00,PMXC7,VT
02/14/2025 20:10:00,27.58,0.00,PMXC7,VT
02/14/2025 20:20:00,27.37,0.00,PMXC7,VT
02/14/2025 20:30:00,27.20,0.00,PMXC7,VT
02/14/2025 20:40:00,26.94,0.00,PMXC7,VT
02/14/2025 20:50:00,26.72,0.00,PMXC7,VT
02/14/2025 21:00:00,26.51,0.00,PMXC7,VT
02/14/2025 21:10:00,26.30,0.00,PMXC7,VT
02/14/2025 21:20:00,26.12,0.00,PMXC7,VT
02/14/2025 21:30:00,25.91,0.00,PMXC7,VT
02/14/2025 21:40:00,25.65,0.00,PMXC7,VT
02/14/2025 21:50:00,25.44,0.00,PMXC7,VT
02/14/2025 22:00:00,25.27,0.00,PMXC7,VT
02/14/2025 22:10:00,25.09,0.00,PMXC7,VT
02/14/2025 22:20:00,24.79,0.00,PMXC7,VT
02/14/2025 22:30:00,24.58,0.00,PMXC7,VT
02/14/2025 22:40:00,24.36,0.00,PMXC7,VT
02/14/2025 22:50:00,24.15,0.00,PMXC7,VT
02/14/2025 23:00:00,23.94,0.00,PMXC7,VT
02/14/2025 23:10:00,23.68,0.00,PMXC7,VT
02/14/2025 23:20:00,23.42,0.00,PMXC7,VT
02/14/2025 23:30:00,23.21,0.00,PMXC7,VT
02/14/2025 23:40:00,23.08,0.20,PMXC7,VT
02/14/2025 23:50:00,22.78,0.00,PMXC7,VT
02/15/2025 00:00:00,22.61,0.00,PMXC7,VT
02/15/2025 00:10:00,22.43,0.00,PMXC7,VT
02/15/2025 00:20:00,22.39,0.00,PMXC7,VT
02/15/2025 00:30:00,22.52,0.00,PMXC7,VT
02/15/2025 00:40:00,22.65,0.00,PMXC7,VT
02/15/2025 00:50:00,22.86,0.00,PMXC7,VT
02/15/2025 01:00:00,22.99,0.00,PMXC7,VT
02/15/2025 01:10:00,23.21,0.00,PMXC7,VT
02/15/2025 01:20:00,23.42,0.00,PMXC7,VT
02/15/2025 01:30:00,23.59,0.00,PMXC7,VT
02/15/2025 01:40:00,23.76,0.00,PMXC7,VT
02/15/2025 01:50:00,24.02,0.00,PMXC7,VT
02/15/2025 02:00:00,24.24,0.00,PMXC7,VT
02/15/2025 02:10:00,24.41,0.00,PMXC7,VT
02/15/2025 02:20:00,24.58,0.00,PMXC7,VT
02/15/2025 02:30:00,24.84,0.00,PMXC7,VT
02/15/2025 02:40:00,25.05,0.00,PMXC7,VT
02/15/2025 02:50:00,25.27,0.20,PMXC7,VT
02/15/2025 03:00:00,25.48,0.00,PMXC7,VT
02/15/2025 03:10:00,25.69,0.00,PMXC7,VT
02/15/2025 03:20:00,25.91,0.00,PMXC7,VT
02/15/2025 03:30:00,26.12,0.00,PMXC7,VT
02/15/2025 03:40:00,26.34,0.00,PMXC7,VT
02/15/2025 03:50:00,26.55,0.00,PMXC7,VT
02/15/2025 04:00:00,26.72,0.00,PMXC7,VT
02/15/2025 04:10:00,26.98,0.00,PMXC7,VT
02/15/2025 04:20:00,27.15,0.00,PMXC7,VT
02/15/2025 04:30:00,27.41,0.00,PMXC7,VT
02/15/2025 04:40:00,27.63,0.00,PMXC7,VT
02/15/2025 04:50:00,27.84,0.00,PMXC7,VT
02/15/2025 05:00:00,28.05,0.00,PMXC7,VT
02/15/2025 05:10:00,28.27,0.00,PMXC7,VT
02/15/2025 05:20:00,28.53,0.00,PMXC7,VT
02/15/2025 05:30:00,28.70,0.00,PMXC7,VT
02/15/2025 05:40:00,28.91,0.00,PMXC7,VT
02/15/2025 05:50:00,29.17,0.00,PMXC7,VT
02/15/2025 06:00:00,29.38,0.00,PMXC7,VT
02/15/2025 06:10:00,29.56,0.00,PMXC7,VT
02/15/2025 06:20:00,29.60,0.00,PMXC7,VT
02/15/2025 06:30:00,29.47,0.00,PMXC7,VT
02/15/2025 06:40:00,29.30,0.00,PMXC7,VT
02/15/2025 06:50:00,29.17,0.00,PMXC7,VT
02/15/2025 07:00:00,28.95,0.00,PMXC7,VT
02/15/2025 07:10:00,28.78,0.00,PMXC7,VT
02/15/2025 07:20:00,28.57,0.00,PMXC7,VT
02/15/2025 07:30:00,28.44,0.00,PMXC7,VT
02/15/2025 07:40:00,28.18,0.00,PMXC7,VT
02/15/2025 07:50:00,28.01,0.00,PMXC7,VT
02/15/2025 08:00:00,27.80,0.00,PMXC7,VT
02/15/2025 08:10:00,27.58,0.00,PMXC7,VT
02/15/2025 08:20:00,27.37,0.00,PMXC7,VT
02/15/2025 08:30:00,27.11,0.00,PMXC7,VT
02/15/2025 08:40:00,26.94,0.20,PMXC7,VT
02/15/2025 08:50:00,26.68,0.00,PMXC7,VT
02/15/2025 09:00:00,26.55,0.00,PMXC7,VT
02/15/2025 09:10:00,26.30,0.00,PMXC7,VT
02/15/2025 09:20:00,26.08,0.00,PMXC7,VT
02/15/2025 09:30:00,25.91,0.00,PMXC7,VT
02/15/2025 09:40:00,25.65,0.00,PMXC7,VT
02/15/2025 09:50:00,25.48,0.00,PMXC7,VT
02/15/2025 10:00:00,25.22,0.00,PMXC7,VT
02/15/2025 10:10:00,25.05,0.00,PMXC7,VT
02/15/2025 10:20:00,24.79,0.00,PMXC7,VT
02/15/2025 10:30:00,24.54,0.00,PMXC7,VT
02/15/2025 10:40:00,24.36,0.00,PMXC7,VT
02/15/2025 10:50:00,24.15,0.00,PMXC7,VT
02/15/2025 11:00:00,23.94,0.00,PMXC7,VT
02/15/2025 11:10:00,23.72,0.00,PMXC7,VT
02/15/2025 11:20:00,23.51,0.00,PMXC7,VT
02/15/2025 11:30:00,23.29,0.00,PMXC7,VT
02/15/2025 11:40:00,23.03,0.00,PMXC7,VT
02/15/2025 11:50:00,22.91,0.20,PMXC7,VT
02/15/2025 12:00:00,22.65,0.00,PMXC7,VT
02/15/2025 12:10:00,22.43,0.00,PMXC7,VT
02/15/2025 12:20:00,22.39,0.00,PMXC7,VT
02/15/2025 12:30:00,22.52,0.00,PMXC7,VT
02/15/2025 12:40:00,22.69,0.00,PMXC7,VT
02/15/2025 12:50:00,22.82,0.00,PMXC7,VT
02/15/2025 13:00:00,22.99,0.00,PMXC7,VT
02/15/2025 13:10:00,23.16,0.00,PMXC7,VT
02/15/2025 13:20:00,23.38,0.00,PMXC7,VT
02/15/2025 13:30:00,23.64,0.00,PMXC7,VT
02/15/2025 13:40:00,23.81,0.00,PMXC7,VT
02/15/2025 13:50:00,24.02,0.00,PMXC7,VT
02/15/2025 14:00:00,24.24,0.00,PMXC7,VT
02/15/2025 14:10:00,24.45,0.00,PMXC7,VT
02/15/2025 14:20:00,24.66,0.00,PMXC7,VT
02/15/2025 14:30:00,24.88,0.00,PMXC7,VT
02/15/2025 14:40:00,25.09,0.00,PMXC7,VT
02/15/2025 14:50:00,25.27,0.00,PMXC7,VT
02/15/2025 15:00:00,25.48,0.00,PMXC7,VT
02/15/2025 15:10:00,25.69,0.00,PMXC7,VT
02/15/2025 15:20:00,25.91,0.00,PMXC7,VT
02/15/2025 15:30:00,26.17,0.00,PMXC7,VT
02/15/2025 15:40:00,26.34,0.00,PMXC7,VT
02/15/2025 15:50:00,26.60,0.00,PMXC7,VT
02/15/2025 16:00:00,26.77,0.00,PMXC7,VT
02/15/2025 16:10:00,27.02,0.00,PMXC7,VT
02/15/2025 16:20:00,27.24,0.00,PMXC7,VT
02/15/2025 16:30:00,27.41,0.00,PMXC7,VT
02/15/2025 16:40:00,27.67,0.00,PMXC7,VT
02/15/2025 16:50:00,27.88,0.00,PMXC7,VT
02/15/2025 17:00:00,28.10,0.00,PMXC7,VT
02/15/2025 17:10:00,28.27,0.00,PMXC7,VT
02/15/2025 17:20:00,28.48,0.00,PMXC7,VT
02/15/2025 17:30:00,28.74,0.00,PMXC7,VT
02/15/2025 17:40:00,28.95,0.20,PMXC7,VT
02/15/2025 17:50:00,29.13,0.00,PMXC7,VT
02/15/2025 18:00:00,29.38,0.00,PMXC7,VT
02/15/2025 18:10:00,29.60,0.00,PMXC7,VT
02/15/2025 18:20:00,29.60,0.00,PMXC7,VT
02/15/2025 18:30:00,29.47,0.00,PMXC7,VT
02/15/2025 18:40:00,29.34,0.00,PMXC7,VT
02/15/2025 18:50:00,29.17,0.00,PMXC7,VT
02/15/2025 19:00:00,28.95,0.00,PMXC7,VT
02/15/2025 19:10:00,28.78,0.00,PMXC7,VT
02/15/2025 19:20:00,28.61,0.00,PMXC7,VT
02/15/2025 19:30:00,28.40,0.00,PMXC7,VT
02/15/2025 19:40:00,28.18,0.00,PMXC7,VT
02/15/2025 19:50:00,28.01,0.00,PMXC7,VT
02/15/2025 20:00:00,27.75,0.00,PMXC7,VT
02/15/2025 20:10:00,27.54,0.00,PMXC7,VT
02/15/2025 20:20:00,27.37,0.00,PMXC7,VT
02/15/2025 20:30:00,27.20,0.00,PMXC7,VT
02/15/2025 20:40:00,26.94,0.00,PMXC7,VT
02/15/2025 20:50:00,26.72,0.00,PMXC7,VT
02/15/2025 21:00:00,26.51,0.00,PMXC7,VT
02/15/2025 21:10:00,26.25,0.00,PMXC7,VT
02/15/2025 21:20:00,26.12,0.00,PMXC7,VT
02/15/2025 21:30:00,25.87,0.00,PMXC7,VT
02/15/2025 21:40:00,25.65,0.00,PMXC7,VT
02/15/2025 21:50:00,25.44,0.00,PMXC7,VT
02/15/2025 22:00:00,25.18,0.00,PMXC7,VT
02/15/2025 22:10:00,25.01,0.00,PMXC7,VT
02/15/2025 22:20:00,24.75,0.00,PMXC7,VT
02/15/2025 22:30:00,24.54,0.00,PMXC7,VT
02/15/2025 22:40:00,24.36,0.00,PMXC7,VT
02/15/2025 22:50:00,24.11,0.00,PMXC7,VT
02/15/2025 23:00:00,23.89,0.00,PMXC7,VT
02/15/2025 23:10:00,23.68,0.00,PMXC7,VT
02/15/2025 23:20:00,23.51,0.00,PMXC7,VT
02/15/2025 23:30:00,23.25,0.00,PMXC7,VT
02/15/2025 23:40:00,23.03,0.00,PMXC7,VT
02/15/2025 23:50:00,22.86,0.00,PMXC7,VT
02/16/2025 00:00:00,22.61,0.00,PMXC7,VT
02/16/2025 00:10:00,22.43,0.00,PMXC7,VT
02/16/2025 00:20:00,22.39,0.00,PMXC7,VT
02/16/2025 00:30:00,22.52,0.00,PMXC7,VT
02/16/2025 00:40:00,22.65,0.00,PMXC7,VT
02/16/2025 00:50:00,22.78,0.00,PMXC7,VT
02/16/2025 01:00:00,22.99,0.00,PMXC7,VT
02/16/2025 01:10:00,23.21,0.00,PMXC7,VT
02/16/2025 01:20:00,23.38,0.00,PMXC7,VT
02/16/2025 01:30:00,23.59,0.00,PMXC7,VT
02/16/2025 01:40:00,23.81,0.00,PMXC7,VT
02/16/2025 01:50:00,23.98,0.00,PMXC7,VT
02/16/2025 02:00:00,24.19,0.00,PMXC7,VT
02/16/2025 02:10:00,24.41,0.00,PMXC7,VT
02/16/2025 02:20:00,24.58,0.00,PMXC7,VT
02/16/2025 02:30:00,24.84,0.00,PMXC7,VT
02/16/2025 02:40:00,25.01,0.20,PMXC7,VT
02/16/2025 02:50:00,25.22,0.00,PMXC7,VT
02/16/2025 03:00:00,25.48,0.00,PMXC7,VT
02/16/2025 03:10:00,25.69,0.00,PMXC7,VT
02/16/2025 03:20:00,25.82,0.00,PMXC7,VT
02/16/2025 03:30:00,26.12,0.00,PMXC7,VT
02/16/2025 03:40:00,26.34,0.00,PMXC7,VT
02/16/2025 03:50:00,26.55,0.00,PMXC7,VT
02/16/2025 04:00:00,26.77,0.00,PMXC7,VT
02/16/2025 04:10:00,26.98,0.00,PMXC7,VT
02/16/2025 04:20:00,27.20,0.00,PMXC7,VT
02/16/2025 04:30:00,27.41,0.00,PMXC7,VT
02/16/2025 04:40:00,27.63,0.00,PMXC7,VT
02/16/2025 04:50:00,27.80,0.00,PMXC7,VT
02/16/2025 05:00:00,28.05,0.00,PMXC7,VT
02/16/2025 05:10:00,28.27,0.00,PMXC7,VT
02/16/2025 05:20:00,28.48,0.00,PMXC7,VT
02/16/2025 05:30:00,28.74,0.00,PMXC7,VT
02/16/2025 05:40:00,28.95,0.00,PMXC7,VT
02/16/2025 05:50:00,29.17,0.00,PMXC7,VT
02/16/2025 06:00:00,29.34,0.00,PMXC7,VT
02/16/2025 06:10:00,29.51,0.00,PMXC7,VT
02/16/2025 06:20:00,29.56,0.00,PMXC7,VT
02/16/2025 06:30:00,29.47,0.00,PMXC7,VT
02/16/2025 06:40:00,29.30,0.00,PMXC7,VT
02/16/2025 06:50:00,29.17,0.00,PMXC7,VT
02/16/2025 07:00:00,28.91,0.00,PMXC7,VT
02/16/2025 07:10:00,28.74,0.00,PMXC7,VT
02/16/2025 07:20:00,28.57,0.00,PMXC7,VT
02/16/2025 07:30:00,28.35,0.00,PMXC7,VT
02/16/2025 07:40:00,28.18,0.00,PMXC7,VT
02/16/2025 07:50:00,27.93,0.00,PMXC7,VT
02/16/2025 08:00:00,27.75,0.00,PMXC7,VT
02/16/2025 08:10:00,27.58,0.00,PMXC7,VT
02/16/2025 08:20:00,27.32,0.00,PMXC7,VT
02/16/2025 08:30:00,27.15,0.00,PMXC7,VT
02/16/2025 08:40:00,26.90,0.00,PMXC7,VT
02/16/2025 08:50:00,26.72,0.00,PMXC7,VT
02/16/2025 09:00:00,26.47,0.00,PMXC7,VT
02/16/2025 09:10:00,26.25,0.00,PMXC7,VT
02/16/2025 09:20:00,26.08,0.00,PMXC7,VT
02/16/2025 09:30:00,25.91,0.00,PMXC7,VT
02/16/2025 09:40:00,25.69,0.00,PMXC7,VT
02/16/2025 09:50:00,25.44,0.00,PMXC7,VT
02/16/2025 10:00:00,25.22,0.00,PMXC7,VT
02/16/2025 10:10:00,25.01,0.00,PMXC7,VT
02/16/2025 10:20:00,24.79,0.00,PMXC7,VT
02/16/2025 10:30:00,24.58,0.00,PMXC7,VT
02/16/2025 10:40:00,24.36,0.00,PMXC7,VT
02/16/2025 10:50:00,24.19,0.00,PMXC7,VT
02/16/2025 11:00:00,23.94,0.00,PMXC7,VT
02/16/2025 11:10:00,23.68,0.00,PMXC7,VT
02/16/2025 11:20:00,23.46,0.00,PMXC7,VT
02/16/2025 11:30:00,23.21,0.00,PMXC7,VT
02/16/2025 11:40:00,22.99,0.20,PMXC7,VT
02/16/2025 11:50:00,22.78,0.00,PMXC7,VT
02/16/2025 12:00:00,22.52,0.00,PMXC7,VT
02/16/2025 12:10:00,22.39,0.00,PMXC7,VT
02/16/2025 12:20:00,22.35,0.00,PMXC7,VT
02/16/2025 12:30:00,22.52,0.00,PMXC7,VT
02/16/2025 12:40:00,22.65,0.00,PMXC7,VT
02/16/2025 12:50:00,22.86,0.00,PMXC7,VT
02/16/2025 13:00:00,22.99,0.00,PMXC7,VT
02/16/2025 13:10:00,23.16,0.00,PMXC7,VT
02/16/2025 13:20:00,23.38,0.00,PMXC7,VT
02/16/2025 13:30:00,23.59,0.00,PMXC7,VT
02/16/2025 13:40:00,23.81,0.00,PMXC7,VT
02/16/2025 13:50:00,24.02,0.00,PMXC7,VT
02/16/2025 14:00:00,24.19,0.00,PMXC7,VT
02/16/2025 14:10:00,24.45,0.00,PMXC7,VT
02/16/2025 14:20:00,24.58,0.00,PMXC7,VT
02/16/2025 14:30:00,24.84,0.00,PMXC7,VT
02/16/2025 14:40:00,25.05,0.00,PMXC7,VT
02/16/2025 14:50:00,25.22,0.00,PMXC7,VT
02/16/2025 15:00:00,25.44,0.00,PMXC7,VT
02/16/2025 15:10:00,25.69,0.00,PMXC7,VT
02/16/2025 15:20:00,25.91,0.00,PMXC7,VT
02/16/2025 15:30:00,26.08,0.00,PMXC7,VT
02/16/2025 15:40:00,26.34,0.00,PMXC7,VT
02/16/2025 15:50:00,26.55,0.00,PMXC7,VT
02/16/2025 16:00:00,26.72,0.00,PMXC7,VT
02/16/2025 16:10:00,27.02,0.00,PMXC7,VT
02/16/2025 16:20:00,27.20,0.00,PMXC7,VT
02/16/2025 16:30:00,27.41,0.00,PMXC7,VT
02/16/2025 16:40:00,27.58,0.00,PMXC7,VT
02/16/2025 16:50:00,27.84,0.00,PMXC7,VT
02/16/2025 17:00:00,28.05,0.00,PMXC7,VT
02/16/2025 17:10:00,28.27,0.00,PMXC7,VT
02/16/2025 17:20:00,28.53,0.00,PMXC7,VT
02/16/2025 17:30:00,28.74,0.00,PMXC7,VT
02/16/2025 17:40:00,28.95,0.00,PMXC7,VT
02/16/2025 17:50:00,29.17,0.00,PMXC7,VT
02/16/2025 18:00:00,29.38,0.00,PMXC7,VT
02/16/2025 18:10:00,29.51,0.00,PMXC7,VT
02/16/2025 18:20:00,29.60,0.00,PMXC7,VT
02/16/2025 18:30:00,29.43,0.00,PMXC7,VT
02/16/2025 18:40:00,29.30,0.00,PMXC7,VT
02/16/2025 18:50:00,29.13,0.00,PMXC7,VT
02/16/2025 19:00:00,29.00,0.00,PMXC7,VT
02/16/2025 19:10:00,28.74,0.00,PMXC7,VT
02/16/2025 19:20:00,28.57,0.00,PMXC7,VT
02/16/2025 19:30:00,28.40,0.00,PMXC7,VT
02/16/2025 19:40:00,28.23,0.00,PMXC7,VT
02/16/2025 19:50:00,27.97,0.00,PMXC7,VT
02/16/2025 20:00:00,27.80,0.00,PMXC7,VT
02/16/2025 20:10:00,27.58,0.00,PMXC7,VT
02/16/2025 20:20:00,27.37,0.00,PMXC7,VT
02/16/2025 20:30:00,27.15,0.00,PMXC7,VT
02/16/2025 20:40:00,26.98,0.20,PMXC7,VT
02/16/2025 20:50:00,26.72,0.00,PMXC7,VT
02/16/2025 21:00:00,26.51,0.00,PMXC7,VT
02/16/2025 21:10:00,26.30,0.00,PMXC7,VT
02/16/2025 21:20:00,26.08,0.00,PMXC7,VT
02/16/2025 21:30:00,25.82,0.00,PMXC7,VT
02/16/2025 21:40:00,25.61,0.00,PMXC7,VT
02/16/2025 21:50:00,25.44,0.00,PMXC7,VT
02/16/2025 22:00:00,25.22,0.00,PMXC7,VT
02/16/2025 22:10:00,24.97,0.00,PMXC7,VT
02/16/2025 22:20:00,24.79,0.00,PMXC7,VT
02/16/2025 22:30:00,24.62,0.00,PMXC7,VT
02/16/2025 22:40:00,24.32,0.00,PMXC7,VT
02/16/2025 22:50:00,24.11,0.00,PMXC7,VT
02/16/2025 23:00:00,23.89,0.00,PMXC7,VT
02/16/2025 23:10:00,23.68,0.00,PMXC7,VT
02/16/2025 23:20:00,23.46,0.00,PMXC7,VT
02/16/2025 23:30:00,23.21,0.00,PMXC7,VT
02/16/2025 23:40:00,22.99,0.00,PMXC7,VT
02/16/2025 23:50:00,22.82,0.00,PMXC7,VT
02/17/2025 00:00:00,22.56,0.00,PMXC7,VT
02/17/2025 00:10:00,22.35,0.00,PMXC7,VT
02/17/2025 00:20:00,22.35,0.00,PMXC7,VT
02/17/2025 00:30:00,22.43,0.00,PMXC7,VT
02/17/2025 00:40:00,22.61,0.00,PMXC7,VT
02/17/2025 00:50:00,22.78,0.00,PMXC7,VT
02/17/2025 01:00:00,23.03,0.00,PMXC7,VT
02/17/2025 01:10:00,23.21,0.00,PMXC7,VT
02/17/2025 01:20:00,23.38,0.00,PMXC7,VT
02/17/2025 01:30:00,23.55,0.00,PMXC7,VT
02/17/2025 01:40:00,23.76,0.00,PMXC7,VT
02/17/2025 01:50:00,23.98,0.00,PMXC7,VT
02/17/2025 02:00:00,24.19,0.00,PMXC7,VT
02/17/2025 02:10:00,24.41,0.00,PMXC7,VT
02/17/2025 02:20:00,24.62,0.00,PMXC7,VT
02/17/2025 02:30:00,24.79,0.20,PMXC7,VT
02/17/2025 02:40:00,24.97,0.00,PMXC7,VT
02/17/2025 02:50:00,25.27,0.00,PMXC7,VT
02/17/2025 03:00:00,25.44,0.00,PMXC7,VT
02/17/2025 03:10:00,25.69,0.00,PMXC7,VT
02/17/2025 03:20:00,25.87,0.00,PMXC7,VT
02/17/2025 03:30:00,26.08,0.00,PMXC7,VT
02/17/2025 03:40:00,26.30,0.00,PMXC7,VT
02/17/2025 03:50:00,26.51,0.00,PMXC7,VT
02/17/2025 04:00:00,26.72,0.00,PMXC7,VT
02/17/2025 04:10:00,26.98,0.00,PMXC7,VT
02/17/2025 04:20:00,27.20,0.00,PMXC7,VT
02/17/2025 04:30:00,27.37,0.00,PMXC7,VT
02/17/2025 04:40:00,27.63,0.00,PMXC7,VT
02/17/2025 04:50:00,27.80,0.00,PMXC7,VT
02/17/2025 05:00:00,28.05,0.00,PMXC7,VT
02/17/2025 05:10:00,28.27,0.00,PMXC7,VT
02/17/2025 05:20:00,28.48,0.00,PMXC7,VT
02/17/2025 05:30:00,28.70,0.00,PMXC7,VT
02/17/2025 05:40:00,28.95,0.20,PMXC7,VT
02/17/2025 05:50:00,29.13,0.00,PMXC7,VT
02/17/2025 06:00:00,29.34,0.00,PMXC7,VT
02/17/2025 06:10:00,29.56,0.00,PMXC7,VT
02/17/2025 06:20:00,29.56,0.00,PMXC7,VT
02/17/2025 06:30:00,29.47,0.00,PMXC7,VT
02/17/2025 06:40:00,29.34,0.00,PMXC7,VT
02/17/2025 06:50:00,29.13,0.00,PMXC7,VT
02/17/2025 07:00:00,28.95,0.00,PMXC7,VT
02/17/2025 07:10:00,28.74,0.00,PMXC7,VT
02/17/2025 07:20:00,28.57,0.00,PMXC7,VT
02/17/2025 07:30:00,28.35,0.00,PMXC7,VT
02/17/2025 07:40:00,28.14,0.00,PMXC7,VT
02/17/2025 07:50:00,27.97,0.00,PMXC7,VT
02/17/2025 08:00:00,27.75,0.00,PMXC7,VT
02/17/2025 08:10:00,27.54,0.00,PMXC7,VT
02/17/2025 08:20:00,27.32,0.00,PMXC7,VT
02/17/2025 08:30:00,27.11,0.00,PMXC7,VT
02/17/2025 08:40:00,26.90,0.00,PMXC7,VT
02/17/2025 08:50:00,26.72,0.00,PMXC7,VT
02/17/2025 09:00:00,26.47,0.00,PMXC7,VT
02/17/2025 09:10:00,26.30,0.00,PMXC7,VT
02/17/2025 09:20:00,26.08,0.00,PMXC7,VT
02/17/2025 09:30:00,25.87,0.00,PMXC7,VT
02/17/2025 09:40:00,25.65,0.00,PMXC7,VT
02/17/2025 09:50:00,25.48,0.00,PMXC7,VT
02/17/2025 10:00:00,25.22,0.00,PMXC7,VT
02/17/2025 10:10:00,25.01,0.00,PMXC7,VT
02/17/2025 10:20:00,24.79,0.00,PMXC7,VT
02/17/2025 10:30:00,24.58,0.00,PMXC7,VT
02/17/2025 10:40:00,24.36,0.00,PMXC7,VT
02/17/2025 10:50:00,24.15,0.00,PMXC7,VT
02/17/2025 11:00:00,23.89,0.00,PMXC7,VT
02/17/2025 11:10:00,23.68,0.00,PMXC7,VT
02/17/2025 11:20:00,23.46,0.00,PMXC7,VT
02/17/2025 11:30:00,23.25,0.20,PMXC7,VT
02/17/2025 11:40:00,23.03,0.00,PMXC7,VT
02/17/2025 11:50:00,22.82,0.00,PMXC7,VT
02/17/2025 12:00:00,22.61,0.00,PMXC7,VT
02/17/2025 12:10:00,22.43,0.00,PMXC7,VT
02/17/2025 12:20:00,22.39,0.00,PMXC7,VT
02/17/2025 12:30:00,22.48,0.00,PMXC7,VT
02/17/2025 12:40:00,22.65,0.00,PMXC7,VT
02/17/2025 12:50:00,22.82,0.00,PMXC7,VT
02/17/2025 13:00:00,22.95,0.00,PMXC7,VT
02/17/2025 13:10:00,23.21,0.00,PMXC7,VT
02/17/2025 13:20:00,23.42,0.00,PMXC7,VT
02/17/2025 13:30:00,23.64,0.00,PMXC7,VT
02/17/2025 13:40:00,23.81,0.00,PMXC7,VT
02/17/2025 13:50:00,24.02,0.00,PMXC7,VT
02/17/2025 14:00:00,24.19,0.00,PMXC7,VT
02/17/2025 14:10:00,24.41,0.00,PMXC7,VT
02/17/2025 14:20:00,24.66,0.00,PMXC7,VT
02/17/2025 14:30:00,24.84,0.00,PMXC7,VT
02/17/2025 14:40:00,25.05,0.20,PMXC7,VT
02/17/2025 14:50:00,25.27,0.00,PMXC7,VT
02/17/2025 15:00:00,25.44,0.00,PMXC7,VT
02/17/2025 15:10:00,25.69,0.00,PMXC7,VT
02/17/2025 15:20:00,25.87,0.00,PMXC7,VT
02/17/2025 15:30:00,26.12,0.00,PMXC7,VT
02/17/2025 15:40:00,26.34,0.00,PMXC7,VT
02/17/2025 15:50:00,26.51,0.00,PMXC7,VT
02/17/2025 16:00:00,26.77,0.00,PMXC7,VT
02/17/2025 16:10:00,26.94,0.00,PMXC7,VT
02/17/2025 16:20:00,27.20,0.00,PMXC7,VT
02/17/2025 16:30:00,27.41,0.00,PMXC7,VT
02/17/2025 16:40:00,27.63,0.00,PMXC7,VT
02/17/2025 16:50:00,27.84,0.00,PMXC7,VT
02/17/2025 17:00:00,28.05,0.00,PMXC7,VT
02/17/2025 17:10:00,28.27,0.00,PMXC7,VT
02/17/2025 17:20:00,28.48,0.00,PMXC7,VT
02/17/2025 17:30:00,28.74,0.00,PMXC7,VT
02/17/2025 17:40:00,28.91,0.00,PMXC7,VT
02/17/2025 17:50:00,29.17,0.00,PMXC7,VT
02/17/2025 18:00:00,29.38,0.00,PMXC7,VT
02/17/2025 18:10:00,29.56,0.00,PMXC7,VT
02/17/2025 18:20:00,29.64,0.00,PMXC7,VT
02/17/2025 18:30:00,29.47,0.00,PMXC7,VT
02/17/2025 18:40:00,29.30,0.00,PMXC7,VT
02/17/2025 18:50:00,29.17,0.00,PMXC7,VT
02/17/2025 19:00:00,29.00,0.00,PMXC7,VT
02/17/2025 19:10:00,28.78,0.00,PMXC7,VT
02/17/2025 19:20:00,28.57,0.00,PMXC7,VT
02/17/2025 19:30:00,28.40,0.00,PMXC7,VT
02/17/2025 19:40:00,28.18,0.00,PMXC7,VT
02/17/2025 19:50:00,27.97,0.00,PMXC7,VT
02/17/2025 20:00:00,27.75,0.00,PMXC7,VT
02/17/2025 20:10:00,27.58,0.00,PMXC7,VT
02/17/2025 20:20:00,27.41,0.00,PMXC7,VT
02/17/2025 20:30:00,27.15,0.20,PMXC7,VT
02/17/2025 20:40:00,26.94,0.00,PMXC7,VT
02/17/2025 20:50:00,26.72,0.00,PMXC7,VT
02/17/2025 21:00:00,26.51,0.00,PMXC7,VT
02/17/2025 21:10:00,26.34,0.00,PMXC7,VT
02/17/2025 21:20:00,26.12,0.00,PMXC7,VT
02/17/2025 21:30:00,25.87,0.00,PMXC7,VT
02/17/2025 21:40:00,25.69,0.00,PMXC7,VT
02/17/2025 21:50:00,25.48,0.00,PMXC7,VT
02/17/2025 22:00:00,25.27,0.00,PMXC7,VT
02/17/2025 22:10:00,25.01,0.00,PMXC7,VT
02/17/2025 22:20:00,24.79,0.00,PMXC7,VT
02/17/2025 22:30:00,24.58,0.00,PMXC7,VT
02/17/2025 22:40:00,24.32,0.00,PMXC7,VT
02/17/2025 22:50:00,24.15,0.00,PMXC7,VT
02/17/2025 23:00:00,23.89,0.00,PMXC7,VT
02/17/2025 23:10:00,23.68,0.00,PMXC7,VT
02/17/2025 23:20:00,23.51,0.00,PMXC7,VT
02/17/2025 23:30:00,23.25,0.00,PMXC7,VT
02/17/2025 23:40:00,23.03,0.00,PMXC7,VT
02/17/2025 23:50:00,22.78,0.00,PMXC7,VT
02/18/2025 00:00:00,22.56,0.00,PMXC7,VT
02/18/2025 00:10:00,22.39,0.00,PMXC7,VT
02/18/2025 00:20:00,22.39,0.00,PMXC7,VT
02/18/2025 00:30:00,22.43,0.00,PMXC7,VT
02/18/2025 00:40:00,22.65,0.00,PMXC7,VT
02/18/2025 00:50:00,22.73,0.00,PMXC7,VT
02/18/2025 01:00:00,22.99,0.00,PMXC7,VT
02/18/2025 01:10:00,23.16,0.00,PMXC7,VT
02/18/2025 01:20:00,23.46,0.00,PMXC7,VT
02/18/2025 01:30:00,23.59,0.00,PMXC7,VT
02/18/2025 01:40:00,23.72,0.00,PMXC7,VT
02/18/2025 01:50:00,23.98,0.00,PMXC7,VT
02/18/2025 02:00:00,24.19,0.00,PMXC7,VT
02/18/2025 02:10:00,24.41,0.00,PMXC7,VT
02/18/2025 02:20:00,24.62,0.00,PMXC7,VT
02/18/2025 02:30:00,24.79,0.00,PMXC7,VT
02/18/2025 02:40:00,25.01,0.00,PMXC7,VT
02/18/2025 02:50:00,25.22,0.00,PMXC7,VT
02/18/2025 03:00:00,25.48,0.00,PMXC7,VT
02/18/2025 03:10:00,25.69,0.00,PMXC7,VT
02/18/2025 03:20:00,25.91,0.00,PMXC7,VT
02/18/2025 03:30:00,26.08,0.00,PMXC7,VT
02/18/2025 03:40:00,26.30,0.00,PMXC7,VT
02/18/2025 03:50:00,26.51,0.00,PMXC7,VT
02/18/2025 04:00:00,26.77,0.00,PMXC7,VT
02/18/2025 04:10:00,26.94,0.00,PMXC7,VT
02/18/2025 04:20:00,27.15,0.00,PMXC7,VT
02/18/2025 04:30:00,27.37,0.00,PMXC7,VT
02/18/2025 04:40:00,27.63,0.00,PMXC7,VT
02/18/2025 04:50:00,27.84,0.00,PMXC7,VT
02/18/2025 05:00:00,28.05,0.00,PMXC7,VT
02/18/2025 05:10:00,28.27,0.00,PMXC7,VT
02/18/2025 05:20:00,28.48,0.00,PMXC7,VT
02/18/2025 05:30:00,28.70,0.20,PMXC7,VT
02/18/2025 05:40:00,28.91,0.00,PMXC7,VT
02/18/2025 05:50:00,29.17,0.00,PMXC7,VT
02/18/2025 06:00:00,29.38,0.00,PMXC7,VT
02/18/2025 06:10:00,29.56,0.00,PMXC7,VT
02/18/2025 06:20:00,29.56,0.00,PMXC7,VT
02/18/2025 06:30:00,29.43,0.00,PMXC7,VT
02/18/2025 06:40:00,29.34,0.00,PMXC7,VT
02/18/2025 06:50:00,29.13,0.00,PMXC7,VT
02/18/2025 07:00:00,29.00,0.00,PMXC7,VT
02/18/2025 07:10:00,28.78,0.00,PMXC7,VT
02/18/2025 07:20:00,28.61,0.00,PMXC7,VT
02/18/2025 07:30:00,28.35,0.00,PMXC7,VT
02/18/2025 07:40:00,28.23,0.00,PMXC7,VT
02/18/2025 07:50:00,27.97,0.00,PMXC7,VT
02/18/2025 08:00:00,27.75,0.00,PMXC7,VT
02/18/2025 08:10:00,27.58,0.00,PMXC7,VT
02/18/2025 08:20:00,27.32,0.00,PMXC7,VT
02/18/2025 08:30:00,27.11,0.00,PMXC7,VT
02/18/2025 08:40:00,26.94,0.00,PMXC7,VT
02/18/2025 08:50:00,26.68,0.00,PMXC7,VT
02/18/2025 09:00:00,26.47,0.00,PMXC7,VT
02/18/2025 09:10:00,26.30,0.00,PMXC7,VT
02/18/2025 09:20:00,26.08,0.00,PMXC7,VT
02/18/2025 09:30:00,25.82,0.00,PMXC7,VT
02/18/2025 09:40:00,25.61,0.00,PMXC7,VT
02/18/2025 09:50:00,25.44,0.00,PMXC7,VT
02/18/2025 10:00:00,25.27,0.00,PMXC7,VT
02/18/2025 10:10:00,24.97,0.00,PMXC7,VT
02/18/2025 10:20:00,24.79,0.00,PMXC7,VT
02/18/2025 10:30:00,24.54,0.00,PMXC7,VT
02/18/2025 10:40:00,24.36,0.00,PMXC7,VT
02/18/2025 10:50:00,24.11,0.00,PMXC7,VT
02/18/2025 11:00:00,23.89,0.00,PMXC7,VT
02/18/2025 11:10:00,23.64,0.00,PMXC7,VT
02/18/2025 11:20:00,23.46,0.00,PMXC7,VT
02/18/2025 11:30:00,23.25,0.00,PMXC7,VT
02/18/2025 11:40:00,23.08,0.00,PMXC7,VT
02/18/2025 11:50:00,22.82,0.00,PMXC7,VT
02/18/2025 12:00:00,22.61,0.00,PMXC7,VT
02/18/2025 12:10:00,22.39,0.00,PMXC7,VT
02/18/2025 12:20:00,22.39,0.00,PMXC7,VT
02/18/2025 12:30:00,22.52,0.00,PMXC7,VT
02/18/2025 12:40:00,22.69,0.00,PMXC7,VT
02/18/2025 12:50:00,22.86,0.00,PMXC7,VT
02/18/2025 13:00:00,23.08,0.00,PMXC7,VT
02/18/2025 13:10:00,23.21,0.00,PMXC7,VT
02/18/2025 13:20:00,23.38,0.00,PMXC7,VT
02/18/2025 13:30:00,23.59,0.00,PMXC7,VT
02/18/2025 13:40:00,23.85,0.00,PMXC7,VT
02/18/2025 13:50:00,24.02,0.00,PMXC7,VT
02/18/2025 14:00:00,24.24,0.00,PMXC7,VT
02/18/2025 14:10:00,24.41,0.00,PMXC7,VT
02/18/2025 14:20:00,24.66,0.00,PMXC7,VT
02/18/2025 14:30:00,24.84,0.20,PMXC7,VT
02/18/2025 14:40:00,25.01,0.00,PMXC7,VT
02/18/2025 14:50:00,25.27,0.00,PMXC7,VT
02/18/2025 15:00:00,25.48,0.00,PMXC7,VT
02/18/2025 15:10:00,25.69,0.00,PMXC7,VT
02/18/2025 15:20:00,25.87,0.00,PMXC7,VT
02/18/2025 15:30:00,26.12,0.00,PMXC7,VT
02/18/2025 15:40:00,26.34,0.00,PMXC7,VT
02/18/2025 15:50:00,26.55,0.00,PMXC7,VT
02/18/2025 16:00:00,26.81,0.00,PMXC7,VT
02/18/2025 16:10:00,27.02,0.00,PMXC7,VT
02/18/2025 16:20:00,27.24,0.00,PMXC7,VT
02/18/2025 16:30:00,27.41,0.00,PMXC7,VT
02/18/2025 16:40:00,27.63,0.00,PMXC7,VT
02/18/2025 16:50:00,27.84,0.00,PMXC7,VT
02/18/2025 17:00:00,28.05,0.00,PMXC7,VT
02/18/2025 17:10:00,28.31,0.00,PMXC7,VT
02/18/2025 17:20:00,28.48,0.00,PMXC7,VT
02/18/2025 17:30:00,28.74,0.00,PMXC7,VT
02/18/2025 17:40:00,28.95,0.00,PMXC7,VT
02/18/2025 17:50:00,29.13,0.00,PMXC7,VT
02/18/2025 18:00:00,29.38,0.00,PMXC7,VT
02/18/2025 18:10:00,29.56,0.00,PMXC7,VT
02/18/2025 18:20:00,29.56,0.00,PMXC7,VT
02/18/2025 18:30:00,29.47,0.00,PMXC7,VT
02/18/2025 18:40:00,29.38,0.00,PMXC7,VT
02/18/2025 18:50:00,29.13,0.00,PMXC7,VT
02/18/2025 19:00:00,29.00,0.00,PMXC7,VT
02/18/2025 19:10:00,28.78,0.00,PMXC7,VT
02/18/2025 19:20:00,28.61,0.00,PMXC7,VT
02/18/2025 19:30:00,28.40,0.00,PMXC7,VT
02/18/2025 19:40:00,28.18,0.00,PMXC7,VT
02/18/2025 19:50:00,27.97,0.00,PMXC7,VT
02/18/2025 20:00:00,27.80,0.00,PMXC7,VT
02/18/2025 20:10:00,27.58,0.00,PMXC7,VT
02/18/2025 20:20:00,27.32,0.00,PMXC7,VT
02/18/2025 20:30:00,27.11,0.00,PMXC7,VT
02/18/2025 20:40:00,26.94,0.00,PMXC7,VT
02/18/2025 20:50:00,26.72,0.00,PMXC7,VT
02/18/2025 21:00:00,26.55,0.00,PMXC7,VT
02/18/2025 21:10:00,26.30,0.00,PMXC7,VT
02/18/2025 21:20:00,26.12,0.00,PMXC7,VT
02/18/2025 21:30:00,25.91,0.00,PMXC7,VT
02/18/2025 21:40:00,25.69,0.00,PMXC7,VT
02/18/2025 21:50:00,25.44,0.00,PMXC7,VT
02/18/2025 22:00:00,25.22,0.00,PMXC7,VT
02/18/2025 22:10:00,25.01,0.00,PMXC7,VT
02/18/2025 22:20:00,24.79,0.00,PMXC7,VT
02/18/2025 22:30:00,24.58,0.00,PMXC7,VT
02/18/2025 22:40:00,24.36,0.00,PMXC7,VT
02/18/2025 22:50:00,24.11,0.00,PMXC7,VT
02/18/2025 23:00:00,23.89,0.00,PMXC7,VT
02/18/2025 23:10:00,23.68,0.00,PMXC7,VT
02/18/2025 23:20:00,23.42,0.00,PMXC7,VT
02/18/2025 23:30:00,23.25,0.20,PMXC7,VT
02/18/2025 23:40:00,23.03,0.00,PMXC7,VT
02/18/2025 23:50:00,22.82,0.00,PMXC7,VT
02/19/2025 00:00:00,22.65,0.00,PMXC7,VT
02/19/2025 00:10:00,22.39,0.00,PMXC7,VT
02/19/2025 00:20:00,22.43,0.00,PMXC7,VT
02/19/2025 00:30:00,22.52,0.00,PMXC7,VT
02/19/2025 00:40:00,22.69,0.00,PMXC7,VT
02/19/2025 00:50:00,22.78,0.00,PMXC7,VT
02/19/2025 01:00:00,22.99,0.00,PMXC7,VT
02/19/2025 01:10:00,23.16,0.00,PMXC7,VT
02/19/2025 01:20:00,23.38,0.00,PMXC7,VT
02/19/2025 01:30:00,23.59,0.00,PMXC7,VT
02/19/2025 01:40:00,23.81,0.00,PMXC7,VT
02/19/2025 01:50:00,23.98,0.00,PMXC7,VT
02/19/2025 02:00:00,24.24,0.00,PMXC7,VT
02/19/2025 02:10:00,24.41,0.00,PMXC7,VT
02/19/2025 02:20:00,24.62,0.00,PMXC7,VT
02/19/2025 02:30:00,24.84,0.00,PMXC7,VT
02/19/2025 02:40:00,25.05,0.00,PMXC7,VT
02/19/2025 02:50:00,25.27,0.00,PMXC7,VT
02/19/2025 03:00:00,25.48,0.00,PMXC7,VT
02/19/2025 03:10:00,25.65,0.00,PMXC7,VT
02/19/2025 03:20:00,25.91,0.00,PMXC7,VT
02/19/2025 03:30:00,26.08,0.00,PMXC7,VT
02/19/2025 03:40:00,26.34,0.00,PMXC7,VT
02/19/2025 03:50:00,26.55,0.00,PMXC7,VT
02/19/2025 04:00:00,26.72,0.00,PMXC7,VT
02/19/2025 04:10:00,26.98,0.00,PMXC7,VT
02/19/2025 04:20:00,27.24,0.00,PMXC7,VT
02/19/2025 04:30:00,27.37,0.00,PMXC7,VT
02/19/2025 04:40:00,27.63,0.00,PMXC7,VT
02/19/2025 04:50:00,27.84,0.00,PMXC7,VT
02/19/2025 05:00:00,28.01,0.00,PMXC7,VT
02/19/2025 05:10:00,28.27,0.00,PMXC7,VT
02/19/2025 05:20:00,28.48,0.00,PMXC7,VT
02/19/2025 05:30:00,28.70,0.00,PMXC7,VT
02/19/2025 05:40:00,28.95,0.00,PMXC7,VT
02/19/2025 05:50:00,29.17,0.00,PMXC7,VT
02/19/2025 06:00:00,29.38,0.00,PMXC7,VT
02/19/2025 06:10:00,29.51,0.00,PMXC7,VT
02/19/2025 06:20:00,29.60,0.00,PMXC7,VT
02/19/2025 06:30:00,29.47,0.00,PMXC7,VT
02/19/2025 06:40:00,29.34,0.00,PMXC7,VT
02/19/2025 06:50:00,29.17,0.00,PMXC7,VT
02/19/2025 07:00:00,28.95,0.00,PMXC7,VT
02/19/2025 07:10:00,28.78,0.00,PMXC7,VT
02/19/2025 07:20:00,28.61,0.00,PMXC7,VT
02/19/2025 07:30:00,28.35,0.00,PMXC7,VT
02/19/2025 07:40:00,28.18,0.00,PMXC7,VT
02/19/2025 07:50:00,27.97,0.00,PMXC7,VT
02/19/2025 08:00:00,27.80,0.00,PMXC7,VT
02/19/2025 08:10:00,27.54,0.00,PMXC7,VT
02/19/2025 08:20:00,27.37,0.00,PMXC7,VT
02/19/2025 08:30:00,27.15,0.20,PMXC7,VT
02/19/2025 08:40:00,26.94,0.00,PMXC7,VT
02/19/2025 08:50:00,26.72,0.00,PMXC7,VT
02/19/2025 09:00:00,26.51,0.00,PMXC7,VT
02/19/2025 09:10:00,26.30,0.00,PMXC7,VT
02/19/2025 09:20:00,26.08,0.00,PMXC7,VT
02/19/2025 09:30:00,25.87,0.00,PMXC7,VT
02/19/2025 09:40:00,25.65,0.00,PMXC7,VT
02/19/2025 09:50:00,25.44,0.00,PMXC7,VT
02/19/2025 10:00:00,25.27,0.00,PMXC7,VT
02/19/2025 10:10:00,25.05,0.00,PMXC7,VT
02/19/2025 10:20:00,24.84,0.00,PMXC7,VT
02/19/2025 10:30:00,24.54,0.00,PMXC7,VT
02/19/2025 10:40:00,24.36,0.00,PMXC7,VT
02/19/2025 10:50:00,24.15,0.00,PMXC7,VT
02/19/2025 11:00:00,23.98,0.00,PMXC7,VT
02/19/2025 11:10:00,23.72,0.00,PMXC7,VT
02/19/2025 11:20:00,23.51,0.00,PMXC7,VT
02/19/2025 11:30:00,23.25,0.00,PMXC7,VT
02/19/2025 11:40:00,23.03,0.00,PMXC7,VT
02/19/2025 11:50:00,22.82,0.00,PMXC7,VT
02/19/2025 12:00:00,22.56,0.00,PMXC7,VT
02/19/2025 12:10:00,22.39,0.00,PMXC7,VT
02/19/2025 12:20:00,22.35,0.00,PMXC7,VT
02/19/2025 12:30:00,22.48,0.00,PMXC7,VT
02/19/2025 12:40:00,22.65,0.00,PMXC7,VT
02/19/2025 12:50:00,22.78,0.00,PMXC7,VT
02/19/2025 13:00:00,22.99,0.00,PMXC7,VT
02/19/2025 13:10:00,23.16,0.00,PMXC7,VT
02/19/2025 13:20:00,23.38,0.00,PMXC7,VT
02/19/2025 13:30:00,23.59,0.00,PMXC7,VT
02/19/2025 13:40:00,23.81,0.00,PMXC7,VT
02/19/2025 13:50:00,23.98,0.00,PMXC7,VT
02/19/2025 14:00:00,24.19,0.00,PMXC7,VT
02/19/2025 14:10:00,24.41,0.00,PMXC7,VT
02/19/2025 14:20:00,24.62,0.00,PMXC7,VT
02/19/2025 14:30:00,24.84,0.00,PMXC7,VT
02/19/2025 14:40:00,25.09,0.00,PMXC7,VT
02/19/2025 14:50:00,25.22,0.00,PMXC7,VT
02/19/2025 15:00:00,25.48,0.00,PMXC7,VT
02/19/2025 15:10:00,25.69,0.00,PMXC7,VT
02/19/2025 15:20:00,25.91,0.00,PMXC7,VT
02/19/2025 15:30:00,26.12,0.00,PMXC7,VT
02/19/2025 15:40:00,26.34,0.00,PMXC7,VT
02/19/2025 15:50:00,26.60,0.00,PMXC7,VT
02/19/2025 16:00:00,26.77,0.00,PMXC7,VT
02/19/2025 16:10:00,26.98,0.00,PMXC7,VT
02/19/2025 16:20:00,27.15,0.00,PMXC7,VT
02/19/2025 16:30:00,27.37,0.00,PMXC7,VT
02/19/2025 16:40:00,27.63,0.00,PMXC7,VT
02/19/2025 16:50:00,27.88,0.00,PMXC7,VT
02/19/2025 17:00:00,28.05,0.00,PMXC7,VT
02/19/2025 17:10:00,28.27,0.00,PMXC7,VT
02/19/2025 17:20:00,28.53,0.00,PMXC7,VT
02/19/2025 17:30:00,28.70,0.20,PMXC7,VT
02/19/2025 17:40:00,28.91,0.00,PMXC7,VT
02/19/2025 17:50:00,29.17,0.00,PMXC7,VT
02/19/2025 18:00:00,29.38,0.00,PMXC7,VT
02/19/2025 18:10:00,29.51,0.00,PMXC7,VT
02/19/2025 18:20:00,29.56,0.00,PMXC7,VT
02/19/2025 18:30:00,29.47,0.00,PMXC7,VT
02/19/2025 18:40:00,29.30,0.00,PMXC7,VT
02/19/2025 18:50:00,29.17,0.00,PMXC7,VT
02/19/2025 19:00:00,28.95,0.00,PMXC7,VT
02/19/2025 19:10:00,28.78,0.00,PMXC7,VT
02/19/2025 19:20:00,28.57,0.00,PMXC7,VT
02/19/2025 19:30:00,28.40,0.00,PMXC7,VT
02/19/2025 19:40:00,28.18,0.00,PMXC7,VT
02/19/2025 19:50:00,28.01,0.00,PMXC7,VT
02/19/2025 20:00:00,27.80,0.00,PMXC7,VT
02/19/2025 20:10:00,27.58,0.00,PMXC7,VT
02/19/2025 20:20:00,27.37,0.00,PMXC7,VT
02/19/2025 20:30:00,27.15,0.00,PMXC7,VT
02/19/2025 20:40:00,26.94,0.00,PMXC7,VT
02/19/2025 20:50:00,26.72,0.00,PMXC7,VT
02/19/2025 21:00:00,26.55,0.00,PMXC7,VT
02/19/2025 21:10:00,26.34,0.00,PMXC7,VT
02/19/2025 21:20:00,26.08,0.00,PMXC7,VT
02/19/2025 21:30:00,25.87,0.00,PMXC7,VT
02/19/2025 21:40:00,25.65,0.00,PMXC7,VT
02/19/2025 21:50:00,25.44,0.00,PMXC7,VT
02/19/2025 22:00:00,25.27,0.00,PMXC7,VT
02/19/2025 22:10:00,25.01,0.00,PMXC7,VT
02/19/2025 22:20:00,24.79,0.00,PMXC7,VT
02/19/2025 22:30:00,24.58,0.00,PMXC7,VT
02/19/2025 22:40:00,24.36,0.00,PMXC7,VT
02/19/2025 22:50:00,24.15,0.00,PMXC7,VT
02/19/2025 23:00:00,23.94,0.00,PMXC7,VT
02/19/2025 23:10:00,23.72,0.00,PMXC7,VT
02/19/2025 23:20:00,23.46,0.20,PMXC7,VT
02/19/2025 23:30:00,23.29,0.00,PMXC7,VT
02/19/2025 23:40:00,23.03,0.00,PMXC7,VT
02/19/2025 23:50:00,22.82,0.00,PMXC7,VT
02/20/2025 00:00:00,22.65,0.00,PMXC7,VT
02/20/2025 00:10:00,22.43,0.00,PMXC7,VT
02/20/2025 00:20:00,22.43,0.00,PMXC7,VT
02/20/2025 00:30:00,22.56,0.00,PMXC7,VT
02/20/2025 00:40:00,22.61,0.00,PMXC7,VT
02/20/2025 00:50:00,22.86,0.00,PMXC7,VT
02/20/2025 01:00:00,23.03,0.00,PMXC7,VT
02/20/2025 01:10:00,23.16,0.00,PMXC7,VT
02/20/2025 01:20:00,23.38,0.00,PMXC7,VT
02/20/2025 01:30:00,23.59,0.00,PMXC7,VT
02/20/2025 01:40:00,23.81,0.00,PMXC7,VT
02/20/2025 01:50:00,24.02,0.00,PMXC7,VT
02/20/2025 02:00:00,24.19,0.00,PMXC7,VT
02/20/2025 02:10:00,24.36,0.00,PMXC7,VT
02/20/2025 02:20:00,24.58,0.00,PMXC7,VT
02/20/2025 02:30:00,24.84,0.20,PMXC7,VT
02/20/2025 02:40:00,25.01,0.00,PMXC7,VT
02/20/2025 02:50:00,25.22,0.00,PMXC7,VT
02/20/2025 03:00:00,25.44,0.00,PMXC7,VT
02/20/2025 03:10:00,25.65,0.00,PMXC7,VT
02/20/2025 03:20:00,25.87,0.00,PMXC7,VT
02/20/2025 03:30:00,26.08,0.00,PMXC7,VT
02/20/2025 03:40:00,26.34,0.00,PMXC7,VT
02/20/2025 03:50:00,26.55,0.00,PMXC7,VT
02/20/2025 04:00:00,26.68,0.00,PMXC7,VT
02/20/2025 04:10:00,26.90,0.00,PMXC7,VT
02/20/2025 04:20:00,27.15,0.00,PMXC7,VT
02/20/2025 04:30:00,27.37,0.00,PMXC7,VT
02/20/2025 04:40:00,27.63,0.00,PMXC7,VT
02/20/2025 04:50:00,27.80,0.00,PMXC7,VT
02/20/2025 05:00:00,28.05,0.00,PMXC7,VT
02/20/2025 05:10:00,28.27,0.00,PMXC7,VT
02/20/2025 05:20:00,28.48,0.00,PMXC7,VT
02/20/2025 05:30:00,28.70,0.00,PMXC7,VT
02/20/2025 05:40:00,28.95,0.00,PMXC7,VT
02/20/2025 05:50:00,29.13,0.00,PMXC7,VT
02/20/2025 06:00:00,29.34,0.00,PMXC7,VT
02/20/2025 06:10:00,29.51,0.00,PMXC7,VT
02/20/2025 06:20:00,29.60,0.00,PMXC7,VT
02/20/2025 06:30:00,29.47,0.00,PMXC7,VT
02/20/2025 06:40:00,29.34,0.00,PMXC7,VT
02/20/2025 06:50:00,29.13,0.00,PMXC7,VT
02/20/2025 07:00:00,28.95,0.00,PMXC7,VT
02/20/2025 07:10:00,28.78,0.00,PMXC7,VT
02/20/2025 07:20:00,28.61,0.00,PMXC7,VT
02/20/2025 07:30:00,28.40,0.00,PMXC7,VT
02/20/2025 07:40:00,28.23,0.00,PMXC7,VT
02/20/2025 07:50:00,28.01,0.00,PMXC7,VT
02/20/2025 08:00:00,27.80,0.00,PMXC7,VT
02/20/2025 08:10:00,27.58,0.00,PMXC7,VT
02/20/2025 08:20:00,27.37,0.20,PMXC7,VT
02/20/2025 08:30:00,27.15,0.00,PMXC7,VT
02/20/2025 08:40:00,26.94,0.00,PMXC7,VT
02/20/2025 08:50:00,26.77,0.00,PMXC7,VT
02/20/2025 09:00:00,26.55,0.00,PMXC7,VT
02/20/2025 09:10:00,26.30,0.00,PMXC7,VT
02/20/2025 09:20:00,26.12,0.00,PMXC7,VT
02/20/2025 09:30:00,25.95,0.00,PMXC7,VT
02/20/2025 09:40:00,25.69,0.00,PMXC7,VT
02/20/2025 09:50:00,25.44,0.00,PMXC7,VT
02/20/2025 10:00:00,25.27,0.00,PMXC7,VT
02/20/2025 10:10:00,25.05,0.00,PMXC7,VT
02/20/2025 10:20:00,24.84,0.00,PMXC7,VT
02/20/2025 10:30:00,24.58,0.00,PMXC7,VT
02/20/2025 10:40:00,24.41,0.00,PMXC7,VT
02/20/2025 10:50:00,24.19,0.00,PMXC7,VT
02/20/2025 11:00:00,23.98,0.00,PMXC7,VT
02/20/2025 11:10:00,23.72,0.00,PMXC7,VT
02/20/2025 11:20:00,23.51,0.00,PMXC7,VT
02/20/2025 11:30:00,23.34,0.00,PMXC7,VT
02/20/2025 11:40:00,23.08,0.00,PMXC7,VT
02/20/2025 11:50:00,22.91,0.00,PMXC7,VT
02/20/2025 12:00:00,22.61,0.00,PMXC7,VT
02/20/2025 12:10:00,22.43,0.00,PMXC7,VT
02/20/2025 12:20:00,22.43,0.00,PMXC7,VT
02/20/2025 12:30:00,22.56,0.00,PMXC7,VT
02/20/2025 12:40:00,22.73,0.00,PMXC7,VT
02/20/2025 12:50:00,22.82,0.00,PMXC7,VT
02/20/2025 13:00:00,22.99,0.00,PMXC7,VT
02/20/2025 13:10:00,23.21,0.00,PMXC7,VT
02/20/2025 13:20:00,23.42,0.00,PMXC7,VT
02/20/2025 13:30:00,23.59,0.00,PMXC7,VT
02/20/2025 13:40:00,23.76,0.00,PMXC7,VT
02/20/2025 13:50:00,24.02,0.00,PMXC7,VT
02/20/2025 14:00:00,24.24,0.00,PMXC7,VT
02/20/2025 14:10:00,24.45,0.00,PMXC7,VT
02/20/2025 14:20:00,24.66,0.00,PMXC7,VT
02/20/2025 14:30:00,24.88,0.00,PMXC7,VT
02/20/2025 14:40:00,25.09,0.00,PMXC7,VT
02/20/2025 14:50:00,25.31,0.00,PMXC7,VT
02/20/2025 15:00:00,25.48,0.00,PMXC7,VT
02/20/2025 15:10:00,25.69,0.00,PMXC7,VT
02/20/2025 15:20:00,25.91,0.00,PMXC7,VT
02/20/2025 15:30:00,26.08,0.00,PMXC7,VT
02/20/2025 15:40:00,26.34,0.00,PMXC7,VT
02/20/2025 15:50:00,26.55,0.00,PMXC7,VT
02/20/2025 16:00:00,26.81,0.00,PMXC7,VT
02/20/2025 16:10:00,26.94,0.00,PMXC7,VT
02/20/2025 16:20:00,27.24,0.00,PMXC7,VT
02/20/2025 16:30:00,27.50,0.00,PMXC7,VT
02/20/2025 16:40:00,27.67,0.00,PMXC7,VT
02/20/2025 16:50:00,27.84,0.00,PMXC7,VT
02/20/2025 17:00:00,28.05,0.00,PMXC7,VT
02/20/2025 17:10:00,28.31,0.00,PMXC7,VT
02/20/2025 17:20:00,28.53,0.20,PMXC7,VT
02/20/2025 17:30:00,28.70,0.00,PMXC7,VT
02/20/2025 17:40:00,28.95,0.00,PMXC7,VT
02/20/2025 17:50:00,29.17,0.00,PMXC7,VT
02/20/2025 18:00:00,29.38,0.00,PMXC7,VT
02/20/2025 18:10:00,29.60,0.00,PMXC7,VT
02/20/2025 18:20:00,29.60,0.00,PMXC7,VT
02/20/2025 18:30:00,29.47,0.00,PMXC7,VT
02/20/2025 18:40:00,29.34,0.00,PMXC7,VT
02/20/2025 18:50:00,29.17,0.00,PMXC7,VT
02/20/2025 19:00:00,29.00,0.00,PMXC7,VT
02/20/2025 19:10:00,28.83,0.00,PMXC7,VT
02/20/2025 19:20:00,28.61,0.00,PMXC7,VT
02/20/2025 19:30:00,28.44,0.00,PMXC7,VT
02/20/2025 19:40:00,28.23,0.00,PMXC7,VT
02/20/2025 19:50:00,28.01,0.00,PMXC7,VT
02/20/2025 20:00:00,27.80,0.00,PMXC7,VT
02/20/2025 20:10:00,27.63,0.00,PMXC7,VT
02/20/2025 20:20:00,27.41,0.00,PMXC7,VT
02/20/2025 20:30:00,27.20,0.00,PMXC7,VT
02/20/2025 20:40:00,26.98,0.00,PMXC7,VT
02/20/2025 20:50:00,26.81,0.00,PMXC7,VT
02/20/2025 21:00:00,26.55,0.00,PMXC7,VT
02/20/2025 21:10:00,26.30,0.00,PMXC7,VT
02/20/2025 21:20:00,26.12,0.00,PMXC7,VT
02/20/2025 21:30:00,25.87,0.00,PMXC7,VT
02/20/2025 21:40:00,25.74,0.00,PMXC7,VT
02/20/2025 21:50:00,25.52,0.00,PMXC7,VT
02/20/2025 22:00:00,25.27,0.00,PMXC7,VT
02/20/2025 22:10:00,25.01,0.00,PMXC7,VT
02/20/2025 22:20:00,24.84,0.00,PMXC7,VT
02/20/2025 22:30:00,24.58,0.00,PMXC7,VT
02/20/2025 22:40:00,24.36,0.00,PMXC7,VT
02/20/2025 22:50:00,24.19,0.00,PMXC7,VT
02/20/2025 23:00:00,23.94,0.00,PMXC7,VT
02/20/2025 23:10:00,23.68,0.00,PMXC7,VT
02/20/2025 23:20:00,23.51,0.00,PMXC7,VT
02/20/2025 23:30:00,23.29,0.00,PMXC7,VT
02/20/2025 23:40:00,23.08,0.00,PMXC7,VT
02/20/2025 23:50:00,22.86,0.00,PMXC7,VT
02/21/2025 00:00:00,22.65,0.00,PMXC7,VT
02/21/2025 00:10:00,22.48,0.00,PMXC7,VT
02/21/2025 00:20:00,22.39,0.00,PMXC7,VT
02/21/2025 00:30:00,22.52,0.00,PMXC7,VT
02/21/2025 00:40:00,22.69,0.00,PMXC7,VT
02/21/2025 00:50:00,22.78,0.00,PMXC7,VT
02/21/2025 01:00:00,22.99,0.00,PMXC7,VT
02/21/2025 01:10:00,23.25,0.00,PMXC7,VT
02/21/2025 01:20:00,23.42,0.00,PMXC7,VT
02/21/2025 01:30:00,23.59,0.00,PMXC7,VT
02/21/2025 01:40:00,23.81,0.00,PMXC7,VT
02/21/2025 01:50:00,24.02,0.00,PMXC7,VT
02/21/2025 02:00:00,24.19,0.00,PMXC7,VT
02/21/2025 02:10:00,24.45,0.00,PMXC7,VT
02/21/2025 02:20:00,24.62,0.20,PMXC7,VT
02/21/2025 02:30:00,24.88,0.00,PMXC7,VT
02/21/2025 02:40:00,25.01,0.00,PMXC7,VT
02/21/2025 02:50:00,25.27,0.00,PMXC7,VT
02/21/2025 03:00:00,25.48,0.00,PMXC7,VT
02/21/2025 03:10:00,25.69,0.00,PMXC7,VT
02/21/2025 03:20:00,25.87,0.00,PMXC7,VT
02/21/2025 03:30:00,26.08,0.00,PMXC7,VT
02/21/2025 03:40:00,26.34,0.00,PMXC7,VT
02/21/2025 03:50:00,26.55,0.00,PMXC7,VT
02/21/2025 04:00:00,26.77,0.00,PMXC7,VT
02/21/2025 04:10:00,26.98,0.00,PMXC7,VT
02/21/2025 04:20:00,27.20,0.00,PMXC7,VT
02/21/2025 04:30:00,27.37,0.00,PMXC7,VT
02/21/2025 04:40:00,27.63,0.00,PMXC7,VT
02/21/2025 04:50:00,27.84,0.00,PMXC7,VT
02/21/2025 05:00:00,28.01,0.00,PMXC7,VT
02/21/2025 05:10:00,28.23,0.00,PMXC7,VT
02/21/2025 05:20:00,28.48,0.00,PMXC7,VT
02/21/2025 05:30:00,28.70,0.00,PMXC7,VT
02/21/2025 05:40:00,28.91,0.00,PMXC7,VT
02/21/2025 05:50:00,29.13,0.00,PMXC7,VT
02/21/2025 06:00:00,29.38,0.00,PMXC7,VT
02/21/2025 06:10:00,29.56,0.00,PMXC7,VT
02/21/2025 06:20:00,29.56,0.00,PMXC7,VT
02/21/2025 06:30:00,29.47,0.00,PMXC7,VT
02/21/2025 06:40:00,29.30,0.00,PMXC7,VT
02/21/2025 06:50:00,29.17,0.00,PMXC7,VT
02/21/2025 07:00:00,28.95,0.00,PMXC7,VT
02/21/2025 07:10:00,28.78,0.00,PMXC7,VT
02/21/2025 07:20:00,28.53,0.00,PMXC7,VT
02/21/2025 07:30:00,28.44,0.00,PMXC7,VT
02/21/2025 07:40:00,28.18,0.00,PMXC7,VT
02/21/2025 07:50:00,28.01,0.00,PMXC7,VT
02/21/2025 08:00:00,27.75,0.00,PMXC7,VT
02/21/2025 08:10:00,27.58,0.00,PMXC7,VT
02/21/2025 08:20:00,27.37,0.00,PMXC7,VT
02/21/2025 08:30:00,27.15,0.00,PMXC7,VT
02/21/2025 08:40:00,26.94,0.00,PMXC7,VT
02/21/2025 08:50:00,26.77,0.00,PMXC7,VT
02/21/2025 09:00:00,26.51,0.00,PMXC7,VT
02/21/2025 09:10:00,26.25,0.00,PMXC7,VT
02/21/2025 09:20:00,26.08,0.00,PMXC7,VT
02/21/2025 09:30:00,25.87,0.00,PMXC7,VT
02/21/2025 09:40:00,25.69,0.00,PMXC7,VT
02/21/2025 09:50:00,25.48,0.00,PMXC7,VT
02/21/2025 10:00:00,25.22,0.00,PMXC7,VT
02/21/2025 10:10:00,25.01,0.00,PMXC7,VT
02/21/2025 10:20:00,24.84,0.00,PMXC7,VT
02/21/2025 10:30:00,24.58,0.00,PMXC7,VT
02/21/2025 10:40:00,24.36,0.00,PMXC7,VT
02/21/2025 10:50:00,24.11,0.00,PMXC7,VT
02/21/2025 11:00:00,23.94,0.00,PMXC7,VT
02/21/2025 11:10:00,23.68,0.00,PMXC7,VT
02/21/2025 11:20:00,23.51,0.20,PMXC7,VT
02/21/2025 11:30:00,23.34,0.00,PMXC7,VT
02/21/2025 11:40:00,23.08,0.00,PMXC7,VT
02/21/2025 11:50:00,22.86,0.00,PMXC7,VT
02/21/2025 12:00:00,22.65,0.00,PMXC7,VT
02/21/2025 12:10:00,22.43,0.00,PMXC7,VT
02/21/2025 12:20:00,22.39,0.00,PMXC7,VT
02/21/2025 12:30:00,22.52,0.00,PMXC7,VT
02/21/2025 12:40:00,22.65,0.00,PMXC7,VT
02/21/2025 12:50:00,22.86,0.00,PMXC7,VT
02/21/2025 13:00:00,22.99,0.00,PMXC7,VT
02/21/2025 13:10:00,23.21,0.00,PMXC7,VT
02/21/2025 13:20:00,23.38,0.00,PMXC7,VT
02/21/2025 13:30:00,23.59,0.00,PMXC7,VT
02/21/2025 13:40:00,23.81,0.00,PMXC7,VT
02/21/2025 13:50:00,24.02,0.00,PMXC7,VT
02/21/2025 14:00:00,24.19,0.00,PMXC7,VT
02/21/2025 14:10:00,24.41,0.00,PMXC7,VT
02/21/2025 14:20:00,24.66,0.00,PMXC7,VT
02/21/2025 14:30:00,24.84,0.00,PMXC7,VT
02/21/2025 14:40:00,25.05,0.00,PMXC7,VT
02/21/2025 14:50:00,25.27,0.00,PMXC7,VT
02/21/2025 15:00:00,25.48,0.00,PMXC7,VT
02/21/2025 15:10:00,25.69,0.00,PMXC7,VT
02/21/2025 15:20:00,25.91,0.00,PMXC7,VT
02/21/2025 15:30:00,26.08,0.00,PMXC7,VT
02/21/2025 15:40:00,26.42,0.00,PMXC7,VT
02/21/2025 15:50:00,26.55,0.00,PMXC7,VT
02/21/2025 16:00:00,26.77,0.00,PMXC7,VT
02/21/2025 16:10:00,26.98,0.00,PMXC7,VT
02/21/2025 16:20:00,27.20,0.00,PMXC7,VT
02/21/2025 16:30:00,27.41,0.00,PMXC7,VT
02/21/2025 16:40:00,27.67,0.00,PMXC7,VT
02/21/2025 16:50:00,27.88,0.00,PMXC7,VT
02/21/2025 17:00:00,28.05,0.00,PMXC7,VT
02/21/2025 17:10:00,28.31,0.00,PMXC7,VT
02/21/2025 17:20:00,28.48,0.00,PMXC7,VT
02/21/2025 17:30:00,28.74,0.00,PMXC7,VT
02/21/2025 17:40:00,28.91,0.00,PMXC7,VT
02/21/2025 17:50:00,29.17,0.00,PMXC7,VT
02/21/2025 18:00:00,29.38,0.00,PMXC7,VT
02/21/2025 18:10:00,29.60,0.00,PMXC7,VT
02/21/2025 18:20:00,29.60,0.00,PMXC7,VT
02/21/2025 18:30:00,29.47,0.00,PMXC7,VT
02/21/2025 18:40:00,29.38,0.00,PMXC7,VT
02/21/2025 18:50:00,29.13,0.00,PMXC7,VT
02/21/2025 19:00:00,29.00,0.00,PMXC7,VT
02/21/2025 19:10:00,28.83,0.00,PMXC7,VT
02/21/2025 19:20:00,28.61,0.00,PMXC7,VT
02/21/2025 19:30:00,28.44,0.00,PMXC7,VT
02/21/2025 19:40:00,28.18,0.00,PMXC7,VT
02/21/2025 19:50:00,28.05,0.00,PMXC7,VT
02/21/2025 20:00:00,27.80,0.00,PMXC7,VT
02/21/2025 20:10:00,27.63,0.00,PMXC7,VT
02/21/2025 20:20:00,27.41,0.20,PMXC7,VT
02/21/2025 20:30:00,27.20,0.00,PMXC7,VT
02/21/2025 20:40:00,26.94,0.00,PMXC7,VT
02/21/2025 20:50:00,26.77,0.00,PMXC7,VT
02/21/2025 21:00:00,26.55,0.00,PMXC7,VT
02/21/2025 21:10:00,26.38,0.00,PMXC7,VT
02/21/2025 21:20:00,26.12,0.00,PMXC7,VT
02/21/2025 21:30:00,25.91,0.00,PMXC7,VT
02/21/2025 21:40:00,25.74,0.00,PMXC7,VT
02/21/2025 21:50:00,25.48,0.00,PMXC7,VT
02/21/2025 22:00:00,25.22,0.00,PMXC7,VT
02/21/2025 22:10:00,25.09,0.00,PMXC7,VT
02/21/2025 22:20:00,24.79,0.00,PMXC7,VT
02/21/2025 22:30:00,24.58,0.00,PMXC7,VT
02/21/2025 22:40:00,24.36,0.00,PMXC7,VT
02/21/2025 22:50:00,24.11,0.00,PMXC7,VT
02/21/2025 23:00:00,23.94,0.00,PMXC7,VT
02/21/2025 23:10:00,23.76,0.00,PMXC7,VT
02/21/2025 23:20:00,23.46,0.00,PMXC7,VT
02/21/2025 23:30:00,23.25,0.00,PMXC7,VT
02/21/2025 23:40:00,23.08,0.00,PMXC7,VT
02/21/2025 23:50:00,22.86,0.00,PMXC7,VT
02/22/2025 00:00:00,22.61,0.00,PMXC7,VT
02/22/2025 00:10:00,22.48,0.00,PMXC7,VT
02/22/2025 00:20:00,22.39,0.00,PMXC7,VT
02/22/2025 00:30:00,22.52,0.00,PMXC7,VT
02/22/2025 00:40:00,22.65,0.00,PMXC7,VT
02/22/2025 00:50:00,22.82,0.00,PMXC7,VT
02/22/2025 01:00:00,22.99,0.00,PMXC7,VT
02/22/2025 01:10:00,23.21,0.00,PMXC7,VT
02/22/2025 01:20:00,23.38,0.00,PMXC7,VT
02/22/2025 01:30:00,23.59,0.00,PMXC7,VT
02/22/2025 01:40:00,23.85,0.00,PMXC7,VT
02/22/2025 01:50:00,24.02,0.00,PMXC7,VT
02/22/2025 02:00:00,24.24,0.00,PMXC7,VT
02/22/2025 02:10:00,24.45,0.00,PMXC7,VT
02/22/2025 02:20:00,24.62,0.00,PMXC7,VT
02/22/2025 02:30:00,24.88,0.00,PMXC7,VT
02/22/2025 02:40:00,25.09,0.00,PMXC7,VT
02/22/2025 02:50:00,25.27,0.00,PMXC7,VT
02/22/2025 03:00:00,25.52,0.00,PMXC7,VT
02/22/2025 03:10:00,25.69,0.00,PMXC7,VT
02/22/2025 03:20:00,25.91,0.00,PMXC7,VT
02/22/2025 03:30:00,26.12,0.00,PMXC7,VT
02/22/2025 03:40:00,26.34,0.00,PMXC7,VT
02/22/2025 03:50:00,26.55,0.00,PMXC7,VT
02/22/2025 04:00:00,26.81,0.00,PMXC7,VT
02/22/2025 04:10:00,26.98,0.00,PMXC7,VT
02/22/2025 04:20:00,27.20,0.00,PMXC7,VT
02/22/2025 04:30:00,27.45,0.00,PMXC7,VT
02/22/2025 04:40:00,27.63,0.00,PMXC7,VT
02/22/2025 04:50:00,27.84,0.00,PMXC7,VT
02/22/2025 05:00:00,28.01,0.00,PMXC7,VT
02/22/2025 05:10:00,28.27,0.00,PMXC7,VT
02/22/2025 05:20:00,28.53,0.20,PMXC7,VT
02/22/2025 05:30:00,28.74,0.00,PMXC7,VT
02/22/2025 05:40:00,28.95,0.00,PMXC7,VT
02/22/2025 05:50:00,29.17,0.00,PMXC7,VT
02/22/2025 06:00:00,29.43,0.00,PMXC7,VT
02/22/2025 06:10:00,29.56,0.00,PMXC7,VT
02/22/2025 06:20:00,29.56,0.00,PMXC7,VT
02/22/2025 06:30:00,29.43,0.00,PMXC7,VT
02/22/2025 06:40:00,29.34,0.00,PMXC7,VT
02/22/2025 06:50:00,29.17,0.00,PMXC7,VT
02/22/2025 07:00:00,29.00,0.00,PMXC7,VT
02/22/2025 07:10:00,28.78,0.00,PMXC7,VT
02/22/2025 07:20:00,28.61,0.00,PMXC7,VT
02/22/2025 07:30:00,28.40,0.00,PMXC7,VT
02/22/2025 07:40:00,28.18,0.00,PMXC7,VT
02/22/2025 07:50:00,27.93,0.00,PMXC7,VT
02/22/2025 08:00:00,27.80,0.00,PMXC7,VT
02/22/2025 08:10:00,27.63,0.00,PMXC7,VT
02/22/2025 08:20:00,27.37,0.00,PMXC7,VT
02/22/2025 08:30:00,27.11,0.00,PMXC7,VT
02/22/2025 08:40:00,26.94,0.00,PMXC7,VT
02/22/2025 08:50:00,26.72,0.00,PMXC7,VT
02/22/2025 09:00:00,26.51,0.00,PMXC7,VT
02/22/2025 09:10:00,26.34,0.00,PMXC7,VT
02/22/2025 09:20:00,26.12,0.00,PMXC7,VT
02/22/2025 09:30:00,25.91,0.00,PMXC7,VT
02/22/2025 09:40:00,25.69,0.00,PMXC7,VT
02/22/2025 09:50:00,25.48,0.00,PMXC7,VT
02/22/2025 10:00:00,25.22,0.00,PMXC7,VT
02/22/2025 10:10:00,25.05,0.00,PMXC7,VT
02/22/2025 10:20:00,24.84,0.00,PMXC7,VT
02/22/2025 10:30:00,24.58,0.00,PMXC7,VT
02/22/2025 10:40:00,24.41,0.00,PMXC7,VT
02/22/2025 10:50:00,24.19,0.00,PMXC7,VT
02/22/2025 11:00:00,23.98,0.00,PMXC7,VT
02/22/2025 11:10:00,23.72,0.20,PMXC7,VT
02/22/2025 11:20:00,23.46,0.00,PMXC7,VT
02/22/2025 11:30:00,23.25,0.00,PMXC7,VT
02/22/2025 11:40:00,23.03,0.00,PMXC7,VT
02/22/2025 11:50:00,22.82,0.00,PMXC7,VT
02/22/2025 12:00:00,22.61,0.00,PMXC7,VT
02/22/2025 12:10:00,22.39,0.00,PMXC7,VT
02/22/2025 12:20:00,22.39,0.00,PMXC7,VT
02/22/2025 12:30:00,22.52,0.00,PMXC7,VT
02/22/2025 12:40:00,22.73,0.00,PMXC7,VT
02/22/2025 12:50:00,22.86,0.00,PMXC7,VT
02/22/2025 13:00:00,22.99,0.00,PMXC7,VT
02/22/2025 13:10:00,23.21,0.00,PMXC7,VT
02/22/2025 13:20:00,23.38,0.00,PMXC7,VT
02/22/2025 13:30:00,23.59,0.00,PMXC7,VT
02/22/2025 13:40:00,23.81,0.00,PMXC7,VT
02/22/2025 13:50:00,24.02,0.00,PMXC7,VT
02/22/2025 14:00:00,24.19,0.00,PMXC7,VT
02/22/2025 14:10:00,24.41,0.00,PMXC7,VT
02/22/2025 14:20:00,24.66,0.20,PMXC7,VT
02/22/2025 14:30:00,24.79,0.00,PMXC7,VT
02/22/2025 14:40:00,25.05,0.00,PMXC7,VT
02/22/2025 14:50:00,25.27,0.00,PMXC7,VT
02/22/2025 15:00:00,25.48,0.00,PMXC7,VT
02/22/2025 15:10:00,25.69,0.00,PMXC7,VT
02/22/2025 15:20:00,25.91,0.00,PMXC7,VT
02/22/2025 15:30:00,26.12,0.00,PMXC7,VT
02/22/2025 15:40:00,26.34,0.00,PMXC7,VT
02/22/2025 15:50:00,26.60,0.00,PMXC7,VT
02/22/2025 16:00:00,26.72,0.00,PMXC7,VT
02/22/2025 16:10:00,26.98,0.00,PMXC7,VT
02/22/2025 16:20:00,27.20,0.00,PMXC7,VT
02/22/2025 16:30:00,27.45,0.00,PMXC7,VT
02/22/2025 16:40:00,27.63,0.00,PMXC7,VT
02/22/2025 16:50:00,27.88,0.00,PMXC7,VT
02/22/2025 17:00:00,28.10,0.00,PMXC7,VT
02/22/2025 17:10:00,28.31,0.00,PMXC7,VT
02/22/2025 17:20:00,28.48,0.00,PMXC7,VT
02/22/2025 17:30:00,28.70,0.00,PMXC7,VT
02/22/2025 17:40:00,28.91,0.00,PMXC7,VT
02/22/2025 17:50:00,29.13,0.00,PMXC7,VT
02/22/2025 18:00:00,29.38,0.00,PMXC7,VT
02/22/2025 18:10:00,29.60,0.00,PMXC7,VT
02/22/2025 18:20:00,29.56,0.00,PMXC7,VT
02/22/2025 18:30:00,29.47,0.00,PMXC7,VT
02/22/2025 18:40:00,29.34,0.00,PMXC7,VT
02/22/2025 18:50:00,29.17,0.00,PMXC7,VT
02/22/2025 19:00:00,29.00,0.00,PMXC7,VT
02/22/2025 19:10:00,28.83,0.00,PMXC7,VT
02/22/2025 19:20:00,28.61,0.00,PMXC7,VT
02/22/2025 19:30:00,28.44,0.00,PMXC7,VT
02/22/2025 19:40:00,28.23,0.00,PMXC7,VT
02/22/2025 19:50:00,28.05,0.00,PMXC7,VT
02/22/2025 20:00:00,27.84,0.00,PMXC7,VT
02/22/2025 20:10:00,27.67,0.20,PMXC7,VT
02/22/2025 20:20:00,27.41,0.00,PMXC7,VT
02/22/2025 20:30:00,27.20,0.00,PMXC7,VT
02/22/2025 20:40:00,27.02,0.00,PMXC7,VT
02/22/2025 20:50:00,26.81,0.00,PMXC7,VT
02/22/2025 21:00:00,26.55,0.00,PMXC7,VT
02/22/2025 21:10:00,26.34,0.00,PMXC7,VT
02/22/2025 21:20:00,26.12,0.00,PMXC7,VT
02/22/2025 21:30:00,25.95,0.00,PMXC7,VT
02/22/2025 21:40:00,25.69,0.00,PMXC7,VT
02/22/2025 21:50:00,25.52,0.00,PMXC7,VT
02/22/2025 22:00:00,25.27,0.00,PMXC7,VT
02/22/2025 22:10:00,25.05,0.00,PMXC7,VT
02/22/2025 22:20:00,24.84,0.00,PMXC7,VT
02/22/2025 22:30:00,24.66,0.00,PMXC7,VT
02/22/2025 22:40:00,24.36,0.00,PMXC7,VT
02/22/2025 22:50:00,24.19,0.00,PMXC7,VT
02/22/2025 23:00:00,23.98,0.00,PMXC7,VT
02/22/2025 23:10:00,23.72,0.00,PMXC7,VT
02/22/2025 23:20:00,23.51,0.20,PMXC7,VT
02/22/2025 23:30:00,23.25,0.00,PMXC7,VT
02/22/2025 23:40:00,23.12,0.00,PMXC7,VT
02/22/2025 23:50:00,22.86,0.00,PMXC7,VT
02/23/2025 00:00:00,22.65,0.00,PMXC7,VT
02/23/2025 00:10:00,22.48,0.00,PMXC7,VT
02/23/2025 00:20:00,22.43,0.00,PMXC7,VT
02/23/2025 00:30:00,22.56,0.00,PMXC7,VT
02/23/2025 00:40:00,22.69,0.00,PMXC7,VT
02/23/2025 00:50:00,22.82,0.00,PMXC7,VT
02/23/2025 01:00:00,22.99,0.00,PMXC7,VT
02/23/2025 01:10:00,23.21,0.00,PMXC7,VT
02/23/2025 01:20:00,23.38,0.00,PMXC7,VT
02/23/2025 01:30:00,23.64,0.00,PMXC7,VT
02/23/2025 01:40:00,23.85,0.00,PMXC7,VT
02/23/2025 01:50:00,24.02,0.00,PMXC7,VT
02/23/2025 02:00:00,24.24,0.00,PMXC7,VT
02/23/2025 02:10:00,24.45,0.00,PMXC7,VT
02/23/2025 02:20:00,24.62,0.00,PMXC7,VT
02/23/2025 02:30:00,24.84,0.00,PMXC7,VT
02/23/2025 02:40:00,25.01,0.00,PMXC7,VT
02/23/2025 02:50:00,25.27,0.00,PMXC7,VT
02/23/2025 03:00:00,25.44,0.00,PMXC7,VT
02/23/2025 03:10:00,25.65,0.00,PMXC7,VT
02/23/2025 03:20:00,25.87,0.00,PMXC7,VT
02/23/2025 03:30:00,26.12,0.00,PMXC7,VT
02/23/2025 03:40:00,26.34,0.00,PMXC7,VT
02/23/2025 03:50:00,26.55,0.00,PMXC7,VT
02/23/2025 04:00:00,26.72,0.00,PMXC7,VT
02/23/2025 04:10:00,26.94,0.00,PMXC7,VT
02/23/2025 04:20:00,27.20,0.00,PMXC7,VT
02/23/2025 04:30:00,27.41,0.00,PMXC7,VT
02/23/2025 04:40:00,27.63,0.00,PMXC7,VT
02/23/2025 04:50:00,27.84,0.00,PMXC7,VT
02/23/2025 05:00:00,28.05,0.00,PMXC7,VT
02/23/2025 05:10:00,28.27,0.20,PMXC7,VT
02/23/2025 05:20:00,28.48,0.00,PMXC7,VT
02/23/2025 05:30:00,28.70,0.00,PMXC7,VT
02/23/2025 05:40:00,28.91,0.00,PMXC7,VT
02/23/2025 05:50:00,29.13,0.00,PMXC7,VT
02/23/2025 06:00:00,29.34,0.00,PMXC7,VT
02/23/2025 06:10:00,29.56,0.00,PMXC7,VT
02/23/2025 06:20:00,29.56,0.00,PMXC7,VT
02/23/2025 06:30:00,29.51,0.00,PMXC7,VT
02/23/2025 06:40:00,29.34,0.00,PMXC7,VT
02/23/2025 06:50:00,29.17,0.00,PMXC7,VT
02/23/2025 07:00:00,29.00,0.00,PMXC7,VT
02/23/2025 07:10:00,28.83,0.00,PMXC7,VT
02/23/2025 07:20:00,28.65,0.00,PMXC7,VT
02/23/2025 07:30:00,28.48,0.00,PMXC7,VT
02/23/2025 07:40:00,28.23,0.00,PMXC7,VT
02/23/2025 07:50:00,28.01,0.00,PMXC7,VT
02/23/2025 08:00:00,27.84,0.00,PMXC7,VT
02/23/2025 08:10:00,27.58,0.00,PMXC7,VT
02/23/2025 08:20:00,27.45,0.20,PMXC7,VT
02/23/2025 08:30:00,27.24,0.00,PMXC7,VT
02/23/2025 08:40:00,26.98,0.00,PMXC7,VT
02/23/2025 08:50:00,26.77,0.00,PMXC7,VT
02/23/2025 09:00:00,26.55,0.00,PMXC7,VT
02/23/2025 09:10:00,26.34,0.00,PMXC7,VT
02/23/2025 09:20:00,26.12,0.00,PMXC7,VT
02/23/2025 09:30:00,25.91,0.00,PMXC7,VT
02/23/2025 09:40:00,25.74,0.00,PMXC7,VT
02/23/2025 09:50:00,25.48,0.00,PMXC7,VT
02/23/2025 10:00:00,25.31,0.00,PMXC7,VT
02/23/2025 10:10:00,25.05,0.00,PMXC7,VT
02/23/2025 10:20:00,24.84,0.00,PMXC7,VT
02/23/2025 10:30:00,24.62,0.00,PMXC7,VT
02/23/2025 10:40:00,24.41,0.00,PMXC7,VT
02/23/2025 10:50:00,24.19,0.00,PMXC7,VT
02/23/2025 11:00:00,23.98,0.00,PMXC7,VT
02/23/2025 11:10:00,23.72,0.00,PMXC7,VT
02/23/2025 11:20:00,23.51,0.00,PMXC7,VT
02/23/2025 11:30:00,23.38,0.00,PMXC7,VT
02/23/2025 11:40:00,23.12,0.00,PMXC7,VT
02/23/2025 11:50:00,22.91,0.00,PMXC7,VT
02/23/2025 12:00:00,22.69,0.00,PMXC7,VT
02/23/2025 12:10:00,22.48,0.00,PMXC7,VT
02/23/2025 12:20:00,22.48,0.00,PMXC7,VT
02/23/2025 12:30:00,22.56,0.00,PMXC7,VT
02/23/2025 12:40:00,22.69,0.00,PMXC7,VT
02/23/2025 12:50:00,22.86,0.00,PMXC7,VT
02/23/2025 13:00:00,23.03,0.00,PMXC7,VT
02/23/2025 13:10:00,23.21,0.00,PMXC7,VT
02/23/2025 13:20:00,23.46,0.00,PMXC7,VT
02/23/2025 13:30:00,23.64,0.00,PMXC7,VT
02/23/2025 13:40:00,23.81,0.00,PMXC7,VT
02/23/2025 13:50:00,24.02,0.00,PMXC7,VT
02/23/2025 14:00:00,24.19,0.00,PMXC7,VT
02/23/2025 14:10:00,24.49,0.20,PMXC7,VT
02/23/2025 14:20:00,24.62,0.00,PMXC7,VT
02/23/2025 14:30:00,24.79,0.00,PMXC7,VT
02/23/2025 14:40:00,25.01,0.00,PMXC7,VT
02/23/2025 14:50:00,25.27,0.00,PMXC7,VT
02/23/2025 15:00:00,25.52,0.00,PMXC7,VT
02/23/2025 15:10:00,25.69,0.00,PMXC7,VT
02/23/2025 15:20:00,25.91,0.00,PMXC7,VT
02/23/2025 15:30:00,26.12,0.00,PMXC7,VT
02/23/2025 15:40:00,26.34,0.00,PMXC7,VT
02/23/2025 15:50:00,26.55,0.00,PMXC7,VT
02/23/2025 16:00:00,26.77,0.00,PMXC7,VT
02/23/2025 16:10:00,26.98,0.00,PMXC7,VT
02/23/2025 16:20:00,27.20,0.00,PMXC7,VT
02/23/2025 16:30:00,27.37,0.00,PMXC7,VT
02/23/2025 16:40:00,27.63,0.00,PMXC7,VT
02/23/2025 16:50:00,27.84,0.00,PMXC7,VT
02/23/2025 17:00:00,28.10,0.00,PMXC7,VT
02/23/2025 17:10:00,28.31,0.00,PMXC7,VT
02/23/2025 17:20:00,28.53,0.00,PMXC7,VT
02/23/2025 17:30:00,28.74,0.00,PMXC7,VT
02/23/2025 17:40:00,28.95,0.00,PMXC7,VT
02/23/2025 17:50:00,29.13,0.00,PMXC7,VT
02/23/2025 18:00:00,29.38,0.00,PMXC7,VT
02/23/2025 18:10:00,29.56,0.00,PMXC7,VT
02/23/2025 18:20:00,29.60,0.00,PMXC7,VT
02/23/2025 18:30:00,29.51,0.00,PMXC7,VT
02/23/2025 18:40:00,29.34,0.00,PMXC7,VT
02/23/2025 18:50:00,29.17,0.00,PMXC7,VT
02/23/2025 19:00:00,29.04,0.00,PMXC7,VT
02/23/2025 19:10:00,28.83,0.00,PMXC7,VT
02/23/2025 19:20:00,28.61,0.00,PMXC7,VT
02/23/2025 19:30:00,28.40,0.00,PMXC7,VT
02/23/2025 19:40:00,28.23,0.00,PMXC7,VT
02/23/2025 19:50:00,28.01,0.00,PMXC7,VT
02/23/2025 20:00:00,27.84,0.00,PMXC7,VT
02/23/2025 20:10:00,27.58,0.00,PMXC7,VT
02/23/2025 20:20:00,27.45,0.00,PMXC7,VT
02/23/2025 20:30:00,27.24,0.00,PMXC7,VT
02/23/2025 20:40:00,26.94,0.00,PMXC7,VT
02/23/2025 20:50:00,26.77,0.00,PMXC7,VT
02/23/2025 21:00:00,26.60,0.00,PMXC7,VT
02/23/2025 21:10:00,26.38,0.00,PMXC7,VT
02/23/2025 21:20:00,26.12,0.00,PMXC7,VT
02/23/2025 21:30:00,25.91,0.00,PMXC7,VT
02/23/2025 21:40:00,25.74,0.00,PMXC7,VT
02/23/2025 21:50:00,25.48,0.00,PMXC7,VT
02/23/2025 22:00:00,25.31,0.00,PMXC7,VT
02/23/2025 22:10:00,24.97,0.00,PMXC7,VT
02/23/2025 22:20:00,24.84,0.00,PMXC7,VT
02/23/2025 22:30:00,24.62,0.00,PMXC7,VT
02/23/2025 22:40:00,24.41,0.00,PMXC7,VT
02/23/2025 22:50:00,24.24,0.00,PMXC7,VT
02/23/2025 23:00:00,23.94,0.00,PMXC7,VT
02/23/2025 23:10:00,23.72,0.20,PMXC7,VT
02/23/2025 23:20:00,23.51,0.00,PMXC7,VT
02/23/2025 23:30:00,23.34,0.00,PMXC7,VT
02/23/2025 23:40:00,23.08,0.00,PMXC7,VT
02/23/2025 23:50:00,22.91,0.00,PMXC7,VT
02/24/2025 00:00:00,22.69,0.00,PMXC7,VT
02/24/2025 00:10:00,22.48,0.00,PMXC7,VT
02/24/2025 00:20:00,22.39,0.00,PMXC7,VT
02/24/2025 00:30:00,22.52,0.00,PMXC7,VT
02/24/2025 00:40:00,22.69,0.00,PMXC7,VT
02/24/2025 00:50:00,22.82,0.00,PMXC7,VT
02/24/2025 01:00:00,22.99,0.00,PMXC7,VT
02/24/2025 01:10:00,23.21,0.00,PMXC7,VT
02/24/2025 01:20:00,23.38,0.00,PMXC7,VT
02/24/2025 01:30:00,23.59,0.00,PMXC7,VT
02/24/2025 01:40:00,23.76,0.00,PMXC7,VT
02/24/2025 01:50:00,24.02,0.00,PMXC7,VT
02/24/2025 02:00:00,24.19,0.00,PMXC7,VT
02/24/2025 02:10:00,24.45,0.00,PMXC7,VT
02/24/2025 02:20:00,24.62,0.00,PMXC7,VT
02/24/2025 02:30:00,24.84,0.00,PMXC7,VT
02/24/2025 02:40:00,25.05,0.00,PMXC7,VT
02/24/2025 02:50:00,25.27,0.00,PMXC7,VT
02/24/2025 03:00:00,25.48,0.00,PMXC7,VT
02/24/2025 03:10:00,25.65,0.00,PMXC7,VT
02/24/2025 03:20:00,25.91,0.00,PMXC7,VT
02/24/2025 03:30:00,26.12,0.00,PMXC7,VT
02/24/2025 03:40:00,26.25,0.00,PMXC7,VT
02/24/2025 03:50:00,26.51,0.00,PMXC7,VT
02/24/2025 04:00:00,26.72,0.00,PMXC7,VT
02/24/2025 04:10:00,26.94,0.00,PMXC7,VT
02/24/2025 04:20:00,27.20,0.00,PMXC7,VT
02/24/2025 04:30:00,27.41,0.00,PMXC7,VT
02/24/2025 04:40:00,27.58,0.00,PMXC7,VT
02/24/2025 04:50:00,27.80,0.00,PMXC7,VT
02/24/2025 05:00:00,28.05,0.00,PMXC7,VT
02/24/2025 05:10:00,28.23,0.00,PMXC7,VT
02/24/2025 05:20:00,28.44,0.00,PMXC7,VT
02/24/2025 05:30:00,28.70,0.00,PMXC7,VT
02/24/2025 05:40:00,28.87,0.00,PMXC7,VT
02/24/2025 05:50:00,29.13,0.00,PMXC7,VT
02/24/2025 06:00:00,29.38,0.00,PMXC7,VT
02/24/2025 06:10:00,29.60,0.00,PMXC7,VT
02/24/2025 06:20:00,29.60,0.00,PMXC7,VT
02/24/2025 06:30:00,29.47,0.00,PMXC7,VT
02/24/2025 06:40:00,29.34,0.00,PMXC7,VT
02/24/2025 06:50:00,29.17,0.00,PMXC7,VT
02/24/2025 07:00:00,29.00,0.00,PMXC7,VT
02/24/2025 07:10:00,28.83,0.00,PMXC7,VT
02/24/2025 07:20:00,28.65,0.00,PMXC7,VT
02/24/2025 07:30:00,28.40,0.00,PMXC7,VT
02/24/2025 07:40:00,28.18,0.00,PMXC7,VT
02/24/2025 07:50:00,28.05,0.00,PMXC7,VT
02/24/2025 08:00:00,27.80,0.00,PMXC7,VT
02/24/2025 08:10:00,27.63,0.20,PMXC7,VT
02/24/2025 08:20:00,27.37,0.00,PMXC7,VT
02/24/2025 08:30:00,27.20,0.00,PMXC7,VT
02/24/2025 08:40:00,26.94,0.00,PMXC7,VT
02/24/2025 08:50:00,26.77,0.00,PMXC7,VT
02/24/2025 09:00:00,26.51,0.00,PMXC7,VT
02/24/2025 09:10:00,26.34,0.00,PMXC7,VT
02/24/2025 09:20:00,26.17,0.00,PMXC7,VT
02/24/2025 09:30:00,25.91,0.00,PMXC7,VT
02/24/2025 09:40:00,25.69,0.00,PMXC7,VT
02/24/2025 09:50:00,25.48,0.00,PMXC7,VT
02/24/2025 10:00:00,25.27,0.00,PMXC7,VT
02/24/2025 10:10:00,25.09,0.00,PMXC7,VT
02/24/2025 10:20:00,24.92,0.00,PMXC7,VT
02/24/2025 10:30:00,24.62,0.00,PMXC7,VT
02/24/2025 10:40:00,24.36,0.00,PMXC7,VT
02/24/2025 10:50:00,24.15,0.00,PMXC7,VT
02/24/2025 11:00:00,23.94,0.00,PMXC7,VT
02/24/2025 11:10:00,23.72,0.00,PMXC7,VT
02/24/2025 11:20:00,23.51,0.00,PMXC7,VT
02/24/2025 11:30:00,23.29,0.00,PMXC7,VT
02/24/2025 11:40:00,23.08,0.00,PMXC7,VT
02/24/2025 11:50:00,22.86,0.00,PMXC7,VT
02/24/2025 12:00:00,22.65,0.00,PMXC7,VT
02/24/2025 12:10:00,22.48,0.00,PMXC7,VT
02/24/2025 12:20:00,22.48,0.00,PMXC7,VT
02/24/2025 12:30:00,22.56,0.00,PMXC7,VT
02/24/2025 12:40:00,22.69,0.00,PMXC7,VT
02/24/2025 12:50:00,22.86,0.00,PMXC7,VT
02/24/2025 13:00:00,22.99,0.00,PMXC7,VT
02/24/2025 13:10:00,23.21,0.00,PMXC7,VT
02/24/2025 13:20:00,23.42,0.00,PMXC7,VT
02/24/2025 13:30:00,23.59,0.00,PMXC7,VT
02/24/2025 13:40:00,23.81,0.00,PMXC7,VT
02/24/2025 13:50:00,24.02,0.00,PMXC7,VT
02/24/2025 14:00:00,24.19,0.00,PMXC7,VT
02/24/2025 14:10:00,24.41,0.00,PMXC7,VT
02/24/2025 14:20:00,24.66,0.00,PMXC7,VT
02/24/2025 14:30:00,24.84,0.00,PMXC7,VT
02/24/2025 14:40:00,25.05,0.00,PMXC7,VT
02/24/2025 14:50:00,25.31,0.00,PMXC7,VT
02/24/2025 15:00:00,25.48,0.00,PMXC7,VT
02/24/2025 15:10:00,25.69,0.00,PMXC7,VT
02/24/2025 15:20:00,25.91,0.00,PMXC7,VT
02/24/2025 15:30:00,26.12,0.00,PMXC7,VT
02/24/2025 15:40:00,26.34,0.00,PMXC7,VT
02/24/2025 15:50:00,26.55,0.00,PMXC7,VT
02/24/2025 16:00:00,26.72,0.00,PMXC7,VT
02/24/2025 16:10:00,26.98,0.00,PMXC7,VT
02/24/2025 16:20:00,27.24,0.00,PMXC7,VT
02/24/2025 16:30:00,27.41,0.00,PMXC7,VT
02/24/2025 16:40:00,27.67,0.00,PMXC7,VT
02/24/2025 16:50:00,27.88,0.00,PMXC7,VT
02/24/2025 17:00:00,28.05,0.00,PMXC7,VT
02/24/2025 17:10:00,28.27,0.20,PMXC7,VT
02/24/2025 17:20:00,28.53,0.00,PMXC7,VT
02/24/2025 17:30:00,28.70,0.00,PMXC7,VT
02/24/2025 17:40:00,28.91,0.00,PMXC7,VT
02/24/2025 17:50:00,29.13,0.00,PMXC7,VT
02/24/2025 18:00:00,29.38,0.00,PMXC7,VT
02/24/2025 18:10:00,29.60,0.00,PMXC7,VT
02/24/2025 18:20:00,29.56,0.00,PMXC7,VT
02/24/2025 18:30:00,29.47,0.00,PMXC7,VT
02/24/2025 18:40:00,29.34,0.00,PMXC7,VT
02/24/2025 18:50:00,29.21,0.00,PMXC7,VT
02/24/2025 19:00:00,29.08,0.00,PMXC7,VT
02/24/2025 19:10:00,28.83,0.00,PMXC7,VT
02/24/2025 19:20:00,28.65,0.00,PMXC7,VT
02/24/2025 19:30:00,28.44,0.00,PMXC7,VT
02/24/2025 19:40:00,28.23,0.00,PMXC7,VT
02/24/2025 19:50:00,28.05,0.00,PMXC7,VT
02/24/2025 20:00:00,27.84,0.00,PMXC7,VT
02/24/2025 20:10:00,27.63,0.00,PMXC7,VT
02/24/2025 20:20:00,27.41,0.00,PMXC7,VT
02/24/2025 20:30:00,27.20,0.00,PMXC7,VT
02/24/2025 20:40:00,26.98,0.00,PMXC7,VT
02/24/2025 20:50:00,26.81,0.00,PMXC7,VT
02/24/2025 21:00:00,26.60,0.00,PMXC7,VT
02/24/2025 21:10:00,26.34,0.00,PMXC7,VT
02/24/2025 21:20:00,26.12,0.00,PMXC7,VT
02/24/2025 21:30:00,25.91,0.00,PMXC7,VT
02/24/2025 21:40:00,25.78,0.00,PMXC7,VT
02/24/2025 21:50:00,25.52,0.00,PMXC7,VT
02/24/2025 22:00:00,25.27,0.00,PMXC7,VT
02/24/2025 22:10:00,25.09,0.00,PMXC7,VT
02/24/2025 22:20:00,24.84,0.00,PMXC7,VT
02/24/2025 22:30:00,24.62,0.00,PMXC7,VT
02/24/2025 22:40:00,24.36,0.00,PMXC7,VT
02/24/2025 22:50:00,24.19,0.00,PMXC7,VT
02/24/2025 23:00:00,23.98,0.00,PMXC7,VT
02/24/2025 23:10:00,23.76,0.00,PMXC7,VT
02/24/2025 23:20:00,23.55,0.00,PMXC7,VT
02/24/2025 23:30:00,23.34,0.00,PMXC7,VT
02/24/2025 23:40:00,23.12,0.00,PMXC7,VT
02/24/2025 23:50:00,22.86,0.00,PMXC7,VT
02/25/2025 00:00:00,22.69,0.00,PMXC7,VT
02/25/2025 00:10:00,22.48,0.00,PMXC7,VT
02/25/2025 00:20:00,22.43,0.00,PMXC7,VT
02/25/2025 00:30:00,22.56,0.00,PMXC7,VT
02/25/2025 00:40:00,22.73,0.00,PMXC7,VT
02/25/2025 00:50:00,22.82,0.00,PMXC7,VT
02/25/2025 01:00:00,22.99,0.00,PMXC7,VT
02/25/2025 01:10:00,23.16,0.00,PMXC7,VT
02/25/2025 01:20:00,23.42,0.00,PMXC7,VT
02/25/2025 01:30:00,23.59,0.00,PMXC7,VT
02/25/2025 01:40:00,23.85,0.00,PMXC7,VT
02/25/2025 01:50:00,24.02,0.00,PMXC7,VT
02/25/2025 02:00:00,24.24,0.00,PMXC7,VT
02/25/2025 02:10:00,24.41,0.20,PMXC7,VT
02/25/2025 02:20:00,24.62,0.00,PMXC7,VT
02/25/2025 02:30:00,24.84,0.00,PMXC7,VT
02/25/2025 02:40:00,25.05,0.00,PMXC7,VT
02/25/2025 02:50:00,25.22,0.00,PMXC7,VT
02/25/2025 03:00:00,25.48,0.00,PMXC7,VT
02/25/2025 03:10:00,25.65,0.00,PMXC7,VT
02/25/2025 03:20:00,25.91,0.00,PMXC7,VT
02/25/2025 03:30:00,26.12,0.00,PMXC7,VT
02/25/2025 03:40:00,26.30,0.00,PMXC7,VT
02/25/2025 03:50:00,26.55,0.00,PMXC7,VT
02/25/2025 04:00:00,26.77,0.00,PMXC7,VT
02/25/2025 04:10:00,26.98,0.00,PMXC7,VT
02/25/2025 04:20:00,27.15,0.00,PMXC7,VT
02/25/2025 04:30:00,27.37,0.00,PMXC7,VT
02/25/2025 04:40:00,27.58,0.00,PMXC7,VT
02/25/2025 04:50:00,27.84,0.00,PMXC7,VT
02/25/2025 05:00:00,28.10,0.00,PMXC7,VT
02/25/2025 05:10:00,28.27,0.00,PMXC7,VT
02/25/2025 05:20:00,28.48,0.00,PMXC7,VT
02/25/2025 05:30:00,28.74,0.00,PMXC7,VT
02/25/2025 05:40:00,28.91,0.00,PMXC7,VT
02/25/2025 05:50:00,29.17,0.00,PMXC7,VT
02/25/2025 06:00:00,29.38,0.00,PMXC7,VT
02/25/2025 06:10:00,29.60,0.00,PMXC7,VT
02/25/2025 06:20:00,29.60,0.00,PMXC7,VT
02/25/2025 06:30:00,29.51,0.00,PMXC7,VT
02/25/2025 06:40:00,29.34,0.00,PMXC7,VT
02/25/2025 06:50:00,29.17,0.00,PMXC7,VT
02/25/2025 07:00:00,29.00,0.00,PMXC7,VT
02/25/2025 07:10:00,28.83,0.00,PMXC7,VT
02/25/2025 07:20:00,28.61,0.00,PMXC7,VT
02/25/2025 07:30:00,28.44,0.00,PMXC7,VT
02/25/2025 07:40:00,28.18,0.00,PMXC7,VT
02/25/2025 07:50:00,28.01,0.00,PMXC7,VT
02/25/2025 08:00:00,27.84,0.20,PMXC7,VT
02/25/2025 08:10:00,27.58,0.00,PMXC7,VT
02/25/2025 08:20:00,27.37,0.00,PMXC7,VT
02/25/2025 08:30:00,27.20,0.00,PMXC7,VT
02/25/2025 08:40:00,26.98,0.00,PMXC7,VT
02/25/2025 08:50:00,26.77,0.00,PMXC7,VT
02/25/2025 09:00:00,26.55,0.00,PMXC7,VT
02/25/2025 09:10:00,26.34,0.00,PMXC7,VT
02/25/2025 09:20:00,26.17,0.00,PMXC7,VT
02/25/2025 09:30:00,25.91,0.00,PMXC7,VT
02/25/2025 09:40:00,25.74,0.00,PMXC7,VT
02/25/2025 09:50:00,25.52,0.00,PMXC7,VT
02/25/2025 10:00:00,25.27,0.00,PMXC7,VT
02/25/2025 10:10:00,25.05,0.00,PMXC7,VT
02/25/2025 10:20:00,24.84,0.00,PMXC7,VT
02/25/2025 10:30:00,24.58,0.00,PMXC7,VT
02/25/2025 10:40:00,24.41,0.00,PMXC7,VT
02/25/2025 10:50:00,24.19,0.00,PMXC7,VT
02/25/2025 11:00:00,23.89,0.00,PMXC7,VT
02/25/2025 11:10:00,23.72,0.20,PMXC7,VT
02/25/2025 11:20:00,23.46,0.00,PMXC7,VT
02/25/2025 11:30:00,23.25,0.00,PMXC7,VT
02/25/2025 11:40:00,22.99,0.00,PMXC7,VT
02/25/2025 11:50:00,22.78,0.00,PMXC7,VT
02/25/2025 12:00:00,22.56,0.00,PMXC7,VT
02/25/2025 12:10:00,22.35,0.00,PMXC7,VT
02/25/2025 12:20:00,22.39,0.00,PMXC7,VT
02/25/2025 12:30:00,22.52,0.00,PMXC7,VT
02/25/2025 12:40:00,22.65,0.00,PMXC7,VT
02/25/2025 12:50:00,22.82,0.00,PMXC7,VT
02/25/2025 13:00:00,22.99,0.00,PMXC7,VT
02/25/2025 13:10:00,23.16,0.00,PMXC7,VT
02/25/2025 13:20:00,23.42,0.00,PMXC7,VT
02/25/2025 13:30:00,23.59,0.00,PMXC7,VT
02/25/2025 13:40:00,23.81,0.00,PMXC7,VT
02/25/2025 13:50:00,23.98,0.00,PMXC7,VT
02/25/2025 14:00:00,24.19,0.00,PMXC7,VT
02/25/2025 14:10:00,24.41,0.00,PMXC7,VT
02/25/2025 14:20:00,24.71,0.00,PMXC7,VT
02/25/2025 14:30:00,24.88,0.00,PMXC7,VT
02/25/2025 14:40:00,25.05,0.00,PMXC7,VT
02/25/2025 14:50:00,25.35,0.00,PMXC7,VT
02/25/2025 15:00:00,25.48,0.00,PMXC7,VT
02/25/2025 15:10:00,25.69,0.00,PMXC7,VT
02/25/2025 15:20:00,25.95,0.00,PMXC7,VT
02/25/2025 15:30:00,26.12,0.00,PMXC7,VT
02/25/2025 15:40:00,26.38,0.00,PMXC7,VT
02/25/2025 15:50:00,26.55,0.00,PMXC7,VT
02/25/2025 16:00:00,26.77,0.00,PMXC7,VT
02/25/2025 16:10:00,26.98,0.00,PMXC7,VT
02/25/2025 16:20:00,27.24,0.00,PMXC7,VT
02/25/2025 16:30:00,27.41,0.00,PMXC7,VT
02/25/2025 16:40:00,27.63,0.00,PMXC7,VT
02/25/2025 16:50:00,27.84,0.00,PMXC7,VT
02/25/2025 17:00:00,28.10,0.20,PMXC7,VT
02/25/2025 17:10:00,28.31,0.00,PMXC7,VT
02/25/2025 17:20:00,28.53,0.00,PMXC7,VT
02/25/2025 17:30:00,28.74,0.00,PMXC7,VT
02/25/2025 17:40:00,28.95,0.00,PMXC7,VT
02/25/2025 17:50:00,29.17,0.00,PMXC7,VT
02/25/2025 18:00:00,29.38,0.00,PMXC7,VT
02/25/2025 18:10:00,29.56,0.00,PMXC7,VT
02/25/2025 18:20:00,29.60,0.00,PMXC7,VT
02/25/2025 18:30:00,29.56,0.00,PMXC7,VT
02/25/2025 18:40:00,29.34,0.00,PMXC7,VT
02/25/2025 18:50:00,29.17,0.00,PMXC7,VT
02/25/2025 19:00:00,29.00,0.00,PMXC7,VT
02/25/2025 19:10:00,28.83,0.00,PMXC7,VT
02/25/2025 19:20:00,28.61,0.00,PMXC7,VT
02/25/2025 19:30:00,28.44,0.00,PMXC7,VT
02/25/2025 19:40:00,28.23,0.00,PMXC7,VT
02/25/2025 19:50:00,28.01,0.00,PMXC7,VT
02/25/2025 20:00:00,27.84,0.00,PMXC7,VT
02/25/2025 20:10:00,27.63,0.20,PMXC7,VT
02/25/2025 20:20:00,27.41,0.00,PMXC7,VT
02/25/2025 20:30:00,27.20,0.00,PMXC7,VT
02/25/2025 20:40:00,26.94,0.00,PMXC7,VT
02/25/2025 20:50:00,26.77,0.00,PMXC7,VT
02/25/2025 21:00:00,26.55,0.00,PMXC7,VT
02/25/2025 21:10:00,26.34,0.00,PMXC7,VT
02/25/2025 21:20:00,26.12,0.00,PMXC7,VT
02/25/2025 21:30:00,25.95,0.00,PMXC7,VT
02/25/2025 21:40:00,25.74,0.00,PMXC7,VT
02/25/2025 21:50:00,25.48,0.00,PMXC7,VT
02/25/2025 22:00:00,25.27,0.00,PMXC7,VT
02/25/2025 22:10:00,25.05,0.00,PMXC7,VT
02/25/2025 22:20:00,24.84,0.00,PMXC7,VT
02/25/2025 22:30:00,24.62,0.00,PMXC7,VT
02/25/2025 22:40:00,24.41,0.00,PMXC7,VT
02/25/2025 22:50:00,24.15,0.00,PMXC7,VT
02/25/2025 23:00:00,23.98,0.00,PMXC7,VT
02/25/2025 23:10:00,23.76,0.00,PMXC7,VT
02/25/2025 23:20:00,23.51,0.00,PMXC7,VT
02/25/2025 23:30:00,23.34,0.00,PMXC7,VT
02/25/2025 23:40:00,23.08,0.00,PMXC7,VT
02/25/2025 23:50:00,22.86,0.00,PMXC7,VT
02/26/2025 00:00:00,22.65,0.00,PMXC7,VT
02/26/2025 00:10:00,22.43,0.00,PMXC7,VT
02/26/2025 00:20:00,22.39,0.00,PMXC7,VT
02/26/2025 00:30:00,22.56,0.00,PMXC7,VT
02/26/2025 00:40:00,22.73,0.00,PMXC7,VT
02/26/2025 00:50:00,22.86,0.00,PMXC7,VT
02/26/2025 01:00:00,23.03,0.00,PMXC7,VT
02/26/2025 01:10:00,23.21,0.00,PMXC7,VT
02/26/2025 01:20:00,23.46,0.00,PMXC7,VT
02/26/2025 01:30:00,23.59,0.00,PMXC7,VT
02/26/2025 01:40:00,23.85,0.00,PMXC7,VT
02/26/2025 01:50:00,24.02,0.00,PMXC7,VT
02/26/2025 02:00:00,24.28,0.20,PMXC7,VT
02/26/2025 02:10:00,24.41,0.00,PMXC7,VT
02/26/2025 02:20:00,24.62,0.00,PMXC7,VT
02/26/2025 02:30:00,24.88,0.00,PMXC7,VT
02/26/2025 02:40:00,25.05,0.00,PMXC7,VT
02/26/2025 02:50:00,25.27,0.00,PMXC7,VT
02/26/2025 03:00:00,25.48,0.00,PMXC7,VT
02/26/2025 03:10:00,25.69,0.00,PMXC7,VT
02/26/2025 03:20:00,25.91,0.00,PMXC7,VT
02/26/2025 03:30:00,26.12,0.00,PMXC7,VT
02/26/2025 03:40:00,26.34,0.00,PMXC7,VT
02/26/2025 03:50:00,26.60,0.00,PMXC7,VT
02/26/2025 04:00:00,26.77,0.00,PMXC7,VT
02/26/2025 04:10:00,26.98,0.00,PMXC7,VT
02/26/2025 04:20:00,27.15,0.00,PMXC7,VT
02/26/2025 04:30:00,27.41,0.00,PMXC7,VT
02/26/2025 04:40:00,27.63,0.00,PMXC7,VT
02/26/2025 04:50:00,27.88,0.00,PMXC7,VT
02/26/2025 05:00:00,28.05,0.00,PMXC7,VT
02/26/2025 05:10:00,28.27,0.00,PMXC7,VT
02/26/2025 05:20:00,28.57,0.00,PMXC7,VT
02/26/2025 05:30:00,28.70,0.00,PMXC7,VT
02/26/2025 05:40:00,28.91,0.00,PMXC7,VT
02/26/2025 05:50:00,29.17,0.00,PMXC7,VT
02/26/2025 06:00:00,29.34,0.00,PMXC7,VT
02/26/2025 06:10:00,29.60,0.00,PMXC7,VT
02/26/2025 06:20:00,29.60,0.00,PMXC7,VT
02/26/2025 06:30:00,29.47,0.00,PMXC7,VT
02/26/2025 06:40:00,29.34,0.00,PMXC7,VT
02/26/2025 06:50:00,29.17,0.00,PMXC7,VT
02/26/2025 07:00:00,29.00,0.00,PMXC7,VT
02/26/2025 07:10:00,28.78,0.00,PMXC7,VT
02/26/2025 07:20:00,28.61,0.00,PMXC7,VT
02/26/2025 07:30:00,28.44,0.00,PMXC7,VT
02/26/2025 07:40:00,28.23,0.00,PMXC7,VT
02/26/2025 07:50:00,28.01,0.00,PMXC7,VT
02/26/2025 08:00:00,27.75,0.00,PMXC7,VT
02/26/2025 08:10:00,27.63,0.00,PMXC7,VT
02/26/2025 08:20:00,27.45,0.00,PMXC7,VT
02/26/2025 08:30:00,27.15,0.00,PMXC7,VT
02/26/2025 08:40:00,26.98,0.00,PMXC7,VT
02/26/2025 08:50:00,26.72,0.00,PMXC7,VT
02/26/2025 09:00:00,26.55,0.00,PMXC7,VT
02/26/2025 09:10:00,26.30,0.00,PMXC7,VT
02/26/2025 09:20:00,26.12,0.00,PMXC7,VT
02/26/2025 09:30:00,25.91,0.00,PMXC7,VT
02/26/2025 09:40:00,25.74,0.00,PMXC7,VT
02/26/2025 09:50:00,25.48,0.00,PMXC7,VT
02/26/2025 10:00:00,25.22,0.00,PMXC7,VT
02/26/2025 10:10:00,25.05,0.00,PMXC7,VT
02/26/2025 10:20:00,24.79,0.00,PMXC7,VT
02/26/2025 10:30:00,24.58,0.00,PMXC7,VT
02/26/2025 10:40:00,24.41,0.00,PMXC7,VT
02/26/2025 10:50:00,24.15,0.00,PMXC7,VT
02/26/2025 11:00:00,23.94,0.20,PMXC7,VT
02/26/2025 11:10:00,23.72,0.00,PMXC7,VT
02/26/2025 11:20:00,23.55,0.00,PMXC7,VT
02/26/2025 11:30:00,23.29,0.00,PMXC7,VT
02/26/2025 11:40:00,23.12,0.00,PMXC7,VT
02/26/2025 11:50:00,22.86,0.00,PMXC7,VT
02/26/2025 12:00:00,22.65,0.00,PMXC7,VT
02/26/2025 12:10:00,22.48,0.00,PMXC7,VT
02/26/2025 12:20:00,22.48,0.00,PMXC7,VT
02/26/2025 12:30:00,22.52,0.00,PMXC7,VT
02/26/2025 12:40:00,22.73,0.00,PMXC7,VT
02/26/2025 12:50:00,22.95,0.00,PMXC7,VT
02/26/2025 13:00:00,23.08,0.00,PMXC7,VT
02/26/2025 13:10:00,23.25,0.00,PMXC7,VT
02/26/2025 13:20:00,23.38,0.00,PMXC7,VT
02/26/2025 13:30:00,23.59,0.00,PMXC7,VT
02/26/2025 13:40:00,23.85,0.00,PMXC7,VT
02/26/2025 13:50:00,24.06,0.00,PMXC7,VT
02/26/2025 14:00:00,24.28,0.00,PMXC7,VT
02/26/2025 14:10:00,24.45,0.00,PMXC7,VT
02/26/2025 14:20:00,24.71,0.00,PMXC7,VT
02/26/2025 14:30:00,24.88,0.00,PMXC7,VT
02/26/2025 14:40:00,25.09,0.00,PMXC7,VT
02/26/2025 14:50:00,25.31,0.00,PMXC7,VT
02/26/2025 15:00:00,25.48,0.00,PMXC7,VT
02/26/2025 15:10:00,25.69,0.00,PMXC7,VT
02/26/2025 15:20:00,25.91,0.00,PMXC7,VT
02/26/2025 15:30:00,26.17,0.00,PMXC7,VT
02/26/2025 15:40:00,26.42,0.00,PMXC7,VT
02/26/2025 15:50:00,26.60,0.00,PMXC7,VT
02/26/2025 16:00:00,26.81,0.00,PMXC7,VT
02/26/2025 16:10:00,26.98,0.00,PMXC7,VT
02/26/2025 16:20:00,27.24,0.00,PMXC7,VT
02/26/2025 16:30:00,27.45,0.00,PMXC7,VT
02/26/2025 16:40:00,27.63,0.00,PMXC7,VT
02/26/2025 16:50:00,27.88,0.00,PMXC7,VT
02/26/2025 17:00:00,28.10,0.00,PMXC7,VT
02/26/2025 17:10:00,28.27,0.00,PMXC7,VT
02/26/2025 17:20:00,28.53,0.00,PMXC7,VT
02/26/2025 17:30:00,28.74,0.00,PMXC7,VT
02/26/2025 17:40:00,29.00,0.00,PMXC7,VT
02/26/2025 17:50:00,29.17,0.00,PMXC7,VT
02/26/2025 18:00:00,29.38,0.00,PMXC7,VT
02/26/2025 18:10:00,29.56,0.00,PMXC7,VT
02/26/2025 18:20:00,29.56,0.00,PMXC7,VT
02/26/2025 18:30:00,29.51,0.00,PMXC7,VT
02/26/2025 18:40:00,29.38,0.00,PMXC7,VT
02/26/2025 18:50:00,29.17,0.00,PMXC7,VT
02/26/2025 19:00:00,29.00,0.00,PMXC7,VT
02/26/2025 19:10:00,28.78,0.00,PMXC7,VT
02/26/2025 19:20:00,28.61,0.00,PMXC7,VT
02/26/2025 19:30:00,28.40,0.00,PMXC7,VT
02/26/2025 19:40:00,28.27,0.00,PMXC7,VT
02/26/2025 19:50:00,28.05,0.00,PMXC7,VT
02/26/2025 20:00:00,27.84,0.20,PMXC7,VT
02/26/2025 20:10:00,27.63,0.00,PMXC7,VT
02/26/2025 20:20:00,27.41,0.00,PMXC7,VT
02/26/2025 20:30:00,27.20,0.00,PMXC7,VT
02/26/2025 20:40:00,26.98,0.00,PMXC7,VT
02/26/2025 20:50:00,26.81,0.00,PMXC7,VT
02/26/2025 21:00:00,26.55,0.00,PMXC7,VT
02/26/2025 21:10:00,26.34,0.00,PMXC7,VT
02/26/2025 21:20:00,26.12,0.00,PMXC7,VT
02/26/2025 21:30:00,25.95,0.00,PMXC7,VT
02/26/2025 21:40:00,25.74,0.00,PMXC7,VT
02/26/2025 21:50:00,25.48,0.00,PMXC7,VT
02/26/2025 22:00:00,25.27,0.00,PMXC7,VT
02/26/2025 22:10:00,25.05,0.00,PMXC7,VT
02/26/2025 22:20:00,24.88,0.00,PMXC7,VT
02/26/2025 22:30:00,24.62,0.00,PMXC7,VT
02/26/2025 22:40:00,24.36,0.00,PMXC7,VT
02/26/2025 22:50:00,24.19,0.00,PMXC7,VT
02/26/2025 23:00:00,23.94,0.00,PMXC7,VT
02/26/2025 23:10:00,23.72,0.00,PMXC7,VT
02/26/2025 23:20:00,23.55,0.00,PMXC7,VT
02/26/2025 23:30:00,23.29,0.00,PMXC7,VT
02/26/2025 23:40:00,23.08,0.00,PMXC7,VT
02/26/2025 23:50:00,22.86,0.00,PMXC7,VT
02/27/2025 00:00:00,22.65,0.00,PMXC7,VT
02/27/2025 00:10:00,22.48,0.00,PMXC7,VT
02/27/2025 00:20:00,22.43,0.00,PMXC7,VT
02/27/2025 00:30:00,22.52,0.00,PMXC7,VT
02/27/2025 00:40:00,22.69,0.00,PMXC7,VT
02/27/2025 00:50:00,22.82,0.00,PMXC7,VT
02/27/2025 01:00:00,22.99,0.00,PMXC7,VT
02/27/2025 01:10:00,23.29,0.00,PMXC7,VT
02/27/2025 01:20:00,23.42,0.00,PMXC7,VT
02/27/2025 01:30:00,23.64,0.00,PMXC7,VT
02/27/2025 01:40:00,23.81,0.00,PMXC7,VT
02/27/2025 01:50:00,23.98,0.00,PMXC7,VT
02/27/2025 02:00:00,24.19,0.00,PMXC7,VT
02/27/2025 02:10:00,24.45,0.00,PMXC7,VT
02/27/2025 02:20:00,24.62,0.00,PMXC7,VT
02/27/2025 02:30:00,24.88,0.00,PMXC7,VT
02/27/2025 02:40:00,25.09,0.00,PMXC7,VT
02/27/2025 02:50:00,25.27,0.00,PMXC7,VT
02/27/2025 03:00:00,25.48,0.00,PMXC7,VT
02/27/2025 03:10:00,25.69,0.00,PMXC7,VT
02/27/2025 03:20:00,25.91,0.00,PMXC7,VT
02/27/2025 03:30:00,26.12,0.00,PMXC7,VT
02/27/2025 03:40:00,26.34,0.00,PMXC7,VT
02/27/2025 03:50:00,26.55,0.00,PMXC7,VT
02/27/2025 04:00:00,26.77,0.00,PMXC7,VT
02/27/2025 04:10:00,26.98,0.00,PMXC7,VT
02/27/2025 04:20:00,27.20,0.00,PMXC7,VT
02/27/2025 04:30:00,27.41,0.00,PMXC7,VT
02/27/2025 04:40:00,27.63,0.00,PMXC7,VT
02/27/2025 04:50:00,27.88,0.00,PMXC7,VT
02/27/2025 05:00:00,28.05,0.00,PMXC7,VT
02/27/2025 05:10:00,28.27,0.00,PMXC7,VT
02/27/2025 05:20:00,28.48,0.00,PMXC7,VT
02/27/2025 05:30:00,28.78,0.00,PMXC7,VT
02/27/2025 05:40:00,28.91,0.00,PMXC7,VT
02/27/2025 05:50:00,29.17,0.00,PMXC7,VT
02/27/2025 06:00:00,29.38,0.00,PMXC7,VT
02/27/2025 06:10:00,29.56,0.00,PMXC7,VT
02/27/2025 06:20:00,29.60,0.00,PMXC7,VT
02/27/2025 06:30:00,29.47,0.00,PMXC7,VT
02/27/2025 06:40:00,29.34,0.00,PMXC7,VT
02/27/2025 06:50:00,29.21,0.00,PMXC7,VT
02/27/2025 07:00:00,28.95,0.00,PMXC7,VT
02/27/2025 07:10:00,28.78,0.00,PMXC7,VT
02/27/2025 07:20:00,28.57,0.00,PMXC7,VT
02/27/2025 07:30:00,28.40,0.00,PMXC7,VT
02/27/2025 07:40:00,28.18,0.00,PMXC7,VT
02/27/2025 07:50:00,27.97,0.00,PMXC7,VT
02/27/2025 08:00:00,27.80,0.00,PMXC7,VT
02/27/2025 08:10:00,27.58,0.00,PMXC7,VT
02/27/2025 08:20:00,27.41,0.00,PMXC7,VT
02/27/2025 08:30:00,27.20,0.00,PMXC7,VT
02/27/2025 08:40:00,26.94,0.00,PMXC7,VT
02/27/2025 08:50:00,26.77,0.00,PMXC7,VT
02/27/2025 09:00:00,26.51,0.00,PMXC7,VT
02/27/2025 09:10:00,26.30,0.00,PMXC7,VT
02/27/2025 09:20:00,26.17,0.00,PMXC7,VT
02/27/2025 09:30:00,25.91,0.00,PMXC7,VT
02/27/2025 09:40:00,25.74,0.00,PMXC7,VT
02/27/2025 09:50:00,25.48,0.00,PMXC7,VT
02/27/2025 10:00:00,25.27,0.00,PMXC7,VT
02/27/2025 10:10:00,25.05,0.00,PMXC7,VT
02/27/2025 10:20:00,24.88,0.00,PMXC7,VT
02/27/2025 10:30:00,24.58,0.00,PMXC7,VT
02/27/2025 10:40:00,24.41,0.00,PMXC7,VT
02/27/2025 10:50:00,24.19,0.20,PMXC7,VT
02/27/2025 11:00:00,23.98,0.00,PMXC7,VT
02/27/2025 11:10:00,23.81,0.00,PMXC7,VT
02/27/2025 11:20:00,23.55,0.00,PMXC7,VT
02/27/2025 11:30:00,23.29,0.00,PMXC7,VT
02/27/2025 11:40:00,23.12,0.00,PMXC7,VT
02/27/2025 11:50:00,22.91,0.00,PMXC7,VT
02/27/2025 12:00:00,22.65,0.00,PMXC7,VT
02/27/2025 12:10:00,22.48,0.00,PMXC7,VT
02/27/2025 12:20:00,22.39,0.00,PMXC7,VT
02/27/2025 12:30:00,22.52,0.00,PMXC7,VT
02/27/2025 12:40:00,22.78,0.00,PMXC7,VT
02/27/2025 12:50:00,22.86,0.00,PMXC7,VT
02/27/2025 13:00:00,23.08,0.00,PMXC7,VT
02/27/2025 13:10:00,23.21,0.00,PMXC7,VT
02/27/2025 13:20:00,23.42,0.00,PMXC7,VT
02/27/2025 13:30:00,23.59,0.00,PMXC7,VT
02/27/2025 13:40:00,23.81,0.00,PMXC7,VT
02/27/2025 13:50:00,24.06,0.00,PMXC7,VT
02/27/2025 14:00:00,24.19,0.20,PMXC7,VT
02/27/2025 14:10:00,24.45,0.00,PMXC7,VT
02/27/2025 14:20:00,24.66,0.00,PMXC7,VT
02/27/2025 14:30:00,24.84,0.00,PMXC7,VT
02/27/2025 14:40:00,25.09,0.00,PMXC7,VT
02/27/2025 14:50:00,25.31,0.00,PMXC7,VT
02/27/2025 15:00:00,25.48,0.00,PMXC7,VT
02/27/2025 15:10:00,25.69,0.00,PMXC7,VT
02/27/2025 15:20:00,25.95,0.00,PMXC7,VT
02/27/2025 15:30:00,26.12,0.00,PMXC7,VT
02/27/2025 15:40:00,26.34,0.00,PMXC7,VT
02/27/2025 15:50:00,26.60,0.00,PMXC7,VT
02/27/2025 16:00:00,26.77,0.00,PMXC7,VT
02/27/2025 16:10:00,26.98,0.00,PMXC7,VT
02/27/2025 16:20:00,27.20,0.00,PMXC7,VT
02/27/2025 16:30:00,27.41,0.00,PMXC7,VT
02/27/2025 16:40:00,27.63,0.00,PMXC7,VT
02/27/2025 16:50:00,27.88,0.00,PMXC7,VT
02/27/2025 17:00:00,28.10,0.00,PMXC7,VT
02/27/2025 17:10:00,28.27,0.00,PMXC7,VT
02/27/2025 17:20:00,28.48,0.00,PMXC7,VT
02/27/2025 17:30:00,28.78,0.00,PMXC7,VT
02/27/2025 17:40:00,28.91,0.00,PMXC7,VT
02/27/2025 17:50:00,29.17,0.00,PMXC7,VT
02/27/2025 18:00:00,29.38,0.00,PMXC7,VT
02/27/2025 18:10:00,29.56,0.00,PMXC7,VT
02/27/2025 18:20:00,29.51,0.00,PMXC7,VT
02/27/2025 18:30:00,29.47,0.00,PMXC7,VT
02/27/2025 18:40:00,29.38,0.00,PMXC7,VT
02/27/2025 18:50:00,29.17,0.00,PMXC7,VT
02/27/2025 19:00:00,29.00,0.00,PMXC7,VT
02/27/2025 19:10:00,28.83,0.00,PMXC7,VT
02/27/2025 19:20:00,28.61,0.00,PMXC7,VT
02/27/2025 19:30:00,28.40,0.00,PMXC7,VT
02/27/2025 19:40:00,28.23,0.00,PMXC7,VT
02/27/2025 19:50:00,28.05,0.20,PMXC7,VT
02/27/2025 20:00:00,27.84,0.00,PMXC7,VT
02/27/2025 20:10:00,27.58,0.00,PMXC7,VT
02/27/2025 20:20:00,27.37,0.00,PMXC7,VT
02/27/2025 20:30:00,27.20,0.00,PMXC7,VT
02/27/2025 20:40:00,26.98,0.00,PMXC7,VT
02/27/2025 20:50:00,26.77,0.00,PMXC7,VT
02/27/2025 21:00:00,26.55,0.00,PMXC7,VT
02/27/2025 21:10:00,26.38,0.00,PMXC7,VT
02/27/2025 21:20:00,26.17,0.00,PMXC7,VT
02/27/2025 21:30:00,25.95,0.00,PMXC7,VT
02/27/2025 21:40:00,25.74,0.00,PMXC7,VT
02/27/2025 21:50:00,25.48,0.00,PMXC7,VT
02/27/2025 22:00:00,25.27,0.00,PMXC7,VT
02/27/2025 22:10:00,25.05,0.00,PMXC7,VT
02/27/2025 22:20:00,24.84,0.00,PMXC7,VT
02/27/2025 22:30:00,24.58,0.00,PMXC7,VT
02/27/2025 22:40:00,24.41,0.00,PMXC7,VT
02/27/2025 22:50:00,24.19,0.00,PMXC7,VT
02/27/2025 23:00:00,23.98,0.20,PMXC7,VT
02/27/2025 23:10:00,23.76,0.00,PMXC7,VT
02/27/2025 23:20:00,23.55,0.00,PMXC7,VT
02/27/2025 23:30:00,23.34,0.00,PMXC7,VT
02/27/2025 23:40:00,23.08,0.00,PMXC7,VT
02/27/2025 23:50:00,22.91,0.00,PMXC7,VT
02/28/2025 00:00:00,22.65,0.00,PMXC7,VT
02/28/2025 00:10:00,22.43,0.00,PMXC7,VT
02/28/2025 00:20:00,22.43,0.00,PMXC7,VT
02/28/2025 00:30:00,22.56,0.00,PMXC7,VT
02/28/2025 00:40:00,22.69,0.00,PMXC7,VT
02/28/2025 00:50:00,22.82,0.00,PMXC7,VT
02/28/2025 01:00:00,22.99,0.00,PMXC7,VT
02/28/2025 01:10:00,23.25,0.00,PMXC7,VT
02/28/2025 01:20:00,23.42,0.00,PMXC7,VT
02/28/2025 01:30:00,23.59,0.00,PMXC7,VT
02/28/2025 01:40:00,23.81,0.00,PMXC7,VT
02/28/2025 01:50:00,24.02,0.00,PMXC7,VT
02/28/2025 02:00:00,24.19,0.00,PMXC7,VT
02/28/2025 02:10:00,24.45,0.00,PMXC7,VT
02/28/2025 02:20:00,24.66,0.00,PMXC7,VT
02/28/2025 02:30:00,24.88,0.00,PMXC7,VT
02/28/2025 02:40:00,25.05,0.00,PMXC7,VT
02/28/2025 02:50:00,25.27,0.00,PMXC7,VT
02/28/2025 03:00:00,25.48,0.00,PMXC7,VT
02/28/2025 03:10:00,25.69,0.00,PMXC7,VT
02/28/2025 03:20:00,25.95,0.00,PMXC7,VT
02/28/2025 03:30:00,26.12,0.00,PMXC7,VT
02/28/2025 03:40:00,26.30,0.00,PMXC7,VT
02/28/2025 03:50:00,26.51,0.00,PMXC7,VT
02/28/2025 04:00:00,26.77,0.00,PMXC7,VT
02/28/2025 04:10:00,26.94,0.00,PMXC7,VT
02/28/2025 04:20:00,27.20,0.00,PMXC7,VT
02/28/2025 04:30:00,27.41,0.00,PMXC7,VT
02/28/2025 04:40:00,27.63,0.00,PMXC7,VT
02/28/2025 04:50:00,27.84,0.20,PMXC7,VT
02/28/2025 05:00:00,28.05,0.00,PMXC7,VT
02/28/2025 05:10:00,28.31,0.00,PMXC7,VT
02/28/2025 05:20:00,28.48,0.00,PMXC7,VT
02/28/2025 05:30:00,28.74,0.00,PMXC7,VT
02/28/2025 05:40:00,28.95,0.00,PMXC7,VT
02/28/2025 05:50:00,29.17,0.00,PMXC7,VT
02/28/2025 06:00:00,29.38,0.00,PMXC7,VT
02/28/2025 06:10:00,29.60,0.00,PMXC7,VT
02/28/2025 06:20:00,29.56,0.00,PMXC7,VT
02/28/2025 06:30:00,29.51,0.00,PMXC7,VT
02/28/2025 06:40:00,29.34,0.00,PMXC7,VT
02/28/2025 06:50:00,29.17,0.00,PMXC7,VT
02/28/2025 07:00:00,29.00,0.00,PMXC7,VT
02/28/2025 07:10:00,28.83,0.00,PMXC7,VT
02/28/2025 07:20:00,28.61,0.00,PMXC7,VT
02/28/2025 07:30:00,28.40,0.00,PMXC7,VT
02/28/2025 07:40:00,28.18,0.00,PMXC7,VT
02/28/2025 07:50:00,28.01,0.00,PMXC7,VT
02/28/2025 08:00:00,27.80,0.00,PMXC7,VT
02/28/2025 08:10:00,27.58,0.00,PMXC7,VT
02/28/2025 08:20:00,27.41,0.00,PMXC7,VT
02/28/2025 08:30:00,27.20,0.00,PMXC7,VT
02/28/2025 08:40:00,26.94,0.00,PMXC7,VT
02/28/2025 08:50:00,26.77,0.00,PMXC7,VT
02/28/2025 09:00:00,26.55,0.00,PMXC7,VT
02/28/2025 09:10:00,26.30,0.00,PMXC7,VT
02/28/2025 09:20:00,26.08,0.00,PMXC7,VT
02/28/2025 09:30:00,25.95,0.00,PMXC7,VT
02/28/2025 09:40:00,25.69,0.00,PMXC7,VT
02/28/2025 09:50:00,25.48,0.00,PMXC7,VT
02/28/2025 10:00:00,25.27,0.00,PMXC7,VT
02/28/2025 10:10:00,25.05,0.00,PMXC7,VT
02/28/2025 10:20:00,24.79,0.00,PMXC7,VT
02/28/2025 10:30:00,24.62,0.00,PMXC7,VT
02/28/2025 10:40:00,24.41,0.00,PMXC7,VT
02/28/2025 10:50:00,24.19,0.00,PMXC7,VT
02/28/2025 11:00:00,23.94,0.00,PMXC7,VT
02/28/2025 11:10:00,23.72,0.00,PMXC7,VT
02/28/2025 11:20:00,23.46,0.00,PMXC7,VT
02/28/2025 11:30:00,23.21,0.00,PMXC7,VT
02/28/2025 11:40:00,22.99,0.00,PMXC7,VT
02/28/2025 11:50:00,22.82,0.00,PMXC7,VT
02/28/2025 12:00:00,22.56,0.00,PMXC7,VT
02/28/2025 12:10:00,22.43,0.00,PMXC7,VT
02/28/2025 12:20:00,22.35,0.00,PMXC7,VT
02/28/2025 12:30:00,22.52,0.00,PMXC7,VT
02/28/2025 12:40:00,22.69,0.00,PMXC7,VT
02/28/2025 12:50:00,22.86,0.00,PMXC7,VT
02/28/2025 13:00:00,22.99,0.00,PMXC7,VT
02/28/2025 13:10:00,23.16,0.00,PMXC7,VT
02/28/2025 13:20:00,23.38,0.00,PMXC7,VT
02/28/2025 13:30:00,23.59,0.00,PMXC7,VT
02/28/2025 13:40:00,23.81,0.00,PMXC7,VT
02/28/2025 13:50:00,24.02,0.20,PMXC7,VT
02/28/2025 14:00:00,24.19,0.00,PMXC7,VT
02/28/2025 14:10:00,24.45,0.00,PMXC7,VT
02/28/2025 14:20:00,24.62,0.00,PMXC7,VT
02/28/2025 14:30:00,24.88,0.00,PMXC7,VT
02/28/2025 14:40:00,25.01,0.00,PMXC7,VT
02/28/2025 14:50:00,25.27,0.00,PMXC7,VT
02/28/2025 15:00:00,25.48,0.00,PMXC7,VT
02/28/2025 15:10:00,25.69,0.00,PMXC7,VT
02/28/2025 15:20:00,25.91,0.00,PMXC7,VT
02/28/2025 15:30:00,26.12,0.00,PMXC7,VT
02/28/2025 15:40:00,26.34,0.00,PMXC7,VT
02/28/2025 15:50:00,26.55,0.00,PMXC7,VT
02/28/2025 16:00:00,26.81,0.00,PMXC7,VT
02/28/2025 16:10:00,27.02,0.00,PMXC7,VT
02/28/2025 16:20:00,27.24,0.00,PMXC7,VT
02/28/2025 16:30:00,27.45,0.00,PMXC7,VT
02/28/2025 16:40:00,27.67,0.00,PMXC7,VT
02/28/2025 16:50:00,27.88,0.00,PMXC7,VT
02/28/2025 17:00:00,28.05,0.00,PMXC7,VT
02/28/2025 17:10:00,28.31,0.00,PMXC7,VT
02/28/2025 17:20:00,28.48,0.00,PMXC7,VT
02/28/2025 17:30:00,28.70,0.00,PMXC7,VT
02/28/2025 17:40:00,28.91,0.00,PMXC7,VT
02/28/2025 17:50:00,29.13,0.00,PMXC7,VT
02/28/2025 18:00:00,29.34,0.00,PMXC7,VT
02/28/2025 18:10:00,29.60,0.00,PMXC7,VT
02/28/2025 18:20:00,29.60,0.00,PMXC7,VT
02/28/2025 18:30:00,29.51,0.00,PMXC7,VT
02/28/2025 18:40:00,29.34,0.00,PMXC7,VT
02/28/2025 18:50:00,29.21,0.00,PMXC7,VT
02/28/2025 19:00:00,29.00,0.00,PMXC7,VT
02/28/2025 19:10:00,28.78,0.00,PMXC7,VT
02/28/2025 19:20:00,28.61,0.00,PMXC7,VT
02/28/2025 19:30:00,28.40,0.00,PMXC7,VT
02/28/2025 19:40:00,28.27,0.00,PMXC7,VT
02/28/2025 19:50:00,28.05,0.00,PMXC7,VT
02/28/2025 20:00:00,27.84,0.00,PMXC7,VT
02/28/2025 20:10:00,27.63,0.00,PMXC7,VT
02/28/2025 20:20:00,27.45,0.00,PMXC7,VT
02/28/2025 20:30:00,27.20,0.00,PMXC7,VT
02/28/2025 20:40:00,26.98,0.00,PMXC7,VT
02/28/2025 20:50:00,26.77,0.00,PMXC7,VT
02/28/2025 21:00:00,26.64,0.00,PMXC7,VT
02/28/2025 21:10:00,26.38,0.00,PMXC7,VT
02/28/2025 21:20:00,26.17,0.00,PMXC7,VT
02/28/2025 21:30:00,25.91,0.00,PMXC7,VT
02/28/2025 21:40:00,25.69,0.00,PMXC7,VT
02/28/2025 21:50:00,25.48,0.00,PMXC7,VT
02/28/2025 22:00:00,25.27,0.00,PMXC7,VT
02/28/2025 22:10:00,25.05,0.00,PMXC7,VT
02/28/2025 22:20:00,24.88,0.00,PMXC7,VT
02/28/2025 22:30:00,24.58,0.00,PMXC7,VT
02/28/2025 22:40:00,24.36,0.00,PMXC7,VT
02/28/2025 22:50:00,24.15,0.20,PMXC7,VT
02/28/2025 23:00:00,24.02,0.00,PMXC7,VT
02/28/2025 23:10:00,23.76,0.00,PMXC7,VT
02/28/2025 23:20:00,23.55,0.00,PMXC7,VT
02/28/2025 23:30:00,23.34,0.00,PMXC7,VT
02/28/2025 23:40:00,23.12,0.00,PMXC7,VT
02/28/2025 23:50:00,22.86,0.00,PMXC7,VT
03/01/2025 00:00:00,22.65,0.00,PMXC7,VT
03/01/2025 00:10:00,22.48,0.00,PMXC7,VT
03/01/2025 00:20:00,22.43,0.00,PMXC7,VT
03/01/2025 00:30:00,22.52,0.00,PMXC7,VT
03/01/2025 00:40:00,22.73,0.00,PMXC7,VT
03/01/2025 00:50:00,22.91,0.00,PMXC7,VT
03/01/2025 01:00:00,22.99,0.00,PMXC7,VT
03/01/2025 01:10:00,23.21,0.00,PMXC7,VT
03/01/2025 01:20:00,23.42,0.00,PMXC7,VT
03/01/2025 01:30:00,23.64,0.00,PMXC7,VT
03/01/2025 01:40:00,23.85,0.00,PMXC7,VT
03/01/2025 01:50:00,24.06,0.00,PMXC7,VT
03/01/2025 02:00:00,24.19,0.00,PMXC7,VT
03/01/2025 02:10:00,24.45,0.00,PMXC7,VT
03/01/2025 02:20:00,24.66,0.00,PMXC7,VT
03/01/2025 02:30:00,24.84,0.00,PMXC7,VT
03/01/2025 02:40:00,25.05,0.00,PMXC7,VT
03/01/2025 02:50:00,25.22,0.00,PMXC7,VT
03/01/2025 03:00:00,25.48,0.00,PMXC7,VT
03/01/2025 03:10:00,25.74,0.00,PMXC7,VT
03/01/2025 03:20:00,25.87,0.00,PMXC7,VT
03/01/2025 03:30:00,26.12,0.00,PMXC7,VT
03/01/2025 03:40:00,26.30,0.00,PMXC7,VT
03/01/2025 03:50:00,26.55,0.00,PMXC7,VT
03/01/2025 04:00:00,26.77,0.00,PMXC7,VT
03/01/2025 04:10:00,26.98,0.00,PMXC7,VT
03/01/2025 04:20:00,27.20,0.00,PMXC7,VT
03/01/2025 04:30:00,27.41,0.00,PMXC7,VT
03/01/2025 04:40:00,27.63,0.00,PMXC7,VT
03/01/2025 04:50:00,27.84,0.00,PMXC7,VT
03/01/2025 05:00:00,28.05,0.00,PMXC7,VT
03/01/2025 05:10:00,28.31,0.00,PMXC7,VT
03/01/2025 05:20:00,28.48,0.00,PMXC7,VT
03/01/2025 05:30:00,28.74,0.00,PMXC7,VT
03/01/2025 05:40:00,28.95,0.00,PMXC7,VT
03/01/2025 05:50:00,29.17,0.00,PMXC7,VT
03/01/2025 06:00:00,29.38,0.00,PMXC7,VT
03/01/2025 06:10:00,29.51,0.00,PMXC7,VT
03/01/2025 06:20:00,29.60,0.00,PMXC7,VT
03/01/2025 06:30:00,29.47,0.00,PMXC7,VT
03/01/2025 06:40:00,29.38,0.00,PMXC7,VT
03/01/2025 06:50:00,29.13,0.00,PMXC7,VT
03/01/2025 07:00:00,29.04,0.00,PMXC7,VT
03/01/2025 07:10:00,28.78,0.00,PMXC7,VT
03/01/2025 07:20:00,28.57,0.00,PMXC7,VT
03/01/2025 07:30:00,28.48,0.00,PMXC7,VT
03/01/2025 07:40:00,28.23,0.00,PMXC7,VT
03/01/2025 07:50:00,28.01,0.20,PMXC7,VT
03/01/2025 08:00:00,27.84,0.00,PMXC7,VT
03/01/2025 08:10:00,27.63,0.00,PMXC7,VT
03/01/2025 08:20:00,27.41,0.00,PMXC7,VT
03/01/2025 08:30:00,27.24,0.00,PMXC7,VT
03/01/2025 08:40:00,26.98,0.00,PMXC7,VT
03/01/2025 08:50:00,26.77,0.00,PMXC7,VT
03/01/2025 09:00:00,26.60,0.00,PMXC7,VT
03/01/2025 09:10:00,26.38,0.00,PMXC7,VT
03/01/2025 09:20:00,26.12,0.00,PMXC7,VT
03/01/2025 09:30:00,25.95,0.00,PMXC7,VT
03/01/2025 09:40:00,25.74,0.00,PMXC7,VT
03/01/2025 09:50:00,25.48,0.00,PMXC7,VT
03/01/2025 10:00:00,25.27,0.00,PMXC7,VT
03/01/2025 10:10:00,25.05,0.00,PMXC7,VT
03/01/2025 10:20:00,24.84,0.00,PMXC7,VT
03/01/2025 10:30:00,24.62,0.00,PMXC7,VT
03/01/2025 10:40:00,24.41,0.00,PMXC7,VT
03/01/2025 10:50:00,24.24,0.00,PMXC7,VT
03/01/2025 11:00:00,23.98,0.00,PMXC7,VT
03/01/2025 11:10:00,23.76,0.00,PMXC7,VT
03/01/2025 11:20:00,23.59,0.00,PMXC7,VT
03/01/2025 11:30:00,23.29,0.00,PMXC7,VT
03/01/2025 11:40:00,23.08,0.00,PMXC7,VT
03/01/2025 11:50:00,22.86,0.00,PMXC7,VT
03/01/2025 12:00:00,22.65,0.00,PMXC7,VT
03/01/2025 12:10:00,22.52,0.00,PMXC7,VT
03/01/2025 12:20:00,22.48,0.00,PMXC7,VT
03/01/2025 12:30:00,22.61,0.00,PMXC7,VT
03/01/2025 12:40:00,22.73,0.00,PMXC7,VT
03/01/2025 12:50:00,22.91,0.00,PMXC7,VT
03/01/2025 13:00:00,23.12,0.00,PMXC7,VT
03/01/2025 13:10:00,23.25,0.00,PMXC7,VT
03/01/2025 13:20:00,23.42,0.00,PMXC7,VT
03/01/2025 13:30:00,23.64,0.00,PMXC7,VT
03/01/2025 13:40:00,23.85,0.00,PMXC7,VT
03/01/2025 13:50:00,24.06,0.00,PMXC7,VT
03/01/2025 14:00:00,24.28,0.00,PMXC7,VT
03/01/2025 14:10:00,24.45,0.00,PMXC7,VT
03/01/2025 14:20:00,24.71,0.00,PMXC7,VT
03/01/2025 14:30:00,24.88,0.00,PMXC7,VT
03/01/2025 14:40:00,25.09,0.00,PMXC7,VT
03/01/2025 14:50:00,25.31,0.00,PMXC7,VT
03/01/2025 15:00:00,25.52,0.00,PMXC7,VT
03/01/2025 15:10:00,25.74,0.00,PMXC7,VT
03/01/2025 15:20:00,25.95,0.00,PMXC7,VT
03/01/2025 15:30:00,26.17,0.00,PMXC7,VT
03/01/2025 15:40:00,26.34,0.00,PMXC7,VT
03/01/2025 15:50:00,26.55,0.00,PMXC7,VT
03/01/2025 16:00:00,26.77,0.00,PMXC7,VT
03/01/2025 16:10:00,26.98,0.00,PMXC7,VT
03/01/2025 16:20:00,27.20,0.00,PMXC7,VT
03/01/2025 16:30:00,27.45,0.00,PMXC7,VT
03/01/2025 16:40:00,27.71,0.00,PMXC7,VT
03/01/2025 16:50:00,27.84,0.20,PMXC7,VT
03/01/2025 17:00:00,28.05,0.00,PMXC7,VT
03/01/2025 17:10:00,28.31,0.00,PMXC7,VT
03/01/2025 17:20:00,28.53,0.00,PMXC7,VT
03/01/2025 17:30:00,28.74,0.00,PMXC7,VT
03/01/2025 17:40:00,28.95,0.00,PMXC7,VT
03/01/2025 17:50:00,29.17,0.00,PMXC7,VT
03/01/2025 18:00:00,29.38,0.00,PMXC7,VT
03/01/2025 18:10:00,29.56,0.00,PMXC7,VT
03/01/2025 18:20:00,29.60,0.00,PMXC7,VT
03/01/2025 18:30:00,29.51,0.00,PMXC7,VT
03/01/2025 18:40:00,29.34,0.00,PMXC7,VT
03/01/2025 18:50:00,29.21,0.00,PMXC7,VT
03/01/2025 19:00:00,29.00,0.00,PMXC7,VT
03/01/2025 19:10:00,28.83,0.00,PMXC7,VT
03/01/2025 19:20:00,28.65,0.00,PMXC7,VT
03/01/2025 19:30:00,28.44,0.00,PMXC7,VT
03/01/2025 19:40:00,28.18,0.00,PMXC7,VT
03/01/2025 19:50:00,28.05,0.00,PMXC7,VT
03/01/2025 20:00:00,27.80,0.00,PMXC7,VT
03/01/2025 20:10:00,27.63,0.00,PMXC7,VT
03/01/2025 20:20:00,27.41,0.00,PMXC7,VT
03/01/2025 20:30:00,27.20,0.00,PMXC7,VT
03/01/2025 20:40:00,26.98,0.00,PMXC7,VT
03/01/2025 20:50:00,26.81,0.00,PMXC7,VT
03/01/2025 21:00:00,26.55,0.00,PMXC7,VT
03/01/2025 21:10:00,26.34,0.00,PMXC7,VT
03/01/2025 21:20:00,26.12,0.00,PMXC7,VT
03/01/2025 21:30:00,25.95,0.00,PMXC7,VT
03/01/2025 21:40:00,25.74,0.00,PMXC7,VT
03/01/2025 21:50:00,25.52,0.00,PMXC7,VT
03/01/2025 22:00:00,25.22,0.00,PMXC7,VT
03/01/2025 22:10:00,25.05,0.00,PMXC7,VT
03/01/2025 22:20:00,24.84,0.00,PMXC7,VT
03/01/2025 22:30:00,24.58,0.00,PMXC7,VT
03/01/2025 22:40:00,24.41,0.00,PMXC7,VT
03/01/2025 22:50:00,24.15,0.00,PMXC7,VT
03/01/2025 23:00:00,23.98,0.00,PMXC7,VT
03/01/2025 23:10:00,23.72,0.00,PMXC7,VT
03/01/2025 23:20:00,23.55,0.00,PMXC7,VT
03/01/2025 23:30:00,23.29,0.00,PMXC7,VT
03/01/2025 23:40:00,23.12,0.00,PMXC7,VT
03/01/2025 23:50:00,22.91,0.00,PMXC7,VT
03/02/2025 00:00:00,22.65,0.00,PMXC7,VT
03/02/2025 00:10:00,22.48,0.00,PMXC7,VT
03/02/2025 00:20:00,22.43,0.00,PMXC7,VT
03/02/2025 00:30:00,22.61,0.00,PMXC7,VT
03/02/2025 00:40:00,22.69,0.00,PMXC7,VT
03/02/2025 00:50:00,22.86,0.00,PMXC7,VT
03/02/2025 01:00:00,22.99,0.00,PMXC7,VT
03/02/2025 01:10:00,23.21,0.00,PMXC7,VT
03/02/2025 01:20:00,23.38,0.00,PMXC7,VT
03/02/2025 01:30:00,23.59,0.00,PMXC7,VT
03/02/2025 01:40:00,23.81,0.00,PMXC7,VT
03/02/2025 01:50:00,23.98,0.20,PMXC7,VT
03/02/2025 02:00:00,24.19,0.00,PMXC7,VT
03/02/2025 02:10:00,24.41,0.00,PMXC7,VT
03/02/2025 02:20:00,24.62,0.00,PMXC7,VT
03/02/2025 02:30:00,24.84,0.00,PMXC7,VT
03/02/2025 02:40:00,25.05,0.00,PMXC7,VT
03/02/2025 02:50:00,25.27,0.00,PMXC7,VT
03/02/2025 03:00:00,25.48,0.00,PMXC7,VT
03/02/2025 03:10:00,25.69,0.00,PMXC7,VT
03/02/2025 03:20:00,25.87,0.00,PMXC7,VT
03/02/2025 03:30:00,26.12,0.00,PMXC7,VT
03/02/2025 03:40:00,26.34,0.00,PMXC7,VT
03/02/2025 03:50:00,26.51,0.00,PMXC7,VT
03/02/2025 04:00:00,26.77,0.00,PMXC7,VT
03/02/2025 04:10:00,26.94,0.00,PMXC7,VT
03/02/2025 04:20:00,27.20,0.00,PMXC7,VT
03/02/2025 04:30:00,27.41,0.00,PMXC7,VT
03/02/2025 04:40:00,27.67,0.00,PMXC7,VT
03/02/2025 04:50:00,27.88,0.00,PMXC7,VT
03/02/2025 05:00:00,28.05,0.00,PMXC7,VT
03/02/2025 05:10:00,28.27,0.00,PMXC7,VT
03/02/2025 05:20:00,28.48,0.00,PMXC7,VT
03/02/2025 05:30:00,28.70,0.00,PMXC7,VT
03/02/2025 05:40:00,28.91,0.00,PMXC7,VT
03/02/2025 05:50:00,29.17,0.00,PMXC7,VT
03/02/2025 06:00:00,29.38,0.00,PMXC7,VT
03/02/2025 06:10:00,29.56,0.00,PMXC7,VT
03/02/2025 06:20:00,29.60,0.00,PMXC7,VT
03/02/2025 06:30:00,29.43,0.00,PMXC7,VT
03/02/2025 06:40:00,29.34,0.00,PMXC7,VT
03/02/2025 06:50:00,29.13,0.00,PMXC7,VT
03/02/2025 07:00:00,29.00,0.00,PMXC7,VT
03/02/2025 07:10:00,28.78,0.00,PMXC7,VT
03/02/2025 07:20:00,28.65,0.00,PMXC7,VT
03/02/2025 07:30:00,28.44,0.00,PMXC7,VT
03/02/2025 07:40:00,28.23,0.00,PMXC7,VT
03/02/2025 07:50:00,28.01,0.00,PMXC7,VT
03/02/2025 08:00:00,27.80,0.00,PMXC7,VT
03/02/2025 08:10:00,27.58,0.00,PMXC7,VT
03/02/2025 08:20:00,27.41,0.00,PMXC7,VT
03/02/2025 08:30:00,27.15,0.00,PMXC7,VT
03/02/2025 08:40:00,26.94,0.00,PMXC7,VT
03/02/2025 08:50:00,26.72,0.00,PMXC7,VT
03/02/2025 09:00:00,26.55,0.00,PMXC7,VT
03/02/2025 09:10:00,26.38,0.00,PMXC7,VT
03/02/2025 09:20:00,26.17,0.00,PMXC7,VT
03/02/2025 09:30:00,25.95,0.00,PMXC7,VT
03/02/2025 09:40:00,25.69,0.00,PMXC7,VT
03/02/2025 09:50:00,25.52,0.00,PMXC7,VT
03/02/2025 10:00:00,25.31,0.00,PMXC7,VT
03/02/2025 10:10:00,25.09,0.00,PMXC7,VT
03/02/2025 10:20:00,24.79,0.00,PMXC7,VT
03/02/2025 10:30:00,24.62,0.00,PMXC7,VT
03/02/2025 10:40:00,24.41,0.00,PMXC7,VT
03/02/2025 10:50:00,24.19,0.20,PMXC7,VT
03/02/2025 11:00:00,23.98,0.00,PMXC7,VT
03/02/2025 11:10:00,23.76,0.00,PMXC7,VT
03/02/2025 11:20:00,23.51,0.00,PMXC7,VT
03/02/2025 11:30:00,23.34,0.00,PMXC7,VT
03/02/2025 11:40:00,23.16,0.00,PMXC7,VT
03/02/2025 11:50:00,22.91,0.00,PMXC7,VT
03/02/2025 12:00:00,22.69,0.00,PMXC7,VT
03/02/2025 12:10:00,22.43,0.00,PMXC7,VT
03/02/2025 12:20:00,22.48,0.00,PMXC7,VT
03/02/2025 12:30:00,22.56,0.00,PMXC7,VT
03/02/2025 12:40:00,22.73,0.00,PMXC7,VT
03/02/2025 12:50:00,22.91,0.00,PMXC7,VT
03/02/2025 13:00:00,23.08,0.00,PMXC7,VT
03/02/2025 13:10:00,23.29,0.00,PMXC7,VT
03/02/2025 13:20:00,23.46,0.00,PMXC7,VT
03/02/2025 13:30:00,23.59,0.00,PMXC7,VT
03/02/2025 13:40:00,23.81,0.00,PMXC7,VT
03/02/2025 13:50:00,24.02,0.00,PMXC7,VT
03/02/2025 14:00:00,24.24,0.00,PMXC7,VT
03/02/2025 14:10:00,24.45,0.00,PMXC7,VT
03/02/2025 14:20:00,24.66,0.00,PMXC7,VT
03/02/2025 14:30:00,24.88,0.00,PMXC7,VT
03/02/2025 14:40:00,25.09,0.00,PMXC7,VT
03/02/2025 14:50:00,25.35,0.00,PMXC7,VT
03/02/2025 15:00:00,25.52,0.00,PMXC7,VT
03/02/2025 15:10:00,25.74,0.00,PMXC7,VT
03/02/2025 15:20:00,25.95,0.00,PMXC7,VT
03/02/2025 15:30:00,26.12,0.00,PMXC7,VT
03/02/2025 15:40:00,26.38,0.00,PMXC7,VT
03/02/2025 15:50:00,26.60,0.00,PMXC7,VT
03/02/2025 16:00:00,26.81,0.00,PMXC7,VT
03/02/2025 16:10:00,26.98,0.00,PMXC7,VT
03/02/2025 16:20:00,27.24,0.00,PMXC7,VT
03/02/2025 16:30:00,27.45,0.00,PMXC7,VT
03/02/2025 16:40:00,27.67,0.20,PMXC7,VT
03/02/2025 16:50:00,27.88,0.00,PMXC7,VT
03/02/2025 17:00:00,28.10,0.00,PMXC7,VT
03/02/2025 17:10:00,28.31,0.00,PMXC7,VT
03/02/2025 17:20:00,28.53,0.00,PMXC7,VT
03/02/2025 17:30:00,28.74,0.00,PMXC7,VT
03/02/2025 17:40:00,29.00,0.00,PMXC7,VT
03/02/2025 17:50:00,29.17,0.00,PMXC7,VT
03/02/2025 18:00:00,29.38,0.00,PMXC7,VT
03/02/2025 18:10:00,29.60,0.00,PMXC7,VT
03/02/2025 18:20:00,29.56,0.00,PMXC7,VT
03/02/2025 18:30:00,29.47,0.00,PMXC7,VT
03/02/2025 18:40:00,29.34,0.00,PMXC7,VT
03/02/2025 18:50:00,29.17,0.00,PMXC7,VT
03/02/2025 19:00:00,29.00,0.00,PMXC7,VT
03/02/2025 19:10:00,28.83,0.00,PMXC7,VT
03/02/2025 19:20:00,28.61,0.00,PMXC7,VT
03/02/2025 19:30:00,28.44,0.00,PMXC7,VT
03/02/2025 19:40:00,28.18,0.00,PMXC7,VT
03/02/2025 19:50:00,27.97,0.20,PMXC7,VT
03/02/2025 20:00:00,27.84,0.00,PMXC7,VT
03/02/2025 20:10:00,27.67,0.00,PMXC7,VT
03/02/2025 20:20:00,27.45,0.00,PMXC7,VT
03/02/2025 20:30:00,27.20,0.00,PMXC7,VT
03/02/2025 20:40:00,26.94,0.00,PMXC7,VT
03/02/2025 20:50:00,26.81,0.00,PMXC7,VT
03/02/2025 21:00:00,26.60,0.00,PMXC7,VT
03/02/2025 21:10:00,26.34,0.00,PMXC7,VT
03/02/2025 21:20:00,26.17,0.00,PMXC7,VT
03/02/2025 21:30:00,25.91,0.00,PMXC7,VT
03/02/2025 21:40:00,25.74,0.00,PMXC7,VT
03/02/2025 21:50:00,25.48,0.00,PMXC7,VT
03/02/2025 22:00:00,25.27,0.00,PMXC7,VT
03/02/2025 22:10:00,25.09,0.00,PMXC7,VT
03/02/2025 22:20:00,24.84,0.00,PMXC7,VT
03/02/2025 22:30:00,24.62,0.00,PMXC7,VT
03/02/2025 22:40:00,24.41,0.00,PMXC7,VT
03/02/2025 22:50:00,24.19,0.00,PMXC7,VT
03/02/2025 23:00:00,23.98,0.00,PMXC7,VT
03/02/2025 23:10:00,23.76,0.00,PMXC7,VT
03/02/2025 23:20:00,23.55,0.00,PMXC7,VT
03/02/2025 23:30:00,23.34,0.00,PMXC7,VT
03/02/2025 23:40:00,23.12,0.00,PMXC7,VT
03/02/2025 23:50:00,22.86,0.00,PMXC7,VT
03/03/2025 00:00:00,22.65,0.00,PMXC7,VT
03/03/2025 00:10:00,22.48,0.00,PMXC7,VT
03/03/2025 00:20:00,22.43,0.00,PMXC7,VT
03/03/2025 00:30:00,22.56,0.00,PMXC7,VT
03/03/2025 00:40:00,22.69,0.00,PMXC7,VT
03/03/2025 00:50:00,22.86,0.00,PMXC7,VT
03/03/2025 01:00:00,23.08,0.00,PMXC7,VT
03/03/2025 01:10:00,23.21,0.00,PMXC7,VT
03/03/2025 01:20:00,23.42,0.00,PMXC7,VT
03/03/2025 01:30:00,23.59,0.00,PMXC7,VT
03/03/2025 01:40:00,23.81,0.20,PMXC7,VT
03/03/2025 01:50:00,24.02,0.00,PMXC7,VT
03/03/2025 02:00:00,24.19,0.00,PMXC7,VT
03/03/2025 02:10:00,24.49,0.00,PMXC7,VT
03/03/2025 02:20:00,24.66,0.00,PMXC7,VT
03/03/2025 02:30:00,24.84,0.00,PMXC7,VT
03/03/2025 02:40:00,25.05,0.00,PMXC7,VT
03/03/2025 02:50:00,25.27,0.00,PMXC7,VT
03/03/2025 03:00:00,25.48,0.00,PMXC7,VT
03/03/2025 03:10:00,25.69,0.00,PMXC7,VT
03/03/2025 03:20:00,25.95,0.00,PMXC7,VT
03/03/2025 03:30:00,26.12,0.00,PMXC7,VT
03/03/2025 03:40:00,26.34,0.00,PMXC7,VT
03/03/2025 03:50:00,26.60,0.00,PMXC7,VT
03/03/2025 04:00:00,26.77,0.00,PMXC7,VT
03/03/2025 04:10:00,26.98,0.00,PMXC7,VT
03/03/2025 04:20:00,27.20,0.00,PMXC7,VT
03/03/2025 04:30:00,27.41,0.00,PMXC7,VT
03/03/2025 04:40:00,27.63,0.00,PMXC7,VT
03/03/2025 04:50:00,27.84,0.20,PMXC7,VT
03/03/2025 05:00:00,28.05,0.00,PMXC7,VT
03/03/2025 05:10:00,28.31,0.00,PMXC7,VT
03/03/2025 05:20:00,28.48,0.00,PMXC7,VT
03/03/2025 05:30:00,28.70,0.00,PMXC7,VT
03/03/2025 05:40:00,28.91,0.00,PMXC7,VT
03/03/2025 05:50:00,29.13,0.00,PMXC7,VT
03/03/2025 06:00:00,29.38,0.00,PMXC7,VT
03/03/2025 06:10:00,29.56,0.00,PMXC7,VT
03/03/2025 06:20:00,29.56,0.00,PMXC7,VT
03/03/2025 06:30:00,29.47,0.00,PMXC7,VT
03/03/2025 06:40:00,29.30,0.00,PMXC7,VT
03/03/2025 06:50:00,29.17,0.00,PMXC7,VT
03/03/2025 07:00:00,29.00,0.00,PMXC7,VT
03/03/2025 07:10:00,28.83,0.00,PMXC7,VT
03/03/2025 07:20:00,28.61,0.00,PMXC7,VT
03/03/2025 07:30:00,28.40,0.00,PMXC7,VT
03/03/2025 07:40:00,28.23,0.00,PMXC7,VT
03/03/2025 07:50:00,28.01,0.00,PMXC7,VT
03/03/2025 08:00:00,27.84,0.00,PMXC7,VT
03/03/2025 08:10:00,27.58,0.00,PMXC7,VT
03/03/2025 08:20:00,27.41,0.00,PMXC7,VT
03/03/2025 08:30:00,27.15,0.00,PMXC7,VT
03/03/2025 08:40:00,26.98,0.00,PMXC7,VT
03/03/2025 08:50:00,26.77,0.00,PMXC7,VT
03/03/2025 09:00:00,26.55,0.00,PMXC7,VT
03/03/2025 09:10:00,26.38,0.00,PMXC7,VT
03/03/2025 09:20:00,26.17,0.00,PMXC7,VT
03/03/2025 09:30:00,25.95,0.00,PMXC7,VT
03/03/2025 09:40:00,25.69,0.00,PMXC7,VT
03/03/2025 09:50:00,25.52,0.00,PMXC7,VT
03/03/2025 10:00:00,25.27,0.00,PMXC7,VT
03/03/2025 10:10:00,25.05,0.00,PMXC7,VT
03/03/2025 10:20:00,24.84,0.00,PMXC7,VT
03/03/2025 10:30:00,24.62,0.00,PMXC7,VT
03/03/2025 10:40:00,24.41,0.20,PMXC7,VT
03/03/2025 10:50:00,24.28,0.00,PMXC7,VT
03/03/2025 11:00:00,24.02,0.00,PMXC7,VT
03/03/2025 11:10:00,23.76,0.00,PMXC7,VT
03/03/2025 11:20:00,23.51,0.00,PMXC7,VT
03/03/2025 11:30:00,23.29,0.00,PMXC7,VT
03/03/2025 11:40:00,23.03,0.00,PMXC7,VT
03/03/2025 11:50:00,22.82,0.00,PMXC7,VT
03/03/2025 12:00:00,22.65,0.00,PMXC7,VT
03/03/2025 12:10:00,22.43,0.00,PMXC7,VT
03/03/2025 12:20:00,22.43,0.00,PMXC7,VT
03/03/2025 12:30:00,22.56,0.00,PMXC7,VT
03/03/2025 12:40:00,22.69,0.00,PMXC7,VT
03/03/2025 12:50:00,22.91,0.00,PMXC7,VT
03/03/2025 13:00:00,23.03,0.00,PMXC7,VT
03/03/2025 13:10:00,23.21,0.00,PMXC7,VT
03/03/2025 13:20:00,23.42,0.00,PMXC7,VT
03/03/2025 13:30:00,23.59,0.00,PMXC7,VT
03/03/2025 13:40:00,23.85,0.00,PMXC7,VT
03/03/2025 13:50:00,24.02,0.20,PMXC7,VT
03/03/2025 14:00:00,24.24,0.00,PMXC7,VT
03/03/2025 14:10:00,24.45,0.00,PMXC7,VT
03/03/2025 14:20:00,24.71,0.00,PMXC7,VT
03/03/2025 14:30:00,24.84,0.00,PMXC7,VT
03/03/2025 14:40:00,25.14,0.00,PMXC7,VT
03/03/2025 14:50:00,25.31,0.00,PMXC7,VT
03/03/2025 15:00:00,25.52,0.00,PMXC7,VT
03/03/2025 15:10:00,25.74,0.00,PMXC7,VT
03/03/2025 15:20:00,25.95,0.00,PMXC7,VT
03/03/2025 15:30:00,26.12,0.00,PMXC7,VT
03/03/2025 15:40:00,26.38,0.00,PMXC7,VT
03/03/2025 15:50:00,26.55,0.00,PMXC7,VT
03/03/2025 16:00:00,26.81,0.00,PMXC7,VT
03/03/2025 16:10:00,26.98,0.00,PMXC7,VT
03/03/2025 16:20:00,27.24,0.00,PMXC7,VT
03/03/2025 16:30:00,27.45,0.00,PMXC7,VT
03/03/2025 16:40:00,27.67,0.00,PMXC7,VT
03/03/2025 16:50:00,27.84,0.00,PMXC7,VT
03/03/2025 17:00:00,28.14,0.00,PMXC7,VT
03/03/2025 17:10:00,28.31,0.00,PMXC7,VT
03/03/2025 17:20:00,28.53,0.00,PMXC7,VT
03/03/2025 17:30:00,28.74,0.00,PMXC7,VT
03/03/2025 17:40:00,29.00,0.00,PMXC7,VT
03/03/2025 17:50:00,29.17,0.00,PMXC7,VT
03/03/2025 18:00:00,29.38,0.00,PMXC7,VT
03/03/2025 18:10:00,29.60,0.00,PMXC7,VT
03/03/2025 18:20:00,29.60,0.00,PMXC7,VT
03/03/2025 18:30:00,29.47,0.00,PMXC7,VT
03/03/2025 18:40:00,29.34,0.00,PMXC7,VT
03/03/2025 18:50:00,29.17,0.00,PMXC7,VT
03/03/2025 19:00:00,29.00,0.00,PMXC7,VT
03/03/2025 19:10:00,28.83,0.00,PMXC7,VT
03/03/2025 19:20:00,28.65,0.00,PMXC7,VT
03/03/2025 19:30:00,28.40,0.00,PMXC7,VT
03/03/2025 19:40:00,28.23,0.20,PMXC7,VT
03/03/2025 19:50:00,28.01,0.00,PMXC7,VT
03/03/2025 20:00:00,27.84,0.00,PMXC7,VT
03/03/2025 20:10:00,27.63,0.00,PMXC7,VT
03/03/2025 20:20:00,27.41,0.00,PMXC7,VT
03/03/2025 20:30:00,27.24,0.00,PMXC7,VT
03/03/2025 20:40:00,27.02,0.00,PMXC7,VT
03/03/2025 20:50:00,26.77,0.00,PMXC7,VT
03/03/2025 21:00:00,26.55,0.00,PMXC7,VT
03/03/2025 21:10:00,26.38,0.00,PMXC7,VT
03/03/2025 21:20:00,26.17,0.00,PMXC7,VT
03/03/2025 21:30:00,25.91,0.00,PMXC7,VT
03/03/2025 21:40:00,25.74,0.00,PMXC7,VT
03/03/2025 21:50:00,25.52,0.00,PMXC7,VT
03/03/2025 22:00:00,25.27,0.00,PMXC7,VT
03/03/2025 22:10:00,25.01,0.00,PMXC7,VT
03/03/2025 22:20:00,24.84,0.00,PMXC7,VT
03/03/2025 22:30:00,24.58,0.00,PMXC7,VT
03/03/2025 22:40:00,24.36,0.00,PMXC7,VT
03/03/2025 22:50:00,24.15,0.00,PMXC7,VT
03/03/2025 23:00:00,23.94,0.00,PMXC7,VT
03/03/2025 23:10:00,23.72,0.00,PMXC7,VT
03/03/2025 23:20:00,23.55,0.00,PMXC7,VT
03/03/2025 23:30:00,23.29,0.00,PMXC7,VT
03/03/2025 23:40:00,23.12,0.00,PMXC7,VT
03/03/2025 23:50:00,22.91,0.00,PMXC7,VT
03/04/2025 00:00:00,22.65,0.00,PMXC7,VT
03/04/2025 00:10:00,22.48,0.00,PMXC7,VT
03/04/2025 00:20:00,22.48,0.00,PMXC7,VT
03/04/2025 00:30:00,22.56,0.00,PMXC7,VT
03/04/2025 00:40:00,22.69,0.00,PMXC7,VT
03/04/2025 00:50:00,22.86,0.00,PMXC7,VT
03/04/2025 01:00:00,22.99,0.00,PMXC7,VT
03/04/2025 01:10:00,23.25,0.00,PMXC7,VT
03/04/2025 01:20:00,23.42,0.00,PMXC7,VT
03/04/2025 01:30:00,23.59,0.00,PMXC7,VT
03/04/2025 01:40:00,23.81,0.00,PMXC7,VT
03/04/2025 01:50:00,24.02,0.00,PMXC7,VT
03/04/2025 02:00:00,24.24,0.00,PMXC7,VT
03/04/2025 02:10:00,24.41,0.00,PMXC7,VT
03/04/2025 02:20:00,24.66,0.00,PMXC7,VT
03/04/2025 02:30:00,24.84,0.00,PMXC7,VT
03/04/2025 02:40:00,25.05,0.00,PMXC7,VT
03/04/2025 02:50:00,25.22,0.00,PMXC7,VT
03/04/2025 03:00:00,25.48,0.00,PMXC7,VT
03/04/2025 03:10:00,25.74,0.00,PMXC7,VT
03/04/2025 03:20:00,25.95,0.00,PMXC7,VT
03/04/2025 03:30:00,26.12,0.00,PMXC7,VT
03/04/2025 03:40:00,26.30,0.00,PMXC7,VT
03/04/2025 03:50:00,26.55,0.00,PMXC7,VT
03/04/2025 04:00:00,26.77,0.00,PMXC7,VT
03/04/2025 04:10:00,26.98,0.00,PMXC7,VT
03/04/2025 04:20:00,27.20,0.00,PMXC7,VT
03/04/2025 04:30:00,27.37,0.00,PMXC7,VT
03/04/2025 04:40:00,27.63,0.20,PMXC7,VT
03/04/2025 04:50:00,27.84,0.00,PMXC7,VT
03/04/2025 05:00:00,28.05,0.00,PMXC7,VT
03/04/2025 05:10:00,28.27,0.00,PMXC7,VT
03/04/2025 05:20:00,28.53,0.00,PMXC7,VT
03/04/2025 05:30:00,28.70,0.00,PMXC7,VT
03/04/2025 05:40:00,28.95,0.00,PMXC7,VT
03/04/2025 05:50:00,29.17,0.00,PMXC7,VT
03/04/2025 06:00:00,29.34,0.00,PMXC7,VT
03/04/2025 06:10:00,29.56,0.00,PMXC7,VT
03/04/2025 06:20:00,29.60,0.00,PMXC7,VT
03/04/2025 06:30:00,29.47,0.00,PMXC7,VT
03/04/2025 06:40:00,29.34,0.00,PMXC7,VT
03/04/2025 06:50:00,29.17,0.00,PMXC7,VT
03/04/2025 07:00:00,29.00,0.00,PMXC7,VT
03/04/2025 07:10:00,28.83,0.00,PMXC7,VT
03/04/2025 07:20:00,28.61,0.00,PMXC7,VT
03/04/2025 07:30:00,28.40,0.00,PMXC7,VT
03/04/2025 07:40:00,28.23,0.00,PMXC7,VT
03/04/2025 07:50:00,28.01,0.00,PMXC7,VT
03/04/2025 08:00:00,27.80,0.00,PMXC7,VT
03/04/2025 08:10:00,27.58,0.00,PMXC7,VT
03/04/2025 08:20:00,27.41,0.00,PMXC7,VT
03/04/2025 08:30:00,27.15,0.00,PMXC7,VT
03/04/2025 08:40:00,26.98,0.00,PMXC7,VT
03/04/2025 08:50:00,26.77,0.00,PMXC7,VT
03/04/2025 09:00:00,26.51,0.00,PMXC7,VT
03/04/2025 09:10:00,26.30,0.00,PMXC7,VT
03/04/2025 09:20:00,26.17,0.00,PMXC7,VT
03/04/2025 09:30:00,25.91,0.00,PMXC7,VT
03/04/2025 09:40:00,25.69,0.00,PMXC7,VT
03/04/2025 09:50:00,25.48,0.00,PMXC7,VT
03/04/2025 10:00:00,25.27,0.00,PMXC7,VT
03/04/2025 10:10:00,25.05,0.00,PMXC7,VT
03/04/2025 10:20:00,24.84,0.00,PMXC7,VT
03/04/2025 10:30:00,24.66,0.00,PMXC7,VT
03/04/2025 10:40:00,24.45,0.00,PMXC7,VT
03/04/2025 10:50:00,24.19,0.00,PMXC7,VT
03/04/2025 11:00:00,23.98,0.00,PMXC7,VT
03/04/2025 11:10:00,23.81,0.00,PMXC7,VT
03/04/2025 11:20:00,23.59,0.00,PMXC7,VT
03/04/2025 11:30:00,23.34,0.00,PMXC7,VT
03/04/2025 11:40:00,23.12,0.00,PMXC7,VT
03/04/2025 11:50:00,22.91,0.00,PMXC7,VT
03/04/2025 12:00:00,22.69,0.00,PMXC7,VT
03/04/2025 12:10:00,22.48,0.00,PMXC7,VT
03/04/2025 12:20:00,22.43,0.00,PMXC7,VT
03/04/2025 12:30:00,22.52,0.00,PMXC7,VT
03/04/2025 12:40:00,22.73,0.00,PMXC7,VT
03/04/2025 12:50:00,22.91,0.00,PMXC7,VT
03/04/2025 13:00:00,23.08,0.00,PMXC7,VT
03/04/2025 13:10:00,23.25,0.00,PMXC7,VT
03/04/2025 13:20:00,23.42,0.00,PMXC7,VT
03/04/2025 13:30:00,23.64,0.00,PMXC7,VT
03/04/2025 13:40:00,23.85,0.20,PMXC7,VT
03/04/2025 13:50:00,24.11,0.00,PMXC7,VT
03/04/2025 14:00:00,24.24,0.00,PMXC7,VT
03/04/2025 14:10:00,24.49,0.00,PMXC7,VT
03/04/2025 14:20:00,24.66,0.00,PMXC7,VT
03/04/2025 14:30:00,24.84,0.00,PMXC7,VT
03/04/2025 14:40:00,25.09,0.00,PMXC7,VT
03/04/2025 14:50:00,25.27,0.00,PMXC7,VT
03/04/2025 15:00:00,25.48,0.00,PMXC7,VT
03/04/2025 15:10:00,25.74,0.00,PMXC7,VT
03/04/2025 15:20:00,25.95,0.00,PMXC7,VT
03/04/2025 15:30:00,26.12,0.00,PMXC7,VT
03/04/2025 15:40:00,26.34,0.00,PMXC7,VT
03/04/2025 15:50:00,26.55,0.00,PMXC7,VT
03/04/2025 16:00:00,26.81,0.00,PMXC7,VT
03/04/2025 16:10:00,26.98,0.00,PMXC7,VT
03/04/2025 16:20:00,27.20,0.00,PMXC7,VT
03/04/2025 16:30:00,27.45,0.00,PMXC7,VT
03/04/2025 16:40:00,27.67,0.00,PMXC7,VT
03/04/2025 16:50:00,27.88,0.00,PMXC7,VT
03/04/2025 17:00:00,28.10,0.00,PMXC7,VT
03/04/2025 17:10:00,28.35,0.00,PMXC7,VT
03/04/2025 17:20:00,28.53,0.00,PMXC7,VT
03/04/2025 17:30:00,28.74,0.00,PMXC7,VT
03/04/2025 17:40:00,28.95,0.00,PMXC7,VT
03/04/2025 17:50:00,29.17,0.00,PMXC7,VT
03/04/2025 18:00:00,29.43,0.00,PMXC7,VT
03/04/2025 18:10:00,29.60,0.00,PMXC7,VT
03/04/2025 18:20:00,29.56,0.00,PMXC7,VT
03/04/2025 18:30:00,29.51,0.00,PMXC7,VT
03/04/2025 18:40:00,29.34,0.00,PMXC7,VT
03/04/2025 18:50:00,29.21,0.00,PMXC7,VT
03/04/2025 19:00:00,29.00,0.00,PMXC7,VT
03/04/2025 19:10:00,28.78,0.00,PMXC7,VT
03/04/2025 19:20:00,28.61,0.00,PMXC7,VT
03/04/2025 19:30:00,28.44,0.00,PMXC7,VT
03/04/2025 19:40:00,28.23,0.00,PMXC7,VT
03/04/2025 19:50:00,28.05,0.00,PMXC7,VT
03/04/2025 20:00:00,27.80,0.00,PMXC7,VT
03/04/2025 20:10:00,27.58,0.00,PMXC7,VT
03/04/2025 20:20:00,27.41,0.00,PMXC7,VT
03/04/2025 20:30:00,27.15,0.00,PMXC7,VT
03/04/2025 20:40:00,26.94,0.00,PMXC7,VT
03/04/2025 20:50:00,26.77,0.00,PMXC7,VT
03/04/2025 21:00:00,26.60,0.00,PMXC7,VT
03/04/2025 21:10:00,26.38,0.00,PMXC7,VT
03/04/2025 21:20:00,26.17,0.00,PMXC7,VT
03/04/2025 21:30:00,25.91,0.00,PMXC7,VT
03/04/2025 21:40:00,25.74,0.00,PMXC7,VT
03/04/2025 21:50:00,25.48,0.00,PMXC7,VT
03/04/2025 22:00:00,25.22,0.00,PMXC7,VT
03/04/2025 22:10:00,25.01,0.00,PMXC7,VT
03/04/2025 22:20:00,24.84,0.00,PMXC7,VT
03/04/2025 22:30:00,24.58,0.00,PMXC7,VT
03/04/2025 22:40:00,24.36,0.20,PMXC7,VT
03/04/2025 22:50:00,24.19,0.00,PMXC7,VT
03/04/2025 23:00:00,23.94,0.00,PMXC7,VT
03/04/2025 23:10:00,23.76,0.00,PMXC7,VT
03/04/2025 23:20:00,23.51,0.00,PMXC7,VT
03/04/2025 23:30:00,23.34,0.00,PMXC7,VT
03/04/2025 23:40:00,23.12,0.00,PMXC7,VT
03/04/2025 23:50:00,22.86,0.00,PMXC7,VT
03/05/2025 00:00:00,22.69,0.00,PMXC7,VT
03/05/2025 00:10:00,22.43,0.00,PMXC7,VT
03/05/2025 00:20:00,22.39,0.00,PMXC7,VT
03/05/2025 00:30:00,22.56,0.00,PMXC7,VT
03/05/2025 00:40:00,22.69,0.00,PMXC7,VT
03/05/2025 00:50:00,22.86,0.00,PMXC7,VT
03/05/2025 01:00:00,23.03,0.00,PMXC7,VT
03/05/2025 01:10:00,23.21,0.00,PMXC7,VT
03/05/2025 01:20:00,23.46,0.00,PMXC7,VT
03/05/2025 01:30:00,23.59,0.00,PMXC7,VT
03/05/2025 01:40:00,23.76,0.00,PMXC7,VT
03/05/2025 01:50:00,24.02,0.00,PMXC7,VT
03/05/2025 02:00:00,24.19,0.00,PMXC7,VT
03/05/2025 02:10:00,24.41,0.00,PMXC7,VT
03/05/2025 02:20:00,24.62,0.00,PMXC7,VT
03/05/2025 02:30:00,24.79,0.00,PMXC7,VT
03/05/2025 02:40:00,25.05,0.00,PMXC7,VT
03/05/2025 02:50:00,25.27,0.00,PMXC7,VT
03/05/2025 03:00:00,25.44,0.00,PMXC7,VT
03/05/2025 03:10:00,25.69,0.00,PMXC7,VT
03/05/2025 03:20:00,25.91,0.00,PMXC7,VT
03/05/2025 03:30:00,26.12,0.00,PMXC7,VT
03/05/2025 03:40:00,26.34,0.00,PMXC7,VT
03/05/2025 03:50:00,26.55,0.00,PMXC7,VT
03/05/2025 04:00:00,26.77,0.00,PMXC7,VT
03/05/2025 04:10:00,26.98,0.00,PMXC7,VT
03/05/2025 04:20:00,27.20,0.00,PMXC7,VT
03/05/2025 04:30:00,27.41,0.00,PMXC7,VT
03/05/2025 04:40:00,27.63,0.00,PMXC7,VT
03/05/2025 04:50:00,27.84,0.00,PMXC7,VT
03/05/2025 05:00:00,28.05,0.00,PMXC7,VT
03/05/2025 05:10:00,28.27,0.00,PMXC7,VT
03/05/2025 05:20:00,28.48,0.00,PMXC7,VT
03/05/2025 05:30:00,28.74,0.00,PMXC7,VT
03/05/2025 05:40:00,28.91,0.00,PMXC7,VT
03/05/2025 05:50:00,29.17,0.00,PMXC7,VT
03/05/2025 06:00:00,29.38,0.00,PMXC7,VT
03/05/2025 06:10:00,29.56,0.00,PMXC7,VT
03/05/2025 06:20:00,29.56,0.00,PMXC7,VT
03/05/2025 06:30:00,29.51,0.00,PMXC7,VT
03/05/2025 06:40:00,29.30,0.00,PMXC7,VT
03/05/2025 06:50:00,29.17,0.00,PMXC7,VT
03/05/2025 07:00:00,29.00,0.00,PMXC7,VT
03/05/2025 07:10:00,28.83,0.00,PMXC7,VT
03/05/2025 07:20:00,28.57,0.00,PMXC7,VT
03/05/2025 07:30:00,28.40,0.00,PMXC7,VT
03/05/2025 07:40:00,28.23,0.20,PMXC7,VT
03/05/2025 07:50:00,28.01,0.00,PMXC7,VT
03/05/2025 08:00:00,27.80,0.00,PMXC7,VT
03/05/2025 08:10:00,27.63,0.00,PMXC7,VT
03/05/2025 08:20:00,27.37,0.00,PMXC7,VT
03/05/2025 08:30:00,27.15,0.00,PMXC7,VT
03/05/2025 08:40:00,26.94,0.00,PMXC7,VT
03/05/2025 08:50:00,26.77,0.00,PMXC7,VT
03/05/2025 09:00:00,26.51,0.00,PMXC7,VT
03/05/2025 09:10:00,26.34,0.00,PMXC7,VT
03/05/2025 09:20:00,26.12,0.00,PMXC7,VT
03/05/2025 09:30:00,25.91,0.00,PMXC7,VT
03/05/2025 09:40:00,25.69,0.00,PMXC7,VT
03/05/2025 09:50:00,25.52,0.00,PMXC7,VT
03/05/2025 10:00:00,25.22,0.00,PMXC7,VT
03/05/2025 10:10:00,25.05,0.00,PMXC7,VT
03/05/2025 10:20:00,24.84,0.00,PMXC7,VT
03/05/2025 10:30:00,24.62,0.00,PMXC7,VT
03/05/2025 10:40:00,24.41,0.00,PMXC7,VT
03/05/2025 10:50:00,24.19,0.00,PMXC7,VT
03/05/2025 11:00:00,23.94,0.00,PMXC7,VT
03/05/2025 11:10:00,23.76,0.00,PMXC7,VT
03/05/2025 11:20:00,23.55,0.00,PMXC7,VT
03/05/2025 11:30:00,23.34,0.00,PMXC7,VT
03/05/2025 11:40:00,23.12,0.00,PMXC7,VT
03/05/2025 11:50:00,22.91,0.00,PMXC7,VT
03/05/2025 12:00:00,22.69,0.00,PMXC7,VT
03/05/2025 12:10:00,22.52,0.00,PMXC7,VT
03/05/2025 12:20:00,22.43,0.00,PMXC7,VT
03/05/2025 12:30:00,22.52,0.00,PMXC7,VT
03/05/2025 12:40:00,22.65,0.00,PMXC7,VT
03/05/2025 12:50:00,22.86,0.00,PMXC7,VT
03/05/2025 13:00:00,23.08,0.00,PMXC7,VT
03/05/2025 13:10:00,23.25,0.00,PMXC7,VT
03/05/2025 13:20:00,23.42,0.00,PMXC7,VT
03/05/2025 13:30:00,23.64,0.20,PMXC7,VT
03/05/2025 13:40:00,23.85,0.00,PMXC7,VT
03/05/2025 13:50:00,24.02,0.00,PMXC7,VT
03/05/2025 14:00:00,24.24,0.00,PMXC7,VT
03/05/2025 14:10:00,24.45,0.00,PMXC7,VT
03/05/2025 14:20:00,24.62,0.00,PMXC7,VT
03/05/2025 14:30:00,24.88,0.00,PMXC7,VT
03/05/2025 14:40:00,25.05,0.00,PMXC7,VT
03/05/2025 14:50:00,25.27,0.00,PMXC7,VT
03/05/2025 15:00:00,25.52,0.00,PMXC7,VT
03/05/2025 15:10:00,25.69,0.00,PMXC7,VT
03/05/2025 15:20:00,25.95,0.00,PMXC7,VT
03/05/2025 15:30:00,26.17,0.00,PMXC7,VT
03/05/2025 15:40:00,26.34,0.00,PMXC7,VT
03/05/2025 15:50:00,26.60,0.00,PMXC7,VT
03/05/2025 16:00:00,26.77,0.00,PMXC7,VT
03/05/2025 16:10:00,26.98,0.00,PMXC7,VT
03/05/2025 16:20:00,27.24,0.00,PMXC7,VT
03/05/2025 16:30:00,27.45,0.00,PMXC7,VT
03/05/2025 16:40:00,27.67,0.20,PMXC7,VT
03/05/2025 16:50:00,27.84,0.00,PMXC7,VT
03/05/2025 17:00:00,28.10,0.00,PMXC7,VT
03/05/2025 17:10:00,28.31,0.00,PMXC7,VT
03/05/2025 17:20:00,28.48,0.00,PMXC7,VT
03/05/2025 17:30:00,28.74,0.00,PMXC7,VT
03/05/2025 17:40:00,28.95,0.00,PMXC7,VT
03/05/2025 17:50:00,29.17,0.00,PMXC7,VT
03/05/2025 18:00:00,29.34,0.00,PMXC7,VT
03/05/2025 18:10:00,29.60,0.00,PMXC7,VT
03/05/2025 18:20:00,29.56,0.00,PMXC7,VT
03/05/2025 18:30:00,29.51,0.00,PMXC7,VT
03/05/2025 18:40:00,29.34,0.00,PMXC7,VT
03/05/2025 18:50:00,29.21,0.00,PMXC7,VT
03/05/2025 19:00:00,29.00,0.00,PMXC7,VT
03/05/2025 19:10:00,28.83,0.00,PMXC7,VT
03/05/2025 19:20:00,28.65,0.00,PMXC7,VT
03/05/2025 19:30:00,28.44,0.00,PMXC7,VT
03/05/2025 19:40:00,28.27,0.00,PMXC7,VT
03/05/2025 19:50:00,27.97,0.00,PMXC7,VT
03/05/2025 20:00:00,27.84,0.00,PMXC7,VT
03/05/2025 20:10:00,27.58,0.00,PMXC7,VT
03/05/2025 20:20:00,27.41,0.00,PMXC7,VT
03/05/2025 20:30:00,27.20,0.00,PMXC7,VT
03/05/2025 20:40:00,26.94,0.00,PMXC7,VT
03/05/2025 20:50:00,26.77,0.00,PMXC7,VT
03/05/2025 21:00:00,26.60,0.00,PMXC7,VT
03/05/2025 21:10:00,26.38,0.00,PMXC7,VT
03/05/2025 21:20:00,26.12,0.00,PMXC7,VT
03/05/2025 21:30:00,25.91,0.00,PMXC7,VT
03/05/2025 21:40:00,25.69,0.00,PMXC7,VT
03/05/2025 21:50:00,25.52,0.00,PMXC7,VT
03/05/2025 22:00:00,25.27,0.00,PMXC7,VT
03/05/2025 22:10:00,25.05,0.00,PMXC7,VT
03/05/2025 22:20:00,24.84,0.00,PMXC7,VT
03/05/2025 22:30:00,24.62,0.20,PMXC7,VT
03/05/2025 22:40:00,24.32,0.00,PMXC7,VT
03/05/2025 22:50:00,24.19,0.00,PMXC7,VT
03/05/2025 23:00:00,23.94,0.00,PMXC7,VT
03/05/2025 23:10:00,23.76,0.00,PMXC7,VT
03/05/2025 23:20:00,23.55,0.00,PMXC7,VT
03/05/2025 23:30:00,23.29,0.00,PMXC7,VT
03/05/2025 23:40:00,23.12,0.00,PMXC7,VT
03/05/2025 23:50:00,22.91,0.00,PMXC7,VT
03/06/2025 00:00:00,22.69,0.00,PMXC7,VT
03/06/2025 00:10:00,22.48,0.00,PMXC7,VT
03/06/2025 00:20:00,22.43,0.00,PMXC7,VT
03/06/2025 00:30:00,22.52,0.00,PMXC7,VT
03/06/2025 00:40:00,22.69,0.00,PMXC7,VT
03/06/2025 00:50:00,22.86,0.00,PMXC7,VT
03/06/2025 01:00:00,23.03,0.00,PMXC7,VT
03/06/2025 01:10:00,23.21,0.00,PMXC7,VT
03/06/2025 01:20:00,23.42,0.00,PMXC7,VT
03/06/2025 01:30:00,23.59,0.00,PMXC7,VT
03/06/2025 01:40:00,23.81,0.00,PMXC7,VT
03/06/2025 01:50:00,24.06,0.00,PMXC7,VT
03/06/2025 02:00:00,24.24,0.00,PMXC7,VT
03/06/2025 02:10:00,24.41,0.00,PMXC7,VT
03/06/2025 02:20:00,24.62,0.00,PMXC7,VT
03/06/2025 02:30:00,24.84,0.00,PMXC7,VT
03/06/2025 02:40:00,25.09,0.00,PMXC7,VT
03/06/2025 02:50:00,25.22,0.00,PMXC7,VT
03/06/2025 03:00:00,25.48,0.00,PMXC7,VT
03/06/2025 03:10:00,25.69,0.00,PMXC7,VT
03/06/2025 03:20:00,25.95,0.00,PMXC7,VT
03/06/2025 03:30:00,26.12,0.00,PMXC7,VT
03/06/2025 03:40:00,26.34,0.00,PMXC7,VT
03/06/2025 03:50:00,26.51,0.00,PMXC7,VT
03/06/2025 04:00:00,26.77,0.00,PMXC7,VT
03/06/2025 04:10:00,26.94,0.00,PMXC7,VT
03/06/2025 04:20:00,27.20,0.00,PMXC7,VT
03/06/2025 04:30:00,27.41,0.00,PMXC7,VT
03/06/2025 04:40:00,27.63,0.00,PMXC7,VT
03/06/2025 04:50:00,27.84,0.00,PMXC7,VT
03/06/2025 05:00:00,28.10,0.00,PMXC7,VT
03/06/2025 05:10:00,28.31,0.00,PMXC7,VT
03/06/2025 05:20:00,28.53,0.00,PMXC7,VT
03/06/2025 05:30:00,28.70,0.00,PMXC7,VT
03/06/2025 05:40:00,28.95,0.00,PMXC7,VT
03/06/2025 05:50:00,29.17,0.00,PMXC7,VT
03/06/2025 06:00:00,29.38,0.00,PMXC7,VT
03/06/2025 06:10:00,29.60,0.00,PMXC7,VT
03/06/2025 06:20:00,29.60,0.00,PMXC7,VT
03/06/2025 06:30:00,29.51,0.00,PMXC7,VT
03/06/2025 06:40:00,29.38,0.00,PMXC7,VT
03/06/2025 06:50:00,29.17,0.00,PMXC7,VT
03/06/2025 07:00:00,29.00,0.00,PMXC7,VT
03/06/2025 07:10:00,28.83,0.00,PMXC7,VT
03/06/2025 07:20:00,28.61,0.00,PMXC7,VT
03/06/2025 07:30:00,28.40,0.20,PMXC7,VT
03/06/2025 07:40:00,28.18,0.00,PMXC7,VT
03/06/2025 07:50:00,28.01,0.00,PMXC7,VT
03/06/2025 08:00:00,27.80,0.00,PMXC7,VT
03/06/2025 08:10:00,27.63,0.00,PMXC7,VT
03/06/2025 08:20:00,27.37,0.00,PMXC7,VT
03/06/2025 08:30:00,27.15,0.00,PMXC7,VT
03/06/2025 08:40:00,26.94,0.00,PMXC7,VT
03/06/2025 08:50:00,26.77,0.00,PMXC7,VT
03/06/2025 09:00:00,26.55,0.00,PMXC7,VT
03/06/2025 09:10:00,26.38,0.00,PMXC7,VT
03/06/2025 09:20:00,26.17,0.00,PMXC7,VT
03/06/2025 09:30:00,25.95,0.00,PMXC7,VT
03/06/2025 09:40:00,25.69,0.00,PMXC7,VT
03/06/2025 09:50:00,25.52,0.00,PMXC7,VT
03/06/2025 10:00:00,25.27,0.00,PMXC7,VT
03/06/2025 10:10:00,25.01,0.00,PMXC7,VT
03/06/2025 10:20:00,24.84,0.00,PMXC7,VT
03/06/2025 10:30:00,24.66,0.00,PMXC7,VT
03/06/2025 10:40:00,24.41,0.00,PMXC7,VT
03/06/2025 10:50:00,24.19,0.00,PMXC7,VT
03/06/2025 11:00:00,24.02,0.00,PMXC7,VT
03/06/2025 11:10:00,23.72,0.00,PMXC7,VT
03/06/2025 11:20:00,23.46,0.00,PMXC7,VT
03/06/2025 11:30:00,23.25,0.00,PMXC7,VT
03/06/2025 11:40:00,23.03,0.00,PMXC7,VT
03/06/2025 11:50:00,22.86,0.00,PMXC7,VT
03/06/2025 12:00:00,22.61,0.00,PMXC7,VT
03/06/2025 12:10:00,22.39,0.00,PMXC7,VT
03/06/2025 12:20:00,22.39,0.00,PMXC7,VT
03/06/2025 12:30:00,22.52,0.00,PMXC7,VT
03/06/2025 12:40:00,22.69,0.00,PMXC7,VT
03/06/2025 12:50:00,22.91,0.00,PMXC7,VT
03/06/2025 13:00:00,23.03,0.00,PMXC7,VT
03/06/2025 13:10:00,23.25,0.00,PMXC7,VT
03/06/2025 13:20:00,23.38,0.00,PMXC7,VT
03/06/2025 13:30:00,23.64,0.00,PMXC7,VT
03/06/2025 13:40:00,23.85,0.00,PMXC7,VT
03/06/2025 13:50:00,24.02,0.00,PMXC7,VT
03/06/2025 14:00:00,24.24,0.00,PMXC7,VT
03/06/2025 14:10:00,24.49,0.00,PMXC7,VT
03/06/2025 14:20:00,24.66,0.00,PMXC7,VT
03/06/2025 14:30:00,24.88,0.00,PMXC7,VT
03/06/2025 14:40:00,25.05,0.00,PMXC7,VT
03/06/2025 14:50:00,25.22,0.00,PMXC7,VT
03/06/2025 15:00:00,25.52,0.00,PMXC7,VT
03/06/2025 15:10:00,25.74,0.00,PMXC7,VT
03/06/2025 15:20:00,25.91,0.00,PMXC7,VT
03/06/2025 15:30:00,26.12,0.00,PMXC7,VT
03/06/2025 15:40:00,26.34,0.00,PMXC7,VT
03/06/2025 15:50:00,26.55,0.00,PMXC7,VT
03/06/2025 16:00:00,26.77,0.00,PMXC7,VT
03/06/2025 16:10:00,27.02,0.00,PMXC7,VT
03/06/2025 16:20:00,27.20,0.00,PMXC7,VT
03/06/2025 16:30:00,27.41,0.20,PMXC7,VT
03/06/2025 16:40:00,27.63,0.00,PMXC7,VT
03/06/2025 16:50:00,27.84,0.00,PMXC7,VT
03/06/2025 17:00:00,28.10,0.00,PMXC7,VT
03/06/2025 17:10:00,28.27,0.00,PMXC7,VT
03/06/2025 17:20:00,28.53,0.00,PMXC7,VT
03/06/2025 17:30:00,28.74,0.00,PMXC7,VT
03/06/2025 17:40:00,28.95,0.00,PMXC7,VT
03/06/2025 17:50:00,29.17,0.00,PMXC7,VT
03/06/2025 18:00:00,29.34,0.00,PMXC7,VT
03/06/2025 18:10:00,29.51,0.00,PMXC7,VT
03/06/2025 18:20:00,29.64,0.00,PMXC7,VT
03/06/2025 18:30:00,29.51,0.00,PMXC7,VT
03/06/2025 18:40:00,29.34,0.00,PMXC7,VT
03/06/2025 18:50:00,29.21,0.00,PMXC7,VT
03/06/2025 19:00:00,28.95,0.00,PMXC7,VT
03/06/2025 19:10:00,28.78,0.00,PMXC7,VT
03/06/2025 19:20:00,28.61,0.00,PMXC7,VT
03/06/2025 19:30:00,28.40,0.00,PMXC7,VT
03/06/2025 19:40:00,28.18,0.00,PMXC7,VT
03/06/2025 19:50:00,28.05,0.00,PMXC7,VT
03/06/2025 20:00:00,27.80,0.00,PMXC7,VT
03/06/2025 20:10:00,27.67,0.00,PMXC7,VT
03/06/2025 20:20:00,27.37,0.00,PMXC7,VT
03/06/2025 20:30:00,27.20,0.00,PMXC7,VT
03/06/2025 20:40:00,26.98,0.00,PMXC7,VT
03/06/2025 20:50:00,26.77,0.00,PMXC7,VT
03/06/2025 21:00:00,26.64,0.00,PMXC7,VT
03/06/2025 21:10:00,26.34,0.00,PMXC7,VT
03/06/2025 21:20:00,26.17,0.00,PMXC7,VT
03/06/2025 21:30:00,25.99,0.00,PMXC7,VT
03/06/2025 21:40:00,25.69,0.00,PMXC7,VT
03/06/2025 21:50:00,25.52,0.00,PMXC7,VT
03/06/2025 22:00:00,25.27,0.00,PMXC7,VT
03/06/2025 22:10:00,25.05,0.00,PMXC7,VT
03/06/2025 22:20:00,24.79,0.00,PMXC7,VT
03/06/2025 22:30:00,24.58,0.00,PMXC7,VT
03/06/2025 22:40:00,24.41,0.00,PMXC7,VT
03/06/2025 22:50:00,24.19,0.00,PMXC7,VT
03/06/2025 23:00:00,23.94,0.00,PMXC7,VT
03/06/2025 23:10:00,23.81,0.00,PMXC7,VT
03/06/2025 23:20:00,23.55,0.00,PMXC7,VT
03/06/2025 23:30:00,23.34,0.00,PMXC7,VT
03/06/2025 23:40:00,23.12,0.00,PMXC7,VT
03/06/2025 23:50:00,22.86,0.00,PMXC7,VT
03/07/2025 00:00:00,22.65,0.00,PMXC7,VT
03/07/2025 00:10:00,22.48,0.00,PMXC7,VT
03/07/2025 00:20:00,22.48,0.00,PMXC7,VT
03/07/2025 00:30:00,22.52,0.00,PMXC7,VT
03/07/2025 00:40:00,22.73,0.00,PMXC7,VT
03/07/2025 00:50:00,22.86,0.00,PMXC7,VT
03/07/2025 01:00:00,22.99,0.00,PMXC7,VT
03/07/2025 01:10:00,23.21,0.00,PMXC7,VT
03/07/2025 01:20:00,23.42,0.00,PMXC7,VT
03/07/2025 01:30:00,23.64,0.20,PMXC7,VT
03/07/2025 01:40:00,23.81,0.00,PMXC7,VT
03/07/2025 01:50:00,24.02,0.00,PMXC7,VT
03/07/2025 02:00:00,24.19,0.00,PMXC7,VT
03/07/2025 02:10:00,24.45,0.00,PMXC7,VT
03/07/2025 02:20:00,24.62,0.00,PMXC7,VT
03/07/2025 02:30:00,24.84,0.00,PMXC7,VT
03/07/2025 02:40:00,25.05,0.00,PMXC7,VT
03/07/2025 02:50:00,25.27,0.00,PMXC7,VT
03/07/2025 03:00:00,25.44,0.00,PMXC7,VT
03/07/2025 03:10:00,25.65,0.00,PMXC7,VT
03/07/2025 03:20:00,25.91,0.00,PMXC7,VT
03/07/2025 03:30:00,26.12,0.00,PMXC7,VT
03/07/2025 03:40:00,26.34,0.00,PMXC7,VT
03/07/2025 03:50:00,26.55,0.00,PMXC7,VT
03/07/2025 04:00:00,26.77,0.00,PMXC7,VT
03/07/2025 04:10:00,26.98,0.00,PMXC7,VT
03/07/2025 04:20:00,27.24,0.00,PMXC7,VT
03/07/2025 04:30:00,27.41,0.00,PMXC7,VT
03/07/2025 04:40:00,27.58,0.00,PMXC7,VT
03/07/2025 04:50:00,27.84,0.00,PMXC7,VT
03/07/2025 05:00:00,28.05,0.00,PMXC7,VT
03/07/2025 05:10:00,28.27,0.00,PMXC7,VT
03/07/2025 05:20:00,28.48,0.00,PMXC7,VT
03/07/2025 05:30:00,28.70,0.00,PMXC7,VT
03/07/2025 05:40:00,28.95,0.00,PMXC7,VT
03/07/2025 05:50:00,29.13,0.00,PMXC7,VT
03/07/2025 06:00:00,29.34,0.00,PMXC7,VT
03/07/2025 06:10:00,29.56,0.00,PMXC7,VT
03/07/2025 06:20:00,29.56,0.00,PMXC7,VT
03/07/2025 06:30:00,29.47,0.00,PMXC7,VT
03/07/2025 06:40:00,29.34,0.00,PMXC7,VT
03/07/2025 06:50:00,29.13,0.00,PMXC7,VT
03/07/2025 07:00:00,29.00,0.00,PMXC7,VT
03/07/2025 07:10:00,28.83,0.00,PMXC7,VT
03/07/2025 07:20:00,28.61,0.20,PMXC7,VT
03/07/2025 07:30:00,28.40,0.00,PMXC7,VT
03/07/2025 07:40:00,28.23,0.00,PMXC7,VT
03/07/2025 07:50:00,28.01,0.00,PMXC7,VT
03/07/2025 08:00:00,27.80,0.00,PMXC7,VT
03/07/2025 08:10:00,27.58,0.00,PMXC7,VT
03/07/2025 08:20:00,27.41,0.00,PMXC7,VT
03/07/2025 08:30:00,27.20,0.00,PMXC7,VT
03/07/2025 08:40:00,26.94,0.00,PMXC7,VT
03/07/2025 08:50:00,26.77,0.00,PMXC7,VT
03/07/2025 09:00:00,26.55,0.00,PMXC7,VT
03/07/2025 09:10:00,26.30,0.00,PMXC7,VT
03/07/2025 09:20:00,26.12,0.00,PMXC7,VT
03/07/2025 09:30:00,25.95,0.00,PMXC7,VT
03/07/2025 09:40:00,25.74,0.00,PMXC7,VT
03/07/2025 09:50:00,25.52,0.00,PMXC7,VT
03/07/2025 10:00:00,25.31,0.00,PMXC7,VT
03/07/2025 10:10:00,25.09,0.00,PMXC7,VT
03/07/2025 10:20:00,24.84,0.00,PMXC7,VT
03/07/2025 10:30:00,24.58,0.20,PMXC7,VT
03/07/2025 10:40:00,24.41,0.00,PMXC7,VT
03/07/2025 10:50:00,24.19,0.00,PMXC7,VT
03/07/2025 11:00:00,23.98,0.00,PMXC7,VT
03/07/2025 11:10:00,23.76,0.00,PMXC7,VT
03/07/2025 11:20:00,23.55,0.00,PMXC7,VT
03/07/2025 11:30:00,23.34,0.00,PMXC7,VT
03/07/2025 11:40:00,23.16,0.00,PMXC7,VT
03/07/2025 11:50:00,22.91,0.00,PMXC7,VT
03/07/2025 12:00:00,22.65,0.00,PMXC7,VT
03/07/2025 12:10:00,22.56,0.00,PMXC7,VT
03/07/2025 12:20:00,22.43,0.00,PMXC7,VT
03/07/2025 12:30:00,22.56,0.00,PMXC7,VT
03/07/2025 12:40:00,22.73,0.00,PMXC7,VT
03/07/2025 12:50:00,22.91,0.00,PMXC7,VT
03/07/2025 13:00:00,23.08,0.00,PMXC7,VT
03/07/2025 13:10:00,23.29,0.00,PMXC7,VT
03/07/2025 13:20:00,23.42,0.00,PMXC7,VT
03/07/2025 13:30:00,23.59,0.00,PMXC7,VT
03/07/2025 13:40:00,23.85,0.00,PMXC7,VT
03/07/2025 13:50:00,24.06,0.00,PMXC7,VT
03/07/2025 14:00:00,24.24,0.00,PMXC7,VT
03/07/2025 14:10:00,24.49,0.00,PMXC7,VT
03/07/2025 14:20:00,24.66,0.00,PMXC7,VT
03/07/2025 14:30:00,24.84,0.00,PMXC7,VT
03/07/2025 14:40:00,25.05,0.00,PMXC7,VT
03/07/2025 14:50:00,25.27,0.00,PMXC7,VT
03/07/2025 15:00:00,25.48,0.00,PMXC7,VT
03/07/2025 15:10:00,25.69,0.00,PMXC7,VT
03/07/2025 15:20:00,25.95,0.00,PMXC7,VT
03/07/2025 15:30:00,26.17,0.00,PMXC7,VT
03/07/2025 15:40:00,26.34,0.00,PMXC7,VT
03/07/2025 15:50:00,26.60,0.00,PMXC7,VT
03/07/2025 16:00:00,26.81,0.00,PMXC7,VT
03/07/2025 16:10:00,26.98,0.00,PMXC7,VT
03/07/2025 16:20:00,27.24,0.20,PMXC7,VT
03/07/2025 16:30:00,27.45,0.00,PMXC7,VT
03/07/2025 16:40:00,27.67,0.00,PMXC7,VT
03/07/2025 16:50:00,27.88,0.00,PMXC7,VT
03/07/2025 17:00:00,28.05,0.00,PMXC7,VT
03/07/2025 17:10:00,28.31,0.00,PMXC7,VT
03/07/2025 17:20:00,28.53,0.00,PMXC7,VT
03/07/2025 17:30:00,28.74,0.00,PMXC7,VT
03/07/2025 17:40:00,28.95,0.00,PMXC7,VT
03/07/2025 17:50:00,29.17,0.00,PMXC7,VT
03/07/2025 18:00:00,29.38,0.00,PMXC7,VT
03/07/2025 18:10:00,29.56,0.00,PMXC7,VT
03/07/2025 18:20:00,29.56,0.00,PMXC7,VT
03/07/2025 18:30:00,29.51,0.00,PMXC7,VT
03/07/2025 18:40:00,29.38,0.00,PMXC7,VT
03/07/2025 18:50:00,29.21,0.00,PMXC7,VT
03/07/2025 19:00:00,29.04,0.00,PMXC7,VT
03/07/2025 19:10:00,28.83,0.00,PMXC7,VT
03/07/2025 19:20:00,28.61,0.00,PMXC7,VT
03/07/2025 19:30:00,28.44,0.00,PMXC7,VT
03/07/2025 19:40:00,28.23,0.00,PMXC7,VT
03/07/2025 19:50:00,28.01,0.00,PMXC7,VT
03/07/2025 20:00:00,27.84,0.00,PMXC7,VT
03/07/2025 20:10:00,27.67,0.00,PMXC7,VT
03/07/2025 20:20:00,27.41,0.00,PMXC7,VT
03/07/2025 20:30:00,27.20,0.00,PMXC7,VT
03/07/2025 20:40:00,26.98,0.00,PMXC7,VT
03/07/2025 20:50:00,26.77,0.00,PMXC7,VT
03/07/2025 21:00:00,26.64,0.00,PMXC7,VT
03/07/2025 21:10:00,26.38,0.00,PMXC7,VT
03/07/2025 21:20:00,26.17,0.00,PMXC7,VT
03/07/2025 21:30:00,25.95,0.00,PMXC7,VT
03/07/2025 21:40:00,25.69,0.00,PMXC7,VT
03/07/2025 21:50:00,25.52,0.00,PMXC7,VT
03/07/2025 22:00:00,25.31,0.00,PMXC7,VT
03/07/2025 22:10:00,25.05,0.00,PMXC7,VT
03/07/2025 22:20:00,24.84,0.00,PMXC7,VT
03/07/2025 22:30:00,24.62,0.00,PMXC7,VT
03/07/2025 22:40:00,24.41,0.00,PMXC7,VT
03/07/2025 22:50:00,24.19,0.00,PMXC7,VT
03/07/2025 23:00:00,23.98,0.00,PMXC7,VT
03/07/2025 23:10:00,23.76,0.00,PMXC7,VT
03/07/2025 23:20:00,23.55,0.00,PMXC7,VT
03/07/2025 23:30:00,23.29,0.00,PMXC7,VT
03/07/2025 23:40:00,23.08,0.00,PMXC7,VT
03/07/2025 23:50:00,22.86,0.00,PMXC7,VT
03/08/2025 00:00:00,22.69,0.00,PMXC7,VT
03/08/2025 00:10:00,22.48,0.00,PMXC7,VT
03/08/2025 00:20:00,22.39,0.00,PMXC7,VT
03/08/2025 00:30:00,22.52,0.00,PMXC7,VT
03/08/2025 00:40:00,22.73,0.00,PMXC7,VT
03/08/2025 00:50:00,22.82,0.00,PMXC7,VT
03/08/2025 01:00:00,22.99,0.00,PMXC7,VT
03/08/2025 01:10:00,23.25,0.00,PMXC7,VT
03/08/2025 01:20:00,23.42,0.20,PMXC7,VT
03/08/2025 01:30:00,23.64,0.00,PMXC7,VT
03/08/2025 01:40:00,23.81,0.00,PMXC7,VT
03/08/2025 01:50:00,24.02,0.00,PMXC7,VT
03/08/2025 02:00:00,24.24,0.00,PMXC7,VT
03/08/2025 02:10:00,24.41,0.00,PMXC7,VT
03/08/2025 02:20:00,24.62,0.00,PMXC7,VT
03/08/2025 02:30:00,24.84,0.00,PMXC7,VT
03/08/2025 02:40:00,25.05,0.00,PMXC7,VT
03/08/2025 02:50:00,25.27,0.00,PMXC7,VT
03/08/2025 03:00:00,25.48,0.00,PMXC7,VT
03/08/2025 03:10:00,25.65,0.00,PMXC7,VT
03/08/2025 03:20:00,25.95,0.00,PMXC7,VT
03/08/2025 03:30:00,26.12,0.00,PMXC7,VT
03/08/2025 03:40:00,26.38,0.00,PMXC7,VT
03/08/2025 03:50:00,26.55,0.00,PMXC7,VT
03/08/2025 04:00:00,26.72,0.00,PMXC7,VT
03/08/2025 04:10:00,26.98,0.00,PMXC7,VT
03/08/2025 04:20:00,27.15,0.00,PMXC7,VT
03/08/2025 04:30:00,27.41,0.00,PMXC7,VT
03/08/2025 04:40:00,27.63,0.00,PMXC7,VT
03/08/2025 04:50:00,27.84,0.00,PMXC7,VT
03/08/2025 05:00:00,28.05,0.00,PMXC7,VT
03/08/2025 05:10:00,28.27,0.00,PMXC7,VT
03/08/2025 05:20:00,28.48,0.00,PMXC7,VT
03/08/2025 05:30:00,28.70,0.00,PMXC7,VT
03/08/2025 05:40:00,28.95,0.00,PMXC7,VT
03/08/2025 05:50:00,29.17,0.00,PMXC7,VT
03/08/2025 06:00:00,29.38,0.00,PMXC7,VT
03/08/2025 06:10:00,29.56,0.00,PMXC7,VT
03/08/2025 06:20:00,29.60,0.00,PMXC7,VT
03/08/2025 06:30:00,29.47,0.00,PMXC7,VT
03/08/2025 06:40:00,29.34,0.00,PMXC7,VT
03/08/2025 06:50:00,29.17,0.00,PMXC7,VT
03/08/2025 07:00:00,29.00,0.00,PMXC7,VT
03/08/2025 07:10:00,28.78,0.00,PMXC7,VT
03/08/2025 07:20:00,28.65,0.00,PMXC7,VT
03/08/2025 07:30:00,28.44,0.00,PMXC7,VT
03/08/2025 07:40:00,28.23,0.00,PMXC7,VT
03/08/2025 07:50:00,28.01,0.00,PMXC7,VT
03/08/2025 08:00:00,27.80,0.00,PMXC7,VT
03/08/2025 08:10:00,27.63,0.00,PMXC7,VT
03/08/2025 08:20:00,27.37,0.00,PMXC7,VT
03/08/2025 08:30:00,27.15,0.00,PMXC7,VT
03/08/2025 08:40:00,26.94,0.00,PMXC7,VT
03/08/2025 08:50:00,26.72,0.00,PMXC7,VT
03/08/2025 09:00:00,26.55,0.00,PMXC7,VT
03/08/2025 09:10:00,26.42,0.00,PMXC7,VT
03/08/2025 09:20:00,26.21,0.00,PMXC7,VT
03/08/2025 09:30:00,25.91,0.00,PMXC7,VT
03/08/2025 09:40:00,25.69,0.00,PMXC7,VT
03/08/2025 09:50:00,25.48,0.00,PMXC7,VT
03/08/2025 10:00:00,25.27,0.00,PMXC7,VT
03/08/2025 10:10:00,25.05,0.00,PMXC7,VT
03/08/2025 10:20:00,24.84,0.20,PMXC7,VT
03/08/2025 10:30:00,24.66,0.00,PMXC7,VT
03/08/2025 10:40:00,24.36,0.00,PMXC7,VT
03/08/2025 10:50:00,24.15,0.00,PMXC7,VT
03/08/2025 11:00:00,24.02,0.00,PMXC7,VT
03/08/2025 11:10:00,23.76,0.00,PMXC7,VT
03/08/2025 11:20:00,23.55,0.00,PMXC7,VT
03/08/2025 11:30:00,23.34,0.00,PMXC7,VT
03/08/2025 11:40:00,23.12,0.00,PMXC7,VT
03/08/2025 11:50:00,22.91,0.00,PMXC7,VT
03/08/2025 12:00:00,22.69,0.00,PMXC7,VT
03/08/2025 12:10:00,22.43,0.00,PMXC7,VT
03/08/2025 12:20:00,22.48,0.00,PMXC7,VT
03/08/2025 12:30:00,22.61,0.00,PMXC7,VT
03/08/2025 12:40:00,22.73,0.00,PMXC7,VT
03/08/2025 12:50:00,22.91,0.00,PMXC7,VT
03/08/2025 13:00:00,23.12,0.00,PMXC7,VT
03/08/2025 13:10:00,23.29,0.00,PMXC7,VT
03/08/2025 13:20:00,23.46,0.00,PMXC7,VT
03/08/2025 13:30:00,23.64,0.00,PMXC7,VT
03/08/2025 13:40:00,23.85,0.00,PMXC7,VT
03/08/2025 13:50:00,24.02,0.00,PMXC7,VT
03/08/2025 14:00:00,24.24,0.00,PMXC7,VT
03/08/2025 14:10:00,24.45,0.00,PMXC7,VT
03/08/2025 14:20:00,24.66,0.00,PMXC7,VT
03/08/2025 14:30:00,24.88,0.00,PMXC7,VT
03/08/2025 14:40:00,25.09,0.00,PMXC7,VT
03/08/2025 14:50:00,25.31,0.00,PMXC7,VT
03/08/2025 15:00:00,25.48,0.00,PMXC7,VT
03/08/2025 15:10:00,25.74,0.00,PMXC7,VT
03/08/2025 15:20:00,25.91,0.00,PMXC7,VT
03/08/2025 15:30:00,26.12,0.00,PMXC7,VT
03/08/2025 15:40:00,26.38,0.00,PMXC7,VT
03/08/2025 15:50:00,26.60,0.00,PMXC7,VT
03/08/2025 16:00:00,26.77,0.00,PMXC7,VT
03/08/2025 16:10:00,27.02,0.00,PMXC7,VT
03/08/2025 16:20:00,27.20,0.00,PMXC7,VT
03/08/2025 16:30:00,27.50,0.00,PMXC7,VT
03/08/2025 16:40:00,27.63,0.00,PMXC7,VT
03/08/2025 16:50:00,27.88,0.00,PMXC7,VT
03/08/2025 17:00:00,28.14,0.00,PMXC7,VT
03/08/2025 17:10:00,28.31,0.00,PMXC7,VT
03/08/2025 17:20:00,28.57,0.00,PMXC7,VT
03/08/2025 17:30:00,28.74,0.00,PMXC7,VT
03/08/2025 17:40:00,28.91,0.00,PMXC7,VT
03/08/2025 17:50:00,29.17,0.00,PMXC7,VT
03/08/2025 18:00:00,29.38,0.00,PMXC7,VT
03/08/2025 18:10:00,29.56,0.00,PMXC7,VT
03/08/2025 18:20:00,29.60,0.00,PMXC7,VT
03/08/2025 18:30:00,29.47,0.00,PMXC7,VT
03/08/2025 18:40:00,29.30,0.00,PMXC7,VT
03/08/2025 18:50:00,29.17,0.00,PMXC7,VT
03/08/2025 19:00:00,28.95,0.00,PMXC7,VT
03/08/2025 19:10:00,28.83,0.00,PMXC7,VT
03/08/2025 19:20:00,28.61,0.20,PMXC7,VT
03/08/2025 19:30:00,28.40,0.00,PMXC7,VT
03/08/2025 19:40:00,28.23,0.00,PMXC7,VT
03/08/2025 19:50:00,28.01,0.00,PMXC7,VT
03/08/2025 20:00:00,27.80,0.00,PMXC7,VT
03/08/2025 20:10:00,27.63,0.00,PMXC7,VT
03/08/2025 20:20:00,27.41,0.00,PMXC7,VT
03/08/2025 20:30:00,27.20,0.00,PMXC7,VT
03/08/2025 20:40:00,26.94,0.00,PMXC7,VT
03/08/2025 20:50:00,26.77,0.00,PMXC7,VT
03/08/2025 21:00:00,26.55,0.00,PMXC7,VT
03/08/2025 21:10:00,26.30,0.00,PMXC7,VT
03/08/2025 21:20:00,26.12,0.00,PMXC7,VT
03/08/2025 21:30:00,25.95,0.00,PMXC7,VT
03/08/2025 21:40:00,25.74,0.00,PMXC7,VT
03/08/2025 21:50:00,25.48,0.00,PMXC7,VT
03/08/2025 22:00:00,25.27,0.00,PMXC7,VT
03/08/2025 22:10:00,25.05,0.00,PMXC7,VT
03/08/2025 22:20:00,24.84,0.00,PMXC7,VT
03/08/2025 22:30:00,24.62,0.00,PMXC7,VT
03/08/2025 22:40:00,24.41,0.00,PMXC7,VT
03/08/2025 22:50:00,24.24,0.00,PMXC7,VT
03/08/2025 23:00:00,23.89,0.00,PMXC7,VT
03/08/2025 23:10:00,23.72,0.00,PMXC7,VT
03/08/2025 23:20:00,23.51,0.00,PMXC7,VT
03/08/2025 23:30:00,23.34,0.00,PMXC7,VT
03/08/2025 23:40:00,23.12,0.00,PMXC7,VT
03/08/2025 23:50:00,22.86,0.00,PMXC7,VT
03/09/2025 00:00:00,22.65,0.00,PMXC7,VT
03/09/2025 00:10:00,22.48,0.00,PMXC7,VT
03/09/2025 00:20:00,22.43,0.00,PMXC7,VT
03/09/2025 00:30:00,22.56,0.00,PMXC7,VT
03/09/2025 00:40:00,22.69,0.00,PMXC7,VT
03/09/2025 00:50:00,22.86,0.00,PMXC7,VT
03/09/2025 01:00:00,22.99,0.00,PMXC7,VT
03/09/2025 01:10:00,23.21,0.00,PMXC7,VT
03/09/2025 01:20:00,23.38,0.00,PMXC7,VT
03/09/2025 01:30:00,23.59,0.00,PMXC7,VT
03/09/2025 01:40:00,23.81,0.00,PMXC7,VT
03/09/2025 01:50:00,24.02,0.00,PMXC7,VT
03/09/2025 03:00:00,24.24,0.00,PMXC7,VT
03/09/2025 03:10:00,24.36,0.00,PMXC7,VT
03/09/2025 03:20:00,24.66,0.00,PMXC7,VT
03/09/2025 03:30:00,24.84,0.00,PMXC7,VT
03/09/2025 03:40:00,25.05,0.00,PMXC7,VT
03/09/2025 03:50:00,25.22,0.00,PMXC7,VT
03/09/2025 04:00:00,25.48,0.00,PMXC7,VT
03/09/2025 04:10:00,25.69,0.00,PMXC7,VT
03/09/2025 04:20:00,25.91,0.00,PMXC7,VT
03/09/2025 04:30:00,26.08,0.00,PMXC7,VT
03/09/2025 04:40:00,26.34,0.00,PMXC7,VT
03/09/2025 04:50:00,26.55,0.00,PMXC7,VT
03/09/2025 05:00:00,26.77,0.00,PMXC7,VT
03/09/2025 05:10:00,26.98,0.00,PMXC7,VT
03/09/2025 05:20:00,27.20,0.20,PMXC7,VT
03/09/2025 05:30:00,27.41,0.00,PMXC7,VT
03/09/2025 05:40:00,27.63,0.00,PMXC7,VT
03/09/2025 05:50:00,27.84,0.00,PMXC7,VT
03/09/2025 06:00:00,28.05,0.00,PMXC7,VT
03/09/2025 06:10:00,28.31,0.00,PMXC7,VT
03/09/2025 06:20:00,28.48,0.00,PMXC7,VT
03/09/2025 06:30:00,28.70,0.00,PMXC7,VT
03/09/2025 06:40:00,28.91,0.00,PMXC7,VT
03/09/2025 06:50:00,29.13,0.00,PMXC7,VT
03/09/2025 07:00:00,29.38,0.00,PMXC7,VT
03/09/2025 07:10:00,29.56,0.00,PMXC7,VT
03/09/2025 07:20:00,29.60,0.00,PMXC7,VT
03/09/2025 07:30:00,29.47,0.00,PMXC7,VT
03/09/2025 07:40:00,29.34,0.00,PMXC7,VT
03/09/2025 07:50:00,29.08,0.00,PMXC7,VT
03/09/2025 08:00:00,29.00,0.00,PMXC7,VT
03/09/2025 08:10:00,28.83,0.00,PMXC7,VT
03/09/2025 08:20:00,28.61,0.00,PMXC7,VT
03/09/2025 08:30:00,28.48,0.00,PMXC7,VT
03/09/2025 08:40:00,28.18,0.00,PMXC7,VT
03/09/2025 08:50:00,28.01,0.00,PMXC7,VT
03/09/2025 09:00:00,27.84,0.00,PMXC7,VT
03/09/2025 09:10:00,27.58,0.00,PMXC7,VT
03/09/2025 09:20:00,27.41,0.00,PMXC7,VT
03/09/2025 09:30:00,27.15,0.00,PMXC7,VT
03/09/2025 09:40:00,26.98,0.00,PMXC7,VT
03/09/2025 09:50:00,26.77,0.00,PMXC7,VT
03/09/2025 10:00:00,26.51,0.00,PMXC7,VT
03/09/2025 10:10:00,26.38,0.00,PMXC7,VT
03/09/2025 10:20:00,26.21,0.00,PMXC7,VT
03/09/2025 10:30:00,25.91,0.00,PMXC7,VT
03/09/2025 10:40:00,25.69,0.00,PMXC7,VT
03/09/2025 10:50:00,25.48,0.00,PMXC7,VT
03/09/2025 11:00:00,25.22,0.00,PMXC7,VT
03/09/2025 11:10:00,25.01,0.20,PMXC7,VT
03/09/2025 11:20:00,24.79,0.00,PMXC7,VT
03/09/2025 11:30:00,24.58,0.00,PMXC7,VT
03/09/2025 11:40:00,24.36,0.00,PMXC7,VT
03/09/2025 11:50:00,24.02,0.00,PMXC7,VT
03/09/2025 12:00:00,23.81,0.00,PMXC7,VT
03/09/2025 12:10:00,23.64,0.00,PMXC7,VT
03/09/2025 12:20:00,23.46,0.00,PMXC7,VT
03/09/2025 12:30:00,23.25,0.00,PMXC7,VT
03/09/2025 12:40:00,23.03,0.00,PMXC7,VT
03/09/2025 12:50:00,22.86,0.00,PMXC7,VT
03/09/2025 13:00:00,22.65,0.00,PMXC7,VT
03/09/2025 13:10:00,22.39,0.00,PMXC7,VT
03/09/2025 13:20:00,22.39,0.00,PMXC7,VT
03/09/2025 13:30:00,22.56,0.00,PMXC7,VT
03/09/2025 13:40:00,22.69,0.00,PMXC7,VT
03/09/2025 13:50:00,22.86,0.00,PMXC7,VT
03/09/2025 14:00:00,23.08,0.00,PMXC7,VT
03/09/2025 14:10:00,23.29,0.00,PMXC7,VT
03/09/2025 14:20:00,23.42,0.20,PMXC7,VT
03/09/2025 14:30:00,23.59,0.00,PMXC7,VT
03/09/2025 14:40:00,23.81,0.00,PMXC7,VT
03/09/2025 14:50:00,24.02,0.00,PMXC7,VT
03/09/2025 15:00:00,24.28,0.00,PMXC7,VT
03/09/2025 15:10:00,24.45,0.00,PMXC7,VT
03/09/2025 15:20:00,24.66,0.00,PMXC7,VT
03/09/2025 15:30:00,24.88,0.00,PMXC7,VT
03/09/2025 15:40:00,25.09,0.00,PMXC7,VT
03/09/2025 15:50:00,25.31,0.00,PMXC7,VT
03/09/2025 16:00:00,25.52,0.00,PMXC7,VT
03/09/2025 16:10:00,25.69,0.00,PMXC7,VT
03/09/2025 16:20:00,25.95,0.00,PMXC7,VT
03/09/2025 16:30:00,26.12,0.00,PMXC7,VT
03/09/2025 16:40:00,26.34,0.00,PMXC7,VT
03/09/2025 16:50:00,26.55,0.00,PMXC7,VT
03/09/2025 17:00:00,26.81,0.00,PMXC7,VT
03/09/2025 17:10:00,26.98,0.00,PMXC7,VT
03/09/2025 17:20:00,27.20,0.00,PMXC7,VT
03/09/2025 17:30:00,27.45,0.00,PMXC7,VT
03/09/2025 17:40:00,27.63,0.00,PMXC7,VT
03/09/2025 17:50:00,27.88,0.00,PMXC7,VT
03/09/2025 18:00:00,28.10,0.00,PMXC7,VT
03/09/2025 18:10:00,28.31,0.00,PMXC7,VT
03/09/2025 18:20:00,28.53,0.00,PMXC7,VT
03/09/2025 18:30:00,28.74,0.00,PMXC7,VT
03/09/2025 18:40:00,28.95,0.00,PMXC7,VT
03/09/2025 18:50:00,29.17,0.00,PMXC7,VT
03/09/2025 19:00:00,29.38,0.00,PMXC7,VT
03/09/2025 19:10:00,29.60,0.00,PMXC7,VT
03/09/2025 19:20:00,29.60,0.00,PMXC7,VT
03/09/2025 19:30:00,29.51,0.00,PMXC7,VT
03/09/2025 19:40:00,29.30,0.00,PMXC7,VT
03/09/2025 19:50:00,29.17,0.00,PMXC7,VT
03/09/2025 20:00:00,29.00,0.00,PMXC7,VT
03/09/2025 20:10:00,28.78,0.20,PMXC7,VT
03/09/2025 20:20:00,28.57,0.00,PMXC7,VT
03/09/2025 20:30:00,28.40,0.00,PMXC7,VT
03/09/2025 20:40:00,28.18,0.00,PMXC7,VT
03/09/2025 20:50:00,28.05,0.00,PMXC7,VT
03/09/2025 21:00:00,27.84,0.00,PMXC7,VT
03/09/2025 21:10:00,27.58,0.00,PMXC7,VT
03/09/2025 21:20:00,27.41,0.00,PMXC7,VT
03/09/2025 21:30:00,27.20,0.00,PMXC7,VT
03/09/2025 21:40:00,26.98,0.00,PMXC7,VT
03/09/2025 21:50:00,26.72,0.00,PMXC7,VT
03/09/2025 22:00:00,26.51,0.00,PMXC7,VT
03/09/2025 22:10:00,26.34,0.00,PMXC7,VT
03/09/2025 22:20:00,26.12,0.00,PMXC7,VT
03/09/2025 22:30:00,25.91,0.00,PMXC7,VT
03/09/2025 22:40:00,25.74,0.00,PMXC7,VT
03/09/2025 22:50:00,25.52,0.00,PMXC7,VT
03/09/2025 23:00:00,25.27,0.00,PMXC7,VT
03/09/2025 23:10:00,25.01,0.00,PMXC7,VT
03/09/2025 23:20:00,24.79,0.20,PMXC7,VT
03/09/2025 23:30:00,24.58,0.00,PMXC7,VT
03/09/2025 23:40:00,24.36,0.00,PMXC7,VT
03/09/2025 23:50:00,24.19,0.00,PMXC7,VT
03/10/2025 00:00:00,23.94,0.00,PMXC7,VT
03/10/2025 00:10:00,23.68,0.00,PMXC7,VT
03/10/2025 00:20:00,23.55,0.00,PMXC7,VT
03/10/2025 00:30:00,23.29,0.00,PMXC7,VT
03/10/2025 00:40:00,23.12,0.00,PMXC7,VT
03/10/2025 00:50:00,22.82,0.00,PMXC7,VT
03/10/2025 01:00:00,22.65,0.00,PMXC7,VT
03/10/2025 01:10:00,22.43,0.00,PMXC7,VT
03/10/2025 01:20:00,22.39,0.00,PMXC7,VT
03/10/2025 01:30:00,22.56,0.00,PMXC7,VT
03/10/2025 01:40:00,22.69,0.00,PMXC7,VT
03/10/2025 01:50:00,22.86,0.00,PMXC7,VT
03/10/2025 02:00:00,22.99,0.00,PMXC7,VT
03/10/2025 02:10:00,23.21,0.00,PMXC7,VT
03/10/2025 02:20:00,23.42,0.00,PMXC7,VT
03/10/2025 02:30:00,23.64,0.00,PMXC7,VT
03/10/2025 02:40:00,23.85,0.00,PMXC7,VT
03/10/2025 02:50:00,24.02,0.00,PMXC7,VT
03/10/2025 03:00:00,24.24,0.00,PMXC7,VT
03/10/2025 03:10:00,24.41,0.00,PMXC7,VT
03/10/2025 03:20:00,24.62,0.00,PMXC7,VT
03/10/2025 03:30:00,24.84,0.00,PMXC7,VT
03/10/2025 03:40:00,25.09,0.00,PMXC7,VT
03/10/2025 03:50:00,25.22,0.00,PMXC7,VT
03/10/2025 04:00:00,25.44,0.00,PMXC7,VT
03/10/2025 04:10:00,25.65,0.00,PMXC7,VT
03/10/2025 04:20:00,25.91,0.00,PMXC7,VT
03/10/2025 04:30:00,26.08,0.00,PMXC7,VT
03/10/2025 04:40:00,26.30,0.00,PMXC7,VT
03/10/2025 04:50:00,26.55,0.00,PMXC7,VT
03/10/2025 05:00:00,26.77,0.00,PMXC7,VT
03/10/2025 05:10:00,26.98,0.20,PMXC7,VT
03/10/2025 05:20:00,27.20,0.00,PMXC7,VT
03/10/2025 05:30:00,27.37,0.00,PMXC7,VT
03/10/2025 05:40:00,27.63,0.00,PMXC7,VT
03/10/2025 05:50:00,27.84,0.00,PMXC7,VT
03/10/2025 06:00:00,28.05,0.00,PMXC7,VT
03/10/2025 06:10:00,28.31,0.00,PMXC7,VT
03/10/2025 06:20:00,28.48,0.00,PMXC7,VT
03/10/2025 06:30:00,28.74,0.00,PMXC7,VT
03/10/2025 06:40:00,28.95,0.00,PMXC7,VT
03/10/2025 06:50:00,29.17,0.00,PMXC7,VT
03/10/2025 07:00:00,29.38,0.00,PMXC7,VT
03/10/2025 07:10:00,29.56,0.00,PMXC7,VT
03/10/2025 07:20:00,29.60,0.00,PMXC7,VT
03/10/2025 07:30:00,29.51,0.00,PMXC7,VT
03/10/2025 07:40:00,29.38,0.00,PMXC7,VT
03/10/2025 07:50:00,29.13,0.00,PMXC7,VT
03/10/2025 08:00:00,29.00,0.00,PMXC7,VT
03/10/2025 08:10:00,28.83,0.00,PMXC7,VT
03/10/2025 08:20:00,28.61,0.00,PMXC7,VT
03/10/2025 08:30:00,28.40,0.00,PMXC7,VT
03/10/2025 08:40:00,28.23,0.00,PMXC7,VT
03/10/2025 08:50:00,28.05,0.00,PMXC7,VT
03/10/2025 09:00:00,27.80,0.00,PMXC7,VT
03/10/2025 09:10:00,27.63,0.00,PMXC7,VT
03/10/2025 09:20:00,27.41,0.00,PMXC7,VT
03/10/2025 09:30:00,27.15,0.00,PMXC7,VT
03/10/2025 09:40:00,26.90,0.00,PMXC7,VT
03/10/2025 09:50:00,26.77,0.00,PMXC7,VT
03/10/2025 10:00:00,26.51,0.00,PMXC7,VT
03/10/2025 10:10:00,26.34,0.00,PMXC7,VT
03/10/2025 10:20:00,26.17,0.00,PMXC7,VT
03/10/2025 10:30:00,25.91,0.00,PMXC7,VT
03/10/2025 10:40:00,25.69,0.00,PMXC7,VT
03/10/2025 10:50:00,25.48,0.00,PMXC7,VT
03/10/2025 11:00:00,25.27,0.00,PMXC7,VT
03/10/2025 11:10:00,25.05,0.00,PMXC7,VT
03/10/2025 11:20:00,24.79,0.00,PMXC7,VT
03/10/2025 11:30:00,24.58,0.00,PMXC7,VT
03/10/2025 11:40:00,24.36,0.00,PMXC7,VT
03/10/2025 11:50:00,24.24,0.00,PMXC7,VT
03/10/2025 12:00:00,23.98,0.00,PMXC7,VT
03/10/2025 12:10:00,23.72,0.00,PMXC7,VT
03/10/2025 12:20:00,23.51,0.00,PMXC7,VT
03/10/2025 12:30:00,23.34,0.00,PMXC7,VT
03/10/2025 12:40:00,23.12,0.00,PMXC7,VT
03/10/2025 12:50:00,22.91,0.00,PMXC7,VT
03/10/2025 13:00:00,22.69,0.00,PMXC7,VT
03/10/2025 13:10:00,22.48,0.00,PMXC7,VT
03/10/2025 13:20:00,22.43,0.00,PMXC7,VT
03/10/2025 13:30:00,22.56,0.00,PMXC7,VT
03/10/2025 13:40:00,22.69,0.00,PMXC7,VT
03/10/2025 13:50:00,22.91,0.00,PMXC7,VT
03/10/2025 14:00:00,23.08,0.00,PMXC7,VT
03/10/2025 14:10:00,23.25,0.20,PMXC7,VT
03/10/2025 14:20:00,23.42,0.00,PMXC7,VT
03/10/2025 14:30:00,23.64,0.00,PMXC7,VT
03/10/2025 14:40:00,23.85,0.00,PMXC7,VT
03/10/2025 14:50:00,24.02,0.00,PMXC7,VT
03/10/2025 15:00:00,24.24,0.00,PMXC7,VT
03/10/2025 15:10:00,24.45,0.00,PMXC7,VT
03/10/2025 15:20:00,24.66,0.00,PMXC7,VT
03/10/2025 15:30:00,24.88,0.00,PMXC7,VT
03/10/2025 15:40:00,25.09,0.00,PMXC7,VT
03/10/2025 15:50:00,25.27,0.00,PMXC7,VT
03/10/2025 16:00:00,25.48,0.00,PMXC7,VT
03/10/2025 16:10:00,25.74,0.00,PMXC7,VT
03/10/2025 16:20:00,25.91,0.00,PMXC7,VT
03/10/2025 16:30:00,26.12,0.00,PMXC7,VT
03/10/2025 16:40:00,26.38,0.00,PMXC7,VT
03/10/2025 16:50:00,26.60,0.00,PMXC7,VT
03/10/2025 17:00:00,26.81,0.00,PMXC7,VT
03/10/2025 17:10:00,27.02,0.00,PMXC7,VT
03/10/2025 17:20:00,27.20,0.00,PMXC7,VT
03/10/2025 17:30:00,27.41,0.00,PMXC7,VT
03/10/2025 17:40:00,27.67,0.00,PMXC7,VT
03/10/2025 17:50:00,27.88,0.00,PMXC7,VT
03/10/2025 18:00:00,28.10,0.00,PMXC7,VT
03/10/2025 18:10:00,28.27,0.00,PMXC7,VT
03/10/2025 18:20:00,28.53,0.00,PMXC7,VT
03/10/2025 18:30:00,28.74,0.00,PMXC7,VT
03/10/2025 18:40:00,28.91,0.00,PMXC7,VT
03/10/2025 18:50:00,29.17,0.00,PMXC7,VT
03/10/2025 19:00:00,29.38,0.00,PMXC7,VT
03/10/2025 19:10:00,29.60,0.00,PMXC7,VT
03/10/2025 19:20:00,29.64,0.00,PMXC7,VT
03/10/2025 19:30:00,29.51,0.00,PMXC7,VT
03/10/2025 19:40:00,29.34,0.00,PMXC7,VT
03/10/2025 19:50:00,29.21,0.00,PMXC7,VT
03/10/2025 20:00:00,29.00,0.00,PMXC7,VT
03/10/2025 20:10:00,28.87,0.00,PMXC7,VT
03/10/2025 20:20:00,28.65,0.00,PMXC7,VT
03/10/2025 20:30:00,28.44,0.00,PMXC7,VT
03/10/2025 20:40:00,28.23,0.00,PMXC7,VT
03/10/2025 20:50:00,28.01,0.00,PMXC7,VT
03/10/2025 21:00:00,27.84,0.00,PMXC7,VT
03/10/2025 21:10:00,27.58,0.00,PMXC7,VT
03/10/2025 21:20:00,27.41,0.00,PMXC7,VT
03/10/2025 21:30:00,27.20,0.00,PMXC7,VT
03/10/2025 21:40:00,26.98,0.00,PMXC7,VT
03/10/2025 21:50:00,26.77,0.00,PMXC7,VT
03/10/2025 22:00:00,26.60,0.00,PMXC7,VT
03/10/2025 22:10:00,26.38,0.00,PMXC7,VT
03/10/2025 22:20:00,26.12,0.00,PMXC7,VT
03/10/2025 22:30:00,25.91,0.00,PMXC7,VT
03/10/2025 22:40:00,25.74,0.00,PMXC7,VT
03/10/2025 22:50:00,25.48,0.00,PMXC7,VT
03/10/2025 23:00:00,25.27,0.00,PMXC7,VT
03/10/2025 23:10:00,25.09,0.20,PMXC7,VT
03/10/2025 23:20:00,24.84,0.00,PMXC7,VT
03/10/2025 23:30:00,24.58,0.00,PMXC7,VT
03/10/2025 23:40:00,24.41,0.00,PMXC7,VT
03/10/2025 23:50:00,24.19,0.00,PMXC7,VT
03/11/2025 00:00:00,23.94,0.00,PMXC7,VT
03/11/2025 00:10:00,23.72,0.00,PMXC7,VT
03/11/2025 00:20:00,23.55,0.00,PMXC7,VT
03/11/2025 00:30:00,23.34,0.00,PMXC7,VT
03/11/2025 00:40:00,23.12,0.00,PMXC7,VT
03/11/2025 00:50:00,22.82,0.00,PMXC7,VT
03/11/2025 01:00:00,22.65,0.00,PMXC7,VT
03/11/2025 01:10:00,22.48,0.00,PMXC7,VT
03/11/2025 01:20:00,22.43,0.00,PMXC7,VT
03/11/2025 01:30:00,22.56,0.00,PMXC7,VT
03/11/2025 01:40:00,22.69,0.00,PMXC7,VT
03/11/2025 01:50:00,22.86,0.00,PMXC7,VT
03/11/2025 02:00:00,22.99,0.00,PMXC7,VT
03/11/2025 02:10:00,23.21,0.00,PMXC7,VT
03/11/2025 02:20:00,23.42,0.00,PMXC7,VT
03/11/2025 02:30:00,23.64,0.00,PMXC7,VT
03/11/2025 02:40:00,23.81,0.00,PMXC7,VT
03/11/2025 02:50:00,24.02,0.00,PMXC7,VT
03/11/2025 03:00:00,24.24,0.00,PMXC7,VT
03/11/2025 03:10:00,24.41,0.00,PMXC7,VT
03/11/2025 03:20:00,24.66,0.00,PMXC7,VT
03/11/2025 03:30:00,24.79,0.00,PMXC7,VT
03/11/2025 03:40:00,25.05,0.00,PMXC7,VT
03/11/2025 03:50:00,25.27,0.00,PMXC7,VT
03/11/2025 04:00:00,25.48,0.00,PMXC7,VT
03/11/2025 04:10:00,25.69,0.00,PMXC7,VT
03/11/2025 04:20:00,25.91,0.00,PMXC7,VT
03/11/2025 04:30:00,26.08,0.00,PMXC7,VT
03/11/2025 04:40:00,26.34,0.00,PMXC7,VT
03/11/2025 04:50:00,26.55,0.00,PMXC7,VT
03/11/2025 05:00:00,26.77,0.00,PMXC7,VT
03/11/2025 05:10:00,26.98,0.00,PMXC7,VT
03/11/2025 05:20:00,27.20,0.00,PMXC7,VT
03/11/2025 05:30:00,27.41,0.00,PMXC7,VT
03/11/2025 05:40:00,27.63,0.00,PMXC7,VT
03/11/2025 05:50:00,27.84,0.00,PMXC7,VT
03/11/2025 06:00:00,28.10,0.00,PMXC7,VT
03/11/2025 06:10:00,28.31,0.00,PMXC7,VT
03/11/2025 06:20:00,28.53,0.00,PMXC7,VT
03/11/2025 06:30:00,28.70,0.00,PMXC7,VT
03/11/2025 06:40:00,28.91,0.00,PMXC7,VT
03/11/2025 06:50:00,29.13,0.00,PMXC7,VT
03/11/2025 07:00:00,29.38,0.00,PMXC7,VT
03/11/2025 07:10:00,29.60,0.00,PMXC7,VT
03/11/2025 07:20:00,29.56,0.00,PMXC7,VT
03/11/2025 07:30:00,29.51,0.00,PMXC7,VT
03/11/2025 07:40:00,29.34,0.00,PMXC7,VT
03/11/2025 07:50:00,29.17,0.00,PMXC7,VT
03/11/2025 08:00:00,29.00,0.00,PMXC7,VT
03/11/2025 08:10:00,28.78,0.00,PMXC7,VT
03/11/2025 08:20:00,28.61,0.00,PMXC7,VT
03/11/2025 08:30:00,28.44,0.00,PMXC7,VT
03/11/2025 08:40:00,28.18,0.00,PMXC7,VT
03/11/2025 08:50:00,27.97,0.00,PMXC7,VT
03/11/2025 09:00:00,27.84,0.00,PMXC7,VT
03/11/2025 09:10:00,27.58,0.00,PMXC7,VT
03/11/2025 09:20:00,27.41,0.00,PMXC7,VT
03/11/2025 09:30:00,27.20,0.00,PMXC7,VT
03/11/2025 09:40:00,26.94,0.00,PMXC7,VT
03/11/2025 09:50:00,26.81,0.00,PMXC7,VT
03/11/2025 10:00:00,26.55,0.00,PMXC7,VT
03/11/2025 10:10:00,26.34,0.00,PMXC7,VT
03/11/2025 10:20:00,26.12,0.00,PMXC7,VT
03/11/2025 10:30:00,25.95,0.00,PMXC7,VT
03/11/2025 10:40:00,25.69,0.00,PMXC7,VT
03/11/2025 10:50:00,25.52,0.00,PMXC7,VT
03/11/2025 11:00:00,25.27,0.00,PMXC7,VT
03/11/2025 11:10:00,25.01,0.00,PMXC7,VT
03/11/2025 11:20:00,24.84,0.00,PMXC7,VT
03/11/2025 11:30:00,24.58,0.00,PMXC7,VT
03/11/2025 11:40:00,24.41,0.00,PMXC7,VT
03/11/2025 11:50:00,24.19,0.00,PMXC7,VT
03/11/2025 12:00:00,23.94,0.00,PMXC7,VT
03/11/2025 12:10:00,23.72,0.00,PMXC7,VT
03/11/2025 12:20:00,23.55,0.00,PMXC7,VT
03/11/2025 12:30:00,23.34,0.00,PMXC7,VT
03/11/2025 12:40:00,23.12,0.00,PMXC7,VT
03/11/2025 12:50:00,22.95,0.00,PMXC7,VT
03/11/2025 13:00:00,22.69,0.00,PMXC7,VT
03/11/2025 13:10:00,22.48,0.00,PMXC7,VT
03/11/2025 13:20:00,22.52,0.00,PMXC7,VT
03/11/2025 13:30:00,22.56,0.00,PMXC7,VT
03/11/2025 13:40:00,22.73,0.00,PMXC7,VT
03/11/2025 13:50:00,22.91,0.00,PMXC7,VT
03/11/2025 14:00:00,23.12,0.20,PMXC7,VT
03/11/2025 14:10:00,23.25,0.00,PMXC7,VT
03/11/2025 14:20:00,23.42,0.00,PMXC7,VT
03/11/2025 14:30:00,23.59,0.00,PMXC7,VT
03/11/2025 14:40:00,23.85,0.00,PMXC7,VT
03/11/2025 14:50:00,24.06,0.00,PMXC7,VT
03/11/2025 15:00:00,24.24,0.00,PMXC7,VT
03/11/2025 15:10:00,24.45,0.00,PMXC7,VT
03/11/2025 15:20:00,24.66,0.00,PMXC7,VT
03/11/2025 15:30:00,24.88,0.00,PMXC7,VT
03/11/2025 15:40:00,25.09,0.00,PMXC7,VT
03/11/2025 15:50:00,25.31,0.00,PMXC7,VT
03/11/2025 16:00:00,25.48,0.00,PMXC7,VT
03/11/2025 16:10:00,25.74,0.00,PMXC7,VT
03/11/2025 16:20:00,25.91,0.00,PMXC7,VT
03/11/2025 16:30:00,26.12,0.00,PMXC7,VT
03/11/2025 16:40:00,26.34,0.00,PMXC7,VT
03/11/2025 16:50:00,26.60,0.00,PMXC7,VT
03/11/2025 17:00:00,26.77,0.00,PMXC7,VT
03/11/2025 17:10:00,26.98,0.20,PMXC7,VT
03/11/2025 17:20:00,27.20,0.00,PMXC7,VT
03/11/2025 17:30:00,27.41,0.00,PMXC7,VT
03/11/2025 17:40:00,27.63,0.00,PMXC7,VT
03/11/2025 17:50:00,27.93,0.00,PMXC7,VT
03/11/2025 18:00:00,28.10,0.00,PMXC7,VT
03/11/2025 18:10:00,28.31,0.00,PMXC7,VT
03/11/2025 18:20:00,28.53,0.00,PMXC7,VT
03/11/2025 18:30:00,28.74,0.00,PMXC7,VT
03/11/2025 18:40:00,28.95,0.00,PMXC7,VT
03/11/2025 18:50:00,29.17,0.00,PMXC7,VT
03/11/2025 19:00:00,29.38,0.00,PMXC7,VT
03/11/2025 19:10:00,29.56,0.00,PMXC7,VT
03/11/2025 19:20:00,29.60,0.00,PMXC7,VT
03/11/2025 19:30:00,29.51,0.00,PMXC7,VT
03/11/2025 19:40:00,29.38,0.00,PMXC7,VT
03/11/2025 19:50:00,29.17,0.00,PMXC7,VT
03/11/2025 20:00:00,28.95,0.00,PMXC7,VT
03/11/2025 20:10:00,28.83,0.00,PMXC7,VT
03/11/2025 20:20:00,28.61,0.00,PMXC7,VT
03/11/2025 20:30:00,28.40,0.00,PMXC7,VT
03/11/2025 20:40:00,28.23,0.00,PMXC7,VT
03/11/2025 20:50:00,28.05,0.00,PMXC7,VT
03/11/2025 21:00:00,27.84,0.00,PMXC7,VT
03/11/2025 21:10:00,27.67,0.00,PMXC7,VT
03/11/2025 21:20:00,27.37,0.00,PMXC7,VT
03/11/2025 21:30:00,27.15,0.00,PMXC7,VT
03/11/2025 21:40:00,26.94,0.00,PMXC7,VT
03/11/2025 21:50:00,26.81,0.00,PMXC7,VT
03/11/2025 22:00:00,26.55,0.00,PMXC7,VT
03/11/2025 22:10:00,26.34,0.00,PMXC7,VT
03/11/2025 22:20:00,26.12,0.00,PMXC7,VT
03/11/2025 22:30:00,25.91,0.00,PMXC7,VT
03/11/2025 22:40:00,25.69,0.00,PMXC7,VT
03/11/2025 22:50:00,25.52,0.00,PMXC7,VT
03/11/2025 23:00:00,25.27,0.20,PMXC7,VT
03/11/2025 23:10:00,25.09,0.00,PMXC7,VT
03/11/2025 23:20:00,24.84,0.00,PMXC7,VT
03/11/2025 23:30:00,24.58,0.00,PMXC7,VT
03/11/2025 23:40:00,24.41,0.00,PMXC7,VT
03/11/2025 23:50:00,24.19,0.00,PMXC7,VT
03/12/2025 00:00:00,23.98,0.00,PMXC7,VT
03/12/2025 00:10:00,23.76,0.00,PMXC7,VT
03/12/2025 00:20:00,23.51,0.00,PMXC7,VT
03/12/2025 00:30:00,23.29,0.00,PMXC7,VT
03/12/2025 00:40:00,23.12,0.00,PMXC7,VT
03/12/2025 00:50:00,22.91,0.00,PMXC7,VT
03/12/2025 01:00:00,22.69,0.00,PMXC7,VT
03/12/2025 01:10:00,22.48,0.00,PMXC7,VT
03/12/2025 01:20:00,22.48,0.00,PMXC7,VT
03/12/2025 01:30:00,22.56,0.00,PMXC7,VT
03/12/2025 01:40:00,22.65,0.00,PMXC7,VT
03/12/2025 01:50:00,22.86,0.00,PMXC7,VT
03/12/2025 02:00:00,23.03,0.00,PMXC7,VT
03/12/2025 02:10:00,23.25,0.20,PMXC7,VT
03/12/2025 02:20:00,23.42,0.00,PMXC7,VT
03/12/2025 02:30:00,23.59,0.00,PMXC7,VT
03/12/2025 02:40:00,23.85,0.00,PMXC7,VT
03/12/2025 02:50:00,24.02,0.00,PMXC7,VT
03/12/2025 03:00:00,24.24,0.00,PMXC7,VT
03/12/2025 03:10:00,24.45,0.00,PMXC7,VT
03/12/2025 03:20:00,24.66,0.00,PMXC7,VT
03/12/2025 03:30:00,24.88,0.00,PMXC7,VT
03/12/2025 03:40:00,25.05,0.00,PMXC7,VT
03/12/2025 03:50:00,25.31,0.00,PMXC7,VT
03/12/2025 04:00:00,25.48,0.00,PMXC7,VT
03/12/2025 04:10:00,25.74,0.00,PMXC7,VT
03/12/2025 04:20:00,25.91,0.00,PMXC7,VT
03/12/2025 04:30:00,26.12,0.00,PMXC7,VT
03/12/2025 04:40:00,26.34,0.00,PMXC7,VT
03/12/2025 04:50:00,26.55,0.00,PMXC7,VT
03/12/2025 05:00:00,26.77,0.00,PMXC7,VT
03/12/2025 05:10:00,26.98,0.00,PMXC7,VT
03/12/2025 05:20:00,27.20,0.00,PMXC7,VT
03/12/2025 05:30:00,27.41,0.00,PMXC7,VT
03/12/2025 05:40:00,27.63,0.00,PMXC7,VT
03/12/2025 05:50:00,27.80,0.00,PMXC7,VT
03/12/2025 06:00:00,28.10,0.00,PMXC7,VT
03/12/2025 06:10:00,28.27,0.00,PMXC7,VT
03/12/2025 06:20:00,28.53,0.00,PMXC7,VT
03/12/2025 06:30:00,28.70,0.00,PMXC7,VT
03/12/2025 06:40:00,28.95,0.00,PMXC7,VT
03/12/2025 06:50:00,29.13,0.00,PMXC7,VT
03/12/2025 07:00:00,29.43,0.00,PMXC7,VT
03/12/2025 07:10:00,29.56,0.00,PMXC7,VT
03/12/2025 07:20:00,29.60,0.00,PMXC7,VT
03/12/2025 07:30:00,29.47,0.00,PMXC7,VT
03/12/2025 07:40:00,29.34,0.00,PMXC7,VT
03/12/2025 07:50:00,29.13,0.00,PMXC7,VT
03/12/2025 08:00:00,29.00,0.20,PMXC7,VT
03/12/2025 08:10:00,28.83,0.00,PMXC7,VT
03/12/2025 08:20:00,28.65,0.00,PMXC7,VT
03/12/2025 08:30:00,28.44,0.00,PMXC7,VT
03/12/2025 08:40:00,28.23,0.00,PMXC7,VT
03/12/2025 08:50:00,28.05,0.00,PMXC7,VT
03/12/2025 09:00:00,27.84,0.00,PMXC7,VT
03/12/2025 09:10:00,27.63,0.00,PMXC7,VT
03/12/2025 09:20:00,27.41,0.00,PMXC7,VT
03/12/2025 09:30:00,27.20,0.00,PMXC7,VT
03/12/2025 09:40:00,26.98,0.00,PMXC7,VT
03/12/2025 09:50:00,26.72,0.00,PMXC7,VT
03/12/2025 10:00:00,26.55,0.00,PMXC7,VT
03/12/2025 10:10:00,26.38,0.00,PMXC7,VT
03/12/2025 10:20:00,26.17,0.00,PMXC7,VT
03/12/2025 10:30:00,25.95,0.00,PMXC7,VT
03/12/2025 10:40:00,25.74,0.00,PMXC7,VT
03/12/2025 10:50:00,25.52,0.00,PMXC7,VT
03/12/2025 11:00:00,25.22,0.00,PMXC7,VT
03/12/2025 11:10:00,24.97,0.00,PMXC7,VT
03/12/2025 11:20:00,24.79,0.00,PMXC7,VT
03/12/2025 11:30:00,24.54,0.00,PMXC7,VT
03/12/2025 11:40:00,24.28,0.00,PMXC7,VT
03/12/2025 11:50:00,24.02,0.00,PMXC7,VT
03/12/2025 12:00:00,23.85,0.00,PMXC7,VT
03/12/2025 12:10:00,23.72,0.00,PMXC7,VT
03/12/2025 12:20:00,23.46,0.00,PMXC7,VT
03/12/2025 12:30:00,23.25,0.00,PMXC7,VT
03/12/2025 12:40:00,23.08,0.00,PMXC7,VT
03/12/2025 12:50:00,22.91,0.00,PMXC7,VT
03/12/2025 13:00:00,22.61,0.00,PMXC7,VT
03/12/2025 13:10:00,22.43,0.00,PMXC7,VT
03/12/2025 13:20:00,22.39,0.00,PMXC7,VT
03/12/2025 13:30:00,22.56,0.00,PMXC7,VT
03/12/2025 13:40:00,22.69,0.00,PMXC7,VT
03/12/2025 13:50:00,22.86,0.00,PMXC7,VT
03/12/2025 14:00:00,23.08,0.00,PMXC7,VT
03/12/2025 14:10:00,23.25,0.00,PMXC7,VT
03/12/2025 14:20:00,23.38,0.00,PMXC7,VT
03/12/2025 14:30:00,23.59,0.00,PMXC7,VT
03/12/2025 14:40:00,23.85,0.00,PMXC7,VT
03/12/2025 14:50:00,24.02,0.00,PMXC7,VT
03/12/2025 15:00:00,24.24,0.00,PMXC7,VT
03/12/2025 15:10:00,24.45,0.00,PMXC7,VT
03/12/2025 15:20:00,24.66,0.00,PMXC7,VT
03/12/2025 15:30:00,24.88,0.00,PMXC7,VT
03/12/2025 15:40:00,25.05,0.00,PMXC7,VT
03/12/2025 15:50:00,25.27,0.00,PMXC7,VT
03/12/2025 16:00:00,25.48,0.00,PMXC7,VT
03/12/2025 16:10:00,25.74,0.00,PMXC7,VT
03/12/2025 16:20:00,25.95,0.00,PMXC7,VT
03/12/2025 16:30:00,26.17,0.00,PMXC7,VT
03/12/2025 16:40:00,26.34,0.00,PMXC7,VT
03/12/2025 16:50:00,26.55,0.00,PMXC7,VT
03/12/2025 17:00:00,26.77,0.20,PMXC7,VT
03/12/2025 17:10:00,27.02,0.00,PMXC7,VT
03/12/2025 17:20:00,27.20,0.00,PMXC7,VT
03/12/2025 17:30:00,27.45,0.00,PMXC7,VT
03/12/2025 17:40:00,27.63,0.00,PMXC7,VT
03/12/2025 17:50:00,27.84,0.00,PMXC7,VT
03/12/2025 18:00:00,28.01,0.00,PMXC7,VT
03/12/2025 18:10:00,28.31,0.00,PMXC7,VT
03/12/2025 18:20:00,28.53,0.00,PMXC7,VT
03/12/2025 18:30:00,28.74,0.00,PMXC7,VT
03/12/2025 18:40:00,28.95,0.00,PMXC7,VT
03/12/2025 18:50:00,29.17,0.00,PMXC7,VT
03/12/2025 19:00:00,29.43,0.00,PMXC7,VT
03/12/2025 19:10:00,29.60,0.00,PMXC7,VT
03/12/2025 19:20:00,29.60,0.00,PMXC7,VT
03/12/2025 19:30:00,29.47,0.00,PMXC7,VT
03/12/2025 19:40:00,29.34,0.00,PMXC7,VT
03/12/2025 19:50:00,29.17,0.00,PMXC7,VT
03/12/2025 20:00:00,29.00,0.00,PMXC7,VT
03/12/2025 20:10:00,28.83,0.00,PMXC7,VT
03/12/2025 20:20:00,28.65,0.00,PMXC7,VT
03/12/2025 20:30:00,28.40,0.00,PMXC7,VT
03/12/2025 20:40:00,28.23,0.00,PMXC7,VT
03/12/2025 20:50:00,27.97,0.00,PMXC7,VT
03/12/2025 21:00:00,27.80,0.00,PMXC7,VT
03/12/2025 21:10:00,27.63,0.00,PMXC7,VT
03/12/2025 21:20:00,27.45,0.00,PMXC7,VT
03/12/2025 21:30:00,27.20,0.00,PMXC7,VT
03/12/2025 21:40:00,26.98,0.00,PMXC7,VT
03/12/2025 21:50:00,26.77,0.00,PMXC7,VT
03/12/2025 22:00:00,26.55,0.00,PMXC7,VT
03/12/2025 22:10:00,26.38,0.00,PMXC7,VT
03/12/2025 22:20:00,26.17,0.00,PMXC7,VT
03/12/2025 22:30:00,25.95,0.00,PMXC7,VT
03/12/2025 22:40:00,25.69,0.00,PMXC7,VT
03/12/2025 22:50:00,25.52,0.00,PMXC7,VT
03/12/2025 23:00:00,25.27,0.00,PMXC7,VT
03/12/2025 23:10:00,25.01,0.00,PMXC7,VT
03/12/2025 23:20:00,24.79,0.00,PMXC7,VT
03/12/2025 23:30:00,24.62,0.00,PMXC7,VT
03/12/2025 23:40:00,24.41,0.00,PMXC7,VT
03/12/2025 23:50:00,24.19,0.00,PMXC7,VT
03/13/2025 00:00:00,23.94,0.00,PMXC7,VT
03/13/2025 00:10:00,23.72,0.00,PMXC7,VT
03/13/2025 00:20:00,23.51,0.00,PMXC7,VT
03/13/2025 00:30:00,23.34,0.00,PMXC7,VT
03/13/2025 00:40:00,23.08,0.00,PMXC7,VT
03/13/2025 00:50:00,22.86,0.00,PMXC7,VT
03/13/2025 01:00:00,22.65,0.00,PMXC7,VT
03/13/2025 01:10:00,22.48,0.00,PMXC7,VT
03/13/2025 01:20:00,22.43,0.00,PMXC7,VT
03/13/2025 01:30:00,22.52,0.00,PMXC7,VT
03/13/2025 01:40:00,22.69,0.00,PMXC7,VT
03/13/2025 01:50:00,22.86,0.00,PMXC7,VT
03/13/2025 02:00:00,23.03,0.20,PMXC7,VT
03/13/2025 02:10:00,23.21,0.00,PMXC7,VT
03/13/2025 02:20:00,23.42,0.00,PMXC7,VT
03/13/2025 02:30:00,23.59,0.00,PMXC7,VT
03/13/2025 02:40:00,23.76,0.00,PMXC7,VT
03/13/2025 02:50:00,24.06,0.00,PMXC7,VT
03/13/2025 03:00:00,24.24,0.00,PMXC7,VT
03/13/2025 03:10:00,24.45,0.00,PMXC7,VT
03/13/2025 03:20:00,24.62,0.00,PMXC7,VT
03/13/2025 03:30:00,24.84,0.00,PMXC7,VT
03/13/2025 03:40:00,25.05,0.00,PMXC7,VT
03/13/2025 03:50:00,25.27,0.00,PMXC7,VT
03/13/2025 04:00:00,25.52,0.00,PMXC7,VT
03/13/2025 04:10:00,25.69,0.00,PMXC7,VT
03/13/2025 04:20:00,25.91,0.00,PMXC7,VT
03/13/2025 04:30:00,26.12,0.00,PMXC7,VT
03/13/2025 04:40:00,26.38,0.00,PMXC7,VT
03/13/2025 04:50:00,26.60,0.00,PMXC7,VT
03/13/2025 05:00:00,26.81,0.00,PMXC7,VT
03/13/2025 05:10:00,26.98,0.00,PMXC7,VT
03/13/2025 05:20:00,27.20,0.00,PMXC7,VT
03/13/2025 05:30:00,27.41,0.00,PMXC7,VT
03/13/2025 05:40:00,27.63,0.00,PMXC7,VT
03/13/2025 05:50:00,27.84,0.00,PMXC7,VT
03/13/2025 06:00:00,28.05,0.00,PMXC7,VT
03/13/2025 06:10:00,28.27,0.00,PMXC7,VT
03/13/2025 06:20:00,28.48,0.00,PMXC7,VT
03/13/2025 06:30:00,28.70,0.00,PMXC7,VT
03/13/2025 06:40:00,28.95,0.00,PMXC7,VT
03/13/2025 06:50:00,29.17,0.00,PMXC7,VT
03/13/2025 07:00:00,29.38,0.00,PMXC7,VT
03/13/2025 07:10:00,29.60,0.00,PMXC7,VT
03/13/2025 07:20:00,29.56,0.00,PMXC7,VT
03/13/2025 07:30:00,29.47,0.00,PMXC7,VT
03/13/2025 07:40:00,29.34,0.00,PMXC7,VT
03/13/2025 07:50:00,29.17,0.00,PMXC7,VT
03/13/2025 08:00:00,28.95,0.00,PMXC7,VT
03/13/2025 08:10:00,28.78,0.00,PMXC7,VT
03/13/2025 08:20:00,28.61,0.00,PMXC7,VT
03/13/2025 08:30:00,28.40,0.00,PMXC7,VT
03/13/2025 08:40:00,28.18,0.00,PMXC7,VT
03/13/2025 08:50:00,28.01,0.00,PMXC7,VT
03/13/2025 09:00:00,27.80,0.00,PMXC7,VT
03/13/2025 09:10:00,27.63,0.00,PMXC7,VT
03/13/2025 09:20:00,27.37,0.00,PMXC7,VT
03/13/2025 09:30:00,27.20,0.00,PMXC7,VT
03/13/2025 09:40:00,27.02,0.00,PMXC7,VT
03/13/2025 09:50:00,26.77,0.00,PMXC7,VT
03/13/2025 10:00:00,26.55,0.00,PMXC7,VT
03/13/2025 10:10:00,26.38,0.00,PMXC7,VT
03/13/2025 10:20:00,26.12,0.00,PMXC7,VT
03/13/2025 10:30:00,25.91,0.00,PMXC7,VT
03/13/2025 10:40:00,25.69,0.00,PMXC7,VT
03/13/2025 10:50:00,25.52,0.00,PMXC7,VT
03/13/2025 11:00:00,25.27,0.20,PMXC7,VT
03/13/2025 11:10:00,25.05,0.00,PMXC7,VT
03/13/2025 11:20:00,24.88,0.00,PMXC7,VT
03/13/2025 11:30:00,24.62,0.00,PMXC7,VT
03/13/2025 11:40:00,24.41,0.00,PMXC7,VT
03/13/2025 11:50:00,24.19,0.00,PMXC7,VT
03/13/2025 12:00:00,23.98,0.00,PMXC7,VT
03/13/2025 12:10:00,23.81,0.00,PMXC7,VT
03/13/2025 12:20:00,23.55,0.00,PMXC7,VT
03/13/2025 12:30:00,23.38,0.00,PMXC7,VT
03/13/2025 12:40:00,23.08,0.00,PMXC7,VT
03/13/2025 12:50:00,22.91,0.00,PMXC7,VT
03/13/2025 13:00:00,22.69,0.00,PMXC7,VT
03/13/2025 13:10:00,22.48,0.00,PMXC7,VT
03/13/2025 13:20:00,22.48,0.00,PMXC7,VT
03/13/2025 13:30:00,22.56,0.00,PMXC7,VT
03/13/2025 13:40:00,22.69,0.00,PMXC7,VT
03/13/2025 13:50:00,22.86,0.00,PMXC7,VT
03/13/2025 14:00:00,23.08,0.00,PMXC7,VT
03/13/2025 14:10:00,23.25,0.00,PMXC7,VT
03/13/2025 14:20:00,23.38,0.00,PMXC7,VT
03/13/2025 14:30:00,23.59,0.00,PMXC7,VT
03/13/2025 14:40:00,23.85,0.00,PMXC7,VT
03/13/2025 14:50:00,24.02,0.00,PMXC7,VT
03/13/2025 15:00:00,24.24,0.00,PMXC7,VT
03/13/2025 15:10:00,24.45,0.00,PMXC7,VT
03/13/2025 15:20:00,24.66,0.00,PMXC7,VT
03/13/2025 15:30:00,24.88,0.00,PMXC7,VT
03/13/2025 15:40:00,25.05,0.00,PMXC7,VT
03/13/2025 15:50:00,25.27,0.00,PMXC7,VT
03/13/2025 16:00:00,25.48,0.00,PMXC7,VT
03/13/2025 16:10:00,25.69,0.00,PMXC7,VT
03/13/2025 16:20:00,25.91,0.00,PMXC7,VT
03/13/2025 16:30:00,26.12,0.00,PMXC7,VT
03/13/2025 16:40:00,26.30,0.00,PMXC7,VT
03/13/2025 16:50:00,26.55,0.00,PMXC7,VT
03/13/2025 17:00:00,26.77,0.00,PMXC7,VT
03/13/2025 17:10:00,26.98,0.00,PMXC7,VT
03/13/2025 17:20:00,27.20,0.00,PMXC7,VT
03/13/2025 17:30:00,27.41,0.00,PMXC7,VT
03/13/2025 17:40:00,27.58,0.00,PMXC7,VT
03/13/2025 17:50:00,27.84,0.00,PMXC7,VT
03/13/2025 18:00:00,28.05,0.00,PMXC7,VT
03/13/2025 18:10:00,28.27,0.00,PMXC7,VT
03/13/2025 18:20:00,28.48,0.00,PMXC7,VT
03/13/2025 18:30:00,28.70,0.00,PMXC7,VT
03/13/2025 18:40:00,28.91,0.00,PMXC7,VT
03/13/2025 18:50:00,29.17,0.00,PMXC7,VT
03/13/2025 19:00:00,29.38,0.00,PMXC7,VT
03/13/2025 19:10:00,29.56,0.00,PMXC7,VT
03/13/2025 19:20:00,29.56,0.00,PMXC7,VT
03/13/2025 19:30:00,29.47,0.00,PMXC7,VT
03/13/2025 19:40:00,29.34,0.00,PMXC7,VT
03/13/2025 19:50:00,29.17,0.00,PMXC7,VT
03/13/2025 20:00:00,29.04,0.20,PMXC7,VT
03/13/2025 20:10:00,28.83,0.00,PMXC7,VT
03/13/2025 20:20:00,28.61,0.00,PMXC7,VT
03/13/2025 20:30:00,28.40,0.00,PMXC7,VT
03/13/2025 20:40:00,28.27,0.00,PMXC7,VT
03/13/2025 20:50:00,28.01,0.00,PMXC7,VT
03/13/2025 21:00:00,27.84,0.00,PMXC7,VT
03/13/2025 21:10:00,27.63,0.00,PMXC7,VT
03/13/2025 21:20:00,27.37,0.00,PMXC7,VT
03/13/2025 21:30:00,27.15,0.00,PMXC7,VT
03/13/2025 21:40:00,26.94,0.00,PMXC7,VT
03/13/2025 21:50:00,26.72,0.00,PMXC7,VT
03/13/2025 22:00:00,26.60,0.00,PMXC7,VT
03/13/2025 22:10:00,26.34,0.00,PMXC7,VT
03/13/2025 22:20:00,26.12,0.00,PMXC7,VT
03/13/2025 22:30:00,25.91,0.00,PMXC7,VT
03/13/2025 22:40:00,25.74,0.00,PMXC7,VT
03/13/2025 22:50:00,25.48,0.00,PMXC7,VT
03/13/2025 23:00:00,25.31,0.00,PMXC7,VT
03/13/2025 23:10:00,25.05,0.00,PMXC7,VT
03/13/2025 23:20:00,24.79,0.00,PMXC7,VT
03/13/2025 23:30:00,24.62,0.00,PMXC7,VT
03/13/2025 23:40:00,24.36,0.00,PMXC7,VT
03/13/2025 23:50:00,24.15,0.00,PMXC7,VT
03/14/2025 00:00:00,23.98,0.00,PMXC7,VT
03/14/2025 00:10:00,23.72,0.00,PMXC7,VT
03/14/2025 00:20:00,23.55,0.00,PMXC7,VT
03/14/2025 00:30:00,23.29,0.00,PMXC7,VT
03/14/2025 00:40:00,23.12,0.00,PMXC7,VT
03/14/2025 00:50:00,22.91,0.00,PMXC7,VT
03/14/2025 01:00:00,22.69,0.00,PMXC7,VT
03/14/2025 01:10:00,22.43,0.00,PMXC7,VT
03/14/2025 01:20:00,22.43,0.00,PMXC7,VT
03/14/2025 01:30:00,22.52,0.00,PMXC7,VT
03/14/2025 01:40:00,22.69,0.00,PMXC7,VT
03/14/2025 01:50:00,22.91,0.00,PMXC7,VT
03/14/2025 02:00:00,22.99,0.00,PMXC7,VT
03/14/2025 02:10:00,23.16,0.00,PMXC7,VT
03/14/2025 02:20:00,23.42,0.00,PMXC7,VT
03/14/2025 02:30:00,23.64,0.00,PMXC7,VT
03/14/2025 02:40:00,23.81,0.00,PMXC7,VT
03/14/2025 02:50:00,23.98,0.00,PMXC7,VT
03/14/2025 03:00:00,24.24,0.00,PMXC7,VT
03/14/2025 03:10:00,24.41,0.00,PMXC7,VT
03/14/2025 03:20:00,24.62,0.00,PMXC7,VT
03/14/2025 03:30:00,24.79,0.00,PMXC7,VT
03/14/2025 03:40:00,25.05,0.00,PMXC7,VT
03/14/2025 03:50:00,25.27,0.00,PMXC7,VT
03/14/2025 04:00:00,25.48,0.00,PMXC7,VT
03/14/2025 04:10:00,25.69,0.00,PMXC7,VT
03/14/2025 04:20:00,25.91,0.00,PMXC7,VT
03/14/2025 04:30:00,26.08,0.00,PMXC7,VT
03/14/2025 04:40:00,26.30,0.00,PMXC7,VT
03/14/2025 04:50:00,26.60,0.00,PMXC7,VT
03/14/2025 05:00:00,26.77,0.20,PMXC7,VT
03/14/2025 05:10:00,26.98,0.00,PMXC7,VT
03/14/2025 05:20:00,27.20,0.00,PMXC7,VT
03/14/2025 05:30:00,27.41,0.00,PMXC7,VT
03/14/2025 05:40:00,27.63,0.00,PMXC7,VT
03/14/2025 05:50:00,27.88,0.00,PMXC7,VT
03/14/2025 06:00:00,28.10,0.00,PMXC7,VT
03/14/2025 06:10:00,28.31,0.00,PMXC7,VT
03/14/2025 06:20:00,28.53,0.00,PMXC7,VT
03/14/2025 06:30:00,28.74,0.00,PMXC7,VT
03/14/2025 06:40:00,28.95,0.00,PMXC7,VT
03/14/2025 06:50:00,29.17,0.00,PMXC7,VT
03/14/2025 07:00:00,29.34,0.00,PMXC7,VT
03/14/2025 07:10:00,29.56,0.00,PMXC7,VT
03/14/2025 07:20:00,29.56,0.00,PMXC7,VT
03/14/2025 07:30:00,29.51,0.00,PMXC7,VT
03/14/2025 07:40:00,29.38,0.00,PMXC7,VT
03/14/2025 07:50:00,29.17,0.00,PMXC7,VT
03/14/2025 08:00:00,29.04,0.00,PMXC7,VT
03/14/2025 08:10:00,28.83,0.00,PMXC7,VT
03/14/2025 08:20:00,28.61,0.00,PMXC7,VT
03/14/2025 08:30:00,28.44,0.00,PMXC7,VT
03/14/2025 08:40:00,28.23,0.00,PMXC7,VT
03/14/2025 08:50:00,28.01,0.00,PMXC7,VT
03/14/2025 09:00:00,27.80,0.00,PMXC7,VT
03/14/2025 09:10:00,27.58,0.00,PMXC7,VT
03/14/2025 09:20:00,27.37,0.00,PMXC7,VT
03/14/2025 09:30:00,27.20,0.00,PMXC7,VT
03/14/2025 09:40:00,26.98,0.00,PMXC7,VT
03/14/2025 09:50:00,26.77,0.00,PMXC7,VT
03/14/2025 10:00:00,26.55,0.00,PMXC7,VT
03/14/2025 10:10:00,26.34,0.00,PMXC7,VT
03/14/2025 10:20:00,26.17,0.00,PMXC7,VT
03/14/2025 10:30:00,25.91,0.00,PMXC7,VT
03/14/2025 10:40:00,25.69,0.00,PMXC7,VT
03/14/2025 10:50:00,25.48,0.20,PMXC7,VT
03/14/2025 11:00:00,25.27,0.00,PMXC7,VT
03/14/2025 11:10:00,25.05,0.00,PMXC7,VT
03/14/2025 11:20:00,24.84,0.00,PMXC7,VT
03/14/2025 11:30:00,24.62,0.00,PMXC7,VT
03/14/2025 11:40:00,24.41,0.00,PMXC7,VT
03/14/2025 11:50:00,24.19,0.00,PMXC7,VT
03/14/2025 12:00:00,23.98,0.00,PMXC7,VT
03/14/2025 12:10:00,23.72,0.00,PMXC7,VT
03/14/2025 12:20:00,23.59,0.00,PMXC7,VT
03/14/2025 12:30:00,23.34,0.00,PMXC7,VT
03/14/2025 12:40:00,23.12,0.00,PMXC7,VT
03/14/2025 12:50:00,22.86,0.00,PMXC7,VT
03/14/2025 13:00:00,22.65,0.00,PMXC7,VT
03/14/2025 13:10:00,22.48,0.00,PMXC7,VT
03/14/2025 13:20:00,22.48,0.00,PMXC7,VT
03/14/2025 13:30:00,22.56,0.00,PMXC7,VT
03/14/2025 13:40:00,22.73,0.00,PMXC7,VT
03/14/2025 13:50:00,22.86,0.00,PMXC7,VT
03/14/2025 14:00:00,23.12,0.20,PMXC7,VT
03/14/2025 14:10:00,23.25,0.00,PMXC7,VT
03/14/2025 14:20:00,23.42,0.00,PMXC7,VT
03/14/2025 14:30:00,23.59,0.00,PMXC7,VT
03/14/2025 14:40:00,23.81,0.00,PMXC7,VT
03/14/2025 14:50:00,24.02,0.00,PMXC7,VT
03/14/2025 15:00:00,24.28,0.00,PMXC7,VT
03/14/2025 15:10:00,24.45,0.00,PMXC7,VT
03/14/2025 15:20:00,24.71,0.00,PMXC7,VT
03/14/2025 15:30:00,24.88,0.00,PMXC7,VT
03/14/2025 15:40:00,25.09,0.00,PMXC7,VT
03/14/2025 15:50:00,25.27,0.00,PMXC7,VT
03/14/2025 16:00:00,25.52,0.00,PMXC7,VT
03/14/2025 16:10:00,25.74,0.00,PMXC7,VT
03/14/2025 16:20:00,25.95,0.00,PMXC7,VT
03/14/2025 16:30:00,26.17,0.00,PMXC7,VT
03/14/2025 16:40:00,26.38,0.00,PMXC7,VT
03/14/2025 16:50:00,26.55,0.00,PMXC7,VT
03/14/2025 17:00:00,26.81,0.00,PMXC7,VT
03/14/2025 17:10:00,26.94,0.00,PMXC7,VT
03/14/2025 17:20:00,27.20,0.00,PMXC7,VT
03/14/2025 17:30:00,27.45,0.00,PMXC7,VT
03/14/2025 17:40:00,27.67,0.00,PMXC7,VT
03/14/2025 17:50:00,27.84,0.00,PMXC7,VT
03/14/2025 18:00:00,28.10,0.00,PMXC7,VT
03/14/2025 18:10:00,28.27,0.00,PMXC7,VT
03/14/2025 18:20:00,28.53,0.00,PMXC7,VT
03/14/2025 18:30:00,28.74,0.00,PMXC7,VT
03/14/2025 18:40:00,28.91,0.00,PMXC7,VT
03/14/2025 18:50:00,29.17,0.00,PMXC7,VT
03/14/2025 19:00:00,29.38,0.00,PMXC7,VT
03/14/2025 19:10:00,29.60,0.00,PMXC7,VT
03/14/2025 19:20:00,29.56,0.00,PMXC7,VT
03/14/2025 19:30:00,29.51,0.00,PMXC7,VT
03/14/2025 19:40:00,29.34,0.00,PMXC7,VT
03/14/2025 19:50:00,29.17,0.20,PMXC7,VT
03/14/2025 20:00:00,29.00,0.00,PMXC7,VT
03/14/2025 20:10:00,28.83,0.00,PMXC7,VT
03/14/2025 20:20:00,28.61,0.00,PMXC7,VT
03/14/2025 20:30:00,28.44,0.00,PMXC7,VT
03/14/2025 20:40:00,28.23,0.00,PMXC7,VT
03/14/2025 20:50:00,28.05,0.00,PMXC7,VT
03/14/2025 21:00:00,27.84,0.00,PMXC7,VT
03/14/2025 21:10:00,27.63,0.00,PMXC7,VT
03/14/2025 21:20:00,27.41,0.00,PMXC7,VT
03/14/2025 21:30:00,27.20,0.00,PMXC7,VT
03/14/2025 21:40:00,27.02,0.00,PMXC7,VT
03/14/2025 21:50:00,26.81,0.00,PMXC7,VT
03/14/2025 22:00:00,26.55,0.00,PMXC7,VT
03/14/2025 22:10:00,26.34,0.00,PMXC7,VT
03/14/2025 22:20:00,26.12,0.00,PMXC7,VT
03/14/2025 22:30:00,25.91,0.00,PMXC7,VT
03/14/2025 22:40:00,25.74,0.00,PMXC7,VT
03/14/2025 22:50:00,25.48,0.00,PMXC7,VT
03/14/2025 23:00:00,25.27,0.20,PMXC7,VT
03/14/2025 23:10:00,25.09,0.00,PMXC7,VT
03/14/2025 23:20:00,24.84,0.00,PMXC7,VT
03/14/2025 23:30:00,24.62,0.00,PMXC7,VT
03/14/2025 23:40:00,24.41,0.00,PMXC7,VT
03/14/2025 23:50:00,24.19,0.00,PMXC7,VT
03/15/2025 00:00:00,24.02,0.00,PMXC7,VT
03/15/2025 00:10:00,23.76,0.00,PMXC7,VT
03/15/2025 00:20:00,23.51,0.00,PMXC7,VT
03/15/2025 00:30:00,23.29,0.00,PMXC7,VT
03/15/2025 00:40:00,23.08,0.00,PMXC7,VT
03/15/2025 00:50:00,22.86,0.00,PMXC7,VT
03/15/2025 01:00:00,22.65,0.00,PMXC7,VT
03/15/2025 01:10:00,22.39,0.00,PMXC7,VT
03/15/2025 01:20:00,22.48,0.00,PMXC7,VT
03/15/2025 01:30:00,22.52,0.00,PMXC7,VT
03/15/2025 01:40:00,22.69,0.00,PMXC7,VT
03/15/2025 01:50:00,22.82,0.00,PMXC7,VT
03/15/2025 02:00:00,22.99,0.00,PMXC7,VT
03/15/2025 02:10:00,23.21,0.00,PMXC7,VT
03/15/2025 02:20:00,23.42,0.00,PMXC7,VT
03/15/2025 02:30:00,23.64,0.00,PMXC7,VT
03/15/2025 02:40:00,23.85,0.00,PMXC7,VT
03/15/2025 02:50:00,24.02,0.00,PMXC7,VT
03/15/2025 03:00:00,24.19,0.00,PMXC7,VT
03/15/2025 03:10:00,24.41,0.00,PMXC7,VT
03/15/2025 03:20:00,24.62,0.00,PMXC7,VT
03/15/2025 03:30:00,24.79,0.00,PMXC7,VT
03/15/2025 03:40:00,25.09,0.00,PMXC7,VT
03/15/2025 03:50:00,25.22,0.00,PMXC7,VT
03/15/2025 04:00:00,25.44,0.00,PMXC7,VT
03/15/2025 04:10:00,25.69,0.00,PMXC7,VT
03/15/2025 04:20:00,25.91,0.00,PMXC7,VT
03/15/2025 04:30:00,26.12,0.00,PMXC7,VT
03/15/2025 04:40:00,26.30,0.00,PMXC7,VT
03/15/2025 04:50:00,26.55,0.20,PMXC7,VT
03/15/2025 05:00:00,26.81,0.00,PMXC7,VT
03/15/2025 05:10:00,26.98,0.00,PMXC7,VT
03/15/2025 05:20:00,27.20,0.00,PMXC7,VT
03/15/2025 05:30:00,27.41,0.00,PMXC7,VT
03/15/2025 05:40:00,27.63,0.00,PMXC7,VT
03/15/2025 05:50:00,27.84,0.00,PMXC7,VT
03/15/2025 06:00:00,28.10,0.00,PMXC7,VT
03/15/2025 06:10:00,28.27,0.00,PMXC7,VT
03/15/2025 06:20:00,28.44,0.00,PMXC7,VT
03/15/2025 06:30:00,28.74,0.00,PMXC7,VT
03/15/2025 06:40:00,28.95,0.00,PMXC7,VT
03/15/2025 06:50:00,29.17,0.00,PMXC7,VT
03/15/2025 07:00:00,29.38,0.00,PMXC7,VT
03/15/2025 07:10:00,29.56,0.00,PMXC7,VT
03/15/2025 07:20:00,29.56,0.00,PMXC7,VT
03/15/2025 07:30:00,29.47,0.00,PMXC7,VT
03/15/2025 07:40:00,29.34,0.00,PMXC7,VT
03/15/2025 07:50:00,29.17,0.00,PMXC7,VT
03/15/2025 08:00:00,28.95,0.00,PMXC7,VT
03/15/2025 08:10:00,28.83,0.00,PMXC7,VT
03/15/2025 08:20:00,28.61,0.00,PMXC7,VT
03/15/2025 08:30:00,28.44,0.00,PMXC7,VT
03/15/2025 08:40:00,28.18,0.00,PMXC7,VT
03/15/2025 08:50:00,28.05,0.00,PMXC7,VT
03/15/2025 09:00:00,27.80,0.00,PMXC7,VT
03/15/2025 09:10:00,27.58,0.00,PMXC7,VT
03/15/2025 09:20:00,27.37,0.00,PMXC7,VT
03/15/2025 09:30:00,27.20,0.00,PMXC7,VT
03/15/2025 09:40:00,26.94,0.00,PMXC7,VT
03/15/2025 09:50:00,26.77,0.00,PMXC7,VT
03/15/2025 10:00:00,26.55,0.00,PMXC7,VT
03/15/2025 10:10:00,26.38,0.00,PMXC7,VT
03/15/2025 10:20:00,26.17,0.00,PMXC7,VT
03/15/2025 10:30:00,25.91,0.00,PMXC7,VT
03/15/2025 10:40:00,25.69,0.00,PMXC7,VT
03/15/2025 10:50:00,25.48,0.00,PMXC7,VT
03/15/2025 11:00:00,25.27,0.00,PMXC7,VT
03/15/2025 11:10:00,24.97,0.00,PMXC7,VT
03/15/2025 11:20:00,24.75,0.00,PMXC7,VT
03/15/2025 11:30:00,24.54,0.00,PMXC7,VT
03/15/2025 11:40:00,24.32,0.00,PMXC7,VT
03/15/2025 11:50:00,24.11,45.26,PMXC7,VT
03/15/2025 12:00:00,23.85,0.00,PMXC7,VT
03/15/2025 12:10:00,23.68,0.00,PMXC7,VT
03/15/2025 12:20:00,23.51,0.00,PMXC7,VT
03/15/2025 12:30:00,23.25,0.00,PMXC7,VT
03/15/2025 12:40:00,23.03,0.00,PMXC7,VT
03/15/2025 12:50:00,22.82,0.00,PMXC7,VT
03/15/2025 13:00:00,22.65,0.00,PMXC7,VT
03/15/2025 13:10:00,22.43,0.00,PMXC7,VT
03/15/2025 13:20:00,22.39,0.00,PMXC7,VT
03/15/2025 13:30:00,22.52,0.00,PMXC7,VT
03/15/2025 13:40:00,22.69,0.00,PMXC7,VT
03/15/2025 13:50:00,22.86,0.20,PMXC7,VT
03/15/2025 14:00:00,23.08,0.00,PMXC7,VT
03/15/2025 14:10:00,23.25,0.00,PMXC7,VT
03/15/2025 14:20:00,23.38,0.00,PMXC7,VT
03/15/2025 14:30:00,23.64,0.00,PMXC7,VT
03/15/2025 14:40:00,23.89,0.00,PMXC7,VT
03/15/2025 14:50:00,24.06,0.00,PMXC7,VT
03/15/2025 15:00:00,24.24,0.00,PMXC7,VT
03/15/2025 15:10:00,24.45,0.00,PMXC7,VT
03/15/2025 15:20:00,24.66,0.00,PMXC7,VT
03/15/2025 15:30:00,24.88,0.00,PMXC7,VT
03/15/2025 15:40:00,25.09,0.00,PMXC7,VT
03/15/2025 15:50:00,25.27,0.00,PMXC7,VT
03/15/2025 16:00:00,25.48,0.00,PMXC7,VT
03/15/2025 16:10:00,25.69,0.00,PMXC7,VT
03/15/2025 16:20:00,25.91,0.00,PMXC7,VT
03/15/2025 16:30:00,26.12,0.00,PMXC7,VT
03/15/2025 16:40:00,26.38,0.00,PMXC7,VT
03/15/2025 16:50:00,26.55,0.00,PMXC7,VT
03/15/2025 17:00:00,26.81,0.00,PMXC7,VT
03/15/2025 17:10:00,26.98,0.00,PMXC7,VT
03/15/2025 17:20:00,27.20,0.00,PMXC7,VT
03/15/2025 17:30:00,27.45,0.00,PMXC7,VT
03/15/2025 17:40:00,27.63,0.00,PMXC7,VT
03/15/2025 17:50:00,27.84,0.00,PMXC7,VT
03/15/2025 18:00:00,28.10,0.00,PMXC7,VT
03/15/2025 18:10:00,28.31,0.00,PMXC7,VT
03/15/2025 18:20:00,28.53,0.00,PMXC7,VT
03/15/2025 18:30:00,28.70,0.00,PMXC7,VT
03/15/2025 18:40:00,28.95,0.00,PMXC7,VT
03/15/2025 18:50:00,29.17,0.00,PMXC7,VT
03/15/2025 19:00:00,29.34,0.00,PMXC7,VT
03/15/2025 19:10:00,29.60,0.00,PMXC7,VT
03/15/2025 19:20:00,29.60,0.00,PMXC7,VT
03/15/2025 19:30:00,29.43,0.00,PMXC7,VT
03/15/2025 19:40:00,29.34,0.00,PMXC7,VT
03/15/2025 19:50:00,29.17,0.00,PMXC7,VT
03/15/2025 20:00:00,29.00,0.00,PMXC7,VT
03/15/2025 20:10:00,28.78,0.00,PMXC7,VT
03/15/2025 20:20:00,28.61,0.00,PMXC7,VT
03/15/2025 20:30:00,28.40,0.00,PMXC7,VT
03/15/2025 20:40:00,28.23,0.00,PMXC7,VT
03/15/2025 20:50:00,28.01,0.00,PMXC7,VT
03/15/2025 21:00:00,27.80,0.00,PMXC7,VT
03/15/2025 21:10:00,27.63,0.00,PMXC7,VT
03/15/2025 21:20:00,27.37,0.00,PMXC7,VT
03/15/2025 21:30:00,27.20,0.00,PMXC7,VT
03/15/2025 21:40:00,26.94,0.00,PMXC7,VT
03/15/2025 21:50:00,26.72,0.00,PMXC7,VT
03/15/2025 22:00:00,26.55,0.00,PMXC7,VT
03/15/2025 22:10:00,26.34,0.00,PMXC7,VT
03/15/2025 22:20:00,26.12,0.00,PMXC7,VT
03/15/2025 22:30:00,25.95,0.00,PMXC7,VT
03/15/2025 22:40:00,25.69,0.00,PMXC7,VT
03/15/2025 22:50:00,25.44,0.20,PMXC7,VT
03/15/2025 23:00:00,25.22,0.00,PMXC7,VT
03/15/2025 23:10:00,25.05,0.00,PMXC7,VT
03/15/2025 23:20:00,24.79,0.00,PMXC7,VT
03/15/2025 23:30:00,24.62,0.00,PMXC7,VT
03/15/2025 23:40:00,24.41,0.00,PMXC7,VT
03/15/2025 23:50:00,24.15,0.00,PMXC7,VT
03/16/2025 00:00:00,23.94,0.00,PMXC7,VT
03/16/2025 00:10:00,23.76,0.00,PMXC7,VT
03/16/2025 00:20:00,23.55,0.00,PMXC7,VT
03/16/2025 00:30:00,23.29,0.00,PMXC7,VT
03/16/2025 00:40:00,23.12,0.00,PMXC7,VT
03/16/2025 00:50:00,22.86,0.00,PMXC7,VT
03/16/2025 01:00:00,22.65,0.00,PMXC7,VT
03/16/2025 01:10:00,22.43,0.00,PMXC7,VT
03/16/2025 01:20:00,22.43,0.00,PMXC7,VT
03/16/2025 01:30:00,22.56,0.00,PMXC7,VT
03/16/2025 01:40:00,22.69,0.00,PMXC7,VT
03/16/2025 01:50:00,22.86,0.00,PMXC7,VT
03/16/2025 02:00:00,23.03,0.00,PMXC7,VT
03/16/2025 02:10:00,23.21,0.00,PMXC7,VT
03/16/2025 02:20:00,23.42,0.00,PMXC7,VT
03/16/2025 02:30:00,23.59,0.00,PMXC7,VT
03/16/2025 02:40:00,23.81,0.00,PMXC7,VT
03/16/2025 02:50:00,24.02,0.00,PMXC7,VT
03/16/2025 03:00:00,24.19,0.00,PMXC7,VT
03/16/2025 03:10:00,24.41,0.00,PMXC7,VT
03/16/2025 03:20:00,24.62,0.00,PMXC7,VT
03/16/2025 03:30:00,24.84,0.00,PMXC7,VT
03/16/2025 03:40:00,25.05,0.00,PMXC7,VT
03/16/2025 03:50:00,25.27,0.00,PMXC7,VT
03/16/2025 04:00:00,25.48,0.00,PMXC7,VT
03/16/2025 04:10:00,25.65,0.00,PMXC7,VT
03/16/2025 04:20:00,25.87,0.00,PMXC7,VT
03/16/2025 04:30:00,26.12,0.00,PMXC7,VT
03/16/2025 04:40:00,26.34,0.00,PMXC7,VT
03/16/2025 04:50:00,26.55,0.00,PMXC7,VT
03/16/2025 05:00:00,26.77,0.00,PMXC7,VT
03/16/2025 05:10:00,26.98,0.00,PMXC7,VT
03/16/2025 05:20:00,27.15,0.00,PMXC7,VT
03/16/2025 05:30:00,27.37,0.00,PMXC7,VT
03/16/2025 05:40:00,27.63,0.00,PMXC7,VT
03/16/2025 05:50:00,27.84,0.00,PMXC7,VT
03/16/2025 06:00:00,28.10,0.00,PMXC7,VT
03/16/2025 06:10:00,28.27,0.00,PMXC7,VT
03/16/2025 06:20:00,28.48,0.00,PMXC7,VT
03/16/2025 06:30:00,28.78,0.00,PMXC7,VT
03/16/2025 06:40:00,28.91,0.00,PMXC7,VT
03/16/2025 06:50:00,29.17,0.00,PMXC7,VT
03/16/2025 07:00:00,29.38,0.00,PMXC7,VT
03/16/2025 07:10:00,29.56,0.00,PMXC7,VT
03/16/2025 07:20:00,29.56,0.00,PMXC7,VT
03/16/2025 07:30:00,29.47,0.00,PMXC7,VT
03/16/2025 07:40:00,29.34,0.00,PMXC7,VT
03/16/2025 07:50:00,29.13,0.00,PMXC7,VT
03/16/2025 08:00:00,29.00,0.00,PMXC7,VT
03/16/2025 08:10:00,28.83,0.00,PMXC7,VT
03/16/2025 08:20:00,28.65,0.00,PMXC7,VT
03/16/2025 08:30:00,28.40,0.00,PMXC7,VT
03/16/2025 08:40:00,28.23,0.00,PMXC7,VT
03/16/2025 08:50:00,28.01,0.00,PMXC7,VT
03/16/2025 09:00:00,27.80,0.00,PMXC7,VT
03/16/2025 09:10:00,27.58,0.00,PMXC7,VT
03/16/2025 09:20:00,27.41,0.00,PMXC7,VT
03/16/2025 09:30:00,27.15,0.00,PMXC7,VT
03/16/2025 09:40:00,26.94,0.00,PMXC7,VT
03/16/2025 09:50:00,26.77,0.00,PMXC7,VT
03/16/2025 10:00:00,26.60,0.00,PMXC7,VT
03/16/2025 10:10:00,26.34,0.00,PMXC7,VT
03/16/2025 10:20:00,26.17,0.00,PMXC7,VT
03/16/2025 10:30:00,25.99,0.00,PMXC7,VT
03/16/2025 10:40:00,25.74,0.00,PMXC7,VT
03/16/2025 10:50:00,25.48,0.00,PMXC7,VT
03/16/2025 11:00:00,25.27,0.00,PMXC7,VT
03/16/2025 11:10:00,25.09,0.00,PMXC7,VT
03/16/2025 11:20:00,24.88,0.00,PMXC7,VT
03/16/2025 11:30:00,24.62,0.00,PMXC7,VT
03/16/2025 11:40:00,24.45,0.00,PMXC7,VT
03/16/2025 11:50:00,24.15,0.00,PMXC7,VT
03/16/2025 12:00:00,23.98,0.00,PMXC7,VT
03/16/2025 12:10:00,23.72,0.00,PMXC7,VT
03/16/2025 12:20:00,23.55,0.00,PMXC7,VT
03/16/2025 12:30:00,23.34,0.00,PMXC7,VT
03/16/2025 12:40:00,23.12,0.00,PMXC7,VT
03/16/2025 12:50:00,22.91,0.00,PMXC7,VT
03/16/2025 13:00:00,22.69,0.00,PMXC7,VT
03/16/2025 13:10:00,22.48,0.00,PMXC7,VT
03/16/2025 13:20:00,22.48,0.00,PMXC7,VT
03/16/2025 13:30:00,22.61,0.00,PMXC7,VT
03/16/2025 13:40:00,22.73,0.00,PMXC7,VT
03/16/2025 13:50:00,22.91,0.00,PMXC7,VT
03/16/2025 14:00:00,23.12,0.00,PMXC7,VT
03/16/2025 14:10:00,23.25,0.00,PMXC7,VT
03/16/2025 14:20:00,23.42,0.00,PMXC7,VT
03/16/2025 14:30:00,23.59,0.00,PMXC7,VT
03/16/2025 14:40:00,23.85,0.00,PMXC7,VT
03/16/2025 14:50:00,24.02,0.00,PMXC7,VT
03/16/2025 15:00:00,24.28,0.00,PMXC7,VT
03/16/2025 15:10:00,24.45,0.00,PMXC7,VT
03/16/2025 15:20:00,24.66,0.00,PMXC7,VT
03/16/2025 15:30:00,24.92,0.00,PMXC7,VT
03/16/2025 15:40:00,25.14,0.00,PMXC7,VT
03/16/2025 15:50:00,25.31,0.00,PMXC7,VT
03/16/2025 16:00:00,25.52,0.00,PMXC7,VT
03/16/2025 16:10:00,25.74,0.00,PMXC7,VT
03/16/2025 16:20:00,25.91,0.00,PMXC7,VT
03/16/2025 16:30:00,26.17,0.00,PMXC7,VT
03/16/2025 16:40:00,26.34,0.00,PMXC7,VT
03/16/2025 16:50:00,26.55,0.20,PMXC7,VT
03/16/2025 17:00:00,26.77,0.00,PMXC7,VT
03/16/2025 17:10:00,27.02,0.00,PMXC7,VT
03/16/2025 17:20:00,27.24,0.00,PMXC7,VT
03/16/2025 17:30:00,27.45,0.00,PMXC7,VT
03/16/2025 17:40:00,27.67,0.00,PMXC7,VT
03/16/2025 17:50:00,27.88,0.00,PMXC7,VT
03/16/2025 18:00:00,28.10,0.00,PMXC7,VT
03/16/2025 18:10:00,28.27,0.00,PMXC7,VT
03/16/2025 18:20:00,28.48,0.00,PMXC7,VT
03/16/2025 18:30:00,28.74,0.00,PMXC7,VT
03/16/2025 18:40:00,28.95,0.00,PMXC7,VT
03/16/2025 18:50:00,29.17,0.00,PMXC7,VT
03/16/2025 19:00:00,29.38,0.00,PMXC7,VT
03/16/2025 19:10:00,29.56,0.00,PMXC7,VT
03/16/2025 19:20:00,29.60,0.00,PMXC7,VT
03/16/2025 19:30:00,29.47,0.00,PMXC7,VT
03/16/2025 19:40:00,29.34,0.00,PMXC7,VT
03/16/2025 19:50:00,29.17,0.00,PMXC7,VT
03/16/2025 20:00:00,29.00,0.00,PMXC7,VT
03/16/2025 20:10:00,28.83,0.00,PMXC7,VT
03/16/2025 20:20:00,28.65,0.00,PMXC7,VT
03/16/2025 20:30:00,28.44,0.00,PMXC7,VT
03/16/2025 20:40:00,28.23,0.00,PMXC7,VT
03/16/2025 20:50:00,28.05,0.00,PMXC7,VT
03/16/2025 21:00:00,27.80,0.00,PMXC7,VT
03/16/2025 21:10:00,27.63,0.00,PMXC7,VT
03/16/2025 21:20:00,27.37,0.00,PMXC7,VT
03/16/2025 21:30:00,27.20,0.00,PMXC7,VT
03/16/2025 21:40:00,26.98,0.00,PMXC7,VT
03/16/2025 21:50:00,26.77,0.00,PMXC7,VT
03/16/2025 22:00:00,26.51,0.00,PMXC7,VT
03/16/2025 22:10:00,26.34,0.00,PMXC7,VT
03/16/2025 22:20:00,26.12,0.00,PMXC7,VT
03/16/2025 22:30:00,25.91,0.00,PMXC7,VT
03/16/2025 22:40:00,25.74,0.20,PMXC7,VT
03/16/2025 22:50:00,25.48,0.00,PMXC7,VT
03/16/2025 23:00:00,25.27,0.00,PMXC7,VT
03/16/2025 23:10:00,25.01,0.00,PMXC7,VT
03/16/2025 23:20:00,24.79,0.00,PMXC7,VT
03/16/2025 23:30:00,24.62,0.00,PMXC7,VT
03/16/2025 23:40:00,24.41,0.00,PMXC7,VT
03/16/2025 23:50:00,24.24,0.00,PMXC7,VT
03/17/2025 00:00:00,23.98,0.00,PMXC7,VT
03/17/2025 00:10:00,23.72,0.00,PMXC7,VT
03/17/2025 00:20:00,23.55,0.00,PMXC7,VT
03/17/2025 00:30:00,23.29,0.00,PMXC7,VT
03/17/2025 00:40:00,23.12,0.00,PMXC7,VT
03/17/2025 00:50:00,22.86,0.00,PMXC7,VT
03/17/2025 01:00:00,22.65,0.00,PMXC7,VT
03/17/2025 01:10:00,22.43,0.00,PMXC7,VT
03/17/2025 01:20:00,22.48,0.00,PMXC7,VT
03/17/2025 01:30:00,22.52,0.00,PMXC7,VT
03/17/2025 01:40:00,22.65,0.00,PMXC7,VT
03/17/2025 01:50:00,22.82,0.20,PMXC7,VT
03/17/2025 02:00:00,23.03,0.00,PMXC7,VT
03/17/2025 02:10:00,23.21,0.00,PMXC7,VT
03/17/2025 02:20:00,23.46,0.00,PMXC7,VT
03/17/2025 02:30:00,23.59,0.00,PMXC7,VT
03/17/2025 02:40:00,23.81,0.00,PMXC7,VT
03/17/2025 02:50:00,24.02,0.00,PMXC7,VT
03/17/2025 03:00:00,24.28,0.00,PMXC7,VT
03/17/2025 03:10:00,24.45,0.00,PMXC7,VT
03/17/2025 03:20:00,24.62,0.00,PMXC7,VT
03/17/2025 03:30:00,24.79,0.00,PMXC7,VT
03/17/2025 03:40:00,25.01,0.00,PMXC7,VT
03/17/2025 03:50:00,25.22,0.00,PMXC7,VT
03/17/2025 04:00:00,25.44,0.00,PMXC7,VT
03/17/2025 04:10:00,25.65,0.00,PMXC7,VT
03/17/2025 04:20:00,25.95,0.00,PMXC7,VT
03/17/2025 04:30:00,26.12,0.00,PMXC7,VT
03/17/2025 04:40:00,26.34,0.00,PMXC7,VT
03/17/2025 04:50:00,26.55,0.00,PMXC7,VT
03/17/2025 05:00:00,26.72,0.00,PMXC7,VT
03/17/2025 05:10:00,26.98,0.00,PMXC7,VT
03/17/2025 05:20:00,27.20,0.00,PMXC7,VT
03/17/2025 05:30:00,27.37,0.00,PMXC7,VT
03/17/2025 05:40:00,27.67,0.00,PMXC7,VT
03/17/2025 05:50:00,27.84,0.00,PMXC7,VT
03/17/2025 06:00:00,28.10,0.00,PMXC7,VT
03/17/2025 06:10:00,28.27,0.00,PMXC7,VT
03/17/2025 06:20:00,28.48,0.00,PMXC7,VT
03/17/2025 06:30:00,28.70,0.00,PMXC7,VT
03/17/2025 06:40:00,28.95,0.00,PMXC7,VT
03/17/2025 06:50:00,29.17,0.00,PMXC7,VT
03/17/2025 07:00:00,29.38,0.00,PMXC7,VT
03/17/2025 07:10:00,29.60,0.00,PMXC7,VT
03/17/2025 07:20:00,29.56,0.00,PMXC7,VT
03/17/2025 07:30:00,29.43,0.00,PMXC7,VT
03/17/2025 07:40:00,29.30,0.00,PMXC7,VT
03/17/2025 07:50:00,29.13,0.00,PMXC7,VT
03/17/2025 08:00:00,29.00,0.00,PMXC7,VT
03/17/2025 08:10:00,28.83,0.00,PMXC7,VT
03/17/2025 08:20:00,28.65,0.00,PMXC7,VT
03/17/2025 08:30:00,28.44,0.00,PMXC7,VT
03/17/2025 08:40:00,28.23,0.00,PMXC7,VT
03/17/2025 08:50:00,28.05,0.00,PMXC7,VT
03/17/2025 09:00:00,27.75,0.00,PMXC7,VT
03/17/2025 09:10:00,27.63,0.00,PMXC7,VT
03/17/2025 09:20:00,27.41,0.00,PMXC7,VT
03/17/2025 09:30:00,27.24,0.00,PMXC7,VT
03/17/2025 09:40:00,26.94,0.00,PMXC7,VT
03/17/2025 09:50:00,26.77,0.00,PMXC7,VT
03/17/2025 10:00:00,26.51,0.00,PMXC7,VT
03/17/2025 10:10:00,26.38,0.00,PMXC7,VT
03/17/2025 10:20:00,26.17,0.00,PMXC7,VT
03/17/2025 10:30:00,25.95,0.00,PMXC7,VT
03/17/2025 10:40:00,25.78,0.00,PMXC7,VT
03/17/2025 10:50:00,25.48,0.20,PMXC7,VT
03/17/2025 11:00:00,25.27,0.00,PMXC7,VT
03/17/2025 11:10:00,25.05,0.00,PMXC7,VT
03/17/2025 11:20:00,24.84,0.00,PMXC7,VT
03/17/2025 11:30:00,24.62,0.00,PMXC7,VT
03/17/2025 11:40:00,24.41,0.00,PMXC7,VT
03/17/2025 11:50:00,24.24,0.00,PMXC7,VT
03/17/2025 12:00:00,23.98,0.00,PMXC7,VT
03/17/2025 12:10:00,23.76,0.00,PMXC7,VT
03/17/2025 12:20:00,23.59,0.00,PMXC7,VT
03/17/2025 12:30:00,23.34,0.00,PMXC7,VT
03/17/2025 12:40:00,23.12,0.00,PMXC7,VT
03/17/2025 12:50:00,22.86,0.00,PMXC7,VT
03/17/2025 13:00:00,22.69,0.00,PMXC7,VT
03/17/2025 13:10:00,22.48,0.00,PMXC7,VT
03/17/2025 13:20:00,22.48,0.00,PMXC7,VT
03/17/2025 13:30:00,22.61,0.00,PMXC7,VT
03/17/2025 13:40:00,22.73,0.00,PMXC7,VT
03/17/2025 13:50:00,22.86,0.00,PMXC7,VT
03/17/2025 14:00:00,23.08,0.00,PMXC7,VT
03/17/2025 14:10:00,23.25,0.00,PMXC7,VT
03/17/2025 14:20:00,23.42,0.00,PMXC7,VT
03/17/2025 14:30:00,23.59,0.00,PMXC7,VT
03/17/2025 14:40:00,23.81,0.00,PMXC7,VT
03/17/2025 14:50:00,24.06,0.00,PMXC7,VT
03/17/2025 15:00:00,24.28,0.00,PMXC7,VT
03/17/2025 15:10:00,24.45,0.00,PMXC7,VT
03/17/2025 15:20:00,24.71,0.00,PMXC7,VT
03/17/2025 15:30:00,24.88,0.00,PMXC7,VT
03/17/2025 15:40:00,25.05,0.00,PMXC7,VT
03/17/2025 15:50:00,25.31,0.00,PMXC7,VT
03/17/2025 16:00:00,25.48,0.00,PMXC7,VT
03/17/2025 16:10:00,25.78,0.00,PMXC7,VT
03/17/2025 16:20:00,25.91,0.00,PMXC7,VT
03/17/2025 16:30:00,26.17,0.00,PMXC7,VT
03/17/2025 16:40:00,26.38,0.20,PMXC7,VT
03/17/2025 16:50:00,26.55,0.00,PMXC7,VT
03/17/2025 17:00:00,26.81,0.00,PMXC7,VT
03/17/2025 17:10:00,26.98,0.00,PMXC7,VT
03/17/2025 17:20:00,27.24,0.00,PMXC7,VT
03/17/2025 17:30:00,27.45,0.00,PMXC7,VT
03/17/2025 17:40:00,27.67,0.00,PMXC7,VT
03/17/2025 17:50:00,27.84,0.00,PMXC7,VT
03/17/2025 18:00:00,28.10,0.00,PMXC7,VT
03/17/2025 18:10:00,28.31,0.00,PMXC7,VT
03/17/2025 18:20:00,28.53,0.00,PMXC7,VT
03/17/2025 18:30:00,28.74,0.00,PMXC7,VT
03/17/2025 18:40:00,28.95,0.00,PMXC7,VT
03/17/2025 18:50:00,29.17,0.00,PMXC7,VT
03/17/2025 19:00:00,29.43,0.00,PMXC7,VT
03/17/2025 19:10:00,29.60,0.00,PMXC7,VT
03/17/2025 19:20:00,29.60,0.00,PMXC7,VT
03/17/2025 19:30:00,29.51,0.00,PMXC7,VT
03/17/2025 19:40:00,29.30,0.00,PMXC7,VT
03/17/2025 19:50:00,29.21,0.00,PMXC7,VT
03/17/2025 20:00:00,28.95,0.00,PMXC7,VT
03/17/2025 20:10:00,28.83,0.00,PMXC7,VT
03/17/2025 20:20:00,28.65,0.00,PMXC7,VT
03/17/2025 20:30:00,28.40,0.00,PMXC7,VT
03/17/2025 20:40:00,28.18,0.00,PMXC7,VT
03/17/2025 20:50:00,28.01,0.00,PMXC7,VT
03/17/2025 21:00:00,27.84,0.00,PMXC7,VT
03/17/2025 21:10:00,27.63,0.00,PMXC7,VT
03/17/2025 21:20:00,27.41,0.00,PMXC7,VT
03/17/2025 21:30:00,27.15,0.00,PMXC7,VT
03/17/2025 21:40:00,26.94,0.00,PMXC7,VT
03/17/2025 21:50:00,26.77,0.00,PMXC7,VT
03/17/2025 22:00:00,26.51,0.00,PMXC7,VT
03/17/2025 22:10:00,26.34,0.00,PMXC7,VT
03/17/2025 22:20:00,26.12,0.00,PMXC7,VT
03/17/2025 22:30:00,25.91,0.00,PMXC7,VT
03/17/2025 22:40:00,25.74,0.00,PMXC7,VT
03/17/2025 22:50:00,25.48,0.00,PMXC7,VT
03/17/2025 23:00:00,25.31,0.00,PMXC7,VT
03/17/2025 23:10:00,25.05,0.00,PMXC7,VT
03/17/2025 23:20:00,24.84,0.00,PMXC7,VT
03/17/2025 23:30:00,24.62,0.00,PMXC7,VT
03/17/2025 23:40:00,24.41,0.00,PMXC7,VT
03/17/2025 23:50:00,24.19,0.00,PMXC7,VT
03/18/2025 00:00:00,23.94,0.00,PMXC7,VT
03/18/2025 00:10:00,23.76,0.00,PMXC7,VT
03/18/2025 00:20:00,23.55,0.00,PMXC7,VT
03/18/2025 00:30:00,23.25,0.00,PMXC7,VT
03/18/2025 00:40:00,23.12,0.00,PMXC7,VT
03/18/2025 00:50:00,22.86,0.00,PMXC7,VT
03/18/2025 01:00:00,22.69,0.00,PMXC7,VT
03/18/2025 01:10:00,22.43,0.00,PMXC7,VT
03/18/2025 01:20:00,22.43,0.00,PMXC7,VT
03/18/2025 01:30:00,22.56,0.00,PMXC7,VT
03/18/2025 01:40:00,22.73,0.20,PMXC7,VT
03/18/2025 01:50:00,22.91,0.00,PMXC7,VT
03/18/2025 02:00:00,23.08,0.00,PMXC7,VT
03/18/2025 02:10:00,23.21,0.00,PMXC7,VT
03/18/2025 02:20:00,23.42,0.00,PMXC7,VT
03/18/2025 02:30:00,23.59,0.00,PMXC7,VT
03/18/2025 02:40:00,23.81,0.00,PMXC7,VT
03/18/2025 02:50:00,24.06,0.00,PMXC7,VT
03/18/2025 03:00:00,24.28,0.00,PMXC7,VT
03/18/2025 03:10:00,24.41,0.00,PMXC7,VT
03/18/2025 03:20:00,24.62,0.00,PMXC7,VT
03/18/2025 03:30:00,24.84,0.00,PMXC7,VT
03/18/2025 03:40:00,25.05,0.00,PMXC7,VT
03/18/2025 03:50:00,25.27,0.00,PMXC7,VT
03/18/2025 04:00:00,25.48,0.00,PMXC7,VT
03/18/2025 04:10:00,25.69,0.00,PMXC7,VT
03/18/2025 04:20:00,25.91,0.00,PMXC7,VT
03/18/2025 04:30:00,26.12,0.00,PMXC7,VT
03/18/2025 04:40:00,26.30,0.00,PMXC7,VT
03/18/2025 04:50:00,26.55,0.00,PMXC7,VT
03/18/2025 05:00:00,26.77,0.00,PMXC7,VT
03/18/2025 05:10:00,26.98,0.00,PMXC7,VT
03/18/2025 05:20:00,27.20,0.00,PMXC7,VT
03/18/2025 05:30:00,27.41,0.00,PMXC7,VT
03/18/2025 05:40:00,27.63,0.00,PMXC7,VT
03/18/2025 05:50:00,27.84,0.00,PMXC7,VT
03/18/2025 06:00:00,28.05,0.00,PMXC7,VT
03/18/2025 06:10:00,28.31,0.00,PMXC7,VT
03/18/2025 06:20:00,28.48,0.00,PMXC7,VT
03/18/2025 06:30:00,28.70,0.00,PMXC7,VT
03/18/2025 06:40:00,28.95,0.00,PMXC7,VT
03/18/2025 06:50:00,29.17,0.00,PMXC7,VT
03/18/2025 07:00:00,29.38,0.00,PMXC7,VT
03/18/2025 07:10:00,29.56,0.00,PMXC7,VT
03/18/2025 07:20:00,29.60,0.00,PMXC7,VT
03/18/2025 07:30:00,29.47,0.00,PMXC7,VT
03/18/2025 07:40:00,29.30,0.00,PMXC7,VT
03/18/2025 07:50:00,29.17,0.00,PMXC7,VT
03/18/2025 08:00:00,28.95,0.00,PMXC7,VT
03/18/2025 08:10:00,28.83,0.00,PMXC7,VT
03/18/2025 08:20:00,28.61,0.00,PMXC7,VT
03/18/2025 08:30:00,28.40,0.00,PMXC7,VT
03/18/2025 08:40:00,28.18,0.00,PMXC7,VT
03/18/2025 08:50:00,27.97,0.00,PMXC7,VT
03/18/2025 09:00:00,27.80,0.00,PMXC7,VT
03/18/2025 09:10:00,27.58,0.00,PMXC7,VT
03/18/2025 09:20:00,27.37,0.00,PMXC7,VT
03/18/2025 09:30:00,27.15,0.00,PMXC7,VT
03/18/2025 09:40:00,26.98,0.00,PMXC7,VT
03/18/2025 09:50:00,26.77,0.00,PMXC7,VT
03/18/2025 10:00:00,26.51,0.00,PMXC7,VT
03/18/2025 10:10:00,26.38,0.00,PMXC7,VT
03/18/2025 10:20:00,26.17,0.00,PMXC7,VT
03/18/2025 10:30:00,25.91,0.00,PMXC7,VT
03/18/2025 10:40:00,25.74,0.20,PMXC7,VT
03/18/2025 10:50:00,25.48,0.00,PMXC7,VT
03/18/2025 11:00:00,25.22,39.83,PMXC7,VT
03/18/2025 11:10:00,24.97,0.00,PMXC7,VT
03/18/2025 11:20:00,24.75,0.00,PMXC7,VT
03/18/2025 11:30:00,24.58,0.00,PMXC7,VT
03/18/2025 11:40:00,24.32,0.00,PMXC7,VT
03/18/2025 11:50:00,24.11,0.00,PMXC7,VT
03/18/2025 12:00:00,23.76,0.00,PMXC7,VT
03/18/2025 12:10:00,23.64,0.00,PMXC7,VT
03/18/2025 12:20:00,23.42,0.00,PMXC7,VT
03/18/2025 12:30:00,23.25,0.00,PMXC7,VT
03/18/2025 12:40:00,23.08,0.00,PMXC7,VT
03/18/2025 12:50:00,22.82,0.00,PMXC7,VT
03/18/2025 13:00:00,22.61,0.00,PMXC7,VT
03/18/2025 13:10:00,22.43,0.00,PMXC7,VT
03/18/2025 13:20:00,22.48,0.00,PMXC7,VT
03/18/2025 13:30:00,22.52,0.00,PMXC7,VT
03/18/2025 13:40:00,22.69,0.00,PMXC7,VT
03/18/2025 13:50:00,22.86,0.00,PMXC7,VT
03/18/2025 14:00:00,23.03,0.00,PMXC7,VT
03/18/2025 14:10:00,23.21,0.00,PMXC7,VT
03/18/2025 14:20:00,23.42,0.00,PMXC7,VT
03/18/2025 14:30:00,23.55,0.00,PMXC7,VT
03/18/2025 14:40:00,23.81,0.00,PMXC7,VT
03/18/2025 14:50:00,24.06,0.00,PMXC7,VT
03/18/2025 15:00:00,24.24,0.00,PMXC7,VT
03/18/2025 15:10:00,24.45,0.00,PMXC7,VT
03/18/2025 15:20:00,24.66,0.00,PMXC7,VT
03/18/2025 15:30:00,24.88,0.00,PMXC7,VT
03/18/2025 15:40:00,25.09,0.00,PMXC7,VT
03/18/2025 15:50:00,25.31,0.00,PMXC7,VT
03/18/2025 16:00:00,25.48,0.00,PMXC7,VT
03/18/2025 16:10:00,25.74,0.00,PMXC7,VT
03/18/2025 16:20:00,25.91,0.00,PMXC7,VT
03/18/2025 16:30:00,26.12,0.00,PMXC7,VT
03/18/2025 16:40:00,26.38,0.00,PMXC7,VT
03/18/2025 16:50:00,26.55,0.00,PMXC7,VT
03/18/2025 17:00:00,26.77,0.00,PMXC7,VT
03/18/2025 17:10:00,26.98,0.00,PMXC7,VT
03/18/2025 17:20:00,27.20,0.00,PMXC7,VT
03/18/2025 17:30:00,27.41,0.00,PMXC7,VT
03/18/2025 17:40:00,27.63,0.00,PMXC7,VT
03/18/2025 17:50:00,27.88,0.00,PMXC7,VT
03/18/2025 18:00:00,28.10,0.00,PMXC7,VT
03/18/2025 18:10:00,28.27,0.00,PMXC7,VT
03/18/2025 18:20:00,28.53,0.00,PMXC7,VT
03/18/2025 18:30:00,28.74,0.00,PMXC7,VT
03/18/2025 18:40:00,28.95,0.00,PMXC7,VT
03/18/2025 18:50:00,29.21,0.00,PMXC7,VT
03/18/2025 19:00:00,29.38,0.00,PMXC7,VT
03/18/2025 19:10:00,29.60,0.00,PMXC7,VT
03/18/2025 19:20:00,29.60,0.00,PMXC7,VT
03/18/2025 19:30:00,29.47,0.00,PMXC7,VT
03/18/2025 19:40:00,29.34,0.20,PMXC7,VT
03/18/2025 19:50:00,29.17,0.00,PMXC7,VT
03/18/2025 20:00:00,29.00,0.00,PMXC7,VT
03/18/2025 20:10:00,28.83,0.00,PMXC7,VT
03/18/2025 20:20:00,28.65,0.00,PMXC7,VT
03/18/2025 20:30:00,28.44,0.00,PMXC7,VT
03/18/2025 20:40:00,28.23,0.00,PMXC7,VT
03/18/2025 20:50:00,27.97,0.00,PMXC7,VT
03/18/2025 21:00:00,27.75,0.00,PMXC7,VT
03/18/2025 21:10:00,27.63,0.00,PMXC7,VT
03/18/2025 21:20:00,27.41,0.00,PMXC7,VT
03/18/2025 21:30:00,27.15,0.00,PMXC7,VT
03/18/2025 21:40:00,26.98,0.00,PMXC7,VT
03/18/2025 21:50:00,26.72,0.00,PMXC7,VT
03/18/2025 22:00:00,26.55,0.00,PMXC7,VT
03/18/2025 22:10:00,26.34,0.00,PMXC7,VT
03/18/2025 22:20:00,26.12,0.00,PMXC7,VT
03/18/2025 22:30:00,25.87,0.00,PMXC7,VT
03/18/2025 22:40:00,25.69,0.00,PMXC7,VT
03/18/2025 22:50:00,25.48,0.00,PMXC7,VT
03/18/2025 23:00:00,25.22,0.00,PMXC7,VT
03/18/2025 23:10:00,25.01,0.00,PMXC7,VT
03/18/2025 23:20:00,24.79,0.00,PMXC7,VT
03/18/2025 23:30:00,24.58,0.00,PMXC7,VT
03/18/2025 23:40:00,24.32,0.00,PMXC7,VT
03/18/2025 23:50:00,24.11,0.00,PMXC7,VT
03/19/2025 00:00:00,23.94,0.00,PMXC7,VT
03/19/2025 00:10:00,23.72,0.00,PMXC7,VT
03/19/2025 00:20:00,23.51,0.00,PMXC7,VT
03/19/2025 00:30:00,23.29,0.00,PMXC7,VT
03/19/2025 00:40:00,23.08,0.00,PMXC7,VT
03/19/2025 00:50:00,22.86,0.00,PMXC7,VT
03/19/2025 01:00:00,22.65,0.00,PMXC7,VT
03/19/2025 01:10:00,22.48,0.00,PMXC7,VT
03/19/2025 01:20:00,22.39,0.00,PMXC7,VT
03/19/2025 01:30:00,22.52,0.20,PMXC7,VT
03/19/2025 01:40:00,22.69,0.00,PMXC7,VT
03/19/2025 01:50:00,22.82,0.00,PMXC7,VT
03/19/2025 02:00:00,22.99,0.00,PMXC7,VT
03/19/2025 02:10:00,23.16,0.00,PMXC7,VT
03/19/2025 02:20:00,23.38,0.00,PMXC7,VT
03/19/2025 02:30:00,23.59,0.00,PMXC7,VT
03/19/2025 02:40:00,23.85,0.00,PMXC7,VT
03/19/2025 02:50:00,24.02,0.00,PMXC7,VT
03/19/2025 03:00:00,24.24,0.00,PMXC7,VT
03/19/2025 03:10:00,24.41,0.00,PMXC7,VT
03/19/2025 03:20:00,24.62,0.00,PMXC7,VT
03/19/2025 03:30:00,24.84,0.00,PMXC7,VT
03/19/2025 03:40:00,25.01,0.00,PMXC7,VT
03/19/2025 03:50:00,25.22,0.00,PMXC7,VT
03/19/2025 04:00:00,25.44,0.00,PMXC7,VT
03/19/2025 04:10:00,25.65,0.00,PMXC7,VT
03/19/2025 04:20:00,25.91,0.00,PMXC7,VT
03/19/2025 04:30:00,26.08,0.00,PMXC7,VT
03/19/2025 04:40:00,26.34,0.20,PMXC7,VT
03/19/2025 04:50:00,26.55,0.00,PMXC7,VT
03/19/2025 05:00:00,26.77,0.00,PMXC7,VT
03/19/2025 05:10:00,26.98,0.00,PMXC7,VT
03/19/2025 05:20:00,27.20,0.00,PMXC7,VT
03/19/2025 05:30:00,27.45,0.00,PMXC7,VT
03/19/2025 05:40:00,27.67,0.00,PMXC7,VT
03/19/2025 05:50:00,27.88,0.00,PMXC7,VT
03/19/2025 06:00:00,28.05,0.00,PMXC7,VT
03/19/2025 06:10:00,28.27,0.00,PMXC7,VT
03/19/2025 06:20:00,28.53,0.00,PMXC7,VT
03/19/2025 06:30:00,28.74,0.00,PMXC7,VT
03/19/2025 06:40:00,28.91,0.00,PMXC7,VT
03/19/2025 06:50:00,29.17,0.00,PMXC7,VT
03/19/2025 07:00:00,29.43,0.00,PMXC7,VT
03/19/2025 07:10:00,29.56,0.00,PMXC7,VT
03/19/2025 07:20:00,29.56,0.00,PMXC7,VT
03/19/2025 07:30:00,29.47,0.00,PMXC7,VT
03/19/2025 07:40:00,29.34,0.00,PMXC7,VT
03/19/2025 07:50:00,29.17,0.00,PMXC7,VT
03/19/2025 08:00:00,29.00,0.00,PMXC7,VT
03/19/2025 08:10:00,28.78,0.00,PMXC7,VT
03/19/2025 08:20:00,28.61,0.00,PMXC7,VT
03/19/2025 08:30:00,28.40,0.00,PMXC7,VT
03/19/2025 08:40:00,28.23,0.00,PMXC7,VT
03/19/2025 08:50:00,28.01,0.00,PMXC7,VT
03/19/2025 09:00:00,27.80,0.00,PMXC7,VT
03/19/2025 09:10:00,27.58,0.00,PMXC7,VT
03/19/2025 09:20:00,27.37,0.00,PMXC7,VT
03/19/2025 09:30:00,27.15,0.00,PMXC7,VT
03/19/2025 09:40:00,26.94,0.00,PMXC7,VT
03/19/2025 09:50:00,26.77,0.00,PMXC7,VT
03/19/2025 10:00:00,26.55,0.00,PMXC7,VT
03/19/2025 10:10:00,26.34,0.00,PMXC7,VT
03/19/2025 10:20:00,26.12,0.00,PMXC7,VT
03/19/2025 10:30:00,25.91,0.20,PMXC7,VT
03/19/2025 10:40:00,25.65,0.00,PMXC7,VT
03/19/2025 10:50:00,25.44,0.00,PMXC7,VT
03/19/2025 11:00:00,25.27,0.00,PMXC7,VT
03/19/2025 11:10:00,25.05,0.00,PMXC7,VT
03/19/2025 11:20:00,24.84,0.00,PMXC7,VT
03/19/2025 11:30:00,24.58,0.00,PMXC7,VT
03/19/2025 11:40:00,24.41,0.00,PMXC7,VT
03/19/2025 11:50:00,24.24,0.00,PMXC7,VT
03/19/2025 12:00:00,23.94,0.00,PMXC7,VT
03/19/2025 12:10:00,23.76,0.00,PMXC7,VT
03/19/2025 12:20:00,23.55,0.00,PMXC7,VT
03/19/2025 12:30:00,23.34,0.00,PMXC7,VT
03/19/2025 12:40:00,23.08,0.00,PMXC7,VT
03/19/2025 12:50:00,22.91,0.00,PMXC7,VT
03/19/2025 13:00:00,22.69,0.00,PMXC7,VT
03/19/2025 13:10:00,22.43,0.00,PMXC7,VT
03/19/2025 13:20:00,22.43,0.00,PMXC7,VT
03/19/2025 13:30:00,22.52,0.00,PMXC7,VT
03/19/2025 13:40:00,22.69,0.20,PMXC7,VT
03/19/2025 13:50:00,22.86,0.00,PMXC7,VT
03/19/2025 14:00:00,23.03,0.00,PMXC7,VT
03/19/2025 14:10:00,23.25,0.00,PMXC7,VT
03/19/2025 14:20:00,23.38,0.00,PMXC7,VT
03/19/2025 14:30:00,23.59,0.00,PMXC7,VT
03/19/2025 14:40:00,23.85,0.00,PMXC7,VT
03/19/2025 14:50:00,24.06,0.00,PMXC7,VT
03/19/2025 15:00:00,24.28,0.00,PMXC7,VT
03/19/2025 15:10:00,24.45,0.00,PMXC7,VT
03/19/2025 15:20:00,24.66,0.00,PMXC7,VT
03/19/2025 15:30:00,24.84,0.00,PMXC7,VT
03/19/2025 15:40:00,25.09,0.00,PMXC7,VT
03/19/2025 15:50:00,25.35,0.00,PMXC7,VT
03/19/2025 16:00:00,25.48,0.00,PMXC7,VT
03/19/2025 16:10:00,25.69,0.00,PMXC7,VT
03/19/2025 16:20:00,25.91,0.00,PMXC7,VT
03/19/2025 16:30:00,26.17,0.00,PMXC7,VT
03/19/2025 16:40:00,26.34,0.00,PMXC7,VT
03/19/2025 16:50:00,26.55,0.00,PMXC7,VT
03/19/2025 17:00:00,26.77,0.00,PMXC7,VT
03/19/2025 17:10:00,26.98,0.00,PMXC7,VT
03/19/2025 17:20:00,27.20,0.00,PMXC7,VT
03/19/2025 17:30:00,27.45,0.00,PMXC7,VT
03/19/2025 17:40:00,27.67,0.00,PMXC7,VT
03/19/2025 17:50:00,27.88,0.00,PMXC7,VT
03/19/2025 18:00:00,28.05,0.00,PMXC7,VT
03/19/2025 18:10:00,28.31,0.00,PMXC7,VT
03/19/2025 18:20:00,28.48,0.00,PMXC7,VT
03/19/2025 18:30:00,28.74,0.00,PMXC7,VT
03/19/2025 18:40:00,28.95,0.00,PMXC7,VT
03/19/2025 18:50:00,29.17,0.00,PMXC7,VT
03/19/2025 19:00:00,29.43,0.00,PMXC7,VT
03/19/2025 19:10:00,29.56,0.00,PMXC7,VT
03/19/2025 19:20:00,29.60,0.00,PMXC7,VT
03/19/2025 19:30:00,29.51,0.00,PMXC7,VT
03/19/2025 19:40:00,29.34,0.00,PMXC7,VT
03/19/2025 19:50:00,29.21,0.00,PMXC7,VT
03/19/2025 20:00:00,29.00,0.00,PMXC7,VT
03/19/2025 20:10:00,28.78,0.00,PMXC7,VT
03/19/2025 20:20:00,28.61,0.00,PMXC7,VT
03/19/2025 20:30:00,28.44,0.00,PMXC7,VT
03/19/2025 20:40:00,28.23,0.00,PMXC7,VT
03/19/2025 20:50:00,28.01,0.00,PMXC7,VT
03/19/2025 21:00:00,27.75,0.00,PMXC7,VT
03/19/2025 21:10:00,27.63,0.00,PMXC7,VT
03/19/2025 21:20:00,27.41,0.00,PMXC7,VT
03/19/2025 21:30:00,27.15,0.00,PMXC7,VT
03/19/2025 21:40:00,26.98,0.00,PMXC7,VT
03/19/2025 21:50:00,26.72,0.00,PMXC7,VT
03/19/2025 22:00:00,26.55,0.00,PMXC7,VT
03/19/2025 22:10:00,26.34,0.00,PMXC7,VT
03/19/2025 22:20:00,26.12,0.00,PMXC7,VT
03/19/2025 22:30:00,25.91,0.00,PMXC7,VT
03/19/2025 22:40:00,25.69,0.00,PMXC7,VT
03/19/2025 22:50:00,25.44,0.00,PMXC7,VT
03/19/2025 23:00:00,25.22,0.00,PMXC7,VT
03/19/2025 23:10:00,25.01,0.00,PMXC7,VT
03/19/2025 23:20:00,24.79,0.00,PMXC7,VT
03/19/2025 23:30:00,24.58,0.00,PMXC7,VT
03/19/2025 23:40:00,24.36,0.00,PMXC7,VT
03/19/2025 23:50:00,24.15,0.00,PMXC7,VT
03/20/2025 00:00:00,23.98,0.00,PMXC7,VT
03/20/2025 00:10:00,23.76,0.00,PMXC7,VT
03/20/2025 00:20:00,23.46,0.00,PMXC7,VT
03/20/2025 00:30:00,23.25,0.00,PMXC7,VT
03/20/2025 00:40:00,23.08,0.00,PMXC7,VT
03/20/2025 00:50:00,22.82,0.00,PMXC7,VT
03/20/2025 01:00:00,22.65,0.00,PMXC7,VT
03/20/2025 01:10:00,22.43,0.00,PMXC7,VT
03/20/2025 01:20:00,22.48,0.00,PMXC7,VT
03/20/2025 01:30:00,22.48,0.00,PMXC7,VT
03/20/2025 01:40:00,22.73,0.00,PMXC7,VT
03/20/2025 01:50:00,22.86,0.00,PMXC7,VT
03/20/2025 02:00:00,22.99,0.00,PMXC7,VT
03/20/2025 02:10:00,23.21,0.00,PMXC7,VT
03/20/2025 02:20:00,23.42,0.00,PMXC7,VT
03/20/2025 02:30:00,23.64,0.00,PMXC7,VT
03/20/2025 02:40:00,23.85,0.00,PMXC7,VT
03/20/2025 02:50:00,24.02,0.00,PMXC7,VT
03/20/2025 03:00:00,24.19,0.00,PMXC7,VT
03/20/2025 03:10:00,24.45,0.00,PMXC7,VT
03/20/2025 03:20:00,24.58,0.00,PMXC7,VT
03/20/2025 03:30:00,24.84,0.00,PMXC7,VT
03/20/2025 03:40:00,25.09,0.00,PMXC7,VT
03/20/2025 03:50:00,25.31,0.00,PMXC7,VT
03/20/2025 04:00:00,25.44,0.00,PMXC7,VT
03/20/2025 04:10:00,25.69,0.00,PMXC7,VT
03/20/2025 04:20:00,25.91,0.00,PMXC7,VT
03/20/2025 04:30:00,26.08,0.20,PMXC7,VT
03/20/2025 04:40:00,26.30,0.00,PMXC7,VT
03/20/2025 04:50:00,26.55,0.00,PMXC7,VT
03/20/2025 05:00:00,26.77,0.00,PMXC7,VT
03/20/2025 05:10:00,26.98,0.00,PMXC7,VT
03/20/2025 05:20:00,27.20,0.00,PMXC7,VT
03/20/2025 05:30:00,27.41,0.00,PMXC7,VT
03/20/2025 05:40:00,27.67,0.00,PMXC7,VT
03/20/2025 05:50:00,27.88,0.00,PMXC7,VT
03/20/2025 06:00:00,28.05,0.00,PMXC7,VT
03/20/2025 06:10:00,28.27,0.00,PMXC7,VT
03/20/2025 06:20:00,28.48,0.00,PMXC7,VT
03/20/2025 06:30:00,28.70,0.00,PMXC7,VT
03/20/2025 06:40:00,28.95,0.00,PMXC7,VT
03/20/2025 06:50:00,29.21,0.00,PMXC7,VT
03/20/2025 07:00:00,29.38,0.00,PMXC7,VT
03/20/2025 07:10:00,29.56,0.00,PMXC7,VT
03/20/2025 07:20:00,29.60,0.00,PMXC7,VT
03/20/2025 07:30:00,29.47,0.00,PMXC7,VT
03/20/2025 07:40:00,29.34,0.00,PMXC7,VT
03/20/2025 07:50:00,29.13,0.00,PMXC7,VT
03/20/2025 08:00:00,29.00,0.00,PMXC7,VT
03/20/2025 08:10:00,28.83,0.00,PMXC7,VT
03/20/2025 08:20:00,28.61,0.00,PMXC7,VT
03/20/2025 08:30:00,28.40,0.00,PMXC7,VT
03/20/2025 08:40:00,28.18,0.00,PMXC7,VT
03/20/2025 08:50:00,28.05,0.00,PMXC7,VT
03/20/2025 09:00:00,27.80,0.00,PMXC7,VT
03/20/2025 09:10:00,27.58,0.00,PMXC7,VT
03/20/2025 09:20:00,27.37,0.00,PMXC7,VT
03/20/2025 09:30:00,27.15,0.00,PMXC7,VT
03/20/2025 09:40:00,26.98,0.00,PMXC7,VT
03/20/2025 09:50:00,26.77,0.00,PMXC7,VT
03/20/2025 10:00:00,26.55,0.00,PMXC7,VT
03/20/2025 10:10:00,26.38,0.00,PMXC7,VT
03/20/2025 10:20:00,26.12,0.00,PMXC7,VT
03/20/2025 10:30:00,25.91,0.00,PMXC7,VT
03/20/2025 10:40:00,25.69,0.00,PMXC7,VT
03/20/2025 10:50:00,25.44,0.00,PMXC7,VT
03/20/2025 11:00:00,25.27,0.00,PMXC7,VT
03/20/2025 11:10:00,25.05,0.00,PMXC7,VT
03/20/2025 11:20:00,24.79,0.00,PMXC7,VT
03/20/2025 11:30:00,24.62,0.00,PMXC7,VT
03/20/2025 11:40:00,24.41,0.00,PMXC7,VT
03/20/2025 11:50:00,24.15,0.00,PMXC7,VT
03/20/2025 12:00:00,23.98,0.00,PMXC7,VT
03/20/2025 12:10:00,23.81,0.00,PMXC7,VT
03/20/2025 12:20:00,23.55,0.00,PMXC7,VT
03/20/2025 12:30:00,23.34,0.00,PMXC7,VT
03/20/2025 12:40:00,23.12,0.00,PMXC7,VT
03/20/2025 12:50:00,22.86,0.00,PMXC7,VT
03/20/2025 13:00:00,22.65,0.00,PMXC7,VT
03/20/2025 13:10:00,22.48,0.00,PMXC7,VT
03/20/2025 13:20:00,22.43,0.00,PMXC7,VT
03/20/2025 13:30:00,22.52,0.20,PMXC7,VT
03/20/2025 13:40:00,22.73,0.00,PMXC7,VT
03/20/2025 13:50:00,22.91,0.00,PMXC7,VT
03/20/2025 14:00:00,23.08,0.00,PMXC7,VT
03/20/2025 14:10:00,23.25,0.00,PMXC7,VT
03/20/2025 14:20:00,23.42,0.00,PMXC7,VT
03/20/2025 14:30:00,23.64,0.00,PMXC7,VT
03/20/2025 14:40:00,23.85,0.00,PMXC7,VT
03/20/2025 14:50:00,24.06,0.00,PMXC7,VT
03/20/2025 15:00:00,24.24,0.00,PMXC7,VT
03/20/2025 15:10:00,24.45,0.00,PMXC7,VT
03/20/2025 15:20:00,24.66,0.00,PMXC7,VT
03/20/2025 15:30:00,24.88,0.00,PMXC7,VT
03/20/2025 15:40:00,25.01,0.00,PMXC7,VT
03/20/2025 15:50:00,25.31,0.00,PMXC7,VT
03/20/2025 16:00:00,25.52,0.00,PMXC7,VT
03/20/2025 16:10:00,25.74,0.00,PMXC7,VT
03/20/2025 16:20:00,25.95,0.00,PMXC7,VT
03/20/2025 16:30:00,26.12,0.00,PMXC7,VT
03/20/2025 16:40:00,26.34,0.00,PMXC7,VT
03/20/2025 16:50:00,26.60,0.00,PMXC7,VT
03/20/2025 17:00:00,26.81,0.00,PMXC7,VT
03/20/2025 17:10:00,27.02,0.00,PMXC7,VT
03/20/2025 17:20:00,27.24,0.00,PMXC7,VT
03/20/2025 17:30:00,27.45,0.00,PMXC7,VT
03/20/2025 17:40:00,27.67,0.00,PMXC7,VT
03/20/2025 17:50:00,27.88,0.00,PMXC7,VT
03/20/2025 18:00:00,28.10,0.00,PMXC7,VT
03/20/2025 18:10:00,28.31,0.00,PMXC7,VT
03/20/2025 18:20:00,28.53,0.00,PMXC7,VT
03/20/2025 18:30:00,28.70,0.00,PMXC7,VT
03/20/2025 18:40:00,28.95,0.00,PMXC7,VT
03/20/2025 18:50:00,29.17,0.00,PMXC7,VT
03/20/2025 19:00:00,29.43,0.00,PMXC7,VT
03/20/2025 19:10:00,29.60,0.00,PMXC7,VT
03/20/2025 19:20:00,29.60,0.00,PMXC7,VT
03/20/2025 19:30:00,29.51,0.00,PMXC7,VT
03/20/2025 19:40:00,29.38,0.00,PMXC7,VT
03/20/2025 19:50:00,29.21,0.00,PMXC7,VT
03/20/2025 20:00:00,29.00,0.00,PMXC7,VT
03/20/2025 20:10:00,28.78,0.00,PMXC7,VT
03/20/2025 20:20:00,28.61,0.00,PMXC7,VT
03/20/2025 20:30:00,28.44,0.00,PMXC7,VT
03/20/2025 20:40:00,28.23,0.00,PMXC7,VT
03/20/2025 20:50:00,28.01,0.00,PMXC7,VT
03/20/2025 21:00:00,27.84,0.00,PMXC7,VT
03/20/2025 21:10:00,27.63,0.00,PMXC7,VT
03/20/2025 21:20:00,27.41,0.00,PMXC7,VT
03/20/2025 21:30:00,27.20,0.00,PMXC7,VT
03/20/2025 21:40:00,26.98,0.00,PMXC7,VT
03/20/2025 21:50:00,26.72,0.00,PMXC7,VT
03/20/2025 22:00:00,26.51,0.00,PMXC7,VT
03/20/2025 22:10:00,26.34,0.00,PMXC7,VT
03/20/2025 22:20:00,26.12,0.00,PMXC7,VT
03/20/2025 22:30:00,25.95,0.20,PMXC7,VT
03/20/2025 22:40:00,25.69,0.00,PMXC7,VT
03/20/2025 22:50:00,25.48,0.00,PMXC7,VT
03/20/2025 23:00:00,25.31,0.00,PMXC7,VT
03/20/2025 23:10:00,25.01,0.00,PMXC7,VT
03/20/2025 23:20:00,24.84,0.00,PMXC7,VT
03/20/2025 23:30:00,24.58,0.00,PMXC7,VT
03/20/2025 23:40:00,24.41,0.00,PMXC7,VT
03/20/2025 23:50:00,24.19,0.00,PMXC7,VT
03/21/2025 00:00:00,23.94,0.00,PMXC7,VT
03/21/2025 00:10:00,23.76,0.00,PMXC7,VT
03/21/2025 00:20:00,23.46,0.00,PMXC7,VT
03/21/2025 00:30:00,23.25,0.00,PMXC7,VT
03/21/2025 00:40:00,23.12,0.00,PMXC7,VT
03/21/2025 00:50:00,22.86,0.00,PMXC7,VT
03/21/2025 01:00:00,22.61,0.00,PMXC7,VT
03/21/2025 01:10:00,22.39,0.00,PMXC7,VT
03/21/2025 01:20:00,22.43,0.00,PMXC7,VT
03/21/2025 01:30:00,22.52,0.00,PMXC7,VT
03/21/2025 01:40:00,22.73,0.00,PMXC7,VT
03/21/2025 01:50:00,22.86,0.00,PMXC7,VT
03/21/2025 02:00:00,22.99,0.00,PMXC7,VT
03/21/2025 02:10:00,23.21,0.00,PMXC7,VT
03/21/2025 02:20:00,23.42,0.00,PMXC7,VT
03/21/2025 02:30:00,23.64,0.00,PMXC7,VT
03/21/2025 02:40:00,23.81,0.00,PMXC7,VT
03/21/2025 02:50:00,24.02,0.00,PMXC7,VT
03/21/2025 03:00:00,24.19,0.00,PMXC7,VT
03/21/2025 03:10:00,24.45,0.00,PMXC7,VT
03/21/2025 03:20:00,24.62,0.00,PMXC7,VT
03/21/2025 03:30:00,24.84,0.00,PMXC7,VT
03/21/2025 03:40:00,25.05,0.00,PMXC7,VT
03/21/2025 03:50:00,25.27,0.00,PMXC7,VT
03/21/2025 04:00:00,25.48,0.00,PMXC7,VT
03/21/2025 04:10:00,25.69,0.00,PMXC7,VT
03/21/2025 04:20:00,25.87,0.00,PMXC7,VT
03/21/2025 04:30:00,26.12,0.00,PMXC7,VT
03/21/2025 04:40:00,26.34,0.00,PMXC7,VT
03/21/2025 04:50:00,26.55,0.00,PMXC7,VT
03/21/2025 05:00:00,26.77,0.00,PMXC7,VT
03/21/2025 05:10:00,27.02,0.00,PMXC7,VT
03/21/2025 05:20:00,27.20,0.00,PMXC7,VT
03/21/2025 05:30:00,27.41,0.00,PMXC7,VT
03/21/2025 05:40:00,27.67,0.00,PMXC7,VT
03/21/2025 05:50:00,27.84,0.00,PMXC7,VT
03/21/2025 06:00:00,28.10,0.00,PMXC7,VT
03/21/2025 06:10:00,28.31,0.00,PMXC7,VT
03/21/2025 06:20:00,28.53,0.00,PMXC7,VT
03/21/2025 06:30:00,28.74,0.00,PMXC7,VT
03/21/2025 06:40:00,28.95,0.00,PMXC7,VT
03/21/2025 06:50:00,29.17,0.00,PMXC7,VT
03/21/2025 07:00:00,29.38,0.00,PMXC7,VT
03/21/2025 07:10:00,29.56,0.00,PMXC7,VT
03/21/2025 07:20:00,29.60,0.00,PMXC7,VT
03/21/2025 07:30:00,29.47,0.20,PMXC7,VT
03/21/2025 07:40:00,29.30,0.00,PMXC7,VT
03/21/2025 07:50:00,29.13,0.00,PMXC7,VT
03/21/2025 08:00:00,28.95,0.00,PMXC7,VT
03/21/2025 08:10:00,28.78,0.00,PMXC7,VT
03/21/2025 08:20:00,28.61,0.00,PMXC7,VT
03/21/2025 08:30:00,28.44,0.00,PMXC7,VT
03/21/2025 08:40:00,28.23,0.00,PMXC7,VT
03/21/2025 08:50:00,27.97,0.00,PMXC7,VT
03/21/2025 09:00:00,27.84,0.00,PMXC7,VT
03/21/2025 09:10:00,27.58,0.00,PMXC7,VT
03/21/2025 09:20:00,27.37,0.00,PMXC7,VT
03/21/2025 09:30:00,27.20,0.00,PMXC7,VT
03/21/2025 09:40:00,26.94,0.00,PMXC7,VT
03/21/2025 09:50:00,26.72,0.00,PMXC7,VT
03/21/2025 10:00:00,26.51,0.00,PMXC7,VT
03/21/2025 10:10:00,26.34,0.00,PMXC7,VT
03/21/2025 10:20:00,26.12,0.00,PMXC7,VT
03/21/2025 10:30:00,25.91,0.00,PMXC7,VT
03/21/2025 10:40:00,25.69,0.00,PMXC7,VT
03/21/2025 10:50:00,25.44,0.00,PMXC7,VT
03/21/2025 11:00:00,25.22,0.00,PMXC7,VT
03/21/2025 11:10:00,25.01,0.00,PMXC7,VT
03/21/2025 11:20:00,24.79,0.00,PMXC7,VT
03/21/2025 11:30:00,24.54,0.00,PMXC7,VT
03/21/2025 11:40:00,24.36,0.00,PMXC7,VT
02/10/2025 09:20:00,22.82,198.08,PMXC7,RT
02/10/2025 09:30:00,22.13,199.76,PMXC7,RT
02/10/2025 09:40:00,21.92,199.76,PMXC7,RT
02/10/2025 09:50:00,21.83,199.76,PMXC7,RT
02/10/2025 10:00:00,21.83,199.76,PMXC7,RT
02/10/2025 10:10:00,21.75,199.76,PMXC7,RT
02/10/2025 10:20:00,21.79,198.96,PMXC7,RT
02/10/2025 10:30:00,21.83,200.64,PMXC7,RT
02/10/2025 10:40:00,21.79,200.64,PMXC7,RT
02/10/2025 10:50:00,21.79,200.64,PMXC7,RT
02/10/2025 11:00:00,21.79,200.64,PMXC7,RT
02/10/2025 11:10:00,21.79,199.76,PMXC7,RT
02/10/2025 11:20:00,21.96,203.36,PMXC7,RT
02/10/2025 11:30:00,22.09,204.88,PMXC7,RT
02/10/2025 11:40:00,22.05,168.48,PMXC7,RT
02/10/2025 11:50:00,22.05,204.88,PMXC7,RT
02/10/2025 12:00:00,21.92,204.88,PMXC7,RT
02/10/2025 12:10:00,22.01,166.00,PMXC7,RT
02/10/2025 12:20:00,21.96,166.80,PMXC7,RT
02/10/2025 12:30:00,21.92,0.00,PMXC7,RT
02/10/2025 12:40:00,21.88,0.00,PMXC7,RT
02/10/2025 12:50:00,21.83,0.00,PMXC7,RT
02/10/2025 13:00:00,21.83,0.00,PMXC7,RT
02/10/2025 13:10:00,21.70,0.00,PMXC7,RT
02/10/2025 13:20:00,21.66,0.00,PMXC7,RT
02/10/2025 13:30:00,21.62,0.00,PMXC7,RT
02/10/2025 13:40:00,21.58,0.00,PMXC7,RT
02/10/2025 13:50:00,21.58,0.00,PMXC7,RT
02/10/2025 14:00:00,21.58,0.00,PMXC7,RT
02/10/2025 14:10:00,21.58,0.00,PMXC7,RT
02/10/2025 14:20:00,21.58,0.00,PMXC7,RT
02/10/2025 14:30:00,21.53,0.00,PMXC7,RT
02/10/2025 14:40:00,21.58,0.00,PMXC7,RT
02/10/2025 14:50:00,21.53,0.00,PMXC7,RT
02/10/2025 15:00:00,21.58,0.00,PMXC7,RT
02/10/2025 15:10:00,21.58,0.00,PMXC7,RT
02/10/2025 15:20:00,21.53,0.00,PMXC7,RT
02/10/2025 15:30:00,21.58,0.00,PMXC7,RT
02/10/2025 15:40:00,21.58,0.00,PMXC7,RT
02/10/2025 15:50:00,21.58,0.00,PMXC7,RT
02/10/2025 16:00:00,21.53,0.00,PMXC7,RT
02/10/2025 16:10:00,21.53,0.00,PMXC7,RT
02/10/2025 16:20:00,21.58,0.00,PMXC7,RT
02/10/2025 16:30:00,21.53,0.00,PMXC7,RT
02/10/2025 16:40:00,21.58,0.00,PMXC7,RT
02/10/2025 16:50:00,21.58,0.00,PMXC7,RT
02/10/2025 17:00:00,21.58,0.00,PMXC7,RT
02/10/2025 17:10:00,21.58,0.00,PMXC7,RT
02/10/2025 17:20:00,21.53,0.00,PMXC7,RT
02/10/2025 17:30:00,21.58,0.00,PMXC7,RT
02/10/2025 17:40:00,21.53,0.00,PMXC7,RT
02/10/2025 17:50:00,21.53,0.00,PMXC7,RT
02/10/2025 18:00:00,21.53,0.00,PMXC7,RT
02/10/2025 18:10:00,21.49,0.00,PMXC7,RT
02/10/2025 18:20:00,21.49,0.00,PMXC7,RT
02/10/2025 18:30:00,21.49,0.00,PMXC7,RT
02/10/2025 18:40:00,21.49,0.00,PMXC7,RT
02/10/2025 18:50:00,21.45,0.00,PMXC7,RT
02/10/2025 19:00:00,21.49,0.00,PMXC7,RT
02/10/2025 19:10:00,21.45,0.00,PMXC7,RT
02/10/2025 19:20:00,21.45,0.00,PMXC7,RT
02/10/2025 19:30:00,21.45,0.00,PMXC7,RT
02/10/2025 19:40:00,21.45,0.00,PMXC7,RT
02/10/2025 19:50:00,21.45,0.00,PMXC7,RT
02/10/2025 20:00:00,21.40,0.00,PMXC7,RT
02/10/2025 20:10:00,21.40,0.00,PMXC7,RT
02/10/2025 20:20:00,21.40,0.00,PMXC7,RT
02/10/2025 20:30:00,21.45,0.00,PMXC7,RT
02/10/2025 20:40:00,21.40,0.00,PMXC7,RT
02/10/2025 20:50:00,21.36,0.00,PMXC7,RT
02/10/2025 21:00:00,21.32,0.00,PMXC7,RT
02/10/2025 21:10:00,21.32,0.00,PMXC7,RT
02/10/2025 21:20:00,21.32,0.00,PMXC7,RT
02/10/2025 21:30:00,21.32,0.00,PMXC7,RT
02/10/2025 21:40:00,21.28,0.00,PMXC7,RT
02/10/2025 21:50:00,21.28,0.00,PMXC7,RT
02/10/2025 22:00:00,21.28,0.00,PMXC7,RT
02/10/2025 22:10:00,21.28,0.00,PMXC7,RT
02/10/2025 22:20:00,21.23,0.00,PMXC7,RT
02/10/2025 22:30:00,21.23,0.00,PMXC7,RT
02/10/2025 22:40:00,21.23,0.00,PMXC7,RT
02/10/2025 22:50:00,21.23,0.00,PMXC7,RT
02/10/2025 23:00:00,21.23,0.00,PMXC7,RT
02/10/2025 23:10:00,21.19,0.00,PMXC7,RT
02/10/2025 23:20:00,21.23,0.00,PMXC7,RT
02/10/2025 23:30:00,21.23,0.00,PMXC7,RT
02/10/2025 23:40:00,21.15,0.00,PMXC7,RT
02/10/2025 23:50:00,21.15,0.00,PMXC7,RT
02/11/2025 00:00:00,21.23,0.00,PMXC7,RT
02/11/2025 00:10:00,21.23,0.00,PMXC7,RT
02/11/2025 00:20:00,21.19,0.00,PMXC7,RT
02/11/2025 00:30:00,21.19,0.00,PMXC7,RT
02/11/2025 00:40:00,21.19,0.00,PMXC7,RT
02/11/2025 00:50:00,21.23,0.00,PMXC7,RT
02/11/2025 01:00:00,21.23,0.00,PMXC7,RT
02/11/2025 01:10:00,21.19,0.00,PMXC7,RT
02/11/2025 01:20:00,21.23,0.00,PMXC7,RT
02/11/2025 01:30:00,21.19,0.00,PMXC7,RT
02/11/2025 01:40:00,21.15,0.00,PMXC7,RT
02/11/2025 01:50:00,21.15,0.00,PMXC7,RT
02/11/2025 02:00:00,21.15,0.00,PMXC7,RT
02/11/2025 02:10:00,21.15,0.00,PMXC7,RT
02/11/2025 02:20:00,21.15,0.00,PMXC7,RT
02/11/2025 02:30:00,21.15,0.00,PMXC7,RT
02/11/2025 02:40:00,21.15,0.00,PMXC7,RT
02/11/2025 02:50:00,21.10,0.00,PMXC7,RT
02/11/2025 03:00:00,21.10,0.00,PMXC7,RT
02/11/2025 03:10:00,21.15,0.00,PMXC7,RT
02/11/2025 03:20:00,21.15,0.00,PMXC7,RT
02/11/2025 03:30:00,21.15,0.00,PMXC7,RT
02/11/2025 03:40:00,21.10,0.00,PMXC7,RT
02/11/2025 03:50:00,21.15,0.00,PMXC7,RT
02/11/2025 04:00:00,21.15,0.00,PMXC7,RT
02/11/2025 04:10:00,21.10,0.00,PMXC7,RT
02/11/2025 04:20:00,21.06,0.00,PMXC7,RT
02/11/2025 04:30:00,21.06,0.00,PMXC7,RT
02/11/2025 04:40:00,21.15,0.00,PMXC7,RT
02/11/2025 04:50:00,21.10,0.00,PMXC7,RT
02/11/2025 05:00:00,21.15,0.00,PMXC7,RT
02/11/2025 05:10:00,21.19,0.00,PMXC7,RT
02/11/2025 05:20:00,21.23,0.00,PMXC7,RT
02/11/2025 05:30:00,21.23,0.00,PMXC7,RT
02/11/2025 05:40:00,21.23,0.00,PMXC7,RT
02/11/2025 05:50:00,21.23,0.00,PMXC7,RT
02/11/2025 06:00:00,21.23,0.00,PMXC7,RT
02/11/2025 06:10:00,21.19,0.00,PMXC7,RT
02/11/2025 06:20:00,21.19,0.00,PMXC7,RT
02/11/2025 06:30:00,21.19,0.00,PMXC7,RT
02/11/2025 06:40:00,21.23,0.00,PMXC7,RT
02/11/2025 06:50:00,21.23,0.00,PMXC7,RT
02/11/2025 07:00:00,21.19,0.00,PMXC7,RT
02/11/2025 07:10:00,21.19,0.00,PMXC7,RT
02/11/2025 07:20:00,21.19,0.00,PMXC7,RT
02/11/2025 07:30:00,21.15,0.00,PMXC7,RT
02/11/2025 07:40:00,21.15,0.00,PMXC7,RT
02/11/2025 07:50:00,21.15,0.00,PMXC7,RT
02/11/2025 08:00:00,21.15,0.00,PMXC7,RT
02/11/2025 08:10:00,21.10,0.00,PMXC7,RT
02/11/2025 08:20:00,21.15,0.00,PMXC7,RT
02/11/2025 08:30:00,21.10,0.00,PMXC7,RT
02/11/2025 08:40:00,21.06,0.00,PMXC7,RT
02/11/2025 08:50:00,21.06,0.00,PMXC7,RT
02/11/2025 09:00:00,21.10,0.00,PMXC7,RT
02/11/2025 09:10:00,21.06,0.00,PMXC7,RT
02/11/2025 09:20:00,21.02,0.00,PMXC7,RT
02/11/2025 09:30:00,21.06,0.00,PMXC7,RT
02/11/2025 09:40:00,21.10,0.00,PMXC7,RT
02/11/2025 09:50:00,21.10,0.00,PMXC7,RT
02/11/2025 10:00:00,21.06,0.00,PMXC7,RT
02/11/2025 10:10:00,21.06,0.00,PMXC7,RT
02/11/2025 10:20:00,21.06,0.00,PMXC7,RT
02/11/2025 10:30:00,21.15,0.00,PMXC7,RT
02/11/2025 10:40:00,21.15,0.00,PMXC7,RT
02/11/2025 10:50:00,21.15,0.00,PMXC7,RT
02/11/2025 11:00:00,21.10,0.00,PMXC7,RT
02/11/2025 11:10:00,21.15,0.00,PMXC7,RT
02/11/2025 11:20:00,21.15,0.00,PMXC7,RT
02/11/2025 11:30:00,21.15,0.00,PMXC7,RT
02/11/2025 11:40:00,21.15,0.00,PMXC7,RT
02/11/2025 11:50:00,21.15,0.00,PMXC7,RT
02/11/2025 12:00:00,21.23,0.00,PMXC7,RT
02/11/2025 12:10:00,21.19,0.00,PMXC7,RT
02/11/2025 12:20:00,21.23,0.00,PMXC7,RT
02/11/2025 12:30:00,21.23,0.00,PMXC7,RT
02/11/2025 12:40:00,21.23,0.00,PMXC7,RT
02/11/2025 12:50:00,21.23,0.00,PMXC7,RT
02/11/2025 13:00:00,21.28,0.00,PMXC7,RT
02/11/2025 13:10:00,21.23,0.00,PMXC7,RT
02/11/2025 13:20:00,21.28,0.00,PMXC7,RT
02/11/2025 13:30:00,21.28,0.00,PMXC7,RT
02/11/2025 13:40:00,21.32,0.00,PMXC7,RT
02/11/2025 13:50:00,21.28,0.00,PMXC7,RT
02/11/2025 14:00:00,21.28,0.00,PMXC7,RT
02/11/2025 14:10:00,21.32,0.00,PMXC7,RT
02/11/2025 14:20:00,21.32,0.00,PMXC7,RT
02/11/2025 14:30:00,21.36,0.00,PMXC7,RT
02/11/2025 14:40:00,21.36,0.00,PMXC7,RT
02/11/2025 14:50:00,21.32,0.00,PMXC7,RT
02/11/2025 15:00:00,21.36,0.00,PMXC7,RT
02/11/2025 15:10:00,21.36,0.00,PMXC7,RT
02/11/2025 15:20:00,21.40,0.00,PMXC7,RT
02/11/2025 15:30:00,21.49,0.00,PMXC7,RT
02/11/2025 15:40:00,21.40,0.00,PMXC7,RT
02/11/2025 15:50:00,21.45,0.00,PMXC7,RT
02/11/2025 16:00:00,21.40,0.00,PMXC7,RT
02/11/2025 16:10:00,21.45,0.00,PMXC7,RT
02/11/2025 16:20:00,21.49,0.00,PMXC7,RT
02/11/2025 16:30:00,21.49,0.00,PMXC7,RT
02/11/2025 16:40:00,21.49,0.00,PMXC7,RT
02/11/2025 16:50:00,21.53,0.00,PMXC7,RT
02/11/2025 17:00:00,21.49,0.00,PMXC7,RT
02/11/2025 17:10:00,21.53,0.00,PMXC7,RT
02/11/2025 17:20:00,21.53,0.00,PMXC7,RT
02/11/2025 17:30:00,21.49,0.00,PMXC7,RT
02/11/2025 17:40:00,21.53,0.00,PMXC7,RT
02/11/2025 17:50:00,21.58,0.00,PMXC7,RT
02/11/2025 18:00:00,21.53,0.00,PMXC7,RT
02/11/2025 18:10:00,21.53,0.00,PMXC7,RT
02/11/2025 18:20:00,21.49,0.00,PMXC7,RT
02/11/2025 18:30:00,21.53,0.00,PMXC7,RT
02/11/2025 18:40:00,21.53,0.00,PMXC7,RT
02/11/2025 18:50:00,21.45,0.00,PMXC7,RT
02/11/2025 19:00:00,21.49,0.00,PMXC7,RT
02/11/2025 19:10:00,21.49,0.00,PMXC7,RT
02/11/2025 19:20:00,21.49,0.00,PMXC7,RT
02/11/2025 19:30:00,21.45,0.00,PMXC7,RT
02/11/2025 19:40:00,21.49,0.00,PMXC7,RT
02/11/2025 19:50:00,21.45,0.00,PMXC7,RT
02/11/2025 20:00:00,21.45,0.00,PMXC7,RT
02/11/2025 20:10:00,21.45,0.00,PMXC7,RT
02/11/2025 20:20:00,21.45,0.00,PMXC7,RT
02/11/2025 20:30:00,21.40,0.00,PMXC7,RT
02/11/2025 20:40:00,21.40,0.00,PMXC7,RT
02/11/2025 20:50:00,21.36,0.00,PMXC7,RT
02/11/2025 21:00:00,21.32,0.00,PMXC7,RT
02/11/2025 21:10:00,21.28,0.00,PMXC7,RT
02/11/2025 21:20:00,21.23,0.00,PMXC7,RT
02/11/2025 21:30:00,21.23,0.00,PMXC7,RT
02/11/2025 21:40:00,21.23,0.00,PMXC7,RT
02/11/2025 21:50:00,21.19,0.00,PMXC7,RT
02/11/2025 22:00:00,21.23,0.00,PMXC7,RT
02/11/2025 22:10:00,21.23,0.00,PMXC7,RT
02/11/2025 22:20:00,21.23,0.00,PMXC7,RT
02/11/2025 22:30:00,21.23,0.00,PMXC7,RT
02/11/2025 22:40:00,21.19,0.00,PMXC7,RT
02/11/2025 22:50:00,21.19,0.00,PMXC7,RT
02/11/2025 23:00:00,21.19,0.00,PMXC7,RT
02/11/2025 23:10:00,21.23,0.00,PMXC7,RT
02/11/2025 23:20:00,21.23,0.00,PMXC7,RT
02/11/2025 23:30:00,21.19,0.00,PMXC7,RT
02/11/2025 23:40:00,21.19,0.00,PMXC7,RT
02/11/2025 23:50:00,21.19,0.00,PMXC7,RT
02/12/2025 00:00:00,21.19,0.00,PMXC7,RT
02/12/2025 00:10:00,21.19,0.00,PMXC7,RT
02/12/2025 00:20:00,21.19,0.00,PMXC7,RT
02/12/2025 00:30:00,21.19,0.00,PMXC7,RT
02/12/2025 00:40:00,21.23,0.00,PMXC7,RT
02/12/2025 00:50:00,21.23,0.00,PMXC7,RT
02/12/2025 01:00:00,21.19,0.00,PMXC7,RT
02/12/2025 01:10:00,21.23,0.00,PMXC7,RT
02/12/2025 01:20:00,21.15,0.00,PMXC7,RT
02/12/2025 01:30:00,21.23,0.00,PMXC7,RT
02/12/2025 01:40:00,21.19,0.00,PMXC7,RT
02/12/2025 01:50:00,21.19,0.00,PMXC7,RT
02/12/2025 02:00:00,21.19,0.00,PMXC7,RT
02/12/2025 02:10:00,21.19,0.00,PMXC7,RT
02/12/2025 02:20:00,21.23,0.00,PMXC7,RT
02/12/2025 02:30:00,21.19,0.00,PMXC7,RT
02/12/2025 02:40:00,21.23,0.00,PMXC7,RT
02/12/2025 02:50:00,21.19,0.00,PMXC7,RT
02/12/2025 03:00:00,21.15,0.00,PMXC7,RT
02/12/2025 03:10:00,21.15,0.00,PMXC7,RT
02/12/2025 03:20:00,21.19,0.00,PMXC7,RT
02/12/2025 03:30:00,21.15,0.00,PMXC7,RT
02/12/2025 03:40:00,21.19,0.00,PMXC7,RT
02/12/2025 03:50:00,21.15,0.00,PMXC7,RT
02/12/2025 04:00:00,21.15,0.00,PMXC7,RT
02/12/2025 04:10:00,21.19,0.00,PMXC7,RT
02/12/2025 04:20:00,21.15,0.00,PMXC7,RT
02/12/2025 04:30:00,21.15,0.00,PMXC7,RT
02/12/2025 04:40:00,21.19,0.00,PMXC7,RT
02/12/2025 04:50:00,21.15,0.00,PMXC7,RT
02/12/2025 05:00:00,21.19,0.00,PMXC7,RT
02/12/2025 05:10:00,21.23,0.00,PMXC7,RT
02/12/2025 05:20:00,21.23,0.00,PMXC7,RT
02/12/2025 05:30:00,21.28,0.00,PMXC7,RT
02/12/2025 05:40:00,21.28,0.00,PMXC7,RT
02/12/2025 05:50:00,21.23,0.00,PMXC7,RT
02/12/2025 06:00:00,21.19,0.00,PMXC7,RT
02/12/2025 06:10:00,21.19,0.00,PMXC7,RT
02/12/2025 06:20:00,21.23,0.00,PMXC7,RT
02/12/2025 06:30:00,21.23,0.00,PMXC7,RT
02/12/2025 06:40:00,21.23,0.00,PMXC7,RT
02/12/2025 06:50:00,21.23,0.00,PMXC7,RT
02/12/2025 07:00:00,21.23,0.00,PMXC7,RT
02/12/2025 07:10:00,21.23,0.00,PMXC7,RT
02/12/2025 07:20:00,21.19,0.00,PMXC7,RT
02/12/2025 07:30:00,21.23,0.00,PMXC7,RT
02/12/2025 07:40:00,21.23,0.00,PMXC7,RT
02/12/2025 07:50:00,21.23,0.00,PMXC7,RT
02/12/2025 08:00:00,21.23,0.00,PMXC7,RT
02/12/2025 08:10:00,21.23,0.00,PMXC7,RT
02/12/2025 08:20:00,21.23,0.00,PMXC7,RT
02/12/2025 08:30:00,21.28,0.00,PMXC7,RT
02/12/2025 08:40:00,21.32,0.00,PMXC7,RT
02/12/2025 08:50:00,21.28,0.00,PMXC7,RT
02/12/2025 09:00:00,21.32,0.00,PMXC7,RT
02/12/2025 09:10:00,21.28,0.00,PMXC7,RT
02/12/2025 09:20:00,21.32,0.00,PMXC7,RT
02/12/2025 09:30:00,21.32,0.00,PMXC7,RT
02/12/2025 09:40:00,21.32,0.00,PMXC7,RT
02/12/2025 09:50:00,21.32,0.00,PMXC7,RT
02/12/2025 10:00:00,21.28,0.00,PMXC7,RT
02/12/2025 10:10:00,21.28,0.00,PMXC7,RT
02/12/2025 10:20:00,21.32,0.00,PMXC7,RT
02/12/2025 10:30:00,21.32,0.00,PMXC7,RT
02/12/2025 10:40:00,21.28,0.00,PMXC7,RT
02/12/2025 10:50:00,21.32,0.00,PMXC7,RT
02/12/2025 11:00:00,21.32,0.00,PMXC7,RT
02/12/2025 11:10:00,21.28,0.00,PMXC7,RT
02/12/2025 11:20:00,21.36,0.00,PMXC7,RT
02/12/2025 11:30:00,21.32,0.00,PMXC7,RT
02/12/2025 11:40:00,21.36,0.00,PMXC7,RT
02/12/2025 11:50:00,21.32,0.00,PMXC7,RT
02/12/2025 12:00:00,21.32,0.00,PMXC7,RT
02/12/2025 12:10:00,21.32,0.00,PMXC7,RT
02/12/2025 12:20:00,21.36,0.00,PMXC7,RT
02/12/2025 12:30:00,21.32,0.00,PMXC7,RT
02/12/2025 12:40:00,21.32,0.00,PMXC7,RT
02/12/2025 12:50:00,21.36,0.00,PMXC7,RT
02/12/2025 13:00:00,21.32,0.00,PMXC7,RT
02/12/2025 13:10:00,21.32,0.00,PMXC7,RT
02/12/2025 13:20:00,21.32,0.00,PMXC7,RT
02/12/2025 13:30:00,21.36,0.00,PMXC7,RT
02/12/2025 13:40:00,21.32,0.00,PMXC7,RT
02/12/2025 13:50:00,21.32,0.00,PMXC7,RT
02/12/2025 14:00:00,21.32,0.00,PMXC7,RT
02/12/2025 14:10:00,21.28,0.00,PMXC7,RT
02/12/2025 14:20:00,21.32,0.00,PMXC7,RT
02/12/2025 14:30:00,21.28,0.00,PMXC7,RT
02/12/2025 14:40:00,21.32,0.00,PMXC7,RT
02/12/2025 14:50:00,21.28,0.00,PMXC7,RT
02/12/2025 15:00:00,21.32,0.00,PMXC7,RT
02/12/2025 15:10:00,21.32,0.00,PMXC7,RT
02/12/2025 15:20:00,21.32,0.00,PMXC7,RT
02/12/2025 15:30:00,21.32,0.00,PMXC7,RT
02/12/2025 15:40:00,21.32,0.00,PMXC7,RT
02/12/2025 15:50:00,21.36,0.00,PMXC7,RT
02/12/2025 16:00:00,21.32,0.00,PMXC7,RT
02/12/2025 16:10:00,21.32,0.00,PMXC7,RT
02/12/2025 16:20:00,21.36,0.00,PMXC7,RT
02/12/2025 16:30:00,21.32,0.00,PMXC7,RT
02/12/2025 16:40:00,21.32,0.00,PMXC7,RT
02/12/2025 16:50:00,21.36,0.00,PMXC7,RT
02/12/2025 17:00:00,21.36,0.00,PMXC7,RT
02/12/2025 17:10:00,21.32,0.00,PMXC7,RT
02/12/2025 17:20:00,21.36,0.00,PMXC7,RT
02/12/2025 17:30:00,21.36,0.00,PMXC7,RT
02/12/2025 17:40:00,21.32,0.00,PMXC7,RT
02/12/2025 17:50:00,21.32,0.00,PMXC7,RT
02/12/2025 18:00:00,21.32,0.00,PMXC7,RT
02/12/2025 18:10:00,21.32,0.00,PMXC7,RT
02/12/2025 18:20:00,21.28,0.00,PMXC7,RT
02/12/2025 18:30:00,21.32,0.00,PMXC7,RT
02/12/2025 18:40:00,21.28,0.00,PMXC7,RT
02/12/2025 18:50:00,21.28,0.00,PMXC7,RT
02/12/2025 19:00:00,21.32,0.00,PMXC7,RT
02/12/2025 19:10:00,21.32,0.00,PMXC7,RT
02/12/2025 19:20:00,21.32,0.00,PMXC7,RT
02/12/2025 19:30:00,21.32,0.00,PMXC7,RT
02/12/2025 19:40:00,21.23,0.00,PMXC7,RT
02/12/2025 19:50:00,21.28,0.00,PMXC7,RT
02/12/2025 20:00:00,21.28,0.00,PMXC7,RT
02/12/2025 20:10:00,21.28,0.00,PMXC7,RT
02/12/2025 20:20:00,21.23,0.00,PMXC7,RT
02/12/2025 20:30:00,21.23,0.00,PMXC7,RT
02/12/2025 20:40:00,21.19,0.00,PMXC7,RT
02/12/2025 20:50:00,21.15,0.00,PMXC7,RT
02/12/2025 21:00:00,21.15,0.00,PMXC7,RT
02/12/2025 21:10:00,21.10,0.00,PMXC7,RT
02/12/2025 21:20:00,21.10,0.00,PMXC7,RT
02/12/2025 21:30:00,21.15,0.00,PMXC7,RT
02/12/2025 21:40:00,21.15,0.00,PMXC7,RT
02/12/2025 21:50:00,21.10,0.00,PMXC7,RT
02/12/2025 22:00:00,21.15,0.00,PMXC7,RT
02/12/2025 22:10:00,21.10,0.00,PMXC7,RT
02/12/2025 22:20:00,21.10,0.00,PMXC7,RT
02/12/2025 22:30:00,21.10,0.00,PMXC7,RT
02/12/2025 22:40:00,21.10,0.00,PMXC7,RT
02/12/2025 22:50:00,21.10,0.00,PMXC7,RT
02/12/2025 23:00:00,21.10,0.00,PMXC7,RT
02/12/2025 23:10:00,21.15,0.00,PMXC7,RT
02/12/2025 23:20:00,21.15,0.00,PMXC7,RT
02/12/2025 23:30:00,21.10,0.00,PMXC7,RT
02/12/2025 23:40:00,21.10,0.00,PMXC7,RT
02/12/2025 23:50:00,21.10,0.00,PMXC7,RT
02/13/2025 00:00:00,21.10,0.00,PMXC7,RT
02/13/2025 00:10:00,21.06,0.00,PMXC7,RT
02/13/2025 00:20:00,21.15,0.00,PMXC7,RT
02/13/2025 00:30:00,21.06,0.00,PMXC7,RT
02/13/2025 00:40:00,21.15,0.00,PMXC7,RT
02/13/2025 00:50:00,21.10,0.00,PMXC7,RT
02/13/2025 01:00:00,21.06,0.00,PMXC7,RT
02/13/2025 01:10:00,21.06,0.00,PMXC7,RT
02/13/2025 01:20:00,21.10,0.00,PMXC7,RT
02/13/2025 01:30:00,21.10,0.00,PMXC7,RT
02/13/2025 01:40:00,21.06,0.00,PMXC7,RT
02/13/2025 01:50:00,21.06,0.00,PMXC7,RT
02/13/2025 02:00:00,21.10,0.00,PMXC7,RT
02/13/2025 02:10:00,21.10,0.00,PMXC7,RT
02/13/2025 02:20:00,21.06,0.00,PMXC7,RT
02/13/2025 02:30:00,21.06,0.00,PMXC7,RT
02/13/2025 02:40:00,21.10,0.00,PMXC7,RT
02/13/2025 02:50:00,21.10,0.00,PMXC7,RT
02/13/2025 03:00:00,21.06,0.00,PMXC7,RT
02/13/2025 03:10:00,21.06,0.00,PMXC7,RT
02/13/2025 03:20:00,21.10,0.00,PMXC7,RT
02/13/2025 03:30:00,21.06,0.00,PMXC7,RT
02/13/2025 03:40:00,21.06,0.00,PMXC7,RT
02/13/2025 03:50:00,21.06,0.00,PMXC7,RT
02/13/2025 04:00:00,21.10,0.00,PMXC7,RT
02/13/2025 04:10:00,21.06,0.00,PMXC7,RT
02/13/2025 04:20:00,21.02,0.00,PMXC7,RT
02/13/2025 04:30:00,21.06,0.00,PMXC7,RT
02/13/2025 04:40:00,21.10,0.00,PMXC7,RT
02/13/2025 04:50:00,21.15,0.00,PMXC7,RT
02/13/2025 05:00:00,21.15,0.00,PMXC7,RT
02/13/2025 05:10:00,21.19,0.00,PMXC7,RT
02/13/2025 05:20:00,21.15,0.00,PMXC7,RT
02/13/2025 05:30:00,21.23,0.00,PMXC7,RT
02/13/2025 05:40:00,21.19,0.00,PMXC7,RT
02/13/2025 05:50:00,21.19,0.00,PMXC7,RT
02/13/2025 06:00:00,21.15,0.00,PMXC7,RT
02/13/2025 06:10:00,21.19,0.00,PMXC7,RT
02/13/2025 06:20:00,21.15,0.00,PMXC7,RT
02/13/2025 06:30:00,21.19,0.00,PMXC7,RT
02/13/2025 06:40:00,21.23,0.00,PMXC7,RT
02/13/2025 06:50:00,21.19,0.00,PMXC7,RT
02/13/2025 07:00:00,21.23,0.00,PMXC7,RT
02/13/2025 07:10:00,21.19,0.00,PMXC7,RT
02/13/2025 07:20:00,21.19,0.00,PMXC7,RT
02/13/2025 07:30:00,21.19,0.00,PMXC7,RT
02/13/2025 07:40:00,21.15,0.00,PMXC7,RT
02/13/2025 07:50:00,21.19,0.00,PMXC7,RT
02/13/2025 08:00:00,21.19,0.00,PMXC7,RT
02/13/2025 08:10:00,21.19,0.00,PMXC7,RT
02/13/2025 08:20:00,21.19,0.00,PMXC7,RT
02/13/2025 08:30:00,21.23,0.00,PMXC7,RT
02/13/2025 08:40:00,21.19,0.00,PMXC7,RT
02/13/2025 08:50:00,21.23,0.00,PMXC7,RT
02/13/2025 09:00:00,21.19,0.00,PMXC7,RT
02/13/2025 09:10:00,21.19,0.00,PMXC7,RT
02/13/2025 09:20:00,21.23,0.00,PMXC7,RT
02/13/2025 09:30:00,21.23,0.00,PMXC7,RT
02/13/2025 09:40:00,21.23,0.00,PMXC7,RT
02/13/2025 09:50:00,21.28,0.00,PMXC7,RT
02/13/2025 10:00:00,21.23,0.00,PMXC7,RT
02/13/2025 10:10:00,21.32,0.00,PMXC7,RT
02/13/2025 10:20:00,21.19,0.00,PMXC7,RT
02/13/2025 10:30:00,21.10,0.00,PMXC7,RT
02/13/2025 10:40:00,21.10,0.00,PMXC7,RT
02/13/2025 10:50:00,21.19,0.00,PMXC7,RT
02/13/2025 11:00:00,21.19,0.00,PMXC7,RT
02/13/2025 11:10:00,21.23,171.04,PMXC7,RT
02/13/2025 11:20:00,21.36,171.04,PMXC7,RT
02/13/2025 11:30:00,21.40,171.04,PMXC7,RT
02/13/2025 11:40:00,21.45,171.04,PMXC7,RT
02/13/2025 11:50:00,21.49,171.04,PMXC7,RT
02/13/2025 12:00:00,21.58,0.00,PMXC7,RT
02/13/2025 12:10:00,21.66,0.00,PMXC7,RT
02/13/2025 12:20:00,21.75,0.00,PMXC7,RT
02/13/2025 12:30:00,21.70,0.00,PMXC7,RT
02/13/2025 12:40:00,21.66,0.00,PMXC7,RT
02/13/2025 12:50:00,21.62,0.00,PMXC7,RT
02/13/2025 13:00:00,21.58,0.00,PMXC7,RT
02/13/2025 13:10:00,21.62,0.00,PMXC7,RT
02/13/2025 13:20:00,21.58,0.00,PMXC7,RT
02/13/2025 13:30:00,21.58,0.00,PMXC7,RT
02/13/2025 13:40:00,21.58,0.00,PMXC7,RT
02/13/2025 13:50:00,21.62,0.00,PMXC7,RT
02/13/2025 14:00:00,21.62,0.00,PMXC7,RT
02/13/2025 14:10:00,21.62,0.00,PMXC7,RT
02/13/2025 14:20:00,21.62,0.00,PMXC7,RT
02/13/2025 14:30:00,21.70,0.00,PMXC7,RT
02/13/2025 14:40:00,21.75,0.00,PMXC7,RT
02/13/2025 14:50:00,21.83,0.00,PMXC7,RT
02/13/2025 15:00:00,21.83,0.00,PMXC7,RT
02/13/2025 15:10:00,21.96,0.00,PMXC7,RT
02/13/2025 15:20:00,22.01,0.00,PMXC7,RT
02/13/2025 15:30:00,22.01,0.00,PMXC7,RT
02/13/2025 15:40:00,22.05,0.00,PMXC7,RT
02/13/2025 15:50:00,22.05,0.00,PMXC7,RT
02/13/2025 16:00:00,22.05,0.00,PMXC7,RT
02/13/2025 16:10:00,22.05,0.00,PMXC7,RT
02/13/2025 16:20:00,22.05,0.00,PMXC7,RT
02/13/2025 16:30:00,22.05,0.00,PMXC7,RT
02/13/2025 16:40:00,22.05,0.00,PMXC7,RT
02/13/2025 16:50:00,22.09,0.00,PMXC7,RT
02/13/2025 17:00:00,22.05,0.00,PMXC7,RT
02/13/2025 17:10:00,22.09,0.00,PMXC7,RT
02/13/2025 17:20:00,22.05,0.00,PMXC7,RT
02/13/2025 17:30:00,22.01,0.00,PMXC7,RT
02/13/2025 17:40:00,21.96,0.00,PMXC7,RT
02/13/2025 17:50:00,21.92,0.00,PMXC7,RT
02/13/2025 18:00:00,21.92,0.00,PMXC7,RT
02/13/2025 18:10:00,21.92,0.00,PMXC7,RT
02/13/2025 18:20:00,21.83,0.00,PMXC7,RT
02/13/2025 18:30:00,21.79,0.00,PMXC7,RT
02/13/2025 18:40:00,21.79,0.00,PMXC7,RT
02/13/2025 18:50:00,21.75,0.00,PMXC7,RT
02/13/2025 19:00:00,21.75,0.00,PMXC7,RT
02/13/2025 19:10:00,21.70,0.00,PMXC7,RT
02/13/2025 19:20:00,21.70,0.00,PMXC7,RT
02/13/2025 19:30:00,21.70,0.00,PMXC7,RT
02/13/2025 19:40:00,21.70,0.00,PMXC7,RT
02/13/2025 19:50:00,21.62,0.00,PMXC7,RT
02/13/2025 20:00:00,21.66,0.00,PMXC7,RT
02/13/2025 20:10:00,21.62,0.00,PMXC7,RT
02/13/2025 20:20:00,21.62,0.00,PMXC7,RT
02/13/2025 20:30:00,21.66,0.00,PMXC7,RT
02/13/2025 20:40:00,21.58,0.00,PMXC7,RT
02/13/2025 20:50:00,21.58,0.00,PMXC7,RT
02/13/2025 21:00:00,21.53,0.00,PMXC7,RT
02/13/2025 21:10:00,21.58,0.00,PMXC7,RT
02/13/2025 21:20:00,21.53,0.00,PMXC7,RT
02/13/2025 21:30:00,21.53,0.00,PMXC7,RT
02/13/2025 21:40:00,21.53,0.00,PMXC7,RT
02/13/2025 21:50:00,21.53,0.00,PMXC7,RT
02/13/2025 22:00:00,21.49,0.00,PMXC7,RT
02/13/2025 22:10:00,21.49,0.00,PMXC7,RT
02/13/2025 22:20:00,21.49,0.00,PMXC7,RT
02/13/2025 22:30:00,21.53,0.00,PMXC7,RT
02/13/2025 22:40:00,21.49,0.00,PMXC7,RT
02/13/2025 22:50:00,21.49,0.00,PMXC7,RT
02/13/2025 23:00:00,21.49,0.00,PMXC7,RT
02/13/2025 23:10:00,21.40,0.00,PMXC7,RT
02/13/2025 23:20:00,21.45,0.00,PMXC7,RT
02/13/2025 23:30:00,21.45,0.00,PMXC7,RT
02/13/2025 23:40:00,21.45,0.00,PMXC7,RT
02/13/2025 23:50:00,21.40,0.00,PMXC7,RT
02/14/2025 00:00:00,21.40,0.00,PMXC7,RT
02/14/2025 00:10:00,21.40,0.00,PMXC7,RT
02/14/2025 00:20:00,21.36,0.00,PMXC7,RT
02/14/2025 00:30:00,21.40,0.00,PMXC7,RT
02/14/2025 00:40:00,21.40,0.00,PMXC7,RT
02/14/2025 00:50:00,21.36,0.00,PMXC7,RT
02/14/2025 01:00:00,21.40,0.00,PMXC7,RT
02/14/2025 01:10:00,21.40,0.00,PMXC7,RT
02/14/2025 01:20:00,21.36,0.00,PMXC7,RT
02/14/2025 01:30:00,21.40,0.00,PMXC7,RT
02/14/2025 01:40:00,21.36,0.00,PMXC7,RT
02/14/2025 01:50:00,21.40,0.00,PMXC7,RT
02/14/2025 02:00:00,21.36,0.00,PMXC7,RT
02/14/2025 02:10:00,21.40,0.00,PMXC7,RT
02/14/2025 02:20:00,21.36,0.00,PMXC7,RT
02/14/2025 02:30:00,21.36,0.00,PMXC7,RT
02/14/2025 02:40:00,21.36,0.00,PMXC7,RT
02/14/2025 02:50:00,21.36,0.00,PMXC7,RT
02/14/2025 03:00:00,21.36,0.00,PMXC7,RT
02/14/2025 03:10:00,21.36,0.00,PMXC7,RT
02/14/2025 03:20:00,21.36,0.00,PMXC7,RT
02/14/2025 03:30:00,21.36,0.00,PMXC7,RT
02/14/2025 03:40:00,21.32,0.00,PMXC7,RT
02/14/2025 03:50:00,21.32,0.00,PMXC7,RT
02/14/2025 04:00:00,21.36,0.00,PMXC7,RT
02/14/2025 04:10:00,21.32,0.00,PMXC7,RT
02/14/2025 04:20:00,21.32,0.00,PMXC7,RT
02/14/2025 04:30:00,21.32,0.00,PMXC7,RT
02/14/2025 04:40:00,21.28,0.00,PMXC7,RT
02/14/2025 04:50:00,21.32,0.00,PMXC7,RT
02/14/2025 05:00:00,21.28,0.00,PMXC7,RT
02/14/2025 05:10:00,21.32,0.00,PMXC7,RT
02/14/2025 05:20:00,21.28,0.00,PMXC7,RT
02/14/2025 05:30:00,21.32,0.00,PMXC7,RT
02/14/2025 05:40:00,21.32,0.00,PMXC7,RT
02/14/2025 05:50:00,21.36,0.00,PMXC7,RT
02/14/2025 06:00:00,21.32,0.00,PMXC7,RT
02/14/2025 06:10:00,21.36,0.00,PMXC7,RT
02/14/2025 06:20:00,21.32,0.00,PMXC7,RT
02/14/2025 06:30:00,21.32,0.00,PMXC7,RT
02/14/2025 06:40:00,21.28,0.00,PMXC7,RT
02/14/2025 06:50:00,21.28,0.00,PMXC7,RT
02/14/2025 07:00:00,21.32,0.00,PMXC7,RT
02/14/2025 07:10:00,21.32,0.00,PMXC7,RT
02/14/2025 07:20:00,21.36,0.00,PMXC7,RT
02/14/2025 07:30:00,21.28,0.00,PMXC7,RT
02/14/2025 07:40:00,21.28,0.00,PMXC7,RT
02/14/2025 07:50:00,21.28,0.00,PMXC7,RT
02/14/2025 08:00:00,21.28,0.00,PMXC7,RT
02/14/2025 08:10:00,21.32,0.00,PMXC7,RT
02/14/2025 08:20:00,21.32,0.00,PMXC7,RT
02/14/2025 08:30:00,21.28,0.00,PMXC7,RT
02/14/2025 08:40:00,21.32,0.00,PMXC7,RT
02/14/2025 08:50:00,21.32,0.00,PMXC7,RT
02/14/2025 09:00:00,21.28,0.00,PMXC7,RT
02/14/2025 09:10:00,21.28,0.00,PMXC7,RT
02/14/2025 09:20:00,21.28,0.00,PMXC7,RT
02/14/2025 09:30:00,21.32,0.00,PMXC7,RT
02/14/2025 09:40:00,21.28,0.00,PMXC7,RT
02/14/2025 09:50:00,21.32,0.00,PMXC7,RT
02/14/2025 10:00:00,21.32,0.00,PMXC7,RT
02/14/2025 10:10:00,21.28,0.00,PMXC7,RT
02/14/2025 10:20:00,21.32,0.00,PMXC7,RT
02/14/2025 10:30:00,21.28,0.00,PMXC7,RT
02/14/2025 10:40:00,21.32,0.00,PMXC7,RT
02/14/2025 10:50:00,21.32,0.00,PMXC7,RT
02/14/2025 11:00:00,21.32,0.00,PMXC7,RT
02/14/2025 11:10:00,21.32,0.00,PMXC7,RT
02/14/2025 11:20:00,21.28,0.00,PMXC7,RT
02/14/2025 11:30:00,21.28,0.00,PMXC7,RT
02/14/2025 11:40:00,21.23,0.00,PMXC7,RT
02/14/2025 11:50:00,21.19,0.00,PMXC7,RT
02/14/2025 12:00:00,21.15,0.00,PMXC7,RT
02/14/2025 12:10:00,21.10,0.00,PMXC7,RT
02/14/2025 12:20:00,21.10,0.00,PMXC7,RT
02/14/2025 12:30:00,21.06,0.00,PMXC7,RT
02/14/2025 12:40:00,21.06,0.00,PMXC7,RT
02/14/2025 12:50:00,21.06,0.00,PMXC7,RT
02/14/2025 13:00:00,20.98,0.00,PMXC7,RT
02/14/2025 13:10:00,20.93,0.00,PMXC7,RT
02/14/2025 13:20:00,20.98,0.00,PMXC7,RT
02/14/2025 13:30:00,20.93,0.00,PMXC7,RT
02/14/2025 13:40:00,20.93,0.00,PMXC7,RT
02/14/2025 13:50:00,20.93,0.00,PMXC7,RT
02/14/2025 14:00:00,20.89,0.00,PMXC7,RT
02/14/2025 14:10:00,20.89,0.00,PMXC7,RT
02/14/2025 14:20:00,20.89,0.00,PMXC7,RT
02/14/2025 14:30:00,20.85,0.00,PMXC7,RT
02/14/2025 14:40:00,20.85,0.00,PMXC7,RT
02/14/2025 14:50:00,20.80,0.00,PMXC7,RT
02/14/2025 15:00:00,20.85,0.00,PMXC7,RT
02/14/2025 15:10:00,20.85,0.00,PMXC7,RT
02/14/2025 15:20:00,20.85,0.00,PMXC7,RT
02/14/2025 15:30:00,20.85,0.00,PMXC7,RT
02/14/2025 15:40:00,20.85,0.00,PMXC7,RT
02/14/2025 15:50:00,20.89,0.00,PMXC7,RT
02/14/2025 16:00:00,20.89,0.00,PMXC7,RT
02/14/2025 16:10:00,20.89,0.00,PMXC7,RT
02/14/2025 16:20:00,20.89,0.00,PMXC7,RT
02/14/2025 16:30:00,20.93,0.00,PMXC7,RT
02/14/2025 16:40:00,20.93,0.00,PMXC7,RT
02/14/2025 16:50:00,20.89,0.00,PMXC7,RT
02/14/2025 17:00:00,20.85,0.00,PMXC7,RT
02/14/2025 17:10:00,20.89,0.00,PMXC7,RT
02/14/2025 17:20:00,20.89,0.00,PMXC7,RT
02/14/2025 17:30:00,20.93,0.00,PMXC7,RT
02/14/2025 17:40:00,20.93,0.00,PMXC7,RT
02/14/2025 17:50:00,20.93,0.00,PMXC7,RT
02/14/2025 18:00:00,20.93,0.00,PMXC7,RT
02/14/2025 18:10:00,20.98,0.00,PMXC7,RT
02/14/2025 18:20:00,21.02,0.00,PMXC7,RT
02/14/2025 18:30:00,20.98,0.00,PMXC7,RT
02/14/2025 18:40:00,21.02,0.00,PMXC7,RT
02/14/2025 18:50:00,21.02,0.00,PMXC7,RT
02/14/2025 19:00:00,21.06,0.00,PMXC7,RT
02/14/2025 19:10:00,21.02,0.00,PMXC7,RT
02/14/2025 19:20:00,21.06,0.00,PMXC7,RT
02/14/2025 19:30:00,21.06,0.00,PMXC7,RT
02/14/2025 19:40:00,21.06,0.00,PMXC7,RT
02/14/2025 19:50:00,21.06,0.00,PMXC7,RT
02/14/2025 20:00:00,21.06,0.00,PMXC7,RT
02/14/2025 20:10:00,21.06,0.00,PMXC7,RT
02/14/2025 20:20:00,21.06,0.00,PMXC7,RT
02/14/2025 20:30:00,21.06,0.00,PMXC7,RT
02/14/2025 20:40:00,21.10,0.00,PMXC7,RT
02/14/2025 20:50:00,21.06,0.00,PMXC7,RT
02/14/2025 21:00:00,21.06,0.00,PMXC7,RT
02/14/2025 21:10:00,21.06,0.00,PMXC7,RT
02/14/2025 21:20:00,21.10,0.00,PMXC7,RT
02/14/2025 21:30:00,21.06,0.00,PMXC7,RT
02/14/2025 21:40:00,21.02,0.00,PMXC7,RT
02/14/2025 21:50:00,20.98,0.00,PMXC7,RT
02/14/2025 22:00:00,20.98,0.00,PMXC7,RT
02/14/2025 22:10:00,20.98,0.00,PMXC7,RT
02/14/2025 22:20:00,20.98,0.00,PMXC7,RT
02/14/2025 22:30:00,20.98,0.00,PMXC7,RT
02/14/2025 22:40:00,20.93,0.00,PMXC7,RT
02/14/2025 22:50:00,20.93,0.00,PMXC7,RT
02/14/2025 23:00:00,20.93,0.00,PMXC7,RT
02/14/2025 23:10:00,20.93,0.00,PMXC7,RT
02/14/2025 23:20:00,20.93,0.00,PMXC7,RT
02/14/2025 23:30:00,20.93,0.00,PMXC7,RT
02/14/2025 23:40:00,20.98,0.00,PMXC7,RT
02/14/2025 23:50:00,20.98,0.00,PMXC7,RT
02/15/2025 00:00:00,21.02,0.00,PMXC7,RT
02/15/2025 00:10:00,20.98,0.00,PMXC7,RT
02/15/2025 00:20:00,20.98,0.00,PMXC7,RT
02/15/2025 00:30:00,20.98,0.00,PMXC7,RT
02/15/2025 00:40:00,20.98,0.00,PMXC7,RT
02/15/2025 00:50:00,21.02,0.00,PMXC7,RT
02/15/2025 01:00:00,20.98,0.00,PMXC7,RT
02/15/2025 01:10:00,20.98,0.00,PMXC7,RT
02/15/2025 01:20:00,20.98,0.00,PMXC7,RT
02/15/2025 01:30:00,21.02,0.00,PMXC7,RT
02/15/2025 01:40:00,21.02,0.00,PMXC7,RT
02/15/2025 01:50:00,20.98,0.00,PMXC7,RT
02/15/2025 02:00:00,21.02,0.00,PMXC7,RT
02/15/2025 02:10:00,20.98,0.00,PMXC7,RT
02/15/2025 02:20:00,21.02,0.00,PMXC7,RT
02/15/2025 02:30:00,20.98,0.00,PMXC7,RT
02/15/2025 02:40:00,21.06,0.00,PMXC7,RT
02/15/2025 02:50:00,21.06,0.00,PMXC7,RT
02/15/2025 03:00:00,21.02,0.00,PMXC7,RT
02/15/2025 03:10:00,21.02,0.00,PMXC7,RT
02/15/2025 03:20:00,21.02,0.00,PMXC7,RT
02/15/2025 03:30:00,20.98,0.00,PMXC7,RT
02/15/2025 03:40:00,20.98,0.00,PMXC7,RT
02/15/2025 03:50:00,20.98,0.00,PMXC7,RT
02/15/2025 04:00:00,20.98,0.00,PMXC7,RT
02/15/2025 04:10:00,20.93,0.00,PMXC7,RT
02/15/2025 04:20:00,20.98,0.00,PMXC7,RT
02/15/2025 04:30:00,21.02,0.00,PMXC7,RT
02/15/2025 04:40:00,21.06,0.00,PMXC7,RT
02/15/2025 04:50:00,21.10,0.00,PMXC7,RT
02/15/2025 05:00:00,21.06,0.00,PMXC7,RT
02/15/2025 05:10:00,21.06,0.00,PMXC7,RT
02/15/2025 05:20:00,21.10,0.00,PMXC7,RT
02/15/2025 05:30:00,21.10,0.00,PMXC7,RT
02/15/2025 05:40:00,21.10,0.00,PMXC7,RT
02/15/2025 05:50:00,21.06,0.00,PMXC7,RT
02/15/2025 06:00:00,21.06,0.00,PMXC7,RT
02/15/2025 06:10:00,21.10,0.00,PMXC7,RT
02/15/2025 06:20:00,21.06,0.00,PMXC7,RT
02/15/2025 06:30:00,21.06,0.00,PMXC7,RT
02/15/2025 06:40:00,21.10,0.00,PMXC7,RT
02/15/2025 06:50:00,21.10,0.00,PMXC7,RT
02/15/2025 07:00:00,21.10,0.00,PMXC7,RT
02/15/2025 07:10:00,21.06,0.00,PMXC7,RT
02/15/2025 07:20:00,21.10,0.00,PMXC7,RT
02/15/2025 07:30:00,21.10,0.00,PMXC7,RT
02/15/2025 07:40:00,21.06,0.00,PMXC7,RT
02/15/2025 07:50:00,21.06,0.00,PMXC7,RT
02/15/2025 08:00:00,21.10,0.00,PMXC7,RT
02/15/2025 08:10:00,21.06,0.00,PMXC7,RT
02/15/2025 08:20:00,21.06,0.00,PMXC7,RT
02/15/2025 08:30:00,21.06,0.00,PMXC7,RT
02/15/2025 08:40:00,21.10,0.00,PMXC7,RT
02/15/2025 08:50:00,21.06,0.00,PMXC7,RT
02/15/2025 09:00:00,21.06,0.00,PMXC7,RT
02/15/2025 09:10:00,21.06,0.00,PMXC7,RT
02/15/2025 09:20:00,21.06,0.00,PMXC7,RT
02/15/2025 09:30:00,21.06,0.00,PMXC7,RT
02/15/2025 09:40:00,21.06,0.00,PMXC7,RT
02/15/2025 09:50:00,21.06,0.00,PMXC7,RT
02/15/2025 10:00:00,21.06,0.00,PMXC7,RT
02/15/2025 10:10:00,21.06,0.00,PMXC7,RT
02/15/2025 10:20:00,21.06,0.00,PMXC7,RT
02/15/2025 10:30:00,21.06,0.00,PMXC7,RT
02/15/2025 10:40:00,21.10,0.00,PMXC7,RT
02/15/2025 10:50:00,21.10,0.00,PMXC7,RT
02/15/2025 11:00:00,21.06,0.00,PMXC7,RT
02/15/2025 11:10:00,21.06,0.00,PMXC7,RT
02/15/2025 11:20:00,21.06,0.00,PMXC7,RT
02/15/2025 11:30:00,21.10,0.00,PMXC7,RT
02/15/2025 11:40:00,21.06,0.00,PMXC7,RT
02/15/2025 11:50:00,21.06,0.00,PMXC7,RT
02/15/2025 12:00:00,21.10,0.00,PMXC7,RT
02/15/2025 12:10:00,21.10,0.00,PMXC7,RT
02/15/2025 12:20:00,21.06,0.00,PMXC7,RT
02/15/2025 12:30:00,21.10,0.00,PMXC7,RT
02/15/2025 12:40:00,21.06,0.00,PMXC7,RT
02/15/2025 12:50:00,21.06,0.00,PMXC7,RT
02/15/2025 13:00:00,21.10,0.00,PMXC7,RT
02/15/2025 13:10:00,21.10,0.00,PMXC7,RT
02/15/2025 13:20:00,21.15,0.00,PMXC7,RT
02/15/2025 13:30:00,21.10,0.00,PMXC7,RT
02/15/2025 13:40:00,21.10,0.00,PMXC7,RT
02/15/2025 13:50:00,21.10,0.00,PMXC7,RT
02/15/2025 14:00:00,21.06,0.00,PMXC7,RT
02/15/2025 14:10:00,21.15,0.00,PMXC7,RT
02/15/2025 14:20:00,21.15,0.00,PMXC7,RT
02/15/2025 14:30:00,21.10,0.00,PMXC7,RT
02/15/2025 14:40:00,21.15,0.00,PMXC7,RT
02/15/2025 14:50:00,21.15,0.00,PMXC7,RT
02/15/2025 15:00:00,21.10,0.00,PMXC7,RT
02/15/2025 15:10:00,21.19,0.00,PMXC7,RT
02/15/2025 15:20:00,21.06,0.00,PMXC7,RT
02/15/2025 15:30:00,21.06,0.00,PMXC7,RT
02/15/2025 15:40:00,21.02,0.00,PMXC7,RT
02/15/2025 15:50:00,21.02,0.00,PMXC7,RT
02/15/2025 16:00:00,20.98,0.00,PMXC7,RT
02/15/2025 16:10:00,20.89,0.00,PMXC7,RT
02/15/2025 16:20:00,20.93,0.00,PMXC7,RT
02/15/2025 16:30:00,20.89,0.00,PMXC7,RT
02/15/2025 16:40:00,20.85,0.00,PMXC7,RT
02/15/2025 16:50:00,20.80,0.00,PMXC7,RT
02/15/2025 17:00:00,20.76,0.00,PMXC7,RT
02/15/2025 17:10:00,20.72,0.00,PMXC7,RT
02/15/2025 17:20:00,20.72,0.00,PMXC7,RT
02/15/2025 17:30:00,20.72,0.00,PMXC7,RT
02/15/2025 17:40:00,20.72,0.00,PMXC7,RT
02/15/2025 17:50:00,20.63,0.00,PMXC7,RT
02/15/2025 18:00:00,20.72,0.00,PMXC7,RT
02/15/2025 18:10:00,20.76,0.00,PMXC7,RT
02/15/2025 18:20:00,20.76,0.00,PMXC7,RT
02/15/2025 18:30:00,20.76,0.00,PMXC7,RT
02/15/2025 18:40:00,20.80,0.00,PMXC7,RT
02/15/2025 18:50:00,20.80,0.00,PMXC7,RT
02/15/2025 19:00:00,20.85,0.00,PMXC7,RT
02/15/2025 19:10:00,20.85,0.00,PMXC7,RT
02/15/2025 19:20:00,20.85,0.00,PMXC7,RT
02/15/2025 19:30:00,20.89,0.00,PMXC7,RT
02/15/2025 19:40:00,20.89,0.00,PMXC7,RT
02/15/2025 19:50:00,20.89,0.00,PMXC7,RT
02/15/2025 20:00:00,20.93,0.00,PMXC7,RT
02/15/2025 20:10:00,20.93,0.00,PMXC7,RT
02/15/2025 20:20:00,20.93,0.00,PMXC7,RT
02/15/2025 20:30:00,20.93,0.00,PMXC7,RT
02/15/2025 20:40:00,21.02,0.00,PMXC7,RT
02/15/2025 20:50:00,21.02,0.00,PMXC7,RT
02/15/2025 21:00:00,20.98,0.00,PMXC7,RT
02/15/2025 21:10:00,20.98,0.00,PMXC7,RT
02/15/2025 21:20:00,20.98,0.00,PMXC7,RT
02/15/2025 21:30:00,20.98,0.00,PMXC7,RT
02/15/2025 21:40:00,20.93,0.00,PMXC7,RT
02/15/2025 21:50:00,20.98,0.00,PMXC7,RT
02/15/2025 22:00:00,20.98,0.00,PMXC7,RT
02/15/2025 22:10:00,20.98,0.00,PMXC7,RT
02/15/2025 22:20:00,20.98,0.00,PMXC7,RT
02/15/2025 22:30:00,20.98,0.00,PMXC7,RT
02/15/2025 22:40:00,21.02,0.00,PMXC7,RT
02/15/2025 22:50:00,21.02,0.00,PMXC7,RT
02/15/2025 23:00:00,20.98,0.00,PMXC7,RT
02/15/2025 23:10:00,20.98,0.00,PMXC7,RT
02/15/2025 23:20:00,21.02,0.00,PMXC7,RT
02/15/2025 23:30:00,21.02,0.00,PMXC7,RT
02/15/2025 23:40:00,21.02,0.00,PMXC7,RT
02/15/2025 23:50:00,21.02,0.00,PMXC7,RT
02/16/2025 00:00:00,21.02,0.00,PMXC7,RT
02/16/2025 00:10:00,21.02,0.00,PMXC7,RT
02/16/2025 00:20:00,21.02,0.00,PMXC7,RT
02/16/2025 00:30:00,21.06,0.00,PMXC7,RT
02/16/2025 00:40:00,21.02,0.00,PMXC7,RT
02/16/2025 00:50:00,21.02,0.00,PMXC7,RT
02/16/2025 01:00:00,21.06,0.00,PMXC7,RT
02/16/2025 01:10:00,21.02,0.00,PMXC7,RT
02/16/2025 01:20:00,21.02,0.00,PMXC7,RT
02/16/2025 01:30:00,21.06,0.00,PMXC7,RT
02/16/2025 01:40:00,21.02,0.00,PMXC7,RT
02/16/2025 01:50:00,21.02,0.00,PMXC7,RT
02/16/2025 02:00:00,21.02,0.00,PMXC7,RT
02/16/2025 02:10:00,21.02,0.00,PMXC7,RT
02/16/2025 02:20:00,21.02,0.00,PMXC7,RT
02/16/2025 02:30:00,21.02,0.00,PMXC7,RT
02/16/2025 02:40:00,21.06,0.00,PMXC7,RT
02/16/2025 02:50:00,21.02,0.00,PMXC7,RT
02/16/2025 03:00:00,21.02,0.00,PMXC7,RT
02/16/2025 03:10:00,21.06,0.00,PMXC7,RT
02/16/2025 03:20:00,21.06,0.00,PMXC7,RT
02/16/2025 03:30:00,21.02,0.00,PMXC7,RT
02/16/2025 03:40:00,21.02,0.00,PMXC7,RT
02/16/2025 03:50:00,21.06,0.00,PMXC7,RT
02/16/2025 04:00:00,21.06,0.00,PMXC7,RT
02/16/2025 04:10:00,21.10,0.00,PMXC7,RT
02/16/2025 04:20:00,21.10,0.00,PMXC7,RT
02/16/2025 04:30:00,21.06,0.00,PMXC7,RT
02/16/2025 04:40:00,21.10,0.00,PMXC7,RT
02/16/2025 04:50:00,21.10,0.00,PMXC7,RT
02/16/2025 05:00:00,21.10,0.00,PMXC7,RT
02/16/2025 05:10:00,21.15,0.00,PMXC7,RT
02/16/2025 05:20:00,21.15,0.00,PMXC7,RT
02/16/2025 05:30:00,21.10,0.00,PMXC7,RT
02/16/2025 05:40:00,21.10,0.00,PMXC7,RT
02/16/2025 05:50:00,21.15,0.00,PMXC7,RT
02/16/2025 06:00:00,21.15,0.00,PMXC7,RT
02/16/2025 06:10:00,21.10,0.00,PMXC7,RT
02/16/2025 06:20:00,21.10,0.00,PMXC7,RT
02/16/2025 06:30:00,21.15,0.00,PMXC7,RT
02/16/2025 06:40:00,21.15,0.00,PMXC7,RT
02/16/2025 06:50:00,21.15,0.00,PMXC7,RT
02/16/2025 07:00:00,21.15,0.00,PMXC7,RT
02/16/2025 07:10:00,21.15,0.00,PMXC7,RT
02/16/2025 07:20:00,21.15,0.00,PMXC7,RT
02/16/2025 07:30:00,21.15,0.00,PMXC7,RT
02/16/2025 07:40:00,21.19,0.00,PMXC7,RT
02/16/2025 07:50:00,21.19,0.00,PMXC7,RT
02/16/2025 08:00:00,21.10,0.00,PMXC7,RT
02/16/2025 08:10:00,21.19,0.00,PMXC7,RT
02/16/2025 08:20:00,21.10,0.00,PMXC7,RT
02/16/2025 08:30:00,21.10,0.00,PMXC7,RT
02/16/2025 08:40:00,21.15,0.00,PMXC7,RT
02/16/2025 08:50:00,21.19,0.00,PMXC7,RT
02/16/2025 09:00:00,21.19,0.00,PMXC7,RT
02/16/2025 09:10:00,21.15,0.00,PMXC7,RT
02/16/2025 09:20:00,21.23,0.00,PMXC7,RT
02/16/2025 09:30:00,21.19,0.00,PMXC7,RT
02/16/2025 09:40:00,21.15,0.00,PMXC7,RT
02/16/2025 09:50:00,21.19,0.00,PMXC7,RT
02/16/2025 10:00:00,21.15,0.00,PMXC7,RT
02/16/2025 10:10:00,21.19,0.00,PMXC7,RT
02/16/2025 10:20:00,21.19,0.00,PMXC7,RT
02/16/2025 10:30:00,21.15,0.00,PMXC7,RT
02/16/2025 10:40:00,21.19,0.00,PMXC7,RT
02/16/2025 10:50:00,21.23,0.00,PMXC7,RT
02/16/2025 11:00:00,21.15,0.00,PMXC7,RT
02/16/2025 11:10:00,21.06,171.04,PMXC7,RT
02/16/2025 11:20:00,21.02,171.04,PMXC7,RT
02/16/2025 11:30:00,21.02,171.04,PMXC7,RT
02/16/2025 11:40:00,20.98,170.16,PMXC7,RT
02/16/2025 11:50:00,21.10,0.00,PMXC7,RT
02/16/2025 12:00:00,21.15,0.00,PMXC7,RT
02/16/2025 12:10:00,21.10,0.00,PMXC7,RT
02/16/2025 12:20:00,21.19,0.00,PMXC7,RT
02/16/2025 12:30:00,21.19,0.00,PMXC7,RT
02/16/2025 12:40:00,21.23,0.00,PMXC7,RT
02/16/2025 12:50:00,21.28,0.00,PMXC7,RT
02/16/2025 13:00:00,21.23,0.00,PMXC7,RT
02/16/2025 13:10:00,21.28,0.00,PMXC7,RT
02/16/2025 13:20:00,21.23,0.00,PMXC7,RT
02/16/2025 13:30:00,21.19,0.00,PMXC7,RT
02/16/2025 13:40:00,21.23,0.00,PMXC7,RT
02/16/2025 13:50:00,21.15,0.00,PMXC7,RT
02/16/2025 14:00:00,21.19,0.00,PMXC7,RT
02/16/2025 14:10:00,21.10,0.00,PMXC7,RT
02/16/2025 14:20:00,21.06,0.00,PMXC7,RT
02/16/2025 14:30:00,21.06,0.00,PMXC7,RT
02/16/2025 14:40:00,21.06,0.00,PMXC7,RT
02/16/2025 14:50:00,21.02,0.00,PMXC7,RT
02/16/2025 15:00:00,21.06,0.00,PMXC7,RT
02/16/2025 15:10:00,21.10,0.00,PMXC7,RT
02/16/2025 15:20:00,21.06,0.00,PMXC7,RT
02/16/2025 15:30:00,21.06,0.00,PMXC7,RT
02/16/2025 15:40:00,21.02,0.00,PMXC7,RT
02/16/2025 15:50:00,20.98,0.00,PMXC7,RT
02/16/2025 16:00:00,20.93,0.00,PMXC7,RT
02/16/2025 16:10:00,20.93,0.00,PMXC7,RT
02/16/2025 16:20:00,20.93,0.00,PMXC7,RT
02/16/2025 16:30:00,20.85,0.00,PMXC7,RT
02/16/2025 16:40:00,20.85,0.00,PMXC7,RT
02/16/2025 16:50:00,20.85,0.00,PMXC7,RT
02/16/2025 17:00:00,20.80,0.00,PMXC7,RT
02/16/2025 17:10:00,20.76,0.00,PMXC7,RT
02/16/2025 17:20:00,20.76,0.00,PMXC7,RT
02/16/2025 17:30:00,20.80,0.00,PMXC7,RT
02/16/2025 17:40:00,20.85,0.00,PMXC7,RT
02/16/2025 17:50:00,20.85,0.00,PMXC7,RT
02/16/2025 18:00:00,20.80,0.00,PMXC7,RT
02/16/2025 18:10:00,20.85,0.00,PMXC7,RT
02/16/2025 18:20:00,20.89,0.00,PMXC7,RT
02/16/2025 18:30:00,20.89,0.00,PMXC7,RT
02/16/2025 18:40:00,20.89,0.00,PMXC7,RT
02/16/2025 18:50:00,20.89,0.00,PMXC7,RT
02/16/2025 19:00:00,20.89,0.00,PMXC7,RT
02/16/2025 19:10:00,20.93,0.00,PMXC7,RT
02/16/2025 19:20:00,20.89,0.00,PMXC7,RT
02/16/2025 19:30:00,20.89,0.00,PMXC7,RT
02/16/2025 19:40:00,20.93,0.00,PMXC7,RT
02/16/2025 19:50:00,20.89,0.00,PMXC7,RT
02/16/2025 20:00:00,20.89,0.00,PMXC7,RT
02/16/2025 20:10:00,20.93,0.00,PMXC7,RT
02/16/2025 20:20:00,20.93,0.00,PMXC7,RT
02/16/2025 20:30:00,20.93,0.00,PMXC7,RT
02/16/2025 20:40:00,21.02,0.00,PMXC7,RT
02/16/2025 20:50:00,20.93,0.00,PMXC7,RT
02/16/2025 21:00:00,21.02,0.00,PMXC7,RT
02/16/2025 21:10:00,20.98,0.00,PMXC7,RT
02/16/2025 21:20:00,20.93,0.00,PMXC7,RT
02/16/2025 21:30:00,20.98,0.00,PMXC7,RT
02/16/2025 21:40:00,21.02,0.00,PMXC7,RT
02/16/2025 21:50:00,21.02,0.00,PMXC7,RT
02/16/2025 22:00:00,20.98,0.00,PMXC7,RT
02/16/2025 22:10:00,20.98,0.00,PMXC7,RT
02/16/2025 22:20:00,21.02,0.00,PMXC7,RT
02/16/2025 22:30:00,21.06,0.00,PMXC7,RT
02/16/2025 22:40:00,21.06,0.00,PMXC7,RT
02/16/2025 22:50:00,21.02,0.00,PMXC7,RT
02/16/2025 23:00:00,21.02,0.00,PMXC7,RT
02/16/2025 23:10:00,21.02,0.00,PMXC7,RT
02/16/2025 23:20:00,21.02,0.00,PMXC7,RT
02/16/2025 23:30:00,21.06,0.00,PMXC7,RT
02/16/2025 23:40:00,21.02,0.00,PMXC7,RT
02/16/2025 23:50:00,21.02,0.00,PMXC7,RT
02/17/2025 00:00:00,21.06,0.00,PMXC7,RT
02/17/2025 00:10:00,21.06,0.00,PMXC7,RT
02/17/2025 00:20:00,21.06,0.00,PMXC7,RT
02/17/2025 00:30:00,21.06,0.00,PMXC7,RT
02/17/2025 00:40:00,21.06,0.00,PMXC7,RT
02/17/2025 00:50:00,21.06,0.00,PMXC7,RT
02/17/2025 01:00:00,21.02,0.00,PMXC7,RT
02/17/2025 01:10:00,21.10,0.00,PMXC7,RT
02/17/2025 01:20:00,21.06,0.00,PMXC7,RT
02/17/2025 01:30:00,21.06,0.00,PMXC7,RT
02/17/2025 01:40:00,21.10,0.00,PMXC7,RT
02/17/2025 01:50:00,21.10,0.00,PMXC7,RT
02/17/2025 02:00:00,21.06,0.00,PMXC7,RT
02/17/2025 02:10:00,21.06,0.00,PMXC7,RT
02/17/2025 02:20:00,21.10,0.00,PMXC7,RT
02/17/2025 02:30:00,21.06,0.00,PMXC7,RT
02/17/2025 02:40:00,21.06,0.00,PMXC7,RT
02/17/2025 02:50:00,21.10,0.00,PMXC7,RT
02/17/2025 03:00:00,21.10,0.00,PMXC7,RT
02/17/2025 03:10:00,21.10,0.00,PMXC7,RT
02/17/2025 03:20:00,21.10,0.00,PMXC7,RT
02/17/2025 03:30:00,21.15,0.00,PMXC7,RT
02/17/2025 03:40:00,21.10,0.00,PMXC7,RT
02/17/2025 03:50:00,21.06,0.00,PMXC7,RT
02/17/2025 04:00:00,21.10,0.00,PMXC7,RT
02/17/2025 04:10:00,21.10,0.00,PMXC7,RT
02/17/2025 04:20:00,21.10,0.00,PMXC7,RT
02/17/2025 04:30:00,21.10,0.00,PMXC7,RT
02/17/2025 04:40:00,21.15,0.00,PMXC7,RT
02/17/2025 04:50:00,21.10,0.00,PMXC7,RT
02/17/2025 05:00:00,21.10,0.00,PMXC7,RT
02/17/2025 05:10:00,21.10,0.00,PMXC7,RT
02/17/2025 05:20:00,21.15,0.00,PMXC7,RT
02/17/2025 05:30:00,21.15,0.00,PMXC7,RT
02/17/2025 05:40:00,21.10,0.00,PMXC7,RT
02/17/2025 05:50:00,21.15,0.00,PMXC7,RT
02/17/2025 06:00:00,21.10,0.00,PMXC7,RT
02/17/2025 06:10:00,21.15,0.00,PMXC7,RT
02/17/2025 06:20:00,21.15,0.00,PMXC7,RT
02/17/2025 06:30:00,21.19,0.00,PMXC7,RT
02/17/2025 06:40:00,21.10,0.00,PMXC7,RT
02/17/2025 06:50:00,21.15,0.00,PMXC7,RT
02/17/2025 07:00:00,21.19,0.00,PMXC7,RT
02/17/2025 07:10:00,21.19,0.00,PMXC7,RT
02/17/2025 07:20:00,21.15,0.00,PMXC7,RT
02/17/2025 07:30:00,21.19,0.00,PMXC7,RT
02/17/2025 07:40:00,21.15,0.00,PMXC7,RT
02/17/2025 07:50:00,21.19,0.00,PMXC7,RT
02/17/2025 08:00:00,21.19,0.00,PMXC7,RT
02/17/2025 08:10:00,21.19,0.00,PMXC7,RT
02/17/2025 08:20:00,21.19,0.00,PMXC7,RT
02/17/2025 08:30:00,21.23,0.00,PMXC7,RT
02/17/2025 08:40:00,21.23,0.00,PMXC7,RT
02/17/2025 08:50:00,21.15,0.00,PMXC7,RT
02/17/2025 09:00:00,21.19,0.00,PMXC7,RT
02/17/2025 09:10:00,21.15,0.00,PMXC7,RT
02/17/2025 09:20:00,21.19,0.00,PMXC7,RT
02/17/2025 09:30:00,21.19,0.00,PMXC7,RT
02/17/2025 09:40:00,21.15,0.00,PMXC7,RT
02/17/2025 09:50:00,21.06,0.00,PMXC7,RT
02/17/2025 10:00:00,21.06,0.00,PMXC7,RT
02/17/2025 10:10:00,21.02,0.00,PMXC7,RT
02/17/2025 10:20:00,20.98,0.00,PMXC7,RT
02/17/2025 10:30:00,20.98,0.00,PMXC7,RT
02/17/2025 10:40:00,20.93,0.00,PMXC7,RT
02/17/2025 10:50:00,20.89,0.00,PMXC7,RT
02/17/2025 11:00:00,20.85,0.00,PMXC7,RT
02/17/2025 11:10:00,20.85,0.00,PMXC7,RT
02/17/2025 11:20:00,20.85,0.00,PMXC7,RT
02/17/2025 11:30:00,20.85,0.00,PMXC7,RT
02/17/2025 11:40:00,20.80,0.00,PMXC7,RT
02/17/2025 11:50:00,20.76,0.00,PMXC7,RT
02/17/2025 12:00:00,20.80,0.00,PMXC7,RT
02/17/2025 12:10:00,20.80,0.00,PMXC7,RT
02/17/2025 12:20:00,20.72,0.00,PMXC7,RT
02/17/2025 12:30:00,20.72,0.00,PMXC7,RT
02/17/2025 12:40:00,20.68,0.00,PMXC7,RT
02/17/2025 12:50:00,20.68,0.00,PMXC7,RT
02/17/2025 13:00:00,20.63,0.00,PMXC7,RT
02/17/2025 13:10:00,20.63,0.00,PMXC7,RT
02/17/2025 13:20:00,20.63,0.00,PMXC7,RT
02/17/2025 13:30:00,20.63,0.00,PMXC7,RT
02/17/2025 13:40:00,20.59,0.00,PMXC7,RT
02/17/2025 13:50:00,20.63,0.00,PMXC7,RT
02/17/2025 14:00:00,20.59,0.00,PMXC7,RT
02/17/2025 14:10:00,20.59,0.00,PMXC7,RT
02/17/2025 14:20:00,20.55,0.00,PMXC7,RT
02/17/2025 14:30:00,20.59,0.00,PMXC7,RT
02/17/2025 14:40:00,20.55,0.00,PMXC7,RT
02/17/2025 14:50:00,20.59,0.00,PMXC7,RT
02/17/2025 15:00:00,20.55,0.00,PMXC7,RT
02/17/2025 15:10:00,20.59,0.00,PMXC7,RT
02/17/2025 15:20:00,20.63,0.00,PMXC7,RT
02/17/2025 15:30:00,20.68,0.00,PMXC7,RT
02/17/2025 15:40:00,20.68,0.00,PMXC7,RT
02/17/2025 15:50:00,20.68,0.00,PMXC7,RT
02/17/2025 16:00:00,20.68,0.00,PMXC7,RT
02/17/2025 16:10:00,20.72,0.00,PMXC7,RT
02/17/2025 16:20:00,20.72,0.00,PMXC7,RT
02/17/2025 16:30:00,20.68,0.00,PMXC7,RT
02/17/2025 16:40:00,20.76,0.00,PMXC7,RT
02/17/2025 16:50:00,20.80,0.00,PMXC7,RT
02/17/2025 17:00:00,20.76,0.00,PMXC7,RT
02/17/2025 17:10:00,20.76,0.00,PMXC7,RT
02/17/2025 17:20:00,20.76,0.00,PMXC7,RT
02/17/2025 17:30:00,20.76,0.00,PMXC7,RT
02/17/2025 17:40:00,20.80,0.00,PMXC7,RT
02/17/2025 17:50:00,20.85,0.00,PMXC7,RT
02/17/2025 18:00:00,20.85,0.00,PMXC7,RT
02/17/2025 18:10:00,20.85,0.00,PMXC7,RT
02/17/2025 18:20:00,20.89,0.00,PMXC7,RT
02/17/2025 18:30:00,20.89,0.00,PMXC7,RT
02/17/2025 18:40:00,20.89,0.00,PMXC7,RT
02/17/2025 18:50:00,20.85,0.00,PMXC7,RT
02/17/2025 19:00:00,20.80,0.00,PMXC7,RT
02/17/2025 19:10:00,20.72,0.00,PMXC7,RT
02/17/2025 19:20:00,20.76,0.00,PMXC7,RT
02/17/2025 19:30:00,20.72,0.00,PMXC7,RT
02/17/2025 19:40:00,20.76,0.00,PMXC7,RT
02/17/2025 19:50:00,20.80,0.00,PMXC7,RT
02/17/2025 20:00:00,20.80,0.00,PMXC7,RT
02/17/2025 20:10:00,20.80,0.00,PMXC7,RT
02/17/2025 20:20:00,20.85,0.00,PMXC7,RT
02/17/2025 20:30:00,20.89,0.00,PMXC7,RT
02/17/2025 20:40:00,20.85,0.00,PMXC7,RT
02/17/2025 20:50:00,20.89,0.00,PMXC7,RT
02/17/2025 21:00:00,20.89,0.00,PMXC7,RT
02/17/2025 21:10:00,20.89,0.00,PMXC7,RT
02/17/2025 21:20:00,20.89,0.00,PMXC7,RT
02/17/2025 21:30:00,20.93,0.00,PMXC7,RT
02/17/2025 21:40:00,20.93,0.00,PMXC7,RT
02/17/2025 21:50:00,20.93,0.00,PMXC7,RT
02/17/2025 22:00:00,20.93,0.00,PMXC7,RT
02/17/2025 22:10:00,20.98,0.00,PMXC7,RT
02/17/2025 22:20:00,20.98,0.00,PMXC7,RT
02/17/2025 22:30:00,20.98,0.00,PMXC7,RT
02/17/2025 22:40:00,20.98,0.00,PMXC7,RT
02/17/2025 22:50:00,21.02,0.00,PMXC7,RT
02/17/2025 23:00:00,21.06,0.00,PMXC7,RT
02/17/2025 23:10:00,21.02,0.00,PMXC7,RT
02/17/2025 23:20:00,21.02,0.00,PMXC7,RT
02/17/2025 23:30:00,21.02,0.00,PMXC7,RT
02/17/2025 23:40:00,21.02,0.00,PMXC7,RT
02/17/2025 23:50:00,21.02,0.00,PMXC7,RT
02/18/2025 00:00:00,21.06,0.00,PMXC7,RT
02/18/2025 00:10:00,21.02,0.00,PMXC7,RT
02/18/2025 00:20:00,20.98,0.00,PMXC7,RT
02/18/2025 00:30:00,21.06,0.00,PMXC7,RT
02/18/2025 00:40:00,21.02,0.00,PMXC7,RT
02/18/2025 00:50:00,21.06,0.00,PMXC7,RT
02/18/2025 01:00:00,21.06,0.00,PMXC7,RT
02/18/2025 01:10:00,21.06,0.00,PMXC7,RT
02/18/2025 01:20:00,21.10,0.00,PMXC7,RT
02/18/2025 01:30:00,21.02,0.00,PMXC7,RT
02/18/2025 01:40:00,21.06,0.00,PMXC7,RT
02/18/2025 01:50:00,21.06,0.00,PMXC7,RT
02/18/2025 02:00:00,21.06,0.00,PMXC7,RT
02/18/2025 02:10:00,21.10,0.00,PMXC7,RT
02/18/2025 02:20:00,21.06,0.00,PMXC7,RT
02/18/2025 02:30:00,21.06,0.00,PMXC7,RT
02/18/2025 02:40:00,21.10,0.00,PMXC7,RT
02/18/2025 02:50:00,21.06,0.00,PMXC7,RT
02/18/2025 03:00:00,21.06,0.00,PMXC7,RT
02/18/2025 03:10:00,21.10,0.00,PMXC7,RT
02/18/2025 03:20:00,21.10,0.00,PMXC7,RT
02/18/2025 03:30:00,21.10,0.00,PMXC7,RT
02/18/2025 03:40:00,21.06,0.00,PMXC7,RT
02/18/2025 03:50:00,21.06,0.00,PMXC7,RT
02/18/2025 04:00:00,21.06,0.00,PMXC7,RT
02/18/2025 04:10:00,21.10,0.00,PMXC7,RT
02/18/2025 04:20:00,21.10,0.00,PMXC7,RT
02/18/2025 04:30:00,21.06,0.00,PMXC7,RT
02/18/2025 04:40:00,21.06,0.00,PMXC7,RT
02/18/2025 04:50:00,21.10,0.00,PMXC7,RT
02/18/2025 05:00:00,21.10,0.00,PMXC7,RT
02/18/2025 05:10:00,21.10,0.00,PMXC7,RT
02/18/2025 05:20:00,21.06,0.00,PMXC7,RT
02/18/2025 05:30:00,21.10,0.00,PMXC7,RT
02/18/2025 05:40:00,21.06,0.00,PMXC7,RT
02/18/2025 05:50:00,21.10,0.00,PMXC7,RT
02/18/2025 06:00:00,21.10,0.00,PMXC7,RT
02/18/2025 06:10:00,21.10,0.00,PMXC7,RT
02/18/2025 06:20:00,21.10,0.00,PMXC7,RT
02/18/2025 06:30:00,21.10,0.00,PMXC7,RT
02/18/2025 06:40:00,21.10,0.00,PMXC7,RT
02/18/2025 06:50:00,21.10,0.00,PMXC7,RT
02/18/2025 07:00:00,21.10,0.00,PMXC7,RT
02/18/2025 07:10:00,21.15,0.00,PMXC7,RT
02/18/2025 07:20:00,21.15,0.00,PMXC7,RT
02/18/2025 07:30:00,21.10,0.00,PMXC7,RT
02/18/2025 07:40:00,21.15,0.00,PMXC7,RT
02/18/2025 07:50:00,21.15,0.00,PMXC7,RT
02/18/2025 08:00:00,21.10,0.00,PMXC7,RT
02/18/2025 08:10:00,21.15,0.00,PMXC7,RT
02/18/2025 08:20:00,21.15,0.00,PMXC7,RT
02/18/2025 08:30:00,21.15,0.00,PMXC7,RT
02/18/2025 08:40:00,21.19,0.00,PMXC7,RT
02/18/2025 08:50:00,21.15,0.00,PMXC7,RT
02/18/2025 09:00:00,21.19,0.00,PMXC7,RT
02/18/2025 09:10:00,21.19,0.00,PMXC7,RT
02/18/2025 09:20:00,21.19,0.00,PMXC7,RT
02/18/2025 09:30:00,21.15,0.00,PMXC7,RT
02/18/2025 09:40:00,21.10,0.00,PMXC7,RT
02/18/2025 09:50:00,21.10,0.00,PMXC7,RT
02/18/2025 10:00:00,21.10,0.00,PMXC7,RT
02/18/2025 10:10:00,21.06,0.00,PMXC7,RT
02/18/2025 10:20:00,21.10,0.00,PMXC7,RT
02/18/2025 10:30:00,21.06,0.00,PMXC7,RT
02/18/2025 10:40:00,21.02,0.00,PMXC7,RT
02/18/2025 10:50:00,20.98,0.00,PMXC7,RT
02/18/2025 11:00:00,21.06,0.00,PMXC7,RT
02/18/2025 11:10:00,21.02,0.00,PMXC7,RT
02/18/2025 11:20:00,21.02,0.00,PMXC7,RT
02/18/2025 11:30:00,20.98,0.00,PMXC7,RT
02/18/2025 11:40:00,20.98,0.00,PMXC7,RT
02/18/2025 11:50:00,20.98,0.00,PMXC7,RT
02/18/2025 12:00:00,20.89,0.00,PMXC7,RT
02/18/2025 12:10:00,21.02,0.00,PMXC7,RT
02/18/2025 12:20:00,21.02,0.00,PMXC7,RT
02/18/2025 12:30:00,21.02,0.00,PMXC7,RT
02/18/2025 12:40:00,20.98,0.00,PMXC7,RT
02/18/2025 12:50:00,21.02,0.00,PMXC7,RT
02/18/2025 13:00:00,20.98,0.00,PMXC7,RT
02/18/2025 13:10:00,21.02,0.00,PMXC7,RT
02/18/2025 13:20:00,21.02,0.00,PMXC7,RT
02/18/2025 13:30:00,21.02,0.00,PMXC7,RT
02/18/2025 13:40:00,21.02,0.00,PMXC7,RT
02/18/2025 13:50:00,21.02,0.00,PMXC7,RT
02/18/2025 14:00:00,21.02,0.00,PMXC7,RT
02/18/2025 14:10:00,21.02,0.00,PMXC7,RT
02/18/2025 14:20:00,21.06,0.00,PMXC7,RT
02/18/2025 14:30:00,21.06,0.00,PMXC7,RT
02/18/2025 14:40:00,21.02,0.00,PMXC7,RT
02/18/2025 14:50:00,21.02,0.00,PMXC7,RT
02/18/2025 15:00:00,21.02,0.00,PMXC7,RT
02/18/2025 15:10:00,20.98,0.00,PMXC7,RT
02/18/2025 15:20:00,20.98,0.00,PMXC7,RT
02/18/2025 15:30:00,20.93,0.00,PMXC7,RT
02/18/2025 15:40:00,20.89,0.00,PMXC7,RT
02/18/2025 15:50:00,20.93,0.00,PMXC7,RT
02/18/2025 16:00:00,20.93,0.00,PMXC7,RT
02/18/2025 16:10:00,20.89,0.00,PMXC7,RT
02/18/2025 16:20:00,20.85,0.00,PMXC7,RT
02/18/2025 16:30:00,20.80,0.00,PMXC7,RT
02/18/2025 16:40:00,20.80,0.00,PMXC7,RT
02/18/2025 16:50:00,20.80,0.00,PMXC7,RT
02/18/2025 17:00:00,20.80,0.00,PMXC7,RT
02/18/2025 17:10:00,20.85,0.00,PMXC7,RT
02/18/2025 17:20:00,20.76,0.00,PMXC7,RT
02/18/2025 17:30:00,20.80,0.00,PMXC7,RT
02/18/2025 17:40:00,20.85,0.00,PMXC7,RT
02/18/2025 17:50:00,20.85,0.00,PMXC7,RT
02/18/2025 18:00:00,20.85,0.00,PMXC7,RT
02/18/2025 18:10:00,20.85,0.00,PMXC7,RT
02/18/2025 18:20:00,20.89,0.00,PMXC7,RT
02/18/2025 18:30:00,20.85,0.00,PMXC7,RT
02/18/2025 18:40:00,20.89,0.00,PMXC7,RT
02/18/2025 18:50:00,20.85,0.00,PMXC7,RT
02/18/2025 19:00:00,20.89,0.00,PMXC7,RT
02/18/2025 19:10:00,20.93,0.00,PMXC7,RT
02/18/2025 19:20:00,20.93,0.00,PMXC7,RT
02/18/2025 19:30:00,20.93,0.00,PMXC7,RT
02/18/2025 19:40:00,20.98,0.00,PMXC7,RT
02/18/2025 19:50:00,20.93,0.00,PMXC7,RT
02/18/2025 20:00:00,21.02,0.00,PMXC7,RT
02/18/2025 20:10:00,20.98,0.00,PMXC7,RT
02/18/2025 20:20:00,21.02,0.00,PMXC7,RT
02/18/2025 20:30:00,20.98,0.00,PMXC7,RT
02/18/2025 20:40:00,21.02,0.00,PMXC7,RT
02/18/2025 20:50:00,20.93,0.00,PMXC7,RT
02/18/2025 21:00:00,20.93,0.00,PMXC7,RT
02/18/2025 21:10:00,21.02,0.00,PMXC7,RT
02/18/2025 21:20:00,20.98,0.00,PMXC7,RT
02/18/2025 21:30:00,20.93,0.00,PMXC7,RT
02/18/2025 21:40:00,20.85,0.00,PMXC7,RT
02/18/2025 21:50:00,20.89,0.00,PMXC7,RT
02/18/2025 22:00:00,20.85,0.00,PMXC7,RT
02/18/2025 22:10:00,20.85,0.00,PMXC7,RT
02/18/2025 22:20:00,20.80,0.00,PMXC7,RT
02/18/2025 22:30:00,20.72,0.00,PMXC7,RT
02/18/2025 22:40:00,20.76,0.00,PMXC7,RT
02/18/2025 22:50:00,20.72,0.00,PMXC7,RT
02/18/2025 23:00:00,20.68,0.00,PMXC7,RT
02/18/2025 23:10:00,20.63,0.00,PMXC7,RT
02/18/2025 23:20:00,20.68,0.00,PMXC7,RT
02/18/2025 23:30:00,20.63,0.00,PMXC7,RT
02/18/2025 23:40:00,20.59,0.00,PMXC7,RT
02/18/2025 23:50:00,20.59,0.00,PMXC7,RT
02/19/2025 00:00:00,20.63,0.00,PMXC7,RT
02/19/2025 00:10:00,20.63,0.00,PMXC7,RT
02/19/2025 00:20:00,20.68,0.00,PMXC7,RT
02/19/2025 00:30:00,20.68,0.00,PMXC7,RT
02/19/2025 00:40:00,20.68,0.00,PMXC7,RT
02/19/2025 00:50:00,20.68,0.00,PMXC7,RT
02/19/2025 01:00:00,20.72,0.00,PMXC7,RT
02/19/2025 01:10:00,20.76,0.00,PMXC7,RT
02/19/2025 01:20:00,20.72,0.00,PMXC7,RT
02/19/2025 01:30:00,20.76,0.00,PMXC7,RT
02/19/2025 01:40:00,20.72,0.00,PMXC7,RT
02/19/2025 01:50:00,20.80,0.00,PMXC7,RT
02/19/2025 02:00:00,20.76,0.00,PMXC7,RT
02/19/2025 02:10:00,20.80,0.00,PMXC7,RT
02/19/2025 02:20:00,20.80,0.00,PMXC7,RT
02/19/2025 02:30:00,20.85,0.00,PMXC7,RT
02/19/2025 02:40:00,20.85,0.00,PMXC7,RT
02/19/2025 02:50:00,20.85,0.00,PMXC7,RT
02/19/2025 03:00:00,20.85,0.00,PMXC7,RT
02/19/2025 03:10:00,20.85,0.00,PMXC7,RT
02/19/2025 03:20:00,20.89,0.00,PMXC7,RT
02/19/2025 03:30:00,20.85,0.00,PMXC7,RT
02/19/2025 03:40:00,20.93,0.00,PMXC7,RT
02/19/2025 03:50:00,20.85,0.00,PMXC7,RT
02/19/2025 04:00:00,20.85,0.00,PMXC7,RT
02/19/2025 04:10:00,20.89,0.00,PMXC7,RT
02/19/2025 04:20:00,20.93,0.00,PMXC7,RT
02/19/2025 04:30:00,20.93,0.00,PMXC7,RT
02/19/2025 04:40:00,20.93,0.00,PMXC7,RT
02/19/2025 04:50:00,20.93,0.00,PMXC7,RT
02/19/2025 05:00:00,20.89,0.00,PMXC7,RT
02/19/2025 05:10:00,20.93,0.00,PMXC7,RT
02/19/2025 05:20:00,20.98,0.00,PMXC7,RT
02/19/2025 05:30:00,20.98,0.00,PMXC7,RT
02/19/2025 05:40:00,20.98,0.00,PMXC7,RT
02/19/2025 05:50:00,20.98,0.00,PMXC7,RT
02/19/2025 06:00:00,21.02,0.00,PMXC7,RT
02/19/2025 06:10:00,20.98,0.00,PMXC7,RT
02/19/2025 06:20:00,21.02,0.00,PMXC7,RT
02/19/2025 06:30:00,21.06,0.00,PMXC7,RT
02/19/2025 06:40:00,20.98,0.00,PMXC7,RT
02/19/2025 06:50:00,21.02,0.00,PMXC7,RT
02/19/2025 07:00:00,21.02,0.00,PMXC7,RT
02/19/2025 07:10:00,21.02,0.00,PMXC7,RT
02/19/2025 07:20:00,21.02,0.00,PMXC7,RT
02/19/2025 07:30:00,21.06,0.00,PMXC7,RT
02/19/2025 07:40:00,21.06,0.00,PMXC7,RT
02/19/2025 07:50:00,21.06,0.00,PMXC7,RT
02/19/2025 08:00:00,21.10,0.00,PMXC7,RT
02/19/2025 08:10:00,21.06,0.00,PMXC7,RT
02/19/2025 08:20:00,21.15,0.00,PMXC7,RT
02/19/2025 08:30:00,21.10,0.00,PMXC7,RT
02/19/2025 08:40:00,21.06,0.00,PMXC7,RT
02/19/2025 08:50:00,21.10,0.00,PMXC7,RT
02/19/2025 09:00:00,21.06,0.00,PMXC7,RT
02/19/2025 09:10:00,21.10,0.00,PMXC7,RT
02/19/2025 09:20:00,21.06,0.00,PMXC7,RT
02/19/2025 09:30:00,21.06,0.00,PMXC7,RT
02/19/2025 09:40:00,21.06,0.00,PMXC7,RT
02/19/2025 09:50:00,20.98,0.00,PMXC7,RT
02/19/2025 10:00:00,20.98,0.00,PMXC7,RT
02/19/2025 10:10:00,20.93,0.00,PMXC7,RT
02/19/2025 10:20:00,20.93,0.00,PMXC7,RT
02/19/2025 10:30:00,20.98,0.00,PMXC7,RT
02/19/2025 10:40:00,21.02,0.00,PMXC7,RT
02/19/2025 10:50:00,20.93,0.00,PMXC7,RT
02/19/2025 11:00:00,20.98,0.00,PMXC7,RT
02/19/2025 11:10:00,20.89,0.00,PMXC7,RT
02/19/2025 11:20:00,20.93,174.40,PMXC7,RT
02/19/2025 11:30:00,20.85,173.52,PMXC7,RT
02/19/2025 11:40:00,20.89,173.52,PMXC7,RT
02/19/2025 11:50:00,20.85,0.00,PMXC7,RT
02/19/2025 12:00:00,21.06,0.00,PMXC7,RT
02/19/2025 12:10:00,21.06,0.00,PMXC7,RT
02/19/2025 12:20:00,21.02,0.00,PMXC7,RT
02/19/2025 12:30:00,20.98,0.00,PMXC7,RT
02/19/2025 12:40:00,20.98,0.00,PMXC7,RT
02/19/2025 12:50:00,20.89,0.00,PMXC7,RT
02/19/2025 13:00:00,20.93,0.00,PMXC7,RT
02/19/2025 13:10:00,20.89,0.00,PMXC7,RT
02/19/2025 13:20:00,20.85,0.00,PMXC7,RT
02/19/2025 13:30:00,20.80,0.00,PMXC7,RT
02/19/2025 13:40:00,20.80,0.00,PMXC7,RT
02/19/2025 13:50:00,20.76,0.00,PMXC7,RT
02/19/2025 14:00:00,20.80,0.00,PMXC7,RT
02/19/2025 14:10:00,20.76,0.00,PMXC7,RT
02/19/2025 14:20:00,20.76,0.00,PMXC7,RT
02/19/2025 14:30:00,20.76,0.00,PMXC7,RT
02/19/2025 14:40:00,20.76,0.00,PMXC7,RT
02/19/2025 14:50:00,20.85,0.00,PMXC7,RT
02/19/2025 15:00:00,20.85,0.00,PMXC7,RT
02/19/2025 15:10:00,20.85,0.00,PMXC7,RT
02/19/2025 15:20:00,20.93,0.00,PMXC7,RT
02/19/2025 15:30:00,20.98,0.00,PMXC7,RT
02/19/2025 15:40:00,21.02,0.00,PMXC7,RT
02/19/2025 15:50:00,21.06,0.00,PMXC7,RT
02/19/2025 16:00:00,21.06,0.00,PMXC7,RT
02/19/2025 16:10:00,21.06,0.00,PMXC7,RT
02/19/2025 16:20:00,21.15,0.00,PMXC7,RT
02/19/2025 16:30:00,21.15,0.00,PMXC7,RT
02/19/2025 16:40:00,21.15,0.00,PMXC7,RT
02/19/2025 16:50:00,21.15,0.00,PMXC7,RT
02/19/2025 17:00:00,21.15,0.00,PMXC7,RT
02/19/2025 17:10:00,21.10,0.00,PMXC7,RT
02/19/2025 17:20:00,21.06,0.00,PMXC7,RT
02/19/2025 17:30:00,21.10,0.00,PMXC7,RT
02/19/2025 17:40:00,21.02,0.00,PMXC7,RT
02/19/2025 17:50:00,21.02,0.00,PMXC7,RT
02/19/2025 18:00:00,20.98,0.00,PMXC7,RT
02/19/2025 18:10:00,20.93,0.00,PMXC7,RT
02/19/2025 18:20:00,20.98,0.00,PMXC7,RT
02/19/2025 18:30:00,21.02,0.00,PMXC7,RT
02/19/2025 18:40:00,21.02,0.00,PMXC7,RT
02/19/2025 18:50:00,21.02,0.00,PMXC7,RT
02/19/2025 19:00:00,21.06,0.00,PMXC7,RT
02/19/2025 19:10:00,21.06,0.00,PMXC7,RT
02/19/2025 19:20:00,21.06,0.00,PMXC7,RT
02/19/2025 19:30:00,21.10,0.00,PMXC7,RT
02/19/2025 19:40:00,21.06,0.00,PMXC7,RT
02/19/2025 19:50:00,21.02,0.00,PMXC7,RT
02/19/2025 20:00:00,21.10,0.00,PMXC7,RT
02/19/2025 20:10:00,21.06,0.00,PMXC7,RT
02/19/2025 20:20:00,21.06,0.00,PMXC7,RT
02/19/2025 20:30:00,21.06,0.00,PMXC7,RT
02/19/2025 20:40:00,21.06,0.00,PMXC7,RT
02/19/2025 20:50:00,21.10,0.00,PMXC7,RT
02/19/2025 21:00:00,21.10,0.00,PMXC7,RT
02/19/2025 21:10:00,21.10,0.00,PMXC7,RT
02/19/2025 21:20:00,21.10,0.00,PMXC7,RT
02/19/2025 21:30:00,21.10,0.00,PMXC7,RT
02/19/2025 21:40:00,21.06,0.00,PMXC7,RT
02/19/2025 21:50:00,21.10,0.00,PMXC7,RT
02/19/2025 22:00:00,21.06,0.00,PMXC7,RT
02/19/2025 22:10:00,21.10,0.00,PMXC7,RT
02/19/2025 22:20:00,21.06,0.00,PMXC7,RT
02/19/2025 22:30:00,21.10,0.00,PMXC7,RT
02/19/2025 22:40:00,21.10,0.00,PMXC7,RT
02/19/2025 22:50:00,21.10,0.00,PMXC7,RT
02/19/2025 23:00:00,21.10,0.00,PMXC7,RT
02/19/2025 23:10:00,21.06,0.00,PMXC7,RT
02/19/2025 23:20:00,21.10,0.00,PMXC7,RT
02/19/2025 23:30:00,21.06,0.00,PMXC7,RT
02/19/2025 23:40:00,21.10,0.00,PMXC7,RT
02/19/2025 23:50:00,21.10,0.00,PMXC7,RT
02/20/2025 00:00:00,21.06,0.00,PMXC7,RT
02/20/2025 00:10:00,21.10,0.00,PMXC7,RT
02/20/2025 00:20:00,21.10,0.00,PMXC7,RT
02/20/2025 00:30:00,21.06,0.00,PMXC7,RT
02/20/2025 00:40:00,21.10,0.00,PMXC7,RT
02/20/2025 00:50:00,21.10,0.00,PMXC7,RT
02/20/2025 01:00:00,21.06,0.00,PMXC7,RT
02/20/2025 01:10:00,21.06,0.00,PMXC7,RT
02/20/2025 01:20:00,21.06,0.00,PMXC7,RT
02/20/2025 01:30:00,21.10,0.00,PMXC7,RT
02/20/2025 01:40:00,21.06,0.00,PMXC7,RT
02/20/2025 01:50:00,21.10,0.00,PMXC7,RT
02/20/2025 02:00:00,21.10,0.00,PMXC7,RT
02/20/2025 02:10:00,21.06,0.00,PMXC7,RT
02/20/2025 02:20:00,21.10,0.00,PMXC7,RT
02/20/2025 02:30:00,21.10,0.00,PMXC7,RT
02/20/2025 02:40:00,21.10,0.00,PMXC7,RT
02/20/2025 02:50:00,21.06,0.00,PMXC7,RT
02/20/2025 03:00:00,21.10,0.00,PMXC7,RT
02/20/2025 03:10:00,21.10,0.00,PMXC7,RT
02/20/2025 03:20:00,21.10,0.00,PMXC7,RT
02/20/2025 03:30:00,21.06,0.00,PMXC7,RT
02/20/2025 03:40:00,21.06,0.00,PMXC7,RT
02/20/2025 03:50:00,21.06,0.00,PMXC7,RT
02/20/2025 04:00:00,21.10,0.00,PMXC7,RT
02/20/2025 04:10:00,21.10,0.00,PMXC7,RT
02/20/2025 04:20:00,21.10,0.00,PMXC7,RT
02/20/2025 04:30:00,21.06,0.00,PMXC7,RT
02/20/2025 04:40:00,21.10,0.00,PMXC7,RT
02/20/2025 04:50:00,21.10,0.00,PMXC7,RT
02/20/2025 05:00:00,21.10,0.00,PMXC7,RT
02/20/2025 05:10:00,21.10,0.00,PMXC7,RT
02/20/2025 05:20:00,21.10,0.00,PMXC7,RT
02/20/2025 05:30:00,21.15,0.00,PMXC7,RT
02/20/2025 05:40:00,21.15,0.00,PMXC7,RT
02/20/2025 05:50:00,21.10,0.00,PMXC7,RT
02/20/2025 06:00:00,21.10,0.00,PMXC7,RT
02/20/2025 06:10:00,21.15,0.00,PMXC7,RT
02/20/2025 06:20:00,21.15,0.00,PMXC7,RT
02/20/2025 06:30:00,21.15,0.00,PMXC7,RT
02/20/2025 06:40:00,21.15,0.00,PMXC7,RT
02/20/2025 06:50:00,21.15,0.00,PMXC7,RT
02/20/2025 07:00:00,21.10,0.00,PMXC7,RT
02/20/2025 07:10:00,21.15,0.00,PMXC7,RT
02/20/2025 07:20:00,21.15,0.00,PMXC7,RT
02/20/2025 07:30:00,21.15,0.00,PMXC7,RT
02/20/2025 07:40:00,21.10,0.00,PMXC7,RT
02/20/2025 07:50:00,21.15,0.00,PMXC7,RT
02/20/2025 08:00:00,21.10,0.00,PMXC7,RT
02/20/2025 08:10:00,21.06,0.00,PMXC7,RT
02/20/2025 08:20:00,21.06,0.00,PMXC7,RT
02/20/2025 08:30:00,21.06,0.00,PMXC7,RT
02/20/2025 08:40:00,21.06,0.00,PMXC7,RT
02/20/2025 08:50:00,21.06,0.00,PMXC7,RT
02/20/2025 09:00:00,21.02,0.00,PMXC7,RT
02/20/2025 09:10:00,20.93,0.00,PMXC7,RT
02/20/2025 09:20:00,20.89,0.00,PMXC7,RT
02/20/2025 09:30:00,20.98,0.00,PMXC7,RT
02/20/2025 09:40:00,20.89,0.00,PMXC7,RT
02/20/2025 09:50:00,20.85,0.00,PMXC7,RT
02/20/2025 10:00:00,20.85,0.00,PMXC7,RT
02/20/2025 10:10:00,20.89,0.00,PMXC7,RT
02/20/2025 10:20:00,20.89,0.00,PMXC7,RT
02/20/2025 10:30:00,20.89,0.00,PMXC7,RT
02/20/2025 10:40:00,20.89,0.00,PMXC7,RT
02/20/2025 10:50:00,20.80,0.00,PMXC7,RT
02/20/2025 11:00:00,20.85,0.00,PMXC7,RT
02/20/2025 11:10:00,20.85,0.00,PMXC7,RT
02/20/2025 11:20:00,20.80,0.00,PMXC7,RT
02/20/2025 11:30:00,20.80,0.00,PMXC7,RT
02/20/2025 11:40:00,20.80,0.00,PMXC7,RT
02/20/2025 11:50:00,20.76,0.00,PMXC7,RT
02/20/2025 12:00:00,20.76,0.00,PMXC7,RT
02/20/2025 12:10:00,20.72,0.00,PMXC7,RT
02/20/2025 12:20:00,20.72,0.00,PMXC7,RT
02/20/2025 12:30:00,20.68,0.00,PMXC7,RT
02/20/2025 12:40:00,20.68,0.00,PMXC7,RT
02/20/2025 12:50:00,20.63,0.00,PMXC7,RT
02/20/2025 13:00:00,20.63,0.00,PMXC7,RT
02/20/2025 13:10:00,20.59,0.00,PMXC7,RT
02/20/2025 13:20:00,20.59,0.00,PMXC7,RT
02/20/2025 13:30:00,20.59,0.00,PMXC7,RT
02/20/2025 13:40:00,20.59,0.00,PMXC7,RT
02/20/2025 13:50:00,20.59,0.00,PMXC7,RT
02/20/2025 14:00:00,20.59,0.00,PMXC7,RT
02/20/2025 14:10:00,20.59,0.00,PMXC7,RT
02/20/2025 14:20:00,20.63,0.00,PMXC7,RT
02/20/2025 14:30:00,20.68,0.00,PMXC7,RT
02/20/2025 14:40:00,20.72,0.00,PMXC7,RT
02/20/2025 14:50:00,20.72,0.00,PMXC7,RT
02/20/2025 15:00:00,20.72,0.00,PMXC7,RT
02/20/2025 15:10:00,20.76,0.00,PMXC7,RT
02/20/2025 15:20:00,20.76,0.00,PMXC7,RT
02/20/2025 15:30:00,20.76,0.00,PMXC7,RT
02/20/2025 15:40:00,20.76,0.00,PMXC7,RT
02/20/2025 15:50:00,20.76,0.00,PMXC7,RT
02/20/2025 16:00:00,20.72,0.00,PMXC7,RT
02/20/2025 16:10:00,20.76,0.00,PMXC7,RT
02/20/2025 16:20:00,20.80,0.00,PMXC7,RT
02/20/2025 16:30:00,20.76,0.00,PMXC7,RT
02/20/2025 16:40:00,20.76,0.00,PMXC7,RT
02/20/2025 16:50:00,20.72,0.00,PMXC7,RT
02/20/2025 17:00:00,20.72,0.00,PMXC7,RT
02/20/2025 17:10:00,20.72,0.00,PMXC7,RT
02/20/2025 17:20:00,20.72,0.00,PMXC7,RT
02/20/2025 17:30:00,20.72,0.00,PMXC7,RT
02/20/2025 17:40:00,20.76,0.00,PMXC7,RT
02/20/2025 17:50:00,20.76,0.00,PMXC7,RT
02/20/2025 18:00:00,20.76,0.00,PMXC7,RT
02/20/2025 18:10:00,20.76,0.00,PMXC7,RT
02/20/2025 18:20:00,20.80,0.00,PMXC7,RT
02/20/2025 18:30:00,20.80,0.00,PMXC7,RT
02/20/2025 18:40:00,20.80,0.00,PMXC7,RT
02/20/2025 18:50:00,20.85,0.00,PMXC7,RT
02/20/2025 19:00:00,20.85,0.00,PMXC7,RT
02/20/2025 19:10:00,20.85,0.00,PMXC7,RT
02/20/2025 19:20:00,20.85,0.00,PMXC7,RT
02/20/2025 19:30:00,20.85,0.00,PMXC7,RT
02/20/2025 19:40:00,20.93,0.00,PMXC7,RT
02/20/2025 19:50:00,20.89,0.00,PMXC7,RT
02/20/2025 20:00:00,20.89,0.00,PMXC7,RT
02/20/2025 20:10:00,20.93,0.00,PMXC7,RT
02/20/2025 20:20:00,20.93,0.00,PMXC7,RT
02/20/2025 20:30:00,20.93,0.00,PMXC7,RT
02/20/2025 20:40:00,20.93,0.00,PMXC7,RT
02/20/2025 20:50:00,20.93,0.00,PMXC7,RT
02/20/2025 21:00:00,20.98,0.00,PMXC7,RT
02/20/2025 21:10:00,20.98,0.00,PMXC7,RT
02/20/2025 21:20:00,20.98,0.00,PMXC7,RT
02/20/2025 21:30:00,20.98,0.00,PMXC7,RT
02/20/2025 21:40:00,21.02,0.00,PMXC7,RT
02/20/2025 21:50:00,20.98,0.00,PMXC7,RT
02/20/2025 22:00:00,20.93,0.00,PMXC7,RT
02/20/2025 22:10:00,20.93,0.00,PMXC7,RT
02/20/2025 22:20:00,20.93,0.00,PMXC7,RT
02/20/2025 22:30:00,20.93,0.00,PMXC7,RT
02/20/2025 22:40:00,20.93,0.00,PMXC7,RT
02/20/2025 22:50:00,20.89,0.00,PMXC7,RT
02/20/2025 23:00:00,20.89,0.00,PMXC7,RT
02/20/2025 23:10:00,20.93,0.00,PMXC7,RT
02/20/2025 23:20:00,20.89,0.00,PMXC7,RT
02/20/2025 23:30:00,20.89,0.00,PMXC7,RT
02/20/2025 23:40:00,20.89,0.00,PMXC7,RT
02/20/2025 23:50:00,20.89,0.00,PMXC7,RT
02/21/2025 00:00:00,20.93,0.00,PMXC7,RT
02/21/2025 00:10:00,20.93,0.00,PMXC7,RT
02/21/2025 00:20:00,20.98,0.00,PMXC7,RT
02/21/2025 00:30:00,20.93,0.00,PMXC7,RT
02/21/2025 00:40:00,20.98,0.00,PMXC7,RT
02/21/2025 00:50:00,20.93,0.00,PMXC7,RT
02/21/2025 01:00:00,20.98,0.00,PMXC7,RT
02/21/2025 01:10:00,20.93,0.00,PMXC7,RT
02/21/2025 01:20:00,20.98,0.00,PMXC7,RT
02/21/2025 01:30:00,20.93,0.00,PMXC7,RT
02/21/2025 01:40:00,20.98,0.00,PMXC7,RT
02/21/2025 01:50:00,20.93,0.00,PMXC7,RT
02/21/2025 02:00:00,20.93,0.00,PMXC7,RT
02/21/2025 02:10:00,20.93,0.00,PMXC7,RT
02/21/2025 02:20:00,20.93,0.00,PMXC7,RT
02/21/2025 02:30:00,20.98,0.00,PMXC7,RT
02/21/2025 02:40:00,20.98,0.00,PMXC7,RT
02/21/2025 02:50:00,20.93,0.00,PMXC7,RT
02/21/2025 03:00:00,20.98,0.00,PMXC7,RT
02/21/2025 03:10:00,20.98,0.00,PMXC7,RT
02/21/2025 03:20:00,20.98,0.00,PMXC7,RT
02/21/2025 03:30:00,20.98,0.00,PMXC7,RT
02/21/2025 03:40:00,20.98,0.00,PMXC7,RT
02/21/2025 03:50:00,20.98,0.00,PMXC7,RT
02/21/2025 04:00:00,20.98,0.00,PMXC7,RT
02/21/2025 04:10:00,20.98,0.00,PMXC7,RT
02/21/2025 04:20:00,20.98,0.00,PMXC7,RT
02/21/2025 04:30:00,20.98,0.00,PMXC7,RT
02/21/2025 04:40:00,21.02,0.00,PMXC7,RT
02/21/2025 04:50:00,21.02,0.00,PMXC7,RT
02/21/2025 05:00:00,21.02,0.00,PMXC7,RT
02/21/2025 05:10:00,21.06,0.00,PMXC7,RT
02/21/2025 05:20:00,21.10,0.00,PMXC7,RT
02/21/2025 05:30:00,21.10,0.00,PMXC7,RT
02/21/2025 05:40:00,21.10,0.00,PMXC7,RT
02/21/2025 05:50:00,21.10,0.00,PMXC7,RT
02/21/2025 06:00:00,21.06,0.00,PMXC7,RT
02/21/2025 06:10:00,21.10,0.00,PMXC7,RT
02/21/2025 06:20:00,21.10,0.00,PMXC7,RT
02/21/2025 06:30:00,21.10,0.00,PMXC7,RT
02/21/2025 06:40:00,21.06,0.00,PMXC7,RT
02/21/2025 06:50:00,21.10,0.00,PMXC7,RT
02/21/2025 07:00:00,21.10,0.00,PMXC7,RT
02/21/2025 07:10:00,21.06,0.00,PMXC7,RT
02/21/2025 07:20:00,21.06,0.00,PMXC7,RT
02/21/2025 07:30:00,21.06,0.00,PMXC7,RT
02/21/2025 07:40:00,21.10,0.00,PMXC7,RT
02/21/2025 07:50:00,21.06,0.00,PMXC7,RT
02/21/2025 08:00:00,21.06,0.00,PMXC7,RT
02/21/2025 08:10:00,21.06,0.00,PMXC7,RT
02/21/2025 08:20:00,21.02,0.00,PMXC7,RT
02/21/2025 08:30:00,21.06,0.00,PMXC7,RT
02/21/2025 08:40:00,21.10,0.00,PMXC7,RT
02/21/2025 08:50:00,21.06,0.00,PMXC7,RT
02/21/2025 09:00:00,21.06,0.00,PMXC7,RT
02/21/2025 09:10:00,21.02,0.00,PMXC7,RT
02/21/2025 09:20:00,20.98,0.00,PMXC7,RT
02/21/2025 09:30:00,20.93,0.00,PMXC7,RT
02/21/2025 09:40:00,20.98,0.00,PMXC7,RT
02/21/2025 09:50:00,20.93,0.00,PMXC7,RT
02/21/2025 10:00:00,20.89,0.00,PMXC7,RT
02/21/2025 10:10:00,20.93,0.00,PMXC7,RT
02/21/2025 10:20:00,20.89,0.00,PMXC7,RT
02/21/2025 10:30:00,20.85,0.00,PMXC7,RT
02/21/2025 10:40:00,20.80,0.00,PMXC7,RT
02/21/2025 10:50:00,20.80,0.00,PMXC7,RT
02/21/2025 11:00:00,20.80,0.00,PMXC7,RT
02/21/2025 11:10:00,20.85,0.00,PMXC7,RT
02/21/2025 11:20:00,20.80,0.00,PMXC7,RT
02/21/2025 11:30:00,20.85,0.00,PMXC7,RT
02/21/2025 11:40:00,20.85,0.00,PMXC7,RT
02/21/2025 11:50:00,20.80,0.00,PMXC7,RT
02/21/2025 12:00:00,20.80,0.00,PMXC7,RT
02/21/2025 12:10:00,20.80,0.00,PMXC7,RT
02/21/2025 12:20:00,20.80,0.00,PMXC7,RT
02/21/2025 12:30:00,20.80,0.00,PMXC7,RT
02/21/2025 12:40:00,20.76,0.00,PMXC7,RT
02/21/2025 12:50:00,20.72,0.00,PMXC7,RT
02/21/2025 13:00:00,20.68,0.00,PMXC7,RT
02/21/2025 13:10:00,20.72,0.00,PMXC7,RT
02/21/2025 13:20:00,20.72,0.00,PMXC7,RT
02/21/2025 13:30:00,20.76,0.00,PMXC7,RT
02/21/2025 13:40:00,20.80,0.00,PMXC7,RT
02/21/2025 13:50:00,20.85,0.00,PMXC7,RT
02/21/2025 14:00:00,20.85,0.00,PMXC7,RT
02/21/2025 14:10:00,20.85,0.00,PMXC7,RT
02/21/2025 14:20:00,20.89,0.00,PMXC7,RT
02/21/2025 14:30:00,20.93,0.00,PMXC7,RT
02/21/2025 14:40:00,20.93,0.00,PMXC7,RT
02/21/2025 14:50:00,20.98,0.00,PMXC7,RT
02/21/2025 15:00:00,20.98,0.00,PMXC7,RT
02/21/2025 15:10:00,20.98,0.00,PMXC7,RT
02/21/2025 15:20:00,20.98,0.00,PMXC7,RT
02/21/2025 15:30:00,20.98,0.00,PMXC7,RT
02/21/2025 15:40:00,21.02,0.00,PMXC7,RT
02/21/2025 15:50:00,21.02,0.00,PMXC7,RT
02/21/2025 16:00:00,21.02,0.00,PMXC7,RT
02/21/2025 16:10:00,21.06,0.00,PMXC7,RT
02/21/2025 16:20:00,21.06,0.00,PMXC7,RT
02/21/2025 16:30:00,21.06,0.00,PMXC7,RT
02/21/2025 16:40:00,21.06,0.00,PMXC7,RT
02/21/2025 16:50:00,20.98,0.00,PMXC7,RT
02/21/2025 17:00:00,21.06,0.00,PMXC7,RT
02/21/2025 17:10:00,21.02,0.00,PMXC7,RT
02/21/2025 17:20:00,20.98,0.00,PMXC7,RT
02/21/2025 17:30:00,20.98,0.00,PMXC7,RT
02/21/2025 17:40:00,20.98,0.00,PMXC7,RT
02/21/2025 17:50:00,20.93,0.00,PMXC7,RT
02/21/2025 18:00:00,20.98,0.00,PMXC7,RT
02/21/2025 18:10:00,20.98,0.00,PMXC7,RT
02/21/2025 18:20:00,20.98,0.00,PMXC7,RT
02/21/2025 18:30:00,20.98,0.00,PMXC7,RT
02/21/2025 18:40:00,20.98,0.00,PMXC7,RT
02/21/2025 18:50:00,20.98,0.00,PMXC7,RT
02/21/2025 19:00:00,21.02,0.00,PMXC7,RT
02/21/2025 19:10:00,20.98,0.00,PMXC7,RT
02/21/2025 19:20:00,21.02,0.00,PMXC7,RT
02/21/2025 19:30:00,20.98,0.00,PMXC7,RT
02/21/2025 19:40:00,20.98,0.00,PMXC7,RT
02/21/2025 19:50:00,21.02,0.00,PMXC7,RT
02/21/2025 20:00:00,21.06,0.00,PMXC7,RT
02/21/2025 20:10:00,21.02,0.00,PMXC7,RT
02/21/2025 20:20:00,21.02,0.00,PMXC7,RT
02/21/2025 20:30:00,21.02,0.00,PMXC7,RT
02/21/2025 20:40:00,21.02,0.00,PMXC7,RT
02/21/2025 20:50:00,21.06,0.00,PMXC7,RT
02/21/2025 21:00:00,21.02,0.00,PMXC7,RT
02/21/2025 21:10:00,21.02,0.00,PMXC7,RT
02/21/2025 21:20:00,21.02,0.00,PMXC7,RT
02/21/2025 21:30:00,21.02,0.00,PMXC7,RT
02/21/2025 21:40:00,21.02,0.00,PMXC7,RT
02/21/2025 21:50:00,21.06,0.00,PMXC7,RT
02/21/2025 22:00:00,21.02,0.00,PMXC7,RT
02/21/2025 22:10:00,21.02,0.00,PMXC7,RT
02/21/2025 22:20:00,20.98,0.00,PMXC7,RT
02/21/2025 22:30:00,20.98,0.00,PMXC7,RT
02/21/2025 22:40:00,21.02,0.00,PMXC7,RT
02/21/2025 22:50:00,20.98,0.00,PMXC7,RT
02/21/2025 23:00:00,21.02,0.00,PMXC7,RT
02/21/2025 23:10:00,20.98,0.00,PMXC7,RT
02/21/2025 23:20:00,21.02,0.00,PMXC7,RT
02/21/2025 23:30:00,21.06,0.00,PMXC7,RT
02/21/2025 23:40:00,21.02,0.00,PMXC7,RT
02/21/2025 23:50:00,21.06,0.00,PMXC7,RT
02/22/2025 00:00:00,21.02,0.00,PMXC7,RT
02/22/2025 00:10:00,21.06,0.00,PMXC7,RT
02/22/2025 00:20:00,21.02,0.00,PMXC7,RT
02/22/2025 00:30:00,21.02,0.00,PMXC7,RT
02/22/2025 00:40:00,21.06,0.00,PMXC7,RT
02/22/2025 00:50:00,21.06,0.00,PMXC7,RT
02/22/2025 01:00:00,21.06,0.00,PMXC7,RT
02/22/2025 01:10:00,21.06,0.00,PMXC7,RT
02/22/2025 01:20:00,21.06,0.00,PMXC7,RT
02/22/2025 01:30:00,21.06,0.00,PMXC7,RT
02/22/2025 01:40:00,21.06,0.00,PMXC7,RT
02/22/2025 01:50:00,21.10,0.00,PMXC7,RT
02/22/2025 02:00:00,21.06,0.00,PMXC7,RT
02/22/2025 02:10:00,21.06,0.00,PMXC7,RT
02/22/2025 02:20:00,21.06,0.00,PMXC7,RT
02/22/2025 02:30:00,21.10,0.00,PMXC7,RT
02/22/2025 02:40:00,21.06,0.00,PMXC7,RT
02/22/2025 02:50:00,21.06,0.00,PMXC7,RT
02/22/2025 03:00:00,21.06,0.00,PMXC7,RT
02/22/2025 03:10:00,21.06,0.00,PMXC7,RT
02/22/2025 03:20:00,21.10,0.00,PMXC7,RT
02/22/2025 03:30:00,21.10,0.00,PMXC7,RT
02/22/2025 03:40:00,21.10,0.00,PMXC7,RT
02/22/2025 03:50:00,21.06,0.00,PMXC7,RT
02/22/2025 04:00:00,21.06,0.00,PMXC7,RT
02/22/2025 04:10:00,21.06,0.00,PMXC7,RT
02/22/2025 04:20:00,21.06,0.00,PMXC7,RT
02/22/2025 04:30:00,21.10,0.00,PMXC7,RT
02/22/2025 04:40:00,21.06,0.00,PMXC7,RT
02/22/2025 04:50:00,21.10,0.00,PMXC7,RT
02/22/2025 05:00:00,21.10,0.00,PMXC7,RT
02/22/2025 05:10:00,21.10,0.00,PMXC7,RT
02/22/2025 05:20:00,21.10,0.00,PMXC7,RT
02/22/2025 05:30:00,21.06,0.00,PMXC7,RT
02/22/2025 05:40:00,21.15,0.00,PMXC7,RT
02/22/2025 05:50:00,21.10,0.00,PMXC7,RT
02/22/2025 06:00:00,21.10,0.00,PMXC7,RT
02/22/2025 06:10:00,21.10,0.00,PMXC7,RT
02/22/2025 06:20:00,21.15,0.00,PMXC7,RT
02/22/2025 06:30:00,21.10,0.00,PMXC7,RT
02/22/2025 06:40:00,21.15,0.00,PMXC7,RT
02/22/2025 06:50:00,21.10,0.00,PMXC7,RT
02/22/2025 07:00:00,21.10,0.00,PMXC7,RT
02/22/2025 07:10:00,21.06,0.00,PMXC7,RT
02/22/2025 07:20:00,21.10,0.00,PMXC7,RT
02/22/2025 07:30:00,21.15,0.00,PMXC7,RT
02/22/2025 07:40:00,21.10,0.00,PMXC7,RT
02/22/2025 07:50:00,21.15,0.00,PMXC7,RT
02/22/2025 08:00:00,21.15,0.00,PMXC7,RT
02/22/2025 08:10:00,21.15,0.00,PMXC7,RT
02/22/2025 08:20:00,21.10,0.00,PMXC7,RT
02/22/2025 08:30:00,21.10,0.00,PMXC7,RT
02/22/2025 08:40:00,21.10,0.00,PMXC7,RT
02/22/2025 08:50:00,21.06,0.00,PMXC7,RT
02/22/2025 09:00:00,21.02,0.00,PMXC7,RT
02/22/2025 09:10:00,20.98,0.00,PMXC7,RT
02/22/2025 09:20:00,20.93,0.00,PMXC7,RT
02/22/2025 09:30:00,20.89,0.00,PMXC7,RT
02/22/2025 09:40:00,20.89,0.00,PMXC7,RT
02/22/2025 09:50:00,20.93,0.00,PMXC7,RT
02/22/2025 10:00:00,20.93,0.00,PMXC7,RT
02/22/2025 10:10:00,20.93,0.00,PMXC7,RT
02/22/2025 10:20:00,20.98,0.00,PMXC7,RT
02/22/2025 10:30:00,20.93,0.00,PMXC7,RT
02/22/2025 10:40:00,20.98,0.00,PMXC7,RT
02/22/2025 10:50:00,20.98,0.00,PMXC7,RT
02/22/2025 11:00:00,20.93,0.00,PMXC7,RT
02/22/2025 11:10:00,20.93,163.44,PMXC7,RT
02/22/2025 11:20:00,20.85,163.44,PMXC7,RT
02/22/2025 11:30:00,20.85,163.44,PMXC7,RT
02/22/2025 11:40:00,20.80,163.44,PMXC7,RT
02/22/2025 11:50:00,20.93,0.00,PMXC7,RT
02/22/2025 12:00:00,20.98,0.00,PMXC7,RT
02/22/2025 12:10:00,20.93,0.00,PMXC7,RT
02/22/2025 12:20:00,20.89,0.00,PMXC7,RT
02/22/2025 12:30:00,20.93,0.00,PMXC7,RT
02/22/2025 12:40:00,20.89,0.00,PMXC7,RT
02/22/2025 12:50:00,20.89,0.00,PMXC7,RT
02/22/2025 13:00:00,20.93,0.00,PMXC7,RT
02/22/2025 13:10:00,20.89,0.00,PMXC7,RT
02/22/2025 13:20:00,20.89,0.00,PMXC7,RT
02/22/2025 13:30:00,20.93,0.00,PMXC7,RT
02/22/2025 13:40:00,20.89,0.00,PMXC7,RT
02/22/2025 13:50:00,20.89,0.00,PMXC7,RT
02/22/2025 14:00:00,20.89,0.00,PMXC7,RT
02/22/2025 14:10:00,20.93,0.00,PMXC7,RT
02/22/2025 14:20:00,20.89,0.00,PMXC7,RT
02/22/2025 14:30:00,20.93,0.00,PMXC7,RT
02/22/2025 14:40:00,20.93,0.00,PMXC7,RT
02/22/2025 14:50:00,20.93,0.00,PMXC7,RT
02/22/2025 15:00:00,20.93,0.00,PMXC7,RT
02/22/2025 15:10:00,20.85,0.00,PMXC7,RT
02/22/2025 15:20:00,20.85,0.00,PMXC7,RT
02/22/2025 15:30:00,20.85,0.00,PMXC7,RT
02/22/2025 15:40:00,20.80,0.00,PMXC7,RT
02/22/2025 15:50:00,20.80,0.00,PMXC7,RT
02/22/2025 16:00:00,20.80,0.00,PMXC7,RT
02/22/2025 16:10:00,20.85,0.00,PMXC7,RT
02/22/2025 16:20:00,20.89,0.00,PMXC7,RT
02/22/2025 16:30:00,20.89,0.00,PMXC7,RT
02/22/2025 16:40:00,20.89,0.00,PMXC7,RT
02/22/2025 16:50:00,20.89,0.00,PMXC7,RT
02/22/2025 17:00:00,20.85,0.00,PMXC7,RT
02/22/2025 17:10:00,20.89,0.00,PMXC7,RT
02/22/2025 17:20:00,20.85,0.00,PMXC7,RT
02/22/2025 17:30:00,20.89,0.00,PMXC7,RT
02/22/2025 17:40:00,20.93,0.00,PMXC7,RT
02/22/2025 17:50:00,20.89,0.00,PMXC7,RT
02/22/2025 18:00:00,20.89,0.00,PMXC7,RT
02/22/2025 18:10:00,20.89,0.00,PMXC7,RT
02/22/2025 18:20:00,20.93,0.00,PMXC7,RT
02/22/2025 18:30:00,20.93,0.00,PMXC7,RT
02/22/2025 18:40:00,20.89,0.00,PMXC7,RT
02/22/2025 18:50:00,20.93,0.00,PMXC7,RT
02/22/2025 19:00:00,20.93,0.00,PMXC7,RT
02/22/2025 19:10:00,20.98,0.00,PMXC7,RT
02/22/2025 19:20:00,20.98,0.00,PMXC7,RT
02/22/2025 19:30:00,20.98,0.00,PMXC7,RT
02/22/2025 19:40:00,20.98,0.00,PMXC7,RT
02/22/2025 19:50:00,21.02,0.00,PMXC7,RT
02/22/2025 20:00:00,20.98,0.00,PMXC7,RT
02/22/2025 20:10:00,21.02,0.00,PMXC7,RT
02/22/2025 20:20:00,21.02,0.00,PMXC7,RT
02/22/2025 20:30:00,21.06,0.00,PMXC7,RT
02/22/2025 20:40:00,21.02,0.00,PMXC7,RT
02/22/2025 20:50:00,21.06,0.00,PMXC7,RT
02/22/2025 21:00:00,21.02,0.00,PMXC7,RT
02/22/2025 21:10:00,21.02,0.00,PMXC7,RT
02/22/2025 21:20:00,20.98,0.00,PMXC7,RT
02/22/2025 21:30:00,20.98,0.00,PMXC7,RT
02/22/2025 21:40:00,20.98,0.00,PMXC7,RT
02/22/2025 21:50:00,20.98,0.00,PMXC7,RT
02/22/2025 22:00:00,21.02,0.00,PMXC7,RT
02/22/2025 22:10:00,20.98,0.00,PMXC7,RT
02/22/2025 22:20:00,21.02,0.00,PMXC7,RT
02/22/2025 22:30:00,20.98,0.00,PMXC7,RT
02/22/2025 22:40:00,20.98,0.00,PMXC7,RT
02/22/2025 22:50:00,21.02,0.00,PMXC7,RT
02/22/2025 23:00:00,21.02,0.00,PMXC7,RT
02/22/2025 23:10:00,21.02,0.00,PMXC7,RT
02/22/2025 23:20:00,21.02,0.00,PMXC7,RT
02/22/2025 23:30:00,21.06,0.00,PMXC7,RT
02/22/2025 23:40:00,21.06,0.00,PMXC7,RT
02/22/2025 23:50:00,21.06,0.00,PMXC7,RT
02/23/2025 00:00:00,21.02,0.00,PMXC7,RT
02/23/2025 00:10:00,21.06,0.00,PMXC7,RT
02/23/2025 00:20:00,21.06,0.00,PMXC7,RT
02/23/2025 00:30:00,21.06,0.00,PMXC7,RT
02/23/2025 00:40:00,21.06,0.00,PMXC7,RT
02/23/2025 00:50:00,21.06,0.00,PMXC7,RT
02/23/2025 01:00:00,21.06,0.00,PMXC7,RT
02/23/2025 01:10:00,21.02,0.00,PMXC7,RT
02/23/2025 01:20:00,21.06,0.00,PMXC7,RT
02/23/2025 01:30:00,21.06,0.00,PMXC7,RT
02/23/2025 01:40:00,21.02,0.00,PMXC7,RT
02/23/2025 01:50:00,21.02,0.00,PMXC7,RT
02/23/2025 02:00:00,21.06,0.00,PMXC7,RT
02/23/2025 02:10:00,21.10,0.00,PMXC7,RT
02/23/2025 02:20:00,21.06,0.00,PMXC7,RT
02/23/2025 02:30:00,21.02,0.00,PMXC7,RT
02/23/2025 02:40:00,21.06,0.00,PMXC7,RT
02/23/2025 02:50:00,21.06,0.00,PMXC7,RT
02/23/2025 03:00:00,21.06,0.00,PMXC7,RT
02/23/2025 03:10:00,21.10,0.00,PMXC7,RT
02/23/2025 03:20:00,21.06,0.00,PMXC7,RT
02/23/2025 03:30:00,21.06,0.00,PMXC7,RT
02/23/2025 03:40:00,21.06,0.00,PMXC7,RT
02/23/2025 03:50:00,21.15,0.00,PMXC7,RT
02/23/2025 04:00:00,21.06,0.00,PMXC7,RT
02/23/2025 04:10:00,21.10,0.00,PMXC7,RT
02/23/2025 04:20:00,21.06,0.00,PMXC7,RT
02/23/2025 04:30:00,21.10,0.00,PMXC7,RT
02/23/2025 04:40:00,21.15,0.00,PMXC7,RT
02/23/2025 04:50:00,21.06,0.00,PMXC7,RT
02/23/2025 05:00:00,21.10,0.00,PMXC7,RT
02/23/2025 05:10:00,21.10,0.00,PMXC7,RT
02/23/2025 05:20:00,21.19,0.00,PMXC7,RT
02/23/2025 05:30:00,21.19,0.00,PMXC7,RT
02/23/2025 05:40:00,21.15,0.00,PMXC7,RT
02/23/2025 05:50:00,21.19,0.00,PMXC7,RT
02/23/2025 06:00:00,21.15,0.00,PMXC7,RT
02/23/2025 06:10:00,21.15,0.00,PMXC7,RT
02/23/2025 06:20:00,21.15,0.00,PMXC7,RT
02/23/2025 06:30:00,21.15,0.00,PMXC7,RT
02/23/2025 06:40:00,21.15,0.00,PMXC7,RT
02/23/2025 06:50:00,21.15,0.00,PMXC7,RT
02/23/2025 07:00:00,21.19,0.00,PMXC7,RT
02/23/2025 07:10:00,21.19,0.00,PMXC7,RT
02/23/2025 07:20:00,21.19,0.00,PMXC7,RT
02/23/2025 07:30:00,21.19,0.00,PMXC7,RT
02/23/2025 07:40:00,21.19,0.00,PMXC7,RT
02/23/2025 07:50:00,21.23,0.00,PMXC7,RT
02/23/2025 08:00:00,21.19,0.00,PMXC7,RT
02/23/2025 08:10:00,21.23,0.00,PMXC7,RT
02/23/2025 08:20:00,21.23,0.00,PMXC7,RT
02/23/2025 08:30:00,21.23,0.00,PMXC7,RT
02/23/2025 08:40:00,21.23,0.00,PMXC7,RT
02/23/2025 08:50:00,21.23,0.00,PMXC7,RT
02/23/2025 09:00:00,21.28,0.00,PMXC7,RT
02/23/2025 09:10:00,21.23,0.00,PMXC7,RT
02/23/2025 09:20:00,21.28,0.00,PMXC7,RT
02/23/2025 09:30:00,21.23,0.00,PMXC7,RT
02/23/2025 09:40:00,21.28,0.00,PMXC7,RT
02/23/2025 09:50:00,21.23,0.00,PMXC7,RT
02/23/2025 10:00:00,21.28,0.00,PMXC7,RT
02/23/2025 10:10:00,21.32,0.00,PMXC7,RT
02/23/2025 10:20:00,21.23,0.00,PMXC7,RT
02/23/2025 10:30:00,21.28,0.00,PMXC7,RT
02/23/2025 10:40:00,21.28,0.00,PMXC7,RT
02/23/2025 10:50:00,21.28,0.00,PMXC7,RT
02/23/2025 11:00:00,21.28,0.00,PMXC7,RT
02/23/2025 11:10:00,21.28,0.00,PMXC7,RT
02/23/2025 11:20:00,21.28,0.00,PMXC7,RT
02/23/2025 11:30:00,21.28,0.00,PMXC7,RT
02/23/2025 11:40:00,21.23,0.00,PMXC7,RT
02/23/2025 11:50:00,21.28,0.00,PMXC7,RT
02/23/2025 12:00:00,21.23,0.00,PMXC7,RT
02/23/2025 12:10:00,21.28,0.00,PMXC7,RT
02/23/2025 12:20:00,21.28,0.00,PMXC7,RT
02/23/2025 12:30:00,21.32,0.00,PMXC7,RT
02/23/2025 12:40:00,21.32,0.00,PMXC7,RT
02/23/2025 12:50:00,21.36,0.00,PMXC7,RT
02/23/2025 13:00:00,21.40,0.00,PMXC7,RT
02/23/2025 13:10:00,21.40,0.00,PMXC7,RT
02/23/2025 13:20:00,21.40,0.00,PMXC7,RT
02/23/2025 13:30:00,21.36,0.00,PMXC7,RT
02/23/2025 13:40:00,21.36,0.00,PMXC7,RT
02/23/2025 13:50:00,21.40,0.00,PMXC7,RT
02/23/2025 14:00:00,21.36,0.00,PMXC7,RT
02/23/2025 14:10:00,21.32,0.00,PMXC7,RT
02/23/2025 14:20:00,21.32,0.00,PMXC7,RT
02/23/2025 14:30:00,21.32,0.00,PMXC7,RT
02/23/2025 14:40:00,21.32,0.00,PMXC7,RT
02/23/2025 14:50:00,21.32,0.00,PMXC7,RT
02/23/2025 15:00:00,21.28,0.00,PMXC7,RT
02/23/2025 15:10:00,21.32,0.00,PMXC7,RT
02/23/2025 15:20:00,21.28,0.00,PMXC7,RT
02/23/2025 15:30:00,21.28,0.00,PMXC7,RT
02/23/2025 15:40:00,21.28,0.00,PMXC7,RT
02/23/2025 15:50:00,21.32,0.00,PMXC7,RT
02/23/2025 16:00:00,21.28,0.00,PMXC7,RT
02/23/2025 16:10:00,21.32,0.00,PMXC7,RT
02/23/2025 16:20:00,21.32,0.00,PMXC7,RT
02/23/2025 16:30:00,21.32,0.00,PMXC7,RT
02/23/2025 16:40:00,21.32,0.00,PMXC7,RT
02/23/2025 16:50:00,21.28,0.00,PMXC7,RT
02/23/2025 17:00:00,21.19,0.00,PMXC7,RT
02/23/2025 17:10:00,21.23,0.00,PMXC7,RT
02/23/2025 17:20:00,21.19,0.00,PMXC7,RT
02/23/2025 17:30:00,21.23,0.00,PMXC7,RT
02/23/2025 17:40:00,21.23,0.00,PMXC7,RT
02/23/2025 17:50:00,21.23,0.00,PMXC7,RT
02/23/2025 18:00:00,21.23,0.00,PMXC7,RT
02/23/2025 18:10:00,21.23,0.00,PMXC7,RT
02/23/2025 18:20:00,21.19,0.00,PMXC7,RT
02/23/2025 18:30:00,21.19,0.00,PMXC7,RT
02/23/2025 18:40:00,21.19,0.00,PMXC7,RT
02/23/2025 18:50:00,21.15,0.00,PMXC7,RT
02/23/2025 19:00:00,21.15,0.00,PMXC7,RT
02/23/2025 19:10:00,21.23,0.00,PMXC7,RT
02/23/2025 19:20:00,21.19,0.00,PMXC7,RT
02/23/2025 19:30:00,21.19,0.00,PMXC7,RT
02/23/2025 19:40:00,21.23,0.00,PMXC7,RT
02/23/2025 19:50:00,21.19,0.00,PMXC7,RT
02/23/2025 20:00:00,21.15,0.00,PMXC7,RT
02/23/2025 20:10:00,21.15,0.00,PMXC7,RT
02/23/2025 20:20:00,21.15,0.00,PMXC7,RT
02/23/2025 20:30:00,21.15,0.00,PMXC7,RT
02/23/2025 20:40:00,21.15,0.00,PMXC7,RT
02/23/2025 20:50:00,21.15,0.00,PMXC7,RT
02/23/2025 21:00:00,21.15,0.00,PMXC7,RT
02/23/2025 21:10:00,21.15,0.00,PMXC7,RT
02/23/2025 21:20:00,21.15,0.00,PMXC7,RT
02/23/2025 21:30:00,21.10,0.00,PMXC7,RT
02/23/2025 21:40:00,21.15,0.00,PMXC7,RT
02/23/2025 21:50:00,21.10,0.00,PMXC7,RT
02/23/2025 22:00:00,21.10,0.00,PMXC7,RT
02/23/2025 22:10:00,21.15,0.00,PMXC7,RT
02/23/2025 22:20:00,21.15,0.00,PMXC7,RT
02/23/2025 22:30:00,21.15,0.00,PMXC7,RT
02/23/2025 22:40:00,21.15,0.00,PMXC7,RT
02/23/2025 22:50:00,21.10,0.00,PMXC7,RT
02/23/2025 23:00:00,21.10,0.00,PMXC7,RT
02/23/2025 23:10:00,21.15,0.00,PMXC7,RT
02/23/2025 23:20:00,21.10,0.00,PMXC7,RT
02/23/2025 23:30:00,21.10,0.00,PMXC7,RT
02/23/2025 23:40:00,21.10,0.00,PMXC7,RT
02/23/2025 23:50:00,21.10,0.00,PMXC7,RT
02/24/2025 00:00:00,21.19,0.00,PMXC7,RT
02/24/2025 00:10:00,21.15,0.00,PMXC7,RT
02/24/2025 00:20:00,21.15,0.00,PMXC7,RT
02/24/2025 00:30:00,21.06,0.00,PMXC7,RT
02/24/2025 00:40:00,21.10,0.00,PMXC7,RT
02/24/2025 00:50:00,21.10,0.00,PMXC7,RT
02/24/2025 01:00:00,21.10,0.00,PMXC7,RT
02/24/2025 01:10:00,21.10,0.00,PMXC7,RT
02/24/2025 01:20:00,21.15,0.00,PMXC7,RT
02/24/2025 01:30:00,21.15,0.00,PMXC7,RT
02/24/2025 01:40:00,21.15,0.00,PMXC7,RT
02/24/2025 01:50:00,21.19,0.00,PMXC7,RT
02/24/2025 02:00:00,21.15,0.00,PMXC7,RT
02/24/2025 02:10:00,21.10,0.00,PMXC7,RT
02/24/2025 02:20:00,21.10,0.00,PMXC7,RT
02/24/2025 02:30:00,21.10,0.00,PMXC7,RT
02/24/2025 02:40:00,21.15,0.00,PMXC7,RT
02/24/2025 02:50:00,21.15,0.00,PMXC7,RT
02/24/2025 03:00:00,21.10,0.00,PMXC7,RT
02/24/2025 03:10:00,21.10,0.00,PMXC7,RT
02/24/2025 03:20:00,21.06,0.00,PMXC7,RT
02/24/2025 03:30:00,21.10,0.00,PMXC7,RT
02/24/2025 03:40:00,21.10,0.00,PMXC7,RT
02/24/2025 03:50:00,21.10,0.00,PMXC7,RT
02/24/2025 04:00:00,21.15,0.00,PMXC7,RT
02/24/2025 04:10:00,21.15,0.00,PMXC7,RT
02/24/2025 04:20:00,21.10,0.00,PMXC7,RT
02/24/2025 04:30:00,21.15,0.00,PMXC7,RT
02/24/2025 04:40:00,21.10,0.00,PMXC7,RT
02/24/2025 04:50:00,21.10,0.00,PMXC7,RT
02/24/2025 05:00:00,21.10,0.00,PMXC7,RT
02/24/2025 05:10:00,21.06,0.00,PMXC7,RT
02/24/2025 05:20:00,21.10,0.00,PMXC7,RT
02/24/2025 05:30:00,21.06,0.00,PMXC7,RT
02/24/2025 05:40:00,21.10,0.00,PMXC7,RT
02/24/2025 05:50:00,21.10,0.00,PMXC7,RT
02/24/2025 06:00:00,21.10,0.00,PMXC7,RT
02/24/2025 06:10:00,21.15,0.00,PMXC7,RT
02/24/2025 06:20:00,21.10,0.00,PMXC7,RT
02/24/2025 06:30:00,21.10,0.00,PMXC7,RT
02/24/2025 06:40:00,21.10,0.00,PMXC7,RT
02/24/2025 06:50:00,21.15,0.00,PMXC7,RT
02/24/2025 07:00:00,21.15,0.00,PMXC7,RT
02/24/2025 07:10:00,21.10,0.00,PMXC7,RT
02/24/2025 07:20:00,21.10,0.00,PMXC7,RT
02/24/2025 07:30:00,21.15,0.00,PMXC7,RT
02/24/2025 07:40:00,21.10,0.00,PMXC7,RT
02/24/2025 07:50:00,21.10,0.00,PMXC7,RT
02/24/2025 08:00:00,21.10,0.00,PMXC7,RT
02/24/2025 08:10:00,21.02,0.00,PMXC7,RT
02/24/2025 08:20:00,21.02,0.00,PMXC7,RT
02/24/2025 08:30:00,20.98,0.00,PMXC7,RT
02/24/2025 08:40:00,20.98,0.00,PMXC7,RT
02/24/2025 08:50:00,21.02,0.00,PMXC7,RT
02/24/2025 09:00:00,21.02,0.00,PMXC7,RT
02/24/2025 09:10:00,21.02,0.00,PMXC7,RT
02/24/2025 09:20:00,21.06,0.00,PMXC7,RT
02/24/2025 09:30:00,21.06,0.00,PMXC7,RT
02/24/2025 09:40:00,21.02,0.00,PMXC7,RT
02/24/2025 09:50:00,21.10,0.00,PMXC7,RT
02/24/2025 10:00:00,21.06,0.00,PMXC7,RT
02/24/2025 10:10:00,21.06,0.00,PMXC7,RT
02/24/2025 10:20:00,21.06,0.00,PMXC7,RT
02/24/2025 10:30:00,21.02,0.00,PMXC7,RT
02/24/2025 10:40:00,21.10,0.00,PMXC7,RT
02/24/2025 10:50:00,21.10,0.00,PMXC7,RT
02/24/2025 11:00:00,21.06,0.00,PMXC7,RT
02/24/2025 11:10:00,21.15,0.00,PMXC7,RT
02/24/2025 11:20:00,21.10,0.00,PMXC7,RT
02/24/2025 11:30:00,21.10,0.00,PMXC7,RT
02/24/2025 11:40:00,21.02,0.00,PMXC7,RT
02/24/2025 11:50:00,21.06,0.00,PMXC7,RT
02/24/2025 12:00:00,21.02,0.00,PMXC7,RT
02/24/2025 12:10:00,20.93,0.00,PMXC7,RT
02/24/2025 12:20:00,20.98,0.00,PMXC7,RT
02/24/2025 12:30:00,20.98,0.00,PMXC7,RT
02/24/2025 12:40:00,20.93,0.00,PMXC7,RT
02/24/2025 12:50:00,20.93,0.00,PMXC7,RT
02/24/2025 13:00:00,20.89,0.00,PMXC7,RT
02/24/2025 13:10:00,20.85,0.00,PMXC7,RT
02/24/2025 13:20:00,20.85,0.00,PMXC7,RT
02/24/2025 13:30:00,20.85,0.00,PMXC7,RT
02/24/2025 13:40:00,20.85,0.00,PMXC7,RT
02/24/2025 13:50:00,20.89,0.00,PMXC7,RT
02/24/2025 14:00:00,20.89,0.00,PMXC7,RT
02/24/2025 14:10:00,20.89,0.00,PMXC7,RT
02/24/2025 14:20:00,20.89,0.00,PMXC7,RT
02/24/2025 14:30:00,20.85,0.00,PMXC7,RT
02/24/2025 14:40:00,20.80,0.00,PMXC7,RT
02/24/2025 14:50:00,20.80,0.00,PMXC7,RT
02/24/2025 15:00:00,20.80,0.00,PMXC7,RT
02/24/2025 15:10:00,20.80,0.00,PMXC7,RT
02/24/2025 15:20:00,20.80,0.00,PMXC7,RT
02/24/2025 15:30:00,20.76,0.00,PMXC7,RT
02/24/2025 15:40:00,20.80,0.00,PMXC7,RT
02/24/2025 15:50:00,20.72,0.00,PMXC7,RT
02/24/2025 16:00:00,20.72,0.00,PMXC7,RT
02/24/2025 16:10:00,20.76,0.00,PMXC7,RT
02/24/2025 16:20:00,20.76,0.00,PMXC7,RT
02/24/2025 16:30:00,20.76,0.00,PMXC7,RT
02/24/2025 16:40:00,20.76,0.00,PMXC7,RT
02/24/2025 16:50:00,20.80,0.00,PMXC7,RT
02/24/2025 17:00:00,20.80,0.00,PMXC7,RT
02/24/2025 17:10:00,20.80,0.00,PMXC7,RT
02/24/2025 17:20:00,20.80,0.00,PMXC7,RT
02/24/2025 17:30:00,20.80,0.00,PMXC7,RT
02/24/2025 17:40:00,20.80,0.00,PMXC7,RT
02/24/2025 17:50:00,20.85,0.00,PMXC7,RT
02/24/2025 18:00:00,20.80,0.00,PMXC7,RT
02/24/2025 18:10:00,20.85,0.00,PMXC7,RT
02/24/2025 18:20:00,20.85,0.00,PMXC7,RT
02/24/2025 18:30:00,20.85,0.00,PMXC7,RT
02/24/2025 18:40:00,20.85,0.00,PMXC7,RT
02/24/2025 18:50:00,20.89,0.00,PMXC7,RT
02/24/2025 19:00:00,20.85,0.00,PMXC7,RT
02/24/2025 19:10:00,20.89,0.00,PMXC7,RT
02/24/2025 19:20:00,20.89,0.00,PMXC7,RT
02/24/2025 19:30:00,20.89,0.00,PMXC7,RT
02/24/2025 19:40:00,20.89,0.00,PMXC7,RT
02/24/2025 19:50:00,20.93,0.00,PMXC7,RT
02/24/2025 20:00:00,20.89,0.00,PMXC7,RT
02/24/2025 20:10:00,20.85,0.00,PMXC7,RT
02/24/2025 20:20:00,20.85,0.00,PMXC7,RT
02/24/2025 20:30:00,20.85,0.00,PMXC7,RT
02/24/2025 20:40:00,20.89,0.00,PMXC7,RT
02/24/2025 20:50:00,20.89,0.00,PMXC7,RT
02/24/2025 21:00:00,20.85,0.00,PMXC7,RT
02/24/2025 21:10:00,20.85,0.00,PMXC7,RT
02/24/2025 21:20:00,20.85,0.00,PMXC7,RT
02/24/2025 21:30:00,20.85,0.00,PMXC7,RT
02/24/2025 21:40:00,20.85,0.00,PMXC7,RT
02/24/2025 21:50:00,20.85,0.00,PMXC7,RT
02/24/2025 22:00:00,20.89,0.00,PMXC7,RT
02/24/2025 22:10:00,20.89,0.00,PMXC7,RT
02/24/2025 22:20:00,20.93,0.00,PMXC7,RT
02/24/2025 22:30:00,20.85,0.00,PMXC7,RT
02/24/2025 22:40:00,20.85,0.00,PMXC7,RT
02/24/2025 22:50:00,20.85,0.00,PMXC7,RT
02/24/2025 23:00:00,20.85,0.00,PMXC7,RT
02/24/2025 23:10:00,20.89,0.00,PMXC7,RT
02/24/2025 23:20:00,20.85,0.00,PMXC7,RT
02/24/2025 23:30:00,20.85,0.00,PMXC7,RT
02/24/2025 23:40:00,20.89,0.00,PMXC7,RT
02/24/2025 23:50:00,20.89,0.00,PMXC7,RT
02/25/2025 00:00:00,20.89,0.00,PMXC7,RT
02/25/2025 00:10:00,20.85,0.00,PMXC7,RT
02/25/2025 00:20:00,20.89,0.00,PMXC7,RT
02/25/2025 00:30:00,20.89,0.00,PMXC7,RT
02/25/2025 00:40:00,20.89,0.00,PMXC7,RT
02/25/2025 00:50:00,20.93,0.00,PMXC7,RT
02/25/2025 01:00:00,20.85,0.00,PMXC7,RT
02/25/2025 01:10:00,20.89,0.00,PMXC7,RT
02/25/2025 01:20:00,20.89,0.00,PMXC7,RT
02/25/2025 01:30:00,20.93,0.00,PMXC7,RT
02/25/2025 01:40:00,20.93,0.00,PMXC7,RT
02/25/2025 01:50:00,20.93,0.00,PMXC7,RT
02/25/2025 02:00:00,20.98,0.00,PMXC7,RT
02/25/2025 02:10:00,21.02,0.00,PMXC7,RT
02/25/2025 02:20:00,21.02,0.00,PMXC7,RT
02/25/2025 02:30:00,21.02,0.00,PMXC7,RT
02/25/2025 02:40:00,21.02,0.00,PMXC7,RT
02/25/2025 02:50:00,21.02,0.00,PMXC7,RT
02/25/2025 03:00:00,21.02,0.00,PMXC7,RT
02/25/2025 03:10:00,21.06,0.00,PMXC7,RT
02/25/2025 03:20:00,21.02,0.00,PMXC7,RT
02/25/2025 03:30:00,21.02,0.00,PMXC7,RT
02/25/2025 03:40:00,21.02,0.00,PMXC7,RT
02/25/2025 03:50:00,21.06,0.00,PMXC7,RT
02/25/2025 04:00:00,21.06,0.00,PMXC7,RT
02/25/2025 04:10:00,21.02,0.00,PMXC7,RT
02/25/2025 04:20:00,21.02,0.00,PMXC7,RT
02/25/2025 04:30:00,21.02,0.00,PMXC7,RT
02/25/2025 04:40:00,21.02,0.00,PMXC7,RT
02/25/2025 04:50:00,21.06,0.00,PMXC7,RT
02/25/2025 05:00:00,21.06,0.00,PMXC7,RT
02/25/2025 05:10:00,21.06,0.00,PMXC7,RT
02/25/2025 05:20:00,21.02,0.00,PMXC7,RT
02/25/2025 05:30:00,21.06,0.00,PMXC7,RT
02/25/2025 05:40:00,21.06,0.00,PMXC7,RT
02/25/2025 05:50:00,21.06,0.00,PMXC7,RT
02/25/2025 06:00:00,21.10,0.00,PMXC7,RT
02/25/2025 06:10:00,21.06,0.00,PMXC7,RT
02/25/2025 06:20:00,21.10,0.00,PMXC7,RT
02/25/2025 06:30:00,21.10,0.00,PMXC7,RT
02/25/2025 06:40:00,21.10,0.00,PMXC7,RT
02/25/2025 06:50:00,21.10,0.00,PMXC7,RT
02/25/2025 07:00:00,21.06,0.00,PMXC7,RT
02/25/2025 07:10:00,21.06,0.00,PMXC7,RT
02/25/2025 07:20:00,21.06,0.00,PMXC7,RT
02/25/2025 07:30:00,21.06,0.00,PMXC7,RT
02/25/2025 07:40:00,21.10,0.00,PMXC7,RT
02/25/2025 07:50:00,21.06,0.00,PMXC7,RT
02/25/2025 08:00:00,21.06,0.00,PMXC7,RT
02/25/2025 08:10:00,21.02,0.00,PMXC7,RT
02/25/2025 08:20:00,20.98,0.00,PMXC7,RT
02/25/2025 08:30:00,20.93,0.00,PMXC7,RT
02/25/2025 08:40:00,20.93,0.00,PMXC7,RT
02/25/2025 08:50:00,20.93,0.00,PMXC7,RT
02/25/2025 09:00:00,20.93,0.00,PMXC7,RT
02/25/2025 09:10:00,20.89,0.00,PMXC7,RT
02/25/2025 09:20:00,20.85,0.00,PMXC7,RT
02/25/2025 09:30:00,20.80,0.00,PMXC7,RT
02/25/2025 09:40:00,20.80,0.00,PMXC7,RT
02/25/2025 09:50:00,20.76,0.00,PMXC7,RT
02/25/2025 10:00:00,20.76,0.00,PMXC7,RT
02/25/2025 10:10:00,20.76,0.00,PMXC7,RT
02/25/2025 10:20:00,20.76,0.00,PMXC7,RT
02/25/2025 10:30:00,20.72,0.00,PMXC7,RT
02/25/2025 10:40:00,20.72,0.00,PMXC7,RT
02/25/2025 10:50:00,20.72,0.00,PMXC7,RT
02/25/2025 11:00:00,20.63,0.00,PMXC7,RT
02/25/2025 11:10:00,20.72,170.16,PMXC7,RT
02/25/2025 11:20:00,20.76,170.16,PMXC7,RT
02/25/2025 11:30:00,20.72,171.84,PMXC7,RT
02/25/2025 11:40:00,20.80,0.00,PMXC7,RT
02/25/2025 11:50:00,20.85,0.00,PMXC7,RT
02/25/2025 12:00:00,20.80,0.00,PMXC7,RT
02/25/2025 12:10:00,20.76,0.00,PMXC7,RT
02/25/2025 12:20:00,20.76,0.00,PMXC7,RT
02/25/2025 12:30:00,20.76,0.00,PMXC7,RT
02/25/2025 12:40:00,20.76,0.00,PMXC7,RT
02/25/2025 12:50:00,20.72,0.00,PMXC7,RT
02/25/2025 13:00:00,20.68,0.00,PMXC7,RT
02/25/2025 13:10:00,20.72,0.00,PMXC7,RT
02/25/2025 13:20:00,20.72,0.00,PMXC7,RT
02/25/2025 13:30:00,20.63,0.00,PMXC7,RT
02/25/2025 13:40:00,20.68,0.00,PMXC7,RT
02/25/2025 13:50:00,20.68,0.00,PMXC7,RT
02/25/2025 14:00:00,20.63,0.00,PMXC7,RT
02/25/2025 14:10:00,20.59,0.00,PMXC7,RT
02/25/2025 14:20:00,20.63,0.00,PMXC7,RT
02/25/2025 14:30:00,20.63,0.00,PMXC7,RT
02/25/2025 14:40:00,20.63,0.00,PMXC7,RT
02/25/2025 14:50:00,20.68,0.00,PMXC7,RT
02/25/2025 15:00:00,20.63,0.00,PMXC7,RT
02/25/2025 15:10:00,20.63,0.00,PMXC7,RT
02/25/2025 15:20:00,20.63,0.00,PMXC7,RT
02/25/2025 15:30:00,20.68,0.00,PMXC7,RT
02/25/2025 15:40:00,20.68,0.00,PMXC7,RT
02/25/2025 15:50:00,20.68,0.00,PMXC7,RT
02/25/2025 16:00:00,20.68,0.00,PMXC7,RT
02/25/2025 16:10:00,20.63,0.00,PMXC7,RT
02/25/2025 16:20:00,20.63,0.00,PMXC7,RT
02/25/2025 16:30:00,20.59,0.00,PMXC7,RT
02/25/2025 16:40:00,20.59,0.00,PMXC7,RT
02/25/2025 16:50:00,20.63,0.00,PMXC7,RT
02/25/2025 17:00:00,20.59,0.00,PMXC7,RT
02/25/2025 17:10:00,20.59,0.00,PMXC7,RT
02/25/2025 17:20:00,20.59,0.00,PMXC7,RT
02/25/2025 17:30:00,20.63,0.00,PMXC7,RT
02/25/2025 17:40:00,20.63,0.00,PMXC7,RT
02/25/2025 17:50:00,20.63,0.00,PMXC7,RT
02/25/2025 18:00:00,20.63,0.00,PMXC7,RT
02/25/2025 18:10:00,20.63,0.00,PMXC7,RT
02/25/2025 18:20:00,20.72,0.00,PMXC7,RT
02/25/2025 18:30:00,20.72,0.00,PMXC7,RT
02/25/2025 18:40:00,20.72,0.00,PMXC7,RT
02/25/2025 18:50:00,20.72,0.00,PMXC7,RT
02/25/2025 19:00:00,20.72,0.00,PMXC7,RT
02/25/2025 19:10:00,20.80,0.00,PMXC7,RT
02/25/2025 19:20:00,20.80,0.00,PMXC7,RT
02/25/2025 19:30:00,20.80,0.00,PMXC7,RT
02/25/2025 19:40:00,20.80,0.00,PMXC7,RT
02/25/2025 19:50:00,20.85,0.00,PMXC7,RT
02/25/2025 20:00:00,20.85,0.00,PMXC7,RT
02/25/2025 20:10:00,20.85,0.00,PMXC7,RT
02/25/2025 20:20:00,20.85,0.00,PMXC7,RT
02/25/2025 20:30:00,20.85,0.00,PMXC7,RT
02/25/2025 20:40:00,20.85,0.00,PMXC7,RT
02/25/2025 20:50:00,20.85,0.00,PMXC7,RT
02/25/2025 21:00:00,20.89,0.00,PMXC7,RT
02/25/2025 21:10:00,20.89,0.00,PMXC7,RT
02/25/2025 21:20:00,20.85,0.00,PMXC7,RT
02/25/2025 21:30:00,20.85,0.00,PMXC7,RT
02/25/2025 21:40:00,20.89,0.00,PMXC7,RT
02/25/2025 21:50:00,20.89,0.00,PMXC7,RT
02/25/2025 22:00:00,20.89,0.00,PMXC7,RT
02/25/2025 22:10:00,20.89,0.00,PMXC7,RT
02/25/2025 22:20:00,20.98,0.00,PMXC7,RT
02/25/2025 22:30:00,20.89,0.00,PMXC7,RT
02/25/2025 22:40:00,20.89,0.00,PMXC7,RT
02/25/2025 22:50:00,20.89,0.00,PMXC7,RT
02/25/2025 23:00:00,20.93,0.00,PMXC7,RT
02/25/2025 23:10:00,20.93,0.00,PMXC7,RT
02/25/2025 23:20:00,20.93,0.00,PMXC7,RT
02/25/2025 23:30:00,20.98,0.00,PMXC7,RT
02/25/2025 23:40:00,20.93,0.00,PMXC7,RT
02/25/2025 23:50:00,20.98,0.00,PMXC7,RT
02/26/2025 00:00:00,20.98,0.00,PMXC7,RT
02/26/2025 00:10:00,20.93,0.00,PMXC7,RT
02/26/2025 00:20:00,20.98,0.00,PMXC7,RT
02/26/2025 00:30:00,20.98,0.00,PMXC7,RT
02/26/2025 00:40:00,20.93,0.00,PMXC7,RT
02/26/2025 00:50:00,20.93,0.00,PMXC7,RT
02/26/2025 01:00:00,20.98,0.00,PMXC7,RT
02/26/2025 01:10:00,20.93,0.00,PMXC7,RT
02/26/2025 01:20:00,20.98,0.00,PMXC7,RT
02/26/2025 01:30:00,20.98,0.00,PMXC7,RT
02/26/2025 01:40:00,20.98,0.00,PMXC7,RT
02/26/2025 01:50:00,20.98,0.00,PMXC7,RT
02/26/2025 02:00:00,20.98,0.00,PMXC7,RT
02/26/2025 02:10:00,21.02,0.00,PMXC7,RT
02/26/2025 02:20:00,20.98,0.00,PMXC7,RT
02/26/2025 02:30:00,20.93,0.00,PMXC7,RT
02/26/2025 02:40:00,20.93,0.00,PMXC7,RT
02/26/2025 02:50:00,20.98,0.00,PMXC7,RT
02/26/2025 03:00:00,20.93,0.00,PMXC7,RT
02/26/2025 03:10:00,20.98,0.00,PMXC7,RT
02/26/2025 03:20:00,20.98,0.00,PMXC7,RT
02/26/2025 03:30:00,20.98,0.00,PMXC7,RT
02/26/2025 03:40:00,21.02,0.00,PMXC7,RT
02/26/2025 03:50:00,20.98,0.00,PMXC7,RT
02/26/2025 04:00:00,20.98,0.00,PMXC7,RT
02/26/2025 04:10:00,21.02,0.00,PMXC7,RT
02/26/2025 04:20:00,21.02,0.00,PMXC7,RT
02/26/2025 04:30:00,21.02,0.00,PMXC7,RT
02/26/2025 04:40:00,20.98,0.00,PMXC7,RT
02/26/2025 04:50:00,21.02,0.00,PMXC7,RT
02/26/2025 05:00:00,21.02,0.00,PMXC7,RT
02/26/2025 05:10:00,21.06,0.00,PMXC7,RT
02/26/2025 05:20:00,21.02,0.00,PMXC7,RT
02/26/2025 05:30:00,21.06,0.00,PMXC7,RT
02/26/2025 05:40:00,21.06,0.00,PMXC7,RT
02/26/2025 05:50:00,21.10,0.00,PMXC7,RT
02/26/2025 06:00:00,21.06,0.00,PMXC7,RT
02/26/2025 06:10:00,21.06,0.00,PMXC7,RT
02/26/2025 06:20:00,21.02,0.00,PMXC7,RT
02/26/2025 06:30:00,21.02,0.00,PMXC7,RT
02/26/2025 06:40:00,21.06,0.00,PMXC7,RT
02/26/2025 06:50:00,21.06,0.00,PMXC7,RT
02/26/2025 07:00:00,21.06,0.00,PMXC7,RT
02/26/2025 07:10:00,21.06,0.00,PMXC7,RT
02/26/2025 07:20:00,21.06,0.00,PMXC7,RT
02/26/2025 07:30:00,21.06,0.00,PMXC7,RT
02/26/2025 07:40:00,21.02,0.00,PMXC7,RT
02/26/2025 07:50:00,21.06,0.00,PMXC7,RT
02/26/2025 08:00:00,21.02,0.00,PMXC7,RT
02/26/2025 08:10:00,20.98,0.00,PMXC7,RT
02/26/2025 08:20:00,20.98,0.00,PMXC7,RT
02/26/2025 08:30:00,20.93,0.00,PMXC7,RT
02/26/2025 08:40:00,20.93,0.00,PMXC7,RT
02/26/2025 08:50:00,20.89,0.00,PMXC7,RT
02/26/2025 09:00:00,20.85,0.00,PMXC7,RT
02/26/2025 09:10:00,20.85,0.00,PMXC7,RT
02/26/2025 09:20:00,20.80,0.00,PMXC7,RT
02/26/2025 09:30:00,20.80,0.00,PMXC7,RT
02/26/2025 09:40:00,20.76,0.00,PMXC7,RT
02/26/2025 09:50:00,20.80,0.00,PMXC7,RT
02/26/2025 10:00:00,20.76,0.00,PMXC7,RT
02/26/2025 10:10:00,20.72,0.00,PMXC7,RT
02/26/2025 10:20:00,20.72,0.00,PMXC7,RT
02/26/2025 10:30:00,20.68,0.00,PMXC7,RT
02/26/2025 10:40:00,20.68,0.00,PMXC7,RT
02/26/2025 10:50:00,20.72,0.00,PMXC7,RT
02/26/2025 11:00:00,20.68,0.00,PMXC7,RT
02/26/2025 11:10:00,20.63,0.00,PMXC7,RT
02/26/2025 11:20:00,20.63,0.00,PMXC7,RT
02/26/2025 11:30:00,20.63,0.00,PMXC7,RT
02/26/2025 11:40:00,20.68,0.00,PMXC7,RT
02/26/2025 11:50:00,20.63,0.00,PMXC7,RT
02/26/2025 12:00:00,20.63,0.00,PMXC7,RT
02/26/2025 12:10:00,20.59,0.00,PMXC7,RT
02/26/2025 12:20:00,20.63,0.00,PMXC7,RT
02/26/2025 12:30:00,20.63,0.00,PMXC7,RT
02/26/2025 12:40:00,20.59,0.00,PMXC7,RT
02/26/2025 12:50:00,20.55,0.00,PMXC7,RT
02/26/2025 13:00:00,20.55,0.00,PMXC7,RT
02/26/2025 13:10:00,20.55,0.00,PMXC7,RT
02/26/2025 13:20:00,20.55,0.00,PMXC7,RT
02/26/2025 13:30:00,20.50,0.00,PMXC7,RT
02/26/2025 13:40:00,20.50,0.00,PMXC7,RT
02/26/2025 13:50:00,20.50,0.00,PMXC7,RT
02/26/2025 14:00:00,20.55,0.00,PMXC7,RT
02/26/2025 14:10:00,20.59,0.00,PMXC7,RT
02/26/2025 14:20:00,20.55,0.00,PMXC7,RT
02/26/2025 14:30:00,20.50,0.00,PMXC7,RT
02/26/2025 14:40:00,20.50,0.00,PMXC7,RT
02/26/2025 14:50:00,20.50,0.00,PMXC7,RT
02/26/2025 15:00:00,20.50,0.00,PMXC7,RT
02/26/2025 15:10:00,20.50,0.00,PMXC7,RT
02/26/2025 15:20:00,20.50,0.00,PMXC7,RT
02/26/2025 15:30:00,20.59,0.00,PMXC7,RT
02/26/2025 15:40:00,20.59,0.00,PMXC7,RT
02/26/2025 15:50:00,20.63,0.00,PMXC7,RT
02/26/2025 16:00:00,20.68,0.00,PMXC7,RT
02/26/2025 16:10:00,20.68,0.00,PMXC7,RT
02/26/2025 16:20:00,20.72,0.00,PMXC7,RT
02/26/2025 16:30:00,20.63,0.00,PMXC7,RT
02/26/2025 16:40:00,20.59,0.00,PMXC7,RT
02/26/2025 16:50:00,20.59,0.00,PMXC7,RT
02/26/2025 17:00:00,20.59,0.00,PMXC7,RT
02/26/2025 17:10:00,20.59,0.00,PMXC7,RT
02/26/2025 17:20:00,20.63,0.00,PMXC7,RT
02/26/2025 17:30:00,20.63,0.00,PMXC7,RT
02/26/2025 17:40:00,20.68,0.00,PMXC7,RT
02/26/2025 17:50:00,20.68,0.00,PMXC7,RT
02/26/2025 18:00:00,20.68,0.00,PMXC7,RT
02/26/2025 18:10:00,20.72,0.00,PMXC7,RT
02/26/2025 18:20:00,20.72,0.00,PMXC7,RT
02/26/2025 18:30:00,20.76,0.00,PMXC7,RT
02/26/2025 18:40:00,20.76,0.00,PMXC7,RT
02/26/2025 18:50:00,20.76,0.00,PMXC7,RT
02/26/2025 19:00:00,20.76,0.00,PMXC7,RT
02/26/2025 19:10:00,20.76,0.00,PMXC7,RT
02/26/2025 19:20:00,20.76,0.00,PMXC7,RT
02/26/2025 19:30:00,20.76,0.00,PMXC7,RT
02/26/2025 19:40:00,20.80,0.00,PMXC7,RT
02/26/2025 19:50:00,20.80,0.00,PMXC7,RT
02/26/2025 20:00:00,20.80,0.00,PMXC7,RT
02/26/2025 20:10:00,20.85,0.00,PMXC7,RT
02/26/2025 20:20:00,20.80,0.00,PMXC7,RT
02/26/2025 20:30:00,20.85,0.00,PMXC7,RT
02/26/2025 20:40:00,20.85,0.00,PMXC7,RT
02/26/2025 20:50:00,20.85,0.00,PMXC7,RT
02/26/2025 21:00:00,20.85,0.00,PMXC7,RT
02/26/2025 21:10:00,20.85,0.00,PMXC7,RT
02/26/2025 21:20:00,20.89,0.00,PMXC7,RT
02/26/2025 21:30:00,20.89,0.00,PMXC7,RT
02/26/2025 21:40:00,20.89,0.00,PMXC7,RT
02/26/2025 21:50:00,20.89,0.00,PMXC7,RT
02/26/2025 22:00:00,20.93,0.00,PMXC7,RT
02/26/2025 22:10:00,20.89,0.00,PMXC7,RT
02/26/2025 22:20:00,20.85,0.00,PMXC7,RT
02/26/2025 22:30:00,20.89,0.00,PMXC7,RT
02/26/2025 22:40:00,20.89,0.00,PMXC7,RT
02/26/2025 22:50:00,20.98,0.00,PMXC7,RT
02/26/2025 23:00:00,20.89,0.00,PMXC7,RT
02/26/2025 23:10:00,20.93,0.00,PMXC7,RT
02/26/2025 23:20:00,20.93,0.00,PMXC7,RT
02/26/2025 23:30:00,20.93,0.00,PMXC7,RT
02/26/2025 23:40:00,20.89,0.00,PMXC7,RT
02/26/2025 23:50:00,20.89,0.00,PMXC7,RT
02/27/2025 00:00:00,20.89,0.00,PMXC7,RT
02/27/2025 00:10:00,20.98,0.00,PMXC7,RT
02/27/2025 00:20:00,20.93,0.00,PMXC7,RT
02/27/2025 00:30:00,20.98,0.00,PMXC7,RT
02/27/2025 00:40:00,20.93,0.00,PMXC7,RT
02/27/2025 00:50:00,20.93,0.00,PMXC7,RT
02/27/2025 01:00:00,20.93,0.00,PMXC7,RT
02/27/2025 01:10:00,20.98,0.00,PMXC7,RT
02/27/2025 01:20:00,20.98,0.00,PMXC7,RT
02/27/2025 01:30:00,20.93,0.00,PMXC7,RT
02/27/2025 01:40:00,20.93,0.00,PMXC7,RT
02/27/2025 01:50:00,20.98,0.00,PMXC7,RT
02/27/2025 02:00:00,20.93,0.00,PMXC7,RT
02/27/2025 02:10:00,20.98,0.00,PMXC7,RT
02/27/2025 02:20:00,20.93,0.00,PMXC7,RT
02/27/2025 02:30:00,20.98,0.00,PMXC7,RT
02/27/2025 02:40:00,21.02,0.00,PMXC7,RT
02/27/2025 02:50:00,21.02,0.00,PMXC7,RT
02/27/2025 03:00:00,20.98,0.00,PMXC7,RT
02/27/2025 03:10:00,20.93,0.00,PMXC7,RT
02/27/2025 03:20:00,20.98,0.00,PMXC7,RT
02/27/2025 03:30:00,20.93,0.00,PMXC7,RT
02/27/2025 03:40:00,20.89,0.00,PMXC7,RT
02/27/2025 03:50:00,20.98,0.00,PMXC7,RT
02/27/2025 04:00:00,20.98,0.00,PMXC7,RT
02/27/2025 04:10:00,21.02,0.00,PMXC7,RT
02/27/2025 04:20:00,20.98,0.00,PMXC7,RT
02/27/2025 04:30:00,20.98,0.00,PMXC7,RT
02/27/2025 04:40:00,20.93,0.00,PMXC7,RT
02/27/2025 04:50:00,20.98,0.00,PMXC7,RT
02/27/2025 05:00:00,20.93,0.00,PMXC7,RT
02/27/2025 05:10:00,20.98,0.00,PMXC7,RT
02/27/2025 05:20:00,20.98,0.00,PMXC7,RT
02/27/2025 05:30:00,20.98,0.00,PMXC7,RT
02/27/2025 05:40:00,20.98,0.00,PMXC7,RT
02/27/2025 05:50:00,20.98,0.00,PMXC7,RT
02/27/2025 06:00:00,21.06,0.00,PMXC7,RT
02/27/2025 06:10:00,21.02,0.00,PMXC7,RT
02/27/2025 06:20:00,21.02,0.00,PMXC7,RT
02/27/2025 06:30:00,21.02,0.00,PMXC7,RT
02/27/2025 06:40:00,21.06,0.00,PMXC7,RT
02/27/2025 06:50:00,21.02,0.00,PMXC7,RT
02/27/2025 07:00:00,21.02,0.00,PMXC7,RT
02/27/2025 07:10:00,21.06,0.00,PMXC7,RT
02/27/2025 07:20:00,21.06,0.00,PMXC7,RT
02/27/2025 07:30:00,21.06,0.00,PMXC7,RT
02/27/2025 07:40:00,21.06,0.00,PMXC7,RT
02/27/2025 07:50:00,21.06,0.00,PMXC7,RT
02/27/2025 08:00:00,21.02,0.00,PMXC7,RT
02/27/2025 08:10:00,21.02,0.00,PMXC7,RT
02/27/2025 08:20:00,21.06,0.00,PMXC7,RT
02/27/2025 08:30:00,21.06,0.00,PMXC7,RT
02/27/2025 08:40:00,21.06,0.00,PMXC7,RT
02/27/2025 08:50:00,21.06,0.00,PMXC7,RT
02/27/2025 09:00:00,20.98,0.00,PMXC7,RT
02/27/2025 09:10:00,20.98,0.00,PMXC7,RT
02/27/2025 09:20:00,20.93,0.00,PMXC7,RT
02/27/2025 09:30:00,20.93,0.00,PMXC7,RT
02/27/2025 09:40:00,20.93,0.00,PMXC7,RT
02/27/2025 09:50:00,20.93,0.00,PMXC7,RT
02/27/2025 10:00:00,20.80,0.00,PMXC7,RT
02/27/2025 10:10:00,20.80,0.00,PMXC7,RT
02/27/2025 10:20:00,20.76,0.00,PMXC7,RT
02/27/2025 10:30:00,20.80,0.00,PMXC7,RT
02/27/2025 10:40:00,20.72,0.00,PMXC7,RT
02/27/2025 10:50:00,20.72,0.00,PMXC7,RT
02/27/2025 11:00:00,20.72,0.00,PMXC7,RT
02/27/2025 11:10:00,20.76,0.00,PMXC7,RT
02/27/2025 11:20:00,20.76,0.00,PMXC7,RT
02/27/2025 11:30:00,20.72,0.00,PMXC7,RT
02/27/2025 11:40:00,20.80,0.00,PMXC7,RT
02/27/2025 11:50:00,20.80,0.00,PMXC7,RT
02/27/2025 12:00:00,20.85,0.00,PMXC7,RT
02/27/2025 12:10:00,20.80,0.00,PMXC7,RT
02/27/2025 12:20:00,20.85,0.00,PMXC7,RT
02/27/2025 12:30:00,20.89,0.00,PMXC7,RT
02/27/2025 12:40:00,20.85,0.00,PMXC7,RT
02/27/2025 12:50:00,20.89,0.00,PMXC7,RT
02/27/2025 13:00:00,20.89,0.00,PMXC7,RT
02/27/2025 13:10:00,20.93,0.00,PMXC7,RT
02/27/2025 13:20:00,20.89,0.00,PMXC7,RT
02/27/2025 13:30:00,20.89,0.00,PMXC7,RT
02/27/2025 13:40:00,20.85,0.00,PMXC7,RT
02/27/2025 13:50:00,20.85,0.00,PMXC7,RT
02/27/2025 14:00:00,20.85,0.00,PMXC7,RT
02/27/2025 14:10:00,20.85,0.00,PMXC7,RT
02/27/2025 14:20:00,20.80,0.00,PMXC7,RT
02/27/2025 14:30:00,20.76,0.00,PMXC7,RT
02/27/2025 14:40:00,20.76,0.00,PMXC7,RT
02/27/2025 14:50:00,20.76,0.00,PMXC7,RT
02/27/2025 15:00:00,20.76,0.00,PMXC7,RT
02/27/2025 15:10:00,20.76,0.00,PMXC7,RT
02/27/2025 15:20:00,20.72,0.00,PMXC7,RT
02/27/2025 15:30:00,20.68,0.00,PMXC7,RT
02/27/2025 15:40:00,20.63,0.00,PMXC7,RT
02/27/2025 15:50:00,20.68,0.00,PMXC7,RT
02/27/2025 16:00:00,20.68,0.00,PMXC7,RT
02/27/2025 16:10:00,20.63,0.00,PMXC7,RT
02/27/2025 16:20:00,20.59,0.00,PMXC7,RT
02/27/2025 16:30:00,20.68,0.00,PMXC7,RT
02/27/2025 16:40:00,20.68,0.00,PMXC7,RT
02/27/2025 16:50:00,20.72,0.00,PMXC7,RT
02/27/2025 17:00:00,20.76,0.00,PMXC7,RT
02/27/2025 17:10:00,20.72,0.00,PMXC7,RT
02/27/2025 17:20:00,20.68,0.00,PMXC7,RT
02/27/2025 17:30:00,20.68,0.00,PMXC7,RT
02/27/2025 17:40:00,20.68,0.00,PMXC7,RT
02/27/2025 17:50:00,20.68,0.00,PMXC7,RT
02/27/2025 18:00:00,20.63,0.00,PMXC7,RT
02/27/2025 18:10:00,20.68,0.00,PMXC7,RT
02/27/2025 18:20:00,20.68,0.00,PMXC7,RT
02/27/2025 18:30:00,20.72,0.00,PMXC7,RT
02/27/2025 18:40:00,20.80,0.00,PMXC7,RT
02/27/2025 18:50:00,20.76,0.00,PMXC7,RT
02/27/2025 19:00:00,20.76,0.00,PMXC7,RT
02/27/2025 19:10:00,20.80,0.00,PMXC7,RT
02/27/2025 19:20:00,20.80,0.00,PMXC7,RT
02/27/2025 19:30:00,20.85,0.00,PMXC7,RT
02/27/2025 19:40:00,20.80,0.00,PMXC7,RT
02/27/2025 19:50:00,20.85,0.00,PMXC7,RT
02/27/2025 20:00:00,20.85,0.00,PMXC7,RT
02/27/2025 20:10:00,20.85,0.00,PMXC7,RT
02/27/2025 20:20:00,20.89,0.00,PMXC7,RT
02/27/2025 20:30:00,20.85,0.00,PMXC7,RT
02/27/2025 20:40:00,20.89,0.00,PMXC7,RT
02/27/2025 20:50:00,20.89,0.00,PMXC7,RT
02/27/2025 21:00:00,20.89,0.00,PMXC7,RT
02/27/2025 21:10:00,20.85,0.00,PMXC7,RT
02/27/2025 21:20:00,20.93,0.00,PMXC7,RT
02/27/2025 21:30:00,20.89,0.00,PMXC7,RT
02/27/2025 21:40:00,20.89,0.00,PMXC7,RT
02/27/2025 21:50:00,20.93,0.00,PMXC7,RT
02/27/2025 22:00:00,20.93,0.00,PMXC7,RT
02/27/2025 22:10:00,20.93,0.00,PMXC7,RT
02/27/2025 22:20:00,20.93,0.00,PMXC7,RT
02/27/2025 22:30:00,20.93,0.00,PMXC7,RT
02/27/2025 22:40:00,20.93,0.00,PMXC7,RT
02/27/2025 22:50:00,20.93,0.00,PMXC7,RT
02/27/2025 23:00:00,20.93,0.00,PMXC7,RT
02/27/2025 23:10:00,20.93,0.00,PMXC7,RT
02/27/2025 23:20:00,20.93,0.00,PMXC7,RT
02/27/2025 23:30:00,20.93,0.00,PMXC7,RT
02/27/2025 23:40:00,20.98,0.00,PMXC7,RT
02/27/2025 23:50:00,21.02,0.00,PMXC7,RT
02/28/2025 00:00:00,20.98,0.00,PMXC7,RT
02/28/2025 00:10:00,20.98,0.00,PMXC7,RT
02/28/2025 00:20:00,20.98,0.00,PMXC7,RT
02/28/2025 00:30:00,20.93,0.00,PMXC7,RT
02/28/2025 00:40:00,20.93,0.00,PMXC7,RT
02/28/2025 00:50:00,20.98,0.00,PMXC7,RT
02/28/2025 01:00:00,20.98,0.00,PMXC7,RT
02/28/2025 01:10:00,20.98,0.00,PMXC7,RT
02/28/2025 01:20:00,20.93,0.00,PMXC7,RT
02/28/2025 01:30:00,20.93,0.00,PMXC7,RT
02/28/2025 01:40:00,20.98,0.00,PMXC7,RT
02/28/2025 01:50:00,20.93,0.00,PMXC7,RT
02/28/2025 02:00:00,20.93,0.00,PMXC7,RT
02/28/2025 02:10:00,20.98,0.00,PMXC7,RT
02/28/2025 02:20:00,20.93,0.00,PMXC7,RT
02/28/2025 02:30:00,20.98,0.00,PMXC7,RT
02/28/2025 02:40:00,20.93,0.00,PMXC7,RT
02/28/2025 02:50:00,20.93,0.00,PMXC7,RT
02/28/2025 03:00:00,20.93,0.00,PMXC7,RT
02/28/2025 03:10:00,20.93,0.00,PMXC7,RT
02/28/2025 03:20:00,20.98,0.00,PMXC7,RT
02/28/2025 03:30:00,20.93,0.00,PMXC7,RT
02/28/2025 03:40:00,20.98,0.00,PMXC7,RT
02/28/2025 03:50:00,20.93,0.00,PMXC7,RT
02/28/2025 04:00:00,20.98,0.00,PMXC7,RT
02/28/2025 04:10:00,20.93,0.00,PMXC7,RT
02/28/2025 04:20:00,20.98,0.00,PMXC7,RT
02/28/2025 04:30:00,20.93,0.00,PMXC7,RT
02/28/2025 04:40:00,20.93,0.00,PMXC7,RT
02/28/2025 04:50:00,20.98,0.00,PMXC7,RT
02/28/2025 05:00:00,20.98,0.00,PMXC7,RT
02/28/2025 05:10:00,20.98,0.00,PMXC7,RT
02/28/2025 05:20:00,21.06,0.00,PMXC7,RT
02/28/2025 05:30:00,21.02,0.00,PMXC7,RT
02/28/2025 05:40:00,21.02,0.00,PMXC7,RT
02/28/2025 05:50:00,21.02,0.00,PMXC7,RT
02/28/2025 06:00:00,21.02,0.00,PMXC7,RT
02/28/2025 06:10:00,21.02,0.00,PMXC7,RT
02/28/2025 06:20:00,21.02,0.00,PMXC7,RT
02/28/2025 06:30:00,21.06,0.00,PMXC7,RT
02/28/2025 06:40:00,21.02,0.00,PMXC7,RT
02/28/2025 06:50:00,21.06,0.00,PMXC7,RT
02/28/2025 07:00:00,21.06,0.00,PMXC7,RT
02/28/2025 07:10:00,21.02,0.00,PMXC7,RT
02/28/2025 07:20:00,21.02,0.00,PMXC7,RT
02/28/2025 07:30:00,21.06,0.00,PMXC7,RT
02/28/2025 07:40:00,21.02,0.00,PMXC7,RT
02/28/2025 07:50:00,21.02,0.00,PMXC7,RT
02/28/2025 08:00:00,21.02,0.00,PMXC7,RT
02/28/2025 08:10:00,20.93,0.00,PMXC7,RT
02/28/2025 08:20:00,20.93,0.00,PMXC7,RT
02/28/2025 08:30:00,20.93,0.00,PMXC7,RT
02/28/2025 08:40:00,20.89,0.00,PMXC7,RT
02/28/2025 08:50:00,20.85,0.00,PMXC7,RT
02/28/2025 09:00:00,20.85,0.00,PMXC7,RT
02/28/2025 09:10:00,20.85,0.00,PMXC7,RT
02/28/2025 09:20:00,20.80,0.00,PMXC7,RT
02/28/2025 09:30:00,20.76,0.00,PMXC7,RT
02/28/2025 09:40:00,20.80,0.00,PMXC7,RT
02/28/2025 09:50:00,20.76,0.00,PMXC7,RT
02/28/2025 10:00:00,20.72,0.00,PMXC7,RT
02/28/2025 10:10:00,20.76,0.00,PMXC7,RT
02/28/2025 10:20:00,20.72,0.00,PMXC7,RT
02/28/2025 10:30:00,20.72,0.00,PMXC7,RT
02/28/2025 10:40:00,20.68,0.00,PMXC7,RT
02/28/2025 10:50:00,20.72,0.00,PMXC7,RT
02/28/2025 11:00:00,20.72,173.52,PMXC7,RT
02/28/2025 11:10:00,20.72,173.52,PMXC7,RT
02/28/2025 11:20:00,20.72,173.52,PMXC7,RT
02/28/2025 11:30:00,20.68,173.52,PMXC7,RT
02/28/2025 11:40:00,20.85,0.00,PMXC7,RT
02/28/2025 11:50:00,20.89,0.00,PMXC7,RT
02/28/2025 12:00:00,20.80,0.00,PMXC7,RT
02/28/2025 12:10:00,20.76,0.00,PMXC7,RT
02/28/2025 12:20:00,20.76,0.00,PMXC7,RT
02/28/2025 12:30:00,20.76,0.00,PMXC7,RT
02/28/2025 12:40:00,20.72,0.00,PMXC7,RT
02/28/2025 12:50:00,20.68,0.00,PMXC7,RT
02/28/2025 13:00:00,20.68,0.00,PMXC7,RT
02/28/2025 13:10:00,20.63,0.00,PMXC7,RT
02/28/2025 13:20:00,20.63,0.00,PMXC7,RT
02/28/2025 13:30:00,20.59,0.00,PMXC7,RT
02/28/2025 13:40:00,20.59,0.00,PMXC7,RT
02/28/2025 13:50:00,20.55,0.00,PMXC7,RT
02/28/2025 14:00:00,20.55,0.00,PMXC7,RT
02/28/2025 14:10:00,20.59,0.00,PMXC7,RT
02/28/2025 14:20:00,20.59,0.00,PMXC7,RT
02/28/2025 14:30:00,20.55,0.00,PMXC7,RT
02/28/2025 14:40:00,20.55,0.00,PMXC7,RT
02/28/2025 14:50:00,20.50,0.00,PMXC7,RT
02/28/2025 15:00:00,20.50,0.00,PMXC7,RT
02/28/2025 15:10:00,20.50,0.00,PMXC7,RT
02/28/2025 15:20:00,20.50,0.00,PMXC7,RT
02/28/2025 15:30:00,20.50,0.00,PMXC7,RT
02/28/2025 15:40:00,20.50,0.00,PMXC7,RT
02/28/2025 15:50:00,20.46,0.00,PMXC7,RT
02/28/2025 16:00:00,20.50,0.00,PMXC7,RT
02/28/2025 16:10:00,20.50,0.00,PMXC7,RT
02/28/2025 16:20:00,20.50,0.00,PMXC7,RT
02/28/2025 16:30:00,20.46,0.00,PMXC7,RT
02/28/2025 16:40:00,20.50,0.00,PMXC7,RT
02/28/2025 16:50:00,20.46,0.00,PMXC7,RT
02/28/2025 17:00:00,20.46,0.00,PMXC7,RT
02/28/2025 17:10:00,20.42,0.00,PMXC7,RT
02/28/2025 17:20:00,20.46,0.00,PMXC7,RT
02/28/2025 17:30:00,20.46,0.00,PMXC7,RT
02/28/2025 17:40:00,20.46,0.00,PMXC7,RT
02/28/2025 17:50:00,20.46,0.00,PMXC7,RT
02/28/2025 18:00:00,20.46,0.00,PMXC7,RT
02/28/2025 18:10:00,20.46,0.00,PMXC7,RT
02/28/2025 18:20:00,20.46,0.00,PMXC7,RT
02/28/2025 18:30:00,20.46,0.00,PMXC7,RT
02/28/2025 18:40:00,20.46,0.00,PMXC7,RT
02/28/2025 18:50:00,20.42,0.00,PMXC7,RT
02/28/2025 19:00:00,20.46,0.00,PMXC7,RT
02/28/2025 19:10:00,20.46,0.00,PMXC7,RT
02/28/2025 19:20:00,20.46,0.00,PMXC7,RT
02/28/2025 19:30:00,20.42,0.00,PMXC7,RT
02/28/2025 19:40:00,20.46,0.00,PMXC7,RT
02/28/2025 19:50:00,20.46,0.00,PMXC7,RT
02/28/2025 20:00:00,20.42,0.00,PMXC7,RT
02/28/2025 20:10:00,20.46,0.00,PMXC7,RT
02/28/2025 20:20:00,20.42,0.00,PMXC7,RT
02/28/2025 20:30:00,20.42,0.00,PMXC7,RT
02/28/2025 20:40:00,20.46,0.00,PMXC7,RT
02/28/2025 20:50:00,20.37,0.00,PMXC7,RT
02/28/2025 21:00:00,20.37,0.00,PMXC7,RT
02/28/2025 21:10:00,20.37,0.00,PMXC7,RT
02/28/2025 21:20:00,20.37,0.00,PMXC7,RT
02/28/2025 21:30:00,20.42,0.00,PMXC7,RT
02/28/2025 21:40:00,20.37,0.00,PMXC7,RT
02/28/2025 21:50:00,20.37,0.00,PMXC7,RT
02/28/2025 22:00:00,20.37,0.00,PMXC7,RT
02/28/2025 22:10:00,20.33,0.00,PMXC7,RT
02/28/2025 22:20:00,20.37,0.00,PMXC7,RT
02/28/2025 22:30:00,20.37,0.00,PMXC7,RT
02/28/2025 22:40:00,20.37,0.00,PMXC7,RT
02/28/2025 22:50:00,20.42,0.00,PMXC7,RT
02/28/2025 23:00:00,20.42,0.00,PMXC7,RT
02/28/2025 23:10:00,20.46,0.00,PMXC7,RT
02/28/2025 23:20:00,20.46,0.00,PMXC7,RT
02/28/2025 23:30:00,20.46,0.00,PMXC7,RT
02/28/2025 23:40:00,20.46,0.00,PMXC7,RT
02/28/2025 23:50:00,20.50,0.00,PMXC7,RT
03/01/2025 00:00:00,20.55,0.00,PMXC7,RT
03/01/2025 00:10:00,20.55,0.00,PMXC7,RT
03/01/2025 00:20:00,20.55,0.00,PMXC7,RT
03/01/2025 00:30:00,20.55,0.00,PMXC7,RT
03/01/2025 00:40:00,20.59,0.00,PMXC7,RT
03/01/2025 00:50:00,20.50,0.00,PMXC7,RT
03/01/2025 01:00:00,20.50,0.00,PMXC7,RT
03/01/2025 01:10:00,20.46,0.00,PMXC7,RT
03/01/2025 01:20:00,20.46,0.00,PMXC7,RT
03/01/2025 01:30:00,20.50,0.00,PMXC7,RT
03/01/2025 01:40:00,20.55,0.00,PMXC7,RT
03/01/2025 01:50:00,20.55,0.00,PMXC7,RT
03/01/2025 02:00:00,20.55,0.00,PMXC7,RT
03/01/2025 02:10:00,20.59,0.00,PMXC7,RT
03/01/2025 02:20:00,20.59,0.00,PMXC7,RT
03/01/2025 02:30:00,20.59,0.00,PMXC7,RT
03/01/2025 02:40:00,20.63,0.00,PMXC7,RT
03/01/2025 02:50:00,20.63,0.00,PMXC7,RT
03/01/2025 03:00:00,20.63,0.00,PMXC7,RT
03/01/2025 03:10:00,20.59,0.00,PMXC7,RT
03/01/2025 03:20:00,20.63,0.00,PMXC7,RT
03/01/2025 03:30:00,20.63,0.00,PMXC7,RT
03/01/2025 03:40:00,20.72,0.00,PMXC7,RT
03/01/2025 03:50:00,20.68,0.00,PMXC7,RT
03/01/2025 04:00:00,20.68,0.00,PMXC7,RT
03/01/2025 04:10:00,20.68,0.00,PMXC7,RT
03/01/2025 04:20:00,20.72,0.00,PMXC7,RT
03/01/2025 04:30:00,20.72,0.00,PMXC7,RT
03/01/2025 04:40:00,20.76,0.00,PMXC7,RT
03/01/2025 04:50:00,20.80,0.00,PMXC7,RT
03/01/2025 05:00:00,20.76,0.00,PMXC7,RT
03/01/2025 05:10:00,20.76,0.00,PMXC7,RT
03/01/2025 05:20:00,20.76,0.00,PMXC7,RT
03/01/2025 05:30:00,20.85,0.00,PMXC7,RT
03/01/2025 05:40:00,20.80,0.00,PMXC7,RT
03/01/2025 05:50:00,20.80,0.00,PMXC7,RT
03/01/2025 06:00:00,20.80,0.00,PMXC7,RT
03/01/2025 06:10:00,20.85,0.00,PMXC7,RT
03/01/2025 06:20:00,20.85,0.00,PMXC7,RT
03/01/2025 06:30:00,20.85,0.00,PMXC7,RT
03/01/2025 06:40:00,20.85,0.00,PMXC7,RT
03/01/2025 06:50:00,20.89,0.00,PMXC7,RT
03/01/2025 07:00:00,20.89,0.00,PMXC7,RT
03/01/2025 07:10:00,20.89,0.00,PMXC7,RT
03/01/2025 07:20:00,20.89,0.00,PMXC7,RT
03/01/2025 07:30:00,20.89,0.00,PMXC7,RT
03/01/2025 07:40:00,20.89,0.00,PMXC7,RT
03/01/2025 07:50:00,20.93,0.00,PMXC7,RT
03/01/2025 08:00:00,20.89,0.00,PMXC7,RT
03/01/2025 08:10:00,20.98,0.00,PMXC7,RT
03/01/2025 08:20:00,20.93,0.00,PMXC7,RT
03/01/2025 08:30:00,20.98,0.00,PMXC7,RT
03/01/2025 08:40:00,20.98,0.00,PMXC7,RT
03/01/2025 08:50:00,20.98,0.00,PMXC7,RT
03/01/2025 09:00:00,20.98,0.00,PMXC7,RT
03/01/2025 09:10:00,20.98,0.00,PMXC7,RT
03/01/2025 09:20:00,20.98,0.00,PMXC7,RT
03/01/2025 09:30:00,20.98,0.00,PMXC7,RT
03/01/2025 09:40:00,20.98,0.00,PMXC7,RT
03/01/2025 09:50:00,20.98,0.00,PMXC7,RT
03/01/2025 10:00:00,20.98,0.00,PMXC7,RT
03/01/2025 10:10:00,21.02,0.00,PMXC7,RT
03/01/2025 10:20:00,20.98,0.00,PMXC7,RT
03/01/2025 10:30:00,20.98,0.00,PMXC7,RT
03/01/2025 10:40:00,20.93,0.00,PMXC7,RT
03/01/2025 10:50:00,20.98,0.00,PMXC7,RT
03/01/2025 11:00:00,20.98,0.00,PMXC7,RT
03/01/2025 11:10:00,20.98,0.00,PMXC7,RT
03/01/2025 11:20:00,20.98,0.00,PMXC7,RT
03/01/2025 11:30:00,20.98,0.00,PMXC7,RT
03/01/2025 11:40:00,20.98,0.00,PMXC7,RT
03/01/2025 11:50:00,20.98,0.00,PMXC7,RT
03/01/2025 12:00:00,20.98,0.00,PMXC7,RT
03/01/2025 12:10:00,20.98,0.00,PMXC7,RT
03/01/2025 12:20:00,20.98,0.00,PMXC7,RT
03/01/2025 12:30:00,21.02,0.00,PMXC7,RT
03/01/2025 12:40:00,21.02,0.00,PMXC7,RT
03/01/2025 12:50:00,21.02,0.00,PMXC7,RT
03/01/2025 13:00:00,21.06,0.00,PMXC7,RT
03/01/2025 13:10:00,21.02,0.00,PMXC7,RT
03/01/2025 13:20:00,20.98,0.00,PMXC7,RT
03/01/2025 13:30:00,21.02,0.00,PMXC7,RT
03/01/2025 13:40:00,21.02,0.00,PMXC7,RT
03/01/2025 13:50:00,21.02,0.00,PMXC7,RT
03/01/2025 14:00:00,21.02,0.00,PMXC7,RT
03/01/2025 14:10:00,21.02,0.00,PMXC7,RT
03/01/2025 14:20:00,20.98,0.00,PMXC7,RT
03/01/2025 14:30:00,21.02,0.00,PMXC7,RT
03/01/2025 14:40:00,21.02,0.00,PMXC7,RT
03/01/2025 14:50:00,20.98,0.00,PMXC7,RT
03/01/2025 15:00:00,21.02,0.00,PMXC7,RT
03/01/2025 15:10:00,21.02,0.00,PMXC7,RT
03/01/2025 15:20:00,21.02,0.00,PMXC7,RT
03/01/2025 15:30:00,21.02,0.00,PMXC7,RT
03/01/2025 15:40:00,21.06,0.00,PMXC7,RT
03/01/2025 15:50:00,21.02,0.00,PMXC7,RT
03/01/2025 16:00:00,20.98,0.00,PMXC7,RT
03/01/2025 16:10:00,20.98,0.00,PMXC7,RT
03/01/2025 16:20:00,21.02,0.00,PMXC7,RT
03/01/2025 16:30:00,20.98,0.00,PMXC7,RT
03/01/2025 16:40:00,21.06,0.00,PMXC7,RT
03/01/2025 16:50:00,21.02,0.00,PMXC7,RT
03/01/2025 17:00:00,21.06,0.00,PMXC7,RT
03/01/2025 17:10:00,21.10,0.00,PMXC7,RT
03/01/2025 17:20:00,21.02,0.00,PMXC7,RT
03/01/2025 17:30:00,21.06,0.00,PMXC7,RT
03/01/2025 17:40:00,21.06,0.00,PMXC7,RT
03/01/2025 17:50:00,21.06,0.00,PMXC7,RT
03/01/2025 18:00:00,21.06,0.00,PMXC7,RT
03/01/2025 18:10:00,21.06,0.00,PMXC7,RT
03/01/2025 18:20:00,21.06,0.00,PMXC7,RT
03/01/2025 18:30:00,21.06,0.00,PMXC7,RT
03/01/2025 18:40:00,21.06,0.00,PMXC7,RT
03/01/2025 18:50:00,21.06,0.00,PMXC7,RT
03/01/2025 19:00:00,21.06,0.00,PMXC7,RT
03/01/2025 19:10:00,21.06,0.00,PMXC7,RT
03/01/2025 19:20:00,21.06,0.00,PMXC7,RT
03/01/2025 19:30:00,21.06,0.00,PMXC7,RT
03/01/2025 19:40:00,21.06,0.00,PMXC7,RT
03/01/2025 19:50:00,21.06,0.00,PMXC7,RT
03/01/2025 20:00:00,21.10,0.00,PMXC7,RT
03/01/2025 20:10:00,21.10,0.00,PMXC7,RT
03/01/2025 20:20:00,21.06,0.00,PMXC7,RT
03/01/2025 20:30:00,21.10,0.00,PMXC7,RT
03/01/2025 20:40:00,21.06,0.00,PMXC7,RT
03/01/2025 20:50:00,21.10,0.00,PMXC7,RT
03/01/2025 21:00:00,21.10,0.00,PMXC7,RT
03/01/2025 21:10:00,21.06,0.00,PMXC7,RT
03/01/2025 21:20:00,21.06,0.00,PMXC7,RT
03/01/2025 21:30:00,21.06,0.00,PMXC7,RT
03/01/2025 21:40:00,21.06,0.00,PMXC7,RT
03/01/2025 21:50:00,21.06,0.00,PMXC7,RT
03/01/2025 22:00:00,21.10,0.00,PMXC7,RT
03/01/2025 22:10:00,21.06,0.00,PMXC7,RT
03/01/2025 22:20:00,21.06,0.00,PMXC7,RT
03/01/2025 22:30:00,21.10,0.00,PMXC7,RT
03/01/2025 22:40:00,21.10,0.00,PMXC7,RT
03/01/2025 22:50:00,21.10,0.00,PMXC7,RT
03/01/2025 23:00:00,21.10,0.00,PMXC7,RT
03/01/2025 23:10:00,21.10,0.00,PMXC7,RT
03/01/2025 23:20:00,21.10,0.00,PMXC7,RT
03/01/2025 23:30:00,21.10,0.00,PMXC7,RT
03/01/2025 23:40:00,21.10,0.00,PMXC7,RT
03/01/2025 23:50:00,21.10,0.00,PMXC7,RT
03/02/2025 00:00:00,21.06,0.00,PMXC7,RT
03/02/2025 00:10:00,21.06,0.00,PMXC7,RT
03/02/2025 00:20:00,21.06,0.00,PMXC7,RT
03/02/2025 00:30:00,21.10,0.00,PMXC7,RT
03/02/2025 00:40:00,21.06,0.00,PMXC7,RT
03/02/2025 00:50:00,21.06,0.00,PMXC7,RT
03/02/2025 01:00:00,21.10,0.00,PMXC7,RT
03/02/2025 01:10:00,21.10,0.00,PMXC7,RT
03/02/2025 01:20:00,21.10,0.00,PMXC7,RT
03/02/2025 01:30:00,21.06,0.00,PMXC7,RT
03/02/2025 01:40:00,21.06,0.00,PMXC7,RT
03/02/2025 01:50:00,21.06,0.00,PMXC7,RT
03/02/2025 02:00:00,21.10,0.00,PMXC7,RT
03/02/2025 02:10:00,21.10,0.00,PMXC7,RT
03/02/2025 02:20:00,21.06,0.00,PMXC7,RT
03/02/2025 02:30:00,21.10,0.00,PMXC7,RT
03/02/2025 02:40:00,21.10,0.00,PMXC7,RT
03/02/2025 02:50:00,21.10,0.00,PMXC7,RT
03/02/2025 03:00:00,21.06,0.00,PMXC7,RT
03/02/2025 03:10:00,21.10,0.00,PMXC7,RT
03/02/2025 03:20:00,21.10,0.00,PMXC7,RT
03/02/2025 03:30:00,21.06,0.00,PMXC7,RT
03/02/2025 03:40:00,21.10,0.00,PMXC7,RT
03/02/2025 03:50:00,21.10,0.00,PMXC7,RT
03/02/2025 04:00:00,21.06,0.00,PMXC7,RT
03/02/2025 04:10:00,21.10,0.00,PMXC7,RT
03/02/2025 04:20:00,21.06,0.00,PMXC7,RT
03/02/2025 04:30:00,21.10,0.00,PMXC7,RT
03/02/2025 04:40:00,21.10,0.00,PMXC7,RT
03/02/2025 04:50:00,21.10,0.00,PMXC7,RT
03/02/2025 05:00:00,21.10,0.00,PMXC7,RT
03/02/2025 05:10:00,21.10,0.00,PMXC7,RT
03/02/2025 05:20:00,21.15,0.00,PMXC7,RT
03/02/2025 05:30:00,21.10,0.00,PMXC7,RT
03/02/2025 05:40:00,21.10,0.00,PMXC7,RT
03/02/2025 05:50:00,21.06,0.00,PMXC7,RT
03/02/2025 06:00:00,21.06,0.00,PMXC7,RT
03/02/2025 06:10:00,21.10,0.00,PMXC7,RT
03/02/2025 06:20:00,21.10,0.00,PMXC7,RT
03/02/2025 06:30:00,21.15,0.00,PMXC7,RT
03/02/2025 06:40:00,21.10,0.00,PMXC7,RT
03/02/2025 06:50:00,21.10,0.00,PMXC7,RT
03/02/2025 07:00:00,21.10,0.00,PMXC7,RT
03/02/2025 07:10:00,21.10,0.00,PMXC7,RT
03/02/2025 07:20:00,21.15,0.00,PMXC7,RT
03/02/2025 07:30:00,21.15,0.00,PMXC7,RT
03/02/2025 07:40:00,21.10,0.00,PMXC7,RT
03/02/2025 07:50:00,21.10,0.00,PMXC7,RT
03/02/2025 08:00:00,21.10,0.00,PMXC7,RT
03/02/2025 08:10:00,21.15,0.00,PMXC7,RT
03/02/2025 08:20:00,21.10,0.00,PMXC7,RT
03/02/2025 08:30:00,21.15,0.00,PMXC7,RT
03/02/2025 08:40:00,21.10,0.00,PMXC7,RT
03/02/2025 08:50:00,21.15,0.00,PMXC7,RT
03/02/2025 09:00:00,21.15,0.00,PMXC7,RT
03/02/2025 09:10:00,21.10,0.00,PMXC7,RT
03/02/2025 09:20:00,21.15,0.00,PMXC7,RT
03/02/2025 09:30:00,21.10,0.00,PMXC7,RT
03/02/2025 09:40:00,21.10,0.00,PMXC7,RT
03/02/2025 09:50:00,21.15,0.00,PMXC7,RT
03/02/2025 10:00:00,21.15,0.00,PMXC7,RT
03/02/2025 10:10:00,21.19,0.00,PMXC7,RT
03/02/2025 10:20:00,21.15,0.00,PMXC7,RT
03/02/2025 10:30:00,21.10,0.00,PMXC7,RT
03/02/2025 10:40:00,21.15,0.00,PMXC7,RT
03/02/2025 10:50:00,21.15,0.00,PMXC7,RT
03/02/2025 11:00:00,21.15,0.00,PMXC7,RT
03/02/2025 11:10:00,21.19,0.00,PMXC7,RT
03/02/2025 11:20:00,21.15,0.00,PMXC7,RT
03/02/2025 11:30:00,21.10,0.00,PMXC7,RT
03/02/2025 11:40:00,21.19,0.00,PMXC7,RT
03/02/2025 11:50:00,21.15,0.00,PMXC7,RT
03/02/2025 12:00:00,21.19,0.00,PMXC7,RT
03/02/2025 12:10:00,21.19,0.00,PMXC7,RT
03/02/2025 12:20:00,21.15,0.00,PMXC7,RT
03/02/2025 12:30:00,21.15,0.00,PMXC7,RT
03/02/2025 12:40:00,21.15,0.00,PMXC7,RT
03/02/2025 12:50:00,21.19,0.00,PMXC7,RT
03/02/2025 13:00:00,21.15,0.00,PMXC7,RT
03/02/2025 13:10:00,21.19,0.00,PMXC7,RT
03/02/2025 13:20:00,21.19,0.00,PMXC7,RT
03/02/2025 13:30:00,21.19,0.00,PMXC7,RT
03/02/2025 13:40:00,21.19,0.00,PMXC7,RT
03/02/2025 13:50:00,21.15,0.00,PMXC7,RT
03/02/2025 14:00:00,21.19,0.00,PMXC7,RT
03/02/2025 14:10:00,21.23,0.00,PMXC7,RT
03/02/2025 14:20:00,21.19,0.00,PMXC7,RT
03/02/2025 14:30:00,21.23,0.00,PMXC7,RT
03/02/2025 14:40:00,21.19,0.00,PMXC7,RT
03/02/2025 14:50:00,21.23,0.00,PMXC7,RT
03/02/2025 15:00:00,21.19,0.00,PMXC7,RT
03/02/2025 15:10:00,21.23,0.00,PMXC7,RT
03/02/2025 15:20:00,21.19,0.00,PMXC7,RT
03/02/2025 15:30:00,21.23,0.00,PMXC7,RT
03/02/2025 15:40:00,21.28,0.00,PMXC7,RT
03/02/2025 15:50:00,21.23,0.00,PMXC7,RT
03/02/2025 16:00:00,21.23,0.00,PMXC7,RT
03/02/2025 16:10:00,21.19,0.00,PMXC7,RT
03/02/2025 16:20:00,21.19,0.00,PMXC7,RT
03/02/2025 16:30:00,21.23,0.00,PMXC7,RT
03/02/2025 16:40:00,21.23,0.00,PMXC7,RT
03/02/2025 16:50:00,21.23,0.00,PMXC7,RT
03/02/2025 17:00:00,21.23,0.00,PMXC7,RT
03/02/2025 17:10:00,21.23,0.00,PMXC7,RT
03/02/2025 17:20:00,21.19,0.00,PMXC7,RT
03/02/2025 17:30:00,21.23,0.00,PMXC7,RT
03/02/2025 17:40:00,21.23,0.00,PMXC7,RT
03/02/2025 17:50:00,21.28,0.00,PMXC7,RT
03/02/2025 18:00:00,21.28,0.00,PMXC7,RT
03/02/2025 18:10:00,21.23,0.00,PMXC7,RT
03/02/2025 18:20:00,21.28,0.00,PMXC7,RT
03/02/2025 18:30:00,21.28,0.00,PMXC7,RT
03/02/2025 18:40:00,21.28,0.00,PMXC7,RT
03/02/2025 18:50:00,21.23,0.00,PMXC7,RT
03/02/2025 19:00:00,21.19,0.00,PMXC7,RT
03/02/2025 19:10:00,21.23,0.00,PMXC7,RT
03/02/2025 19:20:00,21.23,0.00,PMXC7,RT
03/02/2025 19:30:00,21.28,0.00,PMXC7,RT
03/02/2025 19:40:00,21.28,0.00,PMXC7,RT
03/02/2025 19:50:00,21.23,0.00,PMXC7,RT
03/02/2025 20:00:00,21.23,0.00,PMXC7,RT
03/02/2025 20:10:00,21.23,0.00,PMXC7,RT
03/02/2025 20:20:00,21.23,0.00,PMXC7,RT
03/02/2025 20:30:00,21.28,0.00,PMXC7,RT
03/02/2025 20:40:00,21.28,0.00,PMXC7,RT
03/02/2025 20:50:00,21.19,0.00,PMXC7,RT
03/02/2025 21:00:00,21.19,0.00,PMXC7,RT
03/02/2025 21:10:00,21.23,0.00,PMXC7,RT
03/02/2025 21:20:00,21.23,0.00,PMXC7,RT
03/02/2025 21:30:00,21.19,0.00,PMXC7,RT
03/02/2025 21:40:00,21.23,0.00,PMXC7,RT
03/02/2025 21:50:00,21.19,0.00,PMXC7,RT
03/02/2025 22:00:00,21.23,0.00,PMXC7,RT
03/02/2025 22:10:00,21.23,0.00,PMXC7,RT
03/02/2025 22:20:00,21.23,0.00,PMXC7,RT
03/02/2025 22:30:00,21.23,0.00,PMXC7,RT
03/02/2025 22:40:00,21.23,0.00,PMXC7,RT
03/02/2025 22:50:00,21.28,0.00,PMXC7,RT
03/02/2025 23:00:00,21.28,0.00,PMXC7,RT
03/02/2025 23:10:00,21.23,0.00,PMXC7,RT
03/02/2025 23:20:00,21.23,0.00,PMXC7,RT
03/02/2025 23:30:00,21.23,0.00,PMXC7,RT
03/02/2025 23:40:00,21.23,0.00,PMXC7,RT
03/02/2025 23:50:00,21.28,0.00,PMXC7,RT
03/03/2025 00:00:00,21.23,0.00,PMXC7,RT
03/03/2025 00:10:00,21.19,0.00,PMXC7,RT
03/03/2025 00:20:00,21.23,0.00,PMXC7,RT
03/03/2025 00:30:00,21.19,0.00,PMXC7,RT
03/03/2025 00:40:00,21.23,0.00,PMXC7,RT
03/03/2025 00:50:00,21.23,0.00,PMXC7,RT
03/03/2025 01:00:00,21.23,0.00,PMXC7,RT
03/03/2025 01:10:00,21.23,0.00,PMXC7,RT
03/03/2025 01:20:00,21.23,0.00,PMXC7,RT
03/03/2025 01:30:00,21.23,0.00,PMXC7,RT
03/03/2025 01:40:00,21.23,0.00,PMXC7,RT
03/03/2025 01:50:00,21.23,0.00,PMXC7,RT
03/03/2025 02:00:00,21.23,0.00,PMXC7,RT
03/03/2025 02:10:00,21.23,0.00,PMXC7,RT
03/03/2025 02:20:00,21.23,0.00,PMXC7,RT
03/03/2025 02:30:00,21.19,0.00,PMXC7,RT
03/03/2025 02:40:00,21.23,0.00,PMXC7,RT
03/03/2025 02:50:00,21.23,0.00,PMXC7,RT
03/03/2025 03:00:00,21.19,0.00,PMXC7,RT
03/03/2025 03:10:00,21.19,0.00,PMXC7,RT
03/03/2025 03:20:00,21.23,0.00,PMXC7,RT
03/03/2025 03:30:00,21.23,0.00,PMXC7,RT
03/03/2025 03:40:00,21.19,0.00,PMXC7,RT
03/03/2025 03:50:00,21.19,0.00,PMXC7,RT
03/03/2025 04:00:00,21.19,0.00,PMXC7,RT
03/03/2025 04:10:00,21.19,0.00,PMXC7,RT
03/03/2025 04:20:00,21.23,0.00,PMXC7,RT
03/03/2025 04:30:00,21.19,0.00,PMXC7,RT
03/03/2025 04:40:00,21.23,0.00,PMXC7,RT
03/03/2025 04:50:00,21.23,0.00,PMXC7,RT
03/03/2025 05:00:00,21.19,0.00,PMXC7,RT
03/03/2025 05:10:00,21.19,0.00,PMXC7,RT
03/03/2025 05:20:00,21.23,0.00,PMXC7,RT
03/03/2025 05:30:00,21.23,0.00,PMXC7,RT
03/03/2025 05:40:00,21.23,0.00,PMXC7,RT
03/03/2025 05:50:00,21.23,0.00,PMXC7,RT
03/03/2025 06:00:00,21.19,0.00,PMXC7,RT
03/03/2025 06:10:00,21.23,0.00,PMXC7,RT
03/03/2025 06:20:00,21.23,0.00,PMXC7,RT
03/03/2025 06:30:00,21.28,0.00,PMXC7,RT
03/03/2025 06:40:00,21.23,0.00,PMXC7,RT
03/03/2025 06:50:00,21.19,0.00,PMXC7,RT
03/03/2025 07:00:00,21.23,0.00,PMXC7,RT
03/03/2025 07:10:00,21.23,0.00,PMXC7,RT
03/03/2025 07:20:00,21.23,0.00,PMXC7,RT
03/03/2025 07:30:00,21.23,0.00,PMXC7,RT
03/03/2025 07:40:00,21.23,0.00,PMXC7,RT
03/03/2025 07:50:00,21.23,0.00,PMXC7,RT
03/03/2025 08:00:00,21.23,0.00,PMXC7,RT
03/03/2025 08:10:00,21.19,0.00,PMXC7,RT
03/03/2025 08:20:00,21.19,0.00,PMXC7,RT
03/03/2025 08:30:00,21.23,0.00,PMXC7,RT
03/03/2025 08:40:00,21.23,0.00,PMXC7,RT
03/03/2025 08:50:00,21.23,0.00,PMXC7,RT
03/03/2025 09:00:00,21.23,0.00,PMXC7,RT
03/03/2025 09:10:00,21.28,0.00,PMXC7,RT
03/03/2025 09:20:00,21.19,0.00,PMXC7,RT
03/03/2025 09:30:00,21.15,0.00,PMXC7,RT
03/03/2025 09:40:00,21.10,0.00,PMXC7,RT
03/03/2025 09:50:00,21.15,0.00,PMXC7,RT
03/03/2025 10:00:00,21.10,0.00,PMXC7,RT
03/03/2025 10:10:00,21.06,0.00,PMXC7,RT
03/03/2025 10:20:00,21.06,0.00,PMXC7,RT
03/03/2025 10:30:00,21.02,0.00,PMXC7,RT
03/03/2025 10:40:00,21.02,0.00,PMXC7,RT
03/03/2025 10:50:00,20.98,0.00,PMXC7,RT
03/03/2025 11:00:00,20.98,0.00,PMXC7,RT
03/03/2025 11:10:00,21.02,0.00,PMXC7,RT
03/03/2025 11:20:00,21.02,169.36,PMXC7,RT
03/03/2025 11:30:00,20.93,170.16,PMXC7,RT
03/03/2025 11:40:00,20.89,170.16,PMXC7,RT
03/03/2025 11:50:00,20.93,170.16,PMXC7,RT
03/03/2025 12:00:00,21.06,0.00,PMXC7,RT
03/03/2025 12:10:00,21.10,0.00,PMXC7,RT
03/03/2025 12:20:00,21.06,0.00,PMXC7,RT
03/03/2025 12:30:00,21.02,0.00,PMXC7,RT
03/03/2025 12:40:00,20.98,0.00,PMXC7,RT
03/03/2025 12:50:00,20.93,0.00,PMXC7,RT
03/03/2025 13:00:00,20.89,0.00,PMXC7,RT
03/03/2025 13:10:00,20.89,0.00,PMXC7,RT
03/03/2025 13:20:00,20.93,0.00,PMXC7,RT
03/03/2025 13:30:00,20.93,0.00,PMXC7,RT
03/03/2025 13:40:00,20.89,0.00,PMXC7,RT
03/03/2025 13:50:00,20.93,0.00,PMXC7,RT
03/03/2025 14:00:00,20.98,0.00,PMXC7,RT
03/03/2025 14:10:00,20.93,0.00,PMXC7,RT
03/03/2025 14:20:00,20.98,0.00,PMXC7,RT
03/03/2025 14:30:00,20.93,0.00,PMXC7,RT
03/03/2025 14:40:00,20.93,0.00,PMXC7,RT
03/03/2025 14:50:00,20.93,0.00,PMXC7,RT
03/03/2025 15:00:00,20.89,0.00,PMXC7,RT
03/03/2025 15:10:00,20.89,0.00,PMXC7,RT
03/03/2025 15:20:00,20.85,0.00,PMXC7,RT
03/03/2025 15:30:00,20.80,0.00,PMXC7,RT
03/03/2025 15:40:00,20.89,0.00,PMXC7,RT
03/03/2025 15:50:00,20.85,0.00,PMXC7,RT
03/03/2025 16:00:00,20.85,0.00,PMXC7,RT
03/03/2025 16:10:00,20.93,0.00,PMXC7,RT
03/03/2025 16:20:00,20.89,0.00,PMXC7,RT
03/03/2025 16:30:00,20.93,0.00,PMXC7,RT
03/03/2025 16:40:00,20.93,0.00,PMXC7,RT
03/03/2025 16:50:00,20.89,0.00,PMXC7,RT
03/03/2025 17:00:00,20.93,0.00,PMXC7,RT
03/03/2025 17:10:00,20.93,0.00,PMXC7,RT
03/03/2025 17:20:00,20.98,0.00,PMXC7,RT
03/03/2025 17:30:00,20.93,0.00,PMXC7,RT
03/03/2025 17:40:00,20.98,0.00,PMXC7,RT
03/03/2025 17:50:00,20.98,0.00,PMXC7,RT
03/03/2025 18:00:00,20.98,0.00,PMXC7,RT
03/03/2025 18:10:00,20.98,0.00,PMXC7,RT
03/03/2025 18:20:00,20.98,0.00,PMXC7,RT
03/03/2025 18:30:00,20.98,0.00,PMXC7,RT
03/03/2025 18:40:00,20.93,0.00,PMXC7,RT
03/03/2025 18:50:00,20.98,0.00,PMXC7,RT
03/03/2025 19:00:00,20.98,0.00,PMXC7,RT
03/03/2025 19:10:00,21.02,0.00,PMXC7,RT
03/03/2025 19:20:00,20.98,0.00,PMXC7,RT
03/03/2025 19:30:00,21.06,0.00,PMXC7,RT
03/03/2025 19:40:00,21.02,0.00,PMXC7,RT
03/03/2025 19:50:00,21.02,0.00,PMXC7,RT
03/03/2025 20:00:00,21.02,0.00,PMXC7,RT
03/03/2025 20:10:00,21.06,0.00,PMXC7,RT
03/03/2025 20:20:00,21.06,0.00,PMXC7,RT
03/03/2025 20:30:00,21.02,0.00,PMXC7,RT
03/03/2025 20:40:00,21.02,0.00,PMXC7,RT
03/03/2025 20:50:00,21.02,0.00,PMXC7,RT
03/03/2025 21:00:00,21.06,0.00,PMXC7,RT
03/03/2025 21:10:00,21.06,0.00,PMXC7,RT
03/03/2025 21:20:00,21.06,0.00,PMXC7,RT
03/03/2025 21:30:00,21.10,0.00,PMXC7,RT
03/03/2025 21:40:00,21.06,0.00,PMXC7,RT
03/03/2025 21:50:00,21.06,0.00,PMXC7,RT
03/03/2025 22:00:00,21.06,0.00,PMXC7,RT
03/03/2025 22:10:00,21.06,0.00,PMXC7,RT
03/03/2025 22:20:00,21.02,0.00,PMXC7,RT
03/03/2025 22:30:00,21.10,0.00,PMXC7,RT
03/03/2025 22:40:00,21.06,0.00,PMXC7,RT
03/03/2025 22:50:00,21.06,0.00,PMXC7,RT
03/03/2025 23:00:00,21.06,0.00,PMXC7,RT
03/03/2025 23:10:00,21.06,0.00,PMXC7,RT
03/03/2025 23:20:00,21.06,0.00,PMXC7,RT
03/03/2025 23:30:00,21.10,0.00,PMXC7,RT
03/03/2025 23:40:00,21.06,0.00,PMXC7,RT
03/03/2025 23:50:00,21.06,0.00,PMXC7,RT
03/04/2025 00:00:00,21.06,0.00,PMXC7,RT
03/04/2025 00:10:00,21.06,0.00,PMXC7,RT
03/04/2025 00:20:00,21.06,0.00,PMXC7,RT
03/04/2025 00:30:00,21.10,0.00,PMXC7,RT
03/04/2025 00:40:00,21.06,0.00,PMXC7,RT
03/04/2025 00:50:00,21.10,0.00,PMXC7,RT
03/04/2025 01:00:00,21.06,0.00,PMXC7,RT
03/04/2025 01:10:00,21.10,0.00,PMXC7,RT
03/04/2025 01:20:00,21.06,0.00,PMXC7,RT
03/04/2025 01:30:00,21.06,0.00,PMXC7,RT
03/04/2025 01:40:00,21.02,0.00,PMXC7,RT
03/04/2025 01:50:00,21.06,0.00,PMXC7,RT
03/04/2025 02:00:00,21.02,0.00,PMXC7,RT
03/04/2025 02:10:00,21.06,0.00,PMXC7,RT
03/04/2025 02:20:00,21.10,0.00,PMXC7,RT
03/04/2025 02:30:00,21.06,0.00,PMXC7,RT
03/04/2025 02:40:00,21.06,0.00,PMXC7,RT
03/04/2025 02:50:00,21.10,0.00,PMXC7,RT
03/04/2025 03:00:00,21.06,0.00,PMXC7,RT
03/04/2025 03:10:00,21.06,0.00,PMXC7,RT
03/04/2025 03:20:00,21.02,0.00,PMXC7,RT
03/04/2025 03:30:00,21.06,0.00,PMXC7,RT
03/04/2025 03:40:00,21.06,0.00,PMXC7,RT
03/04/2025 03:50:00,21.02,0.00,PMXC7,RT
03/04/2025 04:00:00,21.06,0.00,PMXC7,RT
03/04/2025 04:10:00,21.06,0.00,PMXC7,RT
03/04/2025 04:20:00,21.10,0.00,PMXC7,RT
03/04/2025 04:30:00,21.06,0.00,PMXC7,RT
03/04/2025 04:40:00,21.06,0.00,PMXC7,RT
03/04/2025 04:50:00,21.06,0.00,PMXC7,RT
03/04/2025 05:00:00,21.06,0.00,PMXC7,RT
03/04/2025 05:10:00,21.06,0.00,PMXC7,RT
03/04/2025 05:20:00,21.06,0.00,PMXC7,RT
03/04/2025 05:30:00,21.06,0.00,PMXC7,RT
03/04/2025 05:40:00,21.06,0.00,PMXC7,RT
03/04/2025 05:50:00,21.06,0.00,PMXC7,RT
03/04/2025 06:00:00,21.06,0.00,PMXC7,RT
03/04/2025 06:10:00,21.06,0.00,PMXC7,RT
03/04/2025 06:20:00,21.10,0.00,PMXC7,RT
03/04/2025 06:30:00,21.06,0.00,PMXC7,RT
03/04/2025 06:40:00,21.06,0.00,PMXC7,RT
03/04/2025 06:50:00,21.06,0.00,PMXC7,RT
03/04/2025 07:00:00,21.06,0.00,PMXC7,RT
03/04/2025 07:10:00,21.10,0.00,PMXC7,RT
03/04/2025 07:20:00,21.06,0.00,PMXC7,RT
03/04/2025 07:30:00,21.10,0.00,PMXC7,RT
03/04/2025 07:40:00,21.10,0.00,PMXC7,RT
03/04/2025 07:50:00,21.10,0.00,PMXC7,RT
03/04/2025 08:00:00,21.10,0.00,PMXC7,RT
03/04/2025 08:10:00,21.06,0.00,PMXC7,RT
03/04/2025 08:20:00,21.06,0.00,PMXC7,RT
03/04/2025 08:30:00,21.10,0.00,PMXC7,RT
03/04/2025 08:40:00,21.10,0.00,PMXC7,RT
03/04/2025 08:50:00,21.10,0.00,PMXC7,RT
03/04/2025 09:00:00,21.06,0.00,PMXC7,RT
03/04/2025 09:10:00,21.10,0.00,PMXC7,RT
03/04/2025 09:20:00,21.06,0.00,PMXC7,RT
03/04/2025 09:30:00,21.06,0.00,PMXC7,RT
03/04/2025 09:40:00,20.98,0.00,PMXC7,RT
03/04/2025 09:50:00,21.02,0.00,PMXC7,RT
03/04/2025 10:00:00,20.98,0.00,PMXC7,RT
03/04/2025 10:10:00,20.98,0.00,PMXC7,RT
03/04/2025 10:20:00,21.02,0.00,PMXC7,RT
03/04/2025 10:30:00,20.93,0.00,PMXC7,RT
03/04/2025 10:40:00,20.93,0.00,PMXC7,RT
03/04/2025 10:50:00,20.98,0.00,PMXC7,RT
03/04/2025 11:00:00,20.98,0.00,PMXC7,RT
03/04/2025 11:10:00,20.98,0.00,PMXC7,RT
03/04/2025 11:20:00,20.93,0.00,PMXC7,RT
03/04/2025 11:30:00,20.93,0.00,PMXC7,RT
03/04/2025 11:40:00,20.89,0.00,PMXC7,RT
03/04/2025 11:50:00,20.93,0.00,PMXC7,RT
03/04/2025 12:00:00,20.89,0.00,PMXC7,RT
03/04/2025 12:10:00,20.89,0.00,PMXC7,RT
03/04/2025 12:20:00,20.85,0.00,PMXC7,RT
03/04/2025 12:30:00,20.89,0.00,PMXC7,RT
03/04/2025 12:40:00,20.89,0.00,PMXC7,RT
03/04/2025 12:50:00,20.80,0.00,PMXC7,RT
03/04/2025 13:00:00,20.80,0.00,PMXC7,RT
03/04/2025 13:10:00,20.76,0.00,PMXC7,RT
03/04/2025 13:20:00,20.76,0.00,PMXC7,RT
03/04/2025 13:30:00,20.76,0.00,PMXC7,RT
03/04/2025 13:40:00,20.80,0.00,PMXC7,RT
03/04/2025 13:50:00,20.85,0.00,PMXC7,RT
03/04/2025 14:00:00,20.85,0.00,PMXC7,RT
03/04/2025 14:10:00,20.85,0.00,PMXC7,RT
03/04/2025 14:20:00,20.85,0.00,PMXC7,RT
03/04/2025 14:30:00,20.85,0.00,PMXC7,RT
03/04/2025 14:40:00,20.85,0.00,PMXC7,RT
03/04/2025 14:50:00,20.85,0.00,PMXC7,RT
03/04/2025 15:00:00,20.89,0.00,PMXC7,RT
03/04/2025 15:10:00,20.89,0.00,PMXC7,RT
03/04/2025 15:20:00,20.85,0.00,PMXC7,RT
03/04/2025 15:30:00,20.89,0.00,PMXC7,RT
03/04/2025 15:40:00,20.89,0.00,PMXC7,RT
03/04/2025 15:50:00,20.85,0.00,PMXC7,RT
03/04/2025 16:00:00,20.85,0.00,PMXC7,RT
03/04/2025 16:10:00,20.85,0.00,PMXC7,RT
03/04/2025 16:20:00,20.89,0.00,PMXC7,RT
03/04/2025 16:30:00,20.89,0.00,PMXC7,RT
03/04/2025 16:40:00,20.89,0.00,PMXC7,RT
03/04/2025 16:50:00,20.89,0.00,PMXC7,RT
03/04/2025 17:00:00,20.93,0.00,PMXC7,RT
03/04/2025 17:10:00,20.98,0.00,PMXC7,RT
03/04/2025 17:20:00,20.89,0.00,PMXC7,RT
03/04/2025 17:30:00,20.93,0.00,PMXC7,RT
03/04/2025 17:40:00,20.93,0.00,PMXC7,RT
03/04/2025 17:50:00,20.93,0.00,PMXC7,RT
03/04/2025 18:00:00,20.93,0.00,PMXC7,RT
03/04/2025 18:10:00,20.98,0.00,PMXC7,RT
03/04/2025 18:20:00,21.02,0.00,PMXC7,RT
03/04/2025 18:30:00,20.98,0.00,PMXC7,RT
03/04/2025 18:40:00,20.98,0.00,PMXC7,RT
03/04/2025 18:50:00,21.02,0.00,PMXC7,RT
03/04/2025 19:00:00,21.02,0.00,PMXC7,RT
03/04/2025 19:10:00,21.02,0.00,PMXC7,RT
03/04/2025 19:20:00,21.02,0.00,PMXC7,RT
03/04/2025 19:30:00,21.02,0.00,PMXC7,RT
03/04/2025 19:40:00,21.02,0.00,PMXC7,RT
03/04/2025 19:50:00,21.02,0.00,PMXC7,RT
03/04/2025 20:00:00,21.06,0.00,PMXC7,RT
03/04/2025 20:10:00,21.06,0.00,PMXC7,RT
03/04/2025 20:20:00,21.10,0.00,PMXC7,RT
03/04/2025 20:30:00,21.02,0.00,PMXC7,RT
03/04/2025 20:40:00,21.06,0.00,PMXC7,RT
03/04/2025 20:50:00,21.06,0.00,PMXC7,RT
03/04/2025 21:00:00,21.06,0.00,PMXC7,RT
03/04/2025 21:10:00,21.06,0.00,PMXC7,RT
03/04/2025 21:20:00,21.06,0.00,PMXC7,RT
03/04/2025 21:30:00,21.06,0.00,PMXC7,RT
03/04/2025 21:40:00,21.06,0.00,PMXC7,RT
03/04/2025 21:50:00,21.06,0.00,PMXC7,RT
03/04/2025 22:00:00,21.06,0.00,PMXC7,RT
03/04/2025 22:10:00,21.06,0.00,PMXC7,RT
03/04/2025 22:20:00,21.02,0.00,PMXC7,RT
03/04/2025 22:30:00,20.98,0.00,PMXC7,RT
03/04/2025 22:40:00,21.06,0.00,PMXC7,RT
03/04/2025 22:50:00,21.06,0.00,PMXC7,RT
03/04/2025 23:00:00,21.02,0.00,PMXC7,RT
03/04/2025 23:10:00,21.06,0.00,PMXC7,RT
03/04/2025 23:20:00,21.06,0.00,PMXC7,RT
03/04/2025 23:30:00,21.06,0.00,PMXC7,RT
03/04/2025 23:40:00,21.06,0.00,PMXC7,RT
03/04/2025 23:50:00,21.06,0.00,PMXC7,RT
03/05/2025 00:00:00,21.06,0.00,PMXC7,RT
03/05/2025 00:10:00,21.10,0.00,PMXC7,RT
03/05/2025 00:20:00,21.06,0.00,PMXC7,RT
03/05/2025 00:30:00,21.02,0.00,PMXC7,RT
03/05/2025 00:40:00,21.02,0.00,PMXC7,RT
03/05/2025 00:50:00,21.06,0.00,PMXC7,RT
03/05/2025 01:00:00,21.06,0.00,PMXC7,RT
03/05/2025 01:10:00,21.06,0.00,PMXC7,RT
03/05/2025 01:20:00,21.06,0.00,PMXC7,RT
03/05/2025 01:30:00,21.10,0.00,PMXC7,RT
03/05/2025 01:40:00,21.06,0.00,PMXC7,RT
03/05/2025 01:50:00,21.06,0.00,PMXC7,RT
03/05/2025 02:00:00,21.06,0.00,PMXC7,RT
03/05/2025 02:10:00,21.06,0.00,PMXC7,RT
03/05/2025 02:20:00,21.06,0.00,PMXC7,RT
03/05/2025 02:30:00,21.06,0.00,PMXC7,RT
03/05/2025 02:40:00,21.06,0.00,PMXC7,RT
03/05/2025 02:50:00,21.06,0.00,PMXC7,RT
03/05/2025 03:00:00,21.06,0.00,PMXC7,RT
03/05/2025 03:10:00,21.10,0.00,PMXC7,RT
03/05/2025 03:20:00,21.06,0.00,PMXC7,RT
03/05/2025 03:30:00,21.02,0.00,PMXC7,RT
03/05/2025 03:40:00,21.06,0.00,PMXC7,RT
03/05/2025 03:50:00,21.06,0.00,PMXC7,RT
03/05/2025 04:00:00,21.02,0.00,PMXC7,RT
03/05/2025 04:10:00,21.06,0.00,PMXC7,RT
03/05/2025 04:20:00,21.06,0.00,PMXC7,RT
03/05/2025 04:30:00,21.06,0.00,PMXC7,RT
03/05/2025 04:40:00,21.02,0.00,PMXC7,RT
03/05/2025 04:50:00,21.10,0.00,PMXC7,RT
03/05/2025 05:00:00,21.06,0.00,PMXC7,RT
03/05/2025 05:10:00,21.06,0.00,PMXC7,RT
03/05/2025 05:20:00,21.10,0.00,PMXC7,RT
03/05/2025 05:30:00,21.06,0.00,PMXC7,RT
03/05/2025 05:40:00,21.10,0.00,PMXC7,RT
03/05/2025 05:50:00,21.10,0.00,PMXC7,RT
03/05/2025 06:00:00,21.10,0.00,PMXC7,RT
03/05/2025 06:10:00,21.06,0.00,PMXC7,RT
03/05/2025 06:20:00,21.10,0.00,PMXC7,RT
03/05/2025 06:30:00,21.10,0.00,PMXC7,RT
03/05/2025 06:40:00,21.10,0.00,PMXC7,RT
03/05/2025 06:50:00,21.06,0.00,PMXC7,RT
03/05/2025 07:00:00,21.10,0.00,PMXC7,RT
03/05/2025 07:10:00,21.15,0.00,PMXC7,RT
03/05/2025 07:20:00,21.10,0.00,PMXC7,RT
03/05/2025 07:30:00,21.10,0.00,PMXC7,RT
03/05/2025 07:40:00,21.10,0.00,PMXC7,RT
03/05/2025 07:50:00,21.10,0.00,PMXC7,RT
03/05/2025 08:00:00,21.10,0.00,PMXC7,RT
03/05/2025 08:10:00,21.10,0.00,PMXC7,RT
03/05/2025 08:20:00,21.06,0.00,PMXC7,RT
03/05/2025 08:30:00,21.10,0.00,PMXC7,RT
03/05/2025 08:40:00,21.10,0.00,PMXC7,RT
03/05/2025 08:50:00,21.10,0.00,PMXC7,RT
03/05/2025 09:00:00,21.10,0.00,PMXC7,RT
03/05/2025 09:10:00,21.15,0.00,PMXC7,RT
03/05/2025 09:20:00,21.10,0.00,PMXC7,RT
03/05/2025 09:30:00,21.10,0.00,PMXC7,RT
03/05/2025 09:40:00,21.10,0.00,PMXC7,RT
03/05/2025 09:50:00,21.06,0.00,PMXC7,RT
03/05/2025 10:00:00,21.10,0.00,PMXC7,RT
03/05/2025 10:10:00,21.15,0.00,PMXC7,RT
03/05/2025 10:20:00,21.19,0.00,PMXC7,RT
03/05/2025 10:30:00,21.15,0.00,PMXC7,RT
03/05/2025 10:40:00,21.06,0.00,PMXC7,RT
03/05/2025 10:50:00,21.06,0.00,PMXC7,RT
03/05/2025 11:00:00,21.06,0.00,PMXC7,RT
03/05/2025 11:10:00,21.02,0.00,PMXC7,RT
03/05/2025 11:20:00,21.02,0.00,PMXC7,RT
03/05/2025 11:30:00,21.02,0.00,PMXC7,RT
03/05/2025 11:40:00,20.98,0.00,PMXC7,RT
03/05/2025 11:50:00,20.98,0.00,PMXC7,RT
03/05/2025 12:00:00,20.93,0.00,PMXC7,RT
03/05/2025 12:10:00,20.93,0.00,PMXC7,RT
03/05/2025 12:20:00,20.93,0.00,PMXC7,RT
03/05/2025 12:30:00,20.85,0.00,PMXC7,RT
03/05/2025 12:40:00,20.89,0.00,PMXC7,RT
03/05/2025 12:50:00,20.85,0.00,PMXC7,RT
03/05/2025 13:00:00,20.89,0.00,PMXC7,RT
03/05/2025 13:10:00,20.80,0.00,PMXC7,RT
03/05/2025 13:20:00,20.85,0.00,PMXC7,RT
03/05/2025 13:30:00,20.80,0.00,PMXC7,RT
03/05/2025 13:40:00,20.80,0.00,PMXC7,RT
03/05/2025 13:50:00,20.76,0.00,PMXC7,RT
03/05/2025 14:00:00,20.80,0.00,PMXC7,RT
03/05/2025 14:10:00,20.80,0.00,PMXC7,RT
03/05/2025 14:20:00,20.85,0.00,PMXC7,RT
03/05/2025 14:30:00,20.89,0.00,PMXC7,RT
03/05/2025 14:40:00,20.80,0.00,PMXC7,RT
03/05/2025 14:50:00,20.85,0.00,PMXC7,RT
03/05/2025 15:00:00,20.85,0.00,PMXC7,RT
03/05/2025 15:10:00,20.89,0.00,PMXC7,RT
03/05/2025 15:20:00,20.85,0.00,PMXC7,RT
03/05/2025 15:30:00,20.85,0.00,PMXC7,RT
03/05/2025 15:40:00,20.85,0.00,PMXC7,RT
03/05/2025 15:50:00,20.85,0.00,PMXC7,RT
03/05/2025 16:00:00,20.80,0.00,PMXC7,RT
03/05/2025 16:10:00,20.80,0.00,PMXC7,RT
03/05/2025 16:20:00,20.80,0.00,PMXC7,RT
03/05/2025 16:30:00,20.76,0.00,PMXC7,RT
03/05/2025 16:40:00,20.72,0.00,PMXC7,RT
03/05/2025 16:50:00,20.76,0.00,PMXC7,RT
03/05/2025 17:00:00,20.72,0.00,PMXC7,RT
03/05/2025 17:10:00,20.80,0.00,PMXC7,RT
03/05/2025 17:20:00,20.80,0.00,PMXC7,RT
03/05/2025 17:30:00,20.85,0.00,PMXC7,RT
03/05/2025 17:40:00,20.85,0.00,PMXC7,RT
03/05/2025 17:50:00,20.80,0.00,PMXC7,RT
03/05/2025 18:00:00,20.80,0.00,PMXC7,RT
03/05/2025 18:10:00,20.85,0.00,PMXC7,RT
03/05/2025 18:20:00,20.85,0.00,PMXC7,RT
03/05/2025 18:30:00,20.85,0.00,PMXC7,RT
03/05/2025 18:40:00,20.93,0.00,PMXC7,RT
03/05/2025 18:50:00,20.93,0.00,PMXC7,RT
03/05/2025 19:00:00,20.89,0.00,PMXC7,RT
03/05/2025 19:10:00,20.93,0.00,PMXC7,RT
03/05/2025 19:20:00,20.89,0.00,PMXC7,RT
03/05/2025 19:30:00,20.98,0.00,PMXC7,RT
03/05/2025 19:40:00,20.98,0.00,PMXC7,RT
03/05/2025 19:50:00,20.98,0.00,PMXC7,RT
03/05/2025 20:00:00,20.98,0.00,PMXC7,RT
03/05/2025 20:10:00,21.02,0.00,PMXC7,RT
03/05/2025 20:20:00,20.98,0.00,PMXC7,RT
03/05/2025 20:30:00,20.98,0.00,PMXC7,RT
03/05/2025 20:40:00,20.98,0.00,PMXC7,RT
03/05/2025 20:50:00,20.98,0.00,PMXC7,RT
03/05/2025 21:00:00,21.06,0.00,PMXC7,RT
03/05/2025 21:10:00,21.06,0.00,PMXC7,RT
03/05/2025 21:20:00,20.98,0.00,PMXC7,RT
03/05/2025 21:30:00,20.93,0.00,PMXC7,RT
03/05/2025 21:40:00,20.89,0.00,PMXC7,RT
03/05/2025 21:50:00,20.89,0.00,PMXC7,RT
03/05/2025 22:00:00,20.93,0.00,PMXC7,RT
03/05/2025 22:10:00,20.89,0.00,PMXC7,RT
03/05/2025 22:20:00,20.89,0.00,PMXC7,RT
03/05/2025 22:30:00,20.93,0.00,PMXC7,RT
03/05/2025 22:40:00,20.93,0.00,PMXC7,RT
03/05/2025 22:50:00,20.93,0.00,PMXC7,RT
03/05/2025 23:00:00,20.98,0.00,PMXC7,RT
03/05/2025 23:10:00,20.98,0.00,PMXC7,RT
03/05/2025 23:20:00,20.98,0.00,PMXC7,RT
03/05/2025 23:30:00,20.93,0.00,PMXC7,RT
03/05/2025 23:40:00,20.93,0.00,PMXC7,RT
03/05/2025 23:50:00,20.98,0.00,PMXC7,RT
03/06/2025 00:00:00,20.98,0.00,PMXC7,RT
03/06/2025 00:10:00,20.98,0.00,PMXC7,RT
03/06/2025 00:20:00,20.93,0.00,PMXC7,RT
03/06/2025 00:30:00,20.98,0.00,PMXC7,RT
03/06/2025 00:40:00,21.02,0.00,PMXC7,RT
03/06/2025 00:50:00,21.02,0.00,PMXC7,RT
03/06/2025 01:00:00,21.02,0.00,PMXC7,RT
03/06/2025 01:10:00,21.02,0.00,PMXC7,RT
03/06/2025 01:20:00,21.02,0.00,PMXC7,RT
03/06/2025 01:30:00,20.98,0.00,PMXC7,RT
03/06/2025 01:40:00,21.02,0.00,PMXC7,RT
03/06/2025 01:50:00,21.02,0.00,PMXC7,RT
03/06/2025 02:00:00,21.02,0.00,PMXC7,RT
03/06/2025 02:10:00,21.02,0.00,PMXC7,RT
03/06/2025 02:20:00,21.06,0.00,PMXC7,RT
03/06/2025 02:30:00,21.06,0.00,PMXC7,RT
03/06/2025 02:40:00,21.06,0.00,PMXC7,RT
03/06/2025 02:50:00,21.02,0.00,PMXC7,RT
03/06/2025 03:00:00,21.10,0.00,PMXC7,RT
03/06/2025 03:10:00,21.06,0.00,PMXC7,RT
03/06/2025 03:20:00,21.06,0.00,PMXC7,RT
03/06/2025 03:30:00,21.06,0.00,PMXC7,RT
03/06/2025 03:40:00,21.06,0.00,PMXC7,RT
03/06/2025 03:50:00,21.06,0.00,PMXC7,RT
03/06/2025 04:00:00,21.06,0.00,PMXC7,RT
03/06/2025 04:10:00,21.06,0.00,PMXC7,RT
03/06/2025 04:20:00,21.10,0.00,PMXC7,RT
03/06/2025 04:30:00,21.10,0.00,PMXC7,RT
03/06/2025 04:40:00,21.06,0.00,PMXC7,RT
03/06/2025 04:50:00,21.06,0.00,PMXC7,RT
03/06/2025 05:00:00,21.10,0.00,PMXC7,RT
03/06/2025 05:10:00,21.10,0.00,PMXC7,RT
03/06/2025 05:20:00,21.10,0.00,PMXC7,RT
03/06/2025 05:30:00,21.10,0.00,PMXC7,RT
03/06/2025 05:40:00,21.15,0.00,PMXC7,RT
03/06/2025 05:50:00,21.15,0.00,PMXC7,RT
03/06/2025 06:00:00,21.15,0.00,PMXC7,RT
03/06/2025 06:10:00,21.15,0.00,PMXC7,RT
03/06/2025 06:20:00,21.15,0.00,PMXC7,RT
03/06/2025 06:30:00,21.15,0.00,PMXC7,RT
03/06/2025 06:40:00,21.15,0.00,PMXC7,RT
03/06/2025 06:50:00,21.23,0.00,PMXC7,RT
03/06/2025 07:00:00,21.15,0.00,PMXC7,RT
03/06/2025 07:10:00,21.19,0.00,PMXC7,RT
03/06/2025 07:20:00,21.19,0.00,PMXC7,RT
03/06/2025 07:30:00,21.19,0.00,PMXC7,RT
03/06/2025 07:40:00,21.19,0.00,PMXC7,RT
03/06/2025 07:50:00,21.19,0.00,PMXC7,RT
03/06/2025 08:00:00,21.15,0.00,PMXC7,RT
03/06/2025 08:10:00,21.15,0.00,PMXC7,RT
03/06/2025 08:20:00,21.19,0.00,PMXC7,RT
03/06/2025 08:30:00,21.19,0.00,PMXC7,RT
03/06/2025 08:40:00,21.15,0.00,PMXC7,RT
03/06/2025 08:50:00,21.23,0.00,PMXC7,RT
03/06/2025 09:00:00,21.15,0.00,PMXC7,RT
03/06/2025 09:10:00,21.10,0.00,PMXC7,RT
03/06/2025 09:20:00,21.10,0.00,PMXC7,RT
03/06/2025 09:30:00,21.06,0.00,PMXC7,RT
03/06/2025 09:40:00,21.02,0.00,PMXC7,RT
03/06/2025 09:50:00,20.98,0.00,PMXC7,RT
03/06/2025 10:00:00,20.98,0.00,PMXC7,RT
03/06/2025 10:10:00,20.93,0.00,PMXC7,RT
03/06/2025 10:20:00,20.93,0.00,PMXC7,RT
03/06/2025 10:30:00,20.98,0.00,PMXC7,RT
03/06/2025 10:40:00,20.89,0.00,PMXC7,RT
03/06/2025 10:50:00,20.89,0.00,PMXC7,RT
03/06/2025 11:00:00,20.93,0.00,PMXC7,RT
03/06/2025 11:10:00,20.89,181.28,PMXC7,RT
03/06/2025 11:20:00,20.89,180.40,PMXC7,RT
03/06/2025 11:30:00,20.89,180.40,PMXC7,RT
03/06/2025 11:40:00,20.89,181.28,PMXC7,RT
03/06/2025 11:50:00,21.02,0.00,PMXC7,RT
03/06/2025 12:00:00,20.98,0.00,PMXC7,RT
03/06/2025 12:10:00,20.93,0.00,PMXC7,RT
03/06/2025 12:20:00,20.89,0.00,PMXC7,RT
03/06/2025 12:30:00,20.85,0.00,PMXC7,RT
03/06/2025 12:40:00,20.85,0.00,PMXC7,RT
03/06/2025 12:50:00,20.85,0.00,PMXC7,RT
03/06/2025 13:00:00,20.80,0.00,PMXC7,RT
03/06/2025 13:10:00,20.72,0.00,PMXC7,RT
03/06/2025 13:20:00,20.68,0.00,PMXC7,RT
03/06/2025 13:30:00,20.63,0.00,PMXC7,RT
03/06/2025 13:40:00,20.59,0.00,PMXC7,RT
03/06/2025 13:50:00,20.59,0.00,PMXC7,RT
03/06/2025 14:00:00,20.55,0.00,PMXC7,RT
03/06/2025 14:10:00,20.55,0.00,PMXC7,RT
03/06/2025 14:20:00,20.50,0.00,PMXC7,RT
03/06/2025 14:30:00,20.50,0.00,PMXC7,RT
03/06/2025 14:40:00,20.50,0.00,PMXC7,RT
03/06/2025 14:50:00,20.46,0.00,PMXC7,RT
03/06/2025 15:00:00,20.42,0.00,PMXC7,RT
03/06/2025 15:10:00,20.42,0.00,PMXC7,RT
03/06/2025 15:20:00,20.37,0.00,PMXC7,RT
03/06/2025 15:30:00,20.37,0.00,PMXC7,RT
03/06/2025 15:40:00,20.33,0.00,PMXC7,RT
03/06/2025 15:50:00,20.29,0.00,PMXC7,RT
03/06/2025 16:00:00,20.29,0.00,PMXC7,RT
03/06/2025 16:10:00,20.20,0.00,PMXC7,RT
03/06/2025 16:20:00,20.25,0.00,PMXC7,RT
03/06/2025 16:30:00,20.20,0.00,PMXC7,RT
03/06/2025 16:40:00,20.20,0.00,PMXC7,RT
03/06/2025 16:50:00,20.25,0.00,PMXC7,RT
03/06/2025 17:00:00,20.25,0.00,PMXC7,RT
03/06/2025 17:10:00,20.20,0.00,PMXC7,RT
03/06/2025 17:20:00,20.20,0.00,PMXC7,RT
03/06/2025 17:30:00,20.16,0.00,PMXC7,RT
03/06/2025 17:40:00,20.16,0.00,PMXC7,RT
03/06/2025 17:50:00,20.16,0.00,PMXC7,RT
03/06/2025 18:00:00,20.12,0.00,PMXC7,RT
03/06/2025 18:10:00,20.12,0.00,PMXC7,RT
03/06/2025 18:20:00,20.07,0.00,PMXC7,RT
03/06/2025 18:30:00,20.12,0.00,PMXC7,RT
03/06/2025 18:40:00,20.12,0.00,PMXC7,RT
03/06/2025 18:50:00,20.12,0.00,PMXC7,RT
03/06/2025 19:00:00,20.12,0.00,PMXC7,RT
03/06/2025 19:10:00,20.12,0.00,PMXC7,RT
03/06/2025 19:20:00,20.12,0.00,PMXC7,RT
03/06/2025 19:30:00,20.12,0.00,PMXC7,RT
03/06/2025 19:40:00,20.16,0.00,PMXC7,RT
03/06/2025 19:50:00,20.16,0.00,PMXC7,RT
03/06/2025 20:00:00,20.16,0.00,PMXC7,RT
03/06/2025 20:10:00,20.12,0.00,PMXC7,RT
03/06/2025 20:20:00,20.16,0.00,PMXC7,RT
03/06/2025 20:30:00,20.29,0.00,PMXC7,RT
03/06/2025 20:40:00,20.25,0.00,PMXC7,RT
03/06/2025 20:50:00,20.25,0.00,PMXC7,RT
03/06/2025 21:00:00,20.33,0.00,PMXC7,RT
03/06/2025 21:10:00,20.29,0.00,PMXC7,RT
03/06/2025 21:20:00,20.33,0.00,PMXC7,RT
03/06/2025 21:30:00,20.33,0.00,PMXC7,RT
03/06/2025 21:40:00,20.37,0.00,PMXC7,RT
03/06/2025 21:50:00,20.37,0.00,PMXC7,RT
03/06/2025 22:00:00,20.37,0.00,PMXC7,RT
03/06/2025 22:10:00,20.46,0.00,PMXC7,RT
03/06/2025 22:20:00,20.42,0.00,PMXC7,RT
03/06/2025 22:30:00,20.46,0.00,PMXC7,RT
03/06/2025 22:40:00,20.42,0.00,PMXC7,RT
03/06/2025 22:50:00,20.46,0.00,PMXC7,RT
03/06/2025 23:00:00,20.46,0.00,PMXC7,RT
03/06/2025 23:10:00,20.50,0.00,PMXC7,RT
03/06/2025 23:20:00,20.50,0.00,PMXC7,RT
03/06/2025 23:30:00,20.50,0.00,PMXC7,RT
03/06/2025 23:40:00,20.55,0.00,PMXC7,RT
03/06/2025 23:50:00,20.55,0.00,PMXC7,RT
03/07/2025 00:00:00,20.59,0.00,PMXC7,RT
03/07/2025 00:10:00,20.59,0.00,PMXC7,RT
03/07/2025 00:20:00,20.63,0.00,PMXC7,RT
03/07/2025 00:30:00,20.59,0.00,PMXC7,RT
03/07/2025 00:40:00,20.63,0.00,PMXC7,RT
03/07/2025 00:50:00,20.63,0.00,PMXC7,RT
03/07/2025 01:00:00,20.63,0.00,PMXC7,RT
03/07/2025 01:10:00,20.68,0.00,PMXC7,RT
03/07/2025 01:20:00,20.68,0.00,PMXC7,RT
03/07/2025 01:30:00,20.68,0.00,PMXC7,RT
03/07/2025 01:40:00,20.72,0.00,PMXC7,RT
03/07/2025 01:50:00,20.72,0.00,PMXC7,RT
03/07/2025 02:00:00,20.76,0.00,PMXC7,RT
03/07/2025 02:10:00,20.72,0.00,PMXC7,RT
03/07/2025 02:20:00,20.72,0.00,PMXC7,RT
03/07/2025 02:30:00,20.76,0.00,PMXC7,RT
03/07/2025 02:40:00,20.80,0.00,PMXC7,RT
03/07/2025 02:50:00,20.80,0.00,PMXC7,RT
03/07/2025 03:00:00,20.76,0.00,PMXC7,RT
03/07/2025 03:10:00,20.76,0.00,PMXC7,RT
03/07/2025 03:20:00,20.80,0.00,PMXC7,RT
03/07/2025 03:30:00,20.80,0.00,PMXC7,RT
03/07/2025 03:40:00,20.80,0.00,PMXC7,RT
03/07/2025 03:50:00,20.80,0.00,PMXC7,RT
03/07/2025 04:00:00,20.85,0.00,PMXC7,RT
03/07/2025 04:10:00,20.80,0.00,PMXC7,RT
03/07/2025 04:20:00,20.85,0.00,PMXC7,RT
03/07/2025 04:30:00,20.85,0.00,PMXC7,RT
03/07/2025 04:40:00,20.85,0.00,PMXC7,RT
03/07/2025 04:50:00,20.85,0.00,PMXC7,RT
03/07/2025 05:00:00,20.80,0.00,PMXC7,RT
03/07/2025 05:10:00,20.85,0.00,PMXC7,RT
03/07/2025 05:20:00,20.89,0.00,PMXC7,RT
03/07/2025 05:30:00,20.85,0.00,PMXC7,RT
03/07/2025 05:40:00,20.89,0.00,PMXC7,RT
03/07/2025 05:50:00,20.89,0.00,PMXC7,RT
03/07/2025 06:00:00,20.89,0.00,PMXC7,RT
03/07/2025 06:10:00,20.85,0.00,PMXC7,RT
03/07/2025 06:20:00,20.85,0.00,PMXC7,RT
03/07/2025 06:30:00,20.93,0.00,PMXC7,RT
03/07/2025 06:40:00,20.89,0.00,PMXC7,RT
03/07/2025 06:50:00,20.93,0.00,PMXC7,RT
03/07/2025 07:00:00,20.85,0.00,PMXC7,RT
03/07/2025 07:10:00,20.89,0.00,PMXC7,RT
03/07/2025 07:20:00,20.85,0.00,PMXC7,RT
03/07/2025 07:30:00,20.85,0.00,PMXC7,RT
03/07/2025 07:40:00,20.80,0.00,PMXC7,RT
03/07/2025 07:50:00,20.76,0.00,PMXC7,RT
03/07/2025 08:00:00,20.76,0.00,PMXC7,RT
03/07/2025 08:10:00,20.72,0.00,PMXC7,RT
03/07/2025 08:20:00,20.72,0.00,PMXC7,RT
03/07/2025 08:30:00,20.72,0.00,PMXC7,RT
03/07/2025 08:40:00,20.68,0.00,PMXC7,RT
03/07/2025 08:50:00,20.72,0.00,PMXC7,RT
03/07/2025 09:00:00,20.68,0.00,PMXC7,RT
03/07/2025 09:10:00,20.72,0.00,PMXC7,RT
03/07/2025 09:20:00,20.72,0.00,PMXC7,RT
03/07/2025 09:30:00,20.72,0.00,PMXC7,RT
03/07/2025 09:40:00,20.72,0.00,PMXC7,RT
03/07/2025 09:50:00,20.76,0.00,PMXC7,RT
03/07/2025 10:00:00,20.76,0.00,PMXC7,RT
03/07/2025 10:10:00,20.80,0.00,PMXC7,RT
03/07/2025 10:20:00,20.76,0.00,PMXC7,RT
03/07/2025 10:30:00,20.76,0.00,PMXC7,RT
03/07/2025 10:40:00,20.72,0.00,PMXC7,RT
03/07/2025 10:50:00,20.72,0.00,PMXC7,RT
03/07/2025 11:00:00,20.68,0.00,PMXC7,RT
03/07/2025 11:10:00,20.63,0.00,PMXC7,RT
03/07/2025 11:20:00,20.68,0.00,PMXC7,RT
03/07/2025 11:30:00,20.63,0.00,PMXC7,RT
03/07/2025 11:40:00,20.63,0.00,PMXC7,RT
03/07/2025 11:50:00,20.59,0.00,PMXC7,RT
03/07/2025 12:00:00,20.59,0.00,PMXC7,RT
03/07/2025 12:10:00,20.59,0.00,PMXC7,RT
03/07/2025 12:20:00,20.59,0.00,PMXC7,RT
03/07/2025 12:30:00,20.55,0.00,PMXC7,RT
03/07/2025 12:40:00,20.59,0.00,PMXC7,RT
03/07/2025 12:50:00,20.59,0.00,PMXC7,RT
03/07/2025 13:00:00,20.46,0.00,PMXC7,RT
03/07/2025 13:10:00,20.50,0.00,PMXC7,RT
03/07/2025 13:20:00,20.50,0.00,PMXC7,RT
03/07/2025 13:30:00,20.42,0.00,PMXC7,RT
03/07/2025 13:40:00,20.46,0.00,PMXC7,RT
03/07/2025 13:50:00,20.42,0.00,PMXC7,RT
03/07/2025 14:00:00,20.37,0.00,PMXC7,RT
03/07/2025 14:10:00,20.37,0.00,PMXC7,RT
03/07/2025 14:20:00,20.37,0.00,PMXC7,RT
03/07/2025 14:30:00,20.37,0.00,PMXC7,RT
03/07/2025 14:40:00,20.37,0.00,PMXC7,RT
03/07/2025 14:50:00,20.33,0.00,PMXC7,RT
03/07/2025 15:00:00,20.33,0.00,PMXC7,RT
03/07/2025 15:10:00,20.33,0.00,PMXC7,RT
03/07/2025 15:20:00,20.29,0.00,PMXC7,RT
03/07/2025 15:30:00,20.29,0.00,PMXC7,RT
03/07/2025 15:40:00,20.33,0.00,PMXC7,RT
03/07/2025 15:50:00,20.33,0.00,PMXC7,RT
03/07/2025 16:00:00,20.29,0.00,PMXC7,RT
03/07/2025 16:10:00,20.29,0.00,PMXC7,RT
03/07/2025 16:20:00,20.29,0.00,PMXC7,RT
03/07/2025 16:30:00,20.29,0.00,PMXC7,RT
03/07/2025 16:40:00,20.29,0.00,PMXC7,RT
03/07/2025 16:50:00,20.29,0.00,PMXC7,RT
03/07/2025 17:00:00,20.29,0.00,PMXC7,RT
03/07/2025 17:10:00,20.25,0.00,PMXC7,RT
03/07/2025 17:20:00,20.25,0.00,PMXC7,RT
03/07/2025 17:30:00,20.20,0.00,PMXC7,RT
03/07/2025 17:40:00,20.25,0.00,PMXC7,RT
03/07/2025 17:50:00,20.29,0.00,PMXC7,RT
03/07/2025 18:00:00,20.29,0.00,PMXC7,RT
03/07/2025 18:10:00,20.25,0.00,PMXC7,RT
03/07/2025 18:20:00,20.25,0.00,PMXC7,RT
03/07/2025 18:30:00,20.25,0.00,PMXC7,RT
03/07/2025 18:40:00,20.29,0.00,PMXC7,RT
03/07/2025 18:50:00,20.37,0.00,PMXC7,RT
03/07/2025 19:00:00,20.37,0.00,PMXC7,RT
03/07/2025 19:10:00,20.42,0.00,PMXC7,RT
03/07/2025 19:20:00,20.42,0.00,PMXC7,RT
03/07/2025 19:30:00,20.42,0.00,PMXC7,RT
03/07/2025 19:40:00,20.46,0.00,PMXC7,RT
03/07/2025 19:50:00,20.50,0.00,PMXC7,RT
03/07/2025 20:00:00,20.55,0.00,PMXC7,RT
03/07/2025 20:10:00,20.50,0.00,PMXC7,RT
03/07/2025 20:20:00,20.50,0.00,PMXC7,RT
03/07/2025 20:30:00,20.55,0.00,PMXC7,RT
03/07/2025 20:40:00,20.59,0.00,PMXC7,RT
03/07/2025 20:50:00,20.59,0.00,PMXC7,RT
03/07/2025 21:00:00,20.63,0.00,PMXC7,RT
03/07/2025 21:10:00,20.59,0.00,PMXC7,RT
03/07/2025 21:20:00,20.63,0.00,PMXC7,RT
03/07/2025 21:30:00,20.63,0.00,PMXC7,RT
03/07/2025 21:40:00,20.68,0.00,PMXC7,RT
03/07/2025 21:50:00,20.68,0.00,PMXC7,RT
03/07/2025 22:00:00,20.63,0.00,PMXC7,RT
03/07/2025 22:10:00,20.68,0.00,PMXC7,RT
03/07/2025 22:20:00,20.72,0.00,PMXC7,RT
03/07/2025 22:30:00,20.72,0.00,PMXC7,RT
03/07/2025 22:40:00,20.72,0.00,PMXC7,RT
03/07/2025 22:50:00,20.68,0.00,PMXC7,RT
03/07/2025 23:00:00,20.68,0.00,PMXC7,RT
03/07/2025 23:10:00,20.76,0.00,PMXC7,RT
03/07/2025 23:20:00,20.76,0.00,PMXC7,RT
03/07/2025 23:30:00,20.72,0.00,PMXC7,RT
03/07/2025 23:40:00,20.80,0.00,PMXC7,RT
03/07/2025 23:50:00,20.76,0.00,PMXC7,RT
03/08/2025 00:00:00,20.76,0.00,PMXC7,RT
03/08/2025 00:10:00,20.85,0.00,PMXC7,RT
03/08/2025 00:20:00,20.80,0.00,PMXC7,RT
03/08/2025 00:30:00,20.80,0.00,PMXC7,RT
03/08/2025 00:40:00,20.85,0.00,PMXC7,RT
03/08/2025 00:50:00,20.85,0.00,PMXC7,RT
03/08/2025 01:00:00,20.85,0.00,PMXC7,RT
03/08/2025 01:10:00,20.85,0.00,PMXC7,RT
03/08/2025 01:20:00,20.80,0.00,PMXC7,RT
03/08/2025 01:30:00,20.80,0.00,PMXC7,RT
03/08/2025 01:40:00,20.89,0.00,PMXC7,RT
03/08/2025 01:50:00,20.89,0.00,PMXC7,RT
03/08/2025 02:00:00,20.89,0.00,PMXC7,RT
03/08/2025 02:10:00,20.89,0.00,PMXC7,RT
03/08/2025 02:20:00,20.85,0.00,PMXC7,RT
03/08/2025 02:30:00,20.93,0.00,PMXC7,RT
03/08/2025 02:40:00,20.89,0.00,PMXC7,RT
03/08/2025 02:50:00,20.89,0.00,PMXC7,RT
03/08/2025 03:00:00,20.89,0.00,PMXC7,RT
03/08/2025 03:10:00,20.89,0.00,PMXC7,RT
03/08/2025 03:20:00,20.93,0.00,PMXC7,RT
03/08/2025 03:30:00,20.93,0.00,PMXC7,RT
03/08/2025 03:40:00,20.89,0.00,PMXC7,RT
03/08/2025 03:50:00,20.89,0.00,PMXC7,RT
03/08/2025 04:00:00,20.89,0.00,PMXC7,RT
03/08/2025 04:10:00,20.98,0.00,PMXC7,RT
03/08/2025 04:20:00,20.93,0.00,PMXC7,RT
03/08/2025 04:30:00,20.93,0.00,PMXC7,RT
03/08/2025 04:40:00,20.98,0.00,PMXC7,RT
03/08/2025 04:50:00,20.98,0.00,PMXC7,RT
03/08/2025 05:00:00,21.02,0.00,PMXC7,RT
03/08/2025 05:10:00,21.02,0.00,PMXC7,RT
03/08/2025 05:20:00,21.06,0.00,PMXC7,RT
03/08/2025 05:30:00,20.98,0.00,PMXC7,RT
03/08/2025 05:40:00,20.98,0.00,PMXC7,RT
03/08/2025 05:50:00,21.02,0.00,PMXC7,RT
03/08/2025 06:00:00,20.98,0.00,PMXC7,RT
03/08/2025 06:10:00,21.02,0.00,PMXC7,RT
03/08/2025 06:20:00,21.02,0.00,PMXC7,RT
03/08/2025 06:30:00,21.02,0.00,PMXC7,RT
03/08/2025 06:40:00,21.02,0.00,PMXC7,RT
03/08/2025 06:50:00,21.02,0.00,PMXC7,RT
03/08/2025 07:00:00,21.02,0.00,PMXC7,RT
03/08/2025 07:10:00,20.98,0.00,PMXC7,RT
03/08/2025 07:20:00,20.98,0.00,PMXC7,RT
03/08/2025 07:30:00,21.06,0.00,PMXC7,RT
03/08/2025 07:40:00,21.06,0.00,PMXC7,RT
03/08/2025 07:50:00,21.06,0.00,PMXC7,RT
03/08/2025 08:00:00,21.06,0.00,PMXC7,RT
03/08/2025 08:10:00,21.06,0.00,PMXC7,RT
03/08/2025 08:20:00,21.06,0.00,PMXC7,RT
03/08/2025 08:30:00,21.02,0.00,PMXC7,RT
03/08/2025 08:40:00,21.06,0.00,PMXC7,RT
03/08/2025 08:50:00,21.02,0.00,PMXC7,RT
03/08/2025 09:00:00,21.02,0.00,PMXC7,RT
03/08/2025 09:10:00,21.10,0.00,PMXC7,RT
03/08/2025 09:20:00,21.06,0.00,PMXC7,RT
03/08/2025 09:30:00,21.02,0.00,PMXC7,RT
03/08/2025 09:40:00,21.06,0.00,PMXC7,RT
03/08/2025 09:50:00,21.02,0.00,PMXC7,RT
03/08/2025 10:00:00,21.02,0.00,PMXC7,RT
03/08/2025 10:10:00,21.02,0.00,PMXC7,RT
03/08/2025 10:20:00,20.98,0.00,PMXC7,RT
03/08/2025 10:30:00,20.89,0.00,PMXC7,RT
03/08/2025 10:40:00,20.89,0.00,PMXC7,RT
03/08/2025 10:50:00,20.89,0.00,PMXC7,RT
03/08/2025 11:00:00,20.85,0.00,PMXC7,RT
03/08/2025 11:10:00,20.80,0.00,PMXC7,RT
03/08/2025 11:20:00,20.76,0.00,PMXC7,RT
03/08/2025 11:30:00,20.76,0.00,PMXC7,RT
03/08/2025 11:40:00,20.76,0.00,PMXC7,RT
03/08/2025 11:50:00,20.76,0.00,PMXC7,RT
03/08/2025 12:00:00,20.72,0.00,PMXC7,RT
03/08/2025 12:10:00,20.68,0.00,PMXC7,RT
03/08/2025 12:20:00,20.68,0.00,PMXC7,RT
03/08/2025 12:30:00,20.68,0.00,PMXC7,RT
03/08/2025 12:40:00,20.68,0.00,PMXC7,RT
03/08/2025 12:50:00,20.63,0.00,PMXC7,RT
03/08/2025 13:00:00,20.63,0.00,PMXC7,RT
03/08/2025 13:10:00,20.63,0.00,PMXC7,RT
03/08/2025 13:20:00,20.59,0.00,PMXC7,RT
03/08/2025 13:30:00,20.63,0.00,PMXC7,RT
03/08/2025 13:40:00,20.63,0.00,PMXC7,RT
03/08/2025 13:50:00,20.63,0.00,PMXC7,RT
03/08/2025 14:00:00,20.68,0.00,PMXC7,RT
03/08/2025 14:10:00,20.68,0.00,PMXC7,RT
03/08/2025 14:20:00,20.68,0.00,PMXC7,RT
03/08/2025 14:30:00,20.72,0.00,PMXC7,RT
03/08/2025 14:40:00,20.72,0.00,PMXC7,RT
03/08/2025 14:50:00,20.76,0.00,PMXC7,RT
03/08/2025 15:00:00,20.68,0.00,PMXC7,RT
03/08/2025 15:10:00,20.76,0.00,PMXC7,RT
03/08/2025 15:20:00,20.76,0.00,PMXC7,RT
03/08/2025 15:30:00,20.76,0.00,PMXC7,RT
03/08/2025 15:40:00,20.76,0.00,PMXC7,RT
03/08/2025 15:50:00,20.80,0.00,PMXC7,RT
03/08/2025 16:00:00,20.76,0.00,PMXC7,RT
03/08/2025 16:10:00,20.80,0.00,PMXC7,RT
03/08/2025 16:20:00,20.85,0.00,PMXC7,RT
03/08/2025 16:30:00,20.85,0.00,PMXC7,RT
03/08/2025 16:40:00,20.85,0.00,PMXC7,RT
03/08/2025 16:50:00,20.80,0.00,PMXC7,RT
03/08/2025 17:00:00,20.85,0.00,PMXC7,RT
03/08/2025 17:10:00,20.85,0.00,PMXC7,RT
03/08/2025 17:20:00,20.85,0.00,PMXC7,RT
03/08/2025 17:30:00,20.85,0.00,PMXC7,RT
03/08/2025 17:40:00,20.89,0.00,PMXC7,RT
03/08/2025 17:50:00,20.89,0.00,PMXC7,RT
03/08/2025 18:00:00,20.85,0.00,PMXC7,RT
03/08/2025 18:10:00,20.89,0.00,PMXC7,RT
03/08/2025 18:20:00,20.89,0.00,PMXC7,RT
03/08/2025 18:30:00,20.89,0.00,PMXC7,RT
03/08/2025 18:40:00,20.93,0.00,PMXC7,RT
03/08/2025 18:50:00,20.98,0.00,PMXC7,RT
03/08/2025 19:00:00,20.93,0.00,PMXC7,RT
03/08/2025 19:10:00,20.93,0.00,PMXC7,RT
03/08/2025 19:20:00,20.93,0.00,PMXC7,RT
03/08/2025 19:30:00,20.93,0.00,PMXC7,RT
03/08/2025 19:40:00,20.93,0.00,PMXC7,RT
03/08/2025 19:50:00,20.98,0.00,PMXC7,RT
03/08/2025 20:00:00,20.93,0.00,PMXC7,RT
03/08/2025 20:10:00,21.02,0.00,PMXC7,RT
03/08/2025 20:20:00,20.98,0.00,PMXC7,RT
03/08/2025 20:30:00,20.98,0.00,PMXC7,RT
03/08/2025 20:40:00,20.98,0.00,PMXC7,RT
03/08/2025 20:50:00,21.02,0.00,PMXC7,RT
03/08/2025 21:00:00,21.02,0.00,PMXC7,RT
03/08/2025 21:10:00,20.98,0.00,PMXC7,RT
03/08/2025 21:20:00,21.02,0.00,PMXC7,RT
03/08/2025 21:30:00,20.98,0.00,PMXC7,RT
03/08/2025 21:40:00,20.98,0.00,PMXC7,RT
03/08/2025 21:50:00,20.98,0.00,PMXC7,RT
03/08/2025 22:00:00,20.98,0.00,PMXC7,RT
03/08/2025 22:10:00,20.98,0.00,PMXC7,RT
03/08/2025 22:20:00,21.02,0.00,PMXC7,RT
03/08/2025 22:30:00,20.98,0.00,PMXC7,RT
03/08/2025 22:40:00,20.98,0.00,PMXC7,RT
03/08/2025 22:50:00,21.02,0.00,PMXC7,RT
03/08/2025 23:00:00,21.02,0.00,PMXC7,RT
03/08/2025 23:10:00,21.02,0.00,PMXC7,RT
03/08/2025 23:20:00,20.93,0.00,PMXC7,RT
03/08/2025 23:30:00,21.06,0.00,PMXC7,RT
03/08/2025 23:40:00,21.02,0.00,PMXC7,RT
03/08/2025 23:50:00,21.02,0.00,PMXC7,RT
03/09/2025 00:00:00,21.02,0.00,PMXC7,RT
03/09/2025 00:10:00,21.02,0.00,PMXC7,RT
03/09/2025 00:20:00,21.02,0.00,PMXC7,RT
03/09/2025 00:30:00,21.02,0.00,PMXC7,RT
03/09/2025 00:40:00,21.02,0.00,PMXC7,RT
03/09/2025 00:50:00,21.02,0.00,PMXC7,RT
03/09/2025 01:00:00,21.02,0.00,PMXC7,RT
03/09/2025 01:10:00,20.98,0.00,PMXC7,RT
03/09/2025 01:20:00,21.02,0.00,PMXC7,RT
03/09/2025 01:30:00,20.98,0.00,PMXC7,RT
03/09/2025 01:40:00,20.98,0.00,PMXC7,RT
03/09/2025 01:50:00,21.06,0.00,PMXC7,RT
03/09/2025 03:00:00,21.06,0.00,PMXC7,RT
03/09/2025 03:10:00,21.02,0.00,PMXC7,RT
03/09/2025 03:20:00,21.02,0.00,PMXC7,RT
03/09/2025 03:30:00,21.06,0.00,PMXC7,RT
03/09/2025 03:40:00,21.02,0.00,PMXC7,RT
03/09/2025 03:50:00,21.02,0.00,PMXC7,RT
03/09/2025 04:00:00,21.02,0.00,PMXC7,RT
03/09/2025 04:10:00,21.02,0.00,PMXC7,RT
03/09/2025 04:20:00,21.06,0.00,PMXC7,RT
03/09/2025 04:30:00,21.06,0.00,PMXC7,RT
03/09/2025 04:40:00,21.06,0.00,PMXC7,RT
03/09/2025 04:50:00,21.02,0.00,PMXC7,RT
03/09/2025 05:00:00,21.10,0.00,PMXC7,RT
03/09/2025 05:10:00,21.02,0.00,PMXC7,RT
03/09/2025 05:20:00,21.06,0.00,PMXC7,RT
03/09/2025 05:30:00,21.10,0.00,PMXC7,RT
03/09/2025 05:40:00,21.06,0.00,PMXC7,RT
03/09/2025 05:50:00,21.06,0.00,PMXC7,RT
03/09/2025 06:00:00,21.06,0.00,PMXC7,RT
03/09/2025 06:10:00,21.10,0.00,PMXC7,RT
03/09/2025 06:20:00,21.10,0.00,PMXC7,RT
03/09/2025 06:30:00,21.10,0.00,PMXC7,RT
03/09/2025 06:40:00,21.10,0.00,PMXC7,RT
03/09/2025 06:50:00,21.10,0.00,PMXC7,RT
03/09/2025 07:00:00,21.10,0.00,PMXC7,RT
03/09/2025 07:10:00,21.06,0.00,PMXC7,RT
03/09/2025 07:20:00,21.10,0.00,PMXC7,RT
03/09/2025 07:30:00,21.06,0.00,PMXC7,RT
03/09/2025 07:40:00,21.06,0.00,PMXC7,RT
03/09/2025 07:50:00,21.06,0.00,PMXC7,RT
03/09/2025 08:00:00,21.06,0.00,PMXC7,RT
03/09/2025 08:10:00,21.06,0.00,PMXC7,RT
03/09/2025 08:20:00,21.10,0.00,PMXC7,RT
03/09/2025 08:30:00,21.10,0.00,PMXC7,RT
03/09/2025 08:40:00,21.15,0.00,PMXC7,RT
03/09/2025 08:50:00,21.10,0.00,PMXC7,RT
03/09/2025 09:00:00,21.15,0.00,PMXC7,RT
03/09/2025 09:10:00,21.10,0.00,PMXC7,RT
03/09/2025 09:20:00,21.15,0.00,PMXC7,RT
03/09/2025 09:30:00,21.10,0.00,PMXC7,RT
03/09/2025 09:40:00,21.15,0.00,PMXC7,RT
03/09/2025 09:50:00,21.15,0.00,PMXC7,RT
03/09/2025 10:00:00,21.10,0.00,PMXC7,RT
03/09/2025 10:10:00,21.15,0.00,PMXC7,RT
03/09/2025 10:20:00,21.10,0.00,PMXC7,RT
03/09/2025 10:30:00,21.15,0.00,PMXC7,RT
03/09/2025 10:40:00,21.15,0.00,PMXC7,RT
03/09/2025 10:50:00,21.10,0.00,PMXC7,RT
03/09/2025 11:00:00,21.10,0.00,PMXC7,RT
03/09/2025 11:10:00,21.06,176.08,PMXC7,RT
03/09/2025 11:20:00,21.02,174.48,PMXC7,RT
03/09/2025 11:30:00,21.02,176.08,PMXC7,RT
03/09/2025 11:40:00,20.98,176.08,PMXC7,RT
03/09/2025 11:50:00,21.06,0.00,PMXC7,RT
03/09/2025 12:00:00,21.10,0.00,PMXC7,RT
03/09/2025 12:10:00,21.10,0.00,PMXC7,RT
03/09/2025 12:20:00,20.98,0.00,PMXC7,RT
03/09/2025 12:30:00,21.02,0.00,PMXC7,RT
03/09/2025 12:40:00,21.02,0.00,PMXC7,RT
03/09/2025 12:50:00,21.02,0.00,PMXC7,RT
03/09/2025 13:00:00,21.02,0.00,PMXC7,RT
03/09/2025 13:10:00,21.02,0.00,PMXC7,RT
03/09/2025 13:20:00,21.02,0.00,PMXC7,RT
03/09/2025 13:30:00,21.02,0.00,PMXC7,RT
03/09/2025 13:40:00,21.02,0.00,PMXC7,RT
03/09/2025 13:50:00,21.02,0.00,PMXC7,RT
03/09/2025 14:00:00,21.02,0.00,PMXC7,RT
03/09/2025 14:10:00,21.02,0.00,PMXC7,RT
03/09/2025 14:20:00,21.02,0.00,PMXC7,RT
03/09/2025 14:30:00,21.02,0.00,PMXC7,RT
03/09/2025 14:40:00,21.02,0.00,PMXC7,RT
03/09/2025 14:50:00,21.06,0.00,PMXC7,RT
03/09/2025 15:00:00,21.02,0.00,PMXC7,RT
03/09/2025 15:10:00,21.10,0.00,PMXC7,RT
03/09/2025 15:20:00,21.02,0.00,PMXC7,RT
03/09/2025 15:30:00,21.02,0.00,PMXC7,RT
03/09/2025 15:40:00,21.06,0.00,PMXC7,RT
03/09/2025 15:50:00,21.06,0.00,PMXC7,RT
03/09/2025 16:00:00,21.10,0.00,PMXC7,RT
03/09/2025 16:10:00,21.06,0.00,PMXC7,RT
03/09/2025 16:20:00,21.10,0.00,PMXC7,RT
03/09/2025 16:30:00,21.10,0.00,PMXC7,RT
03/09/2025 16:40:00,21.10,0.00,PMXC7,RT
03/09/2025 16:50:00,21.15,0.00,PMXC7,RT
03/09/2025 17:00:00,21.15,0.00,PMXC7,RT
03/09/2025 17:10:00,21.15,0.00,PMXC7,RT
03/09/2025 17:20:00,21.15,0.00,PMXC7,RT
03/09/2025 17:30:00,21.15,0.00,PMXC7,RT
03/09/2025 17:40:00,21.15,0.00,PMXC7,RT
03/09/2025 17:50:00,21.19,0.00,PMXC7,RT
03/09/2025 18:00:00,21.19,0.00,PMXC7,RT
03/09/2025 18:10:00,21.23,0.00,PMXC7,RT
03/09/2025 18:20:00,21.23,0.00,PMXC7,RT
03/09/2025 18:30:00,21.23,0.00,PMXC7,RT
03/09/2025 18:40:00,21.23,0.00,PMXC7,RT
03/09/2025 18:50:00,21.28,0.00,PMXC7,RT
03/09/2025 19:00:00,21.23,0.00,PMXC7,RT
03/09/2025 19:10:00,21.28,0.00,PMXC7,RT
03/09/2025 19:20:00,21.28,0.00,PMXC7,RT
03/09/2025 19:30:00,21.32,0.00,PMXC7,RT
03/09/2025 19:40:00,21.28,0.00,PMXC7,RT
03/09/2025 19:50:00,21.32,0.00,PMXC7,RT
03/09/2025 20:00:00,21.32,0.00,PMXC7,RT
03/09/2025 20:10:00,21.28,0.00,PMXC7,RT
03/09/2025 20:20:00,21.32,0.00,PMXC7,RT
03/09/2025 20:30:00,21.28,0.00,PMXC7,RT
03/09/2025 20:40:00,21.28,0.00,PMXC7,RT
03/09/2025 20:50:00,21.23,0.00,PMXC7,RT
03/09/2025 21:00:00,21.23,0.00,PMXC7,RT
03/09/2025 21:10:00,21.23,0.00,PMXC7,RT
03/09/2025 21:20:00,21.23,0.00,PMXC7,RT
03/09/2025 21:30:00,21.19,0.00,PMXC7,RT
03/09/2025 21:40:00,21.19,0.00,PMXC7,RT
03/09/2025 21:50:00,21.23,0.00,PMXC7,RT
03/09/2025 22:00:00,21.23,0.00,PMXC7,RT
03/09/2025 22:10:00,21.23,0.00,PMXC7,RT
03/09/2025 22:20:00,21.15,0.00,PMXC7,RT
03/09/2025 22:30:00,21.19,0.00,PMXC7,RT
03/09/2025 22:40:00,21.19,0.00,PMXC7,RT
03/09/2025 22:50:00,21.19,0.00,PMXC7,RT
03/09/2025 23:00:00,21.19,0.00,PMXC7,RT
03/09/2025 23:10:00,21.15,0.00,PMXC7,RT
03/09/2025 23:20:00,21.15,0.00,PMXC7,RT
03/09/2025 23:30:00,21.10,0.00,PMXC7,RT
03/09/2025 23:40:00,21.10,0.00,PMXC7,RT
03/09/2025 23:50:00,21.06,0.00,PMXC7,RT
03/10/2025 00:00:00,21.15,0.00,PMXC7,RT
03/10/2025 00:10:00,21.15,0.00,PMXC7,RT
03/10/2025 00:20:00,21.10,0.00,PMXC7,RT
03/10/2025 00:30:00,21.10,0.00,PMXC7,RT
03/10/2025 00:40:00,21.15,0.00,PMXC7,RT
03/10/2025 00:50:00,21.10,0.00,PMXC7,RT
03/10/2025 01:00:00,21.10,0.00,PMXC7,RT
03/10/2025 01:10:00,21.06,0.00,PMXC7,RT
03/10/2025 01:20:00,21.10,0.00,PMXC7,RT
03/10/2025 01:30:00,21.15,0.00,PMXC7,RT
03/10/2025 01:40:00,21.10,0.00,PMXC7,RT
03/10/2025 01:50:00,21.06,0.00,PMXC7,RT
03/10/2025 02:00:00,21.06,0.00,PMXC7,RT
03/10/2025 02:10:00,21.10,0.00,PMXC7,RT
03/10/2025 02:20:00,21.06,0.00,PMXC7,RT
03/10/2025 02:30:00,21.06,0.00,PMXC7,RT
03/10/2025 02:40:00,21.10,0.00,PMXC7,RT
03/10/2025 02:50:00,21.06,0.00,PMXC7,RT
03/10/2025 03:00:00,21.10,0.00,PMXC7,RT
03/10/2025 03:10:00,21.10,0.00,PMXC7,RT
03/10/2025 03:20:00,21.10,0.00,PMXC7,RT
03/10/2025 03:30:00,21.10,0.00,PMXC7,RT
03/10/2025 03:40:00,21.10,0.00,PMXC7,RT
03/10/2025 03:50:00,21.10,0.00,PMXC7,RT
03/10/2025 04:00:00,21.10,0.00,PMXC7,RT
03/10/2025 04:10:00,21.10,0.00,PMXC7,RT
03/10/2025 04:20:00,21.15,0.00,PMXC7,RT
03/10/2025 04:30:00,21.10,0.00,PMXC7,RT
03/10/2025 04:40:00,21.10,0.00,PMXC7,RT
03/10/2025 04:50:00,21.10,0.00,PMXC7,RT
03/10/2025 05:00:00,21.10,0.00,PMXC7,RT
03/10/2025 05:10:00,21.10,0.00,PMXC7,RT
03/10/2025 05:20:00,21.10,0.00,PMXC7,RT
03/10/2025 05:30:00,21.10,0.00,PMXC7,RT
03/10/2025 05:40:00,21.10,0.00,PMXC7,RT
03/10/2025 05:50:00,21.10,0.00,PMXC7,RT
03/10/2025 06:00:00,21.10,0.00,PMXC7,RT
03/10/2025 06:10:00,21.15,0.00,PMXC7,RT
03/10/2025 06:20:00,21.10,0.00,PMXC7,RT
03/10/2025 06:30:00,21.15,0.00,PMXC7,RT
03/10/2025 06:40:00,21.15,0.00,PMXC7,RT
03/10/2025 06:50:00,21.15,0.00,PMXC7,RT
03/10/2025 07:00:00,21.15,0.00,PMXC7,RT
03/10/2025 07:10:00,21.15,0.00,PMXC7,RT
03/10/2025 07:20:00,21.19,0.00,PMXC7,RT
03/10/2025 07:30:00,21.19,0.00,PMXC7,RT
03/10/2025 07:40:00,21.15,0.00,PMXC7,RT
03/10/2025 07:50:00,21.15,0.00,PMXC7,RT
03/10/2025 08:00:00,21.15,0.00,PMXC7,RT
03/10/2025 08:10:00,21.19,0.00,PMXC7,RT
03/10/2025 08:20:00,21.15,0.00,PMXC7,RT
03/10/2025 08:30:00,21.15,0.00,PMXC7,RT
03/10/2025 08:40:00,21.10,0.00,PMXC7,RT
03/10/2025 08:50:00,21.06,0.00,PMXC7,RT
03/10/2025 09:00:00,21.06,0.00,PMXC7,RT
03/10/2025 09:10:00,21.10,0.00,PMXC7,RT
03/10/2025 09:20:00,21.10,0.00,PMXC7,RT
03/10/2025 09:30:00,21.10,0.00,PMXC7,RT
03/10/2025 09:40:00,21.15,0.00,PMXC7,RT
03/10/2025 09:50:00,21.10,0.00,PMXC7,RT
03/10/2025 10:00:00,21.15,0.00,PMXC7,RT
03/10/2025 10:10:00,21.15,0.00,PMXC7,RT
03/10/2025 10:20:00,21.15,0.00,PMXC7,RT
03/10/2025 10:30:00,21.15,0.00,PMXC7,RT
03/10/2025 10:40:00,21.15,0.00,PMXC7,RT
03/10/2025 10:50:00,21.10,0.00,PMXC7,RT
03/10/2025 11:00:00,21.19,0.00,PMXC7,RT
03/10/2025 11:10:00,21.15,0.00,PMXC7,RT
03/10/2025 11:20:00,21.10,0.00,PMXC7,RT
03/10/2025 11:30:00,21.06,0.00,PMXC7,RT
03/10/2025 11:40:00,21.06,0.00,PMXC7,RT
03/10/2025 11:50:00,21.02,0.00,PMXC7,RT
03/10/2025 12:00:00,21.02,0.00,PMXC7,RT
03/10/2025 12:10:00,20.93,0.00,PMXC7,RT
03/10/2025 12:20:00,20.89,0.00,PMXC7,RT
03/10/2025 12:30:00,20.85,0.00,PMXC7,RT
03/10/2025 12:40:00,20.80,0.00,PMXC7,RT
03/10/2025 12:50:00,20.80,0.00,PMXC7,RT
03/10/2025 13:00:00,20.76,0.00,PMXC7,RT
03/10/2025 13:10:00,20.76,0.00,PMXC7,RT
03/10/2025 13:20:00,20.76,0.00,PMXC7,RT
03/10/2025 13:30:00,20.76,0.00,PMXC7,RT
03/10/2025 13:40:00,20.76,0.00,PMXC7,RT
03/10/2025 13:50:00,20.72,0.00,PMXC7,RT
03/10/2025 14:00:00,20.72,0.00,PMXC7,RT
03/10/2025 14:10:00,20.68,0.00,PMXC7,RT
03/10/2025 14:20:00,20.63,0.00,PMXC7,RT
03/10/2025 14:30:00,20.63,0.00,PMXC7,RT
03/10/2025 14:40:00,20.68,0.00,PMXC7,RT
03/10/2025 14:50:00,20.68,0.00,PMXC7,RT
03/10/2025 15:00:00,20.63,0.00,PMXC7,RT
03/10/2025 15:10:00,20.63,0.00,PMXC7,RT
03/10/2025 15:20:00,20.68,0.00,PMXC7,RT
03/10/2025 15:30:00,20.63,0.00,PMXC7,RT
03/10/2025 15:40:00,20.63,0.00,PMXC7,RT
03/10/2025 15:50:00,20.59,0.00,PMXC7,RT
03/10/2025 16:00:00,20.59,0.00,PMXC7,RT
03/10/2025 16:10:00,20.59,0.00,PMXC7,RT
03/10/2025 16:20:00,20.59,0.00,PMXC7,RT
03/10/2025 16:30:00,20.59,0.00,PMXC7,RT
03/10/2025 16:40:00,20.55,0.00,PMXC7,RT
03/10/2025 16:50:00,20.55,0.00,PMXC7,RT
03/10/2025 17:00:00,20.55,0.00,PMXC7,RT
03/10/2025 17:10:00,20.50,0.00,PMXC7,RT
03/10/2025 17:20:00,20.55,0.00,PMXC7,RT
03/10/2025 17:30:00,20.50,0.00,PMXC7,RT
03/10/2025 17:40:00,20.50,0.00,PMXC7,RT
03/10/2025 17:50:00,20.50,0.00,PMXC7,RT
03/10/2025 18:00:00,20.50,0.00,PMXC7,RT
03/10/2025 18:10:00,20.55,0.00,PMXC7,RT
03/10/2025 18:20:00,20.50,0.00,PMXC7,RT
03/10/2025 18:30:00,20.50,0.00,PMXC7,RT
03/10/2025 18:40:00,20.50,0.00,PMXC7,RT
03/10/2025 18:50:00,20.55,0.00,PMXC7,RT
03/10/2025 19:00:00,20.55,0.00,PMXC7,RT
03/10/2025 19:10:00,20.50,0.00,PMXC7,RT
03/10/2025 19:20:00,20.50,0.00,PMXC7,RT
03/10/2025 19:30:00,20.46,0.00,PMXC7,RT
03/10/2025 19:40:00,20.50,0.00,PMXC7,RT
03/10/2025 19:50:00,20.46,0.00,PMXC7,RT
03/10/2025 20:00:00,20.50,0.00,PMXC7,RT
03/10/2025 20:10:00,20.46,0.00,PMXC7,RT
03/10/2025 20:20:00,20.33,0.00,PMXC7,RT
03/10/2025 20:30:00,20.29,0.00,PMXC7,RT
03/10/2025 20:40:00,20.25,0.00,PMXC7,RT
03/10/2025 20:50:00,20.20,0.00,PMXC7,RT
03/10/2025 21:00:00,20.20,0.00,PMXC7,RT
03/10/2025 21:10:00,20.29,0.00,PMXC7,RT
03/10/2025 21:20:00,20.25,0.00,PMXC7,RT
03/10/2025 21:30:00,20.25,0.00,PMXC7,RT
03/10/2025 21:40:00,20.20,0.00,PMXC7,RT
03/10/2025 21:50:00,20.25,0.00,PMXC7,RT
03/10/2025 22:00:00,20.25,0.00,PMXC7,RT
03/10/2025 22:10:00,20.29,0.00,PMXC7,RT
03/10/2025 22:20:00,20.29,0.00,PMXC7,RT
03/10/2025 22:30:00,20.37,0.00,PMXC7,RT
03/10/2025 22:40:00,20.37,0.00,PMXC7,RT
03/10/2025 22:50:00,20.37,0.00,PMXC7,RT
03/10/2025 23:00:00,20.42,0.00,PMXC7,RT
03/10/2025 23:10:00,20.46,0.00,PMXC7,RT
03/10/2025 23:20:00,20.46,0.00,PMXC7,RT
03/10/2025 23:30:00,20.50,0.00,PMXC7,RT
03/10/2025 23:40:00,20.46,0.00,PMXC7,RT
03/10/2025 23:50:00,20.50,0.00,PMXC7,RT
03/11/2025 00:00:00,20.50,0.00,PMXC7,RT
03/11/2025 00:10:00,20.55,0.00,PMXC7,RT
03/11/2025 00:20:00,20.59,0.00,PMXC7,RT
03/11/2025 00:30:00,20.59,0.00,PMXC7,RT
03/11/2025 00:40:00,20.59,0.00,PMXC7,RT
03/11/2025 00:50:00,20.63,0.00,PMXC7,RT
03/11/2025 01:00:00,20.59,0.00,PMXC7,RT
03/11/2025 01:10:00,20.63,0.00,PMXC7,RT
03/11/2025 01:20:00,20.63,0.00,PMXC7,RT
03/11/2025 01:30:00,20.63,0.00,PMXC7,RT
03/11/2025 01:40:00,20.68,0.00,PMXC7,RT
03/11/2025 01:50:00,20.72,0.00,PMXC7,RT
03/11/2025 02:00:00,20.68,0.00,PMXC7,RT
03/11/2025 02:10:00,20.72,0.00,PMXC7,RT
03/11/2025 02:20:00,20.72,0.00,PMXC7,RT
03/11/2025 02:30:00,20.72,0.00,PMXC7,RT
03/11/2025 02:40:00,20.76,0.00,PMXC7,RT
03/11/2025 02:50:00,20.72,0.00,PMXC7,RT
03/11/2025 03:00:00,20.80,0.00,PMXC7,RT
03/11/2025 03:10:00,20.80,0.00,PMXC7,RT
03/11/2025 03:20:00,20.80,0.00,PMXC7,RT
03/11/2025 03:30:00,20.80,0.00,PMXC7,RT
03/11/2025 03:40:00,20.80,0.00,PMXC7,RT
03/11/2025 03:50:00,20.76,0.00,PMXC7,RT
03/11/2025 04:00:00,20.85,0.00,PMXC7,RT
03/11/2025 04:10:00,20.85,0.00,PMXC7,RT
03/11/2025 04:20:00,20.89,0.00,PMXC7,RT
03/11/2025 04:30:00,20.85,0.00,PMXC7,RT
03/11/2025 04:40:00,20.89,0.00,PMXC7,RT
03/11/2025 04:50:00,20.89,0.00,PMXC7,RT
03/11/2025 05:00:00,20.89,0.00,PMXC7,RT
03/11/2025 05:10:00,20.89,0.00,PMXC7,RT
03/11/2025 05:20:00,20.89,0.00,PMXC7,RT
03/11/2025 05:30:00,20.89,0.00,PMXC7,RT
03/11/2025 05:40:00,20.93,0.00,PMXC7,RT
03/11/2025 05:50:00,20.93,0.00,PMXC7,RT
03/11/2025 06:00:00,20.93,0.00,PMXC7,RT
03/11/2025 06:10:00,20.98,0.00,PMXC7,RT
03/11/2025 06:20:00,20.93,0.00,PMXC7,RT
03/11/2025 06:30:00,20.98,0.00,PMXC7,RT
03/11/2025 06:40:00,20.93,0.00,PMXC7,RT
03/11/2025 06:50:00,21.02,0.00,PMXC7,RT
03/11/2025 07:00:00,20.98,0.00,PMXC7,RT
03/11/2025 07:10:00,21.02,0.00,PMXC7,RT
03/11/2025 07:20:00,20.98,0.00,PMXC7,RT
03/11/2025 07:30:00,20.93,0.00,PMXC7,RT
03/11/2025 07:40:00,20.98,0.00,PMXC7,RT
03/11/2025 07:50:00,20.98,0.00,PMXC7,RT
03/11/2025 08:00:00,21.02,0.00,PMXC7,RT
03/11/2025 08:10:00,21.02,0.00,PMXC7,RT
03/11/2025 08:20:00,21.02,0.00,PMXC7,RT
03/11/2025 08:30:00,20.98,0.00,PMXC7,RT
03/11/2025 08:40:00,21.06,0.00,PMXC7,RT
03/11/2025 08:50:00,20.93,0.00,PMXC7,RT
03/11/2025 09:00:00,20.98,0.00,PMXC7,RT
03/11/2025 09:10:00,20.89,0.00,PMXC7,RT
03/11/2025 09:20:00,20.89,0.00,PMXC7,RT
03/11/2025 09:30:00,20.85,0.00,PMXC7,RT
03/11/2025 09:40:00,20.85,0.00,PMXC7,RT
03/11/2025 09:50:00,20.85,0.00,PMXC7,RT
03/11/2025 10:00:00,20.80,0.00,PMXC7,RT
03/11/2025 10:10:00,20.80,0.00,PMXC7,RT
03/11/2025 10:20:00,20.76,0.00,PMXC7,RT
03/11/2025 10:30:00,20.76,0.00,PMXC7,RT
03/11/2025 10:40:00,20.76,0.00,PMXC7,RT
03/11/2025 10:50:00,20.76,0.00,PMXC7,RT
03/11/2025 11:00:00,20.72,0.00,PMXC7,RT
03/11/2025 11:10:00,20.72,0.00,PMXC7,RT
03/11/2025 11:20:00,20.72,0.00,PMXC7,RT
03/11/2025 11:30:00,20.72,0.00,PMXC7,RT
03/11/2025 11:40:00,20.72,0.00,PMXC7,RT
03/11/2025 11:50:00,20.72,0.00,PMXC7,RT
03/11/2025 12:00:00,20.68,0.00,PMXC7,RT
03/11/2025 12:10:00,20.63,0.00,PMXC7,RT
03/11/2025 12:20:00,20.63,0.00,PMXC7,RT
03/11/2025 12:30:00,20.59,0.00,PMXC7,RT
03/11/2025 12:40:00,20.59,0.00,PMXC7,RT
03/11/2025 12:50:00,20.59,0.00,PMXC7,RT
03/11/2025 13:00:00,20.59,0.00,PMXC7,RT
03/11/2025 13:10:00,20.55,0.00,PMXC7,RT
03/11/2025 13:20:00,20.55,0.00,PMXC7,RT
03/11/2025 13:30:00,20.55,0.00,PMXC7,RT
03/11/2025 13:40:00,20.55,0.00,PMXC7,RT
03/11/2025 13:50:00,20.55,0.00,PMXC7,RT
03/11/2025 14:00:00,20.50,0.00,PMXC7,RT
03/11/2025 14:10:00,20.55,0.00,PMXC7,RT
03/11/2025 14:20:00,20.50,0.00,PMXC7,RT
03/11/2025 14:30:00,20.50,0.00,PMXC7,RT
03/11/2025 14:40:00,20.55,0.00,PMXC7,RT
03/11/2025 14:50:00,20.59,0.00,PMXC7,RT
03/11/2025 15:00:00,20.59,0.00,PMXC7,RT
03/11/2025 15:10:00,20.55,0.00,PMXC7,RT
03/11/2025 15:20:00,20.55,0.00,PMXC7,RT
03/11/2025 15:30:00,20.59,0.00,PMXC7,RT
03/11/2025 15:40:00,20.63,0.00,PMXC7,RT
03/11/2025 15:50:00,20.63,0.00,PMXC7,RT
03/11/2025 16:00:00,20.68,0.00,PMXC7,RT
03/11/2025 16:10:00,20.63,0.00,PMXC7,RT
03/11/2025 16:20:00,20.68,0.00,PMXC7,RT
03/11/2025 16:30:00,20.68,0.00,PMXC7,RT
03/11/2025 16:40:00,20.72,0.00,PMXC7,RT
03/11/2025 16:50:00,20.72,0.00,PMXC7,RT
03/11/2025 17:00:00,20.76,0.00,PMXC7,RT
03/11/2025 17:10:00,20.80,0.00,PMXC7,RT
03/11/2025 17:20:00,20.76,0.00,PMXC7,RT
03/11/2025 17:30:00,20.80,0.00,PMXC7,RT
03/11/2025 17:40:00,20.80,0.00,PMXC7,RT
03/11/2025 17:50:00,20.80,0.00,PMXC7,RT
03/11/2025 18:00:00,20.85,0.00,PMXC7,RT
03/11/2025 18:10:00,20.85,0.00,PMXC7,RT
03/11/2025 18:20:00,20.85,0.00,PMXC7,RT
03/11/2025 18:30:00,20.85,0.00,PMXC7,RT
03/11/2025 18:40:00,20.85,0.00,PMXC7,RT
03/11/2025 18:50:00,20.89,0.00,PMXC7,RT
03/11/2025 19:00:00,20.89,0.00,PMXC7,RT
03/11/2025 19:10:00,20.85,0.00,PMXC7,RT
03/11/2025 19:20:00,20.85,0.00,PMXC7,RT
03/11/2025 19:30:00,20.85,0.00,PMXC7,RT
03/11/2025 19:40:00,20.85,0.00,PMXC7,RT
03/11/2025 19:50:00,20.85,0.00,PMXC7,RT
03/11/2025 20:00:00,20.80,0.00,PMXC7,RT
03/11/2025 20:10:00,20.76,0.00,PMXC7,RT
03/11/2025 20:20:00,20.80,0.00,PMXC7,RT
03/11/2025 20:30:00,20.76,0.00,PMXC7,RT
03/11/2025 20:40:00,20.68,0.00,PMXC7,RT
03/11/2025 20:50:00,20.72,0.00,PMXC7,RT
03/11/2025 21:00:00,20.63,0.00,PMXC7,RT
03/11/2025 21:10:00,20.59,0.00,PMXC7,RT
03/11/2025 21:20:00,20.50,0.00,PMXC7,RT
03/11/2025 21:30:00,20.50,0.00,PMXC7,RT
03/11/2025 21:40:00,20.46,0.00,PMXC7,RT
03/11/2025 21:50:00,20.33,0.00,PMXC7,RT
03/11/2025 22:00:00,20.37,0.00,PMXC7,RT
03/11/2025 22:10:00,20.29,0.00,PMXC7,RT
03/11/2025 22:20:00,20.25,0.00,PMXC7,RT
03/11/2025 22:30:00,20.29,0.00,PMXC7,RT
03/11/2025 22:40:00,20.25,0.00,PMXC7,RT
03/11/2025 22:50:00,20.29,0.00,PMXC7,RT
03/11/2025 23:00:00,20.29,0.00,PMXC7,RT
03/11/2025 23:10:00,20.25,0.00,PMXC7,RT
03/11/2025 23:20:00,20.29,0.00,PMXC7,RT
03/11/2025 23:30:00,20.33,0.00,PMXC7,RT
03/11/2025 23:40:00,20.29,0.00,PMXC7,RT
03/11/2025 23:50:00,20.29,0.00,PMXC7,RT
03/12/2025 00:00:00,20.25,0.00,PMXC7,RT
03/12/2025 00:10:00,20.29,0.00,PMXC7,RT
03/12/2025 00:20:00,20.29,0.00,PMXC7,RT
03/12/2025 00:30:00,20.29,0.00,PMXC7,RT
03/12/2025 00:40:00,20.25,0.00,PMXC7,RT
03/12/2025 00:50:00,20.25,0.00,PMXC7,RT
03/12/2025 01:00:00,20.29,0.00,PMXC7,RT
03/12/2025 01:10:00,20.33,0.00,PMXC7,RT
03/12/2025 01:20:00,20.33,0.00,PMXC7,RT
03/12/2025 01:30:00,20.42,0.00,PMXC7,RT
03/12/2025 01:40:00,20.37,0.00,PMXC7,RT
03/12/2025 01:50:00,20.46,0.00,PMXC7,RT
03/12/2025 02:00:00,20.42,0.00,PMXC7,RT
03/12/2025 02:10:00,20.42,0.00,PMXC7,RT
03/12/2025 02:20:00,20.50,0.00,PMXC7,RT
03/12/2025 02:30:00,20.46,0.00,PMXC7,RT
03/12/2025 02:40:00,20.46,0.00,PMXC7,RT
03/12/2025 02:50:00,20.55,0.00,PMXC7,RT
03/12/2025 03:00:00,20.55,0.00,PMXC7,RT
03/12/2025 03:10:00,20.55,0.00,PMXC7,RT
03/12/2025 03:20:00,20.59,0.00,PMXC7,RT
03/12/2025 03:30:00,20.59,0.00,PMXC7,RT
03/12/2025 03:40:00,20.55,0.00,PMXC7,RT
03/12/2025 03:50:00,20.59,0.00,PMXC7,RT
03/12/2025 04:00:00,20.63,0.00,PMXC7,RT
03/12/2025 04:10:00,20.63,0.00,PMXC7,RT
03/12/2025 04:20:00,20.68,0.00,PMXC7,RT
03/12/2025 04:30:00,20.68,0.00,PMXC7,RT
03/12/2025 04:40:00,20.68,0.00,PMXC7,RT
03/12/2025 04:50:00,20.68,0.00,PMXC7,RT
03/12/2025 05:00:00,20.68,0.00,PMXC7,RT
03/12/2025 05:10:00,20.72,0.00,PMXC7,RT
03/12/2025 05:20:00,20.76,0.00,PMXC7,RT
03/12/2025 05:30:00,20.76,0.00,PMXC7,RT
03/12/2025 05:40:00,20.72,0.00,PMXC7,RT
03/12/2025 05:50:00,20.72,0.00,PMXC7,RT
03/12/2025 06:00:00,20.76,0.00,PMXC7,RT
03/12/2025 06:10:00,20.85,0.00,PMXC7,RT
03/12/2025 06:20:00,20.80,0.00,PMXC7,RT
03/12/2025 06:30:00,20.80,0.00,PMXC7,RT
03/12/2025 06:40:00,20.80,0.00,PMXC7,RT
03/12/2025 06:50:00,20.85,0.00,PMXC7,RT
03/12/2025 07:00:00,20.85,0.00,PMXC7,RT
03/12/2025 07:10:00,20.85,0.00,PMXC7,RT
03/12/2025 07:20:00,20.89,0.00,PMXC7,RT
03/12/2025 07:30:00,20.85,0.00,PMXC7,RT
03/12/2025 07:40:00,20.89,0.00,PMXC7,RT
03/12/2025 07:50:00,20.93,0.00,PMXC7,RT
03/12/2025 08:00:00,20.89,0.00,PMXC7,RT
03/12/2025 08:10:00,20.93,0.00,PMXC7,RT
03/12/2025 08:20:00,20.93,0.00,PMXC7,RT
03/12/2025 08:30:00,20.89,0.00,PMXC7,RT
03/12/2025 08:40:00,20.93,0.00,PMXC7,RT
03/12/2025 08:50:00,20.98,0.00,PMXC7,RT
03/12/2025 09:00:00,20.98,0.00,PMXC7,RT
03/12/2025 09:10:00,20.93,0.00,PMXC7,RT
03/12/2025 09:20:00,20.89,0.00,PMXC7,RT
03/12/2025 09:30:00,20.89,0.00,PMXC7,RT
03/12/2025 09:40:00,20.89,0.00,PMXC7,RT
03/12/2025 09:50:00,20.85,0.00,PMXC7,RT
03/12/2025 10:00:00,20.85,0.00,PMXC7,RT
03/12/2025 10:10:00,20.85,0.00,PMXC7,RT
03/12/2025 10:20:00,20.85,0.00,PMXC7,RT
03/12/2025 10:30:00,20.80,0.00,PMXC7,RT
03/12/2025 10:40:00,20.85,0.00,PMXC7,RT
03/12/2025 10:50:00,20.80,0.00,PMXC7,RT
03/12/2025 11:00:00,20.80,162.60,PMXC7,RT
03/12/2025 11:10:00,20.80,163.44,PMXC7,RT
03/12/2025 11:20:00,20.85,163.44,PMXC7,RT
03/12/2025 11:30:00,20.80,163.44,PMXC7,RT
03/12/2025 11:40:00,20.93,0.00,PMXC7,RT
03/12/2025 11:50:00,21.02,0.00,PMXC7,RT
03/12/2025 12:00:00,20.98,0.00,PMXC7,RT
03/12/2025 12:10:00,20.93,0.00,PMXC7,RT
03/12/2025 12:20:00,20.93,0.00,PMXC7,RT
03/12/2025 12:30:00,20.80,0.00,PMXC7,RT
03/12/2025 12:40:00,20.85,0.00,PMXC7,RT
03/12/2025 12:50:00,20.85,0.00,PMXC7,RT
03/12/2025 13:00:00,20.85,0.00,PMXC7,RT
03/12/2025 13:10:00,20.85,0.00,PMXC7,RT
03/12/2025 13:20:00,20.85,0.00,PMXC7,RT
03/12/2025 13:30:00,20.89,0.00,PMXC7,RT
03/12/2025 13:40:00,20.85,0.00,PMXC7,RT
03/12/2025 13:50:00,20.85,0.00,PMXC7,RT
03/12/2025 14:00:00,20.80,0.00,PMXC7,RT
03/12/2025 14:10:00,20.80,0.00,PMXC7,RT
03/12/2025 14:20:00,20.85,0.00,PMXC7,RT
03/12/2025 14:30:00,20.85,0.00,PMXC7,RT
03/12/2025 14:40:00,20.89,0.00,PMXC7,RT
03/12/2025 14:50:00,20.89,0.00,PMXC7,RT
03/12/2025 15:00:00,20.89,0.00,PMXC7,RT
03/12/2025 15:10:00,20.93,0.00,PMXC7,RT
03/12/2025 15:20:00,20.89,0.00,PMXC7,RT
03/12/2025 15:30:00,20.89,0.00,PMXC7,RT
03/12/2025 15:40:00,20.80,0.00,PMXC7,RT
03/12/2025 15:50:00,20.80,0.00,PMXC7,RT
03/12/2025 16:00:00,20.76,0.00,PMXC7,RT
03/12/2025 16:10:00,20.76,0.00,PMXC7,RT
03/12/2025 16:20:00,20.76,0.00,PMXC7,RT
03/12/2025 16:30:00,20.68,0.00,PMXC7,RT
03/12/2025 16:40:00,20.63,0.00,PMXC7,RT
03/12/2025 16:50:00,20.63,0.00,PMXC7,RT
03/12/2025 17:00:00,20.63,0.00,PMXC7,RT
03/12/2025 17:10:00,20.63,0.00,PMXC7,RT
03/12/2025 17:20:00,20.63,0.00,PMXC7,RT
03/12/2025 17:30:00,20.63,0.00,PMXC7,RT
03/12/2025 17:40:00,20.68,0.00,PMXC7,RT
03/12/2025 17:50:00,20.72,0.00,PMXC7,RT
03/12/2025 18:00:00,20.72,0.00,PMXC7,RT
03/12/2025 18:10:00,20.76,0.00,PMXC7,RT
03/12/2025 18:20:00,20.72,0.00,PMXC7,RT
03/12/2025 18:30:00,20.68,0.00,PMXC7,RT
03/12/2025 18:40:00,20.76,0.00,PMXC7,RT
03/12/2025 18:50:00,20.80,0.00,PMXC7,RT
03/12/2025 19:00:00,20.85,0.00,PMXC7,RT
03/12/2025 19:10:00,20.80,0.00,PMXC7,RT
03/12/2025 19:20:00,20.80,0.00,PMXC7,RT
03/12/2025 19:30:00,20.80,0.00,PMXC7,RT
03/12/2025 19:40:00,20.80,0.00,PMXC7,RT
03/12/2025 19:50:00,20.80,0.00,PMXC7,RT
03/12/2025 20:00:00,20.85,0.00,PMXC7,RT
03/12/2025 20:10:00,20.85,0.00,PMXC7,RT
03/12/2025 20:20:00,20.85,0.00,PMXC7,RT
03/12/2025 20:30:00,20.85,0.00,PMXC7,RT
03/12/2025 20:40:00,20.85,0.00,PMXC7,RT
03/12/2025 20:50:00,20.85,0.00,PMXC7,RT
03/12/2025 21:00:00,20.85,0.00,PMXC7,RT
03/12/2025 21:10:00,20.85,0.00,PMXC7,RT
03/12/2025 21:20:00,20.85,0.00,PMXC7,RT
03/12/2025 21:30:00,20.85,0.00,PMXC7,RT
03/12/2025 21:40:00,20.89,0.00,PMXC7,RT
03/12/2025 21:50:00,20.89,0.00,PMXC7,RT
03/12/2025 22:00:00,20.89,0.00,PMXC7,RT
03/12/2025 22:10:00,20.89,0.00,PMXC7,RT
03/12/2025 22:20:00,20.93,0.00,PMXC7,RT
03/12/2025 22:30:00,20.93,0.00,PMXC7,RT
03/12/2025 22:40:00,20.98,0.00,PMXC7,RT
03/12/2025 22:50:00,20.93,0.00,PMXC7,RT
03/12/2025 23:00:00,20.93,0.00,PMXC7,RT
03/12/2025 23:10:00,20.93,0.00,PMXC7,RT
03/12/2025 23:20:00,20.98,0.00,PMXC7,RT
03/12/2025 23:30:00,21.02,0.00,PMXC7,RT
03/12/2025 23:40:00,20.98,0.00,PMXC7,RT
03/12/2025 23:50:00,21.02,0.00,PMXC7,RT
03/13/2025 00:00:00,20.98,0.00,PMXC7,RT
03/13/2025 00:10:00,20.98,0.00,PMXC7,RT
03/13/2025 00:20:00,20.93,0.00,PMXC7,RT
03/13/2025 00:30:00,20.98,0.00,PMXC7,RT
03/13/2025 00:40:00,20.98,0.00,PMXC7,RT
03/13/2025 00:50:00,21.02,0.00,PMXC7,RT
03/13/2025 01:00:00,21.06,0.00,PMXC7,RT
03/13/2025 01:10:00,21.06,0.00,PMXC7,RT
03/13/2025 01:20:00,21.10,0.00,PMXC7,RT
03/13/2025 01:30:00,21.06,0.00,PMXC7,RT
03/13/2025 01:40:00,21.15,0.00,PMXC7,RT
03/13/2025 01:50:00,21.15,0.00,PMXC7,RT
03/13/2025 02:00:00,21.19,0.00,PMXC7,RT
03/13/2025 02:10:00,21.19,0.00,PMXC7,RT
03/13/2025 02:20:00,21.19,0.00,PMXC7,RT
03/13/2025 02:30:00,21.19,0.00,PMXC7,RT
03/13/2025 02:40:00,21.23,0.00,PMXC7,RT
03/13/2025 02:50:00,21.28,0.00,PMXC7,RT
03/13/2025 03:00:00,21.28,0.00,PMXC7,RT
03/13/2025 03:10:00,21.28,0.00,PMXC7,RT
03/13/2025 03:20:00,21.28,0.00,PMXC7,RT
03/13/2025 03:30:00,21.32,0.00,PMXC7,RT
03/13/2025 03:40:00,21.32,0.00,PMXC7,RT
03/13/2025 03:50:00,21.28,0.00,PMXC7,RT
03/13/2025 04:00:00,21.28,0.00,PMXC7,RT
03/13/2025 04:10:00,21.28,0.00,PMXC7,RT
03/13/2025 04:20:00,21.28,0.00,PMXC7,RT
03/13/2025 04:30:00,21.28,0.00,PMXC7,RT
03/13/2025 04:40:00,21.15,0.00,PMXC7,RT
03/13/2025 04:50:00,21.19,0.00,PMXC7,RT
03/13/2025 05:00:00,21.15,0.00,PMXC7,RT
03/13/2025 05:10:00,21.15,0.00,PMXC7,RT
03/13/2025 05:20:00,21.10,0.00,PMXC7,RT
03/13/2025 05:30:00,21.10,0.00,PMXC7,RT
03/13/2025 05:40:00,21.10,0.00,PMXC7,RT
03/13/2025 05:50:00,21.10,0.00,PMXC7,RT
03/13/2025 06:00:00,21.10,0.00,PMXC7,RT
03/13/2025 06:10:00,21.15,0.00,PMXC7,RT
03/13/2025 06:20:00,21.10,0.00,PMXC7,RT
03/13/2025 06:30:00,21.15,0.00,PMXC7,RT
03/13/2025 06:40:00,21.10,0.00,PMXC7,RT
03/13/2025 06:50:00,21.15,0.00,PMXC7,RT
03/13/2025 07:00:00,21.10,0.00,PMXC7,RT
03/13/2025 07:10:00,21.10,0.00,PMXC7,RT
03/13/2025 07:20:00,21.15,0.00,PMXC7,RT
03/13/2025 07:30:00,21.15,0.00,PMXC7,RT
03/13/2025 07:40:00,21.15,0.00,PMXC7,RT
03/13/2025 07:50:00,21.19,0.00,PMXC7,RT
03/13/2025 08:00:00,21.15,0.00,PMXC7,RT
03/13/2025 08:10:00,21.19,0.00,PMXC7,RT
03/13/2025 08:20:00,21.10,0.00,PMXC7,RT
03/13/2025 08:30:00,21.15,0.00,PMXC7,RT
03/13/2025 08:40:00,21.10,0.00,PMXC7,RT
03/13/2025 08:50:00,21.10,0.00,PMXC7,RT
03/13/2025 09:00:00,21.10,0.00,PMXC7,RT
03/13/2025 09:10:00,21.06,0.00,PMXC7,RT
03/13/2025 09:20:00,21.02,0.00,PMXC7,RT
03/13/2025 09:30:00,20.98,0.00,PMXC7,RT
03/13/2025 09:40:00,20.93,0.00,PMXC7,RT
03/13/2025 09:50:00,20.93,0.00,PMXC7,RT
03/13/2025 10:00:00,20.93,0.00,PMXC7,RT
03/13/2025 10:10:00,20.85,0.00,PMXC7,RT
03/13/2025 10:20:00,20.85,0.00,PMXC7,RT
03/13/2025 10:30:00,20.85,0.00,PMXC7,RT
03/13/2025 10:40:00,20.85,0.00,PMXC7,RT
03/13/2025 10:50:00,20.76,0.00,PMXC7,RT
03/13/2025 11:00:00,20.76,0.00,PMXC7,RT
03/13/2025 11:10:00,20.72,0.00,PMXC7,RT
03/13/2025 11:20:00,20.72,0.00,PMXC7,RT
03/13/2025 11:30:00,20.76,0.00,PMXC7,RT
03/13/2025 11:40:00,20.76,0.00,PMXC7,RT
03/13/2025 11:50:00,20.76,0.00,PMXC7,RT
03/13/2025 12:00:00,20.80,0.00,PMXC7,RT
03/13/2025 12:10:00,20.76,0.00,PMXC7,RT
03/13/2025 12:20:00,20.68,0.00,PMXC7,RT
03/13/2025 12:30:00,20.72,0.00,PMXC7,RT
03/13/2025 12:40:00,20.63,0.00,PMXC7,RT
03/13/2025 12:50:00,20.72,0.00,PMXC7,RT
03/13/2025 13:00:00,20.72,0.00,PMXC7,RT
03/13/2025 13:10:00,20.72,0.00,PMXC7,RT
03/13/2025 13:20:00,20.68,0.00,PMXC7,RT
03/13/2025 13:30:00,20.63,0.00,PMXC7,RT
03/13/2025 13:40:00,20.59,0.00,PMXC7,RT
03/13/2025 13:50:00,20.59,0.00,PMXC7,RT
03/13/2025 14:00:00,20.55,0.00,PMXC7,RT
03/13/2025 14:10:00,20.50,0.00,PMXC7,RT
03/13/2025 14:20:00,20.55,0.00,PMXC7,RT
03/13/2025 14:30:00,20.55,0.00,PMXC7,RT
03/13/2025 14:40:00,20.55,0.00,PMXC7,RT
03/13/2025 14:50:00,20.59,0.00,PMXC7,RT
03/13/2025 15:00:00,20.63,0.00,PMXC7,RT
03/13/2025 15:10:00,20.63,0.00,PMXC7,RT
03/13/2025 15:20:00,20.68,0.00,PMXC7,RT
03/13/2025 15:30:00,20.63,0.00,PMXC7,RT
03/13/2025 15:40:00,20.63,0.00,PMXC7,RT
03/13/2025 15:50:00,20.63,0.00,PMXC7,RT
03/13/2025 16:00:00,20.68,0.00,PMXC7,RT
03/13/2025 16:10:00,20.68,0.00,PMXC7,RT
03/13/2025 16:20:00,20.68,0.00,PMXC7,RT
03/13/2025 16:30:00,20.68,0.00,PMXC7,RT
03/13/2025 16:40:00,20.68,0.00,PMXC7,RT
03/13/2025 16:50:00,20.63,0.00,PMXC7,RT
03/13/2025 17:00:00,20.68,0.00,PMXC7,RT
03/13/2025 17:10:00,20.63,0.00,PMXC7,RT
03/13/2025 17:20:00,20.72,0.00,PMXC7,RT
03/13/2025 17:30:00,20.72,0.00,PMXC7,RT
03/13/2025 17:40:00,20.68,0.00,PMXC7,RT
03/13/2025 17:50:00,20.68,0.00,PMXC7,RT
03/13/2025 18:00:00,20.72,0.00,PMXC7,RT
03/13/2025 18:10:00,20.68,0.00,PMXC7,RT
03/13/2025 18:20:00,20.72,0.00,PMXC7,RT
03/13/2025 18:30:00,20.72,0.00,PMXC7,RT
03/13/2025 18:40:00,20.68,0.00,PMXC7,RT
03/13/2025 18:50:00,20.72,0.00,PMXC7,RT
03/13/2025 19:00:00,20.68,0.00,PMXC7,RT
03/13/2025 19:10:00,20.72,0.00,PMXC7,RT
03/13/2025 19:20:00,20.72,0.00,PMXC7,RT
03/13/2025 19:30:00,20.76,0.00,PMXC7,RT
03/13/2025 19:40:00,20.76,0.00,PMXC7,RT
03/13/2025 19:50:00,20.80,0.00,PMXC7,RT
03/13/2025 20:00:00,20.80,0.00,PMXC7,RT
03/13/2025 20:10:00,20.76,0.00,PMXC7,RT
03/13/2025 20:20:00,20.80,0.00,PMXC7,RT
03/13/2025 20:30:00,20.80,0.00,PMXC7,RT
03/13/2025 20:40:00,20.80,0.00,PMXC7,RT
03/13/2025 20:50:00,20.85,0.00,PMXC7,RT
03/13/2025 21:00:00,20.85,0.00,PMXC7,RT
03/13/2025 21:10:00,20.85,0.00,PMXC7,RT
03/13/2025 21:20:00,20.89,0.00,PMXC7,RT
03/13/2025 21:30:00,20.93,0.00,PMXC7,RT
03/13/2025 21:40:00,20.89,0.00,PMXC7,RT
03/13/2025 21:50:00,20.93,0.00,PMXC7,RT
03/13/2025 22:00:00,20.89,0.00,PMXC7,RT
03/13/2025 22:10:00,20.93,0.00,PMXC7,RT
03/13/2025 22:20:00,20.98,0.00,PMXC7,RT
03/13/2025 22:30:00,20.98,0.00,PMXC7,RT
03/13/2025 22:40:00,20.93,0.00,PMXC7,RT
03/13/2025 22:50:00,20.93,0.00,PMXC7,RT
03/13/2025 23:00:00,20.98,0.00,PMXC7,RT
03/13/2025 23:10:00,20.98,0.00,PMXC7,RT
03/13/2025 23:20:00,20.98,0.00,PMXC7,RT
03/13/2025 23:30:00,20.98,0.00,PMXC7,RT
03/13/2025 23:40:00,21.02,0.00,PMXC7,RT
03/13/2025 23:50:00,20.98,0.00,PMXC7,RT
03/14/2025 00:00:00,21.02,0.00,PMXC7,RT
03/14/2025 00:10:00,20.98,0.00,PMXC7,RT
03/14/2025 00:20:00,21.02,0.00,PMXC7,RT
03/14/2025 00:30:00,21.02,0.00,PMXC7,RT
03/14/2025 00:40:00,21.02,0.00,PMXC7,RT
03/14/2025 00:50:00,20.98,0.00,PMXC7,RT
03/14/2025 01:00:00,21.02,0.00,PMXC7,RT
03/14/2025 01:10:00,21.02,0.00,PMXC7,RT
03/14/2025 01:20:00,21.02,0.00,PMXC7,RT
03/14/2025 01:30:00,21.02,0.00,PMXC7,RT
03/14/2025 01:40:00,20.98,0.00,PMXC7,RT
03/14/2025 01:50:00,20.98,0.00,PMXC7,RT
03/14/2025 02:00:00,21.02,0.00,PMXC7,RT
03/14/2025 02:10:00,21.02,0.00,PMXC7,RT
03/14/2025 02:20:00,21.02,0.00,PMXC7,RT
03/14/2025 02:30:00,21.02,0.00,PMXC7,RT
03/14/2025 02:40:00,21.02,0.00,PMXC7,RT
03/14/2025 02:50:00,21.02,0.00,PMXC7,RT
03/14/2025 03:00:00,20.98,0.00,PMXC7,RT
03/14/2025 03:10:00,20.93,0.00,PMXC7,RT
03/14/2025 03:20:00,21.02,0.00,PMXC7,RT
03/14/2025 03:30:00,20.93,0.00,PMXC7,RT
03/14/2025 03:40:00,20.98,0.00,PMXC7,RT
03/14/2025 03:50:00,20.98,0.00,PMXC7,RT
03/14/2025 04:00:00,20.93,0.00,PMXC7,RT
03/14/2025 04:10:00,21.02,0.00,PMXC7,RT
03/14/2025 04:20:00,20.93,0.00,PMXC7,RT
03/14/2025 04:30:00,20.98,0.00,PMXC7,RT
03/14/2025 04:40:00,21.02,0.00,PMXC7,RT
03/14/2025 04:50:00,20.93,0.00,PMXC7,RT
03/14/2025 05:00:00,20.98,0.00,PMXC7,RT
03/14/2025 05:10:00,21.06,0.00,PMXC7,RT
03/14/2025 05:20:00,21.02,0.00,PMXC7,RT
03/14/2025 05:30:00,21.10,0.00,PMXC7,RT
03/14/2025 05:40:00,21.10,0.00,PMXC7,RT
03/14/2025 05:50:00,21.10,0.00,PMXC7,RT
03/14/2025 06:00:00,21.10,0.00,PMXC7,RT
03/14/2025 06:10:00,21.10,0.00,PMXC7,RT
03/14/2025 06:20:00,21.06,0.00,PMXC7,RT
03/14/2025 06:30:00,21.10,0.00,PMXC7,RT
03/14/2025 06:40:00,21.10,0.00,PMXC7,RT
03/14/2025 06:50:00,21.10,0.00,PMXC7,RT
03/14/2025 07:00:00,21.10,0.00,PMXC7,RT
03/14/2025 07:10:00,21.15,0.00,PMXC7,RT
03/14/2025 07:20:00,21.10,0.00,PMXC7,RT
03/14/2025 07:30:00,21.10,0.00,PMXC7,RT
03/14/2025 07:40:00,21.10,0.00,PMXC7,RT
03/14/2025 07:50:00,21.10,0.00,PMXC7,RT
03/14/2025 08:00:00,21.10,0.00,PMXC7,RT
03/14/2025 08:10:00,21.15,0.00,PMXC7,RT
03/14/2025 08:20:00,21.06,0.00,PMXC7,RT
03/14/2025 08:30:00,20.98,0.00,PMXC7,RT
03/14/2025 08:40:00,21.02,0.00,PMXC7,RT
03/14/2025 08:50:00,20.93,0.00,PMXC7,RT
03/14/2025 09:00:00,20.98,0.00,PMXC7,RT
03/14/2025 09:10:00,20.89,0.00,PMXC7,RT
03/14/2025 09:20:00,20.89,0.00,PMXC7,RT
03/14/2025 09:30:00,20.85,0.00,PMXC7,RT
03/14/2025 09:40:00,20.80,0.00,PMXC7,RT
03/14/2025 09:50:00,20.85,0.00,PMXC7,RT
03/14/2025 10:00:00,20.80,0.00,PMXC7,RT
03/14/2025 10:10:00,20.80,0.00,PMXC7,RT
03/14/2025 10:20:00,20.80,0.00,PMXC7,RT
03/14/2025 10:30:00,20.80,0.00,PMXC7,RT
03/14/2025 10:40:00,20.72,0.00,PMXC7,RT
03/14/2025 10:50:00,20.76,0.00,PMXC7,RT
03/14/2025 11:00:00,20.76,0.00,PMXC7,RT
03/14/2025 11:10:00,20.68,0.00,PMXC7,RT
03/14/2025 11:20:00,20.72,0.00,PMXC7,RT
03/14/2025 11:30:00,20.72,0.00,PMXC7,RT
03/14/2025 11:40:00,20.72,0.00,PMXC7,RT
03/14/2025 11:50:00,20.72,0.00,PMXC7,RT
03/14/2025 12:00:00,20.68,0.00,PMXC7,RT
03/14/2025 12:10:00,20.68,0.00,PMXC7,RT
03/14/2025 12:20:00,20.68,0.00,PMXC7,RT
03/14/2025 12:30:00,20.68,0.00,PMXC7,RT
03/14/2025 12:40:00,20.63,0.00,PMXC7,RT
03/14/2025 12:50:00,20.63,0.00,PMXC7,RT
03/14/2025 13:00:00,20.63,0.00,PMXC7,RT
03/14/2025 13:10:00,20.59,0.00,PMXC7,RT
03/14/2025 13:20:00,20.59,0.00,PMXC7,RT
03/14/2025 13:30:00,20.55,0.00,PMXC7,RT
03/14/2025 13:40:00,20.55,0.00,PMXC7,RT
03/14/2025 13:50:00,20.59,0.00,PMXC7,RT
03/14/2025 14:00:00,20.59,0.00,PMXC7,RT
03/14/2025 14:10:00,20.63,0.00,PMXC7,RT
03/14/2025 14:20:00,20.63,0.00,PMXC7,RT
03/14/2025 14:30:00,20.63,0.00,PMXC7,RT
03/14/2025 14:40:00,20.63,0.00,PMXC7,RT
03/14/2025 14:50:00,20.63,0.00,PMXC7,RT
03/14/2025 15:00:00,20.63,0.00,PMXC7,RT
03/14/2025 15:10:00,20.68,0.00,PMXC7,RT
03/14/2025 15:20:00,20.72,0.00,PMXC7,RT
03/14/2025 15:30:00,20.76,0.00,PMXC7,RT
03/14/2025 15:40:00,20.76,0.00,PMXC7,RT
03/14/2025 15:50:00,20.80,0.00,PMXC7,RT
03/14/2025 16:00:00,20.80,0.00,PMXC7,RT
03/14/2025 16:10:00,20.80,0.00,PMXC7,RT
03/14/2025 16:20:00,20.85,0.00,PMXC7,RT
03/14/2025 16:30:00,20.85,0.00,PMXC7,RT
03/14/2025 16:40:00,20.89,0.00,PMXC7,RT
03/14/2025 16:50:00,20.89,0.00,PMXC7,RT
03/14/2025 17:00:00,20.93,0.00,PMXC7,RT
03/14/2025 17:10:00,20.98,0.00,PMXC7,RT
03/14/2025 17:20:00,20.89,0.00,PMXC7,RT
03/14/2025 17:30:00,20.98,0.00,PMXC7,RT
03/14/2025 17:40:00,20.93,0.00,PMXC7,RT
03/14/2025 17:50:00,20.93,0.00,PMXC7,RT
03/14/2025 18:00:00,20.93,0.00,PMXC7,RT
03/14/2025 18:10:00,20.98,0.00,PMXC7,RT
03/14/2025 18:20:00,20.93,0.00,PMXC7,RT
03/14/2025 18:30:00,20.93,0.00,PMXC7,RT
03/14/2025 18:40:00,20.93,0.00,PMXC7,RT
03/14/2025 18:50:00,20.98,0.00,PMXC7,RT
03/14/2025 19:00:00,20.98,0.00,PMXC7,RT
03/14/2025 19:10:00,20.98,0.00,PMXC7,RT
03/14/2025 19:20:00,21.02,0.00,PMXC7,RT
03/14/2025 19:30:00,20.98,0.00,PMXC7,RT
03/14/2025 19:40:00,20.98,0.00,PMXC7,RT
03/14/2025 19:50:00,20.98,0.00,PMXC7,RT
03/14/2025 20:00:00,20.98,0.00,PMXC7,RT
03/14/2025 20:10:00,20.98,0.00,PMXC7,RT
03/14/2025 20:20:00,20.98,0.00,PMXC7,RT
03/14/2025 20:30:00,20.98,0.00,PMXC7,RT
03/14/2025 20:40:00,20.98,0.00,PMXC7,RT
03/14/2025 20:50:00,20.98,0.00,PMXC7,RT
03/14/2025 21:00:00,20.98,0.00,PMXC7,RT
03/14/2025 21:10:00,20.93,0.00,PMXC7,RT
03/14/2025 21:20:00,20.93,0.00,PMXC7,RT
03/14/2025 21:30:00,20.93,0.00,PMXC7,RT
03/14/2025 21:40:00,20.93,0.00,PMXC7,RT
03/14/2025 21:50:00,20.98,0.00,PMXC7,RT
03/14/2025 22:00:00,20.98,0.00,PMXC7,RT
03/14/2025 22:10:00,20.93,0.00,PMXC7,RT
03/14/2025 22:20:00,20.98,0.00,PMXC7,RT
03/14/2025 22:30:00,20.98,0.00,PMXC7,RT
03/14/2025 22:40:00,20.93,0.00,PMXC7,RT
03/14/2025 22:50:00,20.93,0.00,PMXC7,RT
03/14/2025 23:00:00,20.89,0.00,PMXC7,RT
03/14/2025 23:10:00,20.98,0.00,PMXC7,RT
03/14/2025 23:20:00,20.98,0.00,PMXC7,RT
03/14/2025 23:30:00,20.93,0.00,PMXC7,RT
03/14/2025 23:40:00,20.98,0.00,PMXC7,RT
03/14/2025 23:50:00,20.98,0.00,PMXC7,RT
03/15/2025 00:00:00,20.98,0.00,PMXC7,RT
03/15/2025 00:10:00,20.93,0.00,PMXC7,RT
03/15/2025 00:20:00,20.93,0.00,PMXC7,RT
03/15/2025 00:30:00,20.98,0.00,PMXC7,RT
03/15/2025 00:40:00,20.93,0.00,PMXC7,RT
03/15/2025 00:50:00,20.98,0.00,PMXC7,RT
03/15/2025 01:00:00,20.98,0.00,PMXC7,RT
03/15/2025 01:10:00,20.98,0.00,PMXC7,RT
03/15/2025 01:20:00,21.02,0.00,PMXC7,RT
03/15/2025 01:30:00,21.02,0.00,PMXC7,RT
03/15/2025 01:40:00,21.02,0.00,PMXC7,RT
03/15/2025 01:50:00,21.02,0.00,PMXC7,RT
03/15/2025 02:00:00,21.02,0.00,PMXC7,RT
03/15/2025 02:10:00,21.02,0.00,PMXC7,RT
03/15/2025 02:20:00,21.02,0.00,PMXC7,RT
03/15/2025 02:30:00,21.02,0.00,PMXC7,RT
03/15/2025 02:40:00,21.02,0.00,PMXC7,RT
03/15/2025 02:50:00,21.10,0.00,PMXC7,RT
03/15/2025 03:00:00,21.10,0.00,PMXC7,RT
03/15/2025 03:10:00,21.06,0.00,PMXC7,RT
03/15/2025 03:20:00,21.06,0.00,PMXC7,RT
03/15/2025 03:30:00,21.10,0.00,PMXC7,RT
03/15/2025 03:40:00,21.06,0.00,PMXC7,RT
03/15/2025 03:50:00,21.10,0.00,PMXC7,RT
03/15/2025 04:00:00,21.06,0.00,PMXC7,RT
03/15/2025 04:10:00,21.06,0.00,PMXC7,RT
03/15/2025 04:20:00,21.10,0.00,PMXC7,RT
03/15/2025 04:30:00,21.02,0.00,PMXC7,RT
03/15/2025 04:40:00,21.06,0.00,PMXC7,RT
03/15/2025 04:50:00,21.06,0.00,PMXC7,RT
03/15/2025 05:00:00,21.10,0.00,PMXC7,RT
03/15/2025 05:10:00,21.10,0.00,PMXC7,RT
03/15/2025 05:20:00,21.10,0.00,PMXC7,RT
03/15/2025 05:30:00,21.10,0.00,PMXC7,RT
03/15/2025 05:40:00,21.10,0.00,PMXC7,RT
03/15/2025 05:50:00,21.10,0.00,PMXC7,RT
03/15/2025 06:00:00,21.10,0.00,PMXC7,RT
03/15/2025 06:10:00,21.15,0.00,PMXC7,RT
03/15/2025 06:20:00,21.10,0.00,PMXC7,RT
03/15/2025 06:30:00,21.10,0.00,PMXC7,RT
03/15/2025 06:40:00,21.15,0.00,PMXC7,RT
03/15/2025 06:50:00,21.15,0.00,PMXC7,RT
03/15/2025 07:00:00,21.10,0.00,PMXC7,RT
03/15/2025 07:10:00,21.15,0.00,PMXC7,RT
03/15/2025 07:20:00,21.19,0.00,PMXC7,RT
03/15/2025 07:30:00,21.15,0.00,PMXC7,RT
03/15/2025 07:40:00,21.15,0.00,PMXC7,RT
03/15/2025 07:50:00,21.15,0.00,PMXC7,RT
03/15/2025 08:00:00,21.15,0.00,PMXC7,RT
03/15/2025 08:10:00,21.19,0.00,PMXC7,RT
03/15/2025 08:20:00,21.15,0.00,PMXC7,RT
03/15/2025 08:30:00,21.19,0.00,PMXC7,RT
03/15/2025 08:40:00,21.19,0.00,PMXC7,RT
03/15/2025 08:50:00,21.19,0.00,PMXC7,RT
03/15/2025 09:00:00,21.23,0.00,PMXC7,RT
03/15/2025 09:10:00,21.15,0.00,PMXC7,RT
03/15/2025 09:20:00,21.15,0.00,PMXC7,RT
03/15/2025 09:30:00,21.15,0.00,PMXC7,RT
03/15/2025 09:40:00,21.19,0.00,PMXC7,RT
03/15/2025 09:50:00,21.23,0.00,PMXC7,RT
03/15/2025 10:00:00,21.15,0.00,PMXC7,RT
03/15/2025 10:10:00,21.19,0.00,PMXC7,RT
03/15/2025 10:20:00,21.19,0.00,PMXC7,RT
03/15/2025 10:30:00,21.19,0.00,PMXC7,RT
03/15/2025 10:40:00,21.15,0.00,PMXC7,RT
03/15/2025 10:50:00,21.19,0.00,PMXC7,RT
03/15/2025 11:00:00,21.19,0.00,PMXC7,RT
03/15/2025 11:10:00,21.06,162.60,PMXC7,RT
03/15/2025 11:20:00,21.06,162.60,PMXC7,RT
03/15/2025 11:30:00,21.06,162.60,PMXC7,RT
03/15/2025 11:40:00,21.02,162.60,PMXC7,RT
03/15/2025 11:50:00,21.06,0.00,PMXC7,RT
03/15/2025 12:00:00,21.15,0.00,PMXC7,RT
03/15/2025 12:10:00,21.15,0.00,PMXC7,RT
03/15/2025 12:20:00,21.06,0.00,PMXC7,RT
03/15/2025 12:30:00,21.02,0.00,PMXC7,RT
03/15/2025 12:40:00,20.98,0.00,PMXC7,RT
03/15/2025 12:50:00,20.98,0.00,PMXC7,RT
03/15/2025 13:00:00,21.06,0.00,PMXC7,RT
03/15/2025 13:10:00,21.02,0.00,PMXC7,RT
03/15/2025 13:20:00,20.98,0.00,PMXC7,RT
03/15/2025 13:30:00,21.02,0.00,PMXC7,RT
03/15/2025 13:40:00,20.93,0.00,PMXC7,RT
03/15/2025 13:50:00,20.93,0.00,PMXC7,RT
03/15/2025 14:00:00,21.02,0.00,PMXC7,RT
03/15/2025 14:10:00,20.98,0.00,PMXC7,RT
03/15/2025 14:20:00,20.98,0.00,PMXC7,RT
03/15/2025 14:30:00,20.93,0.00,PMXC7,RT
03/15/2025 14:40:00,21.02,0.00,PMXC7,RT
03/15/2025 14:50:00,20.98,0.00,PMXC7,RT
03/15/2025 15:00:00,20.98,0.00,PMXC7,RT
03/15/2025 15:10:00,20.98,0.00,PMXC7,RT
03/15/2025 15:20:00,20.98,0.00,PMXC7,RT
03/15/2025 15:30:00,20.98,0.00,PMXC7,RT
03/15/2025 15:40:00,21.02,0.00,PMXC7,RT
03/15/2025 15:50:00,21.02,0.00,PMXC7,RT
03/15/2025 16:00:00,21.02,0.00,PMXC7,RT
03/15/2025 16:10:00,21.02,0.00,PMXC7,RT
03/15/2025 16:20:00,20.98,0.00,PMXC7,RT
03/15/2025 16:30:00,21.02,0.00,PMXC7,RT
03/15/2025 16:40:00,21.02,0.00,PMXC7,RT
03/15/2025 16:50:00,21.02,0.00,PMXC7,RT
03/15/2025 17:00:00,21.02,0.00,PMXC7,RT
03/15/2025 17:10:00,21.02,0.00,PMXC7,RT
03/15/2025 17:20:00,21.02,0.00,PMXC7,RT
03/15/2025 17:30:00,21.06,0.00,PMXC7,RT
03/15/2025 17:40:00,21.10,0.00,PMXC7,RT
03/15/2025 17:50:00,21.06,0.00,PMXC7,RT
03/15/2025 18:00:00,21.06,0.00,PMXC7,RT
03/15/2025 18:10:00,21.06,0.00,PMXC7,RT
03/15/2025 18:20:00,21.10,0.00,PMXC7,RT
03/15/2025 18:30:00,21.10,0.00,PMXC7,RT
03/15/2025 18:40:00,21.06,0.00,PMXC7,RT
03/15/2025 18:50:00,21.10,0.00,PMXC7,RT
03/15/2025 19:00:00,21.15,0.00,PMXC7,RT
03/15/2025 19:10:00,21.15,0.00,PMXC7,RT
03/15/2025 19:20:00,21.19,0.00,PMXC7,RT
03/15/2025 19:30:00,21.15,0.00,PMXC7,RT
03/15/2025 19:40:00,21.15,0.00,PMXC7,RT
03/15/2025 19:50:00,21.15,0.00,PMXC7,RT
03/15/2025 20:00:00,21.15,0.00,PMXC7,RT
03/15/2025 20:10:00,21.15,0.00,PMXC7,RT
03/15/2025 20:20:00,21.19,0.00,PMXC7,RT
03/15/2025 20:30:00,21.19,0.00,PMXC7,RT
03/15/2025 20:40:00,21.15,0.00,PMXC7,RT
03/15/2025 20:50:00,21.19,0.00,PMXC7,RT
03/15/2025 21:00:00,21.15,0.00,PMXC7,RT
03/15/2025 21:10:00,21.15,0.00,PMXC7,RT
03/15/2025 21:20:00,21.15,0.00,PMXC7,RT
03/15/2025 21:30:00,21.19,0.00,PMXC7,RT
03/15/2025 21:40:00,21.19,0.00,PMXC7,RT
03/15/2025 21:50:00,21.15,0.00,PMXC7,RT
03/15/2025 22:00:00,21.19,0.00,PMXC7,RT
03/15/2025 22:10:00,21.19,0.00,PMXC7,RT
03/15/2025 22:20:00,21.15,0.00,PMXC7,RT
03/15/2025 22:30:00,21.15,0.00,PMXC7,RT
03/15/2025 22:40:00,21.15,0.00,PMXC7,RT
03/15/2025 22:50:00,21.15,0.00,PMXC7,RT
03/15/2025 23:00:00,21.19,0.00,PMXC7,RT
03/15/2025 23:10:00,21.15,0.00,PMXC7,RT
03/15/2025 23:20:00,21.15,0.00,PMXC7,RT
03/15/2025 23:30:00,21.15,0.00,PMXC7,RT
03/15/2025 23:40:00,21.15,0.00,PMXC7,RT
03/15/2025 23:50:00,21.15,0.00,PMXC7,RT
03/16/2025 00:00:00,21.15,0.00,PMXC7,RT
03/16/2025 00:10:00,21.15,0.00,PMXC7,RT
03/16/2025 00:20:00,21.15,0.00,PMXC7,RT
03/16/2025 00:30:00,21.19,0.00,PMXC7,RT
03/16/2025 00:40:00,21.15,0.00,PMXC7,RT
03/16/2025 00:50:00,21.19,0.00,PMXC7,RT
03/16/2025 01:00:00,21.19,0.00,PMXC7,RT
03/16/2025 01:10:00,21.23,0.00,PMXC7,RT
03/16/2025 01:20:00,21.15,0.00,PMXC7,RT
03/16/2025 01:30:00,21.15,0.00,PMXC7,RT
03/16/2025 01:40:00,21.15,0.00,PMXC7,RT
03/16/2025 01:50:00,21.19,0.00,PMXC7,RT
03/16/2025 02:00:00,21.15,0.00,PMXC7,RT
03/16/2025 02:10:00,21.19,0.00,PMXC7,RT
03/16/2025 02:20:00,21.15,0.00,PMXC7,RT
03/16/2025 02:30:00,21.19,0.00,PMXC7,RT
03/16/2025 02:40:00,21.19,0.00,PMXC7,RT
03/16/2025 02:50:00,21.19,0.00,PMXC7,RT
03/16/2025 03:00:00,21.15,0.00,PMXC7,RT
03/16/2025 03:10:00,21.19,0.00,PMXC7,RT
03/16/2025 03:20:00,21.19,0.00,PMXC7,RT
03/16/2025 03:30:00,21.19,0.00,PMXC7,RT
03/16/2025 03:40:00,21.19,0.00,PMXC7,RT
03/16/2025 03:50:00,21.19,0.00,PMXC7,RT
03/16/2025 04:00:00,21.19,0.00,PMXC7,RT
03/16/2025 04:10:00,21.19,0.00,PMXC7,RT
03/16/2025 04:20:00,21.19,0.00,PMXC7,RT
03/16/2025 04:30:00,21.19,0.00,PMXC7,RT
03/16/2025 04:40:00,21.15,0.00,PMXC7,RT
03/16/2025 04:50:00,21.15,0.00,PMXC7,RT
03/16/2025 05:00:00,21.19,0.00,PMXC7,RT
03/16/2025 05:10:00,21.15,0.00,PMXC7,RT
03/16/2025 05:20:00,21.19,0.00,PMXC7,RT
03/16/2025 05:30:00,21.15,0.00,PMXC7,RT
03/16/2025 05:40:00,21.15,0.00,PMXC7,RT
03/16/2025 05:50:00,21.19,0.00,PMXC7,RT
03/16/2025 06:00:00,21.15,0.00,PMXC7,RT
03/16/2025 06:10:00,21.19,0.00,PMXC7,RT
03/16/2025 06:20:00,21.19,0.00,PMXC7,RT
03/16/2025 06:30:00,21.19,0.00,PMXC7,RT
03/16/2025 06:40:00,21.15,0.00,PMXC7,RT
03/16/2025 06:50:00,21.19,0.00,PMXC7,RT
03/16/2025 07:00:00,21.19,0.00,PMXC7,RT
03/16/2025 07:10:00,21.19,0.00,PMXC7,RT
03/16/2025 07:20:00,21.19,0.00,PMXC7,RT
03/16/2025 07:30:00,21.19,0.00,PMXC7,RT
03/16/2025 07:40:00,21.15,0.00,PMXC7,RT
03/16/2025 07:50:00,21.19,0.00,PMXC7,RT
03/16/2025 08:00:00,21.19,0.00,PMXC7,RT
03/16/2025 08:10:00,21.19,0.00,PMXC7,RT
03/16/2025 08:20:00,21.23,0.00,PMXC7,RT
03/16/2025 08:30:00,21.15,0.00,PMXC7,RT
03/16/2025 08:40:00,21.19,0.00,PMXC7,RT
03/16/2025 08:50:00,21.19,0.00,PMXC7,RT
03/16/2025 09:00:00,21.19,0.00,PMXC7,RT
03/16/2025 09:10:00,21.15,0.00,PMXC7,RT
03/16/2025 09:20:00,21.19,0.00,PMXC7,RT
03/16/2025 09:30:00,21.19,0.00,PMXC7,RT
03/16/2025 09:40:00,21.15,0.00,PMXC7,RT
03/16/2025 09:50:00,21.15,0.00,PMXC7,RT
03/16/2025 10:00:00,21.19,0.00,PMXC7,RT
03/16/2025 10:10:00,21.15,0.00,PMXC7,RT
03/16/2025 10:20:00,21.15,0.00,PMXC7,RT
03/16/2025 10:30:00,21.15,0.00,PMXC7,RT
03/16/2025 10:40:00,21.19,0.00,PMXC7,RT
03/16/2025 10:50:00,21.15,0.00,PMXC7,RT
03/16/2025 11:00:00,21.19,0.00,PMXC7,RT
03/16/2025 11:10:00,21.19,0.00,PMXC7,RT
03/16/2025 11:20:00,21.19,0.00,PMXC7,RT
03/16/2025 11:30:00,21.15,0.00,PMXC7,RT
03/16/2025 11:40:00,21.15,0.00,PMXC7,RT
03/16/2025 11:50:00,21.19,0.00,PMXC7,RT
03/16/2025 12:00:00,21.15,0.00,PMXC7,RT
03/16/2025 12:10:00,21.19,0.00,PMXC7,RT
03/16/2025 12:20:00,21.15,0.00,PMXC7,RT
03/16/2025 12:30:00,21.19,0.00,PMXC7,RT
03/16/2025 12:40:00,21.19,0.00,PMXC7,RT
03/16/2025 12:50:00,21.19,0.00,PMXC7,RT
03/16/2025 13:00:00,21.19,0.00,PMXC7,RT
03/16/2025 13:10:00,21.19,0.00,PMXC7,RT
03/16/2025 13:20:00,21.19,0.00,PMXC7,RT
03/16/2025 13:30:00,21.19,0.00,PMXC7,RT
03/16/2025 13:40:00,21.19,0.00,PMXC7,RT
03/16/2025 13:50:00,21.19,0.00,PMXC7,RT
03/16/2025 14:00:00,21.23,0.00,PMXC7,RT
03/16/2025 14:10:00,21.19,0.00,PMXC7,RT
03/16/2025 14:20:00,21.19,0.00,PMXC7,RT
03/16/2025 14:30:00,21.19,0.00,PMXC7,RT
03/16/2025 14:40:00,21.19,0.00,PMXC7,RT
03/16/2025 14:50:00,21.19,0.00,PMXC7,RT
03/16/2025 15:00:00,21.23,0.00,PMXC7,RT
03/16/2025 15:10:00,21.15,0.00,PMXC7,RT
03/16/2025 15:20:00,21.19,0.00,PMXC7,RT
03/16/2025 15:30:00,21.23,0.00,PMXC7,RT
03/16/2025 15:40:00,21.23,0.00,PMXC7,RT
03/16/2025 15:50:00,21.19,0.00,PMXC7,RT
03/16/2025 16:00:00,21.19,0.00,PMXC7,RT
03/16/2025 16:10:00,21.23,0.00,PMXC7,RT
03/16/2025 16:20:00,21.23,0.00,PMXC7,RT
03/16/2025 16:30:00,21.23,0.00,PMXC7,RT
03/16/2025 16:40:00,21.23,0.00,PMXC7,RT
03/16/2025 16:50:00,21.28,0.00,PMXC7,RT
03/16/2025 17:00:00,21.28,0.00,PMXC7,RT
03/16/2025 17:10:00,21.23,0.00,PMXC7,RT
03/16/2025 17:20:00,21.28,0.00,PMXC7,RT
03/16/2025 17:30:00,21.28,0.00,PMXC7,RT
03/16/2025 17:40:00,21.28,0.00,PMXC7,RT
03/16/2025 17:50:00,21.32,0.00,PMXC7,RT
03/16/2025 18:00:00,21.28,0.00,PMXC7,RT
03/16/2025 18:10:00,21.32,0.00,PMXC7,RT
03/16/2025 18:20:00,21.32,0.00,PMXC7,RT
03/16/2025 18:30:00,21.32,0.00,PMXC7,RT
03/16/2025 18:40:00,21.36,0.00,PMXC7,RT
03/16/2025 18:50:00,21.36,0.00,PMXC7,RT
03/16/2025 19:00:00,21.40,0.00,PMXC7,RT
03/16/2025 19:10:00,21.36,0.00,PMXC7,RT
03/16/2025 19:20:00,21.36,0.00,PMXC7,RT
03/16/2025 19:30:00,21.40,0.00,PMXC7,RT
03/16/2025 19:40:00,21.45,0.00,PMXC7,RT
03/16/2025 19:50:00,21.45,0.00,PMXC7,RT
03/16/2025 20:00:00,21.40,0.00,PMXC7,RT
03/16/2025 20:10:00,21.40,0.00,PMXC7,RT
03/16/2025 20:20:00,21.36,0.00,PMXC7,RT
03/16/2025 20:30:00,21.36,0.00,PMXC7,RT
03/16/2025 20:40:00,21.40,0.00,PMXC7,RT
03/16/2025 20:50:00,21.32,0.00,PMXC7,RT
03/16/2025 21:00:00,21.32,0.00,PMXC7,RT
03/16/2025 21:10:00,21.32,0.00,PMXC7,RT
03/16/2025 21:20:00,21.28,0.00,PMXC7,RT
03/16/2025 21:30:00,21.32,0.00,PMXC7,RT
03/16/2025 21:40:00,21.28,0.00,PMXC7,RT
03/16/2025 21:50:00,21.32,0.00,PMXC7,RT
03/16/2025 22:00:00,21.36,0.00,PMXC7,RT
03/16/2025 22:10:00,21.32,0.00,PMXC7,RT
03/16/2025 22:20:00,21.36,0.00,PMXC7,RT
03/16/2025 22:30:00,21.36,0.00,PMXC7,RT
03/16/2025 22:40:00,21.32,0.00,PMXC7,RT
03/16/2025 22:50:00,21.36,0.00,PMXC7,RT
03/16/2025 23:00:00,21.40,0.00,PMXC7,RT
03/16/2025 23:10:00,21.32,0.00,PMXC7,RT
03/16/2025 23:20:00,21.36,0.00,PMXC7,RT
03/16/2025 23:30:00,21.36,0.00,PMXC7,RT
03/16/2025 23:40:00,21.36,0.00,PMXC7,RT
03/16/2025 23:50:00,21.36,0.00,PMXC7,RT
03/17/2025 00:00:00,21.36,0.00,PMXC7,RT
03/17/2025 00:10:00,21.36,0.00,PMXC7,RT
03/17/2025 00:20:00,21.32,0.00,PMXC7,RT
03/17/2025 00:30:00,21.36,0.00,PMXC7,RT
03/17/2025 00:40:00,21.36,0.00,PMXC7,RT
03/17/2025 00:50:00,21.36,0.00,PMXC7,RT
03/17/2025 01:00:00,21.36,0.00,PMXC7,RT
03/17/2025 01:10:00,21.32,0.00,PMXC7,RT
03/17/2025 01:20:00,21.32,0.00,PMXC7,RT
03/17/2025 01:30:00,21.32,0.00,PMXC7,RT
03/17/2025 01:40:00,21.40,0.00,PMXC7,RT
03/17/2025 01:50:00,21.32,0.00,PMXC7,RT
03/17/2025 02:00:00,21.32,0.00,PMXC7,RT
03/17/2025 02:10:00,21.36,0.00,PMXC7,RT
03/17/2025 02:20:00,21.32,0.00,PMXC7,RT
03/17/2025 02:30:00,21.32,0.00,PMXC7,RT
03/17/2025 02:40:00,21.32,0.00,PMXC7,RT
03/17/2025 02:50:00,21.28,0.00,PMXC7,RT
03/17/2025 03:00:00,21.28,0.00,PMXC7,RT
03/17/2025 03:10:00,21.28,0.00,PMXC7,RT
03/17/2025 03:20:00,21.28,0.00,PMXC7,RT
03/17/2025 03:30:00,21.32,0.00,PMXC7,RT
03/17/2025 03:40:00,21.28,0.00,PMXC7,RT
03/17/2025 03:50:00,21.28,0.00,PMXC7,RT
03/17/2025 04:00:00,21.28,0.00,PMXC7,RT
03/17/2025 04:10:00,21.28,0.00,PMXC7,RT
03/17/2025 04:20:00,21.23,0.00,PMXC7,RT
03/17/2025 04:30:00,21.19,0.00,PMXC7,RT
03/17/2025 04:40:00,21.28,0.00,PMXC7,RT
03/17/2025 04:50:00,21.28,0.00,PMXC7,RT
03/17/2025 05:00:00,21.23,0.00,PMXC7,RT
03/17/2025 05:10:00,21.23,0.00,PMXC7,RT
03/17/2025 05:20:00,21.28,0.00,PMXC7,RT
03/17/2025 05:30:00,21.23,0.00,PMXC7,RT
03/17/2025 05:40:00,21.23,0.00,PMXC7,RT
03/17/2025 05:50:00,21.28,0.00,PMXC7,RT
03/17/2025 06:00:00,21.23,0.00,PMXC7,RT
03/17/2025 06:10:00,21.28,0.00,PMXC7,RT
03/17/2025 06:20:00,21.28,0.00,PMXC7,RT
03/17/2025 06:30:00,21.28,0.00,PMXC7,RT
03/17/2025 06:40:00,21.28,0.00,PMXC7,RT
03/17/2025 06:50:00,21.28,0.00,PMXC7,RT
03/17/2025 07:00:00,21.28,0.00,PMXC7,RT
03/17/2025 07:10:00,21.32,0.00,PMXC7,RT
03/17/2025 07:20:00,21.28,0.00,PMXC7,RT
03/17/2025 07:30:00,21.23,0.00,PMXC7,RT
03/17/2025 07:40:00,21.28,0.00,PMXC7,RT
03/17/2025 07:50:00,21.23,0.00,PMXC7,RT
03/17/2025 08:00:00,21.23,0.00,PMXC7,RT
03/17/2025 08:10:00,21.28,0.00,PMXC7,RT
03/17/2025 08:20:00,21.28,0.00,PMXC7,RT
03/17/2025 08:30:00,21.28,0.00,PMXC7,RT
03/17/2025 08:40:00,21.28,0.00,PMXC7,RT
03/17/2025 08:50:00,21.23,0.00,PMXC7,RT
03/17/2025 09:00:00,21.23,0.00,PMXC7,RT
03/17/2025 09:10:00,21.23,0.00,PMXC7,RT
03/17/2025 09:20:00,21.28,0.00,PMXC7,RT
03/17/2025 09:30:00,21.19,0.00,PMXC7,RT
03/17/2025 09:40:00,21.19,0.00,PMXC7,RT
03/17/2025 09:50:00,21.19,0.00,PMXC7,RT
03/17/2025 10:00:00,21.19,0.00,PMXC7,RT
03/17/2025 10:10:00,21.19,0.00,PMXC7,RT
03/17/2025 10:20:00,21.23,0.00,PMXC7,RT
03/17/2025 10:30:00,21.23,0.00,PMXC7,RT
03/17/2025 10:40:00,21.23,0.00,PMXC7,RT
03/17/2025 10:50:00,21.15,0.00,PMXC7,RT
03/17/2025 11:00:00,21.15,0.00,PMXC7,RT
03/17/2025 11:10:00,21.15,0.00,PMXC7,RT
03/17/2025 11:20:00,21.15,0.00,PMXC7,RT
03/17/2025 11:30:00,21.15,0.00,PMXC7,RT
03/17/2025 11:40:00,21.19,0.00,PMXC7,RT
03/17/2025 11:50:00,21.23,0.00,PMXC7,RT
03/17/2025 12:00:00,21.19,0.00,PMXC7,RT
03/17/2025 12:10:00,21.15,0.00,PMXC7,RT
03/17/2025 12:20:00,21.19,0.00,PMXC7,RT
03/17/2025 12:30:00,21.19,0.00,PMXC7,RT
03/17/2025 12:40:00,21.19,0.00,PMXC7,RT
03/17/2025 12:50:00,21.19,0.00,PMXC7,RT
03/17/2025 13:00:00,21.15,0.00,PMXC7,RT
03/17/2025 13:10:00,21.06,0.00,PMXC7,RT
03/17/2025 13:20:00,21.06,0.00,PMXC7,RT
03/17/2025 13:30:00,21.06,0.00,PMXC7,RT
03/17/2025 13:40:00,21.06,0.00,PMXC7,RT
03/17/2025 13:50:00,20.98,0.00,PMXC7,RT
03/17/2025 14:00:00,20.98,0.00,PMXC7,RT
03/17/2025 14:10:00,20.98,0.00,PMXC7,RT
03/17/2025 14:20:00,20.93,0.00,PMXC7,RT
03/17/2025 14:30:00,20.89,0.00,PMXC7,RT
03/17/2025 14:40:00,20.89,0.00,PMXC7,RT
03/17/2025 14:50:00,20.89,0.00,PMXC7,RT
03/17/2025 15:00:00,20.85,0.00,PMXC7,RT
03/17/2025 15:10:00,20.80,0.00,PMXC7,RT
03/17/2025 15:20:00,20.85,0.00,PMXC7,RT
03/17/2025 15:30:00,20.76,0.00,PMXC7,RT
03/17/2025 15:40:00,20.76,0.00,PMXC7,RT
03/17/2025 15:50:00,20.76,0.00,PMXC7,RT
03/17/2025 16:00:00,20.72,0.00,PMXC7,RT
03/17/2025 16:10:00,20.76,0.00,PMXC7,RT
03/17/2025 16:20:00,20.76,0.00,PMXC7,RT
03/17/2025 16:30:00,20.76,0.00,PMXC7,RT
03/17/2025 16:40:00,20.76,0.00,PMXC7,RT
03/17/2025 16:50:00,20.85,0.00,PMXC7,RT
03/17/2025 17:00:00,20.80,0.00,PMXC7,RT
03/17/2025 17:10:00,20.85,0.00,PMXC7,RT
03/17/2025 17:20:00,20.80,0.00,PMXC7,RT
03/17/2025 17:30:00,20.80,0.00,PMXC7,RT
03/17/2025 17:40:00,20.80,0.00,PMXC7,RT
03/17/2025 17:50:00,20.85,0.00,PMXC7,RT
03/17/2025 18:00:00,20.85,0.00,PMXC7,RT
03/17/2025 18:10:00,20.85,0.00,PMXC7,RT
03/17/2025 18:20:00,20.85,0.00,PMXC7,RT
03/17/2025 18:30:00,20.85,0.00,PMXC7,RT
03/17/2025 18:40:00,20.89,0.00,PMXC7,RT
03/17/2025 18:50:00,20.93,0.00,PMXC7,RT
03/17/2025 19:00:00,20.89,0.00,PMXC7,RT
03/17/2025 19:10:00,20.93,0.00,PMXC7,RT
03/17/2025 19:20:00,20.98,0.00,PMXC7,RT
03/17/2025 19:30:00,20.98,0.00,PMXC7,RT
03/17/2025 19:40:00,20.98,0.00,PMXC7,RT
03/17/2025 19:50:00,20.98,0.00,PMXC7,RT
03/17/2025 20:00:00,20.98,0.00,PMXC7,RT
03/17/2025 20:10:00,20.98,0.00,PMXC7,RT
03/17/2025 20:20:00,21.02,0.00,PMXC7,RT
03/17/2025 20:30:00,21.02,0.00,PMXC7,RT
03/17/2025 20:40:00,20.98,0.00,PMXC7,RT
03/17/2025 20:50:00,20.98,0.00,PMXC7,RT
03/17/2025 21:00:00,20.93,0.00,PMXC7,RT
03/17/2025 21:10:00,21.02,0.00,PMXC7,RT
03/17/2025 21:20:00,20.93,0.00,PMXC7,RT
03/17/2025 21:30:00,20.98,0.00,PMXC7,RT
03/17/2025 21:40:00,20.98,0.00,PMXC7,RT
03/17/2025 21:50:00,20.98,0.00,PMXC7,RT
03/17/2025 22:00:00,20.98,0.00,PMXC7,RT
03/17/2025 22:10:00,20.98,0.00,PMXC7,RT
03/17/2025 22:20:00,21.02,0.00,PMXC7,RT
03/17/2025 22:30:00,20.98,0.00,PMXC7,RT
03/17/2025 22:40:00,21.02,0.00,PMXC7,RT
03/17/2025 22:50:00,21.02,0.00,PMXC7,RT
03/17/2025 23:00:00,21.06,0.00,PMXC7,RT
03/17/2025 23:10:00,21.06,0.00,PMXC7,RT
03/17/2025 23:20:00,21.02,0.00,PMXC7,RT
03/17/2025 23:30:00,21.02,0.00,PMXC7,RT
03/17/2025 23:40:00,21.06,0.00,PMXC7,RT
03/17/2025 23:50:00,21.06,0.00,PMXC7,RT
03/18/2025 00:00:00,21.02,0.00,PMXC7,RT
03/18/2025 00:10:00,21.10,0.00,PMXC7,RT
03/18/2025 00:20:00,21.06,0.00,PMXC7,RT
03/18/2025 00:30:00,21.06,0.00,PMXC7,RT
03/18/2025 00:40:00,21.10,0.00,PMXC7,RT
03/18/2025 00:50:00,21.06,0.00,PMXC7,RT
03/18/2025 01:00:00,21.06,0.00,PMXC7,RT
03/18/2025 01:10:00,21.06,0.00,PMXC7,RT
03/18/2025 01:20:00,21.02,0.00,PMXC7,RT
03/18/2025 01:30:00,21.06,0.00,PMXC7,RT
03/18/2025 01:40:00,21.02,0.00,PMXC7,RT
03/18/2025 01:50:00,21.02,0.00,PMXC7,RT
03/18/2025 02:00:00,21.06,0.00,PMXC7,RT
03/18/2025 02:10:00,21.02,0.00,PMXC7,RT
03/18/2025 02:20:00,20.98,0.00,PMXC7,RT
03/18/2025 02:30:00,21.02,0.00,PMXC7,RT
03/18/2025 02:40:00,20.98,0.00,PMXC7,RT
03/18/2025 02:50:00,21.06,0.00,PMXC7,RT
03/18/2025 03:00:00,21.02,0.00,PMXC7,RT
03/18/2025 03:10:00,21.02,0.00,PMXC7,RT
03/18/2025 03:20:00,20.98,0.00,PMXC7,RT
03/18/2025 03:30:00,21.02,0.00,PMXC7,RT
03/18/2025 03:40:00,21.02,0.00,PMXC7,RT
03/18/2025 03:50:00,21.02,0.00,PMXC7,RT
03/18/2025 04:00:00,21.02,0.00,PMXC7,RT
03/18/2025 04:10:00,21.02,0.00,PMXC7,RT
03/18/2025 04:20:00,20.98,0.00,PMXC7,RT
03/18/2025 04:30:00,21.02,0.00,PMXC7,RT
03/18/2025 04:40:00,21.02,0.00,PMXC7,RT
03/18/2025 04:50:00,21.02,0.00,PMXC7,RT
03/18/2025 05:00:00,21.02,0.00,PMXC7,RT
03/18/2025 05:10:00,21.06,0.00,PMXC7,RT
03/18/2025 05:20:00,21.06,0.00,PMXC7,RT
03/18/2025 05:30:00,21.06,0.00,PMXC7,RT
03/18/2025 05:40:00,21.02,0.00,PMXC7,RT
03/18/2025 05:50:00,21.02,0.00,PMXC7,RT
03/18/2025 06:00:00,21.06,0.00,PMXC7,RT
03/18/2025 06:10:00,21.06,0.00,PMXC7,RT
03/18/2025 06:20:00,21.06,0.00,PMXC7,RT
03/18/2025 06:30:00,21.06,0.00,PMXC7,RT
03/18/2025 06:40:00,21.06,0.00,PMXC7,RT
03/18/2025 06:50:00,21.10,0.00,PMXC7,RT
03/18/2025 07:00:00,21.06,0.00,PMXC7,RT
03/18/2025 07:10:00,21.10,0.00,PMXC7,RT
03/18/2025 07:20:00,21.10,0.00,PMXC7,RT
03/18/2025 07:30:00,21.06,0.00,PMXC7,RT
03/18/2025 07:40:00,21.06,0.00,PMXC7,RT
03/18/2025 07:50:00,21.10,0.00,PMXC7,RT
03/18/2025 08:00:00,21.06,0.00,PMXC7,RT
03/18/2025 08:10:00,21.10,0.00,PMXC7,RT
03/18/2025 08:20:00,21.10,0.00,PMXC7,RT
03/18/2025 08:30:00,21.10,0.00,PMXC7,RT
03/18/2025 08:40:00,21.10,0.00,PMXC7,RT
03/18/2025 08:50:00,21.06,0.00,PMXC7,RT
03/18/2025 09:00:00,21.10,0.00,PMXC7,RT
03/18/2025 09:10:00,21.10,0.00,PMXC7,RT
03/18/2025 09:20:00,21.10,0.00,PMXC7,RT
03/18/2025 09:30:00,21.06,0.00,PMXC7,RT
03/18/2025 09:40:00,21.10,0.00,PMXC7,RT
03/18/2025 09:50:00,21.02,0.00,PMXC7,RT
03/18/2025 10:00:00,21.02,0.00,PMXC7,RT
03/18/2025 10:10:00,20.98,0.00,PMXC7,RT
03/18/2025 10:20:00,21.02,0.00,PMXC7,RT
03/18/2025 10:30:00,20.98,0.00,PMXC7,RT
03/18/2025 10:40:00,20.93,0.00,PMXC7,RT
03/18/2025 10:50:00,20.93,0.00,PMXC7,RT
03/18/2025 11:00:00,20.89,161.76,PMXC7,RT
03/18/2025 11:10:00,20.85,164.24,PMXC7,RT
03/18/2025 11:20:00,20.85,164.24,PMXC7,RT
03/18/2025 11:30:00,20.85,164.24,PMXC7,RT
03/18/2025 11:40:00,20.85,164.24,PMXC7,RT
03/18/2025 11:50:00,20.85,0.00,PMXC7,RT
03/18/2025 12:00:00,21.02,0.00,PMXC7,RT
03/18/2025 12:10:00,20.98,0.00,PMXC7,RT
03/18/2025 12:20:00,20.98,0.00,PMXC7,RT
03/18/2025 12:30:00,20.98,0.00,PMXC7,RT
03/18/2025 12:40:00,20.85,0.00,PMXC7,RT
03/18/2025 12:50:00,20.85,0.00,PMXC7,RT
03/18/2025 13:00:00,20.80,0.00,PMXC7,RT
03/18/2025 13:10:00,20.76,0.00,PMXC7,RT
03/18/2025 13:20:00,20.68,0.00,PMXC7,RT
03/18/2025 13:30:00,20.72,0.00,PMXC7,RT
03/18/2025 13:40:00,20.76,0.00,PMXC7,RT
03/18/2025 13:50:00,20.80,0.00,PMXC7,RT
03/18/2025 14:00:00,20.85,0.00,PMXC7,RT
03/18/2025 14:10:00,20.80,0.00,PMXC7,RT
03/18/2025 14:20:00,20.80,0.00,PMXC7,RT
03/18/2025 14:30:00,20.85,0.00,PMXC7,RT
03/18/2025 14:40:00,20.85,0.00,PMXC7,RT
03/18/2025 14:50:00,20.80,0.00,PMXC7,RT
03/18/2025 15:00:00,20.85,0.00,PMXC7,RT
03/18/2025 15:10:00,20.85,0.00,PMXC7,RT
03/18/2025 15:20:00,20.85,0.00,PMXC7,RT
03/18/2025 15:30:00,20.80,0.00,PMXC7,RT
03/18/2025 15:40:00,20.89,0.00,PMXC7,RT
03/18/2025 15:50:00,20.85,0.00,PMXC7,RT
03/18/2025 16:00:00,20.85,0.00,PMXC7,RT
03/18/2025 16:10:00,20.85,0.00,PMXC7,RT
03/18/2025 16:20:00,20.89,0.00,PMXC7,RT
03/18/2025 16:30:00,20.89,0.00,PMXC7,RT
03/18/2025 16:40:00,20.89,0.00,PMXC7,RT
03/18/2025 16:50:00,20.89,0.00,PMXC7,RT
03/18/2025 17:00:00,20.89,0.00,PMXC7,RT
03/18/2025 17:10:00,20.89,0.00,PMXC7,RT
03/18/2025 17:20:00,20.93,0.00,PMXC7,RT
03/18/2025 17:30:00,20.89,0.00,PMXC7,RT
03/18/2025 17:40:00,20.93,0.00,PMXC7,RT
03/18/2025 17:50:00,20.93,0.00,PMXC7,RT
03/18/2025 18:00:00,20.93,0.00,PMXC7,RT
03/18/2025 18:10:00,20.93,0.00,PMXC7,RT
03/18/2025 18:20:00,20.93,0.00,PMXC7,RT
03/18/2025 18:30:00,20.89,0.00,PMXC7,RT
03/18/2025 18:40:00,20.93,0.00,PMXC7,RT
03/18/2025 18:50:00,20.93,0.00,PMXC7,RT
03/18/2025 19:00:00,20.93,0.00,PMXC7,RT
03/18/2025 19:10:00,20.93,0.00,PMXC7,RT
03/18/2025 19:20:00,20.93,0.00,PMXC7,RT
03/18/2025 19:30:00,20.93,0.00,PMXC7,RT
03/18/2025 19:40:00,20.98,0.00,PMXC7,RT
03/18/2025 19:50:00,20.93,0.00,PMXC7,RT
03/18/2025 20:00:00,20.98,0.00,PMXC7,RT
03/18/2025 20:10:00,20.98,0.00,PMXC7,RT
03/18/2025 20:20:00,20.98,0.00,PMXC7,RT
03/18/2025 20:30:00,20.98,0.00,PMXC7,RT
03/18/2025 20:40:00,20.98,0.00,PMXC7,RT
03/18/2025 20:50:00,21.02,0.00,PMXC7,RT
03/18/2025 21:00:00,20.98,0.00,PMXC7,RT
03/18/2025 21:10:00,20.98,0.00,PMXC7,RT
03/18/2025 21:20:00,20.98,0.00,PMXC7,RT
03/18/2025 21:30:00,20.98,0.00,PMXC7,RT
03/18/2025 21:40:00,20.98,0.00,PMXC7,RT
03/18/2025 21:50:00,20.98,0.00,PMXC7,RT
03/18/2025 22:00:00,20.93,0.00,PMXC7,RT
03/18/2025 22:10:00,20.98,0.00,PMXC7,RT
03/18/2025 22:20:00,20.98,0.00,PMXC7,RT
03/18/2025 22:30:00,21.02,0.00,PMXC7,RT
03/18/2025 22:40:00,21.02,0.00,PMXC7,RT
03/18/2025 22:50:00,21.02,0.00,PMXC7,RT
03/18/2025 23:00:00,20.98,0.00,PMXC7,RT
03/18/2025 23:10:00,21.06,0.00,PMXC7,RT
03/18/2025 23:20:00,21.06,0.00,PMXC7,RT
03/18/2025 23:30:00,21.02,0.00,PMXC7,RT
03/18/2025 23:40:00,21.02,0.00,PMXC7,RT
03/18/2025 23:50:00,21.02,0.00,PMXC7,RT
03/19/2025 00:00:00,21.06,0.00,PMXC7,RT
03/19/2025 00:10:00,21.02,0.00,PMXC7,RT
03/19/2025 00:20:00,21.06,0.00,PMXC7,RT
03/19/2025 00:30:00,21.06,0.00,PMXC7,RT
03/19/2025 00:40:00,21.02,0.00,PMXC7,RT
03/19/2025 00:50:00,21.06,0.00,PMXC7,RT
03/19/2025 01:00:00,21.02,0.00,PMXC7,RT
03/19/2025 01:10:00,21.02,0.00,PMXC7,RT
03/19/2025 01:20:00,21.06,0.00,PMXC7,RT
03/19/2025 01:30:00,21.02,0.00,PMXC7,RT
03/19/2025 01:40:00,20.98,0.00,PMXC7,RT
03/19/2025 01:50:00,21.02,0.00,PMXC7,RT
03/19/2025 02:00:00,20.98,0.00,PMXC7,RT
03/19/2025 02:10:00,21.02,0.00,PMXC7,RT
03/19/2025 02:20:00,20.98,0.00,PMXC7,RT
03/19/2025 02:30:00,20.98,0.00,PMXC7,RT
03/19/2025 02:40:00,20.98,0.00,PMXC7,RT
03/19/2025 02:50:00,20.98,0.00,PMXC7,RT
03/19/2025 03:00:00,20.93,0.00,PMXC7,RT
03/19/2025 03:10:00,20.98,0.00,PMXC7,RT
03/19/2025 03:20:00,21.02,0.00,PMXC7,RT
03/19/2025 03:30:00,21.02,0.00,PMXC7,RT
03/19/2025 03:40:00,21.06,0.00,PMXC7,RT
03/19/2025 03:50:00,21.06,0.00,PMXC7,RT
03/19/2025 04:00:00,21.06,0.00,PMXC7,RT
03/19/2025 04:10:00,21.02,0.00,PMXC7,RT
03/19/2025 04:20:00,21.06,0.00,PMXC7,RT
03/19/2025 04:30:00,21.06,0.00,PMXC7,RT
03/19/2025 04:40:00,21.02,0.00,PMXC7,RT
03/19/2025 04:50:00,21.02,0.00,PMXC7,RT
03/19/2025 05:00:00,21.10,0.00,PMXC7,RT
03/19/2025 05:10:00,21.06,0.00,PMXC7,RT
03/19/2025 05:20:00,21.10,0.00,PMXC7,RT
03/19/2025 05:30:00,21.10,0.00,PMXC7,RT
03/19/2025 05:40:00,21.15,0.00,PMXC7,RT
03/19/2025 05:50:00,21.15,0.00,PMXC7,RT
03/19/2025 06:00:00,21.15,0.00,PMXC7,RT
03/19/2025 06:10:00,21.15,0.00,PMXC7,RT
03/19/2025 06:20:00,21.10,0.00,PMXC7,RT
03/19/2025 06:30:00,21.10,0.00,PMXC7,RT
03/19/2025 06:40:00,21.15,0.00,PMXC7,RT
03/19/2025 06:50:00,21.15,0.00,PMXC7,RT
03/19/2025 07:00:00,21.15,0.00,PMXC7,RT
03/19/2025 07:10:00,21.15,0.00,PMXC7,RT
03/19/2025 07:20:00,21.15,0.00,PMXC7,RT
03/19/2025 07:30:00,21.19,0.00,PMXC7,RT
03/19/2025 07:40:00,21.15,0.00,PMXC7,RT
03/19/2025 07:50:00,21.15,0.00,PMXC7,RT
03/19/2025 08:00:00,21.19,0.00,PMXC7,RT
03/19/2025 08:10:00,21.15,0.00,PMXC7,RT
03/19/2025 08:20:00,21.15,0.00,PMXC7,RT
03/19/2025 08:30:00,21.15,0.00,PMXC7,RT
03/19/2025 08:40:00,21.10,0.00,PMXC7,RT
03/19/2025 08:50:00,21.06,0.00,PMXC7,RT
03/19/2025 09:00:00,21.06,0.00,PMXC7,RT
03/19/2025 09:10:00,21.06,0.00,PMXC7,RT
03/19/2025 09:20:00,21.10,0.00,PMXC7,RT
03/19/2025 09:30:00,21.15,0.00,PMXC7,RT
03/19/2025 09:40:00,21.10,0.00,PMXC7,RT
03/19/2025 09:50:00,21.10,0.00,PMXC7,RT
03/19/2025 10:00:00,21.10,0.00,PMXC7,RT
03/19/2025 10:10:00,21.10,0.00,PMXC7,RT
03/19/2025 10:20:00,21.10,0.00,PMXC7,RT
03/19/2025 10:30:00,21.15,0.00,PMXC7,RT
03/19/2025 10:40:00,21.10,0.00,PMXC7,RT
03/19/2025 10:50:00,21.10,0.00,PMXC7,RT
03/19/2025 11:00:00,21.10,0.00,PMXC7,RT
03/19/2025 11:10:00,21.10,0.00,PMXC7,RT
03/19/2025 11:20:00,21.06,0.00,PMXC7,RT
03/19/2025 11:30:00,21.02,0.00,PMXC7,RT
03/19/2025 11:40:00,20.98,0.00,PMXC7,RT
03/19/2025 11:50:00,20.89,0.00,PMXC7,RT
03/19/2025 12:00:00,20.89,0.00,PMXC7,RT
03/19/2025 12:10:00,20.89,0.00,PMXC7,RT
03/19/2025 12:20:00,20.85,0.00,PMXC7,RT
03/19/2025 12:30:00,20.85,0.00,PMXC7,RT
03/19/2025 12:40:00,20.80,0.00,PMXC7,RT
03/19/2025 12:50:00,20.76,0.00,PMXC7,RT
03/19/2025 13:00:00,20.76,0.00,PMXC7,RT
03/19/2025 13:10:00,20.72,0.00,PMXC7,RT
03/19/2025 13:20:00,20.68,0.00,PMXC7,RT
03/19/2025 13:30:00,20.68,0.00,PMXC7,RT
03/19/2025 13:40:00,20.68,0.00,PMXC7,RT
03/19/2025 13:50:00,20.68,0.00,PMXC7,RT
03/19/2025 14:00:00,20.68,0.00,PMXC7,RT
03/19/2025 14:10:00,20.63,0.00,PMXC7,RT
03/19/2025 14:20:00,20.63,0.00,PMXC7,RT
03/19/2025 14:30:00,20.59,0.00,PMXC7,RT
03/19/2025 14:40:00,20.59,0.00,PMXC7,RT
03/19/2025 14:50:00,20.59,0.00,PMXC7,RT
03/19/2025 15:00:00,20.55,0.00,PMXC7,RT
03/19/2025 15:10:00,20.55,0.00,PMXC7,RT
03/19/2025 15:20:00,20.55,0.00,PMXC7,RT
03/19/2025 15:30:00,20.59,0.00,PMXC7,RT
03/19/2025 15:40:00,20.59,0.00,PMXC7,RT
03/19/2025 15:50:00,20.63,0.00,PMXC7,RT
03/19/2025 16:00:00,20.63,0.00,PMXC7,RT
03/19/2025 16:10:00,20.59,0.00,PMXC7,RT
03/19/2025 16:20:00,20.59,0.00,PMXC7,RT
03/19/2025 16:30:00,20.68,0.00,PMXC7,RT
03/19/2025 16:40:00,20.68,0.00,PMXC7,RT
03/19/2025 16:50:00,20.63,0.00,PMXC7,RT
03/19/2025 17:00:00,20.68,0.00,PMXC7,RT
03/19/2025 17:10:00,20.68,0.00,PMXC7,RT
03/19/2025 17:20:00,20.63,0.00,PMXC7,RT
03/19/2025 17:30:00,20.59,0.00,PMXC7,RT
03/19/2025 17:40:00,20.55,0.00,PMXC7,RT
03/19/2025 17:50:00,20.55,0.00,PMXC7,RT
03/19/2025 18:00:00,20.55,0.00,PMXC7,RT
03/19/2025 18:10:00,20.55,0.00,PMXC7,RT
03/19/2025 18:20:00,20.50,0.00,PMXC7,RT
03/19/2025 18:30:00,20.50,0.00,PMXC7,RT
03/19/2025 18:40:00,20.46,0.00,PMXC7,RT
03/19/2025 18:50:00,20.50,0.00,PMXC7,RT
03/19/2025 19:00:00,20.50,0.00,PMXC7,RT
03/19/2025 19:10:00,20.50,0.00,PMXC7,RT
03/19/2025 19:20:00,20.59,0.00,PMXC7,RT
03/19/2025 19:30:00,20.55,0.00,PMXC7,RT
03/19/2025 19:40:00,20.59,0.00,PMXC7,RT
03/19/2025 19:50:00,20.63,0.00,PMXC7,RT
03/19/2025 20:00:00,20.59,0.00,PMXC7,RT
03/19/2025 20:10:00,20.59,0.00,PMXC7,RT
03/19/2025 20:20:00,20.63,0.00,PMXC7,RT
03/19/2025 20:30:00,20.63,0.00,PMXC7,RT
03/19/2025 20:40:00,20.68,0.00,PMXC7,RT
03/19/2025 20:50:00,20.68,0.00,PMXC7,RT
03/19/2025 21:00:00,20.63,0.00,PMXC7,RT
03/19/2025 21:10:00,20.72,0.00,PMXC7,RT
03/19/2025 21:20:00,20.68,0.00,PMXC7,RT
03/19/2025 21:30:00,20.68,0.00,PMXC7,RT
03/19/2025 21:40:00,20.72,0.00,PMXC7,RT
03/19/2025 21:50:00,20.72,0.00,PMXC7,RT
03/19/2025 22:00:00,20.76,0.00,PMXC7,RT
03/19/2025 22:10:00,20.72,0.00,PMXC7,RT
03/19/2025 22:20:00,20.80,0.00,PMXC7,RT
03/19/2025 22:30:00,20.76,0.00,PMXC7,RT
03/19/2025 22:40:00,20.80,0.00,PMXC7,RT
03/19/2025 22:50:00,20.80,0.00,PMXC7,RT
03/19/2025 23:00:00,20.80,0.00,PMXC7,RT
03/19/2025 23:10:00,20.85,0.00,PMXC7,RT
03/19/2025 23:20:00,20.85,0.00,PMXC7,RT
03/19/2025 23:30:00,20.85,0.00,PMXC7,RT
03/19/2025 23:40:00,20.80,0.00,PMXC7,RT
03/19/2025 23:50:00,20.85,0.00,PMXC7,RT
03/20/2025 00:00:00,20.80,0.00,PMXC7,RT
03/20/2025 00:10:00,20.85,0.00,PMXC7,RT
03/20/2025 00:20:00,20.85,0.00,PMXC7,RT
03/20/2025 00:30:00,20.80,0.00,PMXC7,RT
03/20/2025 00:40:00,20.85,0.00,PMXC7,RT
03/20/2025 00:50:00,20.85,0.00,PMXC7,RT
03/20/2025 01:00:00,20.89,0.00,PMXC7,RT
03/20/2025 01:10:00,20.89,0.00,PMXC7,RT
03/20/2025 01:20:00,20.85,0.00,PMXC7,RT
03/20/2025 01:30:00,20.89,0.00,PMXC7,RT
03/20/2025 01:40:00,20.85,0.00,PMXC7,RT
03/20/2025 01:50:00,20.93,0.00,PMXC7,RT
03/20/2025 02:00:00,20.80,0.00,PMXC7,RT
03/20/2025 02:10:00,20.76,0.00,PMXC7,RT
03/20/2025 02:20:00,20.76,0.00,PMXC7,RT
03/20/2025 02:30:00,20.76,0.00,PMXC7,RT
03/20/2025 02:40:00,20.76,0.00,PMXC7,RT
03/20/2025 02:50:00,20.76,0.00,PMXC7,RT
03/20/2025 03:00:00,20.76,0.00,PMXC7,RT
03/20/2025 03:10:00,20.80,0.00,PMXC7,RT
03/20/2025 03:20:00,20.85,0.00,PMXC7,RT
03/20/2025 03:30:00,20.89,0.00,PMXC7,RT
03/20/2025 03:40:00,20.89,0.00,PMXC7,RT
03/20/2025 03:50:00,20.89,0.00,PMXC7,RT
03/20/2025 04:00:00,20.98,0.00,PMXC7,RT
03/20/2025 04:10:00,20.93,0.00,PMXC7,RT
03/20/2025 04:20:00,21.02,0.00,PMXC7,RT
03/20/2025 04:30:00,21.02,0.00,PMXC7,RT
03/20/2025 04:40:00,21.02,0.00,PMXC7,RT
03/20/2025 04:50:00,21.02,0.00,PMXC7,RT
03/20/2025 05:00:00,21.02,0.00,PMXC7,RT
03/20/2025 05:10:00,21.02,0.00,PMXC7,RT
03/20/2025 05:20:00,21.02,0.00,PMXC7,RT
03/20/2025 05:30:00,21.06,0.00,PMXC7,RT
03/20/2025 05:40:00,21.06,0.00,PMXC7,RT
03/20/2025 05:50:00,21.06,0.00,PMXC7,RT
03/20/2025 06:00:00,21.10,0.00,PMXC7,RT
03/20/2025 06:10:00,21.06,0.00,PMXC7,RT
03/20/2025 06:20:00,21.02,0.00,PMXC7,RT
03/20/2025 06:30:00,21.06,0.00,PMXC7,RT
03/20/2025 06:40:00,21.06,0.00,PMXC7,RT
03/20/2025 06:50:00,21.06,0.00,PMXC7,RT
03/20/2025 07:00:00,21.06,0.00,PMXC7,RT
03/20/2025 07:10:00,21.06,0.00,PMXC7,RT
03/20/2025 07:20:00,21.10,0.00,PMXC7,RT
03/20/2025 07:30:00,21.10,0.00,PMXC7,RT
03/20/2025 07:40:00,21.15,0.00,PMXC7,RT
03/20/2025 07:50:00,21.06,0.00,PMXC7,RT
03/20/2025 08:00:00,21.10,0.00,PMXC7,RT
03/20/2025 08:10:00,21.10,0.00,PMXC7,RT
03/20/2025 08:20:00,21.15,0.00,PMXC7,RT
03/20/2025 08:30:00,21.15,0.00,PMXC7,RT
03/20/2025 08:40:00,21.15,0.00,PMXC7,RT
03/20/2025 08:50:00,21.10,0.00,PMXC7,RT
03/20/2025 09:00:00,21.10,0.00,PMXC7,RT
03/20/2025 09:10:00,21.15,0.00,PMXC7,RT
03/20/2025 09:20:00,21.15,0.00,PMXC7,RT
03/20/2025 09:30:00,21.15,0.00,PMXC7,RT
03/20/2025 09:40:00,21.10,0.00,PMXC7,RT
03/20/2025 09:50:00,21.06,0.00,PMXC7,RT
03/20/2025 10:00:00,20.98,0.00,PMXC7,RT
03/20/2025 10:10:00,21.02,0.00,PMXC7,RT
03/20/2025 10:20:00,20.98,0.00,PMXC7,RT
03/20/2025 10:30:00,20.89,0.00,PMXC7,RT
03/20/2025 10:40:00,20.89,0.00,PMXC7,RT
03/20/2025 10:50:00,20.85,0.00,PMXC7,RT
03/20/2025 11:00:00,20.85,0.00,PMXC7,RT
03/20/2025 11:10:00,20.85,0.00,PMXC7,RT
03/20/2025 11:20:00,20.80,0.00,PMXC7,RT
03/20/2025 11:30:00,20.80,0.00,PMXC7,RT
03/20/2025 11:40:00,20.72,0.00,PMXC7,RT
03/20/2025 11:50:00,20.68,0.00,PMXC7,RT
03/20/2025 12:00:00,20.63,0.00,PMXC7,RT
03/20/2025 12:10:00,20.68,0.00,PMXC7,RT
03/20/2025 12:20:00,20.63,0.00,PMXC7,RT
03/20/2025 12:30:00,20.59,0.00,PMXC7,RT
03/20/2025 12:40:00,20.59,0.00,PMXC7,RT
03/20/2025 12:50:00,20.63,0.00,PMXC7,RT
03/20/2025 13:00:00,20.59,0.00,PMXC7,RT
03/20/2025 13:10:00,20.55,0.00,PMXC7,RT
03/20/2025 13:20:00,20.59,0.00,PMXC7,RT
03/20/2025 13:30:00,20.59,0.00,PMXC7,RT
03/20/2025 13:40:00,20.55,0.00,PMXC7,RT
03/20/2025 13:50:00,20.50,0.00,PMXC7,RT
03/20/2025 14:00:00,20.50,0.00,PMXC7,RT
03/20/2025 14:10:00,20.50,0.00,PMXC7,RT
03/20/2025 14:20:00,20.42,0.00,PMXC7,RT
03/20/2025 14:30:00,20.46,0.00,PMXC7,RT
03/20/2025 14:40:00,20.46,0.00,PMXC7,RT
03/20/2025 14:50:00,20.46,0.00,PMXC7,RT
03/20/2025 15:00:00,20.46,0.00,PMXC7,RT
03/20/2025 15:10:00,20.46,0.00,PMXC7,RT
03/20/2025 15:20:00,20.46,0.00,PMXC7,RT
03/20/2025 15:30:00,20.46,0.00,PMXC7,RT
03/20/2025 15:40:00,20.46,0.00,PMXC7,RT
03/20/2025 15:50:00,20.42,0.00,PMXC7,RT
03/20/2025 16:00:00,20.46,0.00,PMXC7,RT
03/20/2025 16:10:00,20.50,0.00,PMXC7,RT
03/20/2025 16:20:00,20.50,0.00,PMXC7,RT
03/20/2025 16:30:00,20.46,0.00,PMXC7,RT
03/20/2025 16:40:00,20.50,0.00,PMXC7,RT
03/20/2025 16:50:00,20.50,0.00,PMXC7,RT
03/20/2025 17:00:00,20.50,0.00,PMXC7,RT
03/20/2025 17:10:00,20.50,0.00,PMXC7,RT
03/20/2025 17:20:00,20.50,0.00,PMXC7,RT
03/20/2025 17:30:00,20.50,0.00,PMXC7,RT
03/20/2025 17:40:00,20.59,0.00,PMXC7,RT
03/20/2025 17:50:00,20.55,0.00,PMXC7,RT
03/20/2025 18:00:00,20.55,0.00,PMXC7,RT
03/20/2025 18:10:00,20.59,0.00,PMXC7,RT
03/20/2025 18:20:00,20.63,0.00,PMXC7,RT
03/20/2025 18:30:00,20.63,0.00,PMXC7,RT
03/20/2025 18:40:00,20.72,0.00,PMXC7,RT
03/20/2025 18:50:00,20.68,0.00,PMXC7,RT
03/20/2025 19:00:00,20.72,0.00,PMXC7,RT
03/20/2025 19:10:00,20.72,0.00,PMXC7,RT
03/20/2025 19:20:00,20.72,0.00,PMXC7,RT
03/20/2025 19:30:00,20.72,0.00,PMXC7,RT
03/20/2025 19:40:00,20.76,0.00,PMXC7,RT
03/20/2025 19:50:00,20.80,0.00,PMXC7,RT
03/20/2025 20:00:00,20.76,0.00,PMXC7,RT
03/20/2025 20:10:00,20.80,0.00,PMXC7,RT
03/20/2025 20:20:00,20.80,0.00,PMXC7,RT
03/20/2025 20:30:00,20.85,0.00,PMXC7,RT
03/20/2025 20:40:00,20.76,0.00,PMXC7,RT
03/20/2025 20:50:00,20.80,0.00,PMXC7,RT
03/20/2025 21:00:00,20.85,0.00,PMXC7,RT
03/20/2025 21:10:00,20.85,0.00,PMXC7,RT
03/20/2025 21:20:00,20.85,0.00,PMXC7,RT
03/20/2025 21:30:00,20.89,0.00,PMXC7,RT
03/20/2025 21:40:00,20.89,0.00,PMXC7,RT
03/20/2025 21:50:00,20.85,0.00,PMXC7,RT
03/20/2025 22:00:00,20.89,0.00,PMXC7,RT
03/20/2025 22:10:00,20.89,0.00,PMXC7,RT
03/20/2025 22:20:00,20.93,0.00,PMXC7,RT
03/20/2025 22:30:00,20.89,0.00,PMXC7,RT
03/20/2025 22:40:00,20.93,0.00,PMXC7,RT
03/20/2025 22:50:00,20.93,0.00,PMXC7,RT
03/20/2025 23:00:00,20.93,0.00,PMXC7,RT
03/20/2025 23:10:00,20.89,0.00,PMXC7,RT
03/20/2025 23:20:00,20.98,0.00,PMXC7,RT
03/20/2025 23:30:00,20.98,0.00,PMXC7,RT
03/20/2025 23:40:00,20.98,0.00,PMXC7,RT
03/20/2025 23:50:00,20.98,0.00,PMXC7,RT
03/21/2025 00:00:00,21.02,0.00,PMXC7,RT
03/21/2025 00:10:00,21.02,0.00,PMXC7,RT
03/21/2025 00:20:00,20.98,0.00,PMXC7,RT
03/21/2025 00:30:00,21.02,0.00,PMXC7,RT
03/21/2025 00:40:00,21.02,0.00,PMXC7,RT
03/21/2025 00:50:00,21.06,0.00,PMXC7,RT
03/21/2025 01:00:00,21.02,0.00,PMXC7,RT
03/21/2025 01:10:00,21.06,0.00,PMXC7,RT
03/21/2025 01:20:00,21.10,0.00,PMXC7,RT
03/21/2025 01:30:00,21.06,0.00,PMXC7,RT
03/21/2025 01:40:00,21.06,0.00,PMXC7,RT
03/21/2025 01:50:00,21.06,0.00,PMXC7,RT
03/21/2025 02:00:00,21.10,0.00,PMXC7,RT
03/21/2025 02:10:00,21.15,0.00,PMXC7,RT
03/21/2025 02:20:00,21.15,0.00,PMXC7,RT
03/21/2025 02:30:00,21.15,0.00,PMXC7,RT
03/21/2025 02:40:00,21.10,0.00,PMXC7,RT
03/21/2025 02:50:00,21.15,0.00,PMXC7,RT
03/21/2025 03:00:00,21.15,0.00,PMXC7,RT
03/21/2025 03:10:00,21.19,0.00,PMXC7,RT
03/21/2025 03:20:00,21.15,0.00,PMXC7,RT
03/21/2025 03:30:00,21.15,0.00,PMXC7,RT
03/21/2025 03:40:00,21.19,0.00,PMXC7,RT
03/21/2025 03:50:00,21.15,0.00,PMXC7,RT
03/21/2025 04:00:00,21.15,0.00,PMXC7,RT
03/21/2025 04:10:00,21.15,0.00,PMXC7,RT
03/21/2025 04:20:00,21.19,0.00,PMXC7,RT
03/21/2025 04:30:00,21.15,0.00,PMXC7,RT
03/21/2025 04:40:00,21.19,0.00,PMXC7,RT
03/21/2025 04:50:00,21.19,0.00,PMXC7,RT
03/21/2025 05:00:00,21.19,0.00,PMXC7,RT
03/21/2025 05:10:00,21.19,0.00,PMXC7,RT
03/21/2025 05:20:00,21.19,0.00,PMXC7,RT
03/21/2025 05:30:00,21.19,0.00,PMXC7,RT
03/21/2025 05:40:00,21.19,0.00,PMXC7,RT
03/21/2025 05:50:00,21.19,0.00,PMXC7,RT
03/21/2025 06:00:00,21.23,0.00,PMXC7,RT
03/21/2025 06:10:00,21.23,0.00,PMXC7,RT
03/21/2025 06:20:00,21.23,0.00,PMXC7,RT
03/21/2025 06:30:00,21.15,0.00,PMXC7,RT
03/21/2025 06:40:00,21.23,0.00,PMXC7,RT
03/21/2025 06:50:00,21.23,0.00,PMXC7,RT
03/21/2025 07:00:00,21.23,0.00,PMXC7,RT
03/21/2025 07:10:00,21.23,0.00,PMXC7,RT
03/21/2025 07:20:00,21.19,0.00,PMXC7,RT
03/21/2025 07:30:00,21.23,0.00,PMXC7,RT
03/21/2025 07:40:00,21.28,0.00,PMXC7,RT
03/21/2025 07:50:00,21.23,0.00,PMXC7,RT
03/21/2025 08:00:00,21.23,0.00,PMXC7,RT
03/21/2025 08:10:00,21.28,0.00,PMXC7,RT
03/21/2025 08:20:00,21.28,0.00,PMXC7,RT
03/21/2025 08:30:00,21.28,0.00,PMXC7,RT
03/21/2025 08:40:00,21.23,0.00,PMXC7,RT
03/21/2025 08:50:00,21.28,0.00,PMXC7,RT
03/21/2025 09:00:00,21.23,0.00,PMXC7,RT
03/21/2025 09:10:00,21.23,0.00,PMXC7,RT
03/21/2025 09:20:00,21.23,0.00,PMXC7,RT
03/21/2025 09:30:00,21.28,0.00,PMXC7,RT
03/21/2025 09:40:00,21.28,0.00,PMXC7,RT
03/21/2025 09:50:00,21.28,0.00,PMXC7,RT
03/21/2025 10:00:00,21.28,0.00,PMXC7,RT
03/21/2025 10:10:00,21.28,0.00,PMXC7,RT
03/21/2025 10:20:00,21.28,0.00,PMXC7,RT
03/21/2025 10:30:00,21.28,0.00,PMXC7,RT
03/21/2025 10:40:00,21.23,0.00,PMXC7,RT
03/21/2025 10:50:00,21.23,0.00,PMXC7,RT
03/21/2025 11:00:00,21.19,0.00,PMXC7,RT
03/21/2025 11:10:00,21.10,164.24,PMXC7,RT
03/21/2025 11:20:00,21.06,165.12,PMXC7,RT
03/21/2025 11:30:00,21.10,165.12,PMXC7,RT
03/21/2025 11:40:00,21.10,163.44,PMXC7,RT
08/29/2024 09:10:00,22.69,215.76,PMXC6,RT
08/29/2024 09:20:00,21.58,215.76,PMXC6,RT
08/29/2024 09:30:00,21.28,214.88,PMXC6,RT
08/29/2024 09:40:00,21.19,214.88,PMXC6,RT
08/29/2024 09:50:00,21.19,215.76,PMXC6,RT
08/29/2024 10:00:00,21.19,214.88,PMXC6,RT
08/29/2024 10:10:00,21.15,214.88,PMXC6,RT
08/29/2024 10:20:00,21.19,214.88,PMXC6,RT
08/29/2024 10:30:00,21.19,214.88,PMXC6,RT
08/29/2024 10:40:00,21.19,214.88,PMXC6,RT
08/29/2024 10:50:00,21.19,214.88,PMXC6,RT
08/29/2024 11:00:00,21.15,214.88,PMXC6,RT
08/29/2024 11:10:00,21.19,215.76,PMXC6,RT
08/29/2024 11:20:00,21.23,214.88,PMXC6,RT
08/29/2024 11:30:00,21.19,214.88,PMXC6,RT
08/29/2024 11:40:00,21.28,214.88,PMXC6,RT
08/29/2024 11:50:00,21.28,214.88,PMXC6,RT
08/29/2024 12:00:00,21.28,214.88,PMXC6,RT
08/29/2024 12:10:00,21.36,168.72,PMXC6,RT
08/29/2024 12:20:00,21.19,168.72,PMXC6,RT
08/29/2024 12:30:00,21.45,163.72,PMXC6,RT
08/29/2024 12:40:00,21.40,163.72,PMXC6,RT
08/29/2024 12:50:00,21.36,163.72,PMXC6,RT
08/29/2024 13:00:00,21.36,163.72,PMXC6,RT
08/29/2024 13:10:00,21.36,163.72,PMXC6,RT
08/29/2024 13:20:00,21.28,163.72,PMXC6,RT
08/29/2024 13:30:00,21.28,162.12,PMXC6,RT
08/29/2024 13:40:00,21.23,163.72,PMXC6,RT
08/29/2024 13:50:00,21.28,163.72,PMXC6,RT
08/29/2024 14:00:00,21.23,163.72,PMXC6,RT
08/29/2024 14:10:00,21.28,163.72,PMXC6,RT
08/29/2024 14:20:00,21.23,162.12,PMXC6,RT
08/29/2024 14:30:00,21.28,163.72,PMXC6,RT
08/29/2024 14:40:00,21.32,163.72,PMXC6,RT
08/29/2024 14:50:00,21.32,163.72,PMXC6,RT
08/29/2024 15:00:00,21.32,167.84,PMXC6,RT
08/29/2024 15:10:00,21.32,167.84,PMXC6,RT
08/29/2024 15:20:00,21.28,167.84,PMXC6,RT
08/29/2024 15:30:00,21.28,167.04,PMXC6,RT
08/29/2024 15:40:00,21.32,167.84,PMXC6,RT
08/29/2024 15:50:00,21.32,167.84,PMXC6,RT
08/29/2024 16:00:00,21.28,167.84,PMXC6,RT
08/29/2024 16:10:00,21.28,167.84,PMXC6,RT
08/29/2024 16:20:00,21.32,167.84,PMXC6,RT
08/29/2024 16:30:00,21.32,167.84,PMXC6,RT
08/29/2024 16:40:00,21.23,167.04,PMXC6,RT
08/29/2024 16:50:00,21.19,167.84,PMXC6,RT
08/29/2024 17:00:00,21.15,167.84,PMXC6,RT
08/29/2024 17:10:00,21.10,167.84,PMXC6,RT
08/29/2024 17:20:00,21.06,167.84,PMXC6,RT
08/29/2024 17:30:00,21.10,167.84,PMXC6,RT
08/29/2024 17:40:00,20.98,167.84,PMXC6,RT
08/29/2024 17:50:00,20.98,167.04,PMXC6,RT
08/29/2024 18:00:00,20.93,0.00,PMXC6,RT
08/29/2024 18:10:00,20.93,0.00,PMXC6,RT
08/29/2024 18:20:00,20.93,0.00,PMXC6,RT
08/29/2024 18:30:00,20.98,0.00,PMXC6,RT
08/29/2024 18:40:00,20.98,0.00,PMXC6,RT
08/29/2024 18:50:00,21.02,0.00,PMXC6,RT
08/29/2024 19:00:00,20.98,0.00,PMXC6,RT
08/29/2024 19:10:00,21.02,0.00,PMXC6,RT
08/29/2024 19:20:00,20.93,0.00,PMXC6,RT
08/29/2024 19:30:00,20.93,0.00,PMXC6,RT
08/29/2024 19:40:00,20.98,0.00,PMXC6,RT
08/29/2024 19:50:00,20.93,0.00,PMXC6,RT
08/29/2024 20:00:00,20.98,0.00,PMXC6,RT
08/29/2024 20:10:00,20.98,0.00,PMXC6,RT
08/29/2024 20:20:00,20.89,0.00,PMXC6,RT
08/29/2024 20:30:00,20.98,0.00,PMXC6,RT
08/29/2024 20:40:00,20.98,0.00,PMXC6,RT
08/29/2024 20:50:00,20.93,0.00,PMXC6,RT
08/29/2024 21:00:00,20.93,0.00,PMXC6,RT
08/29/2024 21:10:00,20.93,0.00,PMXC6,RT
08/29/2024 21:20:00,20.89,0.20,PMXC6,RT
08/29/2024 21:30:00,20.93,0.00,PMXC6,RT
08/29/2024 21:40:00,20.93,0.00,PMXC6,RT
08/29/2024 21:50:00,20.93,0.00,PMXC6,RT
08/29/2024 22:00:00,20.93,0.00,PMXC6,RT
08/29/2024 22:10:00,20.98,0.00,PMXC6,RT
08/29/2024 22:20:00,20.98,0.00,PMXC6,RT
08/29/2024 22:30:00,20.93,0.00,PMXC6,RT
08/29/2024 22:40:00,20.93,0.00,PMXC6,RT
08/29/2024 22:50:00,20.98,0.00,PMXC6,RT
08/29/2024 23:00:00,20.93,0.00,PMXC6,RT
08/29/2024 23:10:00,20.98,0.00,PMXC6,RT
08/29/2024 23:20:00,20.93,0.00,PMXC6,RT
08/29/2024 23:30:00,20.89,0.00,PMXC6,RT
08/29/2024 23:40:00,20.93,0.00,PMXC6,RT
08/29/2024 23:50:00,20.93,0.00,PMXC6,RT
08/30/2024 00:00:00,20.89,0.00,PMXC6,RT
08/30/2024 00:10:00,20.89,0.00,PMXC6,RT
08/30/2024 00:20:00,20.93,0.00,PMXC6,RT
08/30/2024 00:30:00,20.85,0.00,PMXC6,RT
08/30/2024 00:40:00,20.85,0.00,PMXC6,RT
08/30/2024 00:50:00,20.85,0.00,PMXC6,RT
08/30/2024 01:00:00,20.80,0.00,PMXC6,RT
08/30/2024 01:10:00,20.80,0.00,PMXC6,RT
08/30/2024 01:20:00,20.85,0.00,PMXC6,RT
08/30/2024 01:30:00,20.85,0.00,PMXC6,RT
08/30/2024 01:40:00,20.85,0.00,PMXC6,RT
08/30/2024 01:50:00,20.85,0.00,PMXC6,RT
08/30/2024 02:00:00,20.89,0.00,PMXC6,RT
08/30/2024 02:10:00,20.85,0.00,PMXC6,RT
08/30/2024 02:20:00,20.85,0.00,PMXC6,RT
08/30/2024 02:30:00,20.85,0.00,PMXC6,RT
08/30/2024 02:40:00,20.85,0.00,PMXC6,RT
08/30/2024 02:50:00,20.85,0.00,PMXC6,RT
08/30/2024 03:00:00,20.89,0.00,PMXC6,RT
08/30/2024 03:10:00,20.89,0.00,PMXC6,RT
08/30/2024 03:20:00,20.89,0.00,PMXC6,RT
08/30/2024 03:30:00,20.85,0.00,PMXC6,RT
08/30/2024 03:40:00,20.89,0.00,PMXC6,RT
08/30/2024 03:50:00,20.85,0.00,PMXC6,RT
08/30/2024 04:00:00,20.85,0.00,PMXC6,RT
08/30/2024 04:10:00,20.89,0.00,PMXC6,RT
08/30/2024 04:20:00,20.89,0.00,PMXC6,RT
08/30/2024 04:30:00,20.85,0.00,PMXC6,RT
08/30/2024 04:40:00,20.89,0.00,PMXC6,RT
08/30/2024 04:50:00,20.89,0.00,PMXC6,RT
08/30/2024 05:00:00,20.89,0.00,PMXC6,RT
08/30/2024 05:10:00,20.93,0.00,PMXC6,RT
08/30/2024 05:20:00,20.85,0.00,PMXC6,RT
08/30/2024 05:30:00,20.93,0.00,PMXC6,RT
08/30/2024 05:40:00,20.89,0.00,PMXC6,RT
08/30/2024 05:50:00,20.93,0.00,PMXC6,RT
08/30/2024 06:00:00,20.93,0.00,PMXC6,RT
08/30/2024 06:10:00,20.89,0.00,PMXC6,RT
08/30/2024 06:20:00,20.93,0.20,PMXC6,RT
08/30/2024 06:30:00,20.93,0.00,PMXC6,RT
08/30/2024 06:40:00,20.93,0.00,PMXC6,RT
08/30/2024 06:50:00,20.93,0.00,PMXC6,RT
08/30/2024 07:00:00,20.98,0.00,PMXC6,RT
08/30/2024 07:10:00,20.93,0.00,PMXC6,RT
08/30/2024 07:20:00,20.98,0.00,PMXC6,RT
08/30/2024 07:30:00,20.98,0.00,PMXC6,RT
08/30/2024 07:40:00,20.93,0.00,PMXC6,RT
08/30/2024 07:50:00,20.93,0.00,PMXC6,RT
08/30/2024 08:00:00,20.98,0.00,PMXC6,RT
08/30/2024 08:10:00,21.02,0.00,PMXC6,RT
08/30/2024 08:20:00,20.98,0.00,PMXC6,RT
08/30/2024 08:30:00,20.93,0.00,PMXC6,RT
08/30/2024 08:40:00,20.93,0.00,PMXC6,RT
08/30/2024 08:50:00,20.93,0.00,PMXC6,RT
08/30/2024 09:00:00,20.98,0.00,PMXC6,RT
08/30/2024 09:10:00,20.89,0.00,PMXC6,RT
08/30/2024 09:20:00,20.89,0.00,PMXC6,RT
08/30/2024 09:30:00,20.93,0.20,PMXC6,RT
08/30/2024 09:40:00,20.89,0.00,PMXC6,RT
08/30/2024 09:50:00,20.93,0.00,PMXC6,RT
08/30/2024 10:00:00,20.89,0.00,PMXC6,RT
08/30/2024 10:10:00,20.93,167.84,PMXC6,RT
08/30/2024 10:20:00,20.93,164.56,PMXC6,RT
08/30/2024 10:30:00,20.89,165.36,PMXC6,RT
08/30/2024 10:40:00,20.93,163.72,PMXC6,RT
08/30/2024 10:50:00,20.93,163.72,PMXC6,RT
08/30/2024 11:00:00,20.93,163.72,PMXC6,RT
08/30/2024 11:10:00,20.98,163.72,PMXC6,RT
08/30/2024 11:20:00,20.93,163.72,PMXC6,RT
08/30/2024 11:30:00,20.93,163.72,PMXC6,RT
08/30/2024 11:40:00,20.85,163.72,PMXC6,RT
08/30/2024 11:50:00,20.85,164.56,PMXC6,RT
08/30/2024 12:00:00,20.85,163.72,PMXC6,RT
08/30/2024 12:10:00,20.80,163.72,PMXC6,RT
08/30/2024 12:20:00,20.55,163.72,PMXC6,RT
08/30/2024 12:30:00,20.50,163.72,PMXC6,RT
08/30/2024 12:40:00,20.59,163.72,PMXC6,RT
08/30/2024 12:50:00,20.63,163.72,PMXC6,RT
08/30/2024 13:00:00,20.68,163.72,PMXC6,RT
08/30/2024 13:10:00,20.59,163.72,PMXC6,RT
08/30/2024 13:20:00,20.55,165.36,PMXC6,RT
08/30/2024 13:30:00,20.59,166.16,PMXC6,RT
08/30/2024 13:40:00,20.59,167.04,PMXC6,RT
08/30/2024 13:50:00,20.63,167.04,PMXC6,RT
08/30/2024 14:00:00,20.68,167.04,PMXC6,RT
08/30/2024 14:10:00,20.59,167.04,PMXC6,RT
08/30/2024 14:20:00,20.55,167.04,PMXC6,RT
08/30/2024 14:30:00,20.63,165.36,PMXC6,RT
08/30/2024 14:40:00,20.55,167.84,PMXC6,RT
08/30/2024 14:50:00,20.55,167.84,PMXC6,RT
08/30/2024 15:00:00,20.55,165.36,PMXC6,RT
08/30/2024 15:10:00,20.50,166.16,PMXC6,RT
08/30/2024 15:20:00,20.50,167.04,PMXC6,RT
08/30/2024 15:30:00,20.50,167.04,PMXC6,RT
08/30/2024 15:40:00,20.46,167.84,PMXC6,RT
08/30/2024 15:50:00,20.42,167.84,PMXC6,RT
08/30/2024 16:00:00,20.37,167.04,PMXC6,RT
08/30/2024 16:10:00,20.37,166.16,PMXC6,RT
08/30/2024 16:20:00,20.46,167.84,PMXC6,RT
08/30/2024 16:30:00,20.42,163.72,PMXC6,RT
08/30/2024 16:40:00,20.42,163.72,PMXC6,RT
08/30/2024 16:50:00,20.33,163.72,PMXC6,RT
08/30/2024 17:00:00,20.37,163.72,PMXC6,RT
08/30/2024 17:10:00,20.37,0.00,PMXC6,RT
08/30/2024 17:20:00,20.42,0.00,PMXC6,RT
08/30/2024 17:30:00,20.50,0.00,PMXC6,RT
08/30/2024 17:40:00,20.50,0.00,PMXC6,RT
08/30/2024 17:50:00,20.50,0.00,PMXC6,RT
08/30/2024 18:00:00,20.50,0.00,PMXC6,RT
08/30/2024 18:10:00,20.50,0.00,PMXC6,RT
08/30/2024 18:20:00,20.55,0.00,PMXC6,RT
08/30/2024 18:30:00,20.55,0.20,PMXC6,RT
08/30/2024 18:40:00,20.55,0.00,PMXC6,RT
08/30/2024 18:50:00,20.59,0.00,PMXC6,RT
08/30/2024 19:00:00,20.63,0.00,PMXC6,RT
08/30/2024 19:10:00,20.59,0.00,PMXC6,RT
08/30/2024 19:20:00,20.59,0.00,PMXC6,RT
08/30/2024 19:30:00,20.63,0.00,PMXC6,RT
08/30/2024 19:40:00,20.63,0.00,PMXC6,RT
08/30/2024 19:50:00,20.59,0.00,PMXC6,RT
08/30/2024 20:00:00,20.68,0.00,PMXC6,RT
08/30/2024 20:10:00,20.63,0.00,PMXC6,RT
08/30/2024 20:20:00,20.63,0.00,PMXC6,RT
08/30/2024 20:30:00,20.63,0.00,PMXC6,RT
08/30/2024 20:40:00,20.59,0.00,PMXC6,RT
08/30/2024 20:50:00,20.63,0.00,PMXC6,RT
08/30/2024 21:00:00,20.63,0.00,PMXC6,RT
08/30/2024 21:10:00,20.63,0.00,PMXC6,RT
08/30/2024 21:20:00,20.63,0.00,PMXC6,RT
08/30/2024 21:30:00,20.68,0.00,PMXC6,RT
08/30/2024 21:40:00,20.68,0.00,PMXC6,RT
08/30/2024 21:50:00,20.68,0.00,PMXC6,RT
08/30/2024 22:00:00,20.68,0.00,PMXC6,RT
08/30/2024 22:10:00,20.72,0.00,PMXC6,RT
08/30/2024 22:20:00,20.76,0.00,PMXC6,RT
08/30/2024 22:30:00,20.72,0.00,PMXC6,RT
08/30/2024 22:40:00,20.76,0.00,PMXC6,RT
08/30/2024 22:50:00,20.80,0.00,PMXC6,RT
08/30/2024 23:00:00,20.80,0.00,PMXC6,RT
08/30/2024 23:10:00,20.76,0.00,PMXC6,RT
08/30/2024 23:20:00,20.76,0.00,PMXC6,RT
08/30/2024 23:30:00,20.80,0.00,PMXC6,RT
08/30/2024 23:40:00,20.80,0.00,PMXC6,RT
08/30/2024 23:50:00,20.80,0.00,PMXC6,RT
08/31/2024 00:00:00,20.76,0.00,PMXC6,RT
08/31/2024 00:10:00,20.85,0.00,PMXC6,RT
08/31/2024 00:20:00,20.76,0.00,PMXC6,RT
08/31/2024 00:30:00,20.85,0.00,PMXC6,RT
08/31/2024 00:40:00,20.76,0.00,PMXC6,RT
08/31/2024 00:50:00,20.80,0.00,PMXC6,RT
08/31/2024 01:00:00,20.80,0.00,PMXC6,RT
08/31/2024 01:10:00,20.80,0.00,PMXC6,RT
08/31/2024 01:20:00,20.80,0.00,PMXC6,RT
08/31/2024 01:30:00,20.76,0.00,PMXC6,RT
08/31/2024 01:40:00,20.76,0.00,PMXC6,RT
08/31/2024 01:50:00,20.63,0.00,PMXC6,RT
08/31/2024 02:00:00,20.72,0.00,PMXC6,RT
08/31/2024 02:10:00,20.72,0.00,PMXC6,RT
08/31/2024 02:20:00,20.72,0.00,PMXC6,RT
08/31/2024 02:30:00,20.76,0.00,PMXC6,RT
08/31/2024 02:40:00,20.80,0.00,PMXC6,RT
08/31/2024 02:50:00,20.80,0.00,PMXC6,RT
08/31/2024 03:00:00,20.72,0.00,PMXC6,RT
08/31/2024 03:10:00,20.80,0.00,PMXC6,RT
08/31/2024 03:20:00,20.80,0.00,PMXC6,RT
08/31/2024 03:30:00,20.80,0.00,PMXC6,RT
08/31/2024 03:40:00,20.80,0.00,PMXC6,RT
08/31/2024 03:50:00,20.80,0.00,PMXC6,RT
08/31/2024 04:00:00,20.80,0.00,PMXC6,RT
08/31/2024 04:10:00,20.80,0.00,PMXC6,RT
08/31/2024 04:20:00,20.80,0.00,PMXC6,RT
08/31/2024 04:30:00,20.80,0.00,PMXC6,RT
08/31/2024 04:40:00,20.85,0.00,PMXC6,RT
08/31/2024 04:50:00,20.85,0.00,PMXC6,RT
08/31/2024 05:00:00,20.85,0.00,PMXC6,RT
08/31/2024 05:10:00,20.85,0.00,PMXC6,RT
08/31/2024 05:20:00,20.89,0.00,PMXC6,RT
08/31/2024 05:30:00,20.85,0.00,PMXC6,RT
08/31/2024 05:40:00,20.89,0.00,PMXC6,RT
08/31/2024 05:50:00,20.85,0.00,PMXC6,RT
08/31/2024 06:00:00,20.89,0.00,PMXC6,RT
08/31/2024 06:10:00,20.89,0.00,PMXC6,RT
08/31/2024 06:20:00,20.85,0.00,PMXC6,RT
08/31/2024 06:30:00,20.89,0.00,PMXC6,RT
08/31/2024 06:40:00,20.93,0.00,PMXC6,RT
08/31/2024 06:50:00,20.89,0.00,PMXC6,RT
08/31/2024 07:00:00,20.89,0.00,PMXC6,RT
08/31/2024 07:10:00,20.89,0.00,PMXC6,RT
08/31/2024 07:20:00,20.93,0.00,PMXC6,RT
08/31/2024 07:30:00,20.93,0.00,PMXC6,RT
08/31/2024 07:40:00,20.93,0.00,PMXC6,RT
08/31/2024 07:50:00,20.93,0.00,PMXC6,RT
08/31/2024 08:00:00,20.93,0.00,PMXC6,RT
08/31/2024 08:10:00,20.93,0.00,PMXC6,RT
08/31/2024 08:20:00,20.93,0.00,PMXC6,RT
08/31/2024 08:30:00,20.93,0.00,PMXC6,RT
08/31/2024 08:40:00,20.93,0.00,PMXC6,RT
08/31/2024 08:50:00,20.93,0.00,PMXC6,RT
08/31/2024 09:00:00,20.93,0.00,PMXC6,RT
08/31/2024 09:10:00,20.89,0.00,PMXC6,RT
08/31/2024 09:20:00,20.98,0.00,PMXC6,RT
08/31/2024 09:30:00,20.98,0.00,PMXC6,RT
08/31/2024 09:40:00,20.98,0.00,PMXC6,RT
08/31/2024 09:50:00,20.98,0.00,PMXC6,RT
08/31/2024 10:00:00,20.98,0.00,PMXC6,RT
08/31/2024 10:10:00,20.98,0.00,PMXC6,RT
08/31/2024 10:20:00,21.02,0.00,PMXC6,RT
08/31/2024 10:30:00,21.02,0.00,PMXC6,RT
08/31/2024 10:40:00,21.02,0.00,PMXC6,RT
08/31/2024 10:50:00,21.02,0.00,PMXC6,RT
08/31/2024 11:00:00,21.02,0.00,PMXC6,RT
08/31/2024 11:10:00,21.02,0.00,PMXC6,RT
08/31/2024 11:20:00,21.02,0.00,PMXC6,RT
08/31/2024 11:30:00,21.02,0.00,PMXC6,RT
08/31/2024 11:40:00,20.98,0.00,PMXC6,RT
08/31/2024 11:50:00,20.93,0.00,PMXC6,RT
08/31/2024 12:00:00,20.93,0.00,PMXC6,RT
08/31/2024 12:10:00,20.89,0.00,PMXC6,RT
08/31/2024 12:20:00,20.93,0.00,PMXC6,RT
08/31/2024 12:30:00,20.93,0.00,PMXC6,RT
08/31/2024 12:40:00,20.93,0.00,PMXC6,RT
08/31/2024 12:50:00,20.93,0.00,PMXC6,RT
08/31/2024 13:00:00,20.93,0.00,PMXC6,RT
08/31/2024 13:10:00,20.93,0.00,PMXC6,RT
08/31/2024 13:20:00,20.89,0.00,PMXC6,RT
08/31/2024 13:30:00,20.85,0.00,PMXC6,RT
08/31/2024 13:40:00,20.93,0.00,PMXC6,RT
08/31/2024 13:50:00,20.93,0.00,PMXC6,RT
08/31/2024 14:00:00,20.98,0.00,PMXC6,RT
08/31/2024 14:10:00,20.93,0.00,PMXC6,RT
08/31/2024 14:20:00,20.98,0.00,PMXC6,RT
08/31/2024 14:30:00,20.93,0.00,PMXC6,RT
08/31/2024 14:40:00,20.93,0.00,PMXC6,RT
08/31/2024 14:50:00,20.93,0.00,PMXC6,RT
08/31/2024 15:00:00,20.93,0.00,PMXC6,RT
08/31/2024 15:10:00,20.93,0.00,PMXC6,RT
08/31/2024 15:20:00,20.93,0.00,PMXC6,RT
08/31/2024 15:30:00,20.89,0.00,PMXC6,RT
08/31/2024 15:40:00,20.89,0.00,PMXC6,RT
08/31/2024 15:50:00,20.89,0.00,PMXC6,RT
08/31/2024 16:00:00,20.93,0.00,PMXC6,RT
08/31/2024 16:10:00,20.93,0.00,PMXC6,RT
08/31/2024 16:20:00,20.89,0.00,PMXC6,RT
08/31/2024 16:30:00,20.85,0.00,PMXC6,RT
08/31/2024 16:40:00,20.89,0.00,PMXC6,RT
08/31/2024 16:50:00,20.93,0.00,PMXC6,RT
08/31/2024 17:00:00,20.89,0.00,PMXC6,RT
08/31/2024 17:10:00,20.93,0.00,PMXC6,RT
08/31/2024 17:20:00,20.89,0.00,PMXC6,RT
08/31/2024 17:30:00,20.93,0.00,PMXC6,RT
08/31/2024 17:40:00,20.89,0.00,PMXC6,RT
08/31/2024 17:50:00,20.93,0.00,PMXC6,RT
08/31/2024 18:00:00,20.89,0.00,PMXC6,RT
08/31/2024 18:10:00,20.98,0.00,PMXC6,RT
08/31/2024 18:20:00,20.93,0.00,PMXC6,RT
08/31/2024 18:30:00,20.98,0.00,PMXC6,RT
08/31/2024 18:40:00,20.93,0.00,PMXC6,RT
08/31/2024 18:50:00,20.89,0.00,PMXC6,RT
08/31/2024 19:00:00,20.89,0.00,PMXC6,RT
08/31/2024 19:10:00,20.89,165.36,PMXC6,RT
08/31/2024 19:20:00,20.85,164.56,PMXC6,RT
08/31/2024 19:30:00,20.85,164.56,PMXC6,RT
08/31/2024 19:40:00,20.85,0.00,PMXC6,RT
08/31/2024 19:50:00,20.85,0.00,PMXC6,RT
08/31/2024 20:00:00,20.85,0.00,PMXC6,RT
08/31/2024 20:10:00,20.85,0.00,PMXC6,RT
08/31/2024 20:20:00,20.89,0.00,PMXC6,RT
08/31/2024 20:30:00,20.85,0.00,PMXC6,RT
08/31/2024 20:40:00,20.89,0.00,PMXC6,RT
08/31/2024 20:50:00,20.85,0.00,PMXC6,RT
08/31/2024 21:00:00,20.85,0.00,PMXC6,RT
08/31/2024 21:10:00,20.85,0.00,PMXC6,RT
08/31/2024 21:20:00,20.89,0.00,PMXC6,RT
08/31/2024 21:30:00,20.85,0.00,PMXC6,RT
08/31/2024 21:40:00,20.89,0.00,PMXC6,RT
08/31/2024 21:50:00,20.85,0.00,PMXC6,RT
08/31/2024 22:00:00,20.85,0.00,PMXC6,RT
08/31/2024 22:10:00,20.89,0.00,PMXC6,RT
08/31/2024 22:20:00,20.85,0.00,PMXC6,RT
08/31/2024 22:30:00,20.85,0.00,PMXC6,RT
08/31/2024 22:40:00,20.85,0.00,PMXC6,RT
08/31/2024 22:50:00,20.85,0.00,PMXC6,RT
08/31/2024 23:00:00,20.85,0.00,PMXC6,RT
08/31/2024 23:10:00,20.93,0.00,PMXC6,RT
08/31/2024 23:20:00,20.93,0.00,PMXC6,RT
08/31/2024 23:30:00,20.93,0.00,PMXC6,RT
08/31/2024 23:40:00,20.93,0.00,PMXC6,RT
08/31/2024 23:50:00,20.93,0.00,PMXC6,RT
09/01/2024 00:00:00,20.89,0.00,PMXC6,RT
09/01/2024 00:10:00,20.93,0.00,PMXC6,RT
09/01/2024 00:20:00,20.93,0.00,PMXC6,RT
09/01/2024 00:30:00,20.93,0.00,PMXC6,RT
09/01/2024 00:40:00,20.89,0.00,PMXC6,RT
09/01/2024 00:50:00,20.89,0.00,PMXC6,RT
09/01/2024 01:00:00,20.93,0.00,PMXC6,RT
09/01/2024 01:10:00,20.89,0.00,PMXC6,RT
09/01/2024 01:20:00,20.93,0.00,PMXC6,RT
09/01/2024 01:30:00,20.93,0.00,PMXC6,RT
09/01/2024 01:40:00,20.93,0.00,PMXC6,RT
09/01/2024 01:50:00,20.89,0.00,PMXC6,RT
09/01/2024 02:00:00,20.93,0.00,PMXC6,RT
09/01/2024 02:10:00,20.93,0.00,PMXC6,RT
09/01/2024 02:20:00,20.93,0.00,PMXC6,RT
09/01/2024 02:30:00,20.93,0.00,PMXC6,RT
09/01/2024 02:40:00,20.93,0.00,PMXC6,RT
09/01/2024 02:50:00,20.93,0.00,PMXC6,RT
09/01/2024 03:00:00,20.89,0.00,PMXC6,RT
09/01/2024 03:10:00,20.89,0.00,PMXC6,RT
09/01/2024 03:20:00,20.89,0.00,PMXC6,RT
09/01/2024 03:30:00,20.85,0.00,PMXC6,RT
09/01/2024 03:40:00,20.89,0.00,PMXC6,RT
09/01/2024 03:50:00,20.89,0.00,PMXC6,RT
09/01/2024 04:00:00,20.85,0.00,PMXC6,RT
09/01/2024 04:10:00,20.89,0.00,PMXC6,RT
09/01/2024 04:20:00,20.93,0.00,PMXC6,RT
09/01/2024 04:30:00,20.93,0.00,PMXC6,RT
09/01/2024 04:40:00,20.98,0.00,PMXC6,RT
09/01/2024 04:50:00,20.89,0.00,PMXC6,RT
09/01/2024 05:00:00,20.89,0.00,PMXC6,RT
09/01/2024 05:10:00,20.89,0.00,PMXC6,RT
09/01/2024 05:20:00,20.93,0.00,PMXC6,RT
09/01/2024 05:30:00,20.98,0.00,PMXC6,RT
09/01/2024 05:40:00,20.93,0.00,PMXC6,RT
09/01/2024 05:50:00,20.93,0.00,PMXC6,RT
09/01/2024 06:00:00,20.98,0.00,PMXC6,RT
09/01/2024 06:10:00,20.98,0.00,PMXC6,RT
09/01/2024 06:20:00,20.98,0.00,PMXC6,RT
09/01/2024 06:30:00,20.98,0.00,PMXC6,RT
09/01/2024 06:40:00,20.98,0.00,PMXC6,RT
09/01/2024 06:50:00,20.98,0.00,PMXC6,RT
09/01/2024 07:00:00,20.98,0.00,PMXC6,RT
09/01/2024 07:10:00,20.93,0.00,PMXC6,RT
09/01/2024 07:20:00,20.98,0.00,PMXC6,RT
09/01/2024 07:30:00,21.02,0.00,PMXC6,RT
09/01/2024 07:40:00,21.02,0.00,PMXC6,RT
09/01/2024 07:50:00,20.98,0.00,PMXC6,RT
09/01/2024 08:00:00,20.98,0.00,PMXC6,RT
09/01/2024 08:10:00,20.98,0.00,PMXC6,RT
09/01/2024 08:20:00,21.02,0.00,PMXC6,RT
09/01/2024 08:30:00,20.98,0.00,PMXC6,RT
09/01/2024 08:40:00,20.98,0.00,PMXC6,RT
09/01/2024 08:50:00,20.98,0.00,PMXC6,RT
09/01/2024 09:00:00,21.02,0.00,PMXC6,RT
09/01/2024 09:10:00,21.02,0.00,PMXC6,RT
09/01/2024 09:20:00,21.02,0.00,PMXC6,RT
09/01/2024 09:30:00,21.02,0.00,PMXC6,RT
09/01/2024 09:40:00,21.06,0.00,PMXC6,RT
09/01/2024 09:50:00,20.98,0.00,PMXC6,RT
09/01/2024 10:00:00,21.02,0.00,PMXC6,RT
09/01/2024 10:10:00,21.06,0.00,PMXC6,RT
09/01/2024 10:20:00,21.06,0.00,PMXC6,RT
09/01/2024 10:30:00,21.02,0.00,PMXC6,RT
09/01/2024 10:40:00,21.02,0.00,PMXC6,RT
09/01/2024 10:50:00,20.98,0.00,PMXC6,RT
09/01/2024 11:00:00,21.02,0.00,PMXC6,RT
09/01/2024 11:10:00,20.98,0.00,PMXC6,RT
09/01/2024 11:20:00,21.02,0.00,PMXC6,RT
09/01/2024 11:30:00,20.93,0.00,PMXC6,RT
09/01/2024 11:40:00,20.98,0.00,PMXC6,RT
09/01/2024 11:50:00,20.98,165.36,PMXC6,RT
09/01/2024 12:00:00,20.98,166.16,PMXC6,RT
09/01/2024 12:10:00,20.93,170.40,PMXC6,RT
09/01/2024 12:20:00,20.93,170.40,PMXC6,RT
09/01/2024 12:30:00,20.93,170.40,PMXC6,RT
09/01/2024 12:40:00,20.85,170.40,PMXC6,RT
09/01/2024 12:50:00,20.89,169.52,PMXC6,RT
09/01/2024 13:00:00,20.85,170.40,PMXC6,RT
09/01/2024 13:10:00,20.89,170.40,PMXC6,RT
09/01/2024 13:20:00,20.80,170.40,PMXC6,RT
09/01/2024 13:30:00,20.72,170.40,PMXC6,RT
09/01/2024 13:40:00,20.89,181.44,PMXC6,RT
09/01/2024 13:50:00,20.93,181.44,PMXC6,RT
09/01/2024 14:00:00,20.85,0.00,PMXC6,RT
09/01/2024 14:10:00,20.85,0.00,PMXC6,RT
09/01/2024 14:20:00,20.76,0.00,PMXC6,RT
09/01/2024 14:30:00,20.72,0.00,PMXC6,RT
09/01/2024 14:40:00,20.63,0.00,PMXC6,RT
09/01/2024 14:50:00,20.59,0.00,PMXC6,RT
09/01/2024 15:00:00,20.68,0.00,PMXC6,RT
09/01/2024 15:10:00,20.68,0.00,PMXC6,RT
09/01/2024 15:20:00,20.72,0.00,PMXC6,RT
09/01/2024 15:30:00,20.68,0.00,PMXC6,RT
09/01/2024 15:40:00,20.68,0.00,PMXC6,RT
09/01/2024 15:50:00,20.68,0.00,PMXC6,RT
09/01/2024 16:00:00,20.72,0.00,PMXC6,RT
09/01/2024 16:10:00,20.72,0.00,PMXC6,RT
09/01/2024 16:20:00,20.68,0.00,PMXC6,RT
09/01/2024 16:30:00,20.72,0.00,PMXC6,RT
09/01/2024 16:40:00,20.68,0.00,PMXC6,RT
09/01/2024 16:50:00,20.72,0.00,PMXC6,RT
09/01/2024 17:00:00,20.68,0.00,PMXC6,RT
09/01/2024 17:10:00,20.72,0.00,PMXC6,RT
09/01/2024 17:20:00,20.72,0.00,PMXC6,RT
09/01/2024 17:30:00,20.72,0.00,PMXC6,RT
09/01/2024 17:40:00,20.68,0.00,PMXC6,RT
09/01/2024 17:50:00,20.72,0.00,PMXC6,RT
09/01/2024 18:00:00,20.68,0.00,PMXC6,RT
09/01/2024 18:10:00,20.72,0.00,PMXC6,RT
09/01/2024 18:20:00,20.76,0.00,PMXC6,RT
09/01/2024 18:30:00,20.80,0.00,PMXC6,RT
09/01/2024 18:40:00,20.80,0.00,PMXC6,RT
09/01/2024 18:50:00,20.85,0.00,PMXC6,RT
09/01/2024 19:00:00,20.89,0.00,PMXC6,RT
09/01/2024 19:10:00,20.80,0.00,PMXC6,RT
09/01/2024 19:20:00,20.76,0.00,PMXC6,RT
09/01/2024 19:30:00,20.80,0.00,PMXC6,RT
09/01/2024 19:40:00,20.80,0.00,PMXC6,RT
09/01/2024 19:50:00,20.76,0.00,PMXC6,RT
09/01/2024 20:00:00,20.76,0.00,PMXC6,RT
09/01/2024 20:10:00,20.85,0.00,PMXC6,RT
09/01/2024 20:20:00,20.80,0.00,PMXC6,RT
09/01/2024 20:30:00,20.80,0.00,PMXC6,RT
09/01/2024 20:40:00,20.80,0.00,PMXC6,RT
09/01/2024 20:50:00,20.80,0.00,PMXC6,RT
09/01/2024 21:00:00,20.85,0.00,PMXC6,RT
09/01/2024 21:10:00,20.80,0.00,PMXC6,RT
09/01/2024 21:20:00,20.85,0.00,PMXC6,RT
09/01/2024 21:30:00,20.80,0.00,PMXC6,RT
09/01/2024 21:40:00,20.80,0.00,PMXC6,RT
09/01/2024 21:50:00,20.85,0.00,PMXC6,RT
09/01/2024 22:00:00,20.85,0.00,PMXC6,RT
09/01/2024 22:10:00,20.85,0.00,PMXC6,RT
09/01/2024 22:20:00,20.80,0.00,PMXC6,RT
09/01/2024 22:30:00,20.85,0.00,PMXC6,RT
09/01/2024 22:40:00,20.85,0.00,PMXC6,RT
09/01/2024 22:50:00,20.85,0.00,PMXC6,RT
09/01/2024 23:00:00,20.85,0.00,PMXC6,RT
09/01/2024 23:10:00,20.85,0.00,PMXC6,RT
09/01/2024 23:20:00,20.85,0.00,PMXC6,RT
09/01/2024 23:30:00,20.85,0.00,PMXC6,RT
09/01/2024 23:40:00,20.85,0.00,PMXC6,RT
09/01/2024 23:50:00,20.80,0.00,PMXC6,RT
09/02/2024 00:00:00,20.85,0.00,PMXC6,RT
09/02/2024 00:10:00,20.85,0.00,PMXC6,RT
09/02/2024 00:20:00,20.85,0.00,PMXC6,RT
09/02/2024 00:30:00,20.80,0.00,PMXC6,RT
09/02/2024 00:40:00,20.85,0.00,PMXC6,RT
09/02/2024 00:50:00,20.85,0.00,PMXC6,RT
09/02/2024 01:00:00,20.80,0.00,PMXC6,RT
09/02/2024 01:10:00,20.80,0.00,PMXC6,RT
09/02/2024 01:20:00,20.85,0.00,PMXC6,RT
09/02/2024 01:30:00,20.85,0.00,PMXC6,RT
09/02/2024 01:40:00,20.80,0.00,PMXC6,RT
09/02/2024 01:50:00,20.85,0.00,PMXC6,RT
09/02/2024 02:00:00,20.80,0.00,PMXC6,RT
09/02/2024 02:10:00,20.80,0.00,PMXC6,RT
09/02/2024 02:20:00,20.85,0.00,PMXC6,RT
09/02/2024 02:30:00,20.80,0.00,PMXC6,RT
09/02/2024 02:40:00,20.85,0.00,PMXC6,RT
09/02/2024 02:50:00,20.85,0.00,PMXC6,RT
09/02/2024 03:00:00,20.89,0.00,PMXC6,RT
09/02/2024 03:10:00,20.89,0.00,PMXC6,RT
09/02/2024 03:20:00,20.89,0.00,PMXC6,RT
09/02/2024 03:30:00,20.89,0.00,PMXC6,RT
09/02/2024 03:40:00,20.89,0.00,PMXC6,RT
09/02/2024 03:50:00,20.89,0.00,PMXC6,RT
09/02/2024 04:00:00,20.89,0.00,PMXC6,RT
09/02/2024 04:10:00,20.89,0.00,PMXC6,RT
09/02/2024 04:20:00,20.85,0.00,PMXC6,RT
09/02/2024 04:30:00,20.93,0.00,PMXC6,RT
09/02/2024 04:40:00,20.93,0.00,PMXC6,RT
09/02/2024 04:50:00,20.89,0.00,PMXC6,RT
09/02/2024 05:00:00,20.89,0.00,PMXC6,RT
09/02/2024 05:10:00,20.89,0.00,PMXC6,RT
09/02/2024 05:20:00,20.89,0.00,PMXC6,RT
09/02/2024 05:30:00,20.89,0.00,PMXC6,RT
09/02/2024 05:40:00,20.93,0.00,PMXC6,RT
09/02/2024 05:50:00,20.98,0.00,PMXC6,RT
09/02/2024 06:00:00,20.93,0.00,PMXC6,RT
09/02/2024 06:10:00,20.93,0.00,PMXC6,RT
09/02/2024 06:20:00,20.93,0.00,PMXC6,RT
09/02/2024 06:30:00,20.98,0.00,PMXC6,RT
09/02/2024 06:40:00,20.93,0.00,PMXC6,RT
09/02/2024 06:50:00,20.98,0.00,PMXC6,RT
09/02/2024 07:00:00,20.93,0.00,PMXC6,RT
09/02/2024 07:10:00,20.98,0.00,PMXC6,RT
09/02/2024 07:20:00,20.93,0.00,PMXC6,RT
09/02/2024 07:30:00,20.98,0.00,PMXC6,RT
09/02/2024 07:40:00,20.98,0.00,PMXC6,RT
09/02/2024 07:50:00,20.98,184.80,PMXC6,RT
09/02/2024 08:00:00,20.93,182.32,PMXC6,RT
09/02/2024 08:10:00,20.89,182.32,PMXC6,RT
09/02/2024 08:20:00,20.85,182.32,PMXC6,RT
09/02/2024 08:30:00,20.85,182.32,PMXC6,RT
09/02/2024 08:40:00,20.85,182.32,PMXC6,RT
09/02/2024 08:50:00,20.76,182.32,PMXC6,RT
09/02/2024 09:00:00,20.76,182.32,PMXC6,RT
09/02/2024 09:10:00,20.42,182.32,PMXC6,RT
09/02/2024 09:20:00,20.33,182.32,PMXC6,RT
09/02/2024 09:30:00,20.42,181.44,PMXC6,RT
09/02/2024 09:40:00,20.55,182.32,PMXC6,RT
09/02/2024 09:50:00,20.55,182.32,PMXC6,RT
09/02/2024 10:00:00,20.59,181.44,PMXC6,RT
09/02/2024 10:10:00,20.59,182.32,PMXC6,RT
09/02/2024 10:20:00,20.63,181.44,PMXC6,RT
09/02/2024 10:30:00,20.59,182.32,PMXC6,RT
09/02/2024 10:40:00,20.55,182.32,PMXC6,RT
09/02/2024 10:50:00,20.59,182.32,PMXC6,RT
09/02/2024 11:00:00,20.59,181.44,PMXC6,RT
09/02/2024 11:10:00,20.55,181.44,PMXC6,RT
09/02/2024 11:20:00,20.59,182.32,PMXC6,RT
09/02/2024 11:30:00,20.55,182.32,PMXC6,RT
09/02/2024 11:40:00,20.59,182.32,PMXC6,RT
09/02/2024 11:50:00,20.55,181.44,PMXC6,RT
09/02/2024 12:00:00,20.55,182.32,PMXC6,RT
09/02/2024 12:10:00,20.55,181.44,PMXC6,RT
09/02/2024 12:20:00,20.55,182.32,PMXC6,RT
09/02/2024 12:30:00,20.55,181.44,PMXC6,RT
09/02/2024 12:40:00,20.55,182.32,PMXC6,RT
09/02/2024 12:50:00,20.59,181.44,PMXC6,RT
09/02/2024 13:00:00,20.59,181.44,PMXC6,RT
09/02/2024 13:10:00,20.55,181.44,PMXC6,RT
09/02/2024 13:20:00,20.55,181.44,PMXC6,RT
09/02/2024 13:30:00,20.59,181.44,PMXC6,RT
09/02/2024 13:40:00,20.55,181.44,PMXC6,RT
09/02/2024 13:50:00,20.55,181.44,PMXC6,RT
09/02/2024 14:00:00,20.59,181.44,PMXC6,RT
09/02/2024 14:10:00,20.59,182.32,PMXC6,RT
09/02/2024 14:20:00,20.55,182.32,PMXC6,RT
09/02/2024 14:30:00,20.59,181.44,PMXC6,RT
09/02/2024 14:40:00,20.59,181.44,PMXC6,RT
09/02/2024 14:50:00,20.50,181.44,PMXC6,RT
09/02/2024 15:00:00,20.50,181.44,PMXC6,RT
09/02/2024 15:10:00,20.55,181.44,PMXC6,RT
09/02/2024 15:20:00,20.55,181.44,PMXC6,RT
09/02/2024 15:30:00,20.59,181.44,PMXC6,RT
09/02/2024 15:40:00,20.55,181.44,PMXC6,RT
09/02/2024 15:50:00,20.59,182.32,PMXC6,RT
09/02/2024 16:00:00,20.55,181.44,PMXC6,RT
09/02/2024 16:10:00,20.55,181.44,PMXC6,RT
09/02/2024 16:20:00,20.55,181.44,PMXC6,RT
09/02/2024 16:30:00,20.55,181.44,PMXC6,RT
09/02/2024 16:40:00,20.55,181.44,PMXC6,RT
09/02/2024 16:50:00,20.55,181.44,PMXC6,RT
09/02/2024 17:00:00,20.55,181.44,PMXC6,RT
09/02/2024 17:10:00,20.59,181.44,PMXC6,RT
09/02/2024 17:20:00,20.50,0.00,PMXC6,RT
09/02/2024 17:30:00,20.55,0.00,PMXC6,RT
09/02/2024 17:40:00,20.50,0.00,PMXC6,RT
09/02/2024 17:50:00,20.55,0.00,PMXC6,RT
09/02/2024 18:00:00,20.55,0.00,PMXC6,RT
09/02/2024 18:10:00,20.55,0.00,PMXC6,RT
09/02/2024 18:20:00,20.55,0.00,PMXC6,RT
09/02/2024 18:30:00,20.55,0.00,PMXC6,RT
09/02/2024 18:40:00,20.59,0.00,PMXC6,RT
09/02/2024 18:50:00,20.63,0.00,PMXC6,RT
09/02/2024 19:00:00,20.59,0.00,PMXC6,RT
09/02/2024 19:10:00,20.59,0.00,PMXC6,RT
09/02/2024 19:20:00,20.63,0.00,PMXC6,RT
09/02/2024 19:30:00,20.63,0.00,PMXC6,RT
09/02/2024 19:40:00,20.59,0.00,PMXC6,RT
09/02/2024 19:50:00,20.63,0.00,PMXC6,RT
09/02/2024 20:00:00,20.63,0.00,PMXC6,RT
09/02/2024 20:10:00,20.63,0.00,PMXC6,RT
09/02/2024 20:20:00,20.63,0.00,PMXC6,RT
09/02/2024 20:30:00,20.63,0.00,PMXC6,RT
09/02/2024 20:40:00,20.68,0.00,PMXC6,RT
09/02/2024 20:50:00,20.72,0.00,PMXC6,RT
09/02/2024 21:00:00,20.68,0.00,PMXC6,RT
09/02/2024 21:10:00,20.68,0.00,PMXC6,RT
09/02/2024 21:20:00,20.68,0.00,PMXC6,RT
09/02/2024 21:30:00,20.72,0.00,PMXC6,RT
09/02/2024 21:40:00,20.68,0.00,PMXC6,RT
09/02/2024 21:50:00,20.72,0.00,PMXC6,RT
09/02/2024 22:00:00,20.76,0.00,PMXC6,RT
09/02/2024 22:10:00,20.68,0.00,PMXC6,RT
09/02/2024 22:20:00,20.72,0.00,PMXC6,RT
09/02/2024 22:30:00,20.68,0.00,PMXC6,RT
09/02/2024 22:40:00,20.68,0.00,PMXC6,RT
09/02/2024 22:50:00,20.68,0.00,PMXC6,RT
09/02/2024 23:00:00,20.72,0.00,PMXC6,RT
09/02/2024 23:10:00,20.68,0.00,PMXC6,RT
09/02/2024 23:20:00,20.76,0.00,PMXC6,RT
09/02/2024 23:30:00,20.72,0.00,PMXC6,RT
09/02/2024 23:40:00,20.72,0.00,PMXC6,RT
09/02/2024 23:50:00,20.72,0.00,PMXC6,RT
09/03/2024 00:00:00,20.72,0.00,PMXC6,RT
09/03/2024 00:10:00,20.76,0.00,PMXC6,RT
09/03/2024 00:20:00,20.76,0.00,PMXC6,RT
09/03/2024 00:30:00,20.76,0.00,PMXC6,RT
09/03/2024 00:40:00,20.76,0.00,PMXC6,RT
09/03/2024 00:50:00,20.72,0.00,PMXC6,RT
09/03/2024 01:00:00,20.76,0.00,PMXC6,RT
09/03/2024 01:10:00,20.72,0.00,PMXC6,RT
09/03/2024 01:20:00,20.72,0.00,PMXC6,RT
09/03/2024 01:30:00,20.76,0.00,PMXC6,RT
09/03/2024 01:40:00,20.76,0.00,PMXC6,RT
09/03/2024 01:50:00,20.80,0.00,PMXC6,RT
09/03/2024 02:00:00,20.76,0.00,PMXC6,RT
09/03/2024 02:10:00,20.80,0.00,PMXC6,RT
09/03/2024 02:20:00,20.76,0.00,PMXC6,RT
09/03/2024 02:30:00,20.85,0.00,PMXC6,RT
09/03/2024 02:40:00,20.85,0.00,PMXC6,RT
09/03/2024 02:50:00,20.89,0.00,PMXC6,RT
09/03/2024 03:00:00,20.85,0.00,PMXC6,RT
09/03/2024 03:10:00,20.80,0.00,PMXC6,RT
09/03/2024 03:20:00,20.80,0.00,PMXC6,RT
09/03/2024 03:30:00,20.80,0.00,PMXC6,RT
09/03/2024 03:40:00,20.85,0.00,PMXC6,RT
09/03/2024 03:50:00,20.85,0.00,PMXC6,RT
09/03/2024 04:00:00,20.85,0.20,PMXC6,RT
09/03/2024 04:10:00,20.80,0.00,PMXC6,RT
09/03/2024 04:20:00,20.85,0.00,PMXC6,RT
09/03/2024 04:30:00,20.85,0.00,PMXC6,RT
09/03/2024 04:40:00,20.85,0.00,PMXC6,RT
09/03/2024 04:50:00,20.89,0.00,PMXC6,RT
09/03/2024 05:00:00,20.93,0.00,PMXC6,RT
09/03/2024 05:10:00,20.85,0.00,PMXC6,RT
09/03/2024 05:20:00,20.89,0.00,PMXC6,RT
09/03/2024 05:30:00,20.89,0.00,PMXC6,RT
09/03/2024 05:40:00,20.93,0.00,PMXC6,RT
09/03/2024 05:50:00,20.89,0.00,PMXC6,RT
09/03/2024 06:00:00,20.93,0.00,PMXC6,RT
09/03/2024 06:10:00,20.89,0.00,PMXC6,RT
09/03/2024 06:20:00,20.93,0.00,PMXC6,RT
09/03/2024 06:30:00,20.89,0.00,PMXC6,RT
09/03/2024 06:40:00,20.93,0.00,PMXC6,RT
09/03/2024 06:50:00,20.93,0.00,PMXC6,RT
09/03/2024 07:00:00,20.93,0.00,PMXC6,RT
09/03/2024 07:10:00,20.93,0.00,PMXC6,RT
09/03/2024 07:20:00,20.98,0.00,PMXC6,RT
09/03/2024 07:30:00,20.93,0.00,PMXC6,RT
09/03/2024 07:40:00,20.89,0.00,PMXC6,RT
09/03/2024 07:50:00,20.93,0.00,PMXC6,RT
09/03/2024 08:00:00,20.98,0.00,PMXC6,RT
09/03/2024 08:10:00,20.93,0.00,PMXC6,RT
09/03/2024 08:20:00,20.93,0.00,PMXC6,RT
09/03/2024 08:30:00,20.98,0.00,PMXC6,RT
09/03/2024 08:40:00,20.98,0.00,PMXC6,RT
09/03/2024 08:50:00,20.98,0.00,PMXC6,RT
09/03/2024 09:00:00,20.98,0.00,PMXC6,RT
09/03/2024 09:10:00,20.98,0.00,PMXC6,RT
09/03/2024 09:20:00,20.98,185.68,PMXC6,RT
09/03/2024 09:30:00,21.02,0.00,PMXC6,RT
09/03/2024 09:40:00,21.02,0.00,PMXC6,RT
09/03/2024 09:50:00,21.02,0.00,PMXC6,RT
09/03/2024 10:00:00,21.02,0.00,PMXC6,RT
09/03/2024 10:10:00,21.02,0.00,PMXC6,RT
09/03/2024 10:20:00,20.98,188.16,PMXC6,RT
09/03/2024 10:30:00,21.02,183.12,PMXC6,RT
09/03/2024 10:40:00,21.02,182.32,PMXC6,RT
09/03/2024 10:50:00,21.06,182.32,PMXC6,RT
09/03/2024 11:00:00,21.06,182.32,PMXC6,RT
09/03/2024 11:10:00,21.10,181.44,PMXC6,RT
09/03/2024 11:20:00,21.06,181.44,PMXC6,RT
09/03/2024 11:30:00,21.06,181.44,PMXC6,RT
09/03/2024 11:40:00,21.06,181.44,PMXC6,RT
09/03/2024 11:50:00,21.06,181.44,PMXC6,RT
09/03/2024 12:00:00,21.10,181.44,PMXC6,RT
09/03/2024 12:10:00,21.10,181.44,PMXC6,RT
09/03/2024 12:20:00,21.10,181.44,PMXC6,RT
09/03/2024 12:30:00,21.15,181.44,PMXC6,RT
09/03/2024 12:40:00,21.15,181.44,PMXC6,RT
09/03/2024 12:50:00,21.19,180.64,PMXC6,RT
09/03/2024 13:00:00,21.19,182.32,PMXC6,RT
09/03/2024 13:10:00,21.19,181.44,PMXC6,RT
09/03/2024 13:20:00,21.19,181.44,PMXC6,RT
09/03/2024 13:30:00,21.19,181.44,PMXC6,RT
09/03/2024 13:40:00,21.23,181.44,PMXC6,RT
09/03/2024 13:50:00,21.23,181.44,PMXC6,RT
09/03/2024 14:00:00,21.28,181.44,PMXC6,RT
09/03/2024 14:10:00,21.28,181.44,PMXC6,RT
09/03/2024 14:20:00,21.28,181.44,PMXC6,RT
09/03/2024 14:30:00,21.32,181.44,PMXC6,RT
09/03/2024 14:40:00,21.32,181.44,PMXC6,RT
09/03/2024 14:50:00,21.32,181.44,PMXC6,RT
09/03/2024 15:00:00,21.32,181.44,PMXC6,RT
09/03/2024 15:10:00,21.36,181.44,PMXC6,RT
09/03/2024 15:20:00,21.36,181.44,PMXC6,RT
09/03/2024 15:30:00,21.36,181.44,PMXC6,RT
09/03/2024 15:40:00,21.32,181.44,PMXC6,RT
09/03/2024 15:50:00,21.36,181.44,PMXC6,RT
09/03/2024 16:00:00,21.32,181.44,PMXC6,RT
09/03/2024 16:10:00,21.40,181.44,PMXC6,RT
09/03/2024 16:20:00,21.36,181.44,PMXC6,RT
09/03/2024 16:30:00,21.40,181.44,PMXC6,RT
09/03/2024 16:40:00,21.45,181.44,PMXC6,RT
09/03/2024 16:50:00,21.40,181.44,PMXC6,RT
09/03/2024 17:00:00,21.36,181.44,PMXC6,RT
09/03/2024 17:10:00,21.40,181.44,PMXC6,RT
09/03/2024 17:20:00,21.36,0.00,PMXC6,RT
09/03/2024 17:30:00,21.36,0.00,PMXC6,RT
09/03/2024 17:40:00,21.32,0.00,PMXC6,RT
09/03/2024 17:50:00,21.28,0.00,PMXC6,RT
09/03/2024 18:00:00,21.32,0.00,PMXC6,RT
09/03/2024 18:10:00,21.32,0.00,PMXC6,RT
09/03/2024 18:20:00,21.32,0.00,PMXC6,RT
09/03/2024 18:30:00,21.28,0.00,PMXC6,RT
09/03/2024 18:40:00,21.28,0.00,PMXC6,RT
09/03/2024 18:50:00,21.23,0.00,PMXC6,RT
09/03/2024 19:00:00,21.23,0.00,PMXC6,RT
09/03/2024 19:10:00,21.19,0.00,PMXC6,RT
09/03/2024 19:20:00,21.23,0.00,PMXC6,RT
09/03/2024 19:30:00,21.19,0.00,PMXC6,RT
09/03/2024 19:40:00,21.19,0.00,PMXC6,RT
09/03/2024 19:50:00,21.23,0.00,PMXC6,RT
09/03/2024 20:00:00,21.19,0.00,PMXC6,RT
09/03/2024 20:10:00,21.19,0.00,PMXC6,RT
09/03/2024 20:20:00,21.15,0.00,PMXC6,RT
09/03/2024 20:30:00,21.19,0.00,PMXC6,RT
09/03/2024 20:40:00,21.15,0.00,PMXC6,RT
09/03/2024 20:50:00,21.15,0.00,PMXC6,RT
09/03/2024 21:00:00,21.15,0.00,PMXC6,RT
09/03/2024 21:10:00,21.15,0.00,PMXC6,RT
09/03/2024 21:20:00,21.06,0.00,PMXC6,RT
09/03/2024 21:30:00,21.10,0.00,PMXC6,RT
09/03/2024 21:40:00,21.06,0.00,PMXC6,RT
09/03/2024 21:50:00,21.06,0.00,PMXC6,RT
09/03/2024 22:00:00,21.02,0.00,PMXC6,RT
09/03/2024 22:10:00,21.06,0.00,PMXC6,RT
09/03/2024 22:20:00,21.06,0.00,PMXC6,RT
09/03/2024 22:30:00,21.06,0.00,PMXC6,RT
09/03/2024 22:40:00,21.15,0.00,PMXC6,RT
09/03/2024 22:50:00,21.10,0.00,PMXC6,RT
09/03/2024 23:00:00,21.10,0.00,PMXC6,RT
09/03/2024 23:10:00,21.06,0.00,PMXC6,RT
09/03/2024 23:20:00,21.02,0.00,PMXC6,RT
09/03/2024 23:30:00,21.06,0.00,PMXC6,RT
09/03/2024 23:40:00,21.06,0.00,PMXC6,RT
09/03/2024 23:50:00,21.02,0.00,PMXC6,RT
09/04/2024 00:00:00,21.06,0.00,PMXC6,RT
09/04/2024 00:10:00,21.06,0.00,PMXC6,RT
09/04/2024 00:20:00,21.02,0.00,PMXC6,RT
09/04/2024 00:30:00,21.02,0.00,PMXC6,RT
09/04/2024 00:40:00,21.02,0.00,PMXC6,RT
09/04/2024 00:50:00,21.02,0.00,PMXC6,RT
09/04/2024 01:00:00,21.02,0.00,PMXC6,RT
09/04/2024 01:10:00,21.02,0.00,PMXC6,RT
09/04/2024 01:20:00,20.98,0.00,PMXC6,RT
09/04/2024 01:30:00,20.93,0.00,PMXC6,RT
09/04/2024 01:40:00,20.98,0.00,PMXC6,RT
09/04/2024 01:50:00,21.02,0.00,PMXC6,RT
09/04/2024 02:00:00,20.98,0.00,PMXC6,RT
09/04/2024 02:10:00,20.98,0.00,PMXC6,RT
09/04/2024 02:20:00,20.93,0.00,PMXC6,RT
09/04/2024 02:30:00,20.93,0.00,PMXC6,RT
09/04/2024 02:40:00,20.93,0.00,PMXC6,RT
09/04/2024 02:50:00,20.85,0.00,PMXC6,RT
09/04/2024 03:00:00,20.72,0.00,PMXC6,RT
09/04/2024 03:10:00,20.85,0.00,PMXC6,RT
09/04/2024 03:20:00,20.85,0.00,PMXC6,RT
09/04/2024 03:30:00,20.89,0.00,PMXC6,RT
09/04/2024 03:40:00,20.89,0.00,PMXC6,RT
09/04/2024 03:50:00,20.93,0.00,PMXC6,RT
09/04/2024 04:00:00,20.93,0.00,PMXC6,RT
09/04/2024 04:10:00,20.93,0.00,PMXC6,RT
09/04/2024 04:20:00,20.89,0.00,PMXC6,RT
09/04/2024 04:30:00,20.93,0.00,PMXC6,RT
09/04/2024 04:40:00,20.93,0.00,PMXC6,RT
09/04/2024 04:50:00,20.98,0.00,PMXC6,RT
09/04/2024 05:00:00,20.93,0.00,PMXC6,RT
09/04/2024 05:10:00,20.98,0.00,PMXC6,RT
09/04/2024 05:20:00,20.93,0.00,PMXC6,RT
09/04/2024 05:30:00,20.93,0.00,PMXC6,RT
09/04/2024 05:40:00,21.02,0.00,PMXC6,RT
09/04/2024 05:50:00,20.98,0.00,PMXC6,RT
09/04/2024 06:00:00,20.98,0.00,PMXC6,RT
09/04/2024 06:10:00,21.02,0.00,PMXC6,RT
09/04/2024 06:20:00,20.98,0.00,PMXC6,RT
09/04/2024 06:30:00,20.98,0.00,PMXC6,RT
09/04/2024 06:40:00,20.98,0.00,PMXC6,RT
09/04/2024 06:50:00,20.98,0.00,PMXC6,RT
09/04/2024 07:00:00,21.02,0.00,PMXC6,RT
09/04/2024 07:10:00,21.06,0.00,PMXC6,RT
09/04/2024 07:20:00,21.02,0.00,PMXC6,RT
09/04/2024 07:30:00,21.02,0.00,PMXC6,RT
09/04/2024 07:40:00,21.02,0.00,PMXC6,RT
09/04/2024 07:50:00,21.02,0.00,PMXC6,RT
09/04/2024 08:00:00,21.02,183.12,PMXC6,RT
09/04/2024 08:10:00,20.98,182.32,PMXC6,RT
09/04/2024 08:20:00,21.06,182.32,PMXC6,RT
09/04/2024 08:30:00,20.98,182.32,PMXC6,RT
09/04/2024 08:40:00,20.98,182.32,PMXC6,RT
09/04/2024 08:50:00,20.98,182.32,PMXC6,RT
09/04/2024 09:00:00,20.98,182.32,PMXC6,RT
09/04/2024 09:10:00,20.93,182.32,PMXC6,RT
09/04/2024 09:20:00,20.93,182.32,PMXC6,RT
09/04/2024 09:30:00,20.85,181.44,PMXC6,RT
09/04/2024 09:40:00,20.93,181.44,PMXC6,RT
09/04/2024 09:50:00,20.89,182.32,PMXC6,RT
09/04/2024 10:00:00,20.98,182.32,PMXC6,RT
09/04/2024 10:10:00,20.98,182.32,PMXC6,RT
09/04/2024 10:20:00,20.93,182.32,PMXC6,RT
09/04/2024 10:30:00,20.98,182.32,PMXC6,RT
09/04/2024 10:40:00,20.89,181.44,PMXC6,RT
09/04/2024 10:50:00,20.89,181.44,PMXC6,RT
09/04/2024 11:00:00,20.85,182.32,PMXC6,RT
09/04/2024 11:10:00,20.85,182.32,PMXC6,RT
09/04/2024 11:20:00,20.85,181.44,PMXC6,RT
09/04/2024 11:30:00,20.85,181.44,PMXC6,RT
09/04/2024 11:40:00,20.80,185.68,PMXC6,RT
09/04/2024 11:50:00,20.85,184.80,PMXC6,RT
09/04/2024 12:00:00,20.80,185.68,PMXC6,RT
09/04/2024 12:10:00,20.59,188.96,PMXC6,RT
09/04/2024 12:20:00,20.37,185.68,PMXC6,RT
09/04/2024 12:30:00,20.42,188.96,PMXC6,RT
09/04/2024 12:40:00,20.46,187.28,PMXC6,RT
09/04/2024 12:50:00,20.59,185.68,PMXC6,RT
09/04/2024 13:00:00,20.68,184.80,PMXC6,RT
09/04/2024 13:10:00,20.63,0.00,PMXC6,RT
09/04/2024 13:20:00,20.68,186.48,PMXC6,RT
09/04/2024 13:30:00,20.63,185.68,PMXC6,RT
09/04/2024 13:40:00,20.63,184.80,PMXC6,RT
09/04/2024 13:50:00,20.63,185.68,PMXC6,RT
09/04/2024 14:00:00,20.59,0.00,PMXC6,RT
09/04/2024 14:10:00,20.59,0.00,PMXC6,RT
09/04/2024 14:20:00,20.55,0.00,PMXC6,RT
09/04/2024 14:30:00,20.55,0.00,PMXC6,RT
09/04/2024 14:40:00,20.59,0.00,PMXC6,RT
09/04/2024 14:50:00,20.59,0.00,PMXC6,RT
09/04/2024 15:00:00,20.55,0.00,PMXC6,RT
09/04/2024 15:10:00,20.55,0.00,PMXC6,RT
09/04/2024 15:20:00,20.55,0.00,PMXC6,RT
09/04/2024 15:30:00,20.50,0.00,PMXC6,RT
09/04/2024 15:40:00,20.50,0.00,PMXC6,RT
09/04/2024 15:50:00,20.50,0.00,PMXC6,RT
09/04/2024 16:00:00,20.50,0.00,PMXC6,RT
09/04/2024 16:10:00,20.46,0.00,PMXC6,RT
09/04/2024 16:20:00,20.50,0.00,PMXC6,RT
09/04/2024 16:30:00,20.59,0.00,PMXC6,RT
09/04/2024 16:40:00,20.63,0.00,PMXC6,RT
09/04/2024 16:50:00,20.63,0.00,PMXC6,RT
09/04/2024 17:00:00,20.63,0.00,PMXC6,RT
09/04/2024 17:10:00,20.63,0.00,PMXC6,RT
09/04/2024 17:20:00,20.59,0.00,PMXC6,RT
09/04/2024 17:30:00,20.59,0.00,PMXC6,RT
09/04/2024 17:40:00,20.55,0.00,PMXC6,RT
09/04/2024 17:50:00,20.59,0.00,PMXC6,RT
09/04/2024 18:00:00,20.59,0.00,PMXC6,RT
09/04/2024 18:10:00,20.59,0.00,PMXC6,RT
09/04/2024 18:20:00,20.59,0.00,PMXC6,RT
09/04/2024 18:30:00,20.63,0.00,PMXC6,RT
09/04/2024 18:40:00,20.63,0.00,PMXC6,RT
09/04/2024 18:50:00,20.68,0.00,PMXC6,RT
09/04/2024 19:00:00,20.72,0.00,PMXC6,RT
09/04/2024 19:10:00,20.63,0.00,PMXC6,RT
09/04/2024 19:20:00,20.63,0.00,PMXC6,RT
09/04/2024 19:30:00,20.63,0.00,PMXC6,RT
09/04/2024 19:40:00,20.68,0.00,PMXC6,RT
09/04/2024 19:50:00,20.63,0.00,PMXC6,RT
09/04/2024 20:00:00,20.68,0.00,PMXC6,RT
09/04/2024 20:10:00,20.68,0.00,PMXC6,RT
09/04/2024 20:20:00,20.68,0.00,PMXC6,RT
09/04/2024 20:30:00,20.68,0.00,PMXC6,RT
09/04/2024 20:40:00,20.68,0.00,PMXC6,RT
09/04/2024 20:50:00,20.72,0.00,PMXC6,RT
09/04/2024 21:00:00,20.68,0.00,PMXC6,RT
09/04/2024 21:10:00,20.72,0.00,PMXC6,RT
09/04/2024 21:20:00,20.72,0.00,PMXC6,RT
09/04/2024 21:30:00,20.76,0.00,PMXC6,RT
09/04/2024 21:40:00,20.68,0.00,PMXC6,RT
09/04/2024 21:50:00,20.76,0.00,PMXC6,RT
09/04/2024 22:00:00,20.72,0.00,PMXC6,RT
09/04/2024 22:10:00,20.76,0.00,PMXC6,RT
09/04/2024 22:20:00,20.72,0.00,PMXC6,RT
09/04/2024 22:30:00,20.76,0.00,PMXC6,RT
09/04/2024 22:40:00,20.72,0.00,PMXC6,RT
09/04/2024 22:50:00,20.76,0.00,PMXC6,RT
09/04/2024 23:00:00,20.72,0.00,PMXC6,RT
09/04/2024 23:10:00,20.72,0.00,PMXC6,RT
09/04/2024 23:20:00,20.76,0.00,PMXC6,RT
09/04/2024 23:30:00,20.76,0.00,PMXC6,RT
09/04/2024 23:40:00,20.72,0.00,PMXC6,RT
09/04/2024 23:50:00,20.76,0.00,PMXC6,RT
09/05/2024 00:00:00,20.72,0.00,PMXC6,RT
09/05/2024 00:10:00,20.76,0.00,PMXC6,RT
09/05/2024 00:20:00,20.80,0.00,PMXC6,RT
09/05/2024 00:30:00,20.76,0.00,PMXC6,RT
09/05/2024 00:40:00,20.76,0.00,PMXC6,RT
09/05/2024 00:50:00,20.80,0.00,PMXC6,RT
09/05/2024 01:00:00,20.80,0.00,PMXC6,RT
09/05/2024 01:10:00,20.80,0.00,PMXC6,RT
09/05/2024 01:20:00,20.80,0.00,PMXC6,RT
09/05/2024 01:30:00,20.80,0.00,PMXC6,RT
09/05/2024 01:40:00,20.80,0.00,PMXC6,RT
09/05/2024 01:50:00,20.76,0.00,PMXC6,RT
09/05/2024 02:00:00,20.80,0.00,PMXC6,RT
09/05/2024 02:10:00,20.85,0.00,PMXC6,RT
09/05/2024 02:20:00,20.80,0.00,PMXC6,RT
09/05/2024 02:30:00,20.80,0.00,PMXC6,RT
09/05/2024 02:40:00,20.80,0.00,PMXC6,RT
09/05/2024 02:50:00,20.80,0.00,PMXC6,RT
09/05/2024 03:00:00,20.80,0.00,PMXC6,RT
09/05/2024 03:10:00,20.80,0.00,PMXC6,RT
09/05/2024 03:20:00,20.80,0.00,PMXC6,RT
09/05/2024 03:30:00,20.80,0.00,PMXC6,RT
09/05/2024 03:40:00,20.72,0.00,PMXC6,RT
09/05/2024 03:50:00,20.76,0.00,PMXC6,RT
09/05/2024 04:00:00,20.76,0.00,PMXC6,RT
09/05/2024 04:10:00,20.72,0.00,PMXC6,RT
09/05/2024 04:20:00,20.76,0.00,PMXC6,RT
09/05/2024 04:30:00,20.72,0.00,PMXC6,RT
09/05/2024 04:40:00,20.76,0.00,PMXC6,RT
09/05/2024 04:50:00,20.76,0.00,PMXC6,RT
09/05/2024 05:00:00,20.76,0.00,PMXC6,RT
09/05/2024 05:10:00,20.72,0.00,PMXC6,RT
09/05/2024 05:20:00,20.80,0.00,PMXC6,RT
09/05/2024 05:30:00,20.80,0.00,PMXC6,RT
09/05/2024 05:40:00,20.76,0.00,PMXC6,RT
09/05/2024 05:50:00,20.76,0.00,PMXC6,RT
09/05/2024 06:00:00,20.76,0.00,PMXC6,RT
09/05/2024 06:10:00,20.80,0.00,PMXC6,RT
09/05/2024 06:20:00,20.80,0.00,PMXC6,RT
09/05/2024 06:30:00,20.72,0.00,PMXC6,RT
09/05/2024 06:40:00,20.80,0.00,PMXC6,RT
09/05/2024 06:50:00,20.80,0.00,PMXC6,RT
09/05/2024 07:00:00,20.80,0.00,PMXC6,RT
09/05/2024 07:10:00,20.85,0.00,PMXC6,RT
09/05/2024 07:20:00,20.85,0.00,PMXC6,RT
09/05/2024 07:30:00,20.80,0.00,PMXC6,RT
09/05/2024 07:40:00,20.76,0.00,PMXC6,RT
09/05/2024 07:50:00,20.76,0.00,PMXC6,RT
09/05/2024 08:00:00,20.76,0.00,PMXC6,RT
09/05/2024 08:10:00,20.72,0.00,PMXC6,RT
09/05/2024 08:20:00,20.76,0.00,PMXC6,RT
09/05/2024 08:30:00,20.68,0.00,PMXC6,RT
09/05/2024 08:40:00,20.72,0.00,PMXC6,RT
09/05/2024 08:50:00,20.72,0.00,PMXC6,RT
09/05/2024 09:00:00,20.72,0.00,PMXC6,RT
09/05/2024 09:10:00,20.68,0.00,PMXC6,RT
09/05/2024 09:20:00,20.72,0.00,PMXC6,RT
09/05/2024 09:30:00,20.72,0.00,PMXC6,RT
09/05/2024 09:40:00,20.72,0.00,PMXC6,RT
09/05/2024 09:50:00,20.76,0.00,PMXC6,RT
09/05/2024 10:00:00,20.76,0.00,PMXC6,RT
09/05/2024 10:10:00,20.76,0.00,PMXC6,RT
09/05/2024 10:20:00,20.80,0.00,PMXC6,RT
09/05/2024 10:30:00,20.76,0.00,PMXC6,RT
09/05/2024 10:40:00,20.76,0.00,PMXC6,RT
09/05/2024 10:50:00,20.76,0.00,PMXC6,RT
09/05/2024 11:00:00,20.76,0.00,PMXC6,RT
09/05/2024 11:10:00,20.76,0.00,PMXC6,RT
09/05/2024 11:20:00,20.76,0.00,PMXC6,RT
09/05/2024 11:30:00,20.72,0.00,PMXC6,RT
09/05/2024 11:40:00,20.72,0.00,PMXC6,RT
09/05/2024 11:50:00,20.80,0.00,PMXC6,RT
09/05/2024 12:00:00,20.72,0.00,PMXC6,RT
09/05/2024 12:10:00,20.72,0.00,PMXC6,RT
09/05/2024 12:20:00,20.72,0.00,PMXC6,RT
09/05/2024 12:30:00,20.76,0.00,PMXC6,RT
09/05/2024 12:40:00,20.72,0.00,PMXC6,RT
09/05/2024 12:50:00,20.68,0.00,PMXC6,RT
09/05/2024 13:00:00,20.76,0.00,PMXC6,RT
09/05/2024 13:10:00,20.72,0.20,PMXC6,RT
09/05/2024 13:20:00,20.72,0.00,PMXC6,RT
09/05/2024 13:30:00,20.72,0.00,PMXC6,RT
09/05/2024 13:40:00,20.72,0.00,PMXC6,RT
09/05/2024 13:50:00,20.63,0.00,PMXC6,RT
09/05/2024 14:00:00,20.63,0.00,PMXC6,RT
09/05/2024 14:10:00,20.72,0.00,PMXC6,RT
09/05/2024 14:20:00,20.63,0.00,PMXC6,RT
09/05/2024 14:30:00,20.72,0.00,PMXC6,RT
09/05/2024 14:40:00,20.68,0.00,PMXC6,RT
09/05/2024 14:50:00,20.68,0.00,PMXC6,RT
09/05/2024 15:00:00,20.68,0.00,PMXC6,RT
09/05/2024 15:10:00,20.68,0.00,PMXC6,RT
09/05/2024 15:20:00,20.63,0.00,PMXC6,RT
09/05/2024 15:30:00,20.68,0.00,PMXC6,RT
09/05/2024 15:40:00,20.68,0.00,PMXC6,RT
09/05/2024 15:50:00,20.68,0.00,PMXC6,RT
09/05/2024 16:00:00,20.63,0.00,PMXC6,RT
09/05/2024 16:10:00,20.68,0.00,PMXC6,RT
09/05/2024 16:20:00,20.59,0.20,PMXC6,RT
09/05/2024 16:30:00,20.63,0.00,PMXC6,RT
09/05/2024 16:40:00,20.59,0.00,PMXC6,RT
09/05/2024 16:50:00,20.59,0.00,PMXC6,RT
09/05/2024 17:00:00,20.59,0.00,PMXC6,RT
09/05/2024 17:10:00,20.59,0.00,PMXC6,RT
09/05/2024 17:20:00,20.55,0.00,PMXC6,RT
09/05/2024 17:30:00,20.55,0.00,PMXC6,RT
09/05/2024 17:40:00,20.59,0.00,PMXC6,RT
09/05/2024 17:50:00,20.59,0.00,PMXC6,RT
09/05/2024 18:00:00,20.55,0.00,PMXC6,RT
09/05/2024 18:10:00,20.59,0.00,PMXC6,RT
09/05/2024 18:20:00,20.63,0.00,PMXC6,RT
09/05/2024 18:30:00,20.59,0.00,PMXC6,RT
09/05/2024 18:40:00,20.63,0.00,PMXC6,RT
09/05/2024 18:50:00,20.63,0.00,PMXC6,RT
09/05/2024 19:00:00,20.63,0.00,PMXC6,RT
09/05/2024 19:10:00,20.68,0.00,PMXC6,RT
09/05/2024 19:20:00,20.68,0.00,PMXC6,RT
09/05/2024 19:30:00,20.68,0.00,PMXC6,RT
09/05/2024 19:40:00,20.68,0.00,PMXC6,RT
09/05/2024 19:50:00,20.72,0.00,PMXC6,RT
09/05/2024 20:00:00,20.72,0.00,PMXC6,RT
09/05/2024 20:10:00,20.72,0.00,PMXC6,RT
09/05/2024 20:20:00,20.68,0.00,PMXC6,RT
09/05/2024 20:30:00,20.68,0.00,PMXC6,RT
09/05/2024 20:40:00,20.72,0.00,PMXC6,RT
09/05/2024 20:50:00,20.72,0.00,PMXC6,RT
09/05/2024 21:00:00,20.76,0.00,PMXC6,RT
09/05/2024 21:10:00,20.72,0.00,PMXC6,RT
09/05/2024 21:20:00,20.72,0.00,PMXC6,RT
09/05/2024 21:30:00,20.76,0.00,PMXC6,RT
09/05/2024 21:40:00,20.76,0.00,PMXC6,RT
09/05/2024 21:50:00,20.72,0.00,PMXC6,RT
09/05/2024 22:00:00,20.72,0.00,PMXC6,RT
09/05/2024 22:10:00,20.76,0.00,PMXC6,RT
09/05/2024 22:20:00,20.72,0.00,PMXC6,RT
09/05/2024 22:30:00,20.72,0.00,PMXC6,RT
09/05/2024 22:40:00,20.76,0.00,PMXC6,RT
09/05/2024 22:50:00,20.72,0.00,PMXC6,RT
09/05/2024 23:00:00,20.80,0.00,PMXC6,RT
09/05/2024 23:10:00,20.76,0.00,PMXC6,RT
09/05/2024 23:20:00,20.76,0.00,PMXC6,RT
09/05/2024 23:30:00,20.76,0.00,PMXC6,RT
09/05/2024 23:40:00,20.76,0.00,PMXC6,RT
09/05/2024 23:50:00,20.80,0.00,PMXC6,RT
09/06/2024 00:00:00,20.76,0.00,PMXC6,RT
09/06/2024 00:10:00,20.76,0.00,PMXC6,RT
09/06/2024 00:20:00,20.85,0.00,PMXC6,RT
09/06/2024 00:30:00,20.85,0.00,PMXC6,RT
09/06/2024 00:40:00,20.85,0.00,PMXC6,RT
09/06/2024 00:50:00,20.85,0.00,PMXC6,RT
09/06/2024 01:00:00,20.80,0.00,PMXC6,RT
09/06/2024 01:10:00,20.85,0.00,PMXC6,RT
09/06/2024 01:20:00,20.85,0.00,PMXC6,RT
09/06/2024 01:30:00,20.80,0.00,PMXC6,RT
09/06/2024 01:40:00,20.85,0.00,PMXC6,RT
09/06/2024 01:50:00,20.85,0.00,PMXC6,RT
09/06/2024 02:00:00,20.89,0.00,PMXC6,RT
09/06/2024 02:10:00,20.85,0.00,PMXC6,RT
09/06/2024 02:20:00,20.89,0.00,PMXC6,RT
09/06/2024 02:30:00,20.89,0.00,PMXC6,RT
09/06/2024 02:40:00,20.89,0.00,PMXC6,RT
09/06/2024 02:50:00,20.89,0.00,PMXC6,RT
09/06/2024 03:00:00,20.89,0.00,PMXC6,RT
09/06/2024 03:10:00,20.89,0.00,PMXC6,RT
09/06/2024 03:20:00,20.89,0.00,PMXC6,RT
09/06/2024 03:30:00,20.93,0.00,PMXC6,RT
09/06/2024 03:40:00,20.85,0.00,PMXC6,RT
09/06/2024 03:50:00,20.85,0.00,PMXC6,RT
09/06/2024 04:00:00,20.93,0.00,PMXC6,RT
09/06/2024 04:10:00,20.93,0.00,PMXC6,RT
09/06/2024 04:20:00,20.89,0.00,PMXC6,RT
09/06/2024 04:30:00,20.89,0.00,PMXC6,RT
09/06/2024 04:40:00,20.89,0.00,PMXC6,RT
09/06/2024 04:50:00,20.89,0.00,PMXC6,RT
09/06/2024 05:00:00,20.85,0.00,PMXC6,RT
09/06/2024 05:10:00,20.85,0.00,PMXC6,RT
09/06/2024 05:20:00,20.85,0.00,PMXC6,RT
09/06/2024 05:30:00,20.80,0.00,PMXC6,RT
09/06/2024 05:40:00,20.80,0.00,PMXC6,RT
09/06/2024 05:50:00,20.85,0.00,PMXC6,RT
09/06/2024 06:00:00,20.85,0.00,PMXC6,RT
09/06/2024 06:10:00,20.85,0.00,PMXC6,RT
09/06/2024 06:20:00,20.85,0.00,PMXC6,RT
09/06/2024 06:30:00,20.85,0.00,PMXC6,RT
09/06/2024 06:40:00,20.85,0.00,PMXC6,RT
09/06/2024 06:50:00,20.85,0.00,PMXC6,RT
09/06/2024 07:00:00,20.89,0.00,PMXC6,RT
09/06/2024 07:10:00,20.89,0.00,PMXC6,RT
09/06/2024 07:20:00,20.89,0.00,PMXC6,RT
09/06/2024 07:30:00,20.85,0.00,PMXC6,RT
09/06/2024 07:40:00,20.89,0.00,PMXC6,RT
09/06/2024 07:50:00,20.89,0.00,PMXC6,RT
09/06/2024 08:00:00,20.89,0.00,PMXC6,RT
09/06/2024 08:10:00,20.89,0.00,PMXC6,RT
09/06/2024 08:20:00,20.89,0.00,PMXC6,RT
09/06/2024 08:30:00,20.89,0.00,PMXC6,RT
09/06/2024 08:40:00,20.89,0.00,PMXC6,RT
09/06/2024 08:50:00,20.93,0.00,PMXC6,RT
09/06/2024 09:00:00,20.93,0.00,PMXC6,RT
09/06/2024 09:10:00,20.93,0.00,PMXC6,RT
09/06/2024 09:20:00,20.98,0.00,PMXC6,RT
09/06/2024 09:30:00,20.93,0.00,PMXC6,RT
09/06/2024 09:40:00,20.89,0.00,PMXC6,RT
09/06/2024 09:50:00,20.93,0.00,PMXC6,RT
09/06/2024 10:00:00,20.93,0.00,PMXC6,RT
09/06/2024 10:10:00,20.85,0.00,PMXC6,RT
09/06/2024 10:20:00,20.85,0.20,PMXC6,RT
09/06/2024 10:30:00,20.85,0.00,PMXC6,RT
09/06/2024 10:40:00,20.76,0.00,PMXC6,RT
09/06/2024 10:50:00,20.68,0.00,PMXC6,RT
09/06/2024 11:00:00,20.68,0.00,PMXC6,RT
09/06/2024 11:10:00,20.72,0.00,PMXC6,RT
09/06/2024 11:20:00,20.63,0.00,PMXC6,RT
09/06/2024 11:30:00,20.68,0.00,PMXC6,RT
09/06/2024 11:40:00,20.63,0.00,PMXC6,RT
09/06/2024 11:50:00,20.63,0.00,PMXC6,RT
09/06/2024 12:00:00,20.63,0.00,PMXC6,RT
09/06/2024 12:10:00,20.63,0.00,PMXC6,RT
09/06/2024 12:20:00,20.59,0.00,PMXC6,RT
09/06/2024 12:30:00,20.59,0.00,PMXC6,RT
09/06/2024 12:40:00,20.63,0.00,PMXC6,RT
09/06/2024 12:50:00,20.59,0.00,PMXC6,RT
09/06/2024 13:00:00,20.63,0.00,PMXC6,RT
09/06/2024 13:10:00,20.55,0.00,PMXC6,RT
09/06/2024 13:20:00,20.55,0.00,PMXC6,RT
09/06/2024 13:30:00,20.50,0.20,PMXC6,RT
09/06/2024 13:40:00,20.46,0.00,PMXC6,RT
09/06/2024 13:50:00,20.46,0.00,PMXC6,RT
09/06/2024 14:00:00,20.46,0.00,PMXC6,RT
09/06/2024 14:10:00,20.37,0.00,PMXC6,RT
09/06/2024 14:20:00,20.42,0.00,PMXC6,RT
09/06/2024 14:30:00,20.46,0.00,PMXC6,RT
09/06/2024 14:40:00,20.42,0.00,PMXC6,RT
09/06/2024 14:50:00,20.42,0.00,PMXC6,RT
09/06/2024 15:00:00,20.42,0.00,PMXC6,RT
09/06/2024 15:10:00,20.42,0.00,PMXC6,RT
09/06/2024 15:20:00,20.42,0.00,PMXC6,RT
09/06/2024 15:30:00,20.42,0.00,PMXC6,RT
09/06/2024 15:40:00,20.37,0.00,PMXC6,RT
09/06/2024 15:50:00,20.37,0.00,PMXC6,RT
09/06/2024 16:00:00,20.37,0.00,PMXC6,RT
09/06/2024 16:10:00,20.42,0.00,PMXC6,RT
09/06/2024 16:20:00,20.42,0.00,PMXC6,RT
09/06/2024 16:30:00,20.37,0.00,PMXC6,RT
09/06/2024 16:40:00,20.42,0.00,PMXC6,RT
09/06/2024 16:50:00,20.37,0.00,PMXC6,RT
09/06/2024 17:00:00,20.42,0.00,PMXC6,RT
09/06/2024 17:10:00,20.42,0.00,PMXC6,RT
09/06/2024 17:20:00,20.37,0.00,PMXC6,RT
09/06/2024 17:30:00,20.37,0.00,PMXC6,RT
09/06/2024 17:40:00,20.37,0.00,PMXC6,RT
09/06/2024 17:50:00,20.42,0.00,PMXC6,RT
09/06/2024 18:00:00,20.42,0.00,PMXC6,RT
09/06/2024 18:10:00,20.37,0.00,PMXC6,RT
09/06/2024 18:20:00,20.37,0.00,PMXC6,RT
09/06/2024 18:30:00,20.33,0.00,PMXC6,RT
09/06/2024 18:40:00,20.37,0.00,PMXC6,RT
09/06/2024 18:50:00,20.33,0.00,PMXC6,RT
09/06/2024 19:00:00,20.33,0.00,PMXC6,RT
09/06/2024 19:10:00,20.33,0.00,PMXC6,RT
09/06/2024 19:20:00,20.33,0.00,PMXC6,RT
09/06/2024 19:30:00,20.37,0.00,PMXC6,RT
09/06/2024 19:40:00,20.37,0.00,PMXC6,RT
09/06/2024 19:50:00,20.37,0.00,PMXC6,RT
09/06/2024 20:00:00,20.42,0.00,PMXC6,RT
09/06/2024 20:10:00,20.42,0.00,PMXC6,RT
09/06/2024 20:20:00,20.42,0.00,PMXC6,RT
09/06/2024 20:30:00,20.46,0.00,PMXC6,RT
09/06/2024 20:40:00,20.42,0.00,PMXC6,RT
09/06/2024 20:50:00,20.46,0.00,PMXC6,RT
09/06/2024 21:00:00,20.42,0.00,PMXC6,RT
09/06/2024 21:10:00,20.46,0.00,PMXC6,RT
09/06/2024 21:20:00,20.46,0.00,PMXC6,RT
09/06/2024 21:30:00,20.46,0.00,PMXC6,RT
09/06/2024 21:40:00,20.46,0.00,PMXC6,RT
09/06/2024 21:50:00,20.50,0.00,PMXC6,RT
09/06/2024 22:00:00,20.50,0.00,PMXC6,RT
09/06/2024 22:10:00,20.50,0.00,PMXC6,RT
09/06/2024 22:20:00,20.50,0.00,PMXC6,RT
09/06/2024 22:30:00,20.55,0.00,PMXC6,RT
09/06/2024 22:40:00,20.59,0.00,PMXC6,RT
09/06/2024 22:50:00,20.55,0.00,PMXC6,RT
09/06/2024 23:00:00,20.55,0.00,PMXC6,RT
09/06/2024 23:10:00,20.55,0.00,PMXC6,RT
09/06/2024 23:20:00,20.59,0.00,PMXC6,RT
09/06/2024 23:30:00,20.59,0.00,PMXC6,RT
09/06/2024 23:40:00,20.59,0.00,PMXC6,RT
09/06/2024 23:50:00,20.59,0.00,PMXC6,RT
09/07/2024 00:00:00,20.59,0.00,PMXC6,RT
09/07/2024 00:10:00,20.59,0.00,PMXC6,RT
09/07/2024 00:20:00,20.63,0.00,PMXC6,RT
09/07/2024 00:30:00,20.59,0.00,PMXC6,RT
09/07/2024 00:40:00,20.59,0.00,PMXC6,RT
09/07/2024 00:50:00,20.59,0.00,PMXC6,RT
09/07/2024 01:00:00,20.63,0.00,PMXC6,RT
09/07/2024 01:10:00,20.68,0.00,PMXC6,RT
09/07/2024 01:20:00,20.63,0.00,PMXC6,RT
09/07/2024 01:30:00,20.68,0.00,PMXC6,RT
09/07/2024 01:40:00,20.63,0.00,PMXC6,RT
09/07/2024 01:50:00,20.68,0.00,PMXC6,RT
09/07/2024 02:00:00,20.68,0.00,PMXC6,RT
09/07/2024 02:10:00,20.68,0.00,PMXC6,RT
09/07/2024 02:20:00,20.72,0.00,PMXC6,RT
09/07/2024 02:30:00,20.72,0.00,PMXC6,RT
09/07/2024 02:40:00,20.72,0.00,PMXC6,RT
09/07/2024 02:50:00,20.76,0.00,PMXC6,RT
09/07/2024 03:00:00,20.72,0.00,PMXC6,RT
09/07/2024 03:10:00,20.72,0.00,PMXC6,RT
09/07/2024 03:20:00,20.72,0.00,PMXC6,RT
09/07/2024 03:30:00,20.72,0.00,PMXC6,RT
09/07/2024 03:40:00,20.72,0.00,PMXC6,RT
09/07/2024 03:50:00,20.72,0.00,PMXC6,RT
09/07/2024 04:00:00,20.76,0.00,PMXC6,RT
09/07/2024 04:10:00,20.72,0.00,PMXC6,RT
09/07/2024 04:20:00,20.72,0.00,PMXC6,RT
09/07/2024 04:30:00,20.72,0.00,PMXC6,RT
09/07/2024 04:40:00,20.72,0.00,PMXC6,RT
09/07/2024 04:50:00,20.68,0.00,PMXC6,RT
09/07/2024 05:00:00,20.72,0.00,PMXC6,RT
09/07/2024 05:10:00,20.72,0.00,PMXC6,RT
09/07/2024 05:20:00,20.76,0.00,PMXC6,RT
09/07/2024 05:30:00,20.68,0.00,PMXC6,RT
09/07/2024 05:40:00,20.76,0.00,PMXC6,RT
09/07/2024 05:50:00,20.76,0.00,PMXC6,RT
09/07/2024 06:00:00,20.72,0.00,PMXC6,RT
09/07/2024 06:10:00,20.72,0.00,PMXC6,RT
09/07/2024 06:20:00,20.72,0.00,PMXC6,RT
09/07/2024 06:30:00,20.76,0.00,PMXC6,RT
09/07/2024 06:40:00,20.76,0.00,PMXC6,RT
09/07/2024 06:50:00,20.76,0.00,PMXC6,RT
09/07/2024 07:00:00,20.76,0.00,PMXC6,RT
09/07/2024 07:10:00,20.80,0.00,PMXC6,RT
09/07/2024 07:20:00,20.76,0.00,PMXC6,RT
09/07/2024 07:30:00,20.76,0.00,PMXC6,RT
09/07/2024 07:40:00,20.80,0.00,PMXC6,RT
09/07/2024 07:50:00,20.76,0.00,PMXC6,RT
09/07/2024 08:00:00,20.76,0.00,PMXC6,RT
09/07/2024 08:10:00,20.80,0.00,PMXC6,RT
09/07/2024 08:20:00,20.76,0.00,PMXC6,RT
09/07/2024 08:30:00,20.76,0.00,PMXC6,RT
09/07/2024 08:40:00,20.80,0.00,PMXC6,RT
09/07/2024 08:50:00,20.76,0.00,PMXC6,RT
09/07/2024 09:00:00,20.80,0.00,PMXC6,RT
09/07/2024 09:10:00,20.76,0.00,PMXC6,RT
09/07/2024 09:20:00,20.80,0.00,PMXC6,RT
09/07/2024 09:30:00,20.76,0.00,PMXC6,RT
09/07/2024 09:40:00,20.80,0.00,PMXC6,RT
09/07/2024 09:50:00,20.80,0.00,PMXC6,RT
09/07/2024 10:00:00,20.80,0.00,PMXC6,RT
09/07/2024 10:10:00,20.80,0.00,PMXC6,RT
09/07/2024 10:20:00,20.80,0.00,PMXC6,RT
09/07/2024 10:30:00,20.85,0.00,PMXC6,RT
09/07/2024 10:40:00,20.85,0.00,PMXC6,RT
09/07/2024 10:50:00,20.80,0.00,PMXC6,RT
09/07/2024 11:00:00,20.85,0.00,PMXC6,RT
09/07/2024 11:10:00,20.80,0.00,PMXC6,RT
09/07/2024 11:20:00,20.85,0.00,PMXC6,RT
09/07/2024 11:30:00,20.85,0.00,PMXC6,RT
09/07/2024 11:40:00,20.85,0.00,PMXC6,RT
09/07/2024 11:50:00,20.85,0.00,PMXC6,RT
09/07/2024 12:00:00,20.80,0.00,PMXC6,RT
09/07/2024 12:10:00,20.80,194.00,PMXC6,RT
09/07/2024 12:20:00,20.80,194.00,PMXC6,RT
09/07/2024 12:30:00,20.85,194.00,PMXC6,RT
09/07/2024 12:40:00,20.93,0.00,PMXC6,RT
09/07/2024 12:50:00,20.93,0.00,PMXC6,RT
09/07/2024 13:00:00,20.89,0.00,PMXC6,RT
09/07/2024 13:10:00,20.85,0.00,PMXC6,RT
09/07/2024 13:20:00,20.85,0.00,PMXC6,RT
09/07/2024 13:30:00,20.76,0.00,PMXC6,RT
09/07/2024 13:40:00,20.76,0.00,PMXC6,RT
09/07/2024 13:50:00,20.72,0.00,PMXC6,RT
09/07/2024 14:00:00,20.72,0.00,PMXC6,RT
09/07/2024 14:10:00,20.68,0.00,PMXC6,RT
09/07/2024 14:20:00,20.59,0.00,PMXC6,RT
09/07/2024 14:30:00,20.59,0.00,PMXC6,RT
09/07/2024 14:40:00,20.59,0.00,PMXC6,RT
09/07/2024 14:50:00,20.55,0.00,PMXC6,RT
09/07/2024 15:00:00,20.55,0.00,PMXC6,RT
09/07/2024 15:10:00,20.50,0.00,PMXC6,RT
09/07/2024 15:20:00,20.55,0.00,PMXC6,RT
09/07/2024 15:30:00,20.46,0.00,PMXC6,RT
09/07/2024 15:40:00,20.46,0.00,PMXC6,RT
09/07/2024 15:50:00,20.46,0.00,PMXC6,RT
09/07/2024 16:00:00,20.46,0.00,PMXC6,RT
09/07/2024 16:10:00,20.42,0.00,PMXC6,RT
09/07/2024 16:20:00,20.42,0.00,PMXC6,RT
09/07/2024 16:30:00,20.42,0.00,PMXC6,RT
09/07/2024 16:40:00,20.42,0.00,PMXC6,RT
09/07/2024 16:50:00,20.42,0.00,PMXC6,RT
09/07/2024 17:00:00,20.37,0.00,PMXC6,RT
09/07/2024 17:10:00,20.37,0.00,PMXC6,RT
09/07/2024 17:20:00,20.37,0.00,PMXC6,RT
09/07/2024 17:30:00,20.37,0.00,PMXC6,RT
09/07/2024 17:40:00,20.33,0.00,PMXC6,RT
09/07/2024 17:50:00,20.33,0.00,PMXC6,RT
09/07/2024 18:00:00,20.33,0.00,PMXC6,RT
09/07/2024 18:10:00,20.37,0.00,PMXC6,RT
09/07/2024 18:20:00,20.33,0.00,PMXC6,RT
09/07/2024 18:30:00,20.37,0.00,PMXC6,RT
09/07/2024 18:40:00,20.33,0.00,PMXC6,RT
09/07/2024 18:50:00,20.33,0.00,PMXC6,RT
09/07/2024 19:00:00,20.42,0.00,PMXC6,RT
09/07/2024 19:10:00,20.33,0.00,PMXC6,RT
09/07/2024 19:20:00,20.42,0.00,PMXC6,RT
09/07/2024 19:30:00,20.42,0.00,PMXC6,RT
09/07/2024 19:40:00,20.42,0.00,PMXC6,RT
09/07/2024 19:50:00,20.42,0.00,PMXC6,RT
09/07/2024 20:00:00,20.50,0.00,PMXC6,RT
09/07/2024 20:10:00,20.50,0.00,PMXC6,RT
09/07/2024 20:20:00,20.46,0.00,PMXC6,RT
09/07/2024 20:30:00,20.46,0.00,PMXC6,RT
09/07/2024 20:40:00,20.46,0.00,PMXC6,RT
09/07/2024 20:50:00,20.50,0.00,PMXC6,RT
09/07/2024 21:00:00,20.50,0.00,PMXC6,RT
09/07/2024 21:10:00,20.50,0.00,PMXC6,RT
09/07/2024 21:20:00,20.50,0.00,PMXC6,RT
09/07/2024 21:30:00,20.46,0.00,PMXC6,RT
09/07/2024 21:40:00,20.55,0.00,PMXC6,RT
09/07/2024 21:50:00,20.50,0.00,PMXC6,RT
09/07/2024 22:00:00,20.50,0.00,PMXC6,RT
09/07/2024 22:10:00,20.55,0.00,PMXC6,RT
09/07/2024 22:20:00,20.50,0.00,PMXC6,RT
09/07/2024 22:30:00,20.50,0.00,PMXC6,RT
09/07/2024 22:40:00,20.59,0.00,PMXC6,RT
09/07/2024 22:50:00,20.55,0.00,PMXC6,RT
09/07/2024 23:00:00,20.55,0.00,PMXC6,RT
09/07/2024 23:10:00,20.55,0.00,PMXC6,RT
09/07/2024 23:20:00,20.50,0.00,PMXC6,RT
09/07/2024 23:30:00,20.55,0.00,PMXC6,RT
09/07/2024 23:40:00,20.55,0.00,PMXC6,RT
09/07/2024 23:50:00,20.59,0.00,PMXC6,RT
09/08/2024 00:00:00,20.59,0.00,PMXC6,RT
09/08/2024 00:10:00,20.59,0.00,PMXC6,RT
09/08/2024 00:20:00,20.63,0.00,PMXC6,RT
09/08/2024 00:30:00,20.63,0.00,PMXC6,RT
09/08/2024 00:40:00,20.63,0.00,PMXC6,RT
09/08/2024 00:50:00,20.59,0.00,PMXC6,RT
09/08/2024 01:00:00,20.63,0.00,PMXC6,RT
09/08/2024 01:10:00,20.63,0.00,PMXC6,RT
09/08/2024 01:20:00,20.63,0.00,PMXC6,RT
09/08/2024 01:30:00,20.63,0.00,PMXC6,RT
09/08/2024 01:40:00,20.63,0.00,PMXC6,RT
09/08/2024 01:50:00,20.68,0.00,PMXC6,RT
09/08/2024 02:00:00,20.68,0.00,PMXC6,RT
09/08/2024 02:10:00,20.68,0.00,PMXC6,RT
09/08/2024 02:20:00,20.68,0.00,PMXC6,RT
09/08/2024 02:30:00,20.68,0.00,PMXC6,RT
09/08/2024 02:40:00,20.68,0.00,PMXC6,RT
09/08/2024 02:50:00,20.72,0.00,PMXC6,RT
09/08/2024 03:00:00,20.68,0.00,PMXC6,RT
09/08/2024 03:10:00,20.72,0.00,PMXC6,RT
09/08/2024 03:20:00,20.76,0.00,PMXC6,RT
09/08/2024 03:30:00,20.76,0.00,PMXC6,RT
09/08/2024 03:40:00,20.72,0.00,PMXC6,RT
09/08/2024 03:50:00,20.68,0.00,PMXC6,RT
09/08/2024 04:00:00,20.68,0.00,PMXC6,RT
09/08/2024 04:10:00,20.68,0.00,PMXC6,RT
09/08/2024 04:20:00,20.68,0.00,PMXC6,RT
09/08/2024 04:30:00,20.68,0.00,PMXC6,RT
09/08/2024 04:40:00,20.68,0.00,PMXC6,RT
09/08/2024 04:50:00,20.72,0.00,PMXC6,RT
09/08/2024 05:00:00,20.72,0.00,PMXC6,RT
09/08/2024 05:10:00,20.63,0.00,PMXC6,RT
09/08/2024 05:20:00,20.63,0.00,PMXC6,RT
09/08/2024 05:30:00,20.63,0.00,PMXC6,RT
09/08/2024 05:40:00,20.68,0.00,PMXC6,RT
09/08/2024 05:50:00,20.63,0.00,PMXC6,RT
09/08/2024 06:00:00,20.68,0.00,PMXC6,RT
09/08/2024 06:10:00,20.68,0.00,PMXC6,RT
09/08/2024 06:20:00,20.68,0.00,PMXC6,RT
09/08/2024 06:30:00,20.68,0.00,PMXC6,RT
09/08/2024 06:40:00,20.68,0.00,PMXC6,RT
09/08/2024 06:50:00,20.76,0.00,PMXC6,RT
09/08/2024 07:00:00,20.68,0.00,PMXC6,RT
09/08/2024 07:10:00,20.72,0.00,PMXC6,RT
09/08/2024 07:20:00,20.72,0.00,PMXC6,RT
09/08/2024 07:30:00,20.72,0.00,PMXC6,RT
09/08/2024 07:40:00,20.72,0.00,PMXC6,RT
09/08/2024 07:50:00,20.76,0.00,PMXC6,RT
09/08/2024 08:00:00,20.76,0.00,PMXC6,RT
09/08/2024 08:10:00,20.72,0.00,PMXC6,RT
09/08/2024 08:20:00,20.72,0.00,PMXC6,RT
09/08/2024 08:30:00,20.72,0.00,PMXC6,RT
09/08/2024 08:40:00,20.72,0.00,PMXC6,RT
09/08/2024 08:50:00,20.76,0.00,PMXC6,RT
09/08/2024 09:00:00,20.72,0.00,PMXC6,RT
09/08/2024 09:10:00,20.72,0.00,PMXC6,RT
09/08/2024 09:20:00,20.80,0.00,PMXC6,RT
09/08/2024 09:30:00,20.80,0.00,PMXC6,RT
09/08/2024 09:40:00,20.76,0.00,PMXC6,RT
09/08/2024 09:50:00,20.80,0.00,PMXC6,RT
09/08/2024 10:00:00,20.76,0.00,PMXC6,RT
09/08/2024 10:10:00,20.76,0.00,PMXC6,RT
09/08/2024 10:20:00,20.80,0.00,PMXC6,RT
09/08/2024 10:30:00,20.80,0.00,PMXC6,RT
09/08/2024 10:40:00,20.80,0.00,PMXC6,RT
09/08/2024 10:50:00,20.80,0.00,PMXC6,RT
09/08/2024 11:00:00,20.76,0.00,PMXC6,RT
09/08/2024 11:10:00,20.85,0.00,PMXC6,RT
09/08/2024 11:20:00,20.80,0.00,PMXC6,RT
09/08/2024 11:30:00,20.80,0.00,PMXC6,RT
09/08/2024 11:40:00,20.89,0.00,PMXC6,RT
09/08/2024 11:50:00,20.80,0.00,PMXC6,RT
09/08/2024 12:00:00,20.85,0.00,PMXC6,RT
09/08/2024 12:10:00,20.85,0.00,PMXC6,RT
09/08/2024 12:20:00,20.80,0.00,PMXC6,RT
09/08/2024 12:30:00,20.85,0.00,PMXC6,RT
09/08/2024 12:40:00,20.85,0.00,PMXC6,RT
09/08/2024 12:50:00,20.85,0.00,PMXC6,RT
09/08/2024 13:00:00,20.85,0.00,PMXC6,RT
09/08/2024 13:10:00,20.76,0.00,PMXC6,RT
09/08/2024 13:20:00,20.80,0.00,PMXC6,RT
09/08/2024 13:30:00,20.85,0.00,PMXC6,RT
09/08/2024 13:40:00,20.80,0.00,PMXC6,RT
09/08/2024 13:50:00,20.85,0.00,PMXC6,RT
09/08/2024 14:00:00,20.85,0.00,PMXC6,RT
09/08/2024 14:10:00,20.80,0.00,PMXC6,RT
09/08/2024 14:20:00,20.80,0.00,PMXC6,RT
09/08/2024 14:30:00,20.80,0.00,PMXC6,RT
09/08/2024 14:40:00,20.80,0.00,PMXC6,RT
09/08/2024 14:50:00,20.76,0.00,PMXC6,RT
09/08/2024 15:00:00,20.80,0.00,PMXC6,RT
09/08/2024 15:10:00,20.80,0.00,PMXC6,RT
09/08/2024 15:20:00,20.72,0.00,PMXC6,RT
09/08/2024 15:30:00,20.76,0.00,PMXC6,RT
09/08/2024 15:40:00,20.72,0.00,PMXC6,RT
09/08/2024 15:50:00,20.76,0.00,PMXC6,RT
09/08/2024 16:00:00,20.76,0.00,PMXC6,RT
09/08/2024 16:10:00,20.76,0.00,PMXC6,RT
09/08/2024 16:20:00,20.76,0.00,PMXC6,RT
09/08/2024 16:30:00,20.72,0.00,PMXC6,RT
09/08/2024 16:40:00,20.68,0.00,PMXC6,RT
09/08/2024 16:50:00,20.72,0.00,PMXC6,RT
09/08/2024 17:00:00,20.72,0.00,PMXC6,RT
09/08/2024 17:10:00,20.76,0.00,PMXC6,RT
09/08/2024 17:20:00,20.72,0.00,PMXC6,RT
09/08/2024 17:30:00,20.68,0.00,PMXC6,RT
09/08/2024 17:40:00,20.68,0.00,PMXC6,RT
09/08/2024 17:50:00,20.72,0.00,PMXC6,RT
09/08/2024 18:00:00,20.72,0.00,PMXC6,RT
09/08/2024 18:10:00,20.68,0.00,PMXC6,RT
09/08/2024 18:20:00,20.72,0.00,PMXC6,RT
09/08/2024 18:30:00,20.72,0.00,PMXC6,RT
09/08/2024 18:40:00,20.72,0.00,PMXC6,RT
09/08/2024 18:50:00,20.76,0.00,PMXC6,RT
09/08/2024 19:00:00,20.72,0.00,PMXC6,RT
09/08/2024 19:10:00,20.72,0.00,PMXC6,RT
09/08/2024 19:20:00,20.76,0.00,PMXC6,RT
09/08/2024 19:30:00,20.68,0.00,PMXC6,RT
09/08/2024 19:40:00,20.72,0.00,PMXC6,RT
09/08/2024 19:50:00,20.76,0.00,PMXC6,RT
09/08/2024 20:00:00,20.68,0.00,PMXC6,RT
09/08/2024 20:10:00,20.72,0.00,PMXC6,RT
09/08/2024 20:20:00,20.76,0.00,PMXC6,RT
09/08/2024 20:30:00,20.72,0.00,PMXC6,RT
09/08/2024 20:40:00,20.76,0.00,PMXC6,RT
09/08/2024 20:50:00,20.72,0.00,PMXC6,RT
09/08/2024 21:00:00,20.76,0.00,PMXC6,RT
09/08/2024 21:10:00,20.72,0.00,PMXC6,RT
09/08/2024 21:20:00,20.76,0.00,PMXC6,RT
09/08/2024 21:30:00,20.76,0.00,PMXC6,RT
09/08/2024 21:40:00,20.72,0.00,PMXC6,RT
09/08/2024 21:50:00,20.76,0.00,PMXC6,RT
09/08/2024 22:00:00,20.76,0.00,PMXC6,RT
09/08/2024 22:10:00,20.72,0.00,PMXC6,RT
09/08/2024 22:20:00,20.76,0.00,PMXC6,RT
09/08/2024 22:30:00,20.76,0.00,PMXC6,RT
09/08/2024 22:40:00,20.72,0.00,PMXC6,RT
09/08/2024 22:50:00,20.72,0.00,PMXC6,RT
09/08/2024 23:00:00,20.72,0.00,PMXC6,RT
09/08/2024 23:10:00,20.76,0.00,PMXC6,RT
09/08/2024 23:20:00,20.76,0.00,PMXC6,RT
09/08/2024 23:30:00,20.80,0.00,PMXC6,RT
09/08/2024 23:40:00,20.76,0.00,PMXC6,RT
09/08/2024 23:50:00,20.76,0.00,PMXC6,RT
09/09/2024 00:00:00,20.76,0.00,PMXC6,RT
09/09/2024 00:10:00,20.76,0.00,PMXC6,RT
09/09/2024 00:20:00,20.80,0.00,PMXC6,RT
09/09/2024 00:30:00,20.76,0.00,PMXC6,RT
09/09/2024 00:40:00,20.76,0.00,PMXC6,RT
09/09/2024 00:50:00,20.76,0.00,PMXC6,RT
09/09/2024 01:00:00,20.76,0.00,PMXC6,RT
09/09/2024 01:10:00,20.76,0.00,PMXC6,RT
09/09/2024 01:20:00,20.76,0.00,PMXC6,RT
09/09/2024 01:30:00,20.80,0.00,PMXC6,RT
09/09/2024 01:40:00,20.80,0.00,PMXC6,RT
09/09/2024 01:50:00,20.85,0.00,PMXC6,RT
09/09/2024 02:00:00,20.80,0.00,PMXC6,RT
09/09/2024 02:10:00,20.85,0.00,PMXC6,RT
09/09/2024 02:20:00,20.85,0.00,PMXC6,RT
09/09/2024 02:30:00,20.80,0.00,PMXC6,RT
09/09/2024 02:40:00,20.85,0.00,PMXC6,RT
09/09/2024 02:50:00,20.85,0.00,PMXC6,RT
09/09/2024 03:00:00,20.85,0.00,PMXC6,RT
09/09/2024 03:10:00,20.85,0.00,PMXC6,RT
09/09/2024 03:20:00,20.85,0.00,PMXC6,RT
09/09/2024 03:30:00,20.85,0.00,PMXC6,RT
09/09/2024 03:40:00,20.85,0.00,PMXC6,RT
09/09/2024 03:50:00,20.85,0.00,PMXC6,RT
09/09/2024 04:00:00,20.85,0.00,PMXC6,RT
09/09/2024 04:10:00,20.85,0.00,PMXC6,RT
09/09/2024 04:20:00,20.85,0.00,PMXC6,RT
09/09/2024 04:30:00,20.89,0.00,PMXC6,RT
09/09/2024 04:40:00,20.85,0.00,PMXC6,RT
09/09/2024 04:50:00,20.89,0.00,PMXC6,RT
09/09/2024 05:00:00,20.80,0.00,PMXC6,RT
09/09/2024 05:10:00,20.85,0.00,PMXC6,RT
09/09/2024 05:20:00,20.85,0.00,PMXC6,RT
09/09/2024 05:30:00,20.80,0.00,PMXC6,RT
09/09/2024 05:40:00,20.80,0.00,PMXC6,RT
09/09/2024 05:50:00,20.85,0.00,PMXC6,RT
09/09/2024 06:00:00,20.85,0.00,PMXC6,RT
09/09/2024 06:10:00,20.80,0.00,PMXC6,RT
09/09/2024 06:20:00,20.85,0.00,PMXC6,RT
09/09/2024 06:30:00,20.85,0.00,PMXC6,RT
09/09/2024 06:40:00,20.85,0.00,PMXC6,RT
09/09/2024 06:50:00,20.89,0.00,PMXC6,RT
09/09/2024 07:00:00,20.85,0.00,PMXC6,RT
09/09/2024 07:10:00,20.85,0.00,PMXC6,RT
09/09/2024 07:20:00,20.85,0.00,PMXC6,RT
09/09/2024 07:30:00,20.80,0.00,PMXC6,RT
09/09/2024 07:40:00,20.76,0.00,PMXC6,RT
09/09/2024 07:50:00,20.76,0.00,PMXC6,RT
09/09/2024 08:00:00,20.72,0.00,PMXC6,RT
09/09/2024 08:10:00,20.72,0.00,PMXC6,RT
09/09/2024 08:20:00,20.72,0.00,PMXC6,RT
09/09/2024 08:30:00,20.68,0.00,PMXC6,RT
09/09/2024 08:40:00,20.72,0.00,PMXC6,RT
09/09/2024 08:50:00,20.72,0.00,PMXC6,RT
09/09/2024 09:00:00,20.72,0.00,PMXC6,RT
09/09/2024 09:10:00,20.72,0.00,PMXC6,RT
09/09/2024 09:20:00,20.72,0.00,PMXC6,RT
09/09/2024 09:30:00,20.72,0.00,PMXC6,RT
09/09/2024 09:40:00,20.72,0.00,PMXC6,RT
09/09/2024 09:50:00,20.68,0.00,PMXC6,RT
09/09/2024 10:00:00,20.72,0.00,PMXC6,RT
09/09/2024 10:10:00,20.68,0.00,PMXC6,RT
09/09/2024 10:20:00,20.72,0.00,PMXC6,RT
09/09/2024 10:30:00,20.68,0.00,PMXC6,RT
09/09/2024 10:40:00,20.72,0.00,PMXC6,RT
09/09/2024 10:50:00,20.72,0.00,PMXC6,RT
09/09/2024 11:00:00,20.72,0.00,PMXC6,RT
09/09/2024 11:10:00,20.68,0.00,PMXC6,RT
09/09/2024 11:20:00,20.72,0.00,PMXC6,RT
09/09/2024 11:30:00,20.72,0.00,PMXC6,RT
09/09/2024 11:40:00,20.72,0.00,PMXC6,RT
09/09/2024 11:50:00,20.72,0.00,PMXC6,RT
09/09/2024 12:00:00,20.72,0.00,PMXC6,RT
09/09/2024 12:10:00,20.72,0.00,PMXC6,RT
09/09/2024 12:20:00,20.68,0.00,PMXC6,RT
09/09/2024 12:30:00,20.72,0.00,PMXC6,RT
09/09/2024 12:40:00,20.72,0.00,PMXC6,RT
09/09/2024 12:50:00,20.72,0.00,PMXC6,RT
09/09/2024 13:00:00,20.72,0.00,PMXC6,RT
09/09/2024 13:10:00,20.72,0.00,PMXC6,RT
09/09/2024 13:20:00,20.72,0.00,PMXC6,RT
09/09/2024 13:30:00,20.72,0.00,PMXC6,RT
09/09/2024 13:40:00,20.68,0.00,PMXC6,RT
09/09/2024 13:50:00,20.68,0.00,PMXC6,RT
09/09/2024 14:00:00,20.68,0.20,PMXC6,RT
09/09/2024 14:10:00,20.68,0.00,PMXC6,RT
09/09/2024 14:20:00,20.68,0.00,PMXC6,RT
09/09/2024 14:30:00,20.63,0.00,PMXC6,RT
09/09/2024 14:40:00,20.59,0.00,PMXC6,RT
09/09/2024 14:50:00,20.63,0.00,PMXC6,RT
09/09/2024 15:00:00,20.63,0.00,PMXC6,RT
09/09/2024 15:10:00,20.59,0.00,PMXC6,RT
09/09/2024 15:20:00,20.59,0.00,PMXC6,RT
09/09/2024 15:30:00,20.59,0.00,PMXC6,RT
09/09/2024 15:40:00,20.59,0.00,PMXC6,RT
09/09/2024 15:50:00,20.55,0.00,PMXC6,RT
09/09/2024 16:00:00,20.59,0.00,PMXC6,RT
09/09/2024 16:10:00,20.55,0.00,PMXC6,RT
09/09/2024 16:20:00,20.55,0.00,PMXC6,RT
09/09/2024 16:30:00,20.50,0.00,PMXC6,RT
09/09/2024 16:40:00,20.46,0.00,PMXC6,RT
09/09/2024 16:50:00,20.50,0.00,PMXC6,RT
09/09/2024 17:00:00,20.55,0.00,PMXC6,RT
09/09/2024 17:10:00,20.50,0.00,PMXC6,RT
09/09/2024 17:20:00,20.50,0.00,PMXC6,RT
09/09/2024 17:30:00,20.50,0.00,PMXC6,RT
09/09/2024 17:40:00,20.50,0.00,PMXC6,RT
09/09/2024 17:50:00,20.50,0.00,PMXC6,RT
09/09/2024 18:00:00,20.55,0.00,PMXC6,RT
09/09/2024 18:10:00,20.59,0.00,PMXC6,RT
09/09/2024 18:20:00,20.55,0.00,PMXC6,RT
09/09/2024 18:30:00,20.55,0.00,PMXC6,RT
09/09/2024 18:40:00,20.55,0.00,PMXC6,RT
09/09/2024 18:50:00,20.55,0.00,PMXC6,RT
09/09/2024 19:00:00,20.55,0.00,PMXC6,RT
09/09/2024 19:10:00,20.55,0.00,PMXC6,RT
09/09/2024 19:20:00,20.55,0.00,PMXC6,RT
09/09/2024 19:30:00,20.55,0.00,PMXC6,RT
09/09/2024 19:40:00,20.59,0.00,PMXC6,RT
09/09/2024 19:50:00,20.59,0.00,PMXC6,RT
09/09/2024 20:00:00,20.59,0.00,PMXC6,RT
09/09/2024 20:10:00,20.63,0.00,PMXC6,RT
09/09/2024 20:20:00,20.59,0.00,PMXC6,RT
09/09/2024 20:30:00,20.63,0.00,PMXC6,RT
09/09/2024 20:40:00,20.59,0.00,PMXC6,RT
09/09/2024 20:50:00,20.63,0.00,PMXC6,RT
09/09/2024 21:00:00,20.63,0.00,PMXC6,RT
09/09/2024 21:10:00,20.68,0.00,PMXC6,RT
09/09/2024 21:20:00,20.72,0.00,PMXC6,RT
09/09/2024 21:30:00,20.63,0.00,PMXC6,RT
09/09/2024 21:40:00,20.63,0.00,PMXC6,RT
09/09/2024 21:50:00,20.68,0.00,PMXC6,RT
09/09/2024 22:00:00,20.68,0.00,PMXC6,RT
09/09/2024 22:10:00,20.63,0.00,PMXC6,RT
09/09/2024 22:20:00,20.68,0.00,PMXC6,RT
09/09/2024 22:30:00,20.72,0.00,PMXC6,RT
09/09/2024 22:40:00,20.68,0.00,PMXC6,RT
09/09/2024 22:50:00,20.68,0.00,PMXC6,RT
09/09/2024 23:00:00,20.72,0.00,PMXC6,RT
09/09/2024 23:10:00,20.68,0.00,PMXC6,RT
09/09/2024 23:20:00,20.72,0.00,PMXC6,RT
09/09/2024 23:30:00,20.72,0.00,PMXC6,RT
09/09/2024 23:40:00,20.72,0.00,PMXC6,RT
09/09/2024 23:50:00,20.72,0.00,PMXC6,RT
09/10/2024 00:00:00,20.72,0.00,PMXC6,RT
09/10/2024 00:10:00,20.72,0.00,PMXC6,RT
09/10/2024 00:20:00,20.68,0.00,PMXC6,RT
09/10/2024 00:30:00,20.68,0.00,PMXC6,RT
09/10/2024 00:40:00,20.72,0.00,PMXC6,RT
09/10/2024 00:50:00,20.68,0.00,PMXC6,RT
09/10/2024 01:00:00,20.68,0.00,PMXC6,RT
09/10/2024 01:10:00,20.68,0.00,PMXC6,RT
09/10/2024 01:20:00,20.68,0.00,PMXC6,RT
09/10/2024 01:30:00,20.72,0.00,PMXC6,RT
09/10/2024 01:40:00,20.72,0.00,PMXC6,RT
09/10/2024 01:50:00,20.63,0.00,PMXC6,RT
09/10/2024 02:00:00,20.72,0.00,PMXC6,RT
09/10/2024 02:10:00,20.68,0.00,PMXC6,RT
09/10/2024 02:20:00,20.72,0.00,PMXC6,RT
09/10/2024 02:30:00,20.72,0.00,PMXC6,RT
09/10/2024 02:40:00,20.68,0.00,PMXC6,RT
09/10/2024 02:50:00,20.72,0.00,PMXC6,RT
09/10/2024 03:00:00,20.72,0.00,PMXC6,RT
09/10/2024 03:10:00,20.68,0.00,PMXC6,RT
09/10/2024 03:20:00,20.68,0.00,PMXC6,RT
09/10/2024 03:30:00,20.72,0.00,PMXC6,RT
09/10/2024 03:40:00,20.72,0.00,PMXC6,RT
09/10/2024 03:50:00,20.72,0.00,PMXC6,RT
09/10/2024 04:00:00,20.76,0.00,PMXC6,RT
09/10/2024 04:10:00,20.68,0.00,PMXC6,RT
09/10/2024 04:20:00,20.76,0.00,PMXC6,RT
09/10/2024 04:30:00,20.72,0.00,PMXC6,RT
09/10/2024 04:40:00,20.76,0.00,PMXC6,RT
09/10/2024 04:50:00,20.80,0.00,PMXC6,RT
09/10/2024 05:00:00,20.76,0.00,PMXC6,RT
09/10/2024 05:10:00,20.80,0.00,PMXC6,RT
09/10/2024 05:20:00,20.76,0.00,PMXC6,RT
09/10/2024 05:30:00,20.76,0.00,PMXC6,RT
09/10/2024 05:40:00,20.76,0.00,PMXC6,RT
09/10/2024 05:50:00,20.80,0.00,PMXC6,RT
09/10/2024 06:00:00,20.80,0.00,PMXC6,RT
09/10/2024 06:10:00,20.80,0.00,PMXC6,RT
09/10/2024 06:20:00,20.80,0.00,PMXC6,RT
09/10/2024 06:30:00,20.76,0.00,PMXC6,RT
09/10/2024 06:40:00,20.80,0.00,PMXC6,RT
09/10/2024 06:50:00,20.80,0.00,PMXC6,RT
09/10/2024 07:00:00,20.85,0.00,PMXC6,RT
09/10/2024 07:10:00,20.85,0.00,PMXC6,RT
09/10/2024 07:20:00,20.85,0.00,PMXC6,RT
09/10/2024 07:30:00,20.85,0.00,PMXC6,RT
09/10/2024 07:40:00,20.85,0.00,PMXC6,RT
09/10/2024 07:50:00,20.85,0.00,PMXC6,RT
09/10/2024 08:00:00,20.85,0.00,PMXC6,RT
09/10/2024 08:10:00,20.80,0.00,PMXC6,RT
09/10/2024 08:20:00,20.85,0.00,PMXC6,RT
09/10/2024 08:30:00,20.76,0.00,PMXC6,RT
09/10/2024 08:40:00,20.76,0.00,PMXC6,RT
09/10/2024 08:50:00,20.76,0.00,PMXC6,RT
09/10/2024 09:00:00,20.76,0.00,PMXC6,RT
09/10/2024 09:10:00,20.76,0.00,PMXC6,RT
09/10/2024 09:20:00,20.80,0.00,PMXC6,RT
09/10/2024 09:30:00,20.80,0.00,PMXC6,RT
09/10/2024 09:40:00,20.76,0.00,PMXC6,RT
09/10/2024 09:50:00,20.76,0.00,PMXC6,RT
09/10/2024 10:00:00,20.76,0.00,PMXC6,RT
09/10/2024 10:10:00,20.76,0.00,PMXC6,RT
09/10/2024 10:20:00,20.80,0.00,PMXC6,RT
09/10/2024 10:30:00,20.80,0.00,PMXC6,RT
09/10/2024 10:40:00,20.76,0.00,PMXC6,RT
09/10/2024 10:50:00,20.80,0.00,PMXC6,RT
09/10/2024 11:00:00,20.76,0.00,PMXC6,RT
09/10/2024 11:10:00,20.76,0.00,PMXC6,RT
09/10/2024 11:20:00,20.80,0.00,PMXC6,RT
09/10/2024 11:30:00,20.80,0.00,PMXC6,RT
09/10/2024 11:40:00,20.76,0.00,PMXC6,RT
09/10/2024 11:50:00,20.80,0.00,PMXC6,RT
09/10/2024 12:00:00,20.80,0.00,PMXC6,RT
09/10/2024 12:10:00,20.76,170.40,PMXC6,RT
09/10/2024 12:20:00,20.72,170.40,PMXC6,RT
09/10/2024 12:30:00,20.68,170.40,PMXC6,RT
09/10/2024 12:40:00,20.76,0.00,PMXC6,RT
09/10/2024 12:50:00,20.80,0.00,PMXC6,RT
09/10/2024 13:00:00,20.76,0.00,PMXC6,RT
09/10/2024 13:10:00,20.72,0.00,PMXC6,RT
09/10/2024 13:20:00,20.72,0.00,PMXC6,RT
09/10/2024 13:30:00,20.72,0.00,PMXC6,RT
09/10/2024 13:40:00,20.72,0.00,PMXC6,RT
09/10/2024 13:50:00,20.72,0.00,PMXC6,RT
09/10/2024 14:00:00,20.63,0.00,PMXC6,RT
09/10/2024 14:10:00,20.63,0.00,PMXC6,RT
09/10/2024 14:20:00,20.63,0.00,PMXC6,RT
09/10/2024 14:30:00,20.63,0.00,PMXC6,RT
09/10/2024 14:40:00,20.63,0.00,PMXC6,RT
09/10/2024 14:50:00,20.63,0.00,PMXC6,RT
09/10/2024 15:00:00,20.55,0.00,PMXC6,RT
09/10/2024 15:10:00,20.59,0.00,PMXC6,RT
09/10/2024 15:20:00,20.50,0.00,PMXC6,RT
09/10/2024 15:30:00,20.50,0.00,PMXC6,RT
09/10/2024 15:40:00,20.55,0.00,PMXC6,RT
09/10/2024 15:50:00,20.50,0.00,PMXC6,RT
09/10/2024 16:00:00,20.50,0.00,PMXC6,RT
09/10/2024 16:10:00,20.46,0.00,PMXC6,RT
09/10/2024 16:20:00,20.50,0.00,PMXC6,RT
09/10/2024 16:30:00,20.50,0.00,PMXC6,RT
09/10/2024 16:40:00,20.55,0.00,PMXC6,RT
09/10/2024 16:50:00,20.50,0.00,PMXC6,RT
09/10/2024 17:00:00,20.55,0.20,PMXC6,RT
09/10/2024 17:10:00,20.55,0.00,PMXC6,RT
09/10/2024 17:20:00,20.55,0.00,PMXC6,RT
09/10/2024 17:30:00,20.55,0.00,PMXC6,RT
09/10/2024 17:40:00,20.55,0.00,PMXC6,RT
09/10/2024 17:50:00,20.55,0.00,PMXC6,RT
09/10/2024 18:00:00,20.59,0.00,PMXC6,RT
09/10/2024 18:10:00,20.55,0.00,PMXC6,RT
09/10/2024 18:20:00,20.59,0.00,PMXC6,RT
09/10/2024 18:30:00,20.59,0.00,PMXC6,RT
09/10/2024 18:40:00,20.59,0.00,PMXC6,RT
09/10/2024 18:50:00,20.59,0.00,PMXC6,RT
09/10/2024 19:00:00,20.59,0.00,PMXC6,RT
09/10/2024 19:10:00,20.59,0.00,PMXC6,RT
09/10/2024 19:20:00,20.63,0.00,PMXC6,RT
09/10/2024 19:30:00,20.63,0.00,PMXC6,RT
09/10/2024 19:40:00,20.63,0.00,PMXC6,RT
09/10/2024 19:50:00,20.63,0.00,PMXC6,RT
09/10/2024 20:00:00,20.63,0.00,PMXC6,RT
09/10/2024 20:10:00,20.63,0.00,PMXC6,RT
09/10/2024 20:20:00,20.68,0.00,PMXC6,RT
09/10/2024 20:30:00,20.63,0.00,PMXC6,RT
09/10/2024 20:40:00,20.63,0.00,PMXC6,RT
09/10/2024 20:50:00,20.68,0.00,PMXC6,RT
09/10/2024 21:00:00,20.63,0.00,PMXC6,RT
09/10/2024 21:10:00,20.68,0.00,PMXC6,RT
09/10/2024 21:20:00,20.63,0.00,PMXC6,RT
09/10/2024 21:30:00,20.68,0.00,PMXC6,RT
09/10/2024 21:40:00,20.63,0.00,PMXC6,RT
09/10/2024 21:50:00,20.63,0.00,PMXC6,RT
09/10/2024 22:00:00,20.68,0.00,PMXC6,RT
09/10/2024 22:10:00,20.63,0.00,PMXC6,RT
09/10/2024 22:20:00,20.63,0.00,PMXC6,RT
09/10/2024 22:30:00,20.63,0.00,PMXC6,RT
09/10/2024 22:40:00,20.59,0.00,PMXC6,RT
09/10/2024 22:50:00,20.68,0.00,PMXC6,RT
09/10/2024 23:00:00,20.63,0.00,PMXC6,RT
09/10/2024 23:10:00,20.63,0.00,PMXC6,RT
09/10/2024 23:20:00,20.72,0.00,PMXC6,RT
09/10/2024 23:30:00,20.63,0.00,PMXC6,RT
09/10/2024 23:40:00,20.63,0.00,PMXC6,RT
09/10/2024 23:50:00,20.72,0.00,PMXC6,RT
09/11/2024 00:00:00,20.68,0.00,PMXC6,RT
09/11/2024 00:10:00,20.68,0.00,PMXC6,RT
09/11/2024 00:20:00,20.76,0.00,PMXC6,RT
09/11/2024 00:30:00,20.72,0.00,PMXC6,RT
09/11/2024 00:40:00,20.76,0.00,PMXC6,RT
09/11/2024 00:50:00,20.76,0.00,PMXC6,RT
09/11/2024 01:00:00,20.76,0.00,PMXC6,RT
09/11/2024 01:10:00,20.80,0.00,PMXC6,RT
09/11/2024 01:20:00,20.76,0.00,PMXC6,RT
09/11/2024 01:30:00,20.76,0.00,PMXC6,RT
09/11/2024 01:40:00,20.76,0.00,PMXC6,RT
09/11/2024 01:50:00,20.80,0.00,PMXC6,RT
09/11/2024 02:00:00,20.80,0.00,PMXC6,RT
09/11/2024 02:10:00,20.85,0.00,PMXC6,RT
09/11/2024 02:20:00,20.76,0.00,PMXC6,RT
09/11/2024 02:30:00,20.80,0.00,PMXC6,RT
09/11/2024 02:40:00,20.80,0.00,PMXC6,RT
09/11/2024 02:50:00,20.76,0.00,PMXC6,RT
09/11/2024 03:00:00,20.80,0.00,PMXC6,RT
09/11/2024 03:10:00,20.80,0.00,PMXC6,RT
09/11/2024 03:20:00,20.80,0.00,PMXC6,RT
09/11/2024 03:30:00,20.85,0.00,PMXC6,RT
09/11/2024 03:40:00,20.80,0.00,PMXC6,RT
09/11/2024 03:50:00,20.80,0.00,PMXC6,RT
09/11/2024 04:00:00,20.80,0.00,PMXC6,RT
09/11/2024 04:10:00,20.80,0.00,PMXC6,RT
09/11/2024 04:20:00,20.76,0.00,PMXC6,RT
09/11/2024 04:30:00,20.76,0.00,PMXC6,RT
09/11/2024 04:40:00,20.76,0.00,PMXC6,RT
09/11/2024 04:50:00,20.76,0.00,PMXC6,RT
09/11/2024 05:00:00,20.80,0.00,PMXC6,RT
09/11/2024 05:10:00,20.80,0.00,PMXC6,RT
09/11/2024 05:20:00,20.76,0.00,PMXC6,RT
09/11/2024 05:30:00,20.76,0.00,PMXC6,RT
09/11/2024 05:40:00,20.76,0.00,PMXC6,RT
09/11/2024 05:50:00,20.76,0.00,PMXC6,RT
09/11/2024 06:00:00,20.76,0.00,PMXC6,RT
09/11/2024 06:10:00,20.80,0.00,PMXC6,RT
09/11/2024 06:20:00,20.76,0.00,PMXC6,RT
09/11/2024 06:30:00,20.76,0.00,PMXC6,RT
09/11/2024 06:40:00,20.76,0.00,PMXC6,RT
09/11/2024 06:50:00,20.76,0.00,PMXC6,RT
09/11/2024 07:00:00,20.76,0.00,PMXC6,RT
09/11/2024 07:10:00,20.76,0.00,PMXC6,RT
09/11/2024 07:20:00,20.76,0.00,PMXC6,RT
09/11/2024 07:30:00,20.76,0.00,PMXC6,RT
09/11/2024 07:40:00,20.76,0.00,PMXC6,RT
09/11/2024 07:50:00,20.76,0.00,PMXC6,RT
09/11/2024 08:00:00,20.72,0.00,PMXC6,RT
09/11/2024 08:10:00,20.76,0.00,PMXC6,RT
09/11/2024 08:20:00,20.76,0.00,PMXC6,RT
09/11/2024 08:30:00,20.72,0.00,PMXC6,RT
09/11/2024 08:40:00,20.72,0.00,PMXC6,RT
09/11/2024 08:50:00,20.72,0.00,PMXC6,RT
09/11/2024 09:00:00,20.68,0.00,PMXC6,RT
09/11/2024 09:10:00,20.68,0.00,PMXC6,RT
09/11/2024 09:20:00,20.72,0.00,PMXC6,RT
09/11/2024 09:30:00,20.72,0.00,PMXC6,RT
09/11/2024 09:40:00,20.68,0.00,PMXC6,RT
09/11/2024 09:50:00,20.72,0.00,PMXC6,RT
09/11/2024 10:00:00,20.76,0.00,PMXC6,RT
09/11/2024 10:10:00,20.76,0.00,PMXC6,RT
09/11/2024 10:20:00,20.76,0.00,PMXC6,RT
09/11/2024 10:30:00,20.76,0.00,PMXC6,RT
09/11/2024 10:40:00,20.80,0.00,PMXC6,RT
09/11/2024 10:50:00,20.80,0.00,PMXC6,RT
09/11/2024 11:00:00,20.85,0.00,PMXC6,RT
09/11/2024 11:10:00,20.76,0.00,PMXC6,RT
09/11/2024 11:20:00,20.80,0.00,PMXC6,RT
09/11/2024 11:30:00,20.80,0.00,PMXC6,RT
09/11/2024 11:40:00,20.76,0.00,PMXC6,RT
09/11/2024 11:50:00,20.80,0.00,PMXC6,RT
09/11/2024 12:00:00,20.80,0.00,PMXC6,RT
09/11/2024 12:10:00,20.76,0.00,PMXC6,RT
09/11/2024 12:20:00,20.80,0.00,PMXC6,RT
09/11/2024 12:30:00,20.76,0.00,PMXC6,RT
09/11/2024 12:40:00,20.76,0.00,PMXC6,RT
09/11/2024 12:50:00,20.76,0.00,PMXC6,RT
09/11/2024 13:00:00,20.76,0.00,PMXC6,RT
09/11/2024 13:10:00,20.72,0.00,PMXC6,RT
09/11/2024 13:20:00,20.72,0.00,PMXC6,RT
09/11/2024 13:30:00,20.72,0.00,PMXC6,RT
09/11/2024 13:40:00,20.72,0.00,PMXC6,RT
09/11/2024 13:50:00,20.80,0.00,PMXC6,RT
09/11/2024 14:00:00,20.76,0.00,PMXC6,RT
09/11/2024 14:10:00,20.80,0.00,PMXC6,RT
09/11/2024 14:20:00,20.76,0.00,PMXC6,RT
09/11/2024 14:30:00,20.85,0.00,PMXC6,RT
09/11/2024 14:40:00,20.85,0.00,PMXC6,RT
09/11/2024 14:50:00,20.85,0.00,PMXC6,RT
09/11/2024 15:00:00,20.85,0.00,PMXC6,RT
09/11/2024 15:10:00,20.85,0.00,PMXC6,RT
09/11/2024 15:20:00,20.85,0.00,PMXC6,RT
09/11/2024 15:30:00,20.85,0.00,PMXC6,RT
09/11/2024 15:40:00,20.89,0.00,PMXC6,RT
09/11/2024 15:50:00,20.85,0.00,PMXC6,RT
09/11/2024 16:00:00,20.85,0.00,PMXC6,RT
09/11/2024 16:10:00,20.85,0.00,PMXC6,RT
09/11/2024 16:20:00,20.76,0.00,PMXC6,RT
09/11/2024 16:30:00,20.72,0.00,PMXC6,RT
09/11/2024 16:40:00,20.68,0.00,PMXC6,RT
09/11/2024 16:50:00,20.72,0.00,PMXC6,RT
09/11/2024 17:00:00,20.72,0.00,PMXC6,RT
09/11/2024 17:10:00,20.76,0.00,PMXC6,RT
09/11/2024 17:20:00,20.76,0.00,PMXC6,RT
09/11/2024 17:30:00,20.76,0.00,PMXC6,RT
09/11/2024 17:40:00,20.72,0.00,PMXC6,RT
09/11/2024 17:50:00,20.76,0.00,PMXC6,RT
09/11/2024 18:00:00,20.76,0.00,PMXC6,RT
09/11/2024 18:10:00,20.76,0.00,PMXC6,RT
09/11/2024 18:20:00,20.72,0.00,PMXC6,RT
09/11/2024 18:30:00,20.76,0.00,PMXC6,RT
09/11/2024 18:40:00,20.76,0.00,PMXC6,RT
09/11/2024 18:50:00,20.76,0.00,PMXC6,RT
09/11/2024 19:00:00,20.76,0.00,PMXC6,RT
09/11/2024 19:10:00,20.76,0.00,PMXC6,RT
09/11/2024 19:20:00,20.80,0.00,PMXC6,RT
09/11/2024 19:30:00,20.80,0.00,PMXC6,RT
09/11/2024 19:40:00,20.80,0.00,PMXC6,RT
09/11/2024 19:50:00,20.80,0.00,PMXC6,RT
09/11/2024 20:00:00,20.76,0.00,PMXC6,RT
09/11/2024 20:10:00,20.85,0.00,PMXC6,RT
09/11/2024 20:20:00,20.76,0.00,PMXC6,RT
09/11/2024 20:30:00,20.85,0.00,PMXC6,RT
09/11/2024 20:40:00,20.85,0.00,PMXC6,RT
09/11/2024 20:50:00,20.80,0.00,PMXC6,RT
09/11/2024 21:00:00,20.85,0.00,PMXC6,RT
09/11/2024 21:10:00,20.80,0.00,PMXC6,RT
09/11/2024 21:20:00,20.85,0.00,PMXC6,RT
09/11/2024 21:30:00,20.85,0.00,PMXC6,RT
09/11/2024 21:40:00,20.89,0.00,PMXC6,RT
09/11/2024 21:50:00,20.85,0.00,PMXC6,RT
09/11/2024 22:00:00,20.85,0.00,PMXC6,RT
09/11/2024 22:10:00,20.93,0.00,PMXC6,RT
09/11/2024 22:20:00,20.93,0.00,PMXC6,RT
09/11/2024 22:30:00,20.89,0.00,PMXC6,RT
09/11/2024 22:40:00,20.85,0.00,PMXC6,RT
09/11/2024 22:50:00,20.80,0.00,PMXC6,RT
09/11/2024 23:00:00,20.89,0.00,PMXC6,RT
09/11/2024 23:10:00,20.85,0.00,PMXC6,RT
09/11/2024 23:20:00,20.80,0.00,PMXC6,RT
09/11/2024 23:30:00,20.80,0.00,PMXC6,RT
09/11/2024 23:40:00,20.85,0.00,PMXC6,RT
09/11/2024 23:50:00,20.80,0.00,PMXC6,RT
09/12/2024 00:00:00,20.85,0.00,PMXC6,RT
09/12/2024 00:10:00,20.85,0.00,PMXC6,RT
09/12/2024 00:20:00,20.80,0.00,PMXC6,RT
09/12/2024 00:30:00,20.89,0.00,PMXC6,RT
09/12/2024 00:40:00,20.85,0.00,PMXC6,RT
09/12/2024 00:50:00,20.85,0.00,PMXC6,RT
09/12/2024 01:00:00,20.85,0.00,PMXC6,RT
09/12/2024 01:10:00,20.85,0.00,PMXC6,RT
09/12/2024 01:20:00,20.85,0.00,PMXC6,RT
09/12/2024 01:30:00,20.85,0.00,PMXC6,RT
09/12/2024 01:40:00,20.85,0.00,PMXC6,RT
09/12/2024 01:50:00,20.80,0.00,PMXC6,RT
09/12/2024 02:00:00,20.80,0.00,PMXC6,RT
09/12/2024 02:10:00,20.85,0.00,PMXC6,RT
09/12/2024 02:20:00,20.76,0.00,PMXC6,RT
09/12/2024 02:30:00,20.80,0.00,PMXC6,RT
09/12/2024 02:40:00,20.80,0.00,PMXC6,RT
09/12/2024 02:50:00,20.85,0.00,PMXC6,RT
09/12/2024 03:00:00,20.80,0.00,PMXC6,RT
09/12/2024 03:10:00,20.80,0.00,PMXC6,RT
09/12/2024 03:20:00,20.76,0.00,PMXC6,RT
09/12/2024 03:30:00,20.76,0.00,PMXC6,RT
09/12/2024 03:40:00,20.80,0.00,PMXC6,RT
09/12/2024 03:50:00,20.76,0.00,PMXC6,RT
09/12/2024 04:00:00,20.76,0.00,PMXC6,RT
09/12/2024 04:10:00,20.80,0.00,PMXC6,RT
09/12/2024 04:20:00,20.85,0.00,PMXC6,RT
09/12/2024 04:30:00,20.76,0.00,PMXC6,RT
09/12/2024 04:40:00,20.80,0.00,PMXC6,RT
09/12/2024 04:50:00,20.80,0.00,PMXC6,RT
09/12/2024 05:00:00,20.80,0.00,PMXC6,RT
09/12/2024 05:10:00,20.76,0.00,PMXC6,RT
09/12/2024 05:20:00,20.76,0.00,PMXC6,RT
09/12/2024 05:30:00,20.85,0.00,PMXC6,RT
09/12/2024 05:40:00,20.76,0.00,PMXC6,RT
09/12/2024 05:50:00,20.80,0.00,PMXC6,RT
09/12/2024 06:00:00,20.80,0.00,PMXC6,RT
09/12/2024 06:10:00,20.76,0.00,PMXC6,RT
09/12/2024 06:20:00,20.85,0.00,PMXC6,RT
09/12/2024 06:30:00,20.76,0.00,PMXC6,RT
09/12/2024 06:40:00,20.80,0.00,PMXC6,RT
09/12/2024 06:50:00,20.85,0.00,PMXC6,RT
09/12/2024 07:00:00,20.85,0.00,PMXC6,RT
09/12/2024 07:10:00,20.80,0.00,PMXC6,RT
09/12/2024 07:20:00,20.80,0.00,PMXC6,RT
09/12/2024 07:30:00,20.76,0.00,PMXC6,RT
09/12/2024 07:40:00,20.80,0.00,PMXC6,RT
09/12/2024 07:50:00,20.80,0.00,PMXC6,RT
09/12/2024 08:00:00,20.80,0.00,PMXC6,RT
09/12/2024 08:10:00,20.85,0.00,PMXC6,RT
09/12/2024 08:20:00,20.80,0.00,PMXC6,RT
09/12/2024 08:30:00,20.89,0.00,PMXC6,RT
09/12/2024 08:40:00,20.80,0.00,PMXC6,RT
09/12/2024 08:50:00,20.89,0.00,PMXC6,RT
09/12/2024 09:00:00,20.85,0.00,PMXC6,RT
09/12/2024 09:10:00,20.85,0.00,PMXC6,RT
09/12/2024 09:20:00,20.85,0.00,PMXC6,RT
09/12/2024 09:30:00,20.85,0.00,PMXC6,RT
09/12/2024 09:40:00,20.85,0.00,PMXC6,RT
09/12/2024 09:50:00,20.80,0.00,PMXC6,RT
09/12/2024 10:00:00,20.85,0.00,PMXC6,RT
09/12/2024 10:10:00,20.80,0.00,PMXC6,RT
09/12/2024 10:20:00,20.85,0.00,PMXC6,RT
09/12/2024 10:30:00,20.80,0.00,PMXC6,RT
09/12/2024 10:40:00,20.89,0.00,PMXC6,RT
09/12/2024 10:50:00,20.85,0.00,PMXC6,RT
09/12/2024 11:00:00,20.85,0.00,PMXC6,RT
09/12/2024 11:10:00,20.89,0.00,PMXC6,RT
09/12/2024 11:20:00,20.85,0.00,PMXC6,RT
09/12/2024 11:30:00,20.85,0.00,PMXC6,RT
09/12/2024 11:40:00,20.85,0.00,PMXC6,RT
09/12/2024 11:50:00,20.85,0.00,PMXC6,RT
09/12/2024 12:00:00,20.85,0.00,PMXC6,RT
09/12/2024 12:10:00,20.80,0.00,PMXC6,RT
09/12/2024 12:20:00,20.85,0.00,PMXC6,RT
09/12/2024 12:30:00,20.89,0.00,PMXC6,RT
09/12/2024 12:40:00,20.89,0.00,PMXC6,RT
09/12/2024 12:50:00,20.93,0.00,PMXC6,RT
09/12/2024 13:00:00,20.85,0.00,PMXC6,RT
09/12/2024 13:10:00,20.93,0.00,PMXC6,RT
09/12/2024 13:20:00,20.93,0.00,PMXC6,RT
09/12/2024 13:30:00,20.89,0.00,PMXC6,RT
09/12/2024 13:40:00,20.89,0.00,PMXC6,RT
09/12/2024 13:50:00,20.93,0.00,PMXC6,RT
09/12/2024 14:00:00,20.93,0.00,PMXC6,RT
09/12/2024 14:10:00,20.89,0.00,PMXC6,RT
09/12/2024 14:20:00,20.89,0.00,PMXC6,RT
09/12/2024 14:30:00,20.89,0.00,PMXC6,RT
09/12/2024 14:40:00,20.89,0.00,PMXC6,RT
09/12/2024 14:50:00,20.93,0.00,PMXC6,RT
09/12/2024 15:00:00,20.89,0.00,PMXC6,RT
09/12/2024 15:10:00,20.93,0.00,PMXC6,RT
09/12/2024 15:20:00,20.89,0.00,PMXC6,RT
09/12/2024 15:30:00,20.93,0.00,PMXC6,RT
09/12/2024 15:40:00,20.89,0.00,PMXC6,RT
09/12/2024 15:50:00,20.93,0.00,PMXC6,RT
09/12/2024 16:00:00,20.93,0.00,PMXC6,RT
09/12/2024 16:10:00,20.93,0.00,PMXC6,RT
09/12/2024 16:20:00,20.89,0.00,PMXC6,RT
09/12/2024 16:30:00,20.89,0.00,PMXC6,RT
09/12/2024 16:40:00,20.93,0.00,PMXC6,RT
09/12/2024 16:50:00,20.89,0.00,PMXC6,RT
09/12/2024 17:00:00,20.89,0.00,PMXC6,RT
09/12/2024 17:10:00,20.89,0.00,PMXC6,RT
09/12/2024 17:20:00,20.93,0.00,PMXC6,RT
09/12/2024 17:30:00,20.89,0.00,PMXC6,RT
09/12/2024 17:40:00,20.93,0.00,PMXC6,RT
09/12/2024 17:50:00,20.89,0.00,PMXC6,RT
09/12/2024 18:00:00,20.89,0.00,PMXC6,RT
09/12/2024 18:10:00,20.85,0.00,PMXC6,RT
09/12/2024 18:20:00,20.85,0.00,PMXC6,RT
09/12/2024 18:30:00,20.85,0.00,PMXC6,RT
09/12/2024 18:40:00,20.80,0.00,PMXC6,RT
09/12/2024 18:50:00,20.80,0.00,PMXC6,RT
09/12/2024 19:00:00,20.80,0.00,PMXC6,RT
09/12/2024 19:10:00,20.68,0.00,PMXC6,RT
09/12/2024 19:20:00,20.72,0.00,PMXC6,RT
09/12/2024 19:30:00,20.72,0.00,PMXC6,RT
09/12/2024 19:40:00,20.63,0.00,PMXC6,RT
09/12/2024 19:50:00,20.72,0.00,PMXC6,RT
09/12/2024 20:00:00,20.72,0.00,PMXC6,RT
09/12/2024 20:10:00,20.72,0.00,PMXC6,RT
09/12/2024 20:20:00,20.72,0.00,PMXC6,RT
09/12/2024 20:30:00,20.72,0.00,PMXC6,RT
09/12/2024 20:40:00,20.72,0.00,PMXC6,RT
09/12/2024 20:50:00,20.76,0.00,PMXC6,RT
09/12/2024 21:00:00,20.72,0.00,PMXC6,RT
09/12/2024 21:10:00,20.72,0.00,PMXC6,RT
09/12/2024 21:20:00,20.68,0.00,PMXC6,RT
09/12/2024 21:30:00,20.68,0.00,PMXC6,RT
09/12/2024 21:40:00,20.68,0.00,PMXC6,RT
09/12/2024 21:50:00,20.72,0.00,PMXC6,RT
09/12/2024 22:00:00,20.72,0.00,PMXC6,RT
09/12/2024 22:10:00,20.68,0.00,PMXC6,RT
09/12/2024 22:20:00,20.72,0.00,PMXC6,RT
09/12/2024 22:30:00,20.72,0.00,PMXC6,RT
09/12/2024 22:40:00,20.72,0.00,PMXC6,RT
09/12/2024 22:50:00,20.72,0.00,PMXC6,RT
09/12/2024 23:00:00,20.72,0.00,PMXC6,RT
09/12/2024 23:10:00,20.72,0.00,PMXC6,RT
09/12/2024 23:20:00,20.72,0.00,PMXC6,RT
09/12/2024 23:30:00,20.72,0.20,PMXC6,RT
09/12/2024 23:40:00,20.72,0.00,PMXC6,RT
09/12/2024 23:50:00,20.76,0.00,PMXC6,RT
09/13/2024 00:00:00,20.76,0.00,PMXC6,RT
09/13/2024 00:10:00,20.76,0.00,PMXC6,RT
09/13/2024 00:20:00,20.76,0.00,PMXC6,RT
09/13/2024 00:30:00,20.80,0.00,PMXC6,RT
09/13/2024 00:40:00,20.76,0.00,PMXC6,RT
09/13/2024 00:50:00,20.76,0.00,PMXC6,RT
09/13/2024 01:00:00,20.80,0.00,PMXC6,RT
09/13/2024 01:10:00,20.76,0.00,PMXC6,RT
09/13/2024 01:20:00,20.80,0.00,PMXC6,RT
09/13/2024 01:30:00,20.76,0.00,PMXC6,RT
09/13/2024 01:40:00,20.80,0.00,PMXC6,RT
09/13/2024 01:50:00,20.80,0.00,PMXC6,RT
09/13/2024 02:00:00,20.80,0.00,PMXC6,RT
09/13/2024 02:10:00,20.76,0.00,PMXC6,RT
09/13/2024 02:20:00,20.76,0.00,PMXC6,RT
09/13/2024 02:30:00,20.76,0.00,PMXC6,RT
09/13/2024 02:40:00,20.76,0.00,PMXC6,RT
09/13/2024 02:50:00,20.76,0.00,PMXC6,RT
09/13/2024 03:00:00,20.80,0.00,PMXC6,RT
09/13/2024 03:10:00,20.80,0.00,PMXC6,RT
09/13/2024 03:20:00,20.80,0.00,PMXC6,RT
09/13/2024 03:30:00,20.76,0.00,PMXC6,RT
09/13/2024 03:40:00,20.80,0.00,PMXC6,RT
09/13/2024 03:50:00,20.80,0.00,PMXC6,RT
09/13/2024 04:00:00,20.80,0.00,PMXC6,RT
09/13/2024 04:10:00,20.80,0.00,PMXC6,RT
09/13/2024 04:20:00,20.76,0.00,PMXC6,RT
09/13/2024 04:30:00,20.80,0.00,PMXC6,RT
09/13/2024 04:40:00,20.76,0.00,PMXC6,RT
09/13/2024 04:50:00,20.80,0.00,PMXC6,RT
09/13/2024 05:00:00,20.80,0.00,PMXC6,RT
09/13/2024 05:10:00,20.76,0.00,PMXC6,RT
09/13/2024 05:20:00,20.80,0.00,PMXC6,RT
09/13/2024 05:30:00,20.76,0.00,PMXC6,RT
09/13/2024 05:40:00,20.76,0.00,PMXC6,RT
09/13/2024 05:50:00,20.76,0.00,PMXC6,RT
09/13/2024 06:00:00,20.80,0.00,PMXC6,RT
09/13/2024 06:10:00,20.80,0.00,PMXC6,RT
09/13/2024 06:20:00,20.80,0.00,PMXC6,RT
09/13/2024 06:30:00,20.76,0.00,PMXC6,RT
09/13/2024 06:40:00,20.80,0.00,PMXC6,RT
09/13/2024 06:50:00,20.76,0.00,PMXC6,RT
09/13/2024 07:00:00,20.80,0.00,PMXC6,RT
09/13/2024 07:10:00,20.89,0.00,PMXC6,RT
09/13/2024 07:20:00,20.85,0.00,PMXC6,RT
09/13/2024 07:30:00,20.85,0.00,PMXC6,RT
09/13/2024 07:40:00,20.76,0.00,PMXC6,RT
09/13/2024 07:50:00,20.89,0.00,PMXC6,RT
09/13/2024 08:00:00,20.85,0.00,PMXC6,RT
09/13/2024 08:10:00,20.85,0.00,PMXC6,RT
09/13/2024 08:20:00,20.85,0.00,PMXC6,RT
09/13/2024 08:30:00,20.85,0.00,PMXC6,RT
09/13/2024 08:40:00,20.85,0.00,PMXC6,RT
09/13/2024 08:50:00,20.85,0.00,PMXC6,RT
09/13/2024 09:00:00,20.89,0.00,PMXC6,RT
09/13/2024 09:10:00,20.85,0.00,PMXC6,RT
09/13/2024 09:20:00,20.85,0.00,PMXC6,RT
09/13/2024 09:30:00,20.85,0.00,PMXC6,RT
09/13/2024 09:40:00,20.89,0.00,PMXC6,RT
09/13/2024 09:50:00,20.85,0.00,PMXC6,RT
09/13/2024 10:00:00,20.85,0.00,PMXC6,RT
09/13/2024 10:10:00,20.80,0.00,PMXC6,RT
09/13/2024 10:20:00,20.80,0.00,PMXC6,RT
09/13/2024 10:30:00,20.80,0.00,PMXC6,RT
09/13/2024 10:40:00,20.80,0.00,PMXC6,RT
09/13/2024 10:50:00,20.80,0.00,PMXC6,RT
09/13/2024 11:00:00,20.76,0.00,PMXC6,RT
09/13/2024 11:10:00,20.76,0.00,PMXC6,RT
09/13/2024 11:20:00,20.76,0.00,PMXC6,RT
09/13/2024 11:30:00,20.72,0.00,PMXC6,RT
09/13/2024 11:40:00,20.72,0.00,PMXC6,RT
09/13/2024 11:50:00,20.72,0.00,PMXC6,RT
09/13/2024 12:00:00,20.72,0.00,PMXC6,RT
09/13/2024 12:10:00,20.85,150.32,PMXC6,RT
09/13/2024 12:20:00,20.89,152.00,PMXC6,RT
09/13/2024 12:30:00,20.85,152.00,PMXC6,RT
09/13/2024 12:40:00,20.80,152.00,PMXC6,RT
09/13/2024 12:50:00,20.98,0.00,PMXC6,RT
09/13/2024 13:00:00,20.98,0.00,PMXC6,RT
09/13/2024 13:10:00,20.98,0.00,PMXC6,RT
09/13/2024 13:20:00,20.89,0.00,PMXC6,RT
09/13/2024 13:30:00,20.89,0.00,PMXC6,RT
09/13/2024 13:40:00,20.80,0.00,PMXC6,RT
09/13/2024 13:50:00,20.76,0.00,PMXC6,RT
09/13/2024 14:00:00,20.76,0.00,PMXC6,RT
09/13/2024 14:10:00,20.80,0.00,PMXC6,RT
09/13/2024 14:20:00,20.72,0.20,PMXC6,RT
09/13/2024 14:30:00,20.76,0.00,PMXC6,RT
09/13/2024 14:40:00,20.68,0.00,PMXC6,RT
09/13/2024 14:50:00,20.55,0.00,PMXC6,RT
09/13/2024 15:00:00,20.55,0.00,PMXC6,RT
09/13/2024 15:10:00,20.55,0.00,PMXC6,RT
09/13/2024 15:20:00,20.50,0.00,PMXC6,RT
09/13/2024 15:30:00,20.46,0.00,PMXC6,RT
09/13/2024 15:40:00,20.50,0.00,PMXC6,RT
09/13/2024 15:50:00,20.50,0.00,PMXC6,RT
09/13/2024 16:00:00,20.59,0.00,PMXC6,RT
09/13/2024 16:10:00,20.59,0.00,PMXC6,RT
09/13/2024 16:20:00,20.59,0.00,PMXC6,RT
09/13/2024 16:30:00,20.50,0.00,PMXC6,RT
09/13/2024 16:40:00,20.55,0.00,PMXC6,RT
09/13/2024 16:50:00,20.50,0.00,PMXC6,RT
09/13/2024 17:00:00,20.50,0.00,PMXC6,RT
09/13/2024 17:10:00,20.50,0.00,PMXC6,RT
09/13/2024 17:20:00,20.50,0.00,PMXC6,RT
09/13/2024 17:30:00,20.59,0.20,PMXC6,RT
09/13/2024 17:40:00,20.55,0.00,PMXC6,RT
09/13/2024 17:50:00,20.50,0.00,PMXC6,RT
09/13/2024 18:00:00,20.55,0.00,PMXC6,RT
09/13/2024 18:10:00,20.55,0.00,PMXC6,RT
09/13/2024 18:20:00,20.55,0.00,PMXC6,RT
09/13/2024 18:30:00,20.55,0.00,PMXC6,RT
09/13/2024 18:40:00,20.55,0.00,PMXC6,RT
09/13/2024 18:50:00,20.50,0.00,PMXC6,RT
09/13/2024 19:00:00,20.55,0.00,PMXC6,RT
09/13/2024 19:10:00,20.63,0.00,PMXC6,RT
09/13/2024 19:20:00,20.59,0.00,PMXC6,RT
09/13/2024 19:30:00,20.55,0.00,PMXC6,RT
09/13/2024 19:40:00,20.59,0.00,PMXC6,RT
09/13/2024 19:50:00,20.55,0.00,PMXC6,RT
09/13/2024 20:00:00,20.55,0.00,PMXC6,RT
09/13/2024 20:10:00,20.59,0.00,PMXC6,RT
09/13/2024 20:20:00,20.63,0.00,PMXC6,RT
09/13/2024 20:30:00,20.63,0.00,PMXC6,RT
09/13/2024 20:40:00,20.68,0.00,PMXC6,RT
09/13/2024 20:50:00,20.63,0.00,PMXC6,RT
09/13/2024 21:00:00,20.68,0.00,PMXC6,RT
09/13/2024 21:10:00,20.68,0.00,PMXC6,RT
09/13/2024 21:20:00,20.68,0.00,PMXC6,RT
09/13/2024 21:30:00,20.63,0.00,PMXC6,RT
09/13/2024 21:40:00,20.63,0.00,PMXC6,RT
09/13/2024 21:50:00,20.63,0.00,PMXC6,RT
09/13/2024 22:00:00,20.63,0.00,PMXC6,RT
09/13/2024 22:10:00,20.63,0.00,PMXC6,RT
09/13/2024 22:20:00,20.68,0.00,PMXC6,RT
09/13/2024 22:30:00,20.63,0.00,PMXC6,RT
09/13/2024 22:40:00,20.68,0.00,PMXC6,RT
09/13/2024 22:50:00,20.68,0.00,PMXC6,RT
09/13/2024 23:00:00,20.68,0.00,PMXC6,RT
09/13/2024 23:10:00,20.68,0.00,PMXC6,RT
09/13/2024 23:20:00,20.72,0.00,PMXC6,RT
09/13/2024 23:30:00,20.68,0.00,PMXC6,RT
09/13/2024 23:40:00,20.68,0.00,PMXC6,RT
09/13/2024 23:50:00,20.68,0.00,PMXC6,RT
09/14/2024 00:00:00,20.68,0.00,PMXC6,RT
09/14/2024 00:10:00,20.63,0.00,PMXC6,RT
09/14/2024 00:20:00,20.68,0.00,PMXC6,RT
09/14/2024 00:30:00,20.68,0.00,PMXC6,RT
09/14/2024 00:40:00,20.68,0.00,PMXC6,RT
09/14/2024 00:50:00,20.68,0.00,PMXC6,RT
09/14/2024 01:00:00,20.68,0.00,PMXC6,RT
09/14/2024 01:10:00,20.68,0.00,PMXC6,RT
09/14/2024 01:20:00,20.68,0.00,PMXC6,RT
09/14/2024 01:30:00,20.68,0.00,PMXC6,RT
09/14/2024 01:40:00,20.63,0.00,PMXC6,RT
09/14/2024 01:50:00,20.68,0.00,PMXC6,RT
09/14/2024 02:00:00,20.68,0.00,PMXC6,RT
09/14/2024 02:10:00,20.72,0.00,PMXC6,RT
09/14/2024 02:20:00,20.68,0.00,PMXC6,RT
09/14/2024 02:30:00,20.68,0.00,PMXC6,RT
09/14/2024 02:40:00,20.68,0.00,PMXC6,RT
09/14/2024 02:50:00,20.72,0.00,PMXC6,RT
09/14/2024 03:00:00,20.68,0.00,PMXC6,RT
09/14/2024 03:10:00,20.68,0.00,PMXC6,RT
09/14/2024 03:20:00,20.68,0.00,PMXC6,RT
09/14/2024 03:30:00,20.68,0.00,PMXC6,RT
09/14/2024 03:40:00,20.68,0.00,PMXC6,RT
09/14/2024 03:50:00,20.72,0.00,PMXC6,RT
09/14/2024 04:00:00,20.68,0.00,PMXC6,RT
09/14/2024 04:10:00,20.68,0.00,PMXC6,RT
09/14/2024 04:20:00,20.72,0.00,PMXC6,RT
09/14/2024 04:30:00,20.72,0.00,PMXC6,RT
09/14/2024 04:40:00,20.68,0.00,PMXC6,RT
09/14/2024 04:50:00,20.68,0.00,PMXC6,RT
09/14/2024 05:00:00,20.72,0.00,PMXC6,RT
09/14/2024 05:10:00,20.72,0.00,PMXC6,RT
09/14/2024 05:20:00,20.72,0.00,PMXC6,RT
09/14/2024 05:30:00,20.68,0.00,PMXC6,RT
09/14/2024 05:40:00,20.68,0.00,PMXC6,RT
09/14/2024 05:50:00,20.72,0.00,PMXC6,RT
09/14/2024 06:00:00,20.72,0.00,PMXC6,RT
09/14/2024 06:10:00,20.72,0.00,PMXC6,RT
09/14/2024 06:20:00,20.72,0.00,PMXC6,RT
09/14/2024 06:30:00,20.72,0.00,PMXC6,RT
09/14/2024 06:40:00,20.72,0.00,PMXC6,RT
09/14/2024 06:50:00,20.72,0.00,PMXC6,RT
09/14/2024 07:00:00,20.76,0.00,PMXC6,RT
09/14/2024 07:10:00,20.76,0.00,PMXC6,RT
09/14/2024 07:20:00,20.80,0.00,PMXC6,RT
09/14/2024 07:30:00,20.80,0.00,PMXC6,RT
09/14/2024 07:40:00,20.76,0.00,PMXC6,RT
09/14/2024 07:50:00,20.80,0.00,PMXC6,RT
09/14/2024 08:00:00,20.76,0.00,PMXC6,RT
09/14/2024 08:10:00,20.80,0.00,PMXC6,RT
09/14/2024 08:20:00,20.80,0.00,PMXC6,RT
09/14/2024 08:30:00,20.80,0.00,PMXC6,RT
09/14/2024 08:40:00,20.80,0.00,PMXC6,RT
09/14/2024 08:50:00,20.80,0.00,PMXC6,RT
09/14/2024 09:00:00,20.80,0.00,PMXC6,RT
09/14/2024 09:10:00,20.80,0.00,PMXC6,RT
09/14/2024 09:20:00,20.80,0.00,PMXC6,RT
09/14/2024 09:30:00,20.85,0.00,PMXC6,RT
09/14/2024 09:40:00,20.85,0.00,PMXC6,RT
09/14/2024 09:50:00,20.85,0.00,PMXC6,RT
09/14/2024 10:00:00,20.93,0.00,PMXC6,RT
09/14/2024 10:10:00,20.93,0.00,PMXC6,RT
09/14/2024 10:20:00,20.93,0.00,PMXC6,RT
09/14/2024 10:30:00,20.93,0.00,PMXC6,RT
09/14/2024 10:40:00,20.93,0.00,PMXC6,RT
09/14/2024 10:50:00,20.89,0.00,PMXC6,RT
09/14/2024 11:00:00,20.93,0.00,PMXC6,RT
09/14/2024 11:10:00,20.93,0.00,PMXC6,RT
09/14/2024 11:20:00,20.93,0.00,PMXC6,RT
09/14/2024 11:30:00,20.98,0.00,PMXC6,RT
09/14/2024 11:40:00,20.93,0.00,PMXC6,RT
09/14/2024 11:50:00,20.98,0.00,PMXC6,RT
09/14/2024 12:00:00,21.02,0.00,PMXC6,RT
09/14/2024 12:10:00,20.93,0.00,PMXC6,RT
09/14/2024 12:20:00,20.98,0.00,PMXC6,RT
09/14/2024 12:30:00,20.98,0.00,PMXC6,RT
09/14/2024 12:40:00,20.98,0.00,PMXC6,RT
09/14/2024 12:50:00,20.93,0.00,PMXC6,RT
09/14/2024 13:00:00,20.93,0.00,PMXC6,RT
09/14/2024 13:10:00,20.93,0.00,PMXC6,RT
09/14/2024 13:20:00,20.93,0.00,PMXC6,RT
09/14/2024 13:30:00,20.98,0.00,PMXC6,RT
09/14/2024 13:40:00,20.85,0.00,PMXC6,RT
09/14/2024 13:50:00,20.93,0.00,PMXC6,RT
09/14/2024 14:00:00,20.93,0.00,PMXC6,RT
09/14/2024 14:10:00,20.93,0.00,PMXC6,RT
09/14/2024 14:20:00,20.93,0.00,PMXC6,RT
09/14/2024 14:30:00,20.89,0.00,PMXC6,RT
09/14/2024 14:40:00,20.89,0.00,PMXC6,RT
09/14/2024 14:50:00,20.89,0.00,PMXC6,RT
09/14/2024 15:00:00,20.89,0.00,PMXC6,RT
09/14/2024 15:10:00,20.89,0.00,PMXC6,RT
09/14/2024 15:20:00,20.85,0.00,PMXC6,RT
09/14/2024 15:30:00,20.85,0.00,PMXC6,RT
09/14/2024 15:40:00,20.89,0.00,PMXC6,RT
09/14/2024 15:50:00,20.85,0.00,PMXC6,RT
09/14/2024 16:00:00,20.89,0.00,PMXC6,RT
09/14/2024 16:10:00,20.89,0.00,PMXC6,RT
09/14/2024 16:20:00,20.85,0.00,PMXC6,RT
09/14/2024 16:30:00,20.89,0.00,PMXC6,RT
09/14/2024 16:40:00,20.85,0.00,PMXC6,RT
09/14/2024 16:50:00,20.85,0.00,PMXC6,RT
09/14/2024 17:00:00,20.85,0.00,PMXC6,RT
09/14/2024 17:10:00,20.85,0.00,PMXC6,RT
09/14/2024 17:20:00,20.85,0.00,PMXC6,RT
09/14/2024 17:30:00,20.80,0.00,PMXC6,RT
09/14/2024 17:40:00,20.85,0.00,PMXC6,RT
09/14/2024 17:50:00,20.85,0.00,PMXC6,RT
09/14/2024 18:00:00,20.89,0.00,PMXC6,RT
09/14/2024 18:10:00,20.89,0.00,PMXC6,RT
09/14/2024 18:20:00,20.80,0.00,PMXC6,RT
09/14/2024 18:30:00,20.89,0.00,PMXC6,RT
09/14/2024 18:40:00,20.85,0.00,PMXC6,RT
09/14/2024 18:50:00,20.89,0.00,PMXC6,RT
09/14/2024 19:00:00,20.89,0.00,PMXC6,RT
09/14/2024 19:10:00,20.89,0.00,PMXC6,RT
09/14/2024 19:20:00,20.89,0.00,PMXC6,RT
09/14/2024 19:30:00,20.93,0.00,PMXC6,RT
09/14/2024 19:40:00,20.89,0.00,PMXC6,RT
09/14/2024 19:50:00,20.89,0.00,PMXC6,RT
09/14/2024 20:00:00,20.89,0.00,PMXC6,RT
09/14/2024 20:10:00,20.93,0.00,PMXC6,RT
09/14/2024 20:20:00,20.93,0.00,PMXC6,RT
09/14/2024 20:30:00,20.93,0.00,PMXC6,RT
09/14/2024 20:40:00,20.93,0.00,PMXC6,RT
09/14/2024 20:50:00,20.93,0.00,PMXC6,RT
09/14/2024 21:00:00,20.89,0.00,PMXC6,RT
09/14/2024 21:10:00,20.89,0.00,PMXC6,RT
09/14/2024 21:20:00,20.85,0.00,PMXC6,RT
09/14/2024 21:30:00,20.93,0.00,PMXC6,RT
09/14/2024 21:40:00,20.89,0.00,PMXC6,RT
09/14/2024 21:50:00,20.89,0.00,PMXC6,RT
09/14/2024 22:00:00,20.89,0.00,PMXC6,RT
09/14/2024 22:10:00,20.89,0.00,PMXC6,RT
09/14/2024 22:20:00,20.93,0.00,PMXC6,RT
09/14/2024 22:30:00,20.93,0.00,PMXC6,RT
09/14/2024 22:40:00,20.93,0.00,PMXC6,RT
09/14/2024 22:50:00,20.89,0.00,PMXC6,RT
09/14/2024 23:00:00,20.93,0.00,PMXC6,RT
09/14/2024 23:10:00,20.89,0.00,PMXC6,RT
09/14/2024 23:20:00,20.89,0.00,PMXC6,RT
09/14/2024 23:30:00,20.89,0.00,PMXC6,RT
09/14/2024 23:40:00,20.93,0.00,PMXC6,RT
09/14/2024 23:50:00,20.93,0.00,PMXC6,RT
09/15/2024 00:00:00,20.98,0.00,PMXC6,RT
09/15/2024 00:10:00,20.98,0.00,PMXC6,RT
09/15/2024 00:20:00,20.93,0.00,PMXC6,RT
09/15/2024 00:30:00,20.93,0.00,PMXC6,RT
09/15/2024 00:40:00,20.89,0.00,PMXC6,RT
09/15/2024 00:50:00,20.85,0.00,PMXC6,RT
09/15/2024 01:00:00,20.89,0.00,PMXC6,RT
09/15/2024 01:10:00,20.85,0.00,PMXC6,RT
09/15/2024 01:20:00,20.80,0.00,PMXC6,RT
09/15/2024 01:30:00,20.85,0.00,PMXC6,RT
09/15/2024 01:40:00,20.85,0.00,PMXC6,RT
09/15/2024 01:50:00,20.85,0.00,PMXC6,RT
09/15/2024 02:00:00,20.93,0.00,PMXC6,RT
09/15/2024 02:10:00,20.85,0.00,PMXC6,RT
09/15/2024 02:20:00,20.89,0.00,PMXC6,RT
09/15/2024 02:30:00,20.89,0.00,PMXC6,RT
09/15/2024 02:40:00,20.89,0.00,PMXC6,RT
09/15/2024 02:50:00,20.93,0.00,PMXC6,RT
09/15/2024 03:00:00,20.89,0.00,PMXC6,RT
09/15/2024 03:10:00,20.93,0.00,PMXC6,RT
09/15/2024 03:20:00,20.89,0.00,PMXC6,RT
09/15/2024 03:30:00,20.89,0.00,PMXC6,RT
09/15/2024 03:40:00,20.89,0.00,PMXC6,RT
09/15/2024 03:50:00,20.93,0.00,PMXC6,RT
09/15/2024 04:00:00,20.93,0.00,PMXC6,RT
09/15/2024 04:10:00,20.89,0.00,PMXC6,RT
09/15/2024 04:20:00,20.93,0.00,PMXC6,RT
09/15/2024 04:30:00,20.89,0.00,PMXC6,RT
09/15/2024 04:40:00,20.89,0.00,PMXC6,RT
09/15/2024 04:50:00,20.93,0.00,PMXC6,RT
09/15/2024 05:00:00,20.89,0.00,PMXC6,RT
09/15/2024 05:10:00,20.93,0.00,PMXC6,RT
09/15/2024 05:20:00,20.89,0.00,PMXC6,RT
09/15/2024 05:30:00,20.89,0.00,PMXC6,RT
09/15/2024 05:40:00,20.93,0.00,PMXC6,RT
09/15/2024 05:50:00,20.89,0.00,PMXC6,RT
09/15/2024 06:00:00,20.89,0.00,PMXC6,RT
09/15/2024 06:10:00,20.93,0.00,PMXC6,RT
09/15/2024 06:20:00,20.93,0.00,PMXC6,RT
09/15/2024 06:30:00,20.89,0.00,PMXC6,RT
09/15/2024 06:40:00,20.85,0.00,PMXC6,RT
09/15/2024 06:50:00,20.89,0.00,PMXC6,RT
09/15/2024 07:00:00,20.89,0.00,PMXC6,RT
09/15/2024 07:10:00,20.85,0.00,PMXC6,RT
09/15/2024 07:20:00,20.89,0.00,PMXC6,RT
09/15/2024 07:30:00,20.85,0.00,PMXC6,RT
09/15/2024 07:40:00,20.89,0.00,PMXC6,RT
09/15/2024 07:50:00,20.85,0.00,PMXC6,RT
09/15/2024 08:00:00,20.89,0.00,PMXC6,RT
09/15/2024 08:10:00,20.85,0.00,PMXC6,RT
09/15/2024 08:20:00,20.85,0.00,PMXC6,RT
09/15/2024 08:30:00,20.85,0.00,PMXC6,RT
09/15/2024 08:40:00,20.85,0.00,PMXC6,RT
09/15/2024 08:50:00,20.80,0.00,PMXC6,RT
09/15/2024 09:00:00,20.85,0.00,PMXC6,RT
09/15/2024 09:10:00,20.85,0.00,PMXC6,RT
09/15/2024 09:20:00,20.89,0.00,PMXC6,RT
09/15/2024 09:30:00,20.85,0.00,PMXC6,RT
09/15/2024 09:40:00,20.89,0.00,PMXC6,RT
09/15/2024 09:50:00,20.85,0.00,PMXC6,RT
09/15/2024 10:00:00,20.85,0.00,PMXC6,RT
09/15/2024 10:10:00,20.89,0.00,PMXC6,RT
09/15/2024 10:20:00,20.85,0.00,PMXC6,RT
09/15/2024 10:30:00,20.89,0.00,PMXC6,RT
09/15/2024 10:40:00,20.89,0.00,PMXC6,RT
09/15/2024 10:50:00,20.85,0.00,PMXC6,RT
09/15/2024 11:00:00,20.89,0.00,PMXC6,RT
09/15/2024 11:10:00,20.89,0.00,PMXC6,RT
09/15/2024 11:20:00,20.89,0.00,PMXC6,RT
09/15/2024 11:30:00,20.89,0.00,PMXC6,RT
09/15/2024 11:40:00,20.93,0.00,PMXC6,RT
09/15/2024 11:50:00,20.85,0.00,PMXC6,RT
09/15/2024 12:00:00,20.89,0.00,PMXC6,RT
09/15/2024 12:10:00,20.89,0.00,PMXC6,RT
09/15/2024 12:20:00,20.85,0.00,PMXC6,RT
09/15/2024 12:30:00,20.85,0.00,PMXC6,RT
09/15/2024 12:40:00,20.85,0.00,PMXC6,RT
09/15/2024 12:50:00,20.85,0.00,PMXC6,RT
09/15/2024 13:00:00,20.80,0.00,PMXC6,RT
09/15/2024 13:10:00,20.85,0.00,PMXC6,RT
09/15/2024 13:20:00,20.85,0.00,PMXC6,RT
09/15/2024 13:30:00,20.85,0.00,PMXC6,RT
09/15/2024 13:40:00,20.85,0.00,PMXC6,RT
09/15/2024 13:50:00,20.85,0.00,PMXC6,RT
09/15/2024 14:00:00,20.80,0.00,PMXC6,RT
09/15/2024 14:10:00,20.85,0.00,PMXC6,RT
09/15/2024 14:20:00,20.85,0.00,PMXC6,RT
09/15/2024 14:30:00,20.85,0.00,PMXC6,RT
09/15/2024 14:40:00,20.85,0.00,PMXC6,RT
09/15/2024 14:50:00,20.89,0.00,PMXC6,RT
09/15/2024 15:00:00,20.80,0.00,PMXC6,RT
09/15/2024 15:10:00,20.85,0.00,PMXC6,RT
09/15/2024 15:20:00,20.85,0.00,PMXC6,RT
09/15/2024 15:30:00,20.80,0.00,PMXC6,RT
09/15/2024 15:40:00,20.85,0.00,PMXC6,RT
09/15/2024 15:50:00,20.80,0.00,PMXC6,RT
09/15/2024 16:00:00,20.80,0.00,PMXC6,RT
09/15/2024 16:10:00,20.80,0.00,PMXC6,RT
09/15/2024 16:20:00,20.80,0.00,PMXC6,RT
09/15/2024 16:30:00,20.80,0.00,PMXC6,RT
09/15/2024 16:40:00,20.80,0.00,PMXC6,RT
09/15/2024 16:50:00,20.76,0.00,PMXC6,RT
09/15/2024 17:00:00,20.80,0.00,PMXC6,RT
09/15/2024 17:10:00,20.80,0.00,PMXC6,RT
09/15/2024 17:20:00,20.85,0.00,PMXC6,RT
09/15/2024 17:30:00,20.80,0.00,PMXC6,RT
09/15/2024 17:40:00,20.80,0.00,PMXC6,RT
09/15/2024 17:50:00,20.85,0.00,PMXC6,RT
09/15/2024 18:00:00,20.85,0.00,PMXC6,RT
09/15/2024 18:10:00,20.80,0.00,PMXC6,RT
09/15/2024 18:20:00,20.85,0.00,PMXC6,RT
09/15/2024 18:30:00,20.85,0.00,PMXC6,RT
09/15/2024 18:40:00,20.80,0.00,PMXC6,RT
09/15/2024 18:50:00,20.80,0.00,PMXC6,RT
09/15/2024 19:00:00,20.80,0.00,PMXC6,RT
09/15/2024 19:10:00,20.85,0.00,PMXC6,RT
09/15/2024 19:20:00,20.85,0.00,PMXC6,RT
09/15/2024 19:30:00,20.85,0.00,PMXC6,RT
09/15/2024 19:40:00,20.89,0.00,PMXC6,RT
09/15/2024 19:50:00,20.85,0.00,PMXC6,RT
09/15/2024 20:00:00,20.89,0.00,PMXC6,RT
09/15/2024 20:10:00,20.89,0.00,PMXC6,RT
09/15/2024 20:20:00,20.89,0.00,PMXC6,RT
09/15/2024 20:30:00,20.89,0.00,PMXC6,RT
09/15/2024 20:40:00,20.93,0.00,PMXC6,RT
09/15/2024 20:50:00,20.89,0.00,PMXC6,RT
09/15/2024 21:00:00,20.89,0.00,PMXC6,RT
09/15/2024 21:10:00,20.89,0.00,PMXC6,RT
09/15/2024 21:20:00,20.89,0.00,PMXC6,RT
09/15/2024 21:30:00,20.89,0.00,PMXC6,RT
09/15/2024 21:40:00,20.85,0.00,PMXC6,RT
09/15/2024 21:50:00,20.89,0.00,PMXC6,RT
09/15/2024 22:00:00,20.89,0.00,PMXC6,RT
09/15/2024 22:10:00,20.89,0.00,PMXC6,RT
09/15/2024 22:20:00,20.89,0.00,PMXC6,RT
09/15/2024 22:30:00,20.89,0.00,PMXC6,RT
09/15/2024 22:40:00,20.89,0.00,PMXC6,RT
09/15/2024 22:50:00,20.85,0.00,PMXC6,RT
09/15/2024 23:00:00,20.85,0.00,PMXC6,RT
09/15/2024 23:10:00,20.85,0.00,PMXC6,RT
09/15/2024 23:20:00,20.89,0.00,PMXC6,RT
09/15/2024 23:30:00,20.85,0.00,PMXC6,RT
09/15/2024 23:40:00,20.85,0.00,PMXC6,RT
09/15/2024 23:50:00,20.89,0.00,PMXC6,RT
09/16/2024 00:00:00,20.85,0.00,PMXC6,RT
09/16/2024 00:10:00,20.89,0.00,PMXC6,RT
09/16/2024 00:20:00,20.85,0.00,PMXC6,RT
09/16/2024 00:30:00,20.85,0.00,PMXC6,RT
09/16/2024 00:40:00,20.89,0.00,PMXC6,RT
09/16/2024 00:50:00,20.85,0.00,PMXC6,RT
09/16/2024 01:00:00,20.89,0.00,PMXC6,RT
09/16/2024 01:10:00,20.93,0.00,PMXC6,RT
09/16/2024 01:20:00,20.89,0.00,PMXC6,RT
09/16/2024 01:30:00,20.89,0.00,PMXC6,RT
09/16/2024 01:40:00,20.89,0.00,PMXC6,RT
09/16/2024 01:50:00,20.89,0.00,PMXC6,RT
09/16/2024 02:00:00,20.89,0.00,PMXC6,RT
09/16/2024 02:10:00,20.85,0.00,PMXC6,RT
09/16/2024 02:20:00,20.89,0.00,PMXC6,RT
09/16/2024 02:30:00,20.85,0.00,PMXC6,RT
09/16/2024 02:40:00,20.85,0.00,PMXC6,RT
09/16/2024 02:50:00,20.89,0.00,PMXC6,RT
09/16/2024 03:00:00,20.89,0.00,PMXC6,RT
09/16/2024 03:10:00,20.80,0.00,PMXC6,RT
09/16/2024 03:20:00,20.85,0.00,PMXC6,RT
09/16/2024 03:30:00,20.85,0.00,PMXC6,RT
09/16/2024 03:40:00,20.85,0.00,PMXC6,RT
09/16/2024 03:50:00,20.85,0.00,PMXC6,RT
09/16/2024 04:00:00,20.85,0.00,PMXC6,RT
09/16/2024 04:10:00,20.89,0.00,PMXC6,RT
09/16/2024 04:20:00,20.85,0.00,PMXC6,RT
09/16/2024 04:30:00,20.85,0.00,PMXC6,RT
09/16/2024 04:40:00,20.85,0.00,PMXC6,RT
09/16/2024 04:50:00,20.89,0.00,PMXC6,RT
09/16/2024 05:00:00,20.85,0.00,PMXC6,RT
09/16/2024 05:10:00,20.93,0.00,PMXC6,RT
09/16/2024 05:20:00,20.85,0.00,PMXC6,RT
09/16/2024 05:30:00,20.89,0.00,PMXC6,RT
09/16/2024 05:40:00,20.89,0.00,PMXC6,RT
09/16/2024 05:50:00,20.89,0.00,PMXC6,RT
09/16/2024 06:00:00,20.89,0.00,PMXC6,RT
09/16/2024 06:10:00,20.89,0.00,PMXC6,RT
09/16/2024 06:20:00,20.93,0.00,PMXC6,RT
09/16/2024 06:30:00,20.93,0.00,PMXC6,RT
09/16/2024 06:40:00,20.93,0.00,PMXC6,RT
09/16/2024 06:50:00,20.89,0.00,PMXC6,RT
09/16/2024 07:00:00,20.89,0.00,PMXC6,RT
09/16/2024 07:10:00,20.93,0.00,PMXC6,RT
09/16/2024 07:20:00,20.98,0.00,PMXC6,RT
09/16/2024 07:30:00,20.93,0.00,PMXC6,RT
09/16/2024 07:40:00,20.93,0.00,PMXC6,RT
09/16/2024 07:50:00,20.93,0.00,PMXC6,RT
09/16/2024 08:00:00,20.93,0.00,PMXC6,RT
09/16/2024 08:10:00,20.93,0.00,PMXC6,RT
09/16/2024 08:20:00,20.89,0.00,PMXC6,RT
09/16/2024 08:30:00,20.93,0.00,PMXC6,RT
09/16/2024 08:40:00,20.93,0.00,PMXC6,RT
09/16/2024 08:50:00,20.98,0.00,PMXC6,RT
09/16/2024 09:00:00,20.93,0.00,PMXC6,RT
09/16/2024 09:10:00,20.89,0.00,PMXC6,RT
09/16/2024 09:20:00,20.85,0.00,PMXC6,RT
09/16/2024 09:30:00,20.89,0.00,PMXC6,RT
09/16/2024 09:40:00,20.89,0.00,PMXC6,RT
09/16/2024 09:50:00,20.89,0.00,PMXC6,RT
09/16/2024 10:00:00,20.93,0.00,PMXC6,RT
09/16/2024 10:10:00,20.93,0.00,PMXC6,RT
09/16/2024 10:20:00,20.93,0.00,PMXC6,RT
09/16/2024 10:30:00,20.93,0.00,PMXC6,RT
09/16/2024 10:40:00,20.89,0.00,PMXC6,RT
09/16/2024 10:50:00,20.93,0.00,PMXC6,RT
09/16/2024 11:00:00,20.93,0.00,PMXC6,RT
09/16/2024 11:10:00,20.98,0.00,PMXC6,RT
09/16/2024 11:20:00,20.98,0.00,PMXC6,RT
09/16/2024 11:30:00,20.93,0.00,PMXC6,RT
09/16/2024 11:40:00,20.93,0.00,PMXC6,RT
09/16/2024 11:50:00,20.98,0.00,PMXC6,RT
09/16/2024 12:00:00,21.06,176.24,PMXC6,RT
09/16/2024 12:10:00,20.93,176.24,PMXC6,RT
09/16/2024 12:20:00,20.89,176.24,PMXC6,RT
09/16/2024 12:30:00,20.89,176.24,PMXC6,RT
09/16/2024 12:40:00,21.06,0.00,PMXC6,RT
09/16/2024 12:50:00,21.06,0.00,PMXC6,RT
09/16/2024 13:00:00,21.02,0.00,PMXC6,RT
09/16/2024 13:10:00,21.02,0.00,PMXC6,RT
09/16/2024 13:20:00,21.02,0.00,PMXC6,RT
09/16/2024 13:30:00,21.02,0.00,PMXC6,RT
09/16/2024 13:40:00,21.02,0.00,PMXC6,RT
09/16/2024 13:50:00,20.98,0.00,PMXC6,RT
09/16/2024 14:00:00,20.98,0.00,PMXC6,RT
09/16/2024 14:10:00,20.93,0.00,PMXC6,RT
09/16/2024 14:20:00,20.98,0.00,PMXC6,RT
09/16/2024 14:30:00,20.98,0.00,PMXC6,RT
09/16/2024 14:40:00,20.93,0.00,PMXC6,RT
09/16/2024 14:50:00,20.93,0.00,PMXC6,RT
09/16/2024 15:00:00,20.93,0.00,PMXC6,RT
09/16/2024 15:10:00,20.98,0.00,PMXC6,RT
09/16/2024 15:20:00,20.98,0.00,PMXC6,RT
09/16/2024 15:30:00,20.98,0.00,PMXC6,RT
09/16/2024 15:40:00,21.02,0.00,PMXC6,RT
09/16/2024 15:50:00,20.98,0.00,PMXC6,RT
09/16/2024 16:00:00,20.98,0.00,PMXC6,RT
09/16/2024 16:10:00,20.98,0.00,PMXC6,RT
09/16/2024 16:20:00,20.98,0.00,PMXC6,RT
09/16/2024 16:30:00,20.98,0.00,PMXC6,RT
09/16/2024 16:40:00,20.98,0.00,PMXC6,RT
09/16/2024 16:50:00,20.98,0.00,PMXC6,RT
09/16/2024 17:00:00,20.98,0.00,PMXC6,RT
09/16/2024 17:10:00,20.98,0.00,PMXC6,RT
09/16/2024 17:20:00,20.98,0.00,PMXC6,RT
09/16/2024 17:30:00,20.93,0.00,PMXC6,RT
09/16/2024 17:40:00,20.89,0.00,PMXC6,RT
09/16/2024 17:50:00,20.89,0.00,PMXC6,RT
09/16/2024 18:00:00,20.85,0.00,PMXC6,RT
09/16/2024 18:10:00,20.85,0.00,PMXC6,RT
09/16/2024 18:20:00,20.80,0.00,PMXC6,RT
09/16/2024 18:30:00,20.85,0.00,PMXC6,RT
09/16/2024 18:40:00,20.80,0.00,PMXC6,RT
09/16/2024 18:50:00,20.85,0.00,PMXC6,RT
09/16/2024 19:00:00,20.85,0.00,PMXC6,RT
09/16/2024 19:10:00,20.89,0.00,PMXC6,RT
09/16/2024 19:20:00,20.85,0.00,PMXC6,RT
09/16/2024 19:30:00,20.85,0.00,PMXC6,RT
09/16/2024 19:40:00,20.80,0.00,PMXC6,RT
09/16/2024 19:50:00,20.85,0.00,PMXC6,RT
09/16/2024 20:00:00,20.85,0.00,PMXC6,RT
09/16/2024 20:10:00,20.85,0.00,PMXC6,RT
09/16/2024 20:20:00,20.85,0.00,PMXC6,RT
09/16/2024 20:30:00,20.85,0.00,PMXC6,RT
09/16/2024 20:40:00,20.80,0.00,PMXC6,RT
09/16/2024 20:50:00,20.89,0.00,PMXC6,RT
09/16/2024 21:00:00,20.85,0.00,PMXC6,RT
09/16/2024 21:10:00,20.85,0.00,PMXC6,RT
09/16/2024 21:20:00,20.85,0.00,PMXC6,RT
09/16/2024 21:30:00,20.85,0.00,PMXC6,RT
09/16/2024 21:40:00,20.85,0.00,PMXC6,RT
09/16/2024 21:50:00,20.80,0.00,PMXC6,RT
09/16/2024 22:00:00,20.85,0.00,PMXC6,RT
09/16/2024 22:10:00,20.80,0.00,PMXC6,RT
09/16/2024 22:20:00,20.85,0.00,PMXC6,RT
09/16/2024 22:30:00,20.80,0.00,PMXC6,RT
09/16/2024 22:40:00,20.85,0.00,PMXC6,RT
09/16/2024 22:50:00,20.80,0.00,PMXC6,RT
09/16/2024 23:00:00,20.85,0.00,PMXC6,RT
09/16/2024 23:10:00,20.85,0.00,PMXC6,RT
09/16/2024 23:20:00,20.80,0.00,PMXC6,RT
09/16/2024 23:30:00,20.85,0.00,PMXC6,RT
09/16/2024 23:40:00,20.85,0.00,PMXC6,RT
09/16/2024 23:50:00,20.80,0.00,PMXC6,RT
09/17/2024 00:00:00,20.85,0.00,PMXC6,RT
09/17/2024 00:10:00,20.85,0.00,PMXC6,RT
09/17/2024 00:20:00,20.89,0.00,PMXC6,RT
09/17/2024 00:30:00,20.89,0.00,PMXC6,RT
09/17/2024 00:40:00,20.85,0.00,PMXC6,RT
09/17/2024 00:50:00,20.89,0.00,PMXC6,RT
09/17/2024 01:00:00,20.85,0.00,PMXC6,RT
09/17/2024 01:10:00,20.89,0.00,PMXC6,RT
09/17/2024 01:20:00,20.85,0.00,PMXC6,RT
09/17/2024 01:30:00,20.85,0.00,PMXC6,RT
09/17/2024 01:40:00,20.89,0.00,PMXC6,RT
09/17/2024 01:50:00,20.85,0.00,PMXC6,RT
09/17/2024 02:00:00,20.89,0.00,PMXC6,RT
09/17/2024 02:10:00,20.85,0.00,PMXC6,RT
09/17/2024 02:20:00,20.85,0.00,PMXC6,RT
09/17/2024 02:30:00,20.89,0.00,PMXC6,RT
09/17/2024 02:40:00,20.85,0.00,PMXC6,RT
09/17/2024 02:50:00,20.89,0.00,PMXC6,RT
09/17/2024 03:00:00,20.85,0.00,PMXC6,RT
09/17/2024 03:10:00,20.85,0.00,PMXC6,RT
09/17/2024 03:20:00,20.89,0.00,PMXC6,RT
09/17/2024 03:30:00,20.85,0.00,PMXC6,RT
09/17/2024 03:40:00,20.85,0.00,PMXC6,RT
09/17/2024 03:50:00,20.85,0.00,PMXC6,RT
09/17/2024 04:00:00,20.89,0.00,PMXC6,RT
09/17/2024 04:10:00,20.85,0.00,PMXC6,RT
09/17/2024 04:20:00,20.85,0.00,PMXC6,RT
09/17/2024 04:30:00,20.85,0.00,PMXC6,RT
09/17/2024 04:40:00,20.89,0.00,PMXC6,RT
09/17/2024 04:50:00,20.85,0.00,PMXC6,RT
09/17/2024 05:00:00,20.89,0.00,PMXC6,RT
09/17/2024 05:10:00,20.85,0.00,PMXC6,RT
09/17/2024 05:20:00,20.89,0.00,PMXC6,RT
09/17/2024 05:30:00,20.89,0.00,PMXC6,RT
09/17/2024 05:40:00,20.89,0.00,PMXC6,RT
09/17/2024 05:50:00,20.85,0.00,PMXC6,RT
09/17/2024 06:00:00,20.89,0.00,PMXC6,RT
09/17/2024 06:10:00,20.89,0.00,PMXC6,RT
09/17/2024 06:20:00,20.89,0.00,PMXC6,RT
09/17/2024 06:30:00,20.89,0.00,PMXC6,RT
09/17/2024 06:40:00,20.89,0.00,PMXC6,RT
09/17/2024 06:50:00,20.89,0.00,PMXC6,RT
09/17/2024 07:00:00,20.89,0.00,PMXC6,RT
09/17/2024 07:10:00,20.93,0.00,PMXC6,RT
09/17/2024 07:20:00,20.93,0.00,PMXC6,RT
09/17/2024 07:30:00,20.98,0.00,PMXC6,RT
09/17/2024 07:40:00,20.93,0.00,PMXC6,RT
09/17/2024 07:50:00,20.93,0.00,PMXC6,RT
09/17/2024 08:00:00,20.89,0.00,PMXC6,RT
09/17/2024 08:10:00,20.93,0.00,PMXC6,RT
09/17/2024 08:20:00,20.93,0.00,PMXC6,RT
09/17/2024 08:30:00,20.93,0.00,PMXC6,RT
09/17/2024 08:40:00,20.98,0.00,PMXC6,RT
09/17/2024 08:50:00,20.93,0.00,PMXC6,RT
09/17/2024 09:00:00,21.02,0.00,PMXC6,RT
09/17/2024 09:10:00,20.98,0.00,PMXC6,RT
09/17/2024 09:20:00,20.98,0.00,PMXC6,RT
09/17/2024 09:30:00,20.93,0.00,PMXC6,RT
09/17/2024 09:40:00,20.93,0.00,PMXC6,RT
09/17/2024 09:50:00,20.98,0.00,PMXC6,RT
09/17/2024 10:00:00,20.98,0.00,PMXC6,RT
09/17/2024 10:10:00,20.98,0.00,PMXC6,RT
09/17/2024 10:20:00,20.98,0.00,PMXC6,RT
09/17/2024 10:30:00,21.02,0.00,PMXC6,RT
09/17/2024 10:40:00,20.98,0.00,PMXC6,RT
09/17/2024 10:50:00,20.98,0.00,PMXC6,RT
09/17/2024 11:00:00,20.98,0.00,PMXC6,RT
09/17/2024 11:10:00,20.98,0.00,PMXC6,RT
09/17/2024 11:20:00,21.02,0.00,PMXC6,RT
09/17/2024 11:30:00,20.98,0.00,PMXC6,RT
09/17/2024 11:40:00,20.98,0.00,PMXC6,RT
09/17/2024 11:50:00,21.02,0.00,PMXC6,RT
09/17/2024 12:00:00,21.02,0.00,PMXC6,RT
09/17/2024 12:10:00,21.06,0.00,PMXC6,RT
09/17/2024 12:20:00,21.02,0.00,PMXC6,RT
09/17/2024 12:30:00,21.02,0.00,PMXC6,RT
09/17/2024 12:40:00,21.02,0.00,PMXC6,RT
09/17/2024 12:50:00,20.98,0.00,PMXC6,RT
09/17/2024 13:00:00,21.06,0.00,PMXC6,RT
09/17/2024 13:10:00,21.06,0.00,PMXC6,RT
09/17/2024 13:20:00,21.02,0.00,PMXC6,RT
09/17/2024 13:30:00,21.06,0.00,PMXC6,RT
09/17/2024 13:40:00,21.02,0.00,PMXC6,RT
09/17/2024 13:50:00,21.06,0.00,PMXC6,RT
09/17/2024 14:00:00,21.06,0.00,PMXC6,RT
09/17/2024 14:10:00,21.06,0.00,PMXC6,RT
09/17/2024 14:20:00,21.10,0.00,PMXC6,RT
09/17/2024 14:30:00,21.06,0.00,PMXC6,RT
09/17/2024 14:40:00,21.06,0.00,PMXC6,RT
09/17/2024 14:50:00,21.06,0.00,PMXC6,RT
09/17/2024 15:00:00,21.06,0.00,PMXC6,RT
09/17/2024 15:10:00,21.06,0.00,PMXC6,RT
09/17/2024 15:20:00,21.06,0.00,PMXC6,RT
09/17/2024 15:30:00,21.06,0.00,PMXC6,RT
09/17/2024 15:40:00,21.10,0.00,PMXC6,RT
09/17/2024 15:50:00,21.06,0.00,PMXC6,RT
09/17/2024 16:00:00,20.98,0.00,PMXC6,RT
09/17/2024 16:10:00,20.98,0.00,PMXC6,RT
09/17/2024 16:20:00,21.02,0.00,PMXC6,RT
09/17/2024 16:30:00,21.02,0.00,PMXC6,RT
09/17/2024 16:40:00,21.02,0.00,PMXC6,RT
09/17/2024 16:50:00,21.02,0.00,PMXC6,RT
09/17/2024 17:00:00,21.06,0.00,PMXC6,RT
09/17/2024 17:10:00,21.06,0.00,PMXC6,RT
09/17/2024 17:20:00,21.02,0.00,PMXC6,RT
09/17/2024 17:30:00,21.06,0.00,PMXC6,RT
09/17/2024 17:40:00,21.06,0.00,PMXC6,RT
09/17/2024 17:50:00,20.98,0.00,PMXC6,RT
09/17/2024 18:00:00,21.02,0.00,PMXC6,RT
09/17/2024 18:10:00,21.06,0.00,PMXC6,RT
09/17/2024 18:20:00,21.06,0.00,PMXC6,RT
09/17/2024 18:30:00,21.02,0.00,PMXC6,RT
09/17/2024 18:40:00,21.02,0.00,PMXC6,RT
09/17/2024 18:50:00,21.06,0.00,PMXC6,RT
09/17/2024 19:00:00,21.02,0.00,PMXC6,RT
09/17/2024 19:10:00,21.02,0.00,PMXC6,RT
09/17/2024 19:20:00,21.02,0.00,PMXC6,RT
09/17/2024 19:30:00,20.98,0.00,PMXC6,RT
09/17/2024 19:40:00,21.06,0.00,PMXC6,RT
09/17/2024 19:50:00,21.02,0.00,PMXC6,RT
09/17/2024 20:00:00,21.02,0.00,PMXC6,RT
09/17/2024 20:10:00,21.06,0.00,PMXC6,RT
09/17/2024 20:20:00,21.02,0.00,PMXC6,RT
09/17/2024 20:30:00,21.02,0.00,PMXC6,RT
09/17/2024 20:40:00,21.02,0.00,PMXC6,RT
09/17/2024 20:50:00,21.02,0.00,PMXC6,RT
09/17/2024 21:00:00,21.02,0.00,PMXC6,RT
09/17/2024 21:10:00,21.06,0.00,PMXC6,RT
09/17/2024 21:20:00,21.02,0.00,PMXC6,RT
09/17/2024 21:30:00,21.06,0.00,PMXC6,RT
09/17/2024 21:40:00,21.02,0.00,PMXC6,RT
09/17/2024 21:50:00,21.02,0.00,PMXC6,RT
09/17/2024 22:00:00,21.06,0.00,PMXC6,RT
09/17/2024 22:10:00,21.02,0.00,PMXC6,RT
09/17/2024 22:20:00,20.98,0.00,PMXC6,RT
09/17/2024 22:30:00,20.98,0.00,PMXC6,RT
09/17/2024 22:40:00,21.02,0.00,PMXC6,RT
09/17/2024 22:50:00,20.98,0.00,PMXC6,RT
09/17/2024 23:00:00,21.02,0.00,PMXC6,RT
09/17/2024 23:10:00,21.02,0.00,PMXC6,RT
09/17/2024 23:20:00,21.02,0.00,PMXC6,RT
09/17/2024 23:30:00,20.98,0.00,PMXC6,RT
09/17/2024 23:40:00,21.02,0.00,PMXC6,RT
09/17/2024 23:50:00,21.02,0.00,PMXC6,RT
09/18/2024 00:00:00,20.98,0.00,PMXC6,RT
09/18/2024 00:10:00,20.98,0.00,PMXC6,RT
09/18/2024 00:20:00,21.02,0.00,PMXC6,RT
09/18/2024 00:30:00,20.98,0.00,PMXC6,RT
09/18/2024 00:40:00,20.98,0.00,PMXC6,RT
09/18/2024 00:50:00,20.98,0.00,PMXC6,RT
09/18/2024 01:00:00,20.98,0.00,PMXC6,RT
09/18/2024 01:10:00,21.02,0.00,PMXC6,RT
09/18/2024 01:20:00,21.02,0.00,PMXC6,RT
09/18/2024 01:30:00,21.02,0.00,PMXC6,RT
09/18/2024 01:40:00,21.02,0.00,PMXC6,RT
09/18/2024 01:50:00,20.98,0.00,PMXC6,RT
09/18/2024 02:00:00,20.98,0.00,PMXC6,RT
09/18/2024 02:10:00,21.02,0.00,PMXC6,RT
09/18/2024 02:20:00,20.93,0.00,PMXC6,RT
09/18/2024 02:30:00,20.98,0.00,PMXC6,RT
09/18/2024 02:40:00,20.98,0.00,PMXC6,RT
09/18/2024 02:50:00,20.98,0.00,PMXC6,RT
09/18/2024 03:00:00,20.98,0.00,PMXC6,RT
09/18/2024 03:10:00,20.98,0.00,PMXC6,RT
09/18/2024 03:20:00,20.98,0.00,PMXC6,RT
09/18/2024 03:30:00,21.02,0.00,PMXC6,RT
09/18/2024 03:40:00,20.98,0.00,PMXC6,RT
09/18/2024 03:50:00,20.98,0.00,PMXC6,RT
09/18/2024 04:00:00,21.02,0.00,PMXC6,RT
09/18/2024 04:10:00,20.98,0.00,PMXC6,RT
09/18/2024 04:20:00,20.98,0.00,PMXC6,RT
09/18/2024 04:30:00,21.02,0.00,PMXC6,RT
09/18/2024 04:40:00,20.98,0.00,PMXC6,RT
09/18/2024 04:50:00,21.02,0.00,PMXC6,RT
09/18/2024 05:00:00,20.93,0.00,PMXC6,RT
09/18/2024 05:10:00,20.93,0.00,PMXC6,RT
09/18/2024 05:20:00,20.98,0.00,PMXC6,RT
09/18/2024 05:30:00,20.98,0.00,PMXC6,RT
09/18/2024 05:40:00,20.98,0.00,PMXC6,RT
09/18/2024 05:50:00,20.98,0.00,PMXC6,RT
09/18/2024 06:00:00,20.93,0.00,PMXC6,RT
09/18/2024 06:10:00,20.98,0.00,PMXC6,RT
09/18/2024 06:20:00,20.98,0.00,PMXC6,RT
09/18/2024 06:30:00,20.98,0.00,PMXC6,RT
09/18/2024 06:40:00,20.98,0.00,PMXC6,RT
09/18/2024 06:50:00,20.98,0.00,PMXC6,RT
09/18/2024 07:00:00,20.98,0.00,PMXC6,RT
09/18/2024 07:10:00,20.98,0.00,PMXC6,RT
09/18/2024 07:20:00,20.98,0.00,PMXC6,RT
09/18/2024 07:30:00,20.98,0.00,PMXC6,RT
09/18/2024 07:40:00,20.93,0.00,PMXC6,RT
09/18/2024 07:50:00,20.98,0.00,PMXC6,RT
09/18/2024 08:00:00,20.98,0.00,PMXC6,RT
09/18/2024 08:10:00,20.98,0.00,PMXC6,RT
09/18/2024 08:20:00,20.98,0.00,PMXC6,RT
09/18/2024 08:30:00,20.98,0.00,PMXC6,RT
09/18/2024 08:40:00,20.98,0.00,PMXC6,RT
09/18/2024 08:50:00,20.98,0.00,PMXC6,RT
09/18/2024 09:00:00,20.98,0.00,PMXC6,RT
09/18/2024 09:10:00,20.93,0.00,PMXC6,RT
09/18/2024 09:20:00,20.98,0.00,PMXC6,RT
09/18/2024 09:30:00,20.89,0.00,PMXC6,RT
09/18/2024 09:40:00,20.93,0.00,PMXC6,RT
09/18/2024 09:50:00,20.93,0.00,PMXC6,RT
09/18/2024 10:00:00,20.89,0.00,PMXC6,RT
09/18/2024 10:10:00,20.85,0.00,PMXC6,RT
09/18/2024 10:20:00,20.89,0.00,PMXC6,RT
09/18/2024 10:30:00,20.89,0.00,PMXC6,RT
09/18/2024 10:40:00,20.85,0.00,PMXC6,RT
09/18/2024 10:50:00,20.89,0.00,PMXC6,RT
09/18/2024 11:00:00,20.93,0.00,PMXC6,RT
09/18/2024 11:10:00,20.85,0.00,PMXC6,RT
09/18/2024 11:20:00,20.89,0.00,PMXC6,RT
09/18/2024 11:30:00,20.93,0.00,PMXC6,RT
09/18/2024 11:40:00,20.85,0.00,PMXC6,RT
09/18/2024 11:50:00,20.85,0.00,PMXC6,RT
09/18/2024 12:00:00,20.85,0.00,PMXC6,RT
09/18/2024 12:10:00,20.85,0.00,PMXC6,RT
09/18/2024 12:20:00,20.85,0.00,PMXC6,RT
09/18/2024 12:30:00,20.89,0.00,PMXC6,RT
09/18/2024 12:40:00,20.85,0.00,PMXC6,RT
09/18/2024 12:50:00,20.80,0.00,PMXC6,RT
09/18/2024 13:00:00,20.85,0.00,PMXC6,RT
09/18/2024 13:10:00,20.85,0.00,PMXC6,RT
09/18/2024 13:20:00,20.85,0.00,PMXC6,RT
09/18/2024 13:30:00,20.85,0.00,PMXC6,RT
09/18/2024 13:40:00,20.89,0.00,PMXC6,RT
09/18/2024 13:50:00,20.85,0.00,PMXC6,RT
09/18/2024 14:00:00,20.85,0.00,PMXC6,RT
09/18/2024 14:10:00,20.89,0.00,PMXC6,RT
09/18/2024 14:20:00,20.89,0.00,PMXC6,RT
09/18/2024 14:30:00,20.85,0.00,PMXC6,RT
09/18/2024 14:40:00,20.80,0.00,PMXC6,RT
09/18/2024 14:50:00,20.76,0.00,PMXC6,RT
09/18/2024 15:00:00,20.72,0.20,PMXC6,RT
09/18/2024 15:10:00,20.72,0.00,PMXC6,RT
09/18/2024 15:20:00,20.72,0.00,PMXC6,RT
09/18/2024 15:30:00,20.68,0.00,PMXC6,RT
09/18/2024 15:40:00,20.68,0.00,PMXC6,RT
09/18/2024 15:50:00,20.63,0.00,PMXC6,RT
09/18/2024 16:00:00,20.50,0.00,PMXC6,RT
09/18/2024 16:10:00,20.50,0.00,PMXC6,RT
09/18/2024 16:20:00,20.55,0.00,PMXC6,RT
09/18/2024 16:30:00,20.55,0.00,PMXC6,RT
09/18/2024 16:40:00,20.55,0.00,PMXC6,RT
09/18/2024 16:50:00,20.55,0.00,PMXC6,RT
09/18/2024 17:00:00,20.55,0.00,PMXC6,RT
09/18/2024 17:10:00,20.55,0.00,PMXC6,RT
09/18/2024 17:20:00,20.50,0.00,PMXC6,RT
09/18/2024 17:30:00,20.50,0.00,PMXC6,RT
09/18/2024 17:40:00,20.59,0.00,PMXC6,RT
09/18/2024 17:50:00,20.59,0.00,PMXC6,RT
09/18/2024 18:00:00,20.63,0.00,PMXC6,RT
09/18/2024 18:10:00,20.59,0.00,PMXC6,RT
09/18/2024 18:20:00,20.59,0.00,PMXC6,RT
09/18/2024 18:30:00,20.63,0.00,PMXC6,RT
09/18/2024 18:40:00,20.63,0.00,PMXC6,RT
09/18/2024 18:50:00,20.68,0.00,PMXC6,RT
09/18/2024 19:00:00,20.63,0.00,PMXC6,RT
09/18/2024 19:10:00,20.63,0.00,PMXC6,RT
09/18/2024 19:20:00,20.68,0.00,PMXC6,RT
09/18/2024 19:30:00,20.72,0.00,PMXC6,RT
09/18/2024 19:40:00,20.72,0.00,PMXC6,RT
09/18/2024 19:50:00,20.68,0.00,PMXC6,RT
09/18/2024 20:00:00,20.72,0.00,PMXC6,RT
09/18/2024 20:10:00,20.76,0.00,PMXC6,RT
09/18/2024 20:20:00,20.76,0.00,PMXC6,RT
09/18/2024 20:30:00,20.72,0.00,PMXC6,RT
09/18/2024 20:40:00,20.76,0.00,PMXC6,RT
09/18/2024 20:50:00,20.68,0.00,PMXC6,RT
09/18/2024 21:00:00,20.72,0.00,PMXC6,RT
09/18/2024 21:10:00,20.72,0.00,PMXC6,RT
09/18/2024 21:20:00,20.76,0.00,PMXC6,RT
09/18/2024 21:30:00,20.76,0.00,PMXC6,RT
09/18/2024 21:40:00,20.76,0.00,PMXC6,RT
09/18/2024 21:50:00,20.85,0.00,PMXC6,RT
09/18/2024 22:00:00,20.80,0.00,PMXC6,RT
09/18/2024 22:10:00,20.80,0.00,PMXC6,RT
09/18/2024 22:20:00,20.80,0.00,PMXC6,RT
09/18/2024 22:30:00,20.80,0.00,PMXC6,RT
09/18/2024 22:40:00,20.80,0.00,PMXC6,RT
09/18/2024 22:50:00,20.80,0.00,PMXC6,RT
09/18/2024 23:00:00,20.80,0.00,PMXC6,RT
09/18/2024 23:10:00,20.80,0.00,PMXC6,RT
09/18/2024 23:20:00,20.80,0.00,PMXC6,RT
09/18/2024 23:30:00,20.85,0.00,PMXC6,RT
09/18/2024 23:40:00,20.85,0.00,PMXC6,RT
09/18/2024 23:50:00,20.85,0.00,PMXC6,RT
09/19/2024 00:00:00,20.85,0.00,PMXC6,RT
09/19/2024 00:10:00,20.89,0.00,PMXC6,RT
09/19/2024 00:20:00,20.89,0.00,PMXC6,RT
09/19/2024 00:30:00,20.85,0.00,PMXC6,RT
09/19/2024 00:40:00,20.80,0.00,PMXC6,RT
09/19/2024 00:50:00,20.89,0.00,PMXC6,RT
09/19/2024 01:00:00,20.85,0.00,PMXC6,RT
09/19/2024 01:10:00,20.89,0.00,PMXC6,RT
09/19/2024 01:20:00,20.85,0.00,PMXC6,RT
09/19/2024 01:30:00,20.89,0.00,PMXC6,RT
09/19/2024 01:40:00,20.93,0.00,PMXC6,RT
09/19/2024 01:50:00,20.89,0.00,PMXC6,RT
09/19/2024 02:00:00,20.89,0.00,PMXC6,RT
09/19/2024 02:10:00,20.85,0.00,PMXC6,RT
09/19/2024 02:20:00,20.89,0.00,PMXC6,RT
09/19/2024 02:30:00,20.93,0.00,PMXC6,RT
09/19/2024 02:40:00,20.93,0.00,PMXC6,RT
09/19/2024 02:50:00,20.89,0.00,PMXC6,RT
09/19/2024 03:00:00,20.93,0.00,PMXC6,RT
09/19/2024 03:10:00,20.93,0.00,PMXC6,RT
09/19/2024 03:20:00,20.93,0.00,PMXC6,RT
09/19/2024 03:30:00,20.98,0.00,PMXC6,RT
09/19/2024 03:40:00,20.98,0.00,PMXC6,RT
09/19/2024 03:50:00,20.93,0.00,PMXC6,RT
09/19/2024 04:00:00,20.98,0.00,PMXC6,RT
09/19/2024 04:10:00,20.93,0.00,PMXC6,RT
09/19/2024 04:20:00,20.93,0.00,PMXC6,RT
09/19/2024 04:30:00,20.93,0.00,PMXC6,RT
09/19/2024 04:40:00,20.93,0.00,PMXC6,RT
09/19/2024 04:50:00,20.98,0.00,PMXC6,RT
09/19/2024 05:00:00,20.98,0.00,PMXC6,RT
09/19/2024 05:10:00,20.98,0.00,PMXC6,RT
09/19/2024 05:20:00,21.02,0.00,PMXC6,RT
09/19/2024 05:30:00,21.02,0.00,PMXC6,RT
09/19/2024 05:40:00,21.02,0.00,PMXC6,RT
09/19/2024 05:50:00,21.02,0.00,PMXC6,RT
09/19/2024 06:00:00,21.02,0.00,PMXC6,RT
09/19/2024 06:10:00,21.02,0.00,PMXC6,RT
09/19/2024 06:20:00,21.02,0.00,PMXC6,RT
09/19/2024 06:30:00,21.02,0.00,PMXC6,RT
09/19/2024 06:40:00,21.06,0.00,PMXC6,RT
09/19/2024 06:50:00,21.02,0.00,PMXC6,RT
09/19/2024 07:00:00,21.06,0.00,PMXC6,RT
09/19/2024 07:10:00,20.98,0.00,PMXC6,RT
09/19/2024 07:20:00,21.02,0.00,PMXC6,RT
09/19/2024 07:30:00,21.06,0.00,PMXC6,RT
09/19/2024 07:40:00,21.06,0.00,PMXC6,RT
09/19/2024 07:50:00,21.06,0.00,PMXC6,RT
09/19/2024 08:00:00,21.10,0.00,PMXC6,RT
09/19/2024 08:10:00,21.10,0.00,PMXC6,RT
09/19/2024 08:20:00,21.06,0.00,PMXC6,RT
09/19/2024 08:30:00,21.06,0.00,PMXC6,RT
09/19/2024 08:40:00,21.06,0.00,PMXC6,RT
09/19/2024 08:50:00,21.02,0.00,PMXC6,RT
09/19/2024 09:00:00,21.02,0.00,PMXC6,RT
09/19/2024 09:10:00,20.98,0.00,PMXC6,RT
09/19/2024 09:20:00,21.02,0.00,PMXC6,RT
09/19/2024 09:30:00,20.98,0.00,PMXC6,RT
09/19/2024 09:40:00,20.93,0.00,PMXC6,RT
09/19/2024 09:50:00,20.98,0.00,PMXC6,RT
09/19/2024 10:00:00,20.93,0.00,PMXC6,RT
09/19/2024 10:10:00,20.89,0.00,PMXC6,RT
09/19/2024 10:20:00,20.93,0.00,PMXC6,RT
09/19/2024 10:30:00,20.98,0.00,PMXC6,RT
09/19/2024 10:40:00,20.98,0.00,PMXC6,RT
09/19/2024 10:50:00,20.89,0.00,PMXC6,RT
09/19/2024 11:00:00,20.93,0.00,PMXC6,RT
09/19/2024 11:10:00,20.93,0.00,PMXC6,RT
09/19/2024 11:20:00,20.89,0.00,PMXC6,RT
09/19/2024 11:30:00,20.85,0.00,PMXC6,RT
09/19/2024 11:40:00,20.85,195.68,PMXC6,RT
09/19/2024 11:50:00,20.89,195.68,PMXC6,RT
09/19/2024 12:00:00,20.85,195.68,PMXC6,RT
09/19/2024 12:10:00,20.80,194.00,PMXC6,RT
09/19/2024 12:20:00,20.76,190.64,PMXC6,RT
09/19/2024 12:30:00,20.89,0.00,PMXC6,RT
09/19/2024 12:40:00,20.89,0.00,PMXC6,RT
09/19/2024 12:50:00,20.89,0.00,PMXC6,RT
09/19/2024 13:00:00,20.89,0.00,PMXC6,RT
09/19/2024 13:10:00,20.89,0.00,PMXC6,RT
09/19/2024 13:20:00,20.85,0.00,PMXC6,RT
09/19/2024 13:30:00,20.76,0.00,PMXC6,RT
09/19/2024 13:40:00,20.80,0.00,PMXC6,RT
09/19/2024 13:50:00,20.76,0.00,PMXC6,RT
09/19/2024 14:00:00,20.76,0.00,PMXC6,RT
09/19/2024 14:10:00,20.68,0.00,PMXC6,RT
09/19/2024 14:20:00,20.72,0.00,PMXC6,RT
09/19/2024 14:30:00,20.68,0.00,PMXC6,RT
09/19/2024 14:40:00,20.68,0.00,PMXC6,RT
09/19/2024 14:50:00,20.63,0.00,PMXC6,RT
09/19/2024 15:00:00,20.63,0.00,PMXC6,RT
09/19/2024 15:10:00,20.68,0.00,PMXC6,RT
09/19/2024 15:20:00,20.63,0.00,PMXC6,RT
09/19/2024 15:30:00,20.63,0.00,PMXC6,RT
09/19/2024 15:40:00,20.63,0.00,PMXC6,RT
09/19/2024 15:50:00,20.63,0.00,PMXC6,RT
09/19/2024 16:00:00,20.63,0.00,PMXC6,RT
09/19/2024 16:10:00,20.59,0.00,PMXC6,RT
09/19/2024 16:20:00,20.63,0.00,PMXC6,RT
09/19/2024 16:30:00,20.63,0.00,PMXC6,RT
09/19/2024 16:40:00,20.59,0.00,PMXC6,RT
09/19/2024 16:50:00,20.59,0.00,PMXC6,RT
09/19/2024 17:00:00,20.63,0.00,PMXC6,RT
09/19/2024 17:10:00,20.63,0.00,PMXC6,RT
09/19/2024 17:20:00,20.63,0.00,PMXC6,RT
09/19/2024 17:30:00,20.68,0.00,PMXC6,RT
09/19/2024 17:40:00,20.63,0.00,PMXC6,RT
09/19/2024 17:50:00,20.68,0.00,PMXC6,RT
09/19/2024 18:00:00,20.63,0.00,PMXC6,RT
09/19/2024 18:10:00,20.63,0.00,PMXC6,RT
09/19/2024 18:20:00,20.59,0.00,PMXC6,RT
09/19/2024 18:30:00,20.59,0.00,PMXC6,RT
09/19/2024 18:40:00,20.63,0.00,PMXC6,RT
09/19/2024 18:50:00,20.63,0.00,PMXC6,RT
09/19/2024 19:00:00,20.68,0.00,PMXC6,RT
09/19/2024 19:10:00,20.68,0.00,PMXC6,RT
09/19/2024 19:20:00,20.68,0.00,PMXC6,RT
09/19/2024 19:30:00,20.72,0.00,PMXC6,RT
09/19/2024 19:40:00,20.72,0.00,PMXC6,RT
09/19/2024 19:50:00,20.72,0.00,PMXC6,RT
09/19/2024 20:00:00,20.72,0.00,PMXC6,RT
09/19/2024 20:10:00,20.76,0.00,PMXC6,RT
09/19/2024 20:20:00,20.76,0.00,PMXC6,RT
09/19/2024 20:30:00,20.76,0.00,PMXC6,RT
09/19/2024 20:40:00,20.76,0.00,PMXC6,RT
09/19/2024 20:50:00,20.76,0.00,PMXC6,RT
09/19/2024 21:00:00,20.76,0.00,PMXC6,RT
09/19/2024 21:10:00,20.76,0.00,PMXC6,RT
09/19/2024 21:20:00,20.80,0.00,PMXC6,RT
09/19/2024 21:30:00,20.80,0.00,PMXC6,RT
09/19/2024 21:40:00,20.80,0.00,PMXC6,RT
09/19/2024 21:50:00,20.76,0.00,PMXC6,RT
09/19/2024 22:00:00,20.80,0.00,PMXC6,RT
09/19/2024 22:10:00,20.80,0.00,PMXC6,RT
09/19/2024 22:20:00,20.80,0.00,PMXC6,RT
09/19/2024 22:30:00,20.80,0.00,PMXC6,RT
09/19/2024 22:40:00,20.80,0.00,PMXC6,RT
09/19/2024 22:50:00,20.80,0.00,PMXC6,RT
09/19/2024 23:00:00,20.85,0.00,PMXC6,RT
09/19/2024 23:10:00,20.80,0.00,PMXC6,RT
09/19/2024 23:20:00,20.85,0.00,PMXC6,RT
09/19/2024 23:30:00,20.85,0.00,PMXC6,RT
09/19/2024 23:40:00,20.80,0.00,PMXC6,RT
09/19/2024 23:50:00,20.85,0.00,PMXC6,RT
09/20/2024 00:00:00,20.85,0.00,PMXC6,RT
09/20/2024 00:10:00,20.85,0.00,PMXC6,RT
09/20/2024 00:20:00,20.85,0.00,PMXC6,RT
09/20/2024 00:30:00,20.80,0.00,PMXC6,RT
09/20/2024 00:40:00,20.85,0.00,PMXC6,RT
09/20/2024 00:50:00,20.85,0.00,PMXC6,RT
09/20/2024 01:00:00,20.80,0.00,PMXC6,RT
09/20/2024 01:10:00,20.85,0.00,PMXC6,RT
09/20/2024 01:20:00,20.85,0.00,PMXC6,RT
09/20/2024 01:30:00,20.85,0.00,PMXC6,RT
09/20/2024 01:40:00,20.85,0.00,PMXC6,RT
09/20/2024 01:50:00,20.85,0.00,PMXC6,RT
09/20/2024 02:00:00,20.85,0.00,PMXC6,RT
09/20/2024 02:10:00,20.85,0.00,PMXC6,RT
09/20/2024 02:20:00,20.85,0.00,PMXC6,RT
09/20/2024 02:30:00,20.85,0.00,PMXC6,RT
09/20/2024 02:40:00,20.85,0.00,PMXC6,RT
09/20/2024 02:50:00,20.85,0.00,PMXC6,RT
09/20/2024 03:00:00,20.80,0.00,PMXC6,RT
09/20/2024 03:10:00,20.80,0.00,PMXC6,RT
09/20/2024 03:20:00,20.85,0.00,PMXC6,RT
09/20/2024 03:30:00,20.80,0.00,PMXC6,RT
09/20/2024 03:40:00,20.80,0.00,PMXC6,RT
09/20/2024 03:50:00,20.80,0.00,PMXC6,RT
09/20/2024 04:00:00,20.76,0.00,PMXC6,RT
09/20/2024 04:10:00,20.85,0.00,PMXC6,RT
09/20/2024 04:20:00,20.80,0.00,PMXC6,RT
09/20/2024 04:30:00,20.85,0.00,PMXC6,RT
09/20/2024 04:40:00,20.85,0.00,PMXC6,RT
09/20/2024 04:50:00,20.80,0.00,PMXC6,RT
09/20/2024 05:00:00,20.85,0.00,PMXC6,RT
09/20/2024 05:10:00,20.85,0.00,PMXC6,RT
09/20/2024 05:20:00,20.85,0.00,PMXC6,RT
09/20/2024 05:30:00,20.85,0.00,PMXC6,RT
09/20/2024 05:40:00,20.85,0.00,PMXC6,RT
09/20/2024 05:50:00,20.85,0.00,PMXC6,RT
09/20/2024 06:00:00,20.85,0.00,PMXC6,RT
09/20/2024 06:10:00,20.85,0.00,PMXC6,RT
09/20/2024 06:20:00,20.85,0.00,PMXC6,RT
09/20/2024 06:30:00,20.89,0.00,PMXC6,RT
09/20/2024 06:40:00,20.89,0.00,PMXC6,RT
09/20/2024 06:50:00,20.85,0.00,PMXC6,RT
09/20/2024 07:00:00,20.85,0.00,PMXC6,RT
09/20/2024 07:10:00,20.89,0.00,PMXC6,RT
09/20/2024 07:20:00,20.85,0.00,PMXC6,RT
09/20/2024 07:30:00,20.89,0.00,PMXC6,RT
09/20/2024 07:40:00,20.89,0.00,PMXC6,RT
09/20/2024 07:50:00,20.89,0.00,PMXC6,RT
09/20/2024 08:00:00,20.89,0.00,PMXC6,RT
09/20/2024 08:10:00,20.85,0.00,PMXC6,RT
09/20/2024 08:20:00,20.89,0.00,PMXC6,RT
09/20/2024 08:30:00,20.89,0.00,PMXC6,RT
09/20/2024 08:40:00,20.93,0.00,PMXC6,RT
09/20/2024 08:50:00,20.89,0.00,PMXC6,RT
09/20/2024 09:00:00,20.93,0.00,PMXC6,RT
09/20/2024 09:10:00,20.93,0.00,PMXC6,RT
09/20/2024 09:20:00,20.89,0.00,PMXC6,RT
09/20/2024 09:30:00,20.93,0.00,PMXC6,RT
09/20/2024 09:40:00,20.93,0.00,PMXC6,RT
09/20/2024 09:50:00,20.89,0.00,PMXC6,RT
09/20/2024 10:00:00,20.89,0.00,PMXC6,RT
09/20/2024 10:10:00,20.93,0.00,PMXC6,RT
09/20/2024 10:20:00,20.93,0.00,PMXC6,RT
09/20/2024 10:30:00,20.89,0.00,PMXC6,RT
09/20/2024 10:40:00,20.93,0.00,PMXC6,RT
09/20/2024 10:50:00,20.93,0.00,PMXC6,RT
09/20/2024 11:00:00,20.98,0.00,PMXC6,RT
09/20/2024 11:10:00,20.93,0.00,PMXC6,RT
09/20/2024 11:20:00,20.93,0.00,PMXC6,RT
09/20/2024 11:30:00,20.89,0.00,PMXC6,RT
09/20/2024 11:40:00,20.89,0.00,PMXC6,RT
09/20/2024 11:50:00,20.93,0.00,PMXC6,RT
09/20/2024 12:00:00,20.98,0.00,PMXC6,RT
09/20/2024 12:10:00,20.93,0.00,PMXC6,RT
09/20/2024 12:20:00,20.93,0.00,PMXC6,RT
09/20/2024 12:30:00,20.89,0.00,PMXC6,RT
09/20/2024 12:40:00,20.89,0.00,PMXC6,RT
09/20/2024 12:50:00,20.89,0.00,PMXC6,RT
09/20/2024 13:00:00,20.85,0.00,PMXC6,RT
09/20/2024 13:10:00,20.80,0.00,PMXC6,RT
09/20/2024 13:20:00,20.72,0.00,PMXC6,RT
09/20/2024 13:30:00,20.72,0.00,PMXC6,RT
09/20/2024 13:40:00,20.68,0.00,PMXC6,RT
09/20/2024 13:50:00,20.59,0.00,PMXC6,RT
09/20/2024 14:00:00,20.55,0.00,PMXC6,RT
09/20/2024 14:10:00,20.55,0.00,PMXC6,RT
09/20/2024 14:20:00,20.55,0.00,PMXC6,RT
09/20/2024 14:30:00,20.46,0.00,PMXC6,RT
09/20/2024 14:40:00,20.50,0.00,PMXC6,RT
09/20/2024 14:50:00,20.50,0.00,PMXC6,RT
09/20/2024 15:00:00,20.55,0.00,PMXC6,RT
09/20/2024 15:10:00,20.46,0.00,PMXC6,RT
09/20/2024 15:20:00,20.42,0.00,PMXC6,RT
09/20/2024 15:30:00,20.42,0.00,PMXC6,RT
09/20/2024 15:40:00,20.46,0.00,PMXC6,RT
09/20/2024 15:50:00,20.55,0.00,PMXC6,RT
09/20/2024 16:00:00,20.59,0.00,PMXC6,RT
09/20/2024 16:10:00,20.59,0.00,PMXC6,RT
09/20/2024 16:20:00,20.59,0.00,PMXC6,RT
09/20/2024 16:30:00,20.59,0.00,PMXC6,RT
09/20/2024 16:40:00,20.50,0.00,PMXC6,RT
09/20/2024 16:50:00,20.50,0.00,PMXC6,RT
09/20/2024 17:00:00,20.46,0.00,PMXC6,RT
09/20/2024 17:10:00,20.42,0.00,PMXC6,RT
09/20/2024 17:20:00,20.42,0.00,PMXC6,RT
09/20/2024 17:30:00,20.46,0.00,PMXC6,RT
09/20/2024 17:40:00,20.42,0.00,PMXC6,RT
09/20/2024 17:50:00,20.37,0.00,PMXC6,RT
09/20/2024 18:00:00,20.37,0.00,PMXC6,RT
09/20/2024 18:10:00,20.37,0.00,PMXC6,RT
09/20/2024 18:20:00,20.33,0.20,PMXC6,RT
09/20/2024 18:30:00,20.37,0.00,PMXC6,RT
09/20/2024 18:40:00,20.37,0.00,PMXC6,RT
09/20/2024 18:50:00,20.42,0.00,PMXC6,RT
09/20/2024 19:00:00,20.37,0.00,PMXC6,RT
09/20/2024 19:10:00,20.37,0.00,PMXC6,RT
09/20/2024 19:20:00,20.37,0.00,PMXC6,RT
09/20/2024 19:30:00,20.42,0.00,PMXC6,RT
09/20/2024 19:40:00,20.42,0.00,PMXC6,RT
09/20/2024 19:50:00,20.50,0.00,PMXC6,RT
09/20/2024 20:00:00,20.42,0.00,PMXC6,RT
09/20/2024 20:10:00,20.42,0.00,PMXC6,RT
09/20/2024 20:20:00,20.42,0.00,PMXC6,RT
09/20/2024 20:30:00,20.37,0.00,PMXC6,RT
09/20/2024 20:40:00,20.42,0.00,PMXC6,RT
09/20/2024 20:50:00,20.42,0.00,PMXC6,RT
09/20/2024 21:00:00,20.37,0.00,PMXC6,RT
09/20/2024 21:10:00,20.37,0.00,PMXC6,RT
09/20/2024 21:20:00,20.37,0.00,PMXC6,RT
09/20/2024 21:30:00,20.37,0.00,PMXC6,RT
09/20/2024 21:40:00,20.42,0.00,PMXC6,RT
09/20/2024 21:50:00,20.42,0.00,PMXC6,RT
09/20/2024 22:00:00,20.42,0.00,PMXC6,RT
09/20/2024 22:10:00,20.42,0.00,PMXC6,RT
09/20/2024 22:20:00,20.46,0.00,PMXC6,RT
09/20/2024 22:30:00,20.46,0.00,PMXC6,RT
09/20/2024 22:40:00,20.50,0.00,PMXC6,RT
09/20/2024 22:50:00,20.50,0.00,PMXC6,RT
09/20/2024 23:00:00,20.42,0.00,PMXC6,RT
09/20/2024 23:10:00,20.46,0.00,PMXC6,RT
09/20/2024 23:20:00,20.50,0.00,PMXC6,RT
09/20/2024 23:30:00,20.50,0.00,PMXC6,RT
09/20/2024 23:40:00,20.55,0.00,PMXC6,RT
09/20/2024 23:50:00,20.50,0.00,PMXC6,RT
09/21/2024 00:00:00,20.50,0.00,PMXC6,RT
09/21/2024 00:10:00,20.55,0.00,PMXC6,RT
09/21/2024 00:20:00,20.50,0.00,PMXC6,RT
09/21/2024 00:30:00,20.50,0.00,PMXC6,RT
09/21/2024 00:40:00,20.50,0.00,PMXC6,RT
09/21/2024 00:50:00,20.55,0.00,PMXC6,RT
09/21/2024 01:00:00,20.50,0.00,PMXC6,RT
09/21/2024 01:10:00,20.55,0.00,PMXC6,RT
09/21/2024 01:20:00,20.59,0.00,PMXC6,RT
09/21/2024 01:30:00,20.55,0.00,PMXC6,RT
09/21/2024 01:40:00,20.59,0.00,PMXC6,RT
09/21/2024 01:50:00,20.63,0.00,PMXC6,RT
09/21/2024 02:00:00,20.59,0.00,PMXC6,RT
09/21/2024 02:10:00,20.59,0.00,PMXC6,RT
09/21/2024 02:20:00,20.63,0.00,PMXC6,RT
09/21/2024 02:30:00,20.63,0.00,PMXC6,RT
09/21/2024 02:40:00,20.63,0.00,PMXC6,RT
09/21/2024 02:50:00,20.68,0.00,PMXC6,RT
09/21/2024 03:00:00,20.68,0.00,PMXC6,RT
09/21/2024 03:10:00,20.68,0.00,PMXC6,RT
09/21/2024 03:20:00,20.68,0.00,PMXC6,RT
09/21/2024 03:30:00,20.68,0.00,PMXC6,RT
09/21/2024 03:40:00,20.63,0.00,PMXC6,RT
09/21/2024 03:50:00,20.72,0.00,PMXC6,RT
09/21/2024 04:00:00,20.72,0.00,PMXC6,RT
09/21/2024 04:10:00,20.68,0.00,PMXC6,RT
09/21/2024 04:20:00,20.72,0.00,PMXC6,RT
09/21/2024 04:30:00,20.68,0.00,PMXC6,RT
09/21/2024 04:40:00,20.72,0.00,PMXC6,RT
09/21/2024 04:50:00,20.72,0.00,PMXC6,RT
09/21/2024 05:00:00,20.76,0.00,PMXC6,RT
09/21/2024 05:10:00,20.72,0.00,PMXC6,RT
09/21/2024 05:20:00,20.72,0.00,PMXC6,RT
09/21/2024 05:30:00,20.76,0.00,PMXC6,RT
09/21/2024 05:40:00,20.76,0.00,PMXC6,RT
09/21/2024 05:50:00,20.76,0.00,PMXC6,RT
09/21/2024 06:00:00,20.76,0.00,PMXC6,RT
09/21/2024 06:10:00,20.76,0.00,PMXC6,RT
09/21/2024 06:20:00,20.80,0.00,PMXC6,RT
09/21/2024 06:30:00,20.80,0.00,PMXC6,RT
09/21/2024 06:40:00,20.80,0.00,PMXC6,RT
09/21/2024 06:50:00,20.80,0.00,PMXC6,RT
09/21/2024 07:00:00,20.80,0.00,PMXC6,RT
09/21/2024 07:10:00,20.85,0.00,PMXC6,RT
09/21/2024 07:20:00,20.80,0.00,PMXC6,RT
09/21/2024 07:30:00,20.85,0.00,PMXC6,RT
09/21/2024 07:40:00,20.80,0.00,PMXC6,RT
09/21/2024 07:50:00,20.85,0.00,PMXC6,RT
09/21/2024 08:00:00,20.85,0.00,PMXC6,RT
09/21/2024 08:10:00,20.80,0.00,PMXC6,RT
09/21/2024 08:20:00,20.85,0.00,PMXC6,RT
09/21/2024 08:30:00,20.80,0.00,PMXC6,RT
09/21/2024 08:40:00,20.80,0.00,PMXC6,RT
09/21/2024 08:50:00,20.85,0.00,PMXC6,RT
09/21/2024 09:00:00,20.85,0.00,PMXC6,RT
09/21/2024 09:10:00,20.85,0.00,PMXC6,RT
09/21/2024 09:20:00,20.85,0.00,PMXC6,RT
09/21/2024 09:30:00,20.80,0.00,PMXC6,RT
09/21/2024 09:40:00,20.89,0.00,PMXC6,RT
09/21/2024 09:50:00,20.85,0.00,PMXC6,RT
09/21/2024 10:00:00,20.85,0.00,PMXC6,RT
09/21/2024 10:10:00,20.85,0.00,PMXC6,RT
09/21/2024 10:20:00,20.89,0.00,PMXC6,RT
09/21/2024 10:30:00,20.85,0.00,PMXC6,RT
09/21/2024 10:40:00,20.85,0.00,PMXC6,RT
09/21/2024 10:50:00,20.85,0.00,PMXC6,RT
09/21/2024 11:00:00,20.85,0.00,PMXC6,RT
09/21/2024 11:10:00,20.89,0.00,PMXC6,RT
09/21/2024 11:20:00,20.85,0.00,PMXC6,RT
09/21/2024 11:30:00,20.85,0.00,PMXC6,RT
09/21/2024 11:40:00,20.89,0.00,PMXC6,RT
09/21/2024 11:50:00,20.85,0.00,PMXC6,RT
09/21/2024 12:00:00,20.89,0.00,PMXC6,RT
09/21/2024 12:10:00,20.89,0.00,PMXC6,RT
09/21/2024 12:20:00,20.89,0.00,PMXC6,RT
09/21/2024 12:30:00,20.85,0.00,PMXC6,RT
09/21/2024 12:40:00,20.85,0.00,PMXC6,RT
09/21/2024 12:50:00,20.85,0.00,PMXC6,RT
09/21/2024 13:00:00,20.89,0.00,PMXC6,RT
09/21/2024 13:10:00,20.89,0.00,PMXC6,RT
09/21/2024 13:20:00,20.89,0.00,PMXC6,RT
09/21/2024 13:30:00,20.93,0.00,PMXC6,RT
09/21/2024 13:40:00,20.89,0.00,PMXC6,RT
09/21/2024 13:50:00,20.89,0.00,PMXC6,RT
09/21/2024 14:00:00,20.93,0.00,PMXC6,RT
09/21/2024 14:10:00,20.89,0.00,PMXC6,RT
09/21/2024 14:20:00,20.89,0.00,PMXC6,RT
09/21/2024 14:30:00,20.89,0.00,PMXC6,RT
09/21/2024 14:40:00,20.85,0.00,PMXC6,RT
09/21/2024 14:50:00,20.89,0.00,PMXC6,RT
09/21/2024 15:00:00,20.89,0.00,PMXC6,RT
09/21/2024 15:10:00,20.85,0.00,PMXC6,RT
09/21/2024 15:20:00,20.89,0.00,PMXC6,RT
09/21/2024 15:30:00,20.93,0.00,PMXC6,RT
09/21/2024 15:40:00,20.85,0.00,PMXC6,RT
09/21/2024 15:50:00,20.85,0.00,PMXC6,RT
09/21/2024 16:00:00,20.93,0.00,PMXC6,RT
09/21/2024 16:10:00,20.85,0.00,PMXC6,RT
09/21/2024 16:20:00,20.85,0.00,PMXC6,RT
09/21/2024 16:30:00,20.89,0.00,PMXC6,RT
09/21/2024 16:40:00,20.89,0.00,PMXC6,RT
09/21/2024 16:50:00,20.93,0.00,PMXC6,RT
09/21/2024 17:00:00,20.89,0.00,PMXC6,RT
09/21/2024 17:10:00,20.89,0.00,PMXC6,RT
09/21/2024 17:20:00,20.93,0.00,PMXC6,RT
09/21/2024 17:30:00,20.89,0.00,PMXC6,RT
09/21/2024 17:40:00,20.89,0.00,PMXC6,RT
09/21/2024 17:50:00,20.89,0.00,PMXC6,RT
09/21/2024 18:00:00,20.89,0.00,PMXC6,RT
09/21/2024 18:10:00,20.89,0.00,PMXC6,RT
09/21/2024 18:20:00,20.85,0.00,PMXC6,RT
09/21/2024 18:30:00,20.89,0.00,PMXC6,RT
09/21/2024 18:40:00,20.85,0.00,PMXC6,RT
09/21/2024 18:50:00,20.89,0.00,PMXC6,RT
09/21/2024 19:00:00,20.89,0.00,PMXC6,RT
09/21/2024 19:10:00,20.89,0.00,PMXC6,RT
09/21/2024 19:20:00,20.93,0.00,PMXC6,RT
09/21/2024 19:30:00,20.89,0.00,PMXC6,RT
09/21/2024 19:40:00,20.85,0.00,PMXC6,RT
09/21/2024 19:50:00,20.93,0.00,PMXC6,RT
09/21/2024 20:00:00,20.89,0.00,PMXC6,RT
09/21/2024 20:10:00,20.89,0.00,PMXC6,RT
09/21/2024 20:20:00,20.85,0.00,PMXC6,RT
09/21/2024 20:30:00,20.85,0.00,PMXC6,RT
09/21/2024 20:40:00,20.85,0.00,PMXC6,RT
09/21/2024 20:50:00,20.85,0.00,PMXC6,RT
09/21/2024 21:00:00,20.89,0.00,PMXC6,RT
09/21/2024 21:10:00,20.85,0.00,PMXC6,RT
09/21/2024 21:20:00,20.85,0.00,PMXC6,RT
09/21/2024 21:30:00,20.85,0.00,PMXC6,RT
09/21/2024 21:40:00,20.89,0.00,PMXC6,RT
09/21/2024 21:50:00,20.89,0.00,PMXC6,RT
09/21/2024 22:00:00,20.85,0.00,PMXC6,RT
09/21/2024 22:10:00,20.89,0.00,PMXC6,RT
09/21/2024 22:20:00,20.80,0.00,PMXC6,RT
09/21/2024 22:30:00,20.80,0.00,PMXC6,RT
09/21/2024 22:40:00,20.85,0.00,PMXC6,RT
09/21/2024 22:50:00,20.89,0.00,PMXC6,RT
09/21/2024 23:00:00,20.85,0.00,PMXC6,RT
09/21/2024 23:10:00,20.85,0.00,PMXC6,RT
09/21/2024 23:20:00,20.85,0.00,PMXC6,RT
09/21/2024 23:30:00,20.89,0.00,PMXC6,RT
09/21/2024 23:40:00,20.85,0.00,PMXC6,RT
09/21/2024 23:50:00,20.85,0.00,PMXC6,RT
09/22/2024 00:00:00,20.89,0.00,PMXC6,RT
09/22/2024 00:10:00,20.89,0.00,PMXC6,RT
09/22/2024 00:20:00,20.85,0.00,PMXC6,RT
09/22/2024 00:30:00,20.85,0.00,PMXC6,RT
09/22/2024 00:40:00,20.85,0.00,PMXC6,RT
09/22/2024 00:50:00,20.85,0.00,PMXC6,RT
09/22/2024 01:00:00,20.80,0.00,PMXC6,RT
09/22/2024 01:10:00,20.85,0.00,PMXC6,RT
09/22/2024 01:20:00,20.89,0.00,PMXC6,RT
09/22/2024 01:30:00,20.80,0.00,PMXC6,RT
09/22/2024 01:40:00,20.85,0.00,PMXC6,RT
09/22/2024 01:50:00,20.85,0.00,PMXC6,RT
09/22/2024 02:00:00,20.85,0.00,PMXC6,RT
09/22/2024 02:10:00,20.89,0.00,PMXC6,RT
09/22/2024 02:20:00,20.85,0.00,PMXC6,RT
09/22/2024 02:30:00,20.85,0.00,PMXC6,RT
09/22/2024 02:40:00,20.89,0.00,PMXC6,RT
09/22/2024 02:50:00,20.85,0.00,PMXC6,RT
09/22/2024 03:00:00,20.85,0.00,PMXC6,RT
09/22/2024 03:10:00,20.89,0.00,PMXC6,RT
09/22/2024 03:20:00,20.80,0.00,PMXC6,RT
09/22/2024 03:30:00,20.85,0.00,PMXC6,RT
09/22/2024 03:40:00,20.85,0.00,PMXC6,RT
09/22/2024 03:50:00,20.85,0.00,PMXC6,RT
09/22/2024 04:00:00,20.85,0.00,PMXC6,RT
09/22/2024 04:10:00,20.85,0.00,PMXC6,RT
09/22/2024 04:20:00,20.85,0.00,PMXC6,RT
09/22/2024 04:30:00,20.85,0.00,PMXC6,RT
09/22/2024 04:40:00,20.85,0.00,PMXC6,RT
09/22/2024 04:50:00,20.85,0.00,PMXC6,RT
09/22/2024 05:00:00,20.85,0.00,PMXC6,RT
09/22/2024 05:10:00,20.80,0.00,PMXC6,RT
09/22/2024 05:20:00,20.85,0.00,PMXC6,RT
09/22/2024 05:30:00,20.85,0.00,PMXC6,RT
09/22/2024 05:40:00,20.89,0.00,PMXC6,RT
09/22/2024 05:50:00,20.85,0.00,PMXC6,RT
09/22/2024 06:00:00,20.89,0.00,PMXC6,RT
09/22/2024 06:10:00,20.89,0.00,PMXC6,RT
09/22/2024 06:20:00,20.89,0.00,PMXC6,RT
09/22/2024 06:30:00,20.89,0.00,PMXC6,RT
09/22/2024 06:40:00,20.93,0.00,PMXC6,RT
09/22/2024 06:50:00,20.89,0.00,PMXC6,RT
09/22/2024 07:00:00,20.89,0.00,PMXC6,RT
09/22/2024 07:10:00,20.93,0.00,PMXC6,RT
09/22/2024 07:20:00,20.89,0.00,PMXC6,RT
09/22/2024 07:30:00,20.93,0.00,PMXC6,RT
09/22/2024 07:40:00,20.89,0.00,PMXC6,RT
09/22/2024 07:50:00,20.89,0.00,PMXC6,RT
09/22/2024 08:00:00,20.93,0.00,PMXC6,RT
09/22/2024 08:10:00,20.93,0.00,PMXC6,RT
09/22/2024 08:20:00,20.89,0.00,PMXC6,RT
09/22/2024 08:30:00,20.98,0.00,PMXC6,RT
09/22/2024 08:40:00,20.93,0.00,PMXC6,RT
09/22/2024 08:50:00,20.89,0.00,PMXC6,RT
09/22/2024 09:00:00,20.93,0.00,PMXC6,RT
09/22/2024 09:10:00,20.89,0.00,PMXC6,RT
09/22/2024 09:20:00,20.89,0.00,PMXC6,RT
09/22/2024 09:30:00,20.89,0.00,PMXC6,RT
09/22/2024 09:40:00,20.89,0.00,PMXC6,RT
09/22/2024 09:50:00,20.89,0.00,PMXC6,RT
09/22/2024 10:00:00,20.93,0.00,PMXC6,RT
09/22/2024 10:10:00,20.93,0.00,PMXC6,RT
09/22/2024 10:20:00,20.93,0.00,PMXC6,RT
09/22/2024 10:30:00,20.89,0.00,PMXC6,RT
09/22/2024 10:40:00,20.89,0.00,PMXC6,RT
09/22/2024 10:50:00,20.93,0.00,PMXC6,RT
09/22/2024 11:00:00,20.93,0.00,PMXC6,RT
09/22/2024 11:10:00,20.89,0.00,PMXC6,RT
09/22/2024 11:20:00,20.93,0.00,PMXC6,RT
09/22/2024 11:30:00,20.93,0.00,PMXC6,RT
09/22/2024 11:40:00,20.89,0.00,PMXC6,RT
09/22/2024 11:50:00,20.89,0.00,PMXC6,RT
09/22/2024 12:00:00,20.85,176.24,PMXC6,RT
09/22/2024 12:10:00,20.80,176.24,PMXC6,RT
09/22/2024 12:20:00,20.76,176.24,PMXC6,RT
09/22/2024 12:30:00,20.80,179.68,PMXC6,RT
09/22/2024 12:40:00,20.80,181.44,PMXC6,RT
09/22/2024 12:50:00,20.85,0.00,PMXC6,RT
09/22/2024 13:00:00,20.85,0.00,PMXC6,RT
09/22/2024 13:10:00,20.85,0.00,PMXC6,RT
09/22/2024 13:20:00,20.76,0.00,PMXC6,RT
09/22/2024 13:30:00,20.76,0.00,PMXC6,RT
09/22/2024 13:40:00,20.72,0.00,PMXC6,RT
09/22/2024 13:50:00,20.68,0.00,PMXC6,RT
09/22/2024 14:00:00,20.63,0.00,PMXC6,RT
09/22/2024 14:10:00,20.63,0.00,PMXC6,RT
09/22/2024 14:20:00,20.63,0.00,PMXC6,RT
09/22/2024 14:30:00,20.59,0.00,PMXC6,RT
09/22/2024 14:40:00,20.59,0.00,PMXC6,RT
09/22/2024 14:50:00,20.63,0.00,PMXC6,RT
09/22/2024 15:00:00,20.68,0.00,PMXC6,RT
09/22/2024 15:10:00,20.68,0.00,PMXC6,RT
09/22/2024 15:20:00,20.59,0.00,PMXC6,RT
09/22/2024 15:30:00,20.63,0.00,PMXC6,RT
09/22/2024 15:40:00,20.63,0.00,PMXC6,RT
09/22/2024 15:50:00,20.68,0.00,PMXC6,RT
09/22/2024 16:00:00,20.63,0.00,PMXC6,RT
09/22/2024 16:10:00,20.63,0.00,PMXC6,RT
09/22/2024 16:20:00,20.68,0.00,PMXC6,RT
09/22/2024 16:30:00,20.63,0.00,PMXC6,RT
09/22/2024 16:40:00,20.68,0.00,PMXC6,RT
09/22/2024 16:50:00,20.68,0.00,PMXC6,RT
09/22/2024 17:00:00,20.63,0.00,PMXC6,RT
09/22/2024 17:10:00,20.63,0.00,PMXC6,RT
09/22/2024 17:20:00,20.68,0.00,PMXC6,RT
09/22/2024 17:30:00,20.68,0.00,PMXC6,RT
09/22/2024 17:40:00,20.68,0.00,PMXC6,RT
09/22/2024 17:50:00,20.68,0.00,PMXC6,RT
09/22/2024 18:00:00,20.72,0.00,PMXC6,RT
09/22/2024 18:10:00,20.68,0.00,PMXC6,RT
09/22/2024 18:20:00,20.68,0.00,PMXC6,RT
09/22/2024 18:30:00,20.72,0.00,PMXC6,RT
09/22/2024 18:40:00,20.72,0.00,PMXC6,RT
09/22/2024 18:50:00,20.72,0.00,PMXC6,RT
09/22/2024 19:00:00,20.72,0.00,PMXC6,RT
09/22/2024 19:10:00,20.72,0.00,PMXC6,RT
09/22/2024 19:20:00,20.72,0.00,PMXC6,RT
09/22/2024 19:30:00,20.72,0.00,PMXC6,RT
09/22/2024 19:40:00,20.76,0.00,PMXC6,RT
09/22/2024 19:50:00,20.76,0.00,PMXC6,RT
09/22/2024 20:00:00,20.76,0.00,PMXC6,RT
09/22/2024 20:10:00,20.72,0.00,PMXC6,RT
09/22/2024 20:20:00,20.76,0.00,PMXC6,RT
09/22/2024 20:30:00,20.80,0.00,PMXC6,RT
09/22/2024 20:40:00,20.80,0.00,PMXC6,RT
09/22/2024 20:50:00,20.76,0.00,PMXC6,RT
09/22/2024 21:00:00,20.80,0.00,PMXC6,RT
09/22/2024 21:10:00,20.76,0.00,PMXC6,RT
09/22/2024 21:20:00,20.76,0.00,PMXC6,RT
09/22/2024 21:30:00,20.80,0.00,PMXC6,RT
09/22/2024 21:40:00,20.76,0.00,PMXC6,RT
09/22/2024 21:50:00,20.76,0.00,PMXC6,RT
09/22/2024 22:00:00,20.76,0.00,PMXC6,RT
09/22/2024 22:10:00,20.76,0.00,PMXC6,RT
09/22/2024 22:20:00,20.85,0.00,PMXC6,RT
09/22/2024 22:30:00,20.80,0.00,PMXC6,RT
09/22/2024 22:40:00,20.80,0.00,PMXC6,RT
09/22/2024 22:50:00,20.76,0.00,PMXC6,RT
09/22/2024 23:00:00,20.80,0.00,PMXC6,RT
09/22/2024 23:10:00,20.76,0.00,PMXC6,RT
09/22/2024 23:20:00,20.76,0.00,PMXC6,RT
09/22/2024 23:30:00,20.76,0.00,PMXC6,RT
09/22/2024 23:40:00,20.76,0.00,PMXC6,RT
09/22/2024 23:50:00,20.80,0.00,PMXC6,RT
09/23/2024 00:00:00,20.85,0.00,PMXC6,RT
09/23/2024 00:10:00,20.80,0.00,PMXC6,RT
09/23/2024 00:20:00,20.80,0.00,PMXC6,RT
09/23/2024 00:30:00,20.80,0.00,PMXC6,RT
09/23/2024 00:40:00,20.80,0.00,PMXC6,RT
09/23/2024 00:50:00,20.80,0.00,PMXC6,RT
09/23/2024 01:00:00,20.80,0.00,PMXC6,RT
09/23/2024 01:10:00,20.80,0.00,PMXC6,RT
09/23/2024 01:20:00,20.80,0.00,PMXC6,RT
09/23/2024 01:30:00,20.76,0.00,PMXC6,RT
09/23/2024 01:40:00,20.76,0.00,PMXC6,RT
09/23/2024 01:50:00,20.76,0.00,PMXC6,RT
09/23/2024 02:00:00,20.80,0.00,PMXC6,RT
09/23/2024 02:10:00,20.80,0.00,PMXC6,RT
09/23/2024 02:20:00,20.85,0.00,PMXC6,RT
09/23/2024 02:30:00,20.76,0.00,PMXC6,RT
09/23/2024 02:40:00,20.76,0.00,PMXC6,RT
09/23/2024 02:50:00,20.80,0.00,PMXC6,RT
09/23/2024 03:00:00,20.80,0.00,PMXC6,RT
09/23/2024 03:10:00,20.85,0.00,PMXC6,RT
09/23/2024 03:20:00,20.80,0.00,PMXC6,RT
09/23/2024 03:30:00,20.80,0.00,PMXC6,RT
09/23/2024 03:40:00,20.80,0.00,PMXC6,RT
09/23/2024 03:50:00,20.80,0.00,PMXC6,RT
09/23/2024 04:00:00,20.76,0.00,PMXC6,RT
09/23/2024 04:10:00,20.80,0.00,PMXC6,RT
09/23/2024 04:20:00,20.80,0.00,PMXC6,RT
09/23/2024 04:30:00,20.80,0.00,PMXC6,RT
09/23/2024 04:40:00,20.76,0.00,PMXC6,RT
09/23/2024 04:50:00,20.85,0.00,PMXC6,RT
09/23/2024 05:00:00,20.80,0.00,PMXC6,RT
09/23/2024 05:10:00,20.76,0.00,PMXC6,RT
09/23/2024 05:20:00,20.85,0.00,PMXC6,RT
09/23/2024 05:30:00,20.80,0.00,PMXC6,RT
09/23/2024 05:40:00,20.80,0.00,PMXC6,RT
09/23/2024 05:50:00,20.80,0.00,PMXC6,RT
09/23/2024 06:00:00,20.85,0.00,PMXC6,RT
09/23/2024 06:10:00,20.80,0.00,PMXC6,RT
09/23/2024 06:20:00,20.89,0.00,PMXC6,RT
09/23/2024 06:30:00,20.80,0.00,PMXC6,RT
09/23/2024 06:40:00,20.85,0.20,PMXC6,RT
09/23/2024 06:50:00,20.80,0.00,PMXC6,RT
09/23/2024 07:00:00,20.80,0.00,PMXC6,RT
09/23/2024 07:10:00,20.76,0.00,PMXC6,RT
09/23/2024 07:20:00,20.76,0.00,PMXC6,RT
09/23/2024 07:30:00,20.76,0.00,PMXC6,RT
09/23/2024 07:40:00,20.85,0.00,PMXC6,RT
09/23/2024 07:50:00,20.80,0.00,PMXC6,RT
09/23/2024 08:00:00,20.80,0.00,PMXC6,RT
09/23/2024 08:10:00,20.76,0.00,PMXC6,RT
09/23/2024 08:20:00,20.85,0.00,PMXC6,RT
09/23/2024 08:30:00,20.85,0.00,PMXC6,RT
09/23/2024 08:40:00,20.85,0.00,PMXC6,RT
09/23/2024 08:50:00,20.80,0.00,PMXC6,RT
09/23/2024 09:00:00,20.76,0.00,PMXC6,RT
09/23/2024 09:10:00,20.72,0.00,PMXC6,RT
09/23/2024 09:20:00,20.76,0.00,PMXC6,RT
09/23/2024 09:30:00,20.72,0.00,PMXC6,RT
09/23/2024 09:40:00,20.72,0.00,PMXC6,RT
09/23/2024 09:50:00,20.72,0.00,PMXC6,RT
09/23/2024 10:00:00,20.76,0.00,PMXC6,RT
09/23/2024 10:10:00,20.76,0.00,PMXC6,RT
09/23/2024 10:20:00,20.72,0.00,PMXC6,RT
09/23/2024 10:30:00,20.76,0.00,PMXC6,RT
09/23/2024 10:40:00,20.80,0.00,PMXC6,RT
09/23/2024 10:50:00,20.80,0.00,PMXC6,RT
09/23/2024 11:00:00,20.80,0.00,PMXC6,RT
09/23/2024 11:10:00,20.76,0.00,PMXC6,RT
09/23/2024 11:20:00,20.80,0.00,PMXC6,RT
09/23/2024 11:30:00,20.80,0.00,PMXC6,RT
09/23/2024 11:40:00,20.85,0.00,PMXC6,RT
09/23/2024 11:50:00,20.80,0.00,PMXC6,RT
09/23/2024 12:00:00,20.80,0.00,PMXC6,RT
09/23/2024 12:10:00,20.80,0.00,PMXC6,RT
09/23/2024 12:20:00,20.80,0.00,PMXC6,RT
09/23/2024 12:30:00,20.85,0.00,PMXC6,RT
09/23/2024 12:40:00,20.89,0.00,PMXC6,RT
09/23/2024 12:50:00,20.89,0.00,PMXC6,RT
09/23/2024 13:00:00,20.85,0.00,PMXC6,RT
09/23/2024 13:10:00,20.85,0.00,PMXC6,RT
09/23/2024 13:20:00,20.85,0.00,PMXC6,RT
09/23/2024 13:30:00,20.80,0.00,PMXC6,RT
09/23/2024 13:40:00,20.85,0.00,PMXC6,RT
09/23/2024 13:50:00,20.89,0.00,PMXC6,RT
09/23/2024 14:00:00,20.89,0.00,PMXC6,RT
09/23/2024 14:10:00,20.85,0.00,PMXC6,RT
09/23/2024 14:20:00,20.93,0.00,PMXC6,RT
09/23/2024 14:30:00,20.93,0.00,PMXC6,RT
09/23/2024 14:40:00,20.93,0.00,PMXC6,RT
09/23/2024 14:50:00,20.89,0.00,PMXC6,RT
09/23/2024 15:00:00,20.93,0.00,PMXC6,RT
09/23/2024 15:10:00,20.93,0.00,PMXC6,RT
09/23/2024 15:20:00,20.89,0.00,PMXC6,RT
09/23/2024 15:30:00,20.89,0.00,PMXC6,RT
09/23/2024 15:40:00,20.93,0.00,PMXC6,RT
09/23/2024 15:50:00,20.89,0.00,PMXC6,RT
09/23/2024 16:00:00,20.93,0.00,PMXC6,RT
09/23/2024 16:10:00,20.89,0.00,PMXC6,RT
09/23/2024 16:20:00,20.93,0.00,PMXC6,RT
09/23/2024 16:30:00,20.98,0.00,PMXC6,RT
09/23/2024 16:40:00,20.93,0.00,PMXC6,RT
09/23/2024 16:50:00,20.98,0.00,PMXC6,RT
09/23/2024 17:00:00,20.93,0.00,PMXC6,RT
09/23/2024 17:10:00,20.93,0.00,PMXC6,RT
09/23/2024 17:20:00,20.98,0.00,PMXC6,RT
09/23/2024 17:30:00,20.93,0.00,PMXC6,RT
09/23/2024 17:40:00,20.93,0.00,PMXC6,RT
09/23/2024 17:50:00,20.93,0.00,PMXC6,RT
09/23/2024 18:00:00,20.98,0.00,PMXC6,RT
09/23/2024 18:10:00,20.93,0.00,PMXC6,RT
09/23/2024 18:20:00,20.98,0.00,PMXC6,RT
09/23/2024 18:30:00,20.93,0.00,PMXC6,RT
09/23/2024 18:40:00,20.98,0.00,PMXC6,RT
09/23/2024 18:50:00,20.93,0.00,PMXC6,RT
09/23/2024 19:00:00,21.02,0.00,PMXC6,RT
09/23/2024 19:10:00,20.93,0.00,PMXC6,RT
09/23/2024 19:20:00,21.02,0.00,PMXC6,RT
09/23/2024 19:30:00,20.93,0.00,PMXC6,RT
09/23/2024 19:40:00,20.93,0.00,PMXC6,RT
09/23/2024 19:50:00,20.93,0.00,PMXC6,RT
09/23/2024 20:00:00,20.98,0.00,PMXC6,RT
09/23/2024 20:10:00,20.93,0.00,PMXC6,RT
09/23/2024 20:20:00,20.98,0.00,PMXC6,RT
09/23/2024 20:30:00,21.02,0.00,PMXC6,RT
09/23/2024 20:40:00,20.98,0.00,PMXC6,RT
09/23/2024 20:50:00,20.93,0.00,PMXC6,RT
09/23/2024 21:00:00,20.93,0.00,PMXC6,RT
09/23/2024 21:10:00,20.98,0.00,PMXC6,RT
09/23/2024 21:20:00,21.02,0.00,PMXC6,RT
09/23/2024 21:30:00,20.93,0.00,PMXC6,RT
09/23/2024 21:40:00,20.98,0.00,PMXC6,RT
09/23/2024 21:50:00,20.98,0.00,PMXC6,RT
09/23/2024 22:00:00,20.98,0.00,PMXC6,RT
09/23/2024 22:10:00,20.98,0.00,PMXC6,RT
09/23/2024 22:20:00,20.98,0.00,PMXC6,RT
09/23/2024 22:30:00,20.93,0.00,PMXC6,RT
09/23/2024 22:40:00,21.02,0.00,PMXC6,RT
09/23/2024 22:50:00,21.02,0.00,PMXC6,RT
09/23/2024 23:00:00,21.02,0.00,PMXC6,RT
09/23/2024 23:10:00,20.98,0.00,PMXC6,RT
09/23/2024 23:20:00,21.02,0.00,PMXC6,RT
09/23/2024 23:30:00,21.02,0.00,PMXC6,RT
09/23/2024 23:40:00,21.06,0.00,PMXC6,RT
09/23/2024 23:50:00,20.98,0.00,PMXC6,RT
09/24/2024 00:00:00,21.02,0.00,PMXC6,RT
09/24/2024 00:10:00,21.02,0.00,PMXC6,RT
09/24/2024 00:20:00,21.06,0.00,PMXC6,RT
09/24/2024 00:30:00,21.02,0.00,PMXC6,RT
09/24/2024 00:40:00,21.06,0.00,PMXC6,RT
09/24/2024 00:50:00,20.98,0.00,PMXC6,RT
09/24/2024 01:00:00,21.02,0.00,PMXC6,RT
09/24/2024 01:10:00,21.02,0.00,PMXC6,RT
09/24/2024 01:20:00,21.02,0.00,PMXC6,RT
09/24/2024 01:30:00,21.02,0.00,PMXC6,RT
09/24/2024 01:40:00,21.02,0.00,PMXC6,RT
09/24/2024 01:50:00,21.02,0.00,PMXC6,RT
09/24/2024 02:00:00,21.02,0.00,PMXC6,RT
09/24/2024 02:10:00,21.02,0.00,PMXC6,RT
09/24/2024 02:20:00,20.98,0.00,PMXC6,RT
09/24/2024 02:30:00,20.93,0.00,PMXC6,RT
09/24/2024 02:40:00,20.98,0.00,PMXC6,RT
09/24/2024 02:50:00,20.98,0.00,PMXC6,RT
09/24/2024 03:00:00,21.02,0.00,PMXC6,RT
09/24/2024 03:10:00,20.98,0.00,PMXC6,RT
09/24/2024 03:20:00,20.98,0.00,PMXC6,RT
09/24/2024 03:30:00,21.02,0.00,PMXC6,RT
09/24/2024 03:40:00,20.93,0.00,PMXC6,RT
09/24/2024 03:50:00,21.02,0.00,PMXC6,RT
09/24/2024 04:00:00,20.98,0.00,PMXC6,RT
09/24/2024 04:10:00,20.98,0.00,PMXC6,RT
09/24/2024 04:20:00,20.98,0.00,PMXC6,RT
09/24/2024 04:30:00,20.98,0.00,PMXC6,RT
09/24/2024 04:40:00,20.93,0.00,PMXC6,RT
09/24/2024 04:50:00,20.98,0.00,PMXC6,RT
09/24/2024 05:00:00,20.98,0.00,PMXC6,RT
09/24/2024 05:10:00,20.98,0.00,PMXC6,RT
09/24/2024 05:20:00,20.98,0.00,PMXC6,RT
09/24/2024 05:30:00,20.98,0.00,PMXC6,RT
09/24/2024 05:40:00,21.02,0.00,PMXC6,RT
09/24/2024 05:50:00,20.98,0.00,PMXC6,RT
09/24/2024 06:00:00,20.98,0.00,PMXC6,RT
09/24/2024 06:10:00,21.02,0.00,PMXC6,RT
09/24/2024 06:20:00,20.98,0.00,PMXC6,RT
09/24/2024 06:30:00,20.98,0.00,PMXC6,RT
09/24/2024 06:40:00,20.98,0.00,PMXC6,RT
09/24/2024 06:50:00,20.98,0.00,PMXC6,RT
09/24/2024 07:00:00,21.02,0.00,PMXC6,RT
09/24/2024 07:10:00,21.06,0.00,PMXC6,RT
09/24/2024 07:20:00,20.98,0.00,PMXC6,RT
09/24/2024 07:30:00,21.02,0.00,PMXC6,RT
09/24/2024 07:40:00,21.02,0.00,PMXC6,RT
09/24/2024 07:50:00,21.06,0.00,PMXC6,RT
09/24/2024 08:00:00,21.06,0.00,PMXC6,RT
09/24/2024 08:10:00,21.06,0.00,PMXC6,RT
09/24/2024 08:20:00,21.06,0.00,PMXC6,RT
09/24/2024 08:30:00,21.02,0.00,PMXC6,RT
09/24/2024 08:40:00,21.06,0.00,PMXC6,RT
09/24/2024 08:50:00,21.02,0.00,PMXC6,RT
09/24/2024 09:00:00,21.06,0.00,PMXC6,RT
09/24/2024 09:10:00,20.98,0.00,PMXC6,RT
09/24/2024 09:20:00,20.98,0.00,PMXC6,RT
09/24/2024 09:30:00,20.98,0.00,PMXC6,RT
09/24/2024 09:40:00,21.02,0.00,PMXC6,RT
09/24/2024 09:50:00,21.02,0.00,PMXC6,RT
09/24/2024 10:00:00,20.98,0.00,PMXC6,RT
09/24/2024 10:10:00,20.98,0.00,PMXC6,RT
09/24/2024 10:20:00,20.93,0.00,PMXC6,RT
09/24/2024 10:30:00,20.93,0.00,PMXC6,RT
09/24/2024 10:40:00,20.89,0.00,PMXC6,RT
09/24/2024 10:50:00,20.89,0.00,PMXC6,RT
09/24/2024 11:00:00,20.89,0.00,PMXC6,RT
09/24/2024 11:10:00,20.85,0.00,PMXC6,RT
09/24/2024 11:20:00,20.85,0.00,PMXC6,RT
09/24/2024 11:30:00,20.85,0.00,PMXC6,RT
09/24/2024 11:40:00,20.93,0.00,PMXC6,RT
09/24/2024 11:50:00,20.89,0.00,PMXC6,RT
09/24/2024 12:00:00,20.85,0.00,PMXC6,RT
09/24/2024 12:10:00,20.85,0.00,PMXC6,RT
09/24/2024 12:20:00,20.89,0.00,PMXC6,RT
09/24/2024 12:30:00,20.85,0.00,PMXC6,RT
09/24/2024 12:40:00,20.85,0.00,PMXC6,RT
09/24/2024 12:50:00,20.85,0.00,PMXC6,RT
09/24/2024 13:00:00,20.85,0.00,PMXC6,RT
09/24/2024 13:10:00,20.85,0.00,PMXC6,RT
09/24/2024 13:20:00,20.85,0.00,PMXC6,RT
09/24/2024 13:30:00,20.80,0.00,PMXC6,RT
09/24/2024 13:40:00,20.85,0.00,PMXC6,RT
09/24/2024 13:50:00,20.85,0.00,PMXC6,RT
09/24/2024 14:00:00,20.85,0.00,PMXC6,RT
09/24/2024 14:10:00,20.85,0.00,PMXC6,RT
09/24/2024 14:20:00,20.89,0.00,PMXC6,RT
09/24/2024 14:30:00,20.89,0.00,PMXC6,RT
09/24/2024 14:40:00,20.89,0.00,PMXC6,RT
09/24/2024 14:50:00,20.89,0.00,PMXC6,RT
09/24/2024 15:00:00,20.89,0.00,PMXC6,RT
09/24/2024 15:10:00,20.93,0.00,PMXC6,RT
09/24/2024 15:20:00,20.89,0.00,PMXC6,RT
09/24/2024 15:30:00,20.89,0.00,PMXC6,RT
09/24/2024 15:40:00,20.85,0.00,PMXC6,RT
09/24/2024 15:50:00,20.89,0.00,PMXC6,RT
09/24/2024 16:00:00,20.89,0.00,PMXC6,RT
09/24/2024 16:10:00,20.93,0.00,PMXC6,RT
09/24/2024 16:20:00,20.89,0.00,PMXC6,RT
09/24/2024 16:30:00,20.93,0.00,PMXC6,RT
09/24/2024 16:40:00,20.89,0.00,PMXC6,RT
09/24/2024 16:50:00,20.93,0.00,PMXC6,RT
09/24/2024 17:00:00,20.89,0.00,PMXC6,RT
09/24/2024 17:10:00,20.93,0.00,PMXC6,RT
09/24/2024 17:20:00,20.89,0.00,PMXC6,RT
09/24/2024 17:30:00,20.89,0.00,PMXC6,RT
09/24/2024 17:40:00,20.85,0.00,PMXC6,RT
09/24/2024 17:50:00,20.80,0.00,PMXC6,RT
09/24/2024 18:00:00,20.80,0.00,PMXC6,RT
09/24/2024 18:10:00,20.85,0.00,PMXC6,RT
09/24/2024 18:20:00,20.89,0.00,PMXC6,RT
09/24/2024 18:30:00,20.85,0.00,PMXC6,RT
09/24/2024 18:40:00,20.89,0.00,PMXC6,RT
09/24/2024 18:50:00,20.89,0.00,PMXC6,RT
09/24/2024 19:00:00,20.89,0.00,PMXC6,RT
09/24/2024 19:10:00,20.85,0.00,PMXC6,RT
09/24/2024 19:20:00,20.85,0.00,PMXC6,RT
09/24/2024 19:30:00,20.85,0.00,PMXC6,RT
09/24/2024 19:40:00,20.89,0.00,PMXC6,RT
09/24/2024 19:50:00,20.85,0.00,PMXC6,RT
09/24/2024 20:00:00,20.89,0.00,PMXC6,RT
09/24/2024 20:10:00,20.93,0.00,PMXC6,RT
09/24/2024 20:20:00,20.89,0.00,PMXC6,RT
09/24/2024 20:30:00,20.89,0.00,PMXC6,RT
09/24/2024 20:40:00,20.93,0.00,PMXC6,RT
09/24/2024 20:50:00,20.93,0.00,PMXC6,RT
09/24/2024 21:00:00,20.89,0.00,PMXC6,RT
09/24/2024 21:10:00,20.93,0.00,PMXC6,RT
09/24/2024 21:20:00,20.89,0.00,PMXC6,RT
09/24/2024 21:30:00,20.93,0.00,PMXC6,RT
09/24/2024 21:40:00,20.93,0.00,PMXC6,RT
09/24/2024 21:50:00,20.89,0.00,PMXC6,RT
09/24/2024 22:00:00,20.85,0.00,PMXC6,RT
09/24/2024 22:10:00,20.93,0.00,PMXC6,RT
09/24/2024 22:20:00,20.89,0.00,PMXC6,RT
09/24/2024 22:30:00,20.93,0.00,PMXC6,RT
09/24/2024 22:40:00,20.93,0.00,PMXC6,RT
09/24/2024 22:50:00,20.93,0.00,PMXC6,RT
09/24/2024 23:00:00,20.93,0.00,PMXC6,RT
09/24/2024 23:10:00,20.93,0.00,PMXC6,RT
09/24/2024 23:20:00,20.98,0.00,PMXC6,RT
09/24/2024 23:30:00,20.93,0.00,PMXC6,RT
09/24/2024 23:40:00,20.93,0.00,PMXC6,RT
09/24/2024 23:50:00,20.93,0.00,PMXC6,RT
09/25/2024 00:00:00,20.93,0.00,PMXC6,RT
09/25/2024 00:10:00,20.98,0.00,PMXC6,RT
09/25/2024 00:20:00,20.98,0.00,PMXC6,RT
09/25/2024 00:30:00,20.93,0.00,PMXC6,RT
09/25/2024 00:40:00,20.98,0.00,PMXC6,RT
09/25/2024 00:50:00,20.93,0.00,PMXC6,RT
09/25/2024 01:00:00,20.93,0.00,PMXC6,RT
09/25/2024 01:10:00,20.93,0.00,PMXC6,RT
09/25/2024 01:20:00,20.85,0.00,PMXC6,RT
09/25/2024 01:30:00,20.89,0.00,PMXC6,RT
09/25/2024 01:40:00,20.89,0.00,PMXC6,RT
09/25/2024 01:50:00,20.89,0.00,PMXC6,RT
09/25/2024 02:00:00,20.89,0.00,PMXC6,RT
09/25/2024 02:10:00,20.85,0.00,PMXC6,RT
09/25/2024 02:20:00,20.93,0.00,PMXC6,RT
09/25/2024 02:30:00,20.93,0.00,PMXC6,RT
09/25/2024 02:40:00,20.85,0.00,PMXC6,RT
09/25/2024 02:50:00,20.89,0.00,PMXC6,RT
09/25/2024 03:00:00,20.89,0.00,PMXC6,RT
09/25/2024 03:10:00,20.93,0.00,PMXC6,RT
09/25/2024 03:20:00,20.85,0.00,PMXC6,RT
09/25/2024 03:30:00,20.89,0.00,PMXC6,RT
09/25/2024 03:40:00,20.89,0.00,PMXC6,RT
09/25/2024 03:50:00,20.89,0.00,PMXC6,RT
09/25/2024 04:00:00,20.89,0.00,PMXC6,RT
09/25/2024 04:10:00,20.89,0.00,PMXC6,RT
09/25/2024 04:20:00,20.93,0.00,PMXC6,RT
09/25/2024 04:30:00,20.89,0.00,PMXC6,RT
09/25/2024 04:40:00,20.89,0.00,PMXC6,RT
09/25/2024 04:50:00,20.93,0.00,PMXC6,RT
09/25/2024 05:00:00,20.89,0.00,PMXC6,RT
09/25/2024 05:10:00,20.89,0.00,PMXC6,RT
09/25/2024 05:20:00,20.89,0.00,PMXC6,RT
09/25/2024 05:30:00,20.93,0.00,PMXC6,RT
09/25/2024 05:40:00,20.89,0.00,PMXC6,RT
09/25/2024 05:50:00,20.89,0.00,PMXC6,RT
09/25/2024 06:00:00,20.93,0.00,PMXC6,RT
09/25/2024 06:10:00,20.98,0.00,PMXC6,RT
09/25/2024 06:20:00,20.98,0.00,PMXC6,RT
09/25/2024 06:30:00,20.98,0.00,PMXC6,RT
09/25/2024 06:40:00,20.98,0.00,PMXC6,RT
09/25/2024 06:50:00,20.98,0.00,PMXC6,RT
09/25/2024 07:00:00,20.98,0.00,PMXC6,RT
09/25/2024 07:10:00,20.93,0.00,PMXC6,RT
09/25/2024 07:20:00,21.02,0.00,PMXC6,RT
09/25/2024 07:30:00,20.98,0.00,PMXC6,RT
09/25/2024 07:40:00,21.02,0.00,PMXC6,RT
09/25/2024 07:50:00,20.98,0.00,PMXC6,RT
09/25/2024 08:00:00,20.98,0.00,PMXC6,RT
09/25/2024 08:10:00,20.98,0.00,PMXC6,RT
09/25/2024 08:20:00,21.02,0.00,PMXC6,RT
09/25/2024 08:30:00,21.02,0.00,PMXC6,RT
09/25/2024 08:40:00,21.02,0.00,PMXC6,RT
09/25/2024 08:50:00,20.98,0.00,PMXC6,RT
09/25/2024 09:00:00,21.02,0.00,PMXC6,RT
09/25/2024 09:10:00,20.98,0.00,PMXC6,RT
09/25/2024 09:20:00,20.98,0.00,PMXC6,RT
09/25/2024 09:30:00,20.98,0.00,PMXC6,RT
09/25/2024 09:40:00,21.02,0.00,PMXC6,RT
09/25/2024 09:50:00,21.02,0.00,PMXC6,RT
09/25/2024 10:00:00,21.06,0.00,PMXC6,RT
09/25/2024 10:10:00,21.02,0.00,PMXC6,RT
09/25/2024 10:20:00,20.98,0.00,PMXC6,RT
09/25/2024 10:30:00,21.02,0.00,PMXC6,RT
09/25/2024 10:40:00,20.98,0.00,PMXC6,RT
09/25/2024 10:50:00,21.06,0.00,PMXC6,RT
09/25/2024 11:00:00,21.02,0.00,PMXC6,RT
09/25/2024 11:10:00,21.06,0.00,PMXC6,RT
09/25/2024 11:20:00,21.06,0.00,PMXC6,RT
09/25/2024 11:30:00,20.98,0.00,PMXC6,RT
09/25/2024 11:40:00,20.89,0.00,PMXC6,RT
09/25/2024 11:50:00,20.85,0.00,PMXC6,RT
09/25/2024 12:00:00,20.76,178.00,PMXC6,RT
09/25/2024 12:10:00,20.72,178.00,PMXC6,RT
09/25/2024 12:20:00,20.72,178.00,PMXC6,RT
09/25/2024 12:30:00,20.85,0.00,PMXC6,RT
09/25/2024 12:40:00,20.93,0.00,PMXC6,RT
09/25/2024 12:50:00,20.93,0.00,PMXC6,RT
09/25/2024 13:00:00,20.93,0.00,PMXC6,RT
09/25/2024 13:10:00,20.89,0.00,PMXC6,RT
09/25/2024 13:20:00,20.89,0.00,PMXC6,RT
09/25/2024 13:30:00,20.85,0.00,PMXC6,RT
09/25/2024 13:40:00,20.85,0.00,PMXC6,RT
09/25/2024 13:50:00,20.85,0.00,PMXC6,RT
09/25/2024 14:00:00,20.85,0.00,PMXC6,RT
09/25/2024 14:10:00,20.89,0.00,PMXC6,RT
09/25/2024 14:20:00,20.85,0.00,PMXC6,RT
09/25/2024 14:30:00,20.85,0.00,PMXC6,RT
09/25/2024 14:40:00,20.80,0.00,PMXC6,RT
09/25/2024 14:50:00,20.80,0.00,PMXC6,RT
09/25/2024 15:00:00,20.85,0.00,PMXC6,RT
09/25/2024 15:10:00,20.85,0.00,PMXC6,RT
09/25/2024 15:20:00,20.85,0.00,PMXC6,RT
09/25/2024 15:30:00,20.85,0.00,PMXC6,RT
09/25/2024 15:40:00,20.85,0.00,PMXC6,RT
09/25/2024 15:50:00,20.85,0.00,PMXC6,RT
09/25/2024 16:00:00,20.85,0.00,PMXC6,RT
09/25/2024 16:10:00,20.76,0.00,PMXC6,RT
09/25/2024 16:20:00,20.80,0.00,PMXC6,RT
09/25/2024 16:30:00,20.72,0.00,PMXC6,RT
09/25/2024 16:40:00,20.72,0.00,PMXC6,RT
09/25/2024 16:50:00,20.72,0.00,PMXC6,RT
09/25/2024 17:00:00,20.68,0.00,PMXC6,RT
09/25/2024 17:10:00,20.72,0.00,PMXC6,RT
09/25/2024 17:20:00,20.72,0.00,PMXC6,RT
09/25/2024 17:30:00,20.68,0.00,PMXC6,RT
09/25/2024 17:40:00,20.72,0.00,PMXC6,RT
09/25/2024 17:50:00,20.72,0.00,PMXC6,RT
09/25/2024 18:00:00,20.76,0.00,PMXC6,RT
09/25/2024 18:10:00,20.76,0.00,PMXC6,RT
09/25/2024 18:20:00,20.72,0.00,PMXC6,RT
09/25/2024 18:30:00,20.76,0.00,PMXC6,RT
09/25/2024 18:40:00,20.68,0.00,PMXC6,RT
09/25/2024 18:50:00,20.72,0.00,PMXC6,RT
09/25/2024 19:00:00,20.76,0.00,PMXC6,RT
09/25/2024 19:10:00,20.72,0.00,PMXC6,RT
09/25/2024 19:20:00,20.76,0.00,PMXC6,RT
09/25/2024 19:30:00,20.76,0.00,PMXC6,RT
09/25/2024 19:40:00,20.76,0.00,PMXC6,RT
09/25/2024 19:50:00,20.76,0.00,PMXC6,RT
09/25/2024 20:00:00,20.80,0.00,PMXC6,RT
09/25/2024 20:10:00,20.80,0.00,PMXC6,RT
09/25/2024 20:20:00,20.76,0.00,PMXC6,RT
09/25/2024 20:30:00,20.80,0.00,PMXC6,RT
09/25/2024 20:40:00,20.80,0.00,PMXC6,RT
09/25/2024 20:50:00,20.85,0.00,PMXC6,RT
09/25/2024 21:00:00,20.76,0.00,PMXC6,RT
09/25/2024 21:10:00,20.80,0.00,PMXC6,RT
09/25/2024 21:20:00,20.80,0.00,PMXC6,RT
09/25/2024 21:30:00,20.76,0.00,PMXC6,RT
09/25/2024 21:40:00,20.76,0.00,PMXC6,RT
09/25/2024 21:50:00,20.76,0.00,PMXC6,RT
09/25/2024 22:00:00,20.80,0.00,PMXC6,RT
09/25/2024 22:10:00,20.80,0.00,PMXC6,RT
09/25/2024 22:20:00,20.76,0.00,PMXC6,RT
09/25/2024 22:30:00,20.72,0.00,PMXC6,RT
09/25/2024 22:40:00,20.80,0.00,PMXC6,RT
09/25/2024 22:50:00,20.80,0.00,PMXC6,RT
09/25/2024 23:00:00,20.85,0.00,PMXC6,RT
09/25/2024 23:10:00,20.85,0.00,PMXC6,RT
09/25/2024 23:20:00,20.85,0.00,PMXC6,RT
09/25/2024 23:30:00,20.85,0.00,PMXC6,RT
09/25/2024 23:40:00,20.85,0.00,PMXC6,RT
09/25/2024 23:50:00,20.89,0.00,PMXC6,RT
09/26/2024 00:00:00,20.85,0.00,PMXC6,RT
09/26/2024 00:10:00,20.85,0.00,PMXC6,RT
09/26/2024 00:20:00,20.89,0.00,PMXC6,RT
09/26/2024 00:30:00,20.89,0.00,PMXC6,RT
09/26/2024 00:40:00,20.89,0.00,PMXC6,RT
09/26/2024 00:50:00,20.89,0.00,PMXC6,RT
09/26/2024 01:00:00,20.89,0.00,PMXC6,RT
09/26/2024 01:10:00,20.93,0.00,PMXC6,RT
09/26/2024 01:20:00,20.93,0.00,PMXC6,RT
09/26/2024 01:30:00,20.93,0.00,PMXC6,RT
09/26/2024 01:40:00,20.89,0.00,PMXC6,RT
09/26/2024 01:50:00,20.89,0.00,PMXC6,RT
09/26/2024 02:00:00,20.93,0.00,PMXC6,RT
09/26/2024 02:10:00,20.93,0.00,PMXC6,RT
09/26/2024 02:20:00,20.89,0.00,PMXC6,RT
09/26/2024 02:30:00,20.93,0.00,PMXC6,RT
09/26/2024 02:40:00,20.98,0.00,PMXC6,RT
09/26/2024 02:50:00,20.93,0.00,PMXC6,RT
09/26/2024 03:00:00,20.93,0.00,PMXC6,RT
09/26/2024 03:10:00,20.93,0.00,PMXC6,RT
09/26/2024 03:20:00,20.98,0.00,PMXC6,RT
09/26/2024 03:30:00,21.02,0.00,PMXC6,RT
09/26/2024 03:40:00,21.02,0.00,PMXC6,RT
09/26/2024 03:50:00,20.98,0.00,PMXC6,RT
09/26/2024 04:00:00,21.02,0.00,PMXC6,RT
09/26/2024 04:10:00,21.02,0.00,PMXC6,RT
09/26/2024 04:20:00,20.98,0.00,PMXC6,RT
09/26/2024 04:30:00,21.02,0.00,PMXC6,RT
09/26/2024 04:40:00,21.02,0.00,PMXC6,RT
09/26/2024 04:50:00,21.06,0.00,PMXC6,RT
09/26/2024 05:00:00,21.02,0.00,PMXC6,RT
09/26/2024 05:10:00,21.06,0.00,PMXC6,RT
09/26/2024 05:20:00,21.02,0.00,PMXC6,RT
09/26/2024 05:30:00,21.02,0.00,PMXC6,RT
09/26/2024 05:40:00,21.02,0.00,PMXC6,RT
09/26/2024 05:50:00,21.02,0.00,PMXC6,RT
09/26/2024 06:00:00,21.02,0.00,PMXC6,RT
09/26/2024 06:10:00,21.06,0.00,PMXC6,RT
09/26/2024 06:20:00,21.02,0.00,PMXC6,RT
09/26/2024 06:30:00,21.06,0.00,PMXC6,RT
09/26/2024 06:40:00,21.06,0.00,PMXC6,RT
09/26/2024 06:50:00,21.06,0.00,PMXC6,RT
09/26/2024 07:00:00,21.06,0.00,PMXC6,RT
09/26/2024 07:10:00,21.06,0.00,PMXC6,RT
09/26/2024 07:20:00,21.10,0.00,PMXC6,RT
09/26/2024 07:30:00,21.06,0.00,PMXC6,RT
09/26/2024 07:40:00,21.06,0.00,PMXC6,RT
09/26/2024 07:50:00,21.06,0.00,PMXC6,RT
09/26/2024 08:00:00,21.10,0.00,PMXC6,RT
09/26/2024 08:10:00,21.10,0.00,PMXC6,RT
09/26/2024 08:20:00,21.10,0.00,PMXC6,RT
09/26/2024 08:30:00,21.06,0.00,PMXC6,RT
09/26/2024 08:40:00,21.06,0.00,PMXC6,RT
09/26/2024 08:50:00,21.06,0.00,PMXC6,RT
09/26/2024 09:00:00,21.10,0.00,PMXC6,RT
09/26/2024 09:10:00,21.06,0.00,PMXC6,RT
09/26/2024 09:20:00,21.10,0.00,PMXC6,RT
09/26/2024 09:30:00,21.10,0.00,PMXC6,RT
09/26/2024 09:40:00,21.06,0.00,PMXC6,RT
09/26/2024 09:50:00,21.06,0.00,PMXC6,RT
09/26/2024 10:00:00,21.10,0.00,PMXC6,RT
09/26/2024 10:10:00,21.10,0.00,PMXC6,RT
09/26/2024 10:20:00,21.10,0.00,PMXC6,RT
09/26/2024 10:30:00,21.15,0.00,PMXC6,RT
09/26/2024 10:40:00,21.10,0.00,PMXC6,RT
09/26/2024 10:50:00,21.10,0.00,PMXC6,RT
09/26/2024 11:00:00,21.10,0.00,PMXC6,RT
09/26/2024 11:10:00,21.10,0.00,PMXC6,RT
09/26/2024 11:20:00,21.10,0.00,PMXC6,RT
09/26/2024 11:30:00,21.10,0.00,PMXC6,RT
09/26/2024 11:40:00,21.06,0.00,PMXC6,RT
09/26/2024 11:50:00,21.06,0.00,PMXC6,RT
09/26/2024 12:00:00,21.10,0.00,PMXC6,RT
09/26/2024 12:10:00,21.10,0.00,PMXC6,RT
09/26/2024 12:20:00,21.10,0.00,PMXC6,RT
09/26/2024 12:30:00,21.10,0.00,PMXC6,RT
09/26/2024 12:40:00,21.10,0.00,PMXC6,RT
09/26/2024 12:50:00,21.15,0.00,PMXC6,RT
09/26/2024 13:00:00,21.06,0.20,PMXC6,RT
09/26/2024 13:10:00,21.06,0.00,PMXC6,RT
09/26/2024 13:20:00,21.02,0.00,PMXC6,RT
09/26/2024 13:30:00,21.02,0.00,PMXC6,RT
09/26/2024 13:40:00,20.98,0.00,PMXC6,RT
09/26/2024 13:50:00,21.06,0.00,PMXC6,RT
09/26/2024 14:00:00,21.06,0.00,PMXC6,RT
09/26/2024 14:10:00,21.02,0.00,PMXC6,RT
09/26/2024 14:20:00,20.98,0.00,PMXC6,RT
09/26/2024 14:30:00,20.98,0.00,PMXC6,RT
09/26/2024 14:40:00,21.06,0.00,PMXC6,RT
09/26/2024 14:50:00,21.02,0.00,PMXC6,RT
09/26/2024 15:00:00,21.02,0.00,PMXC6,RT
09/26/2024 15:10:00,21.02,0.00,PMXC6,RT
09/26/2024 15:20:00,21.02,0.00,PMXC6,RT
09/26/2024 15:30:00,20.98,0.00,PMXC6,RT
09/26/2024 15:40:00,20.98,0.00,PMXC6,RT
09/26/2024 15:50:00,20.93,0.00,PMXC6,RT
09/26/2024 16:00:00,20.98,0.00,PMXC6,RT
09/26/2024 16:10:00,20.93,0.00,PMXC6,RT
09/26/2024 16:20:00,20.93,0.00,PMXC6,RT
09/26/2024 16:30:00,20.93,0.00,PMXC6,RT
09/26/2024 16:40:00,20.93,0.00,PMXC6,RT
09/26/2024 16:50:00,21.02,0.00,PMXC6,RT
09/26/2024 17:00:00,20.98,0.00,PMXC6,RT
09/26/2024 17:10:00,20.98,0.00,PMXC6,RT
09/26/2024 17:20:00,20.93,0.00,PMXC6,RT
09/26/2024 17:30:00,20.98,0.00,PMXC6,RT
09/26/2024 17:40:00,20.98,0.00,PMXC6,RT
09/26/2024 17:50:00,20.98,0.00,PMXC6,RT
09/26/2024 18:00:00,20.93,0.00,PMXC6,RT
09/26/2024 18:10:00,20.93,0.00,PMXC6,RT
09/26/2024 18:20:00,20.93,0.00,PMXC6,RT
09/26/2024 18:30:00,20.93,0.00,PMXC6,RT
09/26/2024 18:40:00,20.89,0.00,PMXC6,RT
09/26/2024 18:50:00,20.89,0.00,PMXC6,RT
09/26/2024 19:00:00,20.85,0.00,PMXC6,RT
09/26/2024 19:10:00,20.85,0.00,PMXC6,RT
09/26/2024 19:20:00,20.80,0.00,PMXC6,RT
09/26/2024 19:30:00,20.89,0.00,PMXC6,RT
09/26/2024 19:40:00,20.85,0.00,PMXC6,RT
09/26/2024 19:50:00,20.85,0.00,PMXC6,RT
09/26/2024 20:00:00,20.85,0.00,PMXC6,RT
09/26/2024 20:10:00,20.89,0.00,PMXC6,RT
09/26/2024 20:20:00,20.85,0.00,PMXC6,RT
09/26/2024 20:30:00,20.89,0.00,PMXC6,RT
09/26/2024 20:40:00,20.89,0.00,PMXC6,RT
09/26/2024 20:50:00,20.85,0.00,PMXC6,RT
09/26/2024 21:00:00,20.89,0.00,PMXC6,RT
09/26/2024 21:10:00,20.85,0.00,PMXC6,RT
09/26/2024 21:20:00,20.93,0.00,PMXC6,RT
09/26/2024 21:30:00,20.98,0.00,PMXC6,RT
09/26/2024 21:40:00,20.93,0.00,PMXC6,RT
09/26/2024 21:50:00,20.93,0.00,PMXC6,RT
09/26/2024 22:00:00,20.93,0.00,PMXC6,RT
09/26/2024 22:10:00,20.93,0.00,PMXC6,RT
09/26/2024 22:20:00,20.98,0.00,PMXC6,RT
09/26/2024 22:30:00,20.93,0.00,PMXC6,RT
09/26/2024 22:40:00,20.93,0.00,PMXC6,RT
09/26/2024 22:50:00,20.98,0.00,PMXC6,RT
09/26/2024 23:00:00,20.93,0.00,PMXC6,RT
09/26/2024 23:10:00,20.93,0.00,PMXC6,RT
09/26/2024 23:20:00,20.93,0.00,PMXC6,RT
09/26/2024 23:30:00,20.93,0.00,PMXC6,RT
09/26/2024 23:40:00,20.98,0.00,PMXC6,RT
09/26/2024 23:50:00,20.93,0.00,PMXC6,RT
09/27/2024 00:00:00,20.98,0.00,PMXC6,RT
09/27/2024 00:10:00,20.93,0.00,PMXC6,RT
09/27/2024 00:20:00,20.98,0.00,PMXC6,RT
09/27/2024 00:30:00,20.93,0.00,PMXC6,RT
09/27/2024 00:40:00,20.93,0.00,PMXC6,RT
09/27/2024 00:50:00,20.98,0.00,PMXC6,RT
09/27/2024 01:00:00,20.93,0.00,PMXC6,RT
09/27/2024 01:10:00,20.93,0.00,PMXC6,RT
09/27/2024 01:20:00,20.93,0.00,PMXC6,RT
09/27/2024 01:30:00,20.93,0.00,PMXC6,RT
09/27/2024 01:40:00,20.89,0.00,PMXC6,RT
09/27/2024 01:50:00,20.98,0.00,PMXC6,RT
09/27/2024 02:00:00,20.93,0.00,PMXC6,RT
09/27/2024 02:10:00,20.93,0.00,PMXC6,RT
09/27/2024 02:20:00,20.93,0.00,PMXC6,RT
09/27/2024 02:30:00,20.93,0.00,PMXC6,RT
09/27/2024 02:40:00,20.93,0.00,PMXC6,RT
09/27/2024 02:50:00,20.93,0.00,PMXC6,RT
09/27/2024 03:00:00,20.93,0.00,PMXC6,RT
09/27/2024 03:10:00,20.93,0.00,PMXC6,RT
09/27/2024 03:20:00,20.89,0.00,PMXC6,RT
09/27/2024 03:30:00,20.93,0.00,PMXC6,RT
09/27/2024 03:40:00,20.93,0.00,PMXC6,RT
09/27/2024 03:50:00,20.98,0.00,PMXC6,RT
09/27/2024 04:00:00,20.93,0.00,PMXC6,RT
09/27/2024 04:10:00,20.93,0.00,PMXC6,RT
09/27/2024 04:20:00,20.98,0.00,PMXC6,RT
09/27/2024 04:30:00,20.93,0.00,PMXC6,RT
09/27/2024 04:40:00,20.93,0.00,PMXC6,RT
09/27/2024 04:50:00,20.93,0.00,PMXC6,RT
09/27/2024 05:00:00,20.93,0.00,PMXC6,RT
09/27/2024 05:10:00,20.93,0.00,PMXC6,RT
09/27/2024 05:20:00,20.93,0.00,PMXC6,RT
09/27/2024 05:30:00,20.98,0.00,PMXC6,RT
09/27/2024 05:40:00,20.98,0.00,PMXC6,RT
09/27/2024 05:50:00,20.98,0.00,PMXC6,RT
09/27/2024 06:00:00,20.98,0.00,PMXC6,RT
09/27/2024 06:10:00,20.98,0.00,PMXC6,RT
09/27/2024 06:20:00,20.98,0.00,PMXC6,RT
09/27/2024 06:30:00,20.93,0.00,PMXC6,RT
09/27/2024 06:40:00,20.93,0.00,PMXC6,RT
09/27/2024 06:50:00,20.98,0.00,PMXC6,RT
09/27/2024 07:00:00,20.98,0.00,PMXC6,RT
09/27/2024 07:10:00,20.89,0.00,PMXC6,RT
09/27/2024 07:20:00,20.93,0.00,PMXC6,RT
09/27/2024 07:30:00,20.98,0.00,PMXC6,RT
09/27/2024 07:40:00,20.98,0.00,PMXC6,RT
09/27/2024 07:50:00,20.98,0.00,PMXC6,RT
09/27/2024 08:00:00,20.98,0.00,PMXC6,RT
09/27/2024 08:10:00,20.93,0.00,PMXC6,RT
09/27/2024 08:20:00,20.98,0.00,PMXC6,RT
09/27/2024 08:30:00,21.02,0.00,PMXC6,RT
09/27/2024 08:40:00,21.02,0.00,PMXC6,RT
09/27/2024 08:50:00,21.02,0.00,PMXC6,RT
09/27/2024 09:00:00,20.98,0.00,PMXC6,RT
09/27/2024 09:10:00,21.02,0.00,PMXC6,RT
09/27/2024 09:20:00,21.02,0.00,PMXC6,RT
09/27/2024 09:30:00,21.02,0.00,PMXC6,RT
09/27/2024 09:40:00,20.98,0.00,PMXC6,RT
09/27/2024 09:50:00,20.98,0.00,PMXC6,RT
09/27/2024 10:00:00,21.06,0.00,PMXC6,RT
09/27/2024 10:10:00,21.02,0.00,PMXC6,RT
09/27/2024 10:20:00,21.06,0.00,PMXC6,RT
09/27/2024 10:30:00,21.02,0.00,PMXC6,RT
09/27/2024 10:40:00,21.06,0.00,PMXC6,RT
09/27/2024 10:50:00,21.02,0.00,PMXC6,RT
09/27/2024 11:00:00,21.02,0.00,PMXC6,RT
09/27/2024 11:10:00,21.06,0.00,PMXC6,RT
09/27/2024 11:20:00,21.06,0.00,PMXC6,RT
09/27/2024 11:30:00,21.06,0.00,PMXC6,RT
09/27/2024 11:40:00,21.06,0.00,PMXC6,RT
09/27/2024 11:50:00,21.06,0.00,PMXC6,RT
09/27/2024 12:00:00,21.06,0.00,PMXC6,RT
09/27/2024 12:10:00,21.06,0.00,PMXC6,RT
09/27/2024 12:20:00,21.06,0.00,PMXC6,RT
09/27/2024 12:30:00,21.06,0.00,PMXC6,RT
09/27/2024 12:40:00,21.06,0.00,PMXC6,RT
09/27/2024 12:50:00,21.06,0.00,PMXC6,RT
09/27/2024 13:00:00,20.98,0.00,PMXC6,RT
09/27/2024 13:10:00,20.93,0.00,PMXC6,RT
09/27/2024 13:20:00,20.85,0.00,PMXC6,RT
09/27/2024 13:30:00,20.76,0.00,PMXC6,RT
09/27/2024 13:40:00,20.76,0.00,PMXC6,RT
09/27/2024 13:50:00,20.89,0.00,PMXC6,RT
09/27/2024 14:00:00,20.93,0.00,PMXC6,RT
09/27/2024 14:10:00,20.85,0.00,PMXC6,RT
09/27/2024 14:20:00,20.85,0.00,PMXC6,RT
09/27/2024 14:30:00,20.85,0.00,PMXC6,RT
09/27/2024 14:40:00,20.80,0.00,PMXC6,RT
09/27/2024 14:50:00,20.76,0.00,PMXC6,RT
09/27/2024 15:00:00,20.80,0.00,PMXC6,RT
09/27/2024 15:10:00,20.72,0.00,PMXC6,RT
09/27/2024 15:20:00,20.76,0.00,PMXC6,RT
09/27/2024 15:30:00,20.76,0.00,PMXC6,RT
09/27/2024 15:40:00,20.72,0.00,PMXC6,RT
09/27/2024 15:50:00,20.68,0.00,PMXC6,RT
09/27/2024 16:00:00,20.68,0.00,PMXC6,RT
09/27/2024 16:10:00,20.63,0.00,PMXC6,RT
09/27/2024 16:20:00,20.68,0.00,PMXC6,RT
09/27/2024 16:30:00,20.68,0.00,PMXC6,RT
09/27/2024 16:40:00,20.63,0.00,PMXC6,RT
09/27/2024 16:50:00,20.59,0.00,PMXC6,RT
09/27/2024 17:00:00,20.59,0.00,PMXC6,RT
09/27/2024 17:10:00,20.63,0.00,PMXC6,RT
09/27/2024 17:20:00,20.59,0.00,PMXC6,RT
09/27/2024 17:30:00,20.59,0.00,PMXC6,RT
09/27/2024 17:40:00,20.55,0.00,PMXC6,RT
09/27/2024 17:50:00,20.55,0.00,PMXC6,RT
09/27/2024 18:00:00,20.59,0.00,PMXC6,RT
09/27/2024 18:10:00,20.55,0.00,PMXC6,RT
09/27/2024 18:20:00,20.59,0.00,PMXC6,RT
09/27/2024 18:30:00,20.59,0.00,PMXC6,RT
09/27/2024 18:40:00,20.55,0.00,PMXC6,RT
09/27/2024 18:50:00,20.59,0.00,PMXC6,RT
09/27/2024 19:00:00,20.63,0.00,PMXC6,RT
09/27/2024 19:10:00,20.68,0.00,PMXC6,RT
09/27/2024 19:20:00,20.63,0.00,PMXC6,RT
09/27/2024 19:30:00,20.68,0.00,PMXC6,RT
09/27/2024 19:40:00,20.68,0.00,PMXC6,RT
09/27/2024 19:50:00,20.68,0.00,PMXC6,RT
09/27/2024 20:00:00,20.72,0.00,PMXC6,RT
09/27/2024 20:10:00,20.72,0.00,PMXC6,RT
09/27/2024 20:20:00,20.72,0.00,PMXC6,RT
09/27/2024 20:30:00,20.76,0.00,PMXC6,RT
09/27/2024 20:40:00,20.76,0.00,PMXC6,RT
09/27/2024 20:50:00,20.76,0.00,PMXC6,RT
09/27/2024 21:00:00,20.76,0.00,PMXC6,RT
09/27/2024 21:10:00,20.80,0.00,PMXC6,RT
09/27/2024 21:20:00,20.76,0.00,PMXC6,RT
09/27/2024 21:30:00,20.85,0.00,PMXC6,RT
09/27/2024 21:40:00,20.80,0.00,PMXC6,RT
09/27/2024 21:50:00,20.80,0.00,PMXC6,RT
09/27/2024 22:00:00,20.85,0.00,PMXC6,RT
09/27/2024 22:10:00,20.89,0.00,PMXC6,RT
09/27/2024 22:20:00,20.85,0.00,PMXC6,RT
09/27/2024 22:30:00,20.89,0.00,PMXC6,RT
09/27/2024 22:40:00,20.89,0.00,PMXC6,RT
09/27/2024 22:50:00,20.89,0.00,PMXC6,RT
09/27/2024 23:00:00,20.89,0.00,PMXC6,RT
09/27/2024 23:10:00,20.93,0.00,PMXC6,RT
09/27/2024 23:20:00,20.93,0.00,PMXC6,RT
09/27/2024 23:30:00,20.93,0.00,PMXC6,RT
09/27/2024 23:40:00,20.89,0.00,PMXC6,RT
09/27/2024 23:50:00,20.93,0.00,PMXC6,RT
09/28/2024 00:00:00,20.93,0.00,PMXC6,RT
09/28/2024 00:10:00,20.93,0.00,PMXC6,RT
09/28/2024 00:20:00,20.93,0.00,PMXC6,RT
09/28/2024 00:30:00,20.89,0.00,PMXC6,RT
09/28/2024 00:40:00,20.93,0.00,PMXC6,RT
09/28/2024 00:50:00,20.93,0.00,PMXC6,RT
09/28/2024 01:00:00,20.89,0.00,PMXC6,RT
09/28/2024 01:10:00,20.98,0.00,PMXC6,RT
09/28/2024 01:20:00,20.89,0.00,PMXC6,RT
09/28/2024 01:30:00,20.85,0.00,PMXC6,RT
09/28/2024 01:40:00,20.89,0.00,PMXC6,RT
09/28/2024 01:50:00,20.93,0.00,PMXC6,RT
09/28/2024 02:00:00,20.93,0.00,PMXC6,RT
09/28/2024 02:10:00,20.93,0.00,PMXC6,RT
09/28/2024 02:20:00,20.89,0.00,PMXC6,RT
09/28/2024 02:30:00,20.93,0.00,PMXC6,RT
09/28/2024 02:40:00,20.93,0.00,PMXC6,RT
09/28/2024 02:50:00,20.93,0.00,PMXC6,RT
09/28/2024 03:00:00,20.98,0.00,PMXC6,RT
09/28/2024 03:10:00,20.93,0.00,PMXC6,RT
09/28/2024 03:20:00,20.93,0.00,PMXC6,RT
09/28/2024 03:30:00,20.93,0.00,PMXC6,RT
09/28/2024 03:40:00,20.98,0.00,PMXC6,RT
09/28/2024 03:50:00,20.89,0.00,PMXC6,RT
09/28/2024 04:00:00,20.89,0.00,PMXC6,RT
09/28/2024 04:10:00,20.98,0.00,PMXC6,RT
09/28/2024 04:20:00,20.98,0.00,PMXC6,RT
09/28/2024 04:30:00,20.98,0.00,PMXC6,RT
09/28/2024 04:40:00,20.93,0.00,PMXC6,RT
09/28/2024 04:50:00,20.98,0.00,PMXC6,RT
09/28/2024 05:00:00,20.93,0.00,PMXC6,RT
09/28/2024 05:10:00,20.93,0.00,PMXC6,RT
09/28/2024 05:20:00,20.93,0.00,PMXC6,RT
09/28/2024 05:30:00,20.93,0.00,PMXC6,RT
09/28/2024 05:40:00,20.98,0.00,PMXC6,RT
09/28/2024 05:50:00,20.93,0.00,PMXC6,RT
09/28/2024 06:00:00,20.98,0.00,PMXC6,RT
09/28/2024 06:10:00,20.98,0.00,PMXC6,RT
09/28/2024 06:20:00,20.93,0.00,PMXC6,RT
09/28/2024 06:30:00,20.98,0.00,PMXC6,RT
09/28/2024 06:40:00,20.98,0.00,PMXC6,RT
09/28/2024 06:50:00,20.93,0.00,PMXC6,RT
09/28/2024 07:00:00,20.98,0.00,PMXC6,RT
09/28/2024 07:10:00,20.93,0.00,PMXC6,RT
09/28/2024 07:20:00,20.98,0.00,PMXC6,RT
09/28/2024 07:30:00,20.98,0.00,PMXC6,RT
09/28/2024 07:40:00,20.98,0.00,PMXC6,RT
09/28/2024 07:50:00,20.93,0.00,PMXC6,RT
09/28/2024 08:00:00,20.98,0.00,PMXC6,RT
09/28/2024 08:10:00,20.98,0.00,PMXC6,RT
09/28/2024 08:20:00,20.98,0.00,PMXC6,RT
09/28/2024 08:30:00,20.98,0.00,PMXC6,RT
09/28/2024 08:40:00,21.02,0.00,PMXC6,RT
09/28/2024 08:50:00,21.02,0.00,PMXC6,RT
09/28/2024 09:00:00,21.02,0.00,PMXC6,RT
09/28/2024 09:10:00,20.98,0.00,PMXC6,RT
09/28/2024 09:20:00,21.02,0.00,PMXC6,RT
09/28/2024 09:30:00,20.98,0.00,PMXC6,RT
09/28/2024 09:40:00,21.02,0.00,PMXC6,RT
09/28/2024 09:50:00,21.06,0.00,PMXC6,RT
09/28/2024 10:00:00,21.02,0.00,PMXC6,RT
09/28/2024 10:10:00,21.06,0.00,PMXC6,RT
09/28/2024 10:20:00,20.98,0.00,PMXC6,RT
09/28/2024 10:30:00,21.02,0.00,PMXC6,RT
09/28/2024 10:40:00,21.06,0.00,PMXC6,RT
09/28/2024 10:50:00,21.06,0.00,PMXC6,RT
09/28/2024 11:00:00,21.02,0.00,PMXC6,RT
09/28/2024 11:10:00,21.02,0.00,PMXC6,RT
09/28/2024 11:20:00,20.98,0.00,PMXC6,RT
09/28/2024 11:30:00,20.98,0.00,PMXC6,RT
09/28/2024 11:40:00,21.02,0.00,PMXC6,RT
09/28/2024 11:50:00,20.93,0.00,PMXC6,RT
09/28/2024 12:00:00,20.72,176.32,PMXC6,RT
09/28/2024 12:10:00,20.63,176.32,PMXC6,RT
09/28/2024 12:20:00,20.68,176.32,PMXC6,RT
09/28/2024 12:30:00,20.76,0.00,PMXC6,RT
09/28/2024 12:40:00,20.89,0.00,PMXC6,RT
09/28/2024 12:50:00,20.89,0.00,PMXC6,RT
09/28/2024 13:00:00,20.89,0.00,PMXC6,RT
09/28/2024 13:10:00,20.85,0.00,PMXC6,RT
09/28/2024 13:20:00,20.89,0.00,PMXC6,RT
09/28/2024 13:30:00,20.85,0.00,PMXC6,RT
09/28/2024 13:40:00,20.85,0.00,PMXC6,RT
09/28/2024 13:50:00,20.85,0.00,PMXC6,RT
09/28/2024 14:00:00,20.85,0.00,PMXC6,RT
09/28/2024 14:10:00,20.80,0.00,PMXC6,RT
09/28/2024 14:20:00,20.85,0.00,PMXC6,RT
09/28/2024 14:30:00,20.80,0.00,PMXC6,RT
09/28/2024 14:40:00,20.85,0.00,PMXC6,RT
09/28/2024 14:50:00,20.85,0.00,PMXC6,RT
09/28/2024 15:00:00,20.80,0.00,PMXC6,RT
09/28/2024 15:10:00,20.80,0.00,PMXC6,RT
09/28/2024 15:20:00,20.85,0.00,PMXC6,RT
09/28/2024 15:30:00,20.80,0.00,PMXC6,RT
09/28/2024 15:40:00,20.85,0.00,PMXC6,RT
09/28/2024 15:50:00,20.85,0.00,PMXC6,RT
09/28/2024 16:00:00,20.89,0.00,PMXC6,RT
09/28/2024 16:10:00,20.80,0.00,PMXC6,RT
09/28/2024 16:20:00,20.85,0.00,PMXC6,RT
09/28/2024 16:30:00,20.89,0.00,PMXC6,RT
09/28/2024 16:40:00,20.85,0.00,PMXC6,RT
09/28/2024 16:50:00,20.85,0.00,PMXC6,RT
09/28/2024 17:00:00,20.89,0.00,PMXC6,RT
09/28/2024 17:10:00,20.89,0.00,PMXC6,RT
09/28/2024 17:20:00,20.85,0.00,PMXC6,RT
09/28/2024 17:30:00,20.85,0.00,PMXC6,RT
09/28/2024 17:40:00,20.89,0.00,PMXC6,RT
09/28/2024 17:50:00,20.89,0.00,PMXC6,RT
09/28/2024 18:00:00,20.85,0.00,PMXC6,RT
09/28/2024 18:10:00,20.85,0.00,PMXC6,RT
09/28/2024 18:20:00,20.85,0.00,PMXC6,RT
09/28/2024 18:30:00,20.89,0.00,PMXC6,RT
09/28/2024 18:40:00,20.85,0.00,PMXC6,RT
09/28/2024 18:50:00,20.85,0.00,PMXC6,RT
09/28/2024 19:00:00,20.93,0.00,PMXC6,RT
09/28/2024 19:10:00,20.89,0.00,PMXC6,RT
09/28/2024 19:20:00,20.89,0.00,PMXC6,RT
09/28/2024 19:30:00,20.93,0.00,PMXC6,RT
09/28/2024 19:40:00,20.89,0.00,PMXC6,RT
09/28/2024 19:50:00,20.93,0.00,PMXC6,RT
09/28/2024 20:00:00,20.89,0.00,PMXC6,RT
09/28/2024 20:10:00,20.93,0.00,PMXC6,RT
09/28/2024 20:20:00,20.98,0.00,PMXC6,RT
09/28/2024 20:30:00,20.98,0.00,PMXC6,RT
09/28/2024 20:40:00,20.98,0.00,PMXC6,RT
09/28/2024 20:50:00,20.98,0.00,PMXC6,RT
09/28/2024 21:00:00,20.93,0.00,PMXC6,RT
09/28/2024 21:10:00,20.98,0.00,PMXC6,RT
09/28/2024 21:20:00,20.98,0.00,PMXC6,RT
09/28/2024 21:30:00,20.98,0.00,PMXC6,RT
09/28/2024 21:40:00,21.02,0.00,PMXC6,RT
09/28/2024 21:50:00,20.98,0.00,PMXC6,RT
09/28/2024 22:00:00,21.06,0.00,PMXC6,RT
09/28/2024 22:10:00,21.06,0.00,PMXC6,RT
09/28/2024 22:20:00,21.02,0.00,PMXC6,RT
09/28/2024 22:30:00,21.06,0.00,PMXC6,RT
09/28/2024 22:40:00,21.02,0.00,PMXC6,RT
09/28/2024 22:50:00,21.02,0.00,PMXC6,RT
09/28/2024 23:00:00,20.98,0.00,PMXC6,RT
09/28/2024 23:10:00,21.02,0.00,PMXC6,RT
09/28/2024 23:20:00,21.02,0.00,PMXC6,RT
09/28/2024 23:30:00,20.98,0.00,PMXC6,RT
09/28/2024 23:40:00,20.98,0.00,PMXC6,RT
09/28/2024 23:50:00,20.98,0.00,PMXC6,RT
09/29/2024 00:00:00,20.98,0.00,PMXC6,RT
09/29/2024 00:10:00,20.98,0.00,PMXC6,RT
09/29/2024 00:20:00,20.93,0.00,PMXC6,RT
09/29/2024 00:30:00,20.93,0.00,PMXC6,RT
09/29/2024 00:40:00,20.98,0.00,PMXC6,RT
09/29/2024 00:50:00,20.93,0.00,PMXC6,RT
09/29/2024 01:00:00,20.89,0.00,PMXC6,RT
09/29/2024 01:10:00,20.93,0.00,PMXC6,RT
09/29/2024 01:20:00,20.89,0.00,PMXC6,RT
09/29/2024 01:30:00,20.89,0.00,PMXC6,RT
09/29/2024 01:40:00,20.89,0.00,PMXC6,RT
09/29/2024 01:50:00,20.93,0.00,PMXC6,RT
09/29/2024 02:00:00,20.89,0.00,PMXC6,RT
09/29/2024 02:10:00,20.93,0.00,PMXC6,RT
09/29/2024 02:20:00,20.89,0.00,PMXC6,RT
09/29/2024 02:30:00,20.93,0.00,PMXC6,RT
09/29/2024 02:40:00,20.93,0.00,PMXC6,RT
09/29/2024 02:50:00,20.93,0.00,PMXC6,RT
09/29/2024 03:00:00,20.89,0.00,PMXC6,RT
09/29/2024 03:10:00,20.89,0.00,PMXC6,RT
09/29/2024 03:20:00,20.93,0.00,PMXC6,RT
09/29/2024 03:30:00,20.89,0.00,PMXC6,RT
09/29/2024 03:40:00,20.89,0.00,PMXC6,RT
09/29/2024 03:50:00,20.89,0.00,PMXC6,RT
09/29/2024 04:00:00,20.89,0.00,PMXC6,RT
09/29/2024 04:10:00,20.93,0.00,PMXC6,RT
09/29/2024 04:20:00,20.93,0.00,PMXC6,RT
09/29/2024 04:30:00,20.93,0.00,PMXC6,RT
09/29/2024 04:40:00,20.89,0.00,PMXC6,RT
09/29/2024 04:50:00,20.93,0.00,PMXC6,RT
09/29/2024 05:00:00,20.93,0.00,PMXC6,RT
09/29/2024 05:10:00,20.93,0.00,PMXC6,RT
09/29/2024 05:20:00,20.93,0.00,PMXC6,RT
09/29/2024 05:30:00,20.89,0.00,PMXC6,RT
09/29/2024 05:40:00,20.89,0.00,PMXC6,RT
09/29/2024 05:50:00,20.89,0.00,PMXC6,RT
09/29/2024 06:00:00,20.89,0.00,PMXC6,RT
09/29/2024 06:10:00,20.89,0.00,PMXC6,RT
09/29/2024 06:20:00,20.93,0.00,PMXC6,RT
09/29/2024 06:30:00,20.89,0.00,PMXC6,RT
09/29/2024 06:40:00,20.89,0.00,PMXC6,RT
09/29/2024 06:50:00,20.89,0.00,PMXC6,RT
09/29/2024 07:00:00,20.89,0.00,PMXC6,RT
09/29/2024 07:10:00,20.93,0.00,PMXC6,RT
09/29/2024 07:20:00,20.89,0.00,PMXC6,RT
09/29/2024 07:30:00,20.93,0.00,PMXC6,RT
09/29/2024 07:40:00,20.98,0.00,PMXC6,RT
09/29/2024 07:50:00,20.85,0.00,PMXC6,RT
09/29/2024 08:00:00,20.93,0.00,PMXC6,RT
09/29/2024 08:10:00,20.89,0.00,PMXC6,RT
09/29/2024 08:20:00,20.89,0.00,PMXC6,RT
09/29/2024 08:30:00,20.93,0.00,PMXC6,RT
09/29/2024 08:40:00,20.93,0.00,PMXC6,RT
09/29/2024 08:50:00,20.93,0.00,PMXC6,RT
09/29/2024 09:00:00,20.93,0.00,PMXC6,RT
09/29/2024 09:10:00,20.89,0.00,PMXC6,RT
09/29/2024 09:20:00,20.93,0.00,PMXC6,RT
09/29/2024 09:30:00,20.89,0.00,PMXC6,RT
09/29/2024 09:40:00,20.93,0.00,PMXC6,RT
09/29/2024 09:50:00,20.93,0.00,PMXC6,RT
09/29/2024 10:00:00,20.93,0.00,PMXC6,RT
09/29/2024 10:10:00,20.98,0.00,PMXC6,RT
09/29/2024 10:20:00,20.98,0.00,PMXC6,RT
09/29/2024 10:30:00,20.98,0.00,PMXC6,RT
09/29/2024 10:40:00,21.02,0.00,PMXC6,RT
09/29/2024 10:50:00,21.02,0.00,PMXC6,RT
09/29/2024 11:00:00,20.98,0.00,PMXC6,RT
09/29/2024 11:10:00,21.06,0.00,PMXC6,RT
09/29/2024 11:20:00,21.02,0.00,PMXC6,RT
09/29/2024 11:30:00,21.02,0.00,PMXC6,RT
09/29/2024 11:40:00,21.06,0.00,PMXC6,RT
09/29/2024 11:50:00,21.02,0.00,PMXC6,RT
09/29/2024 12:00:00,21.02,0.00,PMXC6,RT
09/29/2024 12:10:00,21.02,0.00,PMXC6,RT
09/29/2024 12:20:00,21.02,0.00,PMXC6,RT
09/29/2024 12:30:00,21.02,0.00,PMXC6,RT
09/29/2024 12:40:00,21.02,0.00,PMXC6,RT
09/29/2024 12:50:00,21.06,0.00,PMXC6,RT
09/29/2024 13:00:00,20.98,0.00,PMXC6,RT
09/29/2024 13:10:00,21.02,0.00,PMXC6,RT
09/29/2024 13:20:00,20.98,0.00,PMXC6,RT
09/29/2024 13:30:00,21.02,0.00,PMXC6,RT
09/29/2024 13:40:00,21.02,0.00,PMXC6,RT
09/29/2024 13:50:00,21.02,0.00,PMXC6,RT
09/29/2024 14:00:00,20.98,0.00,PMXC6,RT
09/29/2024 14:10:00,20.98,0.00,PMXC6,RT
09/29/2024 14:20:00,20.98,0.00,PMXC6,RT
09/29/2024 14:30:00,21.02,0.00,PMXC6,RT
09/29/2024 14:40:00,20.98,0.00,PMXC6,RT
09/29/2024 14:50:00,20.98,0.00,PMXC6,RT
09/29/2024 15:00:00,20.98,0.00,PMXC6,RT
09/29/2024 15:10:00,20.98,0.00,PMXC6,RT
09/29/2024 15:20:00,20.93,0.00,PMXC6,RT
09/29/2024 15:30:00,20.93,0.00,PMXC6,RT
09/29/2024 15:40:00,21.02,0.00,PMXC6,RT
09/29/2024 15:50:00,20.98,0.00,PMXC6,RT
09/29/2024 16:00:00,20.98,0.00,PMXC6,RT
09/29/2024 16:10:00,20.98,0.00,PMXC6,RT
09/29/2024 16:20:00,20.98,0.00,PMXC6,RT
09/29/2024 16:30:00,20.89,0.00,PMXC6,RT
09/29/2024 16:40:00,20.93,0.00,PMXC6,RT
09/29/2024 16:50:00,20.98,0.00,PMXC6,RT
09/29/2024 17:00:00,20.98,0.00,PMXC6,RT
09/29/2024 17:10:00,20.89,0.00,PMXC6,RT
09/29/2024 17:20:00,20.93,0.00,PMXC6,RT
09/29/2024 17:30:00,20.93,0.00,PMXC6,RT
09/29/2024 17:40:00,20.89,0.00,PMXC6,RT
09/29/2024 17:50:00,20.93,0.00,PMXC6,RT
09/29/2024 18:00:00,20.98,0.00,PMXC6,RT
09/29/2024 18:10:00,20.93,0.00,PMXC6,RT
09/29/2024 18:20:00,20.98,0.00,PMXC6,RT
09/29/2024 18:30:00,20.93,0.00,PMXC6,RT
09/29/2024 18:40:00,20.93,0.00,PMXC6,RT
09/29/2024 18:50:00,20.93,0.00,PMXC6,RT
09/29/2024 19:00:00,20.98,0.00,PMXC6,RT
09/29/2024 19:10:00,20.93,0.00,PMXC6,RT
09/29/2024 19:20:00,20.93,0.00,PMXC6,RT
09/29/2024 19:30:00,20.93,0.00,PMXC6,RT
09/29/2024 19:40:00,20.89,0.00,PMXC6,RT
09/29/2024 19:50:00,20.85,0.00,PMXC6,RT
09/29/2024 20:00:00,20.80,0.00,PMXC6,RT
09/29/2024 20:10:00,20.80,0.00,PMXC6,RT
09/29/2024 20:20:00,20.80,0.00,PMXC6,RT
09/29/2024 20:30:00,20.80,0.00,PMXC6,RT
09/29/2024 20:40:00,20.80,0.00,PMXC6,RT
09/29/2024 20:50:00,20.76,0.00,PMXC6,RT
09/29/2024 21:00:00,20.76,0.00,PMXC6,RT
09/29/2024 21:10:00,20.72,0.00,PMXC6,RT
09/29/2024 21:20:00,20.72,0.00,PMXC6,RT
09/29/2024 21:30:00,20.76,0.00,PMXC6,RT
09/29/2024 21:40:00,20.68,0.00,PMXC6,RT
09/29/2024 21:50:00,20.68,0.00,PMXC6,RT
09/29/2024 22:00:00,20.72,0.00,PMXC6,RT
09/29/2024 22:10:00,20.68,0.00,PMXC6,RT
09/29/2024 22:20:00,20.68,0.00,PMXC6,RT
09/29/2024 22:30:00,20.68,0.00,PMXC6,RT
09/29/2024 22:40:00,20.68,0.00,PMXC6,RT
09/29/2024 22:50:00,20.68,0.00,PMXC6,RT
09/29/2024 23:00:00,20.63,0.00,PMXC6,RT
09/29/2024 23:10:00,20.63,0.00,PMXC6,RT
09/29/2024 23:20:00,20.63,0.00,PMXC6,RT
09/29/2024 23:30:00,20.63,0.00,PMXC6,RT
09/29/2024 23:40:00,20.68,0.00,PMXC6,RT
09/29/2024 23:50:00,20.63,0.00,PMXC6,RT
09/30/2024 00:00:00,20.68,0.00,PMXC6,RT
09/30/2024 00:10:00,20.59,0.00,PMXC6,RT
09/30/2024 00:20:00,20.63,0.00,PMXC6,RT
09/30/2024 00:30:00,20.63,0.00,PMXC6,RT
09/30/2024 00:40:00,20.63,0.00,PMXC6,RT
09/30/2024 00:50:00,20.59,0.00,PMXC6,RT
09/30/2024 01:00:00,20.63,0.00,PMXC6,RT
09/30/2024 01:10:00,20.68,0.00,PMXC6,RT
09/30/2024 01:20:00,20.63,0.00,PMXC6,RT
09/30/2024 01:30:00,20.63,0.00,PMXC6,RT
09/30/2024 01:40:00,20.68,0.00,PMXC6,RT
09/30/2024 01:50:00,20.68,0.00,PMXC6,RT
09/30/2024 02:00:00,20.68,0.00,PMXC6,RT
09/30/2024 02:10:00,20.72,0.00,PMXC6,RT
09/30/2024 02:20:00,20.68,0.00,PMXC6,RT
09/30/2024 02:30:00,20.68,0.00,PMXC6,RT
09/30/2024 02:40:00,20.68,0.00,PMXC6,RT
09/30/2024 02:50:00,20.68,0.00,PMXC6,RT
09/30/2024 03:00:00,20.68,0.00,PMXC6,RT
09/30/2024 03:10:00,20.68,0.00,PMXC6,RT
09/30/2024 03:20:00,20.72,0.00,PMXC6,RT
09/30/2024 03:30:00,20.68,0.00,PMXC6,RT
09/30/2024 03:40:00,20.72,0.00,PMXC6,RT
09/30/2024 03:50:00,20.68,0.00,PMXC6,RT
09/30/2024 04:00:00,20.68,0.00,PMXC6,RT
09/30/2024 04:10:00,20.72,0.00,PMXC6,RT
09/30/2024 04:20:00,20.68,0.00,PMXC6,RT
09/30/2024 04:30:00,20.76,0.00,PMXC6,RT
09/30/2024 04:40:00,20.72,0.00,PMXC6,RT
09/30/2024 04:50:00,20.72,0.00,PMXC6,RT
09/30/2024 05:00:00,20.76,0.00,PMXC6,RT
09/30/2024 05:10:00,20.76,0.00,PMXC6,RT
09/30/2024 05:20:00,20.76,0.00,PMXC6,RT
09/30/2024 05:30:00,20.80,0.00,PMXC6,RT
09/30/2024 05:40:00,20.76,0.00,PMXC6,RT
09/30/2024 05:50:00,20.80,0.00,PMXC6,RT
09/30/2024 06:00:00,20.80,0.00,PMXC6,RT
09/30/2024 06:10:00,20.80,0.00,PMXC6,RT
09/30/2024 06:20:00,20.85,0.00,PMXC6,RT
09/30/2024 06:30:00,20.80,0.00,PMXC6,RT
09/30/2024 06:40:00,20.80,0.00,PMXC6,RT
09/30/2024 06:50:00,20.85,0.00,PMXC6,RT
09/30/2024 07:00:00,20.85,0.00,PMXC6,RT
09/30/2024 07:10:00,20.85,0.00,PMXC6,RT
09/30/2024 07:20:00,20.85,0.00,PMXC6,RT
09/30/2024 07:30:00,20.85,0.00,PMXC6,RT
09/30/2024 07:40:00,20.89,0.00,PMXC6,RT
09/30/2024 07:50:00,20.85,0.00,PMXC6,RT
09/30/2024 08:00:00,20.85,0.00,PMXC6,RT
09/30/2024 08:10:00,20.89,0.00,PMXC6,RT
09/30/2024 08:20:00,20.89,0.00,PMXC6,RT
09/30/2024 08:30:00,20.89,0.00,PMXC6,RT
09/30/2024 08:40:00,20.80,0.00,PMXC6,RT
09/30/2024 08:50:00,20.80,0.00,PMXC6,RT
09/30/2024 09:00:00,20.85,0.00,PMXC6,RT
09/30/2024 09:10:00,20.80,0.00,PMXC6,RT
09/30/2024 09:20:00,20.89,0.00,PMXC6,RT
09/30/2024 09:30:00,20.93,0.00,PMXC6,RT
09/30/2024 09:40:00,20.98,0.00,PMXC6,RT
09/30/2024 09:50:00,21.02,0.00,PMXC6,RT
09/30/2024 10:00:00,21.02,0.00,PMXC6,RT
09/30/2024 10:10:00,21.06,0.00,PMXC6,RT
09/30/2024 10:20:00,21.02,0.00,PMXC6,RT
09/30/2024 10:30:00,21.02,0.00,PMXC6,RT
09/30/2024 10:40:00,21.06,0.00,PMXC6,RT
09/30/2024 10:50:00,21.15,0.00,PMXC6,RT
09/30/2024 11:00:00,21.10,0.00,PMXC6,RT
09/30/2024 11:10:00,21.15,0.00,PMXC6,RT
09/30/2024 11:20:00,21.19,0.00,PMXC6,RT
09/30/2024 11:30:00,21.15,0.00,PMXC6,RT
09/30/2024 11:40:00,21.19,0.00,PMXC6,RT
09/30/2024 11:50:00,21.15,0.00,PMXC6,RT
09/30/2024 12:00:00,21.19,0.00,PMXC6,RT
09/30/2024 12:10:00,21.19,0.00,PMXC6,RT
09/30/2024 12:20:00,21.19,0.00,PMXC6,RT
09/30/2024 12:30:00,21.15,0.00,PMXC6,RT
09/30/2024 12:40:00,21.19,0.00,PMXC6,RT
09/30/2024 12:50:00,21.23,0.00,PMXC6,RT
09/30/2024 13:00:00,21.19,0.00,PMXC6,RT
09/30/2024 13:10:00,21.19,0.00,PMXC6,RT
09/30/2024 13:20:00,21.19,0.00,PMXC6,RT
09/30/2024 13:30:00,21.19,0.00,PMXC6,RT
09/30/2024 13:40:00,21.19,0.00,PMXC6,RT
09/30/2024 13:50:00,21.19,0.00,PMXC6,RT
09/30/2024 14:00:00,21.19,0.00,PMXC6,RT
09/30/2024 14:10:00,21.19,0.00,PMXC6,RT
09/30/2024 14:20:00,21.23,0.00,PMXC6,RT
09/30/2024 14:30:00,21.23,0.00,PMXC6,RT
09/30/2024 14:40:00,21.19,0.00,PMXC6,RT
09/30/2024 14:50:00,21.23,0.00,PMXC6,RT
09/30/2024 15:00:00,21.19,0.00,PMXC6,RT
09/30/2024 15:10:00,21.23,0.00,PMXC6,RT
09/30/2024 15:20:00,21.28,0.00,PMXC6,RT
09/30/2024 15:30:00,21.28,0.00,PMXC6,RT
09/30/2024 15:40:00,21.23,0.00,PMXC6,RT
09/30/2024 15:50:00,21.23,0.00,PMXC6,RT
09/30/2024 16:00:00,21.23,0.00,PMXC6,RT
09/30/2024 16:10:00,21.28,0.00,PMXC6,RT
09/30/2024 16:20:00,21.19,0.00,PMXC6,RT
09/30/2024 16:30:00,21.23,0.00,PMXC6,RT
09/30/2024 16:40:00,21.23,0.00,PMXC6,RT
09/30/2024 16:50:00,21.23,0.00,PMXC6,RT
09/30/2024 17:00:00,21.19,0.00,PMXC6,RT
09/30/2024 17:10:00,21.15,0.00,PMXC6,RT
09/30/2024 17:20:00,21.15,0.00,PMXC6,RT
09/30/2024 17:30:00,21.15,0.00,PMXC6,RT
09/30/2024 17:40:00,21.15,0.00,PMXC6,RT
09/30/2024 17:50:00,21.15,0.00,PMXC6,RT
09/30/2024 18:00:00,21.15,0.00,PMXC6,RT
09/30/2024 18:10:00,21.10,0.00,PMXC6,RT
09/30/2024 18:20:00,21.10,0.00,PMXC6,RT
09/30/2024 18:30:00,21.10,0.00,PMXC6,RT
09/30/2024 18:40:00,21.06,0.00,PMXC6,RT
09/30/2024 18:50:00,21.06,0.00,PMXC6,RT
09/30/2024 19:00:00,21.06,0.00,PMXC6,RT
09/30/2024 19:10:00,21.06,0.00,PMXC6,RT
09/30/2024 19:20:00,21.02,0.00,PMXC6,RT
09/30/2024 19:30:00,21.02,0.00,PMXC6,RT
09/30/2024 19:40:00,21.02,0.00,PMXC6,RT
09/30/2024 19:50:00,21.02,0.00,PMXC6,RT
09/30/2024 20:00:00,21.02,0.00,PMXC6,RT
09/30/2024 20:10:00,21.02,0.00,PMXC6,RT
09/30/2024 20:20:00,20.98,0.00,PMXC6,RT
09/30/2024 20:30:00,21.02,0.00,PMXC6,RT
09/30/2024 20:40:00,21.02,0.00,PMXC6,RT
09/30/2024 20:50:00,20.98,0.00,PMXC6,RT
09/30/2024 21:00:00,20.98,0.00,PMXC6,RT
09/30/2024 21:10:00,21.02,0.00,PMXC6,RT
09/30/2024 21:20:00,20.98,0.00,PMXC6,RT
09/30/2024 21:30:00,20.98,0.00,PMXC6,RT
09/30/2024 21:40:00,20.93,0.00,PMXC6,RT
09/30/2024 21:50:00,20.89,0.00,PMXC6,RT
09/30/2024 22:00:00,20.93,0.00,PMXC6,RT
09/30/2024 22:10:00,20.98,0.00,PMXC6,RT
09/30/2024 22:20:00,21.06,0.00,PMXC6,RT
09/30/2024 22:30:00,20.93,0.00,PMXC6,RT
09/30/2024 22:40:00,20.93,0.00,PMXC6,RT
09/30/2024 22:50:00,20.93,0.00,PMXC6,RT
09/30/2024 23:00:00,20.93,0.00,PMXC6,RT
09/30/2024 23:10:00,20.98,0.00,PMXC6,RT
09/30/2024 23:20:00,20.98,0.00,PMXC6,RT
09/30/2024 23:30:00,20.98,0.00,PMXC6,RT
09/30/2024 23:40:00,20.98,0.00,PMXC6,RT
09/30/2024 23:50:00,20.98,0.00,PMXC6,RT
10/01/2024 00:00:00,20.93,0.00,PMXC6,RT
10/01/2024 00:10:00,20.93,0.00,PMXC6,RT
10/01/2024 00:20:00,20.89,0.00,PMXC6,RT
10/01/2024 00:30:00,20.93,0.00,PMXC6,RT
10/01/2024 00:40:00,20.93,0.00,PMXC6,RT
10/01/2024 00:50:00,20.98,0.00,PMXC6,RT
10/01/2024 01:00:00,20.89,0.00,PMXC6,RT
10/01/2024 01:10:00,20.85,0.00,PMXC6,RT
10/01/2024 01:20:00,20.93,0.00,PMXC6,RT
10/01/2024 01:30:00,20.98,0.00,PMXC6,RT
10/01/2024 01:40:00,20.93,0.00,PMXC6,RT
10/01/2024 01:50:00,20.93,0.00,PMXC6,RT
10/01/2024 02:00:00,20.93,0.00,PMXC6,RT
10/01/2024 02:10:00,20.89,0.00,PMXC6,RT
10/01/2024 02:20:00,20.89,0.00,PMXC6,RT
10/01/2024 02:30:00,20.89,0.00,PMXC6,RT
10/01/2024 02:40:00,20.93,0.00,PMXC6,RT
10/01/2024 02:50:00,20.93,0.00,PMXC6,RT
10/01/2024 03:00:00,20.93,0.00,PMXC6,RT
10/01/2024 03:10:00,20.89,0.00,PMXC6,RT
10/01/2024 03:20:00,20.89,0.00,PMXC6,RT
10/01/2024 03:30:00,20.93,0.00,PMXC6,RT
10/01/2024 03:40:00,20.93,0.00,PMXC6,RT
10/01/2024 03:50:00,20.89,0.00,PMXC6,RT
10/01/2024 04:00:00,20.93,0.00,PMXC6,RT
10/01/2024 04:10:00,20.93,0.00,PMXC6,RT
10/01/2024 04:20:00,20.93,0.00,PMXC6,RT
10/01/2024 04:30:00,20.93,0.00,PMXC6,RT
10/01/2024 04:40:00,20.89,0.00,PMXC6,RT
10/01/2024 04:50:00,20.93,0.00,PMXC6,RT
10/01/2024 05:00:00,20.89,0.00,PMXC6,RT
10/01/2024 05:10:00,20.93,0.00,PMXC6,RT
10/01/2024 05:20:00,20.93,0.00,PMXC6,RT
10/01/2024 05:30:00,20.89,0.00,PMXC6,RT
10/01/2024 05:40:00,20.93,0.00,PMXC6,RT
10/01/2024 05:50:00,20.93,0.00,PMXC6,RT
10/01/2024 06:00:00,20.93,0.00,PMXC6,RT
10/01/2024 06:10:00,20.93,0.00,PMXC6,RT
10/01/2024 06:20:00,20.93,0.00,PMXC6,RT
10/01/2024 06:30:00,20.93,0.00,PMXC6,RT
10/01/2024 06:40:00,20.98,0.00,PMXC6,RT
10/01/2024 06:50:00,20.98,0.00,PMXC6,RT
10/01/2024 07:00:00,20.98,0.00,PMXC6,RT
10/01/2024 07:10:00,20.98,0.00,PMXC6,RT
10/01/2024 07:20:00,20.98,0.00,PMXC6,RT
10/01/2024 07:30:00,20.98,0.00,PMXC6,RT
10/01/2024 07:40:00,20.98,0.00,PMXC6,RT
10/01/2024 07:50:00,20.98,0.00,PMXC6,RT
10/01/2024 08:00:00,20.98,0.00,PMXC6,RT
10/01/2024 08:10:00,20.98,0.00,PMXC6,RT
10/01/2024 08:20:00,20.93,0.00,PMXC6,RT
10/01/2024 08:30:00,20.98,0.00,PMXC6,RT
10/01/2024 08:40:00,20.93,0.00,PMXC6,RT
10/01/2024 08:50:00,20.98,0.00,PMXC6,RT
10/01/2024 09:00:00,20.89,0.00,PMXC6,RT
10/01/2024 09:10:00,20.85,0.00,PMXC6,RT
10/01/2024 09:20:00,20.89,0.00,PMXC6,RT
10/01/2024 09:30:00,20.89,0.00,PMXC6,RT
10/01/2024 09:40:00,20.89,0.00,PMXC6,RT
10/01/2024 09:50:00,20.85,0.00,PMXC6,RT
10/01/2024 10:00:00,20.93,0.00,PMXC6,RT
10/01/2024 10:10:00,20.89,0.00,PMXC6,RT
10/01/2024 10:20:00,20.85,0.00,PMXC6,RT
10/01/2024 10:30:00,20.85,0.00,PMXC6,RT
10/01/2024 10:40:00,20.89,0.00,PMXC6,RT
10/01/2024 10:50:00,20.89,0.00,PMXC6,RT
10/01/2024 11:00:00,20.85,0.00,PMXC6,RT
10/01/2024 11:10:00,20.85,0.00,PMXC6,RT
10/01/2024 11:20:00,20.89,0.00,PMXC6,RT
10/01/2024 11:30:00,20.89,0.00,PMXC6,RT
10/01/2024 11:40:00,20.93,0.00,PMXC6,RT
10/01/2024 11:50:00,20.80,0.00,PMXC6,RT
10/01/2024 12:00:00,20.85,178.88,PMXC6,RT
10/01/2024 12:10:00,20.85,178.88,PMXC6,RT
10/01/2024 12:20:00,20.80,178.88,PMXC6,RT
10/01/2024 12:30:00,20.80,178.88,PMXC6,RT
10/01/2024 12:40:00,20.89,0.00,PMXC6,RT
10/01/2024 12:50:00,20.93,0.00,PMXC6,RT
10/01/2024 13:00:00,20.80,0.00,PMXC6,RT
10/01/2024 13:10:00,20.80,0.00,PMXC6,RT
10/01/2024 13:20:00,20.76,0.00,PMXC6,RT
10/01/2024 13:30:00,20.72,0.00,PMXC6,RT
10/01/2024 13:40:00,20.68,0.20,PMXC6,RT
10/01/2024 13:50:00,20.63,0.00,PMXC6,RT
10/01/2024 14:00:00,20.59,0.00,PMXC6,RT
10/01/2024 14:10:00,20.59,0.00,PMXC6,RT
10/01/2024 14:20:00,20.55,0.00,PMXC6,RT
10/01/2024 14:30:00,20.50,0.00,PMXC6,RT
10/01/2024 14:40:00,20.37,0.00,PMXC6,RT
10/01/2024 14:50:00,20.42,0.00,PMXC6,RT
10/01/2024 15:00:00,20.46,0.00,PMXC6,RT
10/01/2024 15:10:00,20.46,0.00,PMXC6,RT
10/01/2024 15:20:00,20.46,0.00,PMXC6,RT
10/01/2024 15:30:00,20.50,0.00,PMXC6,RT
10/01/2024 15:40:00,20.50,0.00,PMXC6,RT
10/01/2024 15:50:00,20.50,0.00,PMXC6,RT
10/01/2024 16:00:00,20.50,0.00,PMXC6,RT
10/01/2024 16:10:00,20.55,0.00,PMXC6,RT
10/01/2024 16:20:00,20.55,0.00,PMXC6,RT
10/01/2024 16:30:00,20.55,0.00,PMXC6,RT
10/01/2024 16:40:00,20.55,0.00,PMXC6,RT
10/01/2024 16:50:00,20.55,0.00,PMXC6,RT
10/01/2024 17:00:00,20.55,0.00,PMXC6,RT
10/01/2024 17:10:00,20.55,0.00,PMXC6,RT
10/01/2024 17:20:00,20.55,0.00,PMXC6,RT
10/01/2024 17:30:00,20.50,0.00,PMXC6,RT
10/01/2024 17:40:00,20.55,0.00,PMXC6,RT
10/01/2024 17:50:00,20.55,0.00,PMXC6,RT
10/01/2024 18:00:00,20.59,0.00,PMXC6,RT
10/01/2024 18:10:00,20.59,0.00,PMXC6,RT
10/01/2024 18:20:00,20.55,0.00,PMXC6,RT
10/01/2024 18:30:00,20.63,0.00,PMXC6,RT
10/01/2024 18:40:00,20.59,0.00,PMXC6,RT
10/01/2024 18:50:00,20.59,0.00,PMXC6,RT
10/01/2024 19:00:00,20.63,0.00,PMXC6,RT
10/01/2024 19:10:00,20.59,0.00,PMXC6,RT
10/01/2024 19:20:00,20.59,0.00,PMXC6,RT
10/01/2024 19:30:00,20.68,0.00,PMXC6,RT
10/01/2024 19:40:00,20.63,0.00,PMXC6,RT
10/01/2024 19:50:00,20.68,0.00,PMXC6,RT
10/01/2024 20:00:00,20.68,0.00,PMXC6,RT
10/01/2024 20:10:00,20.68,0.00,PMXC6,RT
10/01/2024 20:20:00,20.72,0.00,PMXC6,RT
10/01/2024 20:30:00,20.63,0.00,PMXC6,RT
10/01/2024 20:40:00,20.68,0.00,PMXC6,RT
10/01/2024 20:50:00,20.68,0.00,PMXC6,RT
10/01/2024 21:00:00,20.68,0.00,PMXC6,RT
10/01/2024 21:10:00,20.63,0.00,PMXC6,RT
10/01/2024 21:20:00,20.63,0.00,PMXC6,RT
10/01/2024 21:30:00,20.63,0.00,PMXC6,RT
10/01/2024 21:40:00,20.68,0.00,PMXC6,RT
10/01/2024 21:50:00,20.68,0.00,PMXC6,RT
10/01/2024 22:00:00,20.63,0.00,PMXC6,RT
10/01/2024 22:10:00,20.68,0.00,PMXC6,RT
10/01/2024 22:20:00,20.63,0.00,PMXC6,RT
10/01/2024 22:30:00,20.68,0.00,PMXC6,RT
10/01/2024 22:40:00,20.68,0.00,PMXC6,RT
10/01/2024 22:50:00,20.68,0.00,PMXC6,RT
10/01/2024 23:00:00,20.68,0.00,PMXC6,RT
10/01/2024 23:10:00,20.63,0.00,PMXC6,RT
10/01/2024 23:20:00,20.59,0.00,PMXC6,RT
10/01/2024 23:30:00,20.63,0.00,PMXC6,RT
10/01/2024 23:40:00,20.63,0.00,PMXC6,RT
10/01/2024 23:50:00,20.63,0.00,PMXC6,RT
10/02/2024 00:00:00,20.68,0.00,PMXC6,RT
10/02/2024 00:10:00,20.68,0.00,PMXC6,RT
10/02/2024 00:20:00,20.68,0.00,PMXC6,RT
10/02/2024 00:30:00,20.68,0.00,PMXC6,RT
10/02/2024 00:40:00,20.63,0.00,PMXC6,RT
10/02/2024 00:50:00,20.72,0.00,PMXC6,RT
10/02/2024 01:00:00,20.68,0.00,PMXC6,RT
10/02/2024 01:10:00,20.68,0.00,PMXC6,RT
10/02/2024 01:20:00,20.72,0.00,PMXC6,RT
10/02/2024 01:30:00,20.68,0.00,PMXC6,RT
10/02/2024 01:40:00,20.68,0.00,PMXC6,RT
10/02/2024 01:50:00,20.72,0.00,PMXC6,RT
10/02/2024 02:00:00,20.68,0.00,PMXC6,RT
10/02/2024 02:10:00,20.63,0.00,PMXC6,RT
10/02/2024 02:20:00,20.72,0.00,PMXC6,RT
10/02/2024 02:30:00,20.68,0.00,PMXC6,RT
10/02/2024 02:40:00,20.72,0.00,PMXC6,RT
10/02/2024 02:50:00,20.72,0.00,PMXC6,RT
10/02/2024 03:00:00,20.63,0.00,PMXC6,RT
10/02/2024 03:10:00,20.72,0.00,PMXC6,RT
10/02/2024 03:20:00,20.72,0.00,PMXC6,RT
10/02/2024 03:30:00,20.72,0.00,PMXC6,RT
10/02/2024 03:40:00,20.72,0.00,PMXC6,RT
10/02/2024 03:50:00,20.68,0.00,PMXC6,RT
10/02/2024 04:00:00,20.72,0.00,PMXC6,RT
10/02/2024 04:10:00,20.76,0.00,PMXC6,RT
10/02/2024 04:20:00,20.72,0.00,PMXC6,RT
10/02/2024 04:30:00,20.72,0.00,PMXC6,RT
10/02/2024 04:40:00,20.76,0.00,PMXC6,RT
10/02/2024 04:50:00,20.76,0.00,PMXC6,RT
10/02/2024 05:00:00,20.76,0.00,PMXC6,RT
10/02/2024 05:10:00,20.76,0.00,PMXC6,RT
10/02/2024 05:20:00,20.76,0.00,PMXC6,RT
10/02/2024 05:30:00,20.80,0.00,PMXC6,RT
10/02/2024 05:40:00,20.80,0.00,PMXC6,RT
10/02/2024 05:50:00,20.80,0.00,PMXC6,RT
10/02/2024 06:00:00,20.80,0.00,PMXC6,RT
10/02/2024 06:10:00,20.80,0.00,PMXC6,RT
10/02/2024 06:20:00,20.80,0.00,PMXC6,RT
10/02/2024 06:30:00,20.85,0.00,PMXC6,RT
10/02/2024 06:40:00,20.85,0.00,PMXC6,RT
10/02/2024 06:50:00,20.85,0.00,PMXC6,RT
10/02/2024 07:00:00,20.80,0.00,PMXC6,RT
10/02/2024 07:10:00,20.85,0.00,PMXC6,RT
10/02/2024 07:20:00,20.85,0.00,PMXC6,RT
10/02/2024 07:30:00,20.80,0.00,PMXC6,RT
10/02/2024 07:40:00,20.85,0.00,PMXC6,RT
10/02/2024 07:50:00,20.80,0.00,PMXC6,RT
10/02/2024 08:00:00,20.89,0.00,PMXC6,RT
10/02/2024 08:10:00,20.85,0.00,PMXC6,RT
10/02/2024 08:20:00,20.80,0.00,PMXC6,RT
10/02/2024 08:30:00,20.85,0.00,PMXC6,RT
10/02/2024 08:40:00,20.85,0.00,PMXC6,RT
10/02/2024 08:50:00,20.89,0.00,PMXC6,RT
10/02/2024 09:00:00,20.85,0.00,PMXC6,RT
10/02/2024 09:10:00,20.85,0.00,PMXC6,RT
10/02/2024 09:20:00,20.85,0.00,PMXC6,RT
10/02/2024 09:30:00,20.89,0.00,PMXC6,RT
10/02/2024 09:40:00,20.85,0.00,PMXC6,RT
10/02/2024 09:50:00,20.85,0.00,PMXC6,RT
10/02/2024 10:00:00,20.85,0.00,PMXC6,RT
10/02/2024 10:10:00,20.80,0.00,PMXC6,RT
10/02/2024 10:20:00,20.85,0.00,PMXC6,RT
10/02/2024 10:30:00,20.80,0.00,PMXC6,RT
10/02/2024 10:40:00,20.85,0.00,PMXC6,RT
10/02/2024 10:50:00,20.80,0.00,PMXC6,RT
10/02/2024 11:00:00,20.85,0.00,PMXC6,RT
10/02/2024 11:10:00,20.80,0.00,PMXC6,RT
10/02/2024 11:20:00,20.80,0.00,PMXC6,RT
10/02/2024 11:30:00,20.80,0.00,PMXC6,RT
10/02/2024 11:40:00,20.80,0.00,PMXC6,RT
10/02/2024 11:50:00,20.89,0.00,PMXC6,RT
10/02/2024 12:00:00,20.80,0.00,PMXC6,RT
10/02/2024 12:10:00,20.85,0.00,PMXC6,RT
10/02/2024 12:20:00,20.85,0.00,PMXC6,RT
10/02/2024 12:30:00,20.80,0.00,PMXC6,RT
10/02/2024 12:40:00,20.80,0.00,PMXC6,RT
10/02/2024 12:50:00,20.80,0.00,PMXC6,RT
10/02/2024 13:00:00,20.80,0.00,PMXC6,RT
10/02/2024 13:10:00,20.80,0.00,PMXC6,RT
10/02/2024 13:20:00,20.80,0.00,PMXC6,RT
10/02/2024 13:30:00,20.85,0.00,PMXC6,RT
10/02/2024 13:40:00,20.85,0.00,PMXC6,RT
10/02/2024 13:50:00,20.85,0.00,PMXC6,RT
10/02/2024 14:00:00,20.89,0.00,PMXC6,RT
10/02/2024 14:10:00,20.89,0.00,PMXC6,RT
10/02/2024 14:20:00,20.89,0.00,PMXC6,RT
10/02/2024 14:30:00,20.93,0.00,PMXC6,RT
10/02/2024 14:40:00,20.93,0.00,PMXC6,RT
10/02/2024 14:50:00,20.93,0.00,PMXC6,RT
10/02/2024 15:00:00,20.98,0.00,PMXC6,RT
10/02/2024 15:10:00,21.02,0.00,PMXC6,RT
10/02/2024 15:20:00,21.02,0.00,PMXC6,RT
10/02/2024 15:30:00,21.02,0.00,PMXC6,RT
10/02/2024 15:40:00,21.02,0.00,PMXC6,RT
10/02/2024 15:50:00,20.98,0.00,PMXC6,RT
10/02/2024 16:00:00,20.98,0.00,PMXC6,RT
10/02/2024 16:10:00,20.98,0.00,PMXC6,RT
10/02/2024 16:20:00,21.02,0.00,PMXC6,RT
10/02/2024 16:30:00,21.06,0.00,PMXC6,RT
10/02/2024 16:40:00,20.98,0.00,PMXC6,RT
10/02/2024 16:50:00,20.98,0.00,PMXC6,RT
10/02/2024 17:00:00,21.02,0.00,PMXC6,RT
10/02/2024 17:10:00,20.98,0.00,PMXC6,RT
10/02/2024 17:20:00,21.02,0.00,PMXC6,RT
10/02/2024 17:30:00,21.02,0.00,PMXC6,RT
10/02/2024 17:40:00,20.98,0.00,PMXC6,RT
10/02/2024 17:50:00,21.02,0.00,PMXC6,RT
10/02/2024 18:00:00,20.98,0.00,PMXC6,RT
10/02/2024 18:10:00,20.98,0.00,PMXC6,RT
10/02/2024 18:20:00,20.98,0.00,PMXC6,RT
10/02/2024 18:30:00,20.98,0.00,PMXC6,RT
10/02/2024 18:40:00,20.98,0.00,PMXC6,RT
10/02/2024 18:50:00,21.02,0.00,PMXC6,RT
10/02/2024 19:00:00,20.98,0.00,PMXC6,RT
10/02/2024 19:10:00,20.98,0.00,PMXC6,RT
10/02/2024 19:20:00,20.98,0.00,PMXC6,RT
10/02/2024 19:30:00,21.02,0.00,PMXC6,RT
10/02/2024 19:40:00,21.02,0.00,PMXC6,RT
10/02/2024 19:50:00,20.98,0.00,PMXC6,RT
10/02/2024 20:00:00,20.98,0.00,PMXC6,RT
10/02/2024 20:10:00,20.98,0.00,PMXC6,RT
10/02/2024 20:20:00,20.93,0.00,PMXC6,RT
10/02/2024 20:30:00,20.93,0.00,PMXC6,RT
10/02/2024 20:40:00,20.93,0.00,PMXC6,RT
10/02/2024 20:50:00,20.93,0.00,PMXC6,RT
10/02/2024 21:00:00,20.89,0.00,PMXC6,RT
10/02/2024 21:10:00,20.98,0.00,PMXC6,RT
10/02/2024 21:20:00,20.93,0.00,PMXC6,RT
10/02/2024 21:30:00,20.93,0.00,PMXC6,RT
10/02/2024 21:40:00,20.98,0.00,PMXC6,RT
10/02/2024 21:50:00,20.93,0.00,PMXC6,RT
10/02/2024 22:00:00,20.98,0.00,PMXC6,RT
10/02/2024 22:10:00,20.93,0.00,PMXC6,RT
10/02/2024 22:20:00,20.93,0.00,PMXC6,RT
10/02/2024 22:30:00,20.93,0.00,PMXC6,RT
10/02/2024 22:40:00,20.89,0.00,PMXC6,RT
10/02/2024 22:50:00,20.93,0.00,PMXC6,RT
10/02/2024 23:00:00,20.89,0.00,PMXC6,RT
10/02/2024 23:10:00,20.93,0.00,PMXC6,RT
10/02/2024 23:20:00,20.93,0.00,PMXC6,RT
10/02/2024 23:30:00,20.89,0.00,PMXC6,RT
10/02/2024 23:40:00,20.89,0.00,PMXC6,RT
10/02/2024 23:50:00,20.93,0.00,PMXC6,RT
10/03/2024 00:00:00,20.89,0.00,PMXC6,RT
10/03/2024 00:10:00,20.89,0.00,PMXC6,RT
10/03/2024 00:20:00,20.89,0.00,PMXC6,RT
10/03/2024 00:30:00,20.93,0.00,PMXC6,RT
10/03/2024 00:40:00,20.89,0.00,PMXC6,RT
10/03/2024 00:50:00,20.89,0.00,PMXC6,RT
10/03/2024 01:00:00,20.93,0.00,PMXC6,RT
10/03/2024 01:10:00,20.89,0.00,PMXC6,RT
10/03/2024 01:20:00,20.85,0.00,PMXC6,RT
10/03/2024 01:30:00,20.89,0.00,PMXC6,RT
10/03/2024 01:40:00,20.89,0.00,PMXC6,RT
10/03/2024 01:50:00,20.89,0.00,PMXC6,RT
10/03/2024 02:00:00,20.89,0.00,PMXC6,RT
10/03/2024 02:10:00,20.85,0.00,PMXC6,RT
10/03/2024 02:20:00,20.85,0.00,PMXC6,RT
10/03/2024 02:30:00,20.85,0.00,PMXC6,RT
10/03/2024 02:40:00,20.85,0.00,PMXC6,RT
10/03/2024 02:50:00,20.85,0.00,PMXC6,RT
10/03/2024 03:00:00,20.89,0.00,PMXC6,RT
10/03/2024 03:10:00,20.85,0.00,PMXC6,RT
10/03/2024 03:20:00,20.85,0.00,PMXC6,RT
10/03/2024 03:30:00,20.85,0.00,PMXC6,RT
10/03/2024 03:40:00,20.80,0.00,PMXC6,RT
10/03/2024 03:50:00,20.85,0.00,PMXC6,RT
10/03/2024 04:00:00,20.80,0.00,PMXC6,RT
10/03/2024 04:10:00,20.85,0.00,PMXC6,RT
10/03/2024 04:20:00,20.85,0.00,PMXC6,RT
10/03/2024 04:30:00,20.85,0.00,PMXC6,RT
10/03/2024 04:40:00,20.76,0.00,PMXC6,RT
10/03/2024 04:50:00,20.80,0.00,PMXC6,RT
10/03/2024 05:00:00,20.80,0.00,PMXC6,RT
10/03/2024 05:10:00,20.80,0.00,PMXC6,RT
10/03/2024 05:20:00,20.85,0.00,PMXC6,RT
10/03/2024 05:30:00,20.80,0.00,PMXC6,RT
10/03/2024 05:40:00,20.85,0.00,PMXC6,RT
10/03/2024 05:50:00,20.80,0.00,PMXC6,RT
10/03/2024 06:00:00,20.85,0.00,PMXC6,RT
10/03/2024 06:10:00,20.85,0.00,PMXC6,RT
10/03/2024 06:20:00,20.85,0.00,PMXC6,RT
10/03/2024 06:30:00,20.85,0.00,PMXC6,RT
10/03/2024 06:40:00,20.80,0.00,PMXC6,RT
10/03/2024 06:50:00,20.89,0.00,PMXC6,RT
10/03/2024 07:00:00,20.89,0.00,PMXC6,RT
10/03/2024 07:10:00,20.85,0.00,PMXC6,RT
10/03/2024 07:20:00,20.80,0.00,PMXC6,RT
10/03/2024 07:30:00,20.80,0.00,PMXC6,RT
10/03/2024 07:40:00,20.85,0.00,PMXC6,RT
10/03/2024 07:50:00,20.85,0.00,PMXC6,RT
10/03/2024 08:00:00,20.80,0.00,PMXC6,RT
10/03/2024 08:10:00,20.85,0.00,PMXC6,RT
10/03/2024 08:20:00,20.89,0.00,PMXC6,RT
10/03/2024 08:30:00,20.85,0.00,PMXC6,RT
10/03/2024 08:40:00,20.85,0.00,PMXC6,RT
10/03/2024 08:50:00,20.89,0.00,PMXC6,RT
10/03/2024 09:00:00,20.89,0.00,PMXC6,RT
10/03/2024 09:10:00,20.85,0.00,PMXC6,RT
10/03/2024 09:20:00,20.89,0.00,PMXC6,RT
10/03/2024 09:30:00,20.85,0.00,PMXC6,RT
10/03/2024 09:40:00,20.89,0.00,PMXC6,RT
10/03/2024 09:50:00,20.85,0.00,PMXC6,RT
10/03/2024 10:00:00,20.85,0.00,PMXC6,RT
10/03/2024 10:10:00,20.89,0.00,PMXC6,RT
10/03/2024 10:20:00,20.93,0.00,PMXC6,RT
10/03/2024 10:30:00,20.93,0.00,PMXC6,RT
10/03/2024 10:40:00,20.93,0.00,PMXC6,RT
10/03/2024 10:50:00,20.93,0.00,PMXC6,RT
10/03/2024 11:00:00,20.98,0.00,PMXC6,RT
10/03/2024 11:10:00,21.02,0.00,PMXC6,RT
10/03/2024 11:20:00,20.93,0.00,PMXC6,RT
10/03/2024 11:30:00,20.98,0.00,PMXC6,RT
10/03/2024 11:40:00,20.98,0.00,PMXC6,RT
10/03/2024 11:50:00,21.02,0.00,PMXC6,RT
10/03/2024 12:00:00,21.02,0.00,PMXC6,RT
10/03/2024 12:10:00,21.06,0.00,PMXC6,RT
10/03/2024 12:20:00,20.98,0.00,PMXC6,RT
10/03/2024 12:30:00,21.02,0.00,PMXC6,RT
10/03/2024 12:40:00,21.02,0.00,PMXC6,RT
10/03/2024 12:50:00,21.02,0.00,PMXC6,RT
10/03/2024 13:00:00,21.10,0.00,PMXC6,RT
10/03/2024 13:10:00,21.06,0.00,PMXC6,RT
10/03/2024 13:20:00,21.15,0.00,PMXC6,RT
10/03/2024 13:30:00,21.10,0.00,PMXC6,RT
10/03/2024 13:40:00,21.10,0.00,PMXC6,RT
10/03/2024 13:50:00,21.10,0.00,PMXC6,RT
10/03/2024 14:00:00,21.10,0.00,PMXC6,RT
10/03/2024 14:10:00,21.10,0.00,PMXC6,RT
10/03/2024 14:20:00,21.10,0.00,PMXC6,RT
10/03/2024 14:30:00,21.10,0.00,PMXC6,RT
10/03/2024 14:40:00,21.15,0.00,PMXC6,RT
10/03/2024 14:50:00,21.10,0.00,PMXC6,RT
10/03/2024 15:00:00,21.15,0.00,PMXC6,RT
10/03/2024 15:10:00,21.15,0.00,PMXC6,RT
10/03/2024 15:20:00,21.15,0.00,PMXC6,RT
10/03/2024 15:30:00,21.15,0.00,PMXC6,RT
10/03/2024 15:40:00,21.06,0.00,PMXC6,RT
10/03/2024 15:50:00,21.06,0.00,PMXC6,RT
10/03/2024 16:00:00,21.06,0.00,PMXC6,RT
10/03/2024 16:10:00,21.06,0.00,PMXC6,RT
10/03/2024 16:20:00,20.98,0.00,PMXC6,RT
10/03/2024 16:30:00,20.85,0.00,PMXC6,RT
10/03/2024 16:40:00,20.85,0.00,PMXC6,RT
10/03/2024 16:50:00,20.85,0.00,PMXC6,RT
10/03/2024 17:00:00,20.85,0.20,PMXC6,RT
10/03/2024 17:10:00,20.89,0.00,PMXC6,RT
10/03/2024 17:20:00,20.89,0.00,PMXC6,RT
10/03/2024 17:30:00,20.85,0.00,PMXC6,RT
10/03/2024 17:40:00,20.85,0.00,PMXC6,RT
10/03/2024 17:50:00,20.76,0.00,PMXC6,RT
10/03/2024 18:00:00,20.72,0.00,PMXC6,RT
10/03/2024 18:10:00,20.72,0.00,PMXC6,RT
10/03/2024 18:20:00,20.72,0.00,PMXC6,RT
10/03/2024 18:30:00,20.72,0.00,PMXC6,RT
10/03/2024 18:40:00,20.68,0.00,PMXC6,RT
10/03/2024 18:50:00,20.72,0.00,PMXC6,RT
10/03/2024 19:00:00,20.72,0.00,PMXC6,RT
10/03/2024 19:10:00,20.68,0.00,PMXC6,RT
10/03/2024 19:20:00,20.72,0.00,PMXC6,RT
10/03/2024 19:30:00,20.68,0.00,PMXC6,RT
10/03/2024 19:40:00,20.72,0.00,PMXC6,RT
10/03/2024 19:50:00,20.76,0.00,PMXC6,RT
10/03/2024 20:00:00,20.76,0.00,PMXC6,RT
10/03/2024 20:10:00,20.76,0.00,PMXC6,RT
10/03/2024 20:20:00,20.72,0.00,PMXC6,RT
10/03/2024 20:30:00,20.72,0.00,PMXC6,RT
10/03/2024 20:40:00,20.76,0.00,PMXC6,RT
10/03/2024 20:50:00,20.72,0.00,PMXC6,RT
10/03/2024 21:00:00,20.76,0.00,PMXC6,RT
10/03/2024 21:10:00,20.72,0.00,PMXC6,RT
10/03/2024 21:20:00,20.76,0.00,PMXC6,RT
10/03/2024 21:30:00,20.76,0.00,PMXC6,RT
10/03/2024 21:40:00,20.72,0.00,PMXC6,RT
10/03/2024 21:50:00,20.76,0.00,PMXC6,RT
10/03/2024 22:00:00,20.76,0.00,PMXC6,RT
10/03/2024 22:10:00,20.72,0.00,PMXC6,RT
10/03/2024 22:20:00,20.68,0.00,PMXC6,RT
10/03/2024 22:30:00,20.68,0.00,PMXC6,RT
10/03/2024 22:40:00,20.72,0.00,PMXC6,RT
10/03/2024 22:50:00,20.72,0.00,PMXC6,RT
10/03/2024 23:00:00,20.68,0.00,PMXC6,RT
10/03/2024 23:10:00,20.68,0.00,PMXC6,RT
10/03/2024 23:20:00,20.72,0.00,PMXC6,RT
10/03/2024 23:30:00,20.68,0.00,PMXC6,RT
10/03/2024 23:40:00,20.76,0.00,PMXC6,RT
10/03/2024 23:50:00,20.72,0.00,PMXC6,RT
10/04/2024 00:00:00,20.68,0.00,PMXC6,RT
10/04/2024 00:10:00,20.72,0.00,PMXC6,RT
10/04/2024 00:20:00,20.76,0.00,PMXC6,RT
10/04/2024 00:30:00,20.72,0.00,PMXC6,RT
10/04/2024 00:40:00,20.76,0.00,PMXC6,RT
10/04/2024 00:50:00,20.76,0.00,PMXC6,RT
10/04/2024 01:00:00,20.76,0.00,PMXC6,RT
10/04/2024 01:10:00,20.76,0.00,PMXC6,RT
10/04/2024 01:20:00,20.72,0.00,PMXC6,RT
10/04/2024 01:30:00,20.76,0.00,PMXC6,RT
10/04/2024 01:40:00,20.76,0.00,PMXC6,RT
10/04/2024 01:50:00,20.76,0.00,PMXC6,RT
10/04/2024 02:00:00,20.76,0.00,PMXC6,RT
10/04/2024 02:10:00,20.80,0.00,PMXC6,RT
10/04/2024 02:20:00,20.80,0.00,PMXC6,RT
10/04/2024 02:30:00,20.80,0.00,PMXC6,RT
10/04/2024 02:40:00,20.76,0.00,PMXC6,RT
10/04/2024 02:50:00,20.80,0.00,PMXC6,RT
10/04/2024 03:00:00,20.80,0.00,PMXC6,RT
10/04/2024 03:10:00,20.85,0.00,PMXC6,RT
10/04/2024 03:20:00,20.80,0.00,PMXC6,RT
10/04/2024 03:30:00,20.76,0.00,PMXC6,RT
10/04/2024 03:40:00,20.80,0.00,PMXC6,RT
10/04/2024 03:50:00,20.76,0.00,PMXC6,RT
10/04/2024 04:00:00,20.72,0.00,PMXC6,RT
10/04/2024 04:10:00,20.80,0.00,PMXC6,RT
10/04/2024 04:20:00,20.80,0.00,PMXC6,RT
10/04/2024 04:30:00,20.80,0.00,PMXC6,RT
10/04/2024 04:40:00,20.76,0.00,PMXC6,RT
10/04/2024 04:50:00,20.76,0.00,PMXC6,RT
10/04/2024 05:00:00,20.76,0.00,PMXC6,RT
10/04/2024 05:10:00,20.76,0.00,PMXC6,RT
10/04/2024 05:20:00,20.80,0.00,PMXC6,RT
10/04/2024 05:30:00,20.85,0.00,PMXC6,RT
10/04/2024 05:40:00,20.80,0.00,PMXC6,RT
10/04/2024 05:50:00,20.85,0.00,PMXC6,RT
10/04/2024 06:00:00,20.85,0.00,PMXC6,RT
10/04/2024 06:10:00,20.80,0.00,PMXC6,RT
10/04/2024 06:20:00,20.89,0.00,PMXC6,RT
10/04/2024 06:30:00,20.80,0.00,PMXC6,RT
10/04/2024 06:40:00,20.85,0.00,PMXC6,RT
10/04/2024 06:50:00,20.89,0.00,PMXC6,RT
10/04/2024 07:00:00,20.85,0.00,PMXC6,RT
10/04/2024 07:10:00,20.85,0.00,PMXC6,RT
10/04/2024 07:20:00,20.85,0.00,PMXC6,RT
10/04/2024 07:30:00,20.85,0.00,PMXC6,RT
10/04/2024 07:40:00,20.89,0.00,PMXC6,RT
10/04/2024 07:50:00,20.85,0.00,PMXC6,RT
10/04/2024 08:00:00,20.85,0.00,PMXC6,RT
10/04/2024 08:10:00,20.89,0.00,PMXC6,RT
10/04/2024 08:20:00,20.89,0.00,PMXC6,RT
10/04/2024 08:30:00,20.85,0.00,PMXC6,RT
10/04/2024 08:40:00,20.93,0.00,PMXC6,RT
10/04/2024 08:50:00,20.85,0.00,PMXC6,RT
10/04/2024 09:00:00,20.93,0.00,PMXC6,RT
10/04/2024 09:10:00,20.89,0.00,PMXC6,RT
10/04/2024 09:20:00,20.93,0.00,PMXC6,RT
10/04/2024 09:30:00,20.98,0.00,PMXC6,RT
10/04/2024 09:40:00,20.98,0.00,PMXC6,RT
10/04/2024 09:50:00,21.02,0.00,PMXC6,RT
10/04/2024 10:00:00,20.98,0.00,PMXC6,RT
10/04/2024 10:10:00,20.98,0.00,PMXC6,RT
10/04/2024 10:20:00,20.98,0.00,PMXC6,RT
10/04/2024 10:30:00,21.02,0.00,PMXC6,RT
10/04/2024 10:40:00,21.02,0.00,PMXC6,RT
10/04/2024 10:50:00,21.06,0.00,PMXC6,RT
10/04/2024 11:00:00,21.06,0.20,PMXC6,RT
10/04/2024 11:10:00,21.06,0.00,PMXC6,RT
10/04/2024 11:20:00,21.06,178.00,PMXC6,RT
10/04/2024 11:30:00,21.23,178.00,PMXC6,RT
10/04/2024 11:40:00,21.28,178.00,PMXC6,RT
10/04/2024 11:50:00,21.32,178.00,PMXC6,RT
10/04/2024 12:00:00,21.32,178.00,PMXC6,RT
10/04/2024 12:10:00,21.36,178.00,PMXC6,RT
10/04/2024 12:20:00,21.40,178.00,PMXC6,RT
10/04/2024 12:30:00,21.49,0.00,PMXC6,RT
10/04/2024 12:40:00,21.53,0.00,PMXC6,RT
10/04/2024 12:50:00,21.49,0.00,PMXC6,RT
10/04/2024 13:00:00,21.49,0.00,PMXC6,RT
10/04/2024 13:10:00,21.45,0.00,PMXC6,RT
10/04/2024 13:20:00,21.45,0.00,PMXC6,RT
10/04/2024 13:30:00,21.49,0.00,PMXC6,RT
10/04/2024 13:40:00,21.45,0.00,PMXC6,RT
10/04/2024 13:50:00,21.40,0.00,PMXC6,RT
10/04/2024 14:00:00,21.32,0.00,PMXC6,RT
10/04/2024 14:10:00,21.36,0.00,PMXC6,RT
10/04/2024 14:20:00,21.36,0.00,PMXC6,RT
10/04/2024 14:30:00,21.40,0.00,PMXC6,RT
10/04/2024 14:40:00,21.40,0.00,PMXC6,RT
10/04/2024 14:50:00,21.40,0.00,PMXC6,RT
10/04/2024 15:00:00,21.45,0.00,PMXC6,RT
10/04/2024 15:10:00,21.49,0.00,PMXC6,RT
10/04/2024 15:20:00,21.49,0.00,PMXC6,RT
10/04/2024 15:30:00,21.49,0.00,PMXC6,RT
10/04/2024 15:40:00,21.58,0.00,PMXC6,RT
10/04/2024 15:50:00,21.58,0.00,PMXC6,RT
10/04/2024 16:00:00,21.58,0.00,PMXC6,RT
10/04/2024 16:10:00,21.62,0.00,PMXC6,RT
10/04/2024 16:20:00,21.58,0.00,PMXC6,RT
10/04/2024 16:30:00,21.62,0.00,PMXC6,RT
10/04/2024 16:40:00,21.62,0.00,PMXC6,RT
10/04/2024 16:50:00,21.66,0.00,PMXC6,RT
10/04/2024 17:00:00,21.62,0.00,PMXC6,RT
10/04/2024 17:10:00,21.58,0.00,PMXC6,RT
10/04/2024 17:20:00,21.58,0.00,PMXC6,RT
10/04/2024 17:30:00,21.62,0.00,PMXC6,RT
10/04/2024 17:40:00,21.58,0.00,PMXC6,RT
10/04/2024 17:50:00,21.58,0.00,PMXC6,RT
10/04/2024 18:00:00,21.58,0.00,PMXC6,RT
10/04/2024 18:10:00,21.49,0.00,PMXC6,RT
10/04/2024 18:20:00,21.53,0.00,PMXC6,RT
10/04/2024 18:30:00,21.58,0.00,PMXC6,RT
10/04/2024 18:40:00,21.49,0.00,PMXC6,RT
10/04/2024 18:50:00,21.49,0.00,PMXC6,RT
10/04/2024 19:00:00,21.49,0.00,PMXC6,RT
10/04/2024 19:10:00,21.45,0.00,PMXC6,RT
10/04/2024 19:20:00,21.45,0.00,PMXC6,RT
10/04/2024 19:30:00,21.45,0.00,PMXC6,RT
10/04/2024 19:40:00,21.45,0.00,PMXC6,RT
10/04/2024 19:50:00,21.45,0.00,PMXC6,RT
10/04/2024 20:00:00,21.40,0.00,PMXC6,RT
10/04/2024 20:10:00,21.40,0.00,PMXC6,RT
10/04/2024 20:20:00,21.36,0.00,PMXC6,RT
10/04/2024 20:30:00,21.36,0.00,PMXC6,RT
10/04/2024 20:40:00,21.36,0.00,PMXC6,RT
10/04/2024 20:50:00,21.36,0.00,PMXC6,RT
10/04/2024 21:00:00,21.32,0.00,PMXC6,RT
10/04/2024 21:10:00,21.28,0.00,PMXC6,RT
10/04/2024 21:20:00,21.28,0.00,PMXC6,RT
10/04/2024 21:30:00,21.23,0.00,PMXC6,RT
10/04/2024 21:40:00,21.23,0.00,PMXC6,RT
10/04/2024 21:50:00,21.23,0.00,PMXC6,RT
10/04/2024 22:00:00,21.19,0.00,PMXC6,RT
10/04/2024 22:10:00,21.19,0.00,PMXC6,RT
10/04/2024 22:20:00,21.19,0.00,PMXC6,RT
10/04/2024 22:30:00,21.19,0.00,PMXC6,RT
10/04/2024 22:40:00,21.15,0.00,PMXC6,RT
10/04/2024 22:50:00,21.15,0.00,PMXC6,RT
10/04/2024 23:00:00,21.10,0.00,PMXC6,RT
10/04/2024 23:10:00,21.10,0.00,PMXC6,RT
10/04/2024 23:20:00,21.06,0.00,PMXC6,RT
10/04/2024 23:30:00,21.02,0.00,PMXC6,RT
10/04/2024 23:40:00,21.06,0.00,PMXC6,RT
10/04/2024 23:50:00,21.06,0.00,PMXC6,RT
10/05/2024 00:00:00,21.06,0.00,PMXC6,RT
10/05/2024 00:10:00,21.06,0.00,PMXC6,RT
10/05/2024 00:20:00,21.06,0.00,PMXC6,RT
10/05/2024 00:30:00,21.06,0.00,PMXC6,RT
10/05/2024 00:40:00,21.06,0.00,PMXC6,RT
10/05/2024 00:50:00,21.06,0.00,PMXC6,RT
10/05/2024 01:00:00,21.02,0.00,PMXC6,RT
10/05/2024 01:10:00,21.02,0.00,PMXC6,RT
10/05/2024 01:20:00,21.02,0.00,PMXC6,RT
10/05/2024 01:30:00,20.98,0.00,PMXC6,RT
10/05/2024 01:40:00,21.02,0.00,PMXC6,RT
10/05/2024 01:50:00,20.93,0.00,PMXC6,RT
10/05/2024 02:00:00,20.98,0.00,PMXC6,RT
10/05/2024 02:10:00,20.98,0.00,PMXC6,RT
10/05/2024 02:20:00,20.93,0.00,PMXC6,RT
10/05/2024 02:30:00,20.98,0.00,PMXC6,RT
10/05/2024 02:40:00,20.93,0.00,PMXC6,RT
10/05/2024 02:50:00,20.93,0.00,PMXC6,RT
10/05/2024 03:00:00,20.93,0.00,PMXC6,RT
10/05/2024 03:10:00,20.93,0.00,PMXC6,RT
10/05/2024 03:20:00,20.93,0.00,PMXC6,RT
10/05/2024 03:30:00,20.93,0.00,PMXC6,RT
10/05/2024 03:40:00,20.93,0.00,PMXC6,RT
10/05/2024 03:50:00,20.93,0.00,PMXC6,RT
10/05/2024 04:00:00,20.93,0.00,PMXC6,RT
10/05/2024 04:10:00,20.93,0.00,PMXC6,RT
10/05/2024 04:20:00,20.93,0.00,PMXC6,RT
10/05/2024 04:30:00,20.93,0.00,PMXC6,RT
10/05/2024 04:40:00,20.93,0.00,PMXC6,RT
10/05/2024 04:50:00,20.98,0.00,PMXC6,RT
10/05/2024 05:00:00,20.93,0.00,PMXC6,RT
10/05/2024 05:10:00,20.93,0.00,PMXC6,RT
10/05/2024 05:20:00,20.93,0.00,PMXC6,RT
10/05/2024 05:30:00,20.98,0.00,PMXC6,RT
10/05/2024 05:40:00,20.93,0.00,PMXC6,RT
10/05/2024 05:50:00,20.93,0.00,PMXC6,RT
10/05/2024 06:00:00,20.93,0.00,PMXC6,RT
10/05/2024 06:10:00,20.98,0.00,PMXC6,RT
10/05/2024 06:20:00,20.93,0.00,PMXC6,RT
10/05/2024 06:30:00,20.98,0.00,PMXC6,RT
10/05/2024 06:40:00,20.93,0.00,PMXC6,RT
10/05/2024 06:50:00,20.93,0.00,PMXC6,RT
10/05/2024 07:00:00,20.98,0.00,PMXC6,RT
10/05/2024 07:10:00,20.93,0.00,PMXC6,RT
10/05/2024 07:20:00,20.93,0.00,PMXC6,RT
10/05/2024 07:30:00,20.98,0.00,PMXC6,RT
10/05/2024 07:40:00,20.93,0.00,PMXC6,RT
10/05/2024 07:50:00,20.93,0.00,PMXC6,RT
10/05/2024 08:00:00,20.98,0.00,PMXC6,RT
10/05/2024 08:10:00,20.98,0.00,PMXC6,RT
10/05/2024 08:20:00,20.98,0.00,PMXC6,RT
10/05/2024 08:30:00,21.02,0.00,PMXC6,RT
10/05/2024 08:40:00,20.98,0.00,PMXC6,RT
10/05/2024 08:50:00,20.98,0.00,PMXC6,RT
10/05/2024 09:00:00,20.93,0.00,PMXC6,RT
10/05/2024 09:10:00,20.98,0.00,PMXC6,RT
10/05/2024 09:20:00,20.98,0.00,PMXC6,RT
10/05/2024 09:30:00,20.98,0.00,PMXC6,RT
10/05/2024 09:40:00,20.93,0.00,PMXC6,RT
10/05/2024 09:50:00,20.98,0.00,PMXC6,RT
10/05/2024 10:00:00,21.02,0.00,PMXC6,RT
10/05/2024 10:10:00,21.02,0.00,PMXC6,RT
10/05/2024 10:20:00,20.93,0.00,PMXC6,RT
10/05/2024 10:30:00,20.98,0.00,PMXC6,RT
10/05/2024 10:40:00,20.93,0.00,PMXC6,RT
10/05/2024 10:50:00,20.93,0.00,PMXC6,RT
10/05/2024 11:00:00,20.93,0.00,PMXC6,RT
10/05/2024 11:10:00,20.93,0.00,PMXC6,RT
10/05/2024 11:20:00,20.93,0.00,PMXC6,RT
10/05/2024 11:30:00,20.98,0.00,PMXC6,RT
10/05/2024 11:40:00,20.93,0.00,PMXC6,RT
10/05/2024 11:50:00,20.93,0.00,PMXC6,RT
10/05/2024 12:00:00,20.93,0.00,PMXC6,RT
10/05/2024 12:10:00,20.89,0.00,PMXC6,RT
10/05/2024 12:20:00,20.93,0.00,PMXC6,RT
10/05/2024 12:30:00,20.93,0.00,PMXC6,RT
10/05/2024 12:40:00,20.98,0.00,PMXC6,RT
10/05/2024 12:50:00,20.98,0.00,PMXC6,RT
10/05/2024 13:00:00,20.93,0.00,PMXC6,RT
10/05/2024 13:10:00,20.93,0.00,PMXC6,RT
10/05/2024 13:20:00,20.98,0.00,PMXC6,RT
10/05/2024 13:30:00,21.02,0.00,PMXC6,RT
10/05/2024 13:40:00,20.93,0.00,PMXC6,RT
10/05/2024 13:50:00,20.93,0.00,PMXC6,RT
10/05/2024 14:00:00,20.93,0.00,PMXC6,RT
10/05/2024 14:10:00,20.98,0.00,PMXC6,RT
10/05/2024 14:20:00,20.98,0.00,PMXC6,RT
10/05/2024 14:30:00,20.93,0.00,PMXC6,RT
10/05/2024 14:40:00,20.98,0.00,PMXC6,RT
10/05/2024 14:50:00,20.98,0.00,PMXC6,RT
10/05/2024 15:00:00,20.93,0.00,PMXC6,RT
10/05/2024 15:10:00,20.98,0.00,PMXC6,RT
10/05/2024 15:20:00,20.93,0.00,PMXC6,RT
10/05/2024 15:30:00,20.89,0.00,PMXC6,RT
10/05/2024 15:40:00,20.89,0.00,PMXC6,RT
10/05/2024 15:50:00,20.89,0.00,PMXC6,RT
10/05/2024 16:00:00,20.89,0.00,PMXC6,RT
10/05/2024 16:10:00,20.85,0.00,PMXC6,RT
10/05/2024 16:20:00,20.89,0.00,PMXC6,RT
10/05/2024 16:30:00,20.85,0.00,PMXC6,RT
10/05/2024 16:40:00,20.85,0.00,PMXC6,RT
10/05/2024 16:50:00,20.89,0.00,PMXC6,RT
10/05/2024 17:00:00,20.80,0.00,PMXC6,RT
10/05/2024 17:10:00,20.80,0.00,PMXC6,RT
10/05/2024 17:20:00,20.85,0.00,PMXC6,RT
10/05/2024 17:30:00,20.85,0.00,PMXC6,RT
10/05/2024 17:40:00,20.80,0.00,PMXC6,RT
10/05/2024 17:50:00,20.80,0.00,PMXC6,RT
10/05/2024 18:00:00,20.80,0.00,PMXC6,RT
10/05/2024 18:10:00,20.80,0.00,PMXC6,RT
10/05/2024 18:20:00,20.80,0.00,PMXC6,RT
10/05/2024 18:30:00,20.80,0.00,PMXC6,RT
10/05/2024 18:40:00,20.76,0.00,PMXC6,RT
10/05/2024 18:50:00,20.80,0.00,PMXC6,RT
10/05/2024 19:00:00,20.76,0.00,PMXC6,RT
10/05/2024 19:10:00,20.80,0.00,PMXC6,RT
10/05/2024 19:20:00,20.80,0.00,PMXC6,RT
10/05/2024 19:30:00,20.72,0.00,PMXC6,RT
10/05/2024 19:40:00,20.85,0.00,PMXC6,RT
10/05/2024 19:50:00,20.76,0.00,PMXC6,RT
10/05/2024 20:00:00,20.76,0.00,PMXC6,RT
10/05/2024 20:10:00,20.76,0.00,PMXC6,RT
10/05/2024 20:20:00,20.80,0.00,PMXC6,RT
10/05/2024 20:30:00,20.76,0.00,PMXC6,RT
10/05/2024 20:40:00,20.80,0.00,PMXC6,RT
10/05/2024 20:50:00,20.76,0.00,PMXC6,RT
10/05/2024 21:00:00,20.80,0.00,PMXC6,RT
10/05/2024 21:10:00,20.76,0.00,PMXC6,RT
10/05/2024 21:20:00,20.76,0.00,PMXC6,RT
10/05/2024 21:30:00,20.76,0.00,PMXC6,RT
10/05/2024 21:40:00,20.72,0.00,PMXC6,RT
10/05/2024 21:50:00,20.72,0.00,PMXC6,RT
10/05/2024 22:00:00,20.72,0.00,PMXC6,RT
10/05/2024 22:10:00,20.76,0.00,PMXC6,RT
10/05/2024 22:20:00,20.80,0.00,PMXC6,RT
10/05/2024 22:30:00,20.80,0.00,PMXC6,RT
10/05/2024 22:40:00,20.76,0.00,PMXC6,RT
10/05/2024 22:50:00,20.76,0.00,PMXC6,RT
10/05/2024 23:00:00,20.80,0.00,PMXC6,RT
10/05/2024 23:10:00,20.76,0.00,PMXC6,RT
10/05/2024 23:20:00,20.80,0.00,PMXC6,RT
10/05/2024 23:30:00,20.76,0.00,PMXC6,RT
10/05/2024 23:40:00,20.76,0.00,PMXC6,RT
10/05/2024 23:50:00,20.76,0.00,PMXC6,RT
10/06/2024 00:00:00,20.76,0.00,PMXC6,RT
10/06/2024 00:10:00,20.72,0.00,PMXC6,RT
10/06/2024 00:20:00,20.80,0.00,PMXC6,RT
10/06/2024 00:30:00,20.80,0.00,PMXC6,RT
10/06/2024 00:40:00,20.76,0.00,PMXC6,RT
10/06/2024 00:50:00,20.76,0.00,PMXC6,RT
10/06/2024 01:00:00,20.76,0.00,PMXC6,RT
10/06/2024 01:10:00,20.80,0.00,PMXC6,RT
10/06/2024 01:20:00,20.80,0.00,PMXC6,RT
10/06/2024 01:30:00,20.76,0.00,PMXC6,RT
10/06/2024 01:40:00,20.80,0.00,PMXC6,RT
10/06/2024 01:50:00,20.76,0.00,PMXC6,RT
10/06/2024 02:00:00,20.80,0.00,PMXC6,RT
10/06/2024 02:10:00,20.80,0.00,PMXC6,RT
10/06/2024 02:20:00,20.85,0.00,PMXC6,RT
10/06/2024 02:30:00,20.80,0.00,PMXC6,RT
10/06/2024 02:40:00,20.80,0.00,PMXC6,RT
10/06/2024 02:50:00,20.80,0.00,PMXC6,RT
10/06/2024 03:00:00,20.80,0.00,PMXC6,RT
10/06/2024 03:10:00,20.85,0.00,PMXC6,RT
10/06/2024 03:20:00,20.85,0.00,PMXC6,RT
10/06/2024 03:30:00,20.85,0.00,PMXC6,RT
10/06/2024 03:40:00,20.85,0.00,PMXC6,RT
10/06/2024 03:50:00,20.85,0.00,PMXC6,RT
10/06/2024 04:00:00,20.85,0.00,PMXC6,RT
10/06/2024 04:10:00,20.85,0.00,PMXC6,RT
10/06/2024 04:20:00,20.85,0.00,PMXC6,RT
10/06/2024 04:30:00,20.85,0.00,PMXC6,RT
10/06/2024 04:40:00,20.85,0.00,PMXC6,RT
10/06/2024 04:50:00,20.85,0.00,PMXC6,RT
10/06/2024 05:00:00,20.85,0.00,PMXC6,RT
10/06/2024 05:10:00,20.85,0.00,PMXC6,RT
10/06/2024 05:20:00,20.85,0.00,PMXC6,RT
10/06/2024 05:30:00,20.89,0.00,PMXC6,RT
10/06/2024 05:40:00,20.85,0.00,PMXC6,RT
10/06/2024 05:50:00,20.93,0.00,PMXC6,RT
10/06/2024 06:00:00,20.89,0.00,PMXC6,RT
10/06/2024 06:10:00,20.85,0.00,PMXC6,RT
10/06/2024 06:20:00,20.85,0.00,PMXC6,RT
10/06/2024 06:30:00,20.89,0.00,PMXC6,RT
10/06/2024 06:40:00,20.93,0.00,PMXC6,RT
10/06/2024 06:50:00,20.89,0.00,PMXC6,RT
10/06/2024 07:00:00,20.89,0.00,PMXC6,RT
10/06/2024 07:10:00,20.89,0.00,PMXC6,RT
10/06/2024 07:20:00,20.89,0.00,PMXC6,RT
10/06/2024 07:30:00,20.93,0.00,PMXC6,RT
10/06/2024 07:40:00,20.89,0.00,PMXC6,RT
10/06/2024 07:50:00,20.89,0.00,PMXC6,RT
10/06/2024 08:00:00,20.93,0.00,PMXC6,RT
10/06/2024 08:10:00,20.89,0.00,PMXC6,RT
10/06/2024 08:20:00,20.89,0.00,PMXC6,RT
10/06/2024 08:30:00,20.93,0.00,PMXC6,RT
10/06/2024 08:40:00,20.93,0.00,PMXC6,RT
10/06/2024 08:50:00,20.89,0.00,PMXC6,RT
10/06/2024 09:00:00,20.89,0.00,PMXC6,RT
10/06/2024 09:10:00,20.93,0.00,PMXC6,RT
10/06/2024 09:20:00,20.89,0.00,PMXC6,RT
10/06/2024 09:30:00,20.93,0.00,PMXC6,RT
10/06/2024 09:40:00,20.98,0.00,PMXC6,RT
10/06/2024 09:50:00,20.93,0.00,PMXC6,RT
10/06/2024 10:00:00,20.93,0.00,PMXC6,RT
10/06/2024 10:10:00,20.98,0.00,PMXC6,RT
10/06/2024 10:20:00,20.89,0.00,PMXC6,RT
10/06/2024 10:30:00,20.89,0.00,PMXC6,RT
10/06/2024 10:40:00,20.89,0.00,PMXC6,RT
10/06/2024 10:50:00,20.89,0.00,PMXC6,RT
10/06/2024 11:00:00,20.89,0.00,PMXC6,RT
10/06/2024 11:10:00,20.89,0.00,PMXC6,RT
10/06/2024 11:20:00,20.89,0.00,PMXC6,RT
10/06/2024 11:30:00,20.89,0.00,PMXC6,RT
10/06/2024 11:40:00,20.85,0.00,PMXC6,RT
10/06/2024 11:50:00,20.85,0.00,PMXC6,RT
10/06/2024 12:00:00,20.89,0.00,PMXC6,RT
10/06/2024 12:10:00,20.85,0.00,PMXC6,RT
10/06/2024 12:20:00,20.85,0.00,PMXC6,RT
10/06/2024 12:30:00,20.85,0.00,PMXC6,RT
10/06/2024 12:40:00,20.85,0.00,PMXC6,RT
10/06/2024 12:50:00,20.85,0.00,PMXC6,RT
10/06/2024 13:00:00,20.85,0.00,PMXC6,RT
10/06/2024 13:10:00,20.85,0.00,PMXC6,RT
10/06/2024 13:20:00,20.80,0.00,PMXC6,RT
10/06/2024 13:30:00,20.80,0.00,PMXC6,RT
10/06/2024 13:40:00,20.85,0.00,PMXC6,RT
10/06/2024 13:50:00,20.85,0.00,PMXC6,RT
10/06/2024 14:00:00,20.85,0.00,PMXC6,RT
10/06/2024 14:10:00,20.80,0.00,PMXC6,RT
10/06/2024 14:20:00,20.85,0.00,PMXC6,RT
10/06/2024 14:30:00,20.85,0.00,PMXC6,RT
10/06/2024 14:40:00,20.85,0.00,PMXC6,RT
10/06/2024 14:50:00,20.80,0.00,PMXC6,RT
10/06/2024 15:00:00,20.80,0.00,PMXC6,RT
10/06/2024 15:10:00,20.85,0.00,PMXC6,RT
10/06/2024 15:20:00,20.80,0.00,PMXC6,RT
10/06/2024 15:30:00,20.85,0.00,PMXC6,RT
10/06/2024 15:40:00,20.85,0.00,PMXC6,RT
10/06/2024 15:50:00,20.85,0.00,PMXC6,RT
10/06/2024 16:00:00,20.85,0.00,PMXC6,RT
10/06/2024 16:10:00,20.85,0.00,PMXC6,RT
10/06/2024 16:20:00,20.85,0.00,PMXC6,RT
10/06/2024 16:30:00,20.89,0.00,PMXC6,RT
10/06/2024 16:40:00,20.89,0.00,PMXC6,RT
10/06/2024 16:50:00,20.85,0.00,PMXC6,RT
10/06/2024 17:00:00,20.85,0.00,PMXC6,RT
10/06/2024 17:10:00,20.89,0.00,PMXC6,RT
10/06/2024 17:20:00,20.89,0.00,PMXC6,RT
10/06/2024 17:30:00,20.89,0.00,PMXC6,RT
10/06/2024 17:40:00,20.85,0.00,PMXC6,RT
10/06/2024 17:50:00,20.85,0.00,PMXC6,RT
10/06/2024 18:00:00,20.93,0.00,PMXC6,RT
10/06/2024 18:10:00,20.89,0.00,PMXC6,RT
10/06/2024 18:20:00,20.89,0.00,PMXC6,RT
10/06/2024 18:30:00,20.89,0.00,PMXC6,RT
10/06/2024 18:40:00,20.93,0.00,PMXC6,RT
10/06/2024 18:50:00,20.89,0.00,PMXC6,RT
10/06/2024 19:00:00,20.93,0.00,PMXC6,RT
10/06/2024 19:10:00,20.93,0.00,PMXC6,RT
10/06/2024 19:20:00,20.93,0.00,PMXC6,RT
10/06/2024 19:30:00,20.93,0.00,PMXC6,RT
10/06/2024 19:40:00,20.93,0.00,PMXC6,RT
10/06/2024 19:50:00,20.93,0.00,PMXC6,RT
10/06/2024 20:00:00,20.98,0.00,PMXC6,RT
10/06/2024 20:10:00,21.02,0.00,PMXC6,RT
10/06/2024 20:20:00,20.93,0.00,PMXC6,RT
10/06/2024 20:30:00,20.93,0.00,PMXC6,RT
10/06/2024 20:40:00,20.93,0.00,PMXC6,RT
10/06/2024 20:50:00,20.98,0.00,PMXC6,RT
10/06/2024 21:00:00,20.98,0.00,PMXC6,RT
10/06/2024 21:10:00,20.98,0.00,PMXC6,RT
10/06/2024 21:20:00,20.93,0.00,PMXC6,RT
10/06/2024 21:30:00,20.93,0.00,PMXC6,RT
10/06/2024 21:40:00,20.93,0.00,PMXC6,RT
10/06/2024 21:50:00,20.98,0.00,PMXC6,RT
10/06/2024 22:00:00,20.98,0.00,PMXC6,RT
10/06/2024 22:10:00,20.93,0.00,PMXC6,RT
10/06/2024 22:20:00,20.93,0.00,PMXC6,RT
10/06/2024 22:30:00,20.98,0.00,PMXC6,RT
10/06/2024 22:40:00,20.98,0.00,PMXC6,RT
10/06/2024 22:50:00,20.93,0.00,PMXC6,RT
10/06/2024 23:00:00,20.89,0.00,PMXC6,RT
10/06/2024 23:10:00,20.89,0.00,PMXC6,RT
10/06/2024 23:20:00,20.98,0.00,PMXC6,RT
10/06/2024 23:30:00,20.89,0.00,PMXC6,RT
10/06/2024 23:40:00,20.93,0.00,PMXC6,RT
10/06/2024 23:50:00,20.89,0.00,PMXC6,RT
10/07/2024 00:00:00,20.93,0.00,PMXC6,RT
10/07/2024 00:10:00,20.93,0.00,PMXC6,RT
10/07/2024 00:20:00,20.89,0.00,PMXC6,RT
10/07/2024 00:30:00,20.93,0.00,PMXC6,RT
10/07/2024 00:40:00,20.89,0.00,PMXC6,RT
10/07/2024 00:50:00,20.89,0.00,PMXC6,RT
10/07/2024 01:00:00,20.85,0.00,PMXC6,RT
10/07/2024 01:10:00,20.89,0.00,PMXC6,RT
10/07/2024 01:20:00,20.89,0.00,PMXC6,RT
10/07/2024 01:30:00,20.89,0.00,PMXC6,RT
10/07/2024 01:40:00,20.89,0.00,PMXC6,RT
10/07/2024 01:50:00,20.89,0.00,PMXC6,RT
10/07/2024 02:00:00,20.89,0.00,PMXC6,RT
10/07/2024 02:10:00,20.85,0.00,PMXC6,RT
10/07/2024 02:20:00,20.85,0.00,PMXC6,RT
10/07/2024 02:30:00,20.85,0.00,PMXC6,RT
10/07/2024 02:40:00,20.85,0.00,PMXC6,RT
10/07/2024 02:50:00,20.89,0.00,PMXC6,RT
10/07/2024 03:00:00,20.85,0.00,PMXC6,RT
10/07/2024 03:10:00,20.85,0.00,PMXC6,RT
10/07/2024 03:20:00,20.85,0.00,PMXC6,RT
10/07/2024 03:30:00,20.89,0.00,PMXC6,RT
10/07/2024 03:40:00,20.85,0.00,PMXC6,RT
10/07/2024 03:50:00,20.89,0.00,PMXC6,RT
10/07/2024 04:00:00,20.89,0.00,PMXC6,RT
10/07/2024 04:10:00,20.85,0.00,PMXC6,RT
10/07/2024 04:20:00,20.85,0.00,PMXC6,RT
10/07/2024 04:30:00,20.85,0.00,PMXC6,RT
10/07/2024 04:40:00,20.85,0.00,PMXC6,RT
10/07/2024 04:50:00,20.89,0.00,PMXC6,RT
10/07/2024 05:00:00,20.85,0.00,PMXC6,RT
10/07/2024 05:10:00,20.85,0.00,PMXC6,RT
10/07/2024 05:20:00,20.85,0.00,PMXC6,RT
10/07/2024 05:30:00,20.89,0.00,PMXC6,RT
10/07/2024 05:40:00,20.89,0.00,PMXC6,RT
10/07/2024 05:50:00,20.89,0.00,PMXC6,RT
10/07/2024 06:00:00,20.89,0.00,PMXC6,RT
10/07/2024 06:10:00,20.89,0.00,PMXC6,RT
10/07/2024 06:20:00,20.89,0.00,PMXC6,RT
10/07/2024 06:30:00,20.89,0.00,PMXC6,RT
10/07/2024 06:40:00,20.89,0.00,PMXC6,RT
10/07/2024 06:50:00,20.89,0.00,PMXC6,RT
10/07/2024 07:00:00,20.89,0.00,PMXC6,RT
10/07/2024 07:10:00,20.93,0.00,PMXC6,RT
10/07/2024 07:20:00,20.93,0.00,PMXC6,RT
10/07/2024 07:30:00,20.98,0.00,PMXC6,RT
10/07/2024 07:40:00,20.93,0.00,PMXC6,RT
10/07/2024 07:50:00,20.93,0.00,PMXC6,RT
10/07/2024 08:00:00,20.98,0.00,PMXC6,RT
10/07/2024 08:10:00,20.93,0.00,PMXC6,RT
10/07/2024 08:20:00,20.98,0.00,PMXC6,RT
10/07/2024 08:30:00,20.98,0.00,PMXC6,RT
10/07/2024 08:40:00,20.93,0.00,PMXC6,RT
10/07/2024 08:50:00,21.02,0.00,PMXC6,RT
10/07/2024 09:00:00,20.98,0.00,PMXC6,RT
10/07/2024 09:10:00,20.98,0.00,PMXC6,RT
10/07/2024 09:20:00,20.98,0.00,PMXC6,RT
10/07/2024 09:30:00,20.98,0.00,PMXC6,RT
10/07/2024 09:40:00,21.02,0.00,PMXC6,RT
10/07/2024 09:50:00,20.98,0.00,PMXC6,RT
10/07/2024 10:00:00,21.06,0.00,PMXC6,RT
10/07/2024 10:10:00,21.06,0.00,PMXC6,RT
10/07/2024 10:20:00,21.06,0.00,PMXC6,RT
10/07/2024 10:30:00,21.06,0.00,PMXC6,RT
10/07/2024 10:40:00,21.06,0.00,PMXC6,RT
10/07/2024 10:50:00,21.06,0.00,PMXC6,RT
10/07/2024 11:00:00,21.15,0.00,PMXC6,RT
10/07/2024 11:10:00,21.15,0.00,PMXC6,RT
10/07/2024 11:20:00,21.32,185.68,PMXC6,RT
10/07/2024 11:30:00,21.58,185.68,PMXC6,RT
10/07/2024 11:40:00,21.66,185.68,PMXC6,RT
10/07/2024 11:50:00,21.58,185.68,PMXC6,RT
10/07/2024 12:00:00,21.62,185.68,PMXC6,RT
10/07/2024 12:10:00,21.58,185.68,PMXC6,RT
10/07/2024 12:20:00,21.53,185.68,PMXC6,RT
10/07/2024 12:30:00,21.58,184.00,PMXC6,RT
08/29/2024 09:00:00,20.98,161.76,PMXC6,VT
08/29/2024 09:10:00,21.23,215.20,PMXC6,VT
08/29/2024 09:20:00,21.19,215.20,PMXC6,VT
08/29/2024 09:30:00,21.19,215.20,PMXC6,VT
08/29/2024 09:40:00,21.19,215.20,PMXC6,VT
08/29/2024 09:50:00,21.15,215.20,PMXC6,VT
08/29/2024 10:00:00,21.15,214.32,PMXC6,VT
08/29/2024 10:10:00,21.10,214.32,PMXC6,VT
08/29/2024 10:20:00,21.15,214.32,PMXC6,VT
08/29/2024 10:30:00,21.19,214.32,PMXC6,VT
08/29/2024 10:40:00,21.15,214.32,PMXC6,VT
08/29/2024 10:50:00,21.15,214.32,PMXC6,VT
08/29/2024 11:00:00,21.15,214.32,PMXC6,VT
08/29/2024 11:10:00,21.19,215.20,PMXC6,VT
08/29/2024 11:20:00,21.19,214.32,PMXC6,VT
08/29/2024 11:30:00,21.23,214.32,PMXC6,VT
08/29/2024 11:40:00,21.23,214.32,PMXC6,VT
08/29/2024 11:50:00,21.23,214.32,PMXC6,VT
08/29/2024 12:00:00,21.28,214.32,PMXC6,VT
08/29/2024 12:10:00,23.64,0.00,PMXC6,VT
08/29/2024 12:20:00,22.31,0.00,PMXC6,VT
08/29/2024 12:30:00,22.31,0.00,PMXC6,VT
08/29/2024 12:40:00,23.25,0.00,PMXC6,VT
08/29/2024 12:50:00,23.81,0.00,PMXC6,VT
08/29/2024 13:00:00,24.24,0.00,PMXC6,VT
08/29/2024 13:10:00,24.54,0.00,PMXC6,VT
08/29/2024 13:20:00,24.79,0.00,PMXC6,VT
08/29/2024 13:30:00,24.97,0.00,PMXC6,VT
08/29/2024 13:40:00,25.18,0.00,PMXC6,VT
08/29/2024 13:50:00,25.35,0.00,PMXC6,VT
08/29/2024 14:00:00,25.52,0.00,PMXC6,VT
08/29/2024 14:10:00,25.69,0.00,PMXC6,VT
08/29/2024 14:20:00,25.87,0.00,PMXC6,VT
08/29/2024 14:30:00,25.99,0.00,PMXC6,VT
08/29/2024 14:40:00,26.17,0.00,PMXC6,VT
08/29/2024 14:50:00,26.34,0.00,PMXC6,VT
08/29/2024 15:00:00,26.51,0.00,PMXC6,VT
08/29/2024 15:10:00,26.72,0.00,PMXC6,VT
08/29/2024 15:20:00,26.81,0.00,PMXC6,VT
08/29/2024 15:30:00,26.94,0.00,PMXC6,VT
08/29/2024 15:40:00,27.15,0.00,PMXC6,VT
08/29/2024 15:50:00,27.28,0.00,PMXC6,VT
08/29/2024 16:00:00,27.41,0.00,PMXC6,VT
08/29/2024 16:10:00,27.54,0.00,PMXC6,VT
08/29/2024 16:20:00,27.75,0.00,PMXC6,VT
08/29/2024 16:30:00,27.93,0.00,PMXC6,VT
08/29/2024 16:40:00,28.05,0.00,PMXC6,VT
08/29/2024 16:50:00,28.18,0.00,PMXC6,VT
08/29/2024 17:00:00,28.40,0.00,PMXC6,VT
08/29/2024 17:10:00,28.48,0.00,PMXC6,VT
08/29/2024 17:20:00,28.61,0.00,PMXC6,VT
08/29/2024 17:30:00,28.78,0.00,PMXC6,VT
08/29/2024 17:40:00,28.95,0.00,PMXC6,VT
08/29/2024 17:50:00,29.13,0.00,PMXC6,VT
08/29/2024 18:00:00,29.17,0.00,PMXC6,VT
08/29/2024 18:10:00,29.38,0.00,PMXC6,VT
08/29/2024 18:20:00,29.51,0.00,PMXC6,VT
08/29/2024 18:30:00,29.64,0.00,PMXC6,VT
08/29/2024 18:40:00,29.73,0.00,PMXC6,VT
08/29/2024 18:50:00,29.68,0.00,PMXC6,VT
08/29/2024 19:00:00,29.56,0.00,PMXC6,VT
08/29/2024 19:10:00,29.38,0.00,PMXC6,VT
08/29/2024 19:20:00,29.26,0.00,PMXC6,VT
08/29/2024 19:30:00,29.04,0.00,PMXC6,VT
08/29/2024 19:40:00,28.83,0.00,PMXC6,VT
08/29/2024 19:50:00,28.70,0.00,PMXC6,VT
08/29/2024 20:00:00,28.44,0.00,PMXC6,VT
08/29/2024 20:10:00,28.31,0.00,PMXC6,VT
08/29/2024 20:20:00,28.05,0.00,PMXC6,VT
08/29/2024 20:30:00,27.84,0.00,PMXC6,VT
08/29/2024 20:40:00,27.63,0.00,PMXC6,VT
08/29/2024 20:50:00,27.45,0.00,PMXC6,VT
08/29/2024 21:00:00,27.24,0.00,PMXC6,VT
08/29/2024 21:10:00,27.07,0.00,PMXC6,VT
08/29/2024 21:20:00,26.81,0.00,PMXC6,VT
08/29/2024 21:30:00,26.60,0.00,PMXC6,VT
08/29/2024 21:40:00,26.42,0.00,PMXC6,VT
08/29/2024 21:50:00,26.21,0.00,PMXC6,VT
08/29/2024 22:00:00,25.99,0.00,PMXC6,VT
08/29/2024 22:10:00,25.74,0.00,PMXC6,VT
08/29/2024 22:20:00,25.57,0.00,PMXC6,VT
08/29/2024 22:30:00,25.31,0.00,PMXC6,VT
08/29/2024 22:40:00,25.09,0.00,PMXC6,VT
08/29/2024 22:50:00,24.88,0.00,PMXC6,VT
08/29/2024 23:00:00,24.66,0.00,PMXC6,VT
08/29/2024 23:10:00,24.49,0.00,PMXC6,VT
08/29/2024 23:20:00,24.24,0.00,PMXC6,VT
08/29/2024 23:30:00,24.02,0.00,PMXC6,VT
08/29/2024 23:40:00,23.81,0.00,PMXC6,VT
08/29/2024 23:50:00,23.55,0.00,PMXC6,VT
08/30/2024 00:00:00,23.38,0.00,PMXC6,VT
08/30/2024 00:10:00,23.16,0.00,PMXC6,VT
08/30/2024 00:20:00,22.95,0.00,PMXC6,VT
08/30/2024 00:30:00,22.73,0.00,PMXC6,VT
08/30/2024 00:40:00,22.61,0.00,PMXC6,VT
08/30/2024 00:50:00,22.65,0.00,PMXC6,VT
08/30/2024 01:00:00,22.73,0.00,PMXC6,VT
08/30/2024 01:10:00,22.91,0.00,PMXC6,VT
08/30/2024 01:20:00,23.08,0.00,PMXC6,VT
08/30/2024 01:30:00,23.21,0.00,PMXC6,VT
08/30/2024 01:40:00,23.42,0.00,PMXC6,VT
08/30/2024 01:50:00,23.59,0.00,PMXC6,VT
08/30/2024 02:00:00,23.76,0.00,PMXC6,VT
08/30/2024 02:10:00,23.98,0.00,PMXC6,VT
08/30/2024 02:20:00,24.19,0.00,PMXC6,VT
08/30/2024 02:30:00,24.36,0.00,PMXC6,VT
08/30/2024 02:40:00,24.58,0.00,PMXC6,VT
08/30/2024 02:50:00,24.79,0.00,PMXC6,VT
08/30/2024 03:00:00,25.01,0.00,PMXC6,VT
08/30/2024 03:10:00,25.18,0.00,PMXC6,VT
08/30/2024 03:20:00,25.39,0.00,PMXC6,VT
08/30/2024 03:30:00,25.65,0.00,PMXC6,VT
08/30/2024 03:40:00,25.82,0.00,PMXC6,VT
08/30/2024 03:50:00,26.08,0.00,PMXC6,VT
08/30/2024 04:00:00,26.25,0.00,PMXC6,VT
08/30/2024 04:10:00,26.47,0.00,PMXC6,VT
08/30/2024 04:20:00,26.68,0.00,PMXC6,VT
08/30/2024 04:30:00,26.90,0.00,PMXC6,VT
08/30/2024 04:40:00,27.11,0.00,PMXC6,VT
08/30/2024 04:50:00,27.32,0.00,PMXC6,VT
08/30/2024 05:00:00,27.54,0.00,PMXC6,VT
08/30/2024 05:10:00,27.75,0.00,PMXC6,VT
08/30/2024 05:20:00,27.93,0.00,PMXC6,VT
08/30/2024 05:30:00,28.18,0.00,PMXC6,VT
08/30/2024 05:40:00,28.40,0.00,PMXC6,VT
08/30/2024 05:50:00,28.61,0.00,PMXC6,VT
08/30/2024 06:00:00,28.83,0.00,PMXC6,VT
08/30/2024 06:10:00,29.00,0.00,PMXC6,VT
08/30/2024 06:20:00,29.30,0.00,PMXC6,VT
08/30/2024 06:30:00,29.51,0.00,PMXC6,VT
08/30/2024 06:40:00,29.60,0.00,PMXC6,VT
08/30/2024 06:50:00,29.56,0.00,PMXC6,VT
08/30/2024 07:00:00,29.47,0.00,PMXC6,VT
08/30/2024 07:10:00,29.30,0.00,PMXC6,VT
08/30/2024 07:20:00,29.13,0.00,PMXC6,VT
08/30/2024 07:30:00,28.95,0.00,PMXC6,VT
08/30/2024 07:40:00,28.83,0.00,PMXC6,VT
08/30/2024 07:50:00,28.61,0.00,PMXC6,VT
08/30/2024 08:00:00,28.40,0.00,PMXC6,VT
08/30/2024 08:10:00,28.23,0.00,PMXC6,VT
08/30/2024 08:20:00,28.05,0.00,PMXC6,VT
08/30/2024 08:30:00,27.84,0.00,PMXC6,VT
08/30/2024 08:40:00,27.63,0.00,PMXC6,VT
08/30/2024 08:50:00,27.41,0.00,PMXC6,VT
08/30/2024 09:00:00,27.20,0.00,PMXC6,VT
08/30/2024 09:10:00,26.98,0.00,PMXC6,VT
08/30/2024 09:20:00,26.85,0.00,PMXC6,VT
08/30/2024 09:30:00,26.55,0.00,PMXC6,VT
08/30/2024 09:40:00,26.42,0.00,PMXC6,VT
08/30/2024 09:50:00,26.25,0.00,PMXC6,VT
08/30/2024 10:00:00,25.95,0.00,PMXC6,VT
08/30/2024 10:10:00,25.74,0.00,PMXC6,VT
08/30/2024 10:20:00,25.52,0.00,PMXC6,VT
08/30/2024 10:30:00,25.31,0.00,PMXC6,VT
08/30/2024 10:40:00,25.09,0.00,PMXC6,VT
08/30/2024 10:50:00,24.88,0.00,PMXC6,VT
08/30/2024 11:00:00,24.71,0.00,PMXC6,VT
08/30/2024 11:10:00,24.45,0.00,PMXC6,VT
08/30/2024 11:20:00,24.28,0.00,PMXC6,VT
08/30/2024 11:30:00,24.06,0.00,PMXC6,VT
08/30/2024 11:40:00,23.85,0.00,PMXC6,VT
08/30/2024 11:50:00,23.59,0.00,PMXC6,VT
08/30/2024 12:00:00,23.42,0.00,PMXC6,VT
08/30/2024 12:10:00,23.12,0.00,PMXC6,VT
08/30/2024 12:20:00,22.95,0.00,PMXC6,VT
08/30/2024 12:30:00,22.73,0.00,PMXC6,VT
08/30/2024 12:40:00,22.61,0.00,PMXC6,VT
08/30/2024 12:50:00,22.65,0.00,PMXC6,VT
08/30/2024 13:00:00,22.73,0.00,PMXC6,VT
08/30/2024 13:10:00,22.91,0.00,PMXC6,VT
08/30/2024 13:20:00,23.08,0.00,PMXC6,VT
08/30/2024 13:30:00,23.25,0.00,PMXC6,VT
08/30/2024 13:40:00,23.42,0.00,PMXC6,VT
08/30/2024 13:50:00,23.59,0.00,PMXC6,VT
08/30/2024 14:00:00,23.85,0.00,PMXC6,VT
08/30/2024 14:10:00,23.98,0.00,PMXC6,VT
08/30/2024 14:20:00,24.19,0.00,PMXC6,VT
08/30/2024 14:30:00,24.41,0.00,PMXC6,VT
08/30/2024 14:40:00,24.58,0.00,PMXC6,VT
08/30/2024 14:50:00,24.84,0.00,PMXC6,VT
08/30/2024 15:00:00,25.01,0.00,PMXC6,VT
08/30/2024 15:10:00,25.22,0.00,PMXC6,VT
08/30/2024 15:20:00,25.44,0.00,PMXC6,VT
08/30/2024 15:30:00,25.65,0.00,PMXC6,VT
08/30/2024 15:40:00,25.82,0.00,PMXC6,VT
08/30/2024 15:50:00,26.08,0.00,PMXC6,VT
08/30/2024 16:00:00,26.30,0.00,PMXC6,VT
08/30/2024 16:10:00,26.47,0.00,PMXC6,VT
08/30/2024 16:20:00,26.68,0.00,PMXC6,VT
08/30/2024 16:30:00,26.90,0.00,PMXC6,VT
08/30/2024 16:40:00,27.11,0.00,PMXC6,VT
08/30/2024 16:50:00,27.32,0.00,PMXC6,VT
08/30/2024 17:00:00,27.54,0.00,PMXC6,VT
08/30/2024 17:10:00,27.75,0.00,PMXC6,VT
08/30/2024 17:20:00,27.97,0.00,PMXC6,VT
08/30/2024 17:30:00,28.18,0.00,PMXC6,VT
08/30/2024 17:40:00,28.44,0.00,PMXC6,VT
08/30/2024 17:50:00,28.65,0.00,PMXC6,VT
08/30/2024 18:00:00,28.87,0.00,PMXC6,VT
08/30/2024 18:10:00,29.08,0.00,PMXC6,VT
08/30/2024 18:20:00,29.30,0.00,PMXC6,VT
08/30/2024 18:30:00,29.51,0.00,PMXC6,VT
08/30/2024 18:40:00,29.60,0.00,PMXC6,VT
08/30/2024 18:50:00,29.60,0.00,PMXC6,VT
08/30/2024 19:00:00,29.51,0.00,PMXC6,VT
08/30/2024 19:10:00,29.38,0.00,PMXC6,VT
08/30/2024 19:20:00,29.21,0.00,PMXC6,VT
08/30/2024 19:30:00,29.00,0.00,PMXC6,VT
08/30/2024 19:40:00,28.83,0.00,PMXC6,VT
08/30/2024 19:50:00,28.70,0.00,PMXC6,VT
08/30/2024 20:00:00,28.44,0.00,PMXC6,VT
08/30/2024 20:10:00,28.23,0.00,PMXC6,VT
08/30/2024 20:20:00,28.05,0.00,PMXC6,VT
08/30/2024 20:30:00,27.88,0.00,PMXC6,VT
08/30/2024 20:40:00,27.67,0.00,PMXC6,VT
08/30/2024 20:50:00,27.41,0.00,PMXC6,VT
08/30/2024 21:00:00,27.24,0.00,PMXC6,VT
08/30/2024 21:10:00,27.07,0.00,PMXC6,VT
08/30/2024 21:20:00,26.81,0.00,PMXC6,VT
08/30/2024 21:30:00,26.64,0.00,PMXC6,VT
08/30/2024 21:40:00,26.42,0.00,PMXC6,VT
08/30/2024 21:50:00,26.17,0.00,PMXC6,VT
08/30/2024 22:00:00,25.95,0.00,PMXC6,VT
08/30/2024 22:10:00,25.74,0.00,PMXC6,VT
08/30/2024 22:20:00,25.52,0.00,PMXC6,VT
08/30/2024 22:30:00,25.31,0.00,PMXC6,VT
08/30/2024 22:40:00,25.09,0.00,PMXC6,VT
08/30/2024 22:50:00,24.92,0.00,PMXC6,VT
08/30/2024 23:00:00,24.66,0.00,PMXC6,VT
08/30/2024 23:10:00,24.45,0.00,PMXC6,VT
08/30/2024 23:20:00,24.24,0.00,PMXC6,VT
08/30/2024 23:30:00,23.98,0.00,PMXC6,VT
08/30/2024 23:40:00,23.81,0.00,PMXC6,VT
08/30/2024 23:50:00,23.55,0.00,PMXC6,VT
08/31/2024 00:00:00,23.38,0.00,PMXC6,VT
08/31/2024 00:10:00,23.16,0.00,PMXC6,VT
08/31/2024 00:20:00,22.95,0.00,PMXC6,VT
08/31/2024 00:30:00,22.78,0.00,PMXC6,VT
08/31/2024 00:40:00,22.56,0.00,PMXC6,VT
08/31/2024 00:50:00,22.65,0.00,PMXC6,VT
08/31/2024 01:00:00,22.73,0.00,PMXC6,VT
08/31/2024 01:10:00,22.86,0.00,PMXC6,VT
08/31/2024 01:20:00,23.03,0.00,PMXC6,VT
08/31/2024 01:30:00,23.16,0.00,PMXC6,VT
08/31/2024 01:40:00,23.38,0.00,PMXC6,VT
08/31/2024 01:50:00,23.59,0.00,PMXC6,VT
08/31/2024 02:00:00,23.76,0.00,PMXC6,VT
08/31/2024 02:10:00,24.02,0.00,PMXC6,VT
08/31/2024 02:20:00,24.19,0.00,PMXC6,VT
08/31/2024 02:30:00,24.41,0.00,PMXC6,VT
08/31/2024 02:40:00,24.58,0.00,PMXC6,VT
08/31/2024 02:50:00,24.79,0.00,PMXC6,VT
08/31/2024 03:00:00,24.97,0.00,PMXC6,VT
08/31/2024 03:10:00,25.22,0.00,PMXC6,VT
08/31/2024 03:20:00,25.39,0.00,PMXC6,VT
08/31/2024 03:30:00,25.61,0.00,PMXC6,VT
08/31/2024 03:40:00,25.87,0.00,PMXC6,VT
08/31/2024 03:50:00,26.04,0.00,PMXC6,VT
08/31/2024 04:00:00,26.25,0.00,PMXC6,VT
08/31/2024 04:10:00,26.51,0.00,PMXC6,VT
08/31/2024 04:20:00,26.68,0.00,PMXC6,VT
08/31/2024 04:30:00,26.94,0.00,PMXC6,VT
08/31/2024 04:40:00,27.15,0.00,PMXC6,VT
08/31/2024 04:50:00,27.28,0.00,PMXC6,VT
08/31/2024 05:00:00,27.58,0.00,PMXC6,VT
08/31/2024 05:10:00,27.75,0.00,PMXC6,VT
08/31/2024 05:20:00,27.97,0.00,PMXC6,VT
08/31/2024 05:30:00,28.23,0.00,PMXC6,VT
08/31/2024 05:40:00,28.40,0.00,PMXC6,VT
08/31/2024 05:50:00,28.65,0.00,PMXC6,VT
08/31/2024 06:00:00,28.83,0.00,PMXC6,VT
08/31/2024 06:10:00,29.08,0.00,PMXC6,VT
08/31/2024 06:20:00,29.26,0.00,PMXC6,VT
08/31/2024 06:30:00,29.47,0.00,PMXC6,VT
08/31/2024 06:40:00,29.60,0.00,PMXC6,VT
08/31/2024 06:50:00,29.60,0.00,PMXC6,VT
08/31/2024 07:00:00,29.47,0.00,PMXC6,VT
08/31/2024 07:10:00,29.30,0.00,PMXC6,VT
08/31/2024 07:20:00,29.17,0.00,PMXC6,VT
08/31/2024 07:30:00,28.95,0.00,PMXC6,VT
08/31/2024 07:40:00,28.78,0.00,PMXC6,VT
08/31/2024 07:50:00,28.65,0.00,PMXC6,VT
08/31/2024 08:00:00,28.44,0.00,PMXC6,VT
08/31/2024 08:10:00,28.23,0.00,PMXC6,VT
08/31/2024 08:20:00,28.01,0.00,PMXC6,VT
08/31/2024 08:30:00,27.80,0.00,PMXC6,VT
08/31/2024 08:40:00,27.63,0.00,PMXC6,VT
08/31/2024 08:50:00,27.37,0.00,PMXC6,VT
08/31/2024 09:00:00,27.24,0.00,PMXC6,VT
08/31/2024 09:10:00,26.98,0.00,PMXC6,VT
08/31/2024 09:20:00,26.81,0.00,PMXC6,VT
08/31/2024 09:30:00,26.64,0.00,PMXC6,VT
08/31/2024 09:40:00,26.38,0.00,PMXC6,VT
08/31/2024 09:50:00,26.17,0.00,PMXC6,VT
08/31/2024 10:00:00,25.95,0.00,PMXC6,VT
08/31/2024 10:10:00,25.74,0.00,PMXC6,VT
08/31/2024 10:20:00,25.52,0.00,PMXC6,VT
08/31/2024 10:30:00,25.27,0.00,PMXC6,VT
08/31/2024 10:40:00,25.09,0.00,PMXC6,VT
08/31/2024 10:50:00,24.88,0.00,PMXC6,VT
08/31/2024 11:00:00,24.62,0.00,PMXC6,VT
08/31/2024 11:10:00,24.45,0.00,PMXC6,VT
08/31/2024 11:20:00,24.28,0.00,PMXC6,VT
08/31/2024 11:30:00,24.02,0.00,PMXC6,VT
08/31/2024 11:40:00,23.85,0.00,PMXC6,VT
08/31/2024 11:50:00,23.64,0.00,PMXC6,VT
08/31/2024 12:00:00,23.38,0.00,PMXC6,VT
08/31/2024 12:10:00,23.16,0.00,PMXC6,VT
08/31/2024 12:20:00,22.95,0.00,PMXC6,VT
08/31/2024 12:30:00,22.78,0.00,PMXC6,VT
08/31/2024 12:40:00,22.61,0.00,PMXC6,VT
08/31/2024 12:50:00,22.65,0.00,PMXC6,VT
08/31/2024 13:00:00,22.78,0.00,PMXC6,VT
08/31/2024 13:10:00,22.91,0.00,PMXC6,VT
08/31/2024 13:20:00,23.12,0.00,PMXC6,VT
08/31/2024 13:30:00,23.25,0.00,PMXC6,VT
08/31/2024 13:40:00,23.42,0.00,PMXC6,VT
08/31/2024 13:50:00,23.59,0.00,PMXC6,VT
08/31/2024 14:00:00,23.81,0.00,PMXC6,VT
08/31/2024 14:10:00,23.98,0.00,PMXC6,VT
08/31/2024 14:20:00,24.19,0.00,PMXC6,VT
08/31/2024 14:30:00,24.41,0.00,PMXC6,VT
08/31/2024 14:40:00,24.62,0.00,PMXC6,VT
08/31/2024 14:50:00,24.84,0.00,PMXC6,VT
08/31/2024 15:00:00,25.05,0.00,PMXC6,VT
08/31/2024 15:10:00,25.27,0.00,PMXC6,VT
08/31/2024 15:20:00,25.44,0.00,PMXC6,VT
08/31/2024 15:30:00,25.65,0.00,PMXC6,VT
08/31/2024 15:40:00,25.87,0.00,PMXC6,VT
08/31/2024 15:50:00,26.08,0.00,PMXC6,VT
08/31/2024 16:00:00,26.30,0.00,PMXC6,VT
08/31/2024 16:10:00,26.55,0.00,PMXC6,VT
08/31/2024 16:20:00,26.68,0.00,PMXC6,VT
08/31/2024 16:30:00,26.90,0.00,PMXC6,VT
08/31/2024 16:40:00,27.11,0.00,PMXC6,VT
08/31/2024 16:50:00,27.32,0.00,PMXC6,VT
08/31/2024 17:00:00,27.54,0.00,PMXC6,VT
08/31/2024 17:10:00,27.75,0.00,PMXC6,VT
08/31/2024 17:20:00,27.97,0.00,PMXC6,VT
08/31/2024 17:30:00,28.27,0.00,PMXC6,VT
08/31/2024 17:40:00,28.44,0.00,PMXC6,VT
08/31/2024 17:50:00,28.61,0.00,PMXC6,VT
08/31/2024 18:00:00,28.87,0.00,PMXC6,VT
08/31/2024 18:10:00,29.08,0.00,PMXC6,VT
08/31/2024 18:20:00,29.30,0.00,PMXC6,VT
08/31/2024 18:30:00,29.56,0.00,PMXC6,VT
08/31/2024 18:40:00,29.64,0.00,PMXC6,VT
08/31/2024 18:50:00,29.64,0.00,PMXC6,VT
08/31/2024 19:00:00,29.47,0.00,PMXC6,VT
08/31/2024 19:10:00,29.38,0.00,PMXC6,VT
08/31/2024 19:20:00,29.17,0.00,PMXC6,VT
08/31/2024 19:30:00,29.00,0.00,PMXC6,VT
08/31/2024 19:40:00,28.83,0.00,PMXC6,VT
08/31/2024 19:50:00,28.65,0.00,PMXC6,VT
08/31/2024 20:00:00,28.48,0.00,PMXC6,VT
08/31/2024 20:10:00,28.27,0.00,PMXC6,VT
08/31/2024 20:20:00,28.05,0.00,PMXC6,VT
08/31/2024 20:30:00,27.80,0.00,PMXC6,VT
08/31/2024 20:40:00,27.63,0.00,PMXC6,VT
08/31/2024 20:50:00,27.41,0.00,PMXC6,VT
08/31/2024 21:00:00,27.20,0.00,PMXC6,VT
08/31/2024 21:10:00,27.02,0.00,PMXC6,VT
08/31/2024 21:20:00,26.81,0.00,PMXC6,VT
08/31/2024 21:30:00,26.60,0.00,PMXC6,VT
08/31/2024 21:40:00,26.38,0.00,PMXC6,VT
08/31/2024 21:50:00,26.17,0.00,PMXC6,VT
08/31/2024 22:00:00,25.95,0.00,PMXC6,VT
08/31/2024 22:10:00,25.78,0.00,PMXC6,VT
08/31/2024 22:20:00,25.52,0.00,PMXC6,VT
08/31/2024 22:30:00,25.31,0.00,PMXC6,VT
08/31/2024 22:40:00,25.09,0.00,PMXC6,VT
08/31/2024 22:50:00,24.88,0.00,PMXC6,VT
08/31/2024 23:00:00,24.71,0.00,PMXC6,VT
08/31/2024 23:10:00,24.45,0.00,PMXC6,VT
08/31/2024 23:20:00,24.24,0.00,PMXC6,VT
08/31/2024 23:30:00,24.02,0.00,PMXC6,VT
08/31/2024 23:40:00,23.76,0.00,PMXC6,VT
08/31/2024 23:50:00,23.55,0.00,PMXC6,VT
09/01/2024 00:00:00,23.34,0.00,PMXC6,VT
09/01/2024 00:10:00,23.16,0.00,PMXC6,VT
09/01/2024 00:20:00,22.95,0.00,PMXC6,VT
09/01/2024 00:30:00,22.69,0.00,PMXC6,VT
09/01/2024 00:40:00,22.52,0.00,PMXC6,VT
09/01/2024 00:50:00,22.61,0.00,PMXC6,VT
09/01/2024 01:00:00,22.73,0.00,PMXC6,VT
09/01/2024 01:10:00,22.86,0.00,PMXC6,VT
09/01/2024 01:20:00,23.08,0.00,PMXC6,VT
09/01/2024 01:30:00,23.21,0.00,PMXC6,VT
09/01/2024 01:40:00,23.38,0.00,PMXC6,VT
09/01/2024 01:50:00,23.59,0.00,PMXC6,VT
09/01/2024 02:00:00,23.76,0.00,PMXC6,VT
09/01/2024 02:10:00,23.98,0.00,PMXC6,VT
09/01/2024 02:20:00,24.19,0.00,PMXC6,VT
09/01/2024 02:30:00,24.36,0.00,PMXC6,VT
09/01/2024 02:40:00,24.58,0.00,PMXC6,VT
09/01/2024 02:50:00,24.79,0.00,PMXC6,VT
09/01/2024 03:00:00,24.97,0.00,PMXC6,VT
09/01/2024 03:10:00,25.18,0.00,PMXC6,VT
09/01/2024 03:20:00,25.39,0.00,PMXC6,VT
09/01/2024 03:30:00,25.61,0.00,PMXC6,VT
09/01/2024 03:40:00,25.82,0.00,PMXC6,VT
09/01/2024 03:50:00,25.99,0.00,PMXC6,VT
09/01/2024 04:00:00,26.25,0.00,PMXC6,VT
09/01/2024 04:10:00,26.47,0.00,PMXC6,VT
09/01/2024 04:20:00,26.72,0.00,PMXC6,VT
09/01/2024 04:30:00,26.90,0.00,PMXC6,VT
09/01/2024 04:40:00,27.11,0.00,PMXC6,VT
09/01/2024 04:50:00,27.32,0.00,PMXC6,VT
09/01/2024 05:00:00,27.54,0.00,PMXC6,VT
09/01/2024 05:10:00,27.80,0.00,PMXC6,VT
09/01/2024 05:20:00,27.97,0.00,PMXC6,VT
09/01/2024 05:30:00,28.23,0.00,PMXC6,VT
09/01/2024 05:40:00,28.40,0.00,PMXC6,VT
09/01/2024 05:50:00,28.61,0.00,PMXC6,VT
09/01/2024 06:00:00,28.87,0.00,PMXC6,VT
09/01/2024 06:10:00,29.04,0.00,PMXC6,VT
09/01/2024 06:20:00,29.26,0.00,PMXC6,VT
09/01/2024 06:30:00,29.51,0.00,PMXC6,VT
09/01/2024 06:40:00,29.60,0.00,PMXC6,VT
09/01/2024 06:50:00,29.56,0.00,PMXC6,VT
09/01/2024 07:00:00,29.47,0.00,PMXC6,VT
09/01/2024 07:10:00,29.30,0.00,PMXC6,VT
09/01/2024 07:20:00,29.17,0.00,PMXC6,VT
09/01/2024 07:30:00,28.95,0.00,PMXC6,VT
09/01/2024 07:40:00,28.78,0.00,PMXC6,VT
09/01/2024 07:50:00,28.61,0.00,PMXC6,VT
09/01/2024 08:00:00,28.40,0.00,PMXC6,VT
09/01/2024 08:10:00,28.18,0.00,PMXC6,VT
09/01/2024 08:20:00,28.01,0.00,PMXC6,VT
09/01/2024 08:30:00,27.84,0.00,PMXC6,VT
09/01/2024 08:40:00,27.63,0.00,PMXC6,VT
09/01/2024 08:50:00,27.37,0.00,PMXC6,VT
09/01/2024 09:00:00,27.24,0.00,PMXC6,VT
09/01/2024 09:10:00,27.07,0.00,PMXC6,VT
09/01/2024 09:20:00,26.85,0.00,PMXC6,VT
09/01/2024 09:30:00,26.60,0.00,PMXC6,VT
09/01/2024 09:40:00,26.42,0.00,PMXC6,VT
09/01/2024 09:50:00,26.12,0.00,PMXC6,VT
09/01/2024 10:00:00,25.95,0.00,PMXC6,VT
09/01/2024 10:10:00,25.78,0.00,PMXC6,VT
09/01/2024 10:20:00,25.52,0.00,PMXC6,VT
09/01/2024 10:30:00,25.35,0.00,PMXC6,VT
09/01/2024 10:40:00,25.09,0.00,PMXC6,VT
09/01/2024 10:50:00,24.92,0.00,PMXC6,VT
09/01/2024 11:00:00,24.66,0.00,PMXC6,VT
09/01/2024 11:10:00,24.41,0.00,PMXC6,VT
09/01/2024 11:20:00,24.32,0.00,PMXC6,VT
09/01/2024 11:30:00,24.06,0.00,PMXC6,VT
09/01/2024 11:40:00,23.85,0.00,PMXC6,VT
09/01/2024 11:50:00,23.64,0.00,PMXC6,VT
09/01/2024 12:00:00,23.42,0.00,PMXC6,VT
09/01/2024 12:10:00,23.03,0.00,PMXC6,VT
09/01/2024 12:20:00,22.78,0.00,PMXC6,VT
09/01/2024 12:30:00,22.56,0.00,PMXC6,VT
09/01/2024 12:40:00,22.39,0.00,PMXC6,VT
09/01/2024 12:50:00,22.48,0.00,PMXC6,VT
09/01/2024 13:00:00,22.61,0.00,PMXC6,VT
09/01/2024 13:10:00,22.73,0.00,PMXC6,VT
09/01/2024 13:20:00,22.95,0.00,PMXC6,VT
09/01/2024 13:30:00,23.12,0.00,PMXC6,VT
09/01/2024 13:40:00,23.34,0.00,PMXC6,VT
09/01/2024 13:50:00,23.51,0.00,PMXC6,VT
09/01/2024 14:00:00,23.68,0.00,PMXC6,VT
09/01/2024 14:10:00,23.89,0.00,PMXC6,VT
09/01/2024 14:20:00,24.06,0.00,PMXC6,VT
09/01/2024 14:30:00,24.32,0.00,PMXC6,VT
09/01/2024 14:40:00,24.49,0.00,PMXC6,VT
09/01/2024 14:50:00,24.75,0.00,PMXC6,VT
09/01/2024 15:00:00,24.97,0.00,PMXC6,VT
09/01/2024 15:10:00,25.18,0.00,PMXC6,VT
09/01/2024 15:20:00,25.39,0.00,PMXC6,VT
09/01/2024 15:30:00,25.61,0.00,PMXC6,VT
09/01/2024 15:40:00,25.78,0.00,PMXC6,VT
09/01/2024 15:50:00,26.04,0.00,PMXC6,VT
09/01/2024 16:00:00,26.25,0.00,PMXC6,VT
09/01/2024 16:10:00,26.47,0.00,PMXC6,VT
09/01/2024 16:20:00,26.68,0.00,PMXC6,VT
09/01/2024 16:30:00,26.90,0.00,PMXC6,VT
09/01/2024 16:40:00,27.11,0.00,PMXC6,VT
09/01/2024 16:50:00,27.37,0.00,PMXC6,VT
09/01/2024 17:00:00,27.54,0.00,PMXC6,VT
09/01/2024 17:10:00,27.75,0.00,PMXC6,VT
09/01/2024 17:20:00,27.97,0.00,PMXC6,VT
09/01/2024 17:30:00,28.18,0.00,PMXC6,VT
09/01/2024 17:40:00,28.40,0.00,PMXC6,VT
09/01/2024 17:50:00,28.61,0.00,PMXC6,VT
09/01/2024 18:00:00,28.87,0.00,PMXC6,VT
09/01/2024 18:10:00,29.08,0.00,PMXC6,VT
09/01/2024 18:20:00,29.30,0.00,PMXC6,VT
09/01/2024 18:30:00,29.47,0.00,PMXC6,VT
09/01/2024 18:40:00,29.60,0.00,PMXC6,VT
09/01/2024 18:50:00,29.56,0.00,PMXC6,VT
09/01/2024 19:00:00,29.47,0.00,PMXC6,VT
09/01/2024 19:10:00,29.34,0.00,PMXC6,VT
09/01/2024 19:20:00,29.17,0.00,PMXC6,VT
09/01/2024 19:30:00,29.00,0.00,PMXC6,VT
09/01/2024 19:40:00,28.83,0.00,PMXC6,VT
09/01/2024 19:50:00,28.61,0.00,PMXC6,VT
09/01/2024 20:00:00,28.40,0.00,PMXC6,VT
09/01/2024 20:10:00,28.23,0.00,PMXC6,VT
09/01/2024 20:20:00,28.05,0.00,PMXC6,VT
09/01/2024 20:30:00,27.88,0.00,PMXC6,VT
09/01/2024 20:40:00,27.63,0.00,PMXC6,VT
09/01/2024 20:50:00,27.41,0.00,PMXC6,VT
09/01/2024 21:00:00,27.20,0.00,PMXC6,VT
09/01/2024 21:10:00,26.98,0.00,PMXC6,VT
09/01/2024 21:20:00,26.77,0.00,PMXC6,VT
09/01/2024 21:30:00,26.60,0.00,PMXC6,VT
09/01/2024 21:40:00,26.38,0.00,PMXC6,VT
09/01/2024 21:50:00,26.21,0.00,PMXC6,VT
09/01/2024 22:00:00,25.95,0.00,PMXC6,VT
09/01/2024 22:10:00,25.74,0.00,PMXC6,VT
09/01/2024 22:20:00,25.48,0.00,PMXC6,VT
09/01/2024 22:30:00,25.31,0.00,PMXC6,VT
09/01/2024 22:40:00,25.09,0.00,PMXC6,VT
09/01/2024 22:50:00,24.88,0.00,PMXC6,VT
09/01/2024 23:00:00,24.66,0.00,PMXC6,VT
09/01/2024 23:10:00,24.41,0.00,PMXC6,VT
09/01/2024 23:20:00,24.24,0.00,PMXC6,VT
09/01/2024 23:30:00,23.98,0.00,PMXC6,VT
09/01/2024 23:40:00,23.81,0.00,PMXC6,VT
09/01/2024 23:50:00,23.59,0.00,PMXC6,VT
09/02/2024 00:00:00,23.38,0.00,PMXC6,VT
09/02/2024 00:10:00,23.16,0.00,PMXC6,VT
09/02/2024 00:20:00,22.91,0.00,PMXC6,VT
09/02/2024 00:30:00,22.69,0.00,PMXC6,VT
09/02/2024 00:40:00,22.56,0.00,PMXC6,VT
09/02/2024 00:50:00,22.65,0.00,PMXC6,VT
09/02/2024 01:00:00,22.69,0.00,PMXC6,VT
09/02/2024 01:10:00,22.86,0.00,PMXC6,VT
09/02/2024 01:20:00,23.03,0.00,PMXC6,VT
09/02/2024 01:30:00,23.21,0.00,PMXC6,VT
09/02/2024 01:40:00,23.38,0.00,PMXC6,VT
09/02/2024 01:50:00,23.59,0.00,PMXC6,VT
09/02/2024 02:00:00,23.76,0.00,PMXC6,VT
09/02/2024 02:10:00,23.98,0.00,PMXC6,VT
09/02/2024 02:20:00,24.15,0.00,PMXC6,VT
09/02/2024 02:30:00,24.32,0.00,PMXC6,VT
09/02/2024 02:40:00,24.54,0.00,PMXC6,VT
09/02/2024 02:50:00,24.75,0.00,PMXC6,VT
09/02/2024 03:00:00,24.97,0.00,PMXC6,VT
09/02/2024 03:10:00,25.18,0.00,PMXC6,VT
09/02/2024 03:20:00,25.39,0.00,PMXC6,VT
09/02/2024 03:30:00,25.61,0.00,PMXC6,VT
09/02/2024 03:40:00,25.78,0.00,PMXC6,VT
09/02/2024 03:50:00,25.99,0.00,PMXC6,VT
09/02/2024 04:00:00,26.21,0.00,PMXC6,VT
09/02/2024 04:10:00,26.47,0.00,PMXC6,VT
09/02/2024 04:20:00,26.64,0.00,PMXC6,VT
09/02/2024 04:30:00,26.90,0.00,PMXC6,VT
09/02/2024 04:40:00,27.11,0.00,PMXC6,VT
09/02/2024 04:50:00,27.32,0.00,PMXC6,VT
09/02/2024 05:00:00,27.54,0.00,PMXC6,VT
09/02/2024 05:10:00,27.71,0.00,PMXC6,VT
09/02/2024 05:20:00,27.97,0.00,PMXC6,VT
09/02/2024 05:30:00,28.18,0.00,PMXC6,VT
09/02/2024 05:40:00,28.35,0.00,PMXC6,VT
09/02/2024 05:50:00,28.57,0.00,PMXC6,VT
09/02/2024 06:00:00,28.83,0.00,PMXC6,VT
09/02/2024 06:10:00,29.04,0.00,PMXC6,VT
09/02/2024 06:20:00,29.26,0.00,PMXC6,VT
09/02/2024 06:30:00,29.47,0.00,PMXC6,VT
09/02/2024 06:40:00,29.64,0.00,PMXC6,VT
09/02/2024 06:50:00,29.51,0.00,PMXC6,VT
09/02/2024 07:00:00,29.47,0.00,PMXC6,VT
09/02/2024 07:10:00,29.30,0.00,PMXC6,VT
09/02/2024 07:20:00,29.13,0.00,PMXC6,VT
09/02/2024 07:30:00,28.95,0.00,PMXC6,VT
09/02/2024 07:40:00,28.78,0.00,PMXC6,VT
09/02/2024 07:50:00,28.57,0.00,PMXC6,VT
09/02/2024 08:00:00,28.40,0.00,PMXC6,VT
09/02/2024 08:10:00,28.18,0.00,PMXC6,VT
09/02/2024 08:20:00,28.01,0.00,PMXC6,VT
09/02/2024 08:30:00,27.80,0.00,PMXC6,VT
09/02/2024 08:40:00,27.58,0.00,PMXC6,VT
09/02/2024 08:50:00,27.37,0.00,PMXC6,VT
09/02/2024 09:00:00,27.20,0.00,PMXC6,VT
09/02/2024 09:10:00,26.94,0.00,PMXC6,VT
09/02/2024 09:20:00,26.77,0.00,PMXC6,VT
09/02/2024 09:30:00,26.60,0.00,PMXC6,VT
09/02/2024 09:40:00,26.38,0.00,PMXC6,VT
09/02/2024 09:50:00,26.12,0.00,PMXC6,VT
09/02/2024 10:00:00,25.95,0.00,PMXC6,VT
09/02/2024 10:10:00,25.74,0.00,PMXC6,VT
09/02/2024 10:20:00,25.52,0.00,PMXC6,VT
09/02/2024 10:30:00,25.27,0.00,PMXC6,VT
09/02/2024 10:40:00,25.14,0.00,PMXC6,VT
09/02/2024 10:50:00,24.88,0.00,PMXC6,VT
09/02/2024 11:00:00,24.71,0.00,PMXC6,VT
09/02/2024 11:10:00,24.45,0.00,PMXC6,VT
09/02/2024 11:20:00,24.24,0.00,PMXC6,VT
09/02/2024 11:30:00,24.06,0.00,PMXC6,VT
09/02/2024 11:40:00,23.81,0.00,PMXC6,VT
09/02/2024 11:50:00,23.59,0.00,PMXC6,VT
09/02/2024 12:00:00,23.38,0.00,PMXC6,VT
09/02/2024 12:10:00,23.16,0.00,PMXC6,VT
09/02/2024 12:20:00,22.95,0.00,PMXC6,VT
09/02/2024 12:30:00,22.73,0.00,PMXC6,VT
09/02/2024 12:40:00,22.61,0.00,PMXC6,VT
09/02/2024 12:50:00,22.65,0.00,PMXC6,VT
09/02/2024 13:00:00,22.78,0.00,PMXC6,VT
09/02/2024 13:10:00,22.91,0.00,PMXC6,VT
09/02/2024 13:20:00,23.03,0.00,PMXC6,VT
09/02/2024 13:30:00,23.25,0.00,PMXC6,VT
09/02/2024 13:40:00,23.42,0.00,PMXC6,VT
09/02/2024 13:50:00,23.59,0.00,PMXC6,VT
09/02/2024 14:00:00,23.76,0.00,PMXC6,VT
09/02/2024 14:10:00,23.94,0.00,PMXC6,VT
09/02/2024 14:20:00,24.15,0.00,PMXC6,VT
09/02/2024 14:30:00,24.41,0.00,PMXC6,VT
09/02/2024 14:40:00,24.62,0.00,PMXC6,VT
09/02/2024 14:50:00,24.84,0.00,PMXC6,VT
09/02/2024 15:00:00,25.01,0.00,PMXC6,VT
09/02/2024 15:10:00,25.22,0.00,PMXC6,VT
09/02/2024 15:20:00,25.44,0.00,PMXC6,VT
09/02/2024 15:30:00,25.65,0.00,PMXC6,VT
09/02/2024 15:40:00,25.82,0.00,PMXC6,VT
09/02/2024 15:50:00,26.04,0.00,PMXC6,VT
09/02/2024 16:00:00,26.30,0.00,PMXC6,VT
09/02/2024 16:10:00,26.47,0.00,PMXC6,VT
09/02/2024 16:20:00,26.68,0.00,PMXC6,VT
09/02/2024 16:30:00,26.90,0.00,PMXC6,VT
09/02/2024 16:40:00,27.15,0.00,PMXC6,VT
09/02/2024 16:50:00,27.32,0.00,PMXC6,VT
09/02/2024 17:00:00,27.58,0.00,PMXC6,VT
09/02/2024 17:10:00,27.80,0.00,PMXC6,VT
09/02/2024 17:20:00,27.97,0.00,PMXC6,VT
09/02/2024 17:30:00,28.23,0.00,PMXC6,VT
09/02/2024 17:40:00,28.44,0.00,PMXC6,VT
09/02/2024 17:50:00,28.61,0.00,PMXC6,VT
09/02/2024 18:00:00,28.83,0.00,PMXC6,VT
09/02/2024 18:10:00,29.04,0.00,PMXC6,VT
09/02/2024 18:20:00,29.30,0.00,PMXC6,VT
09/02/2024 18:30:00,29.47,0.00,PMXC6,VT
09/02/2024 18:40:00,29.60,0.00,PMXC6,VT
09/02/2024 18:50:00,29.60,0.00,PMXC6,VT
09/02/2024 19:00:00,29.47,0.00,PMXC6,VT
09/02/2024 19:10:00,29.30,0.00,PMXC6,VT
09/02/2024 19:20:00,29.17,0.00,PMXC6,VT
09/02/2024 19:30:00,29.00,0.00,PMXC6,VT
09/02/2024 19:40:00,28.83,0.00,PMXC6,VT
09/02/2024 19:50:00,28.61,0.00,PMXC6,VT
09/02/2024 20:00:00,28.44,0.00,PMXC6,VT
09/02/2024 20:10:00,28.23,0.00,PMXC6,VT
09/02/2024 20:20:00,28.05,0.00,PMXC6,VT
09/02/2024 20:30:00,27.80,0.00,PMXC6,VT
09/02/2024 20:40:00,27.63,0.00,PMXC6,VT
09/02/2024 20:50:00,27.45,0.00,PMXC6,VT
09/02/2024 21:00:00,27.24,0.00,PMXC6,VT
09/02/2024 21:10:00,27.02,0.00,PMXC6,VT
09/02/2024 21:20:00,26.81,0.00,PMXC6,VT
09/02/2024 21:30:00,26.64,0.00,PMXC6,VT
09/02/2024 21:40:00,26.38,0.00,PMXC6,VT
09/02/2024 21:50:00,26.17,0.00,PMXC6,VT
09/02/2024 22:00:00,25.95,0.00,PMXC6,VT
09/02/2024 22:10:00,25.74,0.00,PMXC6,VT
09/02/2024 22:20:00,25.52,0.00,PMXC6,VT
09/02/2024 22:30:00,25.31,0.00,PMXC6,VT
09/02/2024 22:40:00,25.09,0.00,PMXC6,VT
09/02/2024 22:50:00,24.88,0.00,PMXC6,VT
09/02/2024 23:00:00,24.66,0.00,PMXC6,VT
09/02/2024 23:10:00,24.45,0.00,PMXC6,VT
09/02/2024 23:20:00,24.19,0.00,PMXC6,VT
09/02/2024 23:30:00,24.02,0.00,PMXC6,VT
09/02/2024 23:40:00,23.76,0.00,PMXC6,VT
09/02/2024 23:50:00,23.59,0.00,PMXC6,VT
09/03/2024 00:00:00,23.38,0.00,PMXC6,VT
09/03/2024 00:10:00,23.12,0.00,PMXC6,VT
09/03/2024 00:20:00,22.95,0.00,PMXC6,VT
09/03/2024 00:30:00,22.73,0.00,PMXC6,VT
09/03/2024 00:40:00,22.56,0.00,PMXC6,VT
09/03/2024 00:50:00,22.61,0.00,PMXC6,VT
09/03/2024 01:00:00,22.69,0.00,PMXC6,VT
09/03/2024 01:10:00,22.86,0.00,PMXC6,VT
09/03/2024 01:20:00,23.03,0.00,PMXC6,VT
09/03/2024 01:30:00,23.16,0.00,PMXC6,VT
09/03/2024 01:40:00,23.38,0.00,PMXC6,VT
09/03/2024 01:50:00,23.55,0.00,PMXC6,VT
09/03/2024 02:00:00,23.76,0.00,PMXC6,VT
09/03/2024 02:10:00,23.98,0.00,PMXC6,VT
09/03/2024 02:20:00,24.15,0.00,PMXC6,VT
09/03/2024 02:30:00,24.32,0.00,PMXC6,VT
09/03/2024 02:40:00,24.58,0.00,PMXC6,VT
09/03/2024 02:50:00,24.75,0.00,PMXC6,VT
09/03/2024 03:00:00,24.97,0.00,PMXC6,VT
09/03/2024 03:10:00,25.18,0.00,PMXC6,VT
09/03/2024 03:20:00,25.39,0.00,PMXC6,VT
09/03/2024 03:30:00,25.57,0.00,PMXC6,VT
09/03/2024 03:40:00,25.82,0.00,PMXC6,VT
09/03/2024 03:50:00,25.99,0.00,PMXC6,VT
09/03/2024 04:00:00,26.21,0.00,PMXC6,VT
09/03/2024 04:10:00,26.47,0.00,PMXC6,VT
09/03/2024 04:20:00,26.68,0.00,PMXC6,VT
09/03/2024 04:30:00,26.90,0.00,PMXC6,VT
09/03/2024 04:40:00,27.07,0.00,PMXC6,VT
09/03/2024 04:50:00,27.28,0.00,PMXC6,VT
09/03/2024 05:00:00,27.50,0.00,PMXC6,VT
09/03/2024 05:10:00,27.75,0.00,PMXC6,VT
09/03/2024 05:20:00,27.97,0.00,PMXC6,VT
09/03/2024 05:30:00,28.18,0.00,PMXC6,VT
09/03/2024 05:40:00,28.40,0.00,PMXC6,VT
09/03/2024 05:50:00,28.61,0.00,PMXC6,VT
09/03/2024 06:00:00,28.83,0.00,PMXC6,VT
09/03/2024 06:10:00,29.00,0.00,PMXC6,VT
09/03/2024 06:20:00,29.30,0.00,PMXC6,VT
09/03/2024 06:30:00,29.47,0.00,PMXC6,VT
09/03/2024 06:40:00,29.60,0.00,PMXC6,VT
09/03/2024 06:50:00,29.56,0.00,PMXC6,VT
09/03/2024 07:00:00,29.43,0.00,PMXC6,VT
09/03/2024 07:10:00,29.34,0.00,PMXC6,VT
09/03/2024 07:20:00,29.17,0.00,PMXC6,VT
09/03/2024 07:30:00,28.95,0.00,PMXC6,VT
09/03/2024 07:40:00,28.74,0.00,PMXC6,VT
09/03/2024 07:50:00,28.61,0.00,PMXC6,VT
09/03/2024 08:00:00,28.40,0.00,PMXC6,VT
09/03/2024 08:10:00,28.18,0.00,PMXC6,VT
09/03/2024 08:20:00,28.01,0.00,PMXC6,VT
09/03/2024 08:30:00,27.75,0.00,PMXC6,VT
09/03/2024 08:40:00,27.63,0.00,PMXC6,VT
09/03/2024 08:50:00,27.37,0.00,PMXC6,VT
09/03/2024 09:00:00,27.20,0.00,PMXC6,VT
09/03/2024 09:10:00,26.98,0.00,PMXC6,VT
09/03/2024 09:20:00,26.85,0.00,PMXC6,VT
09/03/2024 09:30:00,26.64,0.00,PMXC6,VT
09/03/2024 09:40:00,26.38,0.00,PMXC6,VT
09/03/2024 09:50:00,26.12,0.00,PMXC6,VT
09/03/2024 10:00:00,25.95,0.00,PMXC6,VT
09/03/2024 10:10:00,25.78,0.00,PMXC6,VT
09/03/2024 10:20:00,25.48,0.00,PMXC6,VT
09/03/2024 10:30:00,25.31,0.00,PMXC6,VT
09/03/2024 10:40:00,25.09,0.00,PMXC6,VT
09/03/2024 10:50:00,24.88,0.00,PMXC6,VT
09/03/2024 11:00:00,24.66,0.00,PMXC6,VT
09/03/2024 11:10:00,24.49,0.00,PMXC6,VT
09/03/2024 11:20:00,24.24,0.00,PMXC6,VT
09/03/2024 11:30:00,24.02,0.00,PMXC6,VT
09/03/2024 11:40:00,23.81,0.00,PMXC6,VT
09/03/2024 11:50:00,23.64,0.00,PMXC6,VT
09/03/2024 12:00:00,23.38,0.00,PMXC6,VT
09/03/2024 12:10:00,23.16,0.00,PMXC6,VT
09/03/2024 12:20:00,22.95,0.00,PMXC6,VT
09/03/2024 12:30:00,22.78,0.00,PMXC6,VT
09/03/2024 12:40:00,22.56,0.00,PMXC6,VT
09/03/2024 12:50:00,22.61,0.00,PMXC6,VT
09/03/2024 13:00:00,22.73,0.00,PMXC6,VT
09/03/2024 13:10:00,22.91,0.00,PMXC6,VT
09/03/2024 13:20:00,23.08,0.00,PMXC6,VT
09/03/2024 13:30:00,23.25,0.00,PMXC6,VT
09/03/2024 13:40:00,23.38,0.00,PMXC6,VT
09/03/2024 13:50:00,23.55,0.00,PMXC6,VT
09/03/2024 14:00:00,23.81,0.00,PMXC6,VT
09/03/2024 14:10:00,23.98,0.00,PMXC6,VT
09/03/2024 14:20:00,24.19,0.00,PMXC6,VT
09/03/2024 14:30:00,24.36,0.00,PMXC6,VT
09/03/2024 14:40:00,24.58,0.00,PMXC6,VT
09/03/2024 14:50:00,24.79,0.00,PMXC6,VT
09/03/2024 15:00:00,24.97,0.00,PMXC6,VT
09/03/2024 15:10:00,25.18,0.00,PMXC6,VT
09/03/2024 15:20:00,25.44,0.00,PMXC6,VT
09/03/2024 15:30:00,25.65,0.00,PMXC6,VT
09/03/2024 15:40:00,25.82,0.00,PMXC6,VT
09/03/2024 15:50:00,26.04,0.00,PMXC6,VT
09/03/2024 16:00:00,26.25,0.00,PMXC6,VT
09/03/2024 16:10:00,26.51,0.00,PMXC6,VT
09/03/2024 16:20:00,26.72,0.00,PMXC6,VT
09/03/2024 16:30:00,26.90,0.00,PMXC6,VT
09/03/2024 16:40:00,27.15,0.00,PMXC6,VT
09/03/2024 16:50:00,27.32,0.00,PMXC6,VT
09/03/2024 17:00:00,27.54,0.00,PMXC6,VT
09/03/2024 17:10:00,27.75,0.00,PMXC6,VT
09/03/2024 17:20:00,27.97,0.00,PMXC6,VT
09/03/2024 17:30:00,28.23,0.00,PMXC6,VT
09/03/2024 17:40:00,28.40,0.00,PMXC6,VT
09/03/2024 17:50:00,28.61,0.00,PMXC6,VT
09/03/2024 18:00:00,28.87,0.00,PMXC6,VT
09/03/2024 18:10:00,29.04,0.00,PMXC6,VT
09/03/2024 18:20:00,29.30,0.00,PMXC6,VT
09/03/2024 18:30:00,29.51,0.00,PMXC6,VT
09/03/2024 18:40:00,29.64,0.00,PMXC6,VT
09/03/2024 18:50:00,29.60,0.00,PMXC6,VT
09/03/2024 19:00:00,29.47,0.00,PMXC6,VT
09/03/2024 19:10:00,29.34,0.00,PMXC6,VT
09/03/2024 19:20:00,29.17,0.00,PMXC6,VT
09/03/2024 19:30:00,29.00,0.00,PMXC6,VT
09/03/2024 19:40:00,28.78,0.00,PMXC6,VT
09/03/2024 19:50:00,28.61,0.00,PMXC6,VT
09/03/2024 20:00:00,28.40,0.00,PMXC6,VT
09/03/2024 20:10:00,28.23,0.00,PMXC6,VT
09/03/2024 20:20:00,28.01,0.00,PMXC6,VT
09/03/2024 20:30:00,27.84,0.00,PMXC6,VT
09/03/2024 20:40:00,27.63,0.00,PMXC6,VT
09/03/2024 20:50:00,27.41,0.00,PMXC6,VT
09/03/2024 21:00:00,27.20,0.00,PMXC6,VT
09/03/2024 21:10:00,26.98,0.00,PMXC6,VT
09/03/2024 21:20:00,26.77,0.00,PMXC6,VT
09/03/2024 21:30:00,26.60,0.00,PMXC6,VT
09/03/2024 21:40:00,26.42,0.00,PMXC6,VT
09/03/2024 21:50:00,26.17,0.00,PMXC6,VT
09/03/2024 22:00:00,25.91,0.00,PMXC6,VT
09/03/2024 22:10:00,25.74,0.00,PMXC6,VT
09/03/2024 22:20:00,25.52,0.00,PMXC6,VT
09/03/2024 22:30:00,25.31,0.00,PMXC6,VT
09/03/2024 22:40:00,25.09,0.00,PMXC6,VT
09/03/2024 22:50:00,24.88,0.00,PMXC6,VT
09/03/2024 23:00:00,24.66,0.00,PMXC6,VT
09/03/2024 23:10:00,24.45,0.00,PMXC6,VT
09/03/2024 23:20:00,24.24,0.00,PMXC6,VT
09/03/2024 23:30:00,24.02,0.00,PMXC6,VT
09/03/2024 23:40:00,23.81,0.00,PMXC6,VT
09/03/2024 23:50:00,23.59,0.00,PMXC6,VT
09/04/2024 00:00:00,23.38,0.00,PMXC6,VT
09/04/2024 00:10:00,23.16,0.00,PMXC6,VT
09/04/2024 00:20:00,22.91,0.00,PMXC6,VT
09/04/2024 00:30:00,22.69,0.00,PMXC6,VT
09/04/2024 00:40:00,22.56,0.00,PMXC6,VT
09/04/2024 00:50:00,22.65,0.00,PMXC6,VT
09/04/2024 01:00:00,22.73,0.00,PMXC6,VT
09/04/2024 01:10:00,22.86,0.00,PMXC6,VT
09/04/2024 01:20:00,23.03,0.00,PMXC6,VT
09/04/2024 01:30:00,23.21,0.00,PMXC6,VT
09/04/2024 01:40:00,23.34,0.00,PMXC6,VT
09/04/2024 01:50:00,23.55,0.00,PMXC6,VT
09/04/2024 02:00:00,23.72,0.00,PMXC6,VT
09/04/2024 02:10:00,23.98,0.00,PMXC6,VT
09/04/2024 02:20:00,24.15,0.00,PMXC6,VT
09/04/2024 02:30:00,24.32,0.00,PMXC6,VT
09/04/2024 02:40:00,24.58,0.00,PMXC6,VT
09/04/2024 02:50:00,24.75,0.00,PMXC6,VT
09/04/2024 03:00:00,24.97,0.00,PMXC6,VT
09/04/2024 03:10:00,25.14,0.00,PMXC6,VT
09/04/2024 03:20:00,25.35,0.00,PMXC6,VT
09/04/2024 03:30:00,25.57,0.00,PMXC6,VT
09/04/2024 03:40:00,25.82,0.00,PMXC6,VT
09/04/2024 03:50:00,26.04,0.00,PMXC6,VT
09/04/2024 04:00:00,26.21,0.00,PMXC6,VT
09/04/2024 04:10:00,26.47,0.00,PMXC6,VT
09/04/2024 04:20:00,26.64,0.00,PMXC6,VT
09/04/2024 04:30:00,26.90,0.00,PMXC6,VT
09/04/2024 04:40:00,27.11,0.00,PMXC6,VT
09/04/2024 04:50:00,27.32,0.00,PMXC6,VT
09/04/2024 05:00:00,27.54,0.00,PMXC6,VT
09/04/2024 05:10:00,27.75,0.00,PMXC6,VT
09/04/2024 05:20:00,27.97,0.00,PMXC6,VT
09/04/2024 05:30:00,28.18,0.00,PMXC6,VT
09/04/2024 05:40:00,28.35,0.00,PMXC6,VT
09/04/2024 05:50:00,28.61,0.00,PMXC6,VT
09/04/2024 06:00:00,28.83,0.00,PMXC6,VT
09/04/2024 06:10:00,29.00,0.00,PMXC6,VT
09/04/2024 06:20:00,29.26,0.00,PMXC6,VT
09/04/2024 06:30:00,29.47,0.00,PMXC6,VT
09/04/2024 06:40:00,29.60,0.00,PMXC6,VT
09/04/2024 06:50:00,29.56,0.00,PMXC6,VT
09/04/2024 07:00:00,29.47,0.00,PMXC6,VT
09/04/2024 07:10:00,29.30,0.00,PMXC6,VT
09/04/2024 07:20:00,29.13,0.00,PMXC6,VT
09/04/2024 07:30:00,29.00,0.00,PMXC6,VT
09/04/2024 07:40:00,28.74,0.00,PMXC6,VT
09/04/2024 07:50:00,28.61,0.00,PMXC6,VT
09/04/2024 08:00:00,28.40,0.00,PMXC6,VT
09/04/2024 08:10:00,28.23,0.00,PMXC6,VT
09/04/2024 08:20:00,27.97,0.00,PMXC6,VT
09/04/2024 08:30:00,27.84,0.00,PMXC6,VT
09/04/2024 08:40:00,27.58,0.00,PMXC6,VT
09/04/2024 08:50:00,27.37,0.00,PMXC6,VT
09/04/2024 09:00:00,27.20,0.00,PMXC6,VT
09/04/2024 09:10:00,27.02,0.00,PMXC6,VT
09/04/2024 09:20:00,26.81,0.00,PMXC6,VT
09/04/2024 09:30:00,26.55,0.00,PMXC6,VT
09/04/2024 09:40:00,26.38,0.00,PMXC6,VT
09/04/2024 09:50:00,26.21,0.00,PMXC6,VT
09/04/2024 10:00:00,25.95,0.00,PMXC6,VT
09/04/2024 10:10:00,25.74,0.00,PMXC6,VT
09/04/2024 10:20:00,25.52,0.00,PMXC6,VT
09/04/2024 10:30:00,25.31,0.00,PMXC6,VT
09/04/2024 10:40:00,25.09,0.00,PMXC6,VT
09/04/2024 10:50:00,24.88,0.00,PMXC6,VT
09/04/2024 11:00:00,24.66,0.00,PMXC6,VT
09/04/2024 11:10:00,24.45,0.00,PMXC6,VT
09/04/2024 11:20:00,24.24,0.00,PMXC6,VT
09/04/2024 11:30:00,24.02,0.00,PMXC6,VT
09/04/2024 11:40:00,23.81,0.00,PMXC6,VT
09/04/2024 11:50:00,23.64,0.00,PMXC6,VT
09/04/2024 12:00:00,23.38,0.00,PMXC6,VT
09/04/2024 12:10:00,23.03,0.00,PMXC6,VT
09/04/2024 12:20:00,22.78,0.00,PMXC6,VT
09/04/2024 12:30:00,22.52,0.00,PMXC6,VT
09/04/2024 12:40:00,22.43,0.00,PMXC6,VT
09/04/2024 12:50:00,22.43,0.00,PMXC6,VT
09/04/2024 13:00:00,22.52,0.00,PMXC6,VT
09/04/2024 13:10:00,22.78,0.00,PMXC6,VT
09/04/2024 13:20:00,22.95,0.00,PMXC6,VT
09/04/2024 13:30:00,23.12,0.00,PMXC6,VT
09/04/2024 13:40:00,23.34,0.00,PMXC6,VT
09/04/2024 13:50:00,23.51,0.00,PMXC6,VT
09/04/2024 14:00:00,23.72,0.00,PMXC6,VT
09/04/2024 14:10:00,23.89,0.00,PMXC6,VT
09/04/2024 14:20:00,24.15,0.00,PMXC6,VT
09/04/2024 14:30:00,24.36,0.00,PMXC6,VT
09/04/2024 14:40:00,24.62,0.00,PMXC6,VT
09/04/2024 14:50:00,24.79,0.00,PMXC6,VT
09/04/2024 15:00:00,25.01,0.00,PMXC6,VT
09/04/2024 15:10:00,25.22,0.00,PMXC6,VT
09/04/2024 15:20:00,25.44,0.00,PMXC6,VT
09/04/2024 15:30:00,25.61,0.00,PMXC6,VT
09/04/2024 15:40:00,25.87,0.00,PMXC6,VT
09/04/2024 15:50:00,26.04,0.00,PMXC6,VT
09/04/2024 16:00:00,26.30,0.00,PMXC6,VT
09/04/2024 16:10:00,26.51,0.00,PMXC6,VT
09/04/2024 16:20:00,26.77,0.00,PMXC6,VT
09/04/2024 16:30:00,26.94,0.00,PMXC6,VT
09/04/2024 16:40:00,27.15,0.00,PMXC6,VT
09/04/2024 16:50:00,27.41,0.00,PMXC6,VT
09/04/2024 17:00:00,27.58,0.00,PMXC6,VT
09/04/2024 17:10:00,27.80,0.00,PMXC6,VT
09/04/2024 17:20:00,28.01,0.00,PMXC6,VT
09/04/2024 17:30:00,28.27,0.00,PMXC6,VT
09/04/2024 17:40:00,28.40,0.00,PMXC6,VT
09/04/2024 17:50:00,28.65,0.00,PMXC6,VT
09/04/2024 18:00:00,28.87,0.00,PMXC6,VT
09/04/2024 18:10:00,29.17,0.00,PMXC6,VT
09/04/2024 18:20:00,29.38,0.00,PMXC6,VT
09/04/2024 18:30:00,29.56,0.00,PMXC6,VT
09/04/2024 18:40:00,29.68,0.00,PMXC6,VT
09/04/2024 18:50:00,29.56,0.00,PMXC6,VT
09/04/2024 19:00:00,29.47,0.00,PMXC6,VT
09/04/2024 19:10:00,29.30,0.00,PMXC6,VT
09/04/2024 19:20:00,29.13,0.00,PMXC6,VT
09/04/2024 19:30:00,28.95,0.00,PMXC6,VT
09/04/2024 19:40:00,28.74,0.00,PMXC6,VT
09/04/2024 19:50:00,28.57,0.00,PMXC6,VT
09/04/2024 20:00:00,28.31,0.00,PMXC6,VT
09/04/2024 20:10:00,28.18,0.00,PMXC6,VT
09/04/2024 20:20:00,27.93,0.00,PMXC6,VT
09/04/2024 20:30:00,27.75,0.00,PMXC6,VT
09/04/2024 20:40:00,27.54,0.00,PMXC6,VT
09/04/2024 20:50:00,27.37,0.00,PMXC6,VT
09/04/2024 21:00:00,27.11,0.00,PMXC6,VT
09/04/2024 21:10:00,26.90,0.00,PMXC6,VT
09/04/2024 21:20:00,26.64,0.00,PMXC6,VT
09/04/2024 21:30:00,26.51,0.00,PMXC6,VT
09/04/2024 21:40:00,26.25,0.00,PMXC6,VT
09/04/2024 21:50:00,26.04,0.00,PMXC6,VT
09/04/2024 22:00:00,25.82,0.00,PMXC6,VT
09/04/2024 22:10:00,25.61,0.00,PMXC6,VT
09/04/2024 22:20:00,25.39,0.00,PMXC6,VT
09/04/2024 22:30:00,25.14,0.00,PMXC6,VT
09/04/2024 22:40:00,24.97,0.00,PMXC6,VT
09/04/2024 22:50:00,24.75,0.00,PMXC6,VT
09/04/2024 23:00:00,24.54,0.00,PMXC6,VT
09/04/2024 23:10:00,24.28,0.00,PMXC6,VT
09/04/2024 23:20:00,24.06,0.00,PMXC6,VT
09/04/2024 23:30:00,23.85,0.00,PMXC6,VT
09/04/2024 23:40:00,23.68,0.00,PMXC6,VT
09/04/2024 23:50:00,23.42,0.00,PMXC6,VT
09/05/2024 00:00:00,23.21,0.00,PMXC6,VT
09/05/2024 00:10:00,22.99,0.00,PMXC6,VT
09/05/2024 00:20:00,22.78,0.00,PMXC6,VT
09/05/2024 00:30:00,22.56,0.00,PMXC6,VT
09/05/2024 00:40:00,22.43,0.00,PMXC6,VT
09/05/2024 00:50:00,22.52,0.00,PMXC6,VT
09/05/2024 01:00:00,22.69,0.00,PMXC6,VT
09/05/2024 01:10:00,22.82,0.00,PMXC6,VT
09/05/2024 01:20:00,22.99,0.00,PMXC6,VT
09/05/2024 01:30:00,23.12,0.00,PMXC6,VT
09/05/2024 01:40:00,23.38,0.00,PMXC6,VT
09/05/2024 01:50:00,23.55,0.00,PMXC6,VT
09/05/2024 02:00:00,23.76,0.00,PMXC6,VT
09/05/2024 02:10:00,23.98,0.00,PMXC6,VT
09/05/2024 02:20:00,24.15,0.00,PMXC6,VT
09/05/2024 02:30:00,24.41,0.00,PMXC6,VT
09/05/2024 02:40:00,24.58,0.00,PMXC6,VT
09/05/2024 02:50:00,24.84,0.00,PMXC6,VT
09/05/2024 03:00:00,24.97,0.00,PMXC6,VT
09/05/2024 03:10:00,25.18,0.00,PMXC6,VT
09/05/2024 03:20:00,25.44,0.00,PMXC6,VT
09/05/2024 03:30:00,25.65,0.00,PMXC6,VT
09/05/2024 03:40:00,25.87,0.00,PMXC6,VT
09/05/2024 03:50:00,26.04,0.00,PMXC6,VT
09/05/2024 04:00:00,26.25,0.00,PMXC6,VT
09/05/2024 04:10:00,26.51,0.00,PMXC6,VT
09/05/2024 04:20:00,26.68,0.00,PMXC6,VT
09/05/2024 04:30:00,26.94,0.00,PMXC6,VT
09/05/2024 04:40:00,27.15,0.00,PMXC6,VT
09/05/2024 04:50:00,27.37,0.00,PMXC6,VT
09/05/2024 05:00:00,27.54,0.00,PMXC6,VT
09/05/2024 05:10:00,27.80,0.00,PMXC6,VT
09/05/2024 05:20:00,28.01,0.00,PMXC6,VT
09/05/2024 05:30:00,28.23,0.00,PMXC6,VT
09/05/2024 05:40:00,28.40,0.00,PMXC6,VT
09/05/2024 05:50:00,28.61,0.00,PMXC6,VT
09/05/2024 06:00:00,28.91,0.00,PMXC6,VT
09/05/2024 06:10:00,29.08,0.00,PMXC6,VT
09/05/2024 06:20:00,29.26,0.00,PMXC6,VT
09/05/2024 06:30:00,29.51,0.00,PMXC6,VT
09/05/2024 06:40:00,29.64,0.00,PMXC6,VT
09/05/2024 06:50:00,29.60,0.00,PMXC6,VT
09/05/2024 07:00:00,29.43,0.00,PMXC6,VT
09/05/2024 07:10:00,29.26,0.00,PMXC6,VT
09/05/2024 07:20:00,29.13,0.00,PMXC6,VT
09/05/2024 07:30:00,28.91,0.00,PMXC6,VT
09/05/2024 07:40:00,28.74,0.00,PMXC6,VT
09/05/2024 07:50:00,28.57,0.00,PMXC6,VT
09/05/2024 08:00:00,28.31,0.00,PMXC6,VT
09/05/2024 08:10:00,28.14,0.00,PMXC6,VT
09/05/2024 08:20:00,27.93,0.00,PMXC6,VT
09/05/2024 08:30:00,27.71,0.00,PMXC6,VT
09/05/2024 08:40:00,27.54,0.00,PMXC6,VT
09/05/2024 08:50:00,27.28,0.00,PMXC6,VT
09/05/2024 09:00:00,27.07,0.00,PMXC6,VT
09/05/2024 09:10:00,26.90,0.00,PMXC6,VT
09/05/2024 09:20:00,26.68,0.00,PMXC6,VT
09/05/2024 09:30:00,26.47,0.00,PMXC6,VT
09/05/2024 09:40:00,26.30,0.00,PMXC6,VT
09/05/2024 09:50:00,26.04,0.00,PMXC6,VT
09/05/2024 10:00:00,25.82,0.00,PMXC6,VT
09/05/2024 10:10:00,25.61,0.00,PMXC6,VT
09/05/2024 10:20:00,25.39,0.00,PMXC6,VT
09/05/2024 10:30:00,25.18,0.00,PMXC6,VT
09/05/2024 10:40:00,24.97,0.00,PMXC6,VT
09/05/2024 10:50:00,24.79,0.00,PMXC6,VT
09/05/2024 11:00:00,24.54,0.00,PMXC6,VT
09/05/2024 11:10:00,24.32,0.00,PMXC6,VT
09/05/2024 11:20:00,24.11,0.00,PMXC6,VT
09/05/2024 11:30:00,23.89,0.00,PMXC6,VT
09/05/2024 11:40:00,23.68,0.00,PMXC6,VT
09/05/2024 11:50:00,23.46,0.00,PMXC6,VT
09/05/2024 12:00:00,23.25,0.00,PMXC6,VT
09/05/2024 12:10:00,23.03,0.00,PMXC6,VT
09/05/2024 12:20:00,22.82,0.00,PMXC6,VT
09/05/2024 12:30:00,22.61,0.00,PMXC6,VT
09/05/2024 12:40:00,22.43,0.00,PMXC6,VT
09/05/2024 12:50:00,22.56,0.00,PMXC6,VT
09/05/2024 13:00:00,22.69,0.00,PMXC6,VT
09/05/2024 13:10:00,22.86,0.00,PMXC6,VT
09/05/2024 13:20:00,23.03,0.00,PMXC6,VT
09/05/2024 13:30:00,23.21,0.00,PMXC6,VT
09/05/2024 13:40:00,23.38,0.00,PMXC6,VT
09/05/2024 13:50:00,23.59,0.00,PMXC6,VT
09/05/2024 14:00:00,23.76,0.00,PMXC6,VT
09/05/2024 14:10:00,23.94,0.00,PMXC6,VT
09/05/2024 14:20:00,24.15,0.00,PMXC6,VT
09/05/2024 14:30:00,24.36,0.00,PMXC6,VT
09/05/2024 14:40:00,24.62,0.00,PMXC6,VT
09/05/2024 14:50:00,24.84,0.00,PMXC6,VT
09/05/2024 15:00:00,25.01,0.00,PMXC6,VT
09/05/2024 15:10:00,25.27,0.00,PMXC6,VT
09/05/2024 15:20:00,25.44,0.00,PMXC6,VT
09/05/2024 15:30:00,25.69,0.00,PMXC6,VT
09/05/2024 15:40:00,25.87,0.00,PMXC6,VT
09/05/2024 15:50:00,26.08,0.00,PMXC6,VT
09/05/2024 16:00:00,26.30,0.00,PMXC6,VT
09/05/2024 16:10:00,26.51,0.00,PMXC6,VT
09/05/2024 16:20:00,26.77,0.00,PMXC6,VT
09/05/2024 16:30:00,26.98,0.00,PMXC6,VT
09/05/2024 16:40:00,27.11,0.00,PMXC6,VT
09/05/2024 16:50:00,27.37,0.00,PMXC6,VT
09/05/2024 17:00:00,27.58,0.00,PMXC6,VT
09/05/2024 17:10:00,27.80,0.00,PMXC6,VT
09/05/2024 17:20:00,28.01,0.00,PMXC6,VT
09/05/2024 17:30:00,28.27,0.00,PMXC6,VT
09/05/2024 17:40:00,28.48,0.00,PMXC6,VT
09/05/2024 17:50:00,28.65,0.00,PMXC6,VT
09/05/2024 18:00:00,28.91,0.00,PMXC6,VT
09/05/2024 18:10:00,29.08,0.00,PMXC6,VT
09/05/2024 18:20:00,29.34,0.00,PMXC6,VT
09/05/2024 18:30:00,29.51,0.00,PMXC6,VT
09/05/2024 18:40:00,29.68,0.00,PMXC6,VT
09/05/2024 18:50:00,29.60,0.00,PMXC6,VT
09/05/2024 19:00:00,29.43,0.00,PMXC6,VT
09/05/2024 19:10:00,29.30,0.00,PMXC6,VT
09/05/2024 19:20:00,29.13,0.00,PMXC6,VT
09/05/2024 19:30:00,29.00,0.00,PMXC6,VT
09/05/2024 19:40:00,28.74,0.00,PMXC6,VT
09/05/2024 19:50:00,28.57,0.00,PMXC6,VT
09/05/2024 20:00:00,28.35,0.00,PMXC6,VT
09/05/2024 20:10:00,28.18,0.00,PMXC6,VT
09/05/2024 20:20:00,27.93,0.00,PMXC6,VT
09/05/2024 20:30:00,27.71,0.00,PMXC6,VT
09/05/2024 20:40:00,27.54,0.00,PMXC6,VT
09/05/2024 20:50:00,27.32,0.00,PMXC6,VT
09/05/2024 21:00:00,27.15,0.00,PMXC6,VT
09/05/2024 21:10:00,26.90,0.00,PMXC6,VT
09/05/2024 21:20:00,26.72,0.00,PMXC6,VT
09/05/2024 21:30:00,26.47,0.00,PMXC6,VT
09/05/2024 21:40:00,26.30,0.00,PMXC6,VT
09/05/2024 21:50:00,26.04,0.00,PMXC6,VT
09/05/2024 22:00:00,25.87,0.00,PMXC6,VT
09/05/2024 22:10:00,25.57,0.00,PMXC6,VT
09/05/2024 22:20:00,25.39,0.00,PMXC6,VT
09/05/2024 22:30:00,25.18,0.00,PMXC6,VT
09/05/2024 22:40:00,24.97,0.00,PMXC6,VT
09/05/2024 22:50:00,24.75,0.00,PMXC6,VT
09/05/2024 23:00:00,24.54,0.00,PMXC6,VT
09/05/2024 23:10:00,24.32,0.00,PMXC6,VT
09/05/2024 23:20:00,24.06,0.00,PMXC6,VT
09/05/2024 23:30:00,23.85,0.00,PMXC6,VT
09/05/2024 23:40:00,23.64,0.00,PMXC6,VT
09/05/2024 23:50:00,23.46,0.00,PMXC6,VT
09/06/2024 00:00:00,23.25,0.00,PMXC6,VT
09/06/2024 00:10:00,22.99,0.00,PMXC6,VT
09/06/2024 00:20:00,22.78,0.00,PMXC6,VT
09/06/2024 00:30:00,22.61,0.00,PMXC6,VT
09/06/2024 00:40:00,22.48,0.00,PMXC6,VT
09/06/2024 00:50:00,22.52,0.00,PMXC6,VT
09/06/2024 01:00:00,22.65,0.00,PMXC6,VT
09/06/2024 01:10:00,22.82,0.00,PMXC6,VT
09/06/2024 01:20:00,22.99,0.00,PMXC6,VT
09/06/2024 01:30:00,23.12,0.00,PMXC6,VT
09/06/2024 01:40:00,23.29,0.00,PMXC6,VT
09/06/2024 01:50:00,23.55,0.00,PMXC6,VT
09/06/2024 02:00:00,23.76,0.00,PMXC6,VT
09/06/2024 02:10:00,23.94,0.00,PMXC6,VT
09/06/2024 02:20:00,24.19,0.00,PMXC6,VT
09/06/2024 02:30:00,24.36,0.00,PMXC6,VT
09/06/2024 02:40:00,24.58,0.00,PMXC6,VT
09/06/2024 02:50:00,24.79,0.00,PMXC6,VT
09/06/2024 03:00:00,25.01,0.00,PMXC6,VT
09/06/2024 03:10:00,25.22,0.00,PMXC6,VT
09/06/2024 03:20:00,25.39,0.00,PMXC6,VT
09/06/2024 03:30:00,25.65,0.00,PMXC6,VT
09/06/2024 03:40:00,25.91,0.00,PMXC6,VT
09/06/2024 03:50:00,26.08,0.00,PMXC6,VT
09/06/2024 04:00:00,26.30,0.00,PMXC6,VT
09/06/2024 04:10:00,26.51,0.00,PMXC6,VT
09/06/2024 04:20:00,26.72,0.00,PMXC6,VT
09/06/2024 04:30:00,26.94,0.00,PMXC6,VT
09/06/2024 04:40:00,27.15,0.00,PMXC6,VT
09/06/2024 04:50:00,27.28,0.00,PMXC6,VT
09/06/2024 05:00:00,27.58,0.00,PMXC6,VT
09/06/2024 05:10:00,27.75,0.00,PMXC6,VT
09/06/2024 05:20:00,28.01,0.00,PMXC6,VT
09/06/2024 05:30:00,28.23,0.00,PMXC6,VT
09/06/2024 05:40:00,28.44,0.00,PMXC6,VT
09/06/2024 05:50:00,28.65,0.00,PMXC6,VT
09/06/2024 06:00:00,28.87,0.00,PMXC6,VT
09/06/2024 06:10:00,29.13,0.00,PMXC6,VT
09/06/2024 06:20:00,29.30,0.00,PMXC6,VT
09/06/2024 06:30:00,29.56,0.00,PMXC6,VT
09/06/2024 06:40:00,29.64,0.00,PMXC6,VT
09/06/2024 06:50:00,29.60,0.00,PMXC6,VT
09/06/2024 07:00:00,29.43,0.00,PMXC6,VT
09/06/2024 07:10:00,29.30,0.00,PMXC6,VT
09/06/2024 07:20:00,29.08,0.00,PMXC6,VT
09/06/2024 07:30:00,28.91,0.00,PMXC6,VT
09/06/2024 07:40:00,28.70,0.00,PMXC6,VT
09/06/2024 07:50:00,28.53,0.00,PMXC6,VT
09/06/2024 08:00:00,28.31,0.00,PMXC6,VT
09/06/2024 08:10:00,28.10,0.00,PMXC6,VT
09/06/2024 08:20:00,27.93,0.00,PMXC6,VT
09/06/2024 08:30:00,27.75,0.00,PMXC6,VT
09/06/2024 08:40:00,27.54,0.00,PMXC6,VT
09/06/2024 08:50:00,27.28,0.00,PMXC6,VT
09/06/2024 09:00:00,27.11,0.00,PMXC6,VT
09/06/2024 09:10:00,26.85,0.00,PMXC6,VT
09/06/2024 09:20:00,26.68,0.00,PMXC6,VT
09/06/2024 09:30:00,26.51,0.00,PMXC6,VT
09/06/2024 09:40:00,26.25,0.00,PMXC6,VT
09/06/2024 09:50:00,26.04,0.00,PMXC6,VT
09/06/2024 10:00:00,25.82,0.00,PMXC6,VT
09/06/2024 10:10:00,25.61,0.00,PMXC6,VT
09/06/2024 10:20:00,25.39,0.00,PMXC6,VT
09/06/2024 10:30:00,25.18,0.00,PMXC6,VT
09/06/2024 10:40:00,24.97,0.00,PMXC6,VT
09/06/2024 10:50:00,24.71,0.00,PMXC6,VT
09/06/2024 11:00:00,24.58,0.00,PMXC6,VT
09/06/2024 11:10:00,24.36,0.00,PMXC6,VT
09/06/2024 11:20:00,24.11,0.00,PMXC6,VT
09/06/2024 11:30:00,23.94,0.00,PMXC6,VT
09/06/2024 11:40:00,23.68,0.00,PMXC6,VT
09/06/2024 11:50:00,23.46,0.00,PMXC6,VT
09/06/2024 12:00:00,23.21,0.00,PMXC6,VT
09/06/2024 12:10:00,23.03,0.00,PMXC6,VT
09/06/2024 12:20:00,22.82,0.00,PMXC6,VT
09/06/2024 12:30:00,22.61,0.00,PMXC6,VT
09/06/2024 12:40:00,22.48,0.00,PMXC6,VT
09/06/2024 12:50:00,22.52,0.00,PMXC6,VT
09/06/2024 13:00:00,22.69,0.00,PMXC6,VT
09/06/2024 13:10:00,22.82,0.00,PMXC6,VT
09/06/2024 13:20:00,23.03,0.00,PMXC6,VT
09/06/2024 13:30:00,23.21,0.00,PMXC6,VT
09/06/2024 13:40:00,23.42,0.00,PMXC6,VT
09/06/2024 13:50:00,23.59,0.00,PMXC6,VT
09/06/2024 14:00:00,23.76,0.00,PMXC6,VT
09/06/2024 14:10:00,23.98,0.00,PMXC6,VT
09/06/2024 14:20:00,24.15,0.00,PMXC6,VT
09/06/2024 14:30:00,24.41,0.00,PMXC6,VT
09/06/2024 14:40:00,24.62,0.00,PMXC6,VT
09/06/2024 14:50:00,24.79,0.00,PMXC6,VT
09/06/2024 15:00:00,25.05,0.00,PMXC6,VT
09/06/2024 15:10:00,25.22,0.00,PMXC6,VT
09/06/2024 15:20:00,25.48,0.00,PMXC6,VT
09/06/2024 15:30:00,25.65,0.00,PMXC6,VT
09/06/2024 15:40:00,25.87,0.00,PMXC6,VT
09/06/2024 15:50:00,26.08,0.00,PMXC6,VT
09/06/2024 16:00:00,26.30,0.00,PMXC6,VT
09/06/2024 16:10:00,26.51,0.00,PMXC6,VT
09/06/2024 16:20:00,26.77,0.00,PMXC6,VT
09/06/2024 16:30:00,26.94,0.00,PMXC6,VT
09/06/2024 16:40:00,27.20,0.00,PMXC6,VT
09/06/2024 16:50:00,27.37,0.00,PMXC6,VT
09/06/2024 17:00:00,27.58,0.00,PMXC6,VT
09/06/2024 17:10:00,27.80,0.00,PMXC6,VT
09/06/2024 17:20:00,28.05,0.00,PMXC6,VT
09/06/2024 17:30:00,28.23,0.00,PMXC6,VT
09/06/2024 17:40:00,28.44,0.00,PMXC6,VT
09/06/2024 17:50:00,28.70,0.00,PMXC6,VT
09/06/2024 18:00:00,28.91,0.00,PMXC6,VT
09/06/2024 18:10:00,29.17,0.00,PMXC6,VT
09/06/2024 18:20:00,29.34,0.00,PMXC6,VT
09/06/2024 18:30:00,29.56,0.00,PMXC6,VT
09/06/2024 18:40:00,29.64,0.00,PMXC6,VT
09/06/2024 18:50:00,29.60,0.00,PMXC6,VT
09/06/2024 19:00:00,29.51,0.00,PMXC6,VT
09/06/2024 19:10:00,29.30,0.00,PMXC6,VT
09/06/2024 19:20:00,29.13,0.00,PMXC6,VT
09/06/2024 19:30:00,28.95,0.00,PMXC6,VT
09/06/2024 19:40:00,28.74,0.00,PMXC6,VT
09/06/2024 19:50:00,28.53,0.00,PMXC6,VT
09/06/2024 20:00:00,28.35,0.00,PMXC6,VT
09/06/2024 20:10:00,28.14,0.00,PMXC6,VT
09/06/2024 20:20:00,27.93,0.00,PMXC6,VT
09/06/2024 20:30:00,27.75,0.00,PMXC6,VT
09/06/2024 20:40:00,27.54,0.00,PMXC6,VT
09/06/2024 20:50:00,27.32,0.00,PMXC6,VT
09/06/2024 21:00:00,27.11,0.00,PMXC6,VT
09/06/2024 21:10:00,26.90,0.00,PMXC6,VT
09/06/2024 21:20:00,26.68,0.00,PMXC6,VT
09/06/2024 21:30:00,26.51,0.00,PMXC6,VT
09/06/2024 21:40:00,26.25,0.00,PMXC6,VT
09/06/2024 21:50:00,26.08,0.00,PMXC6,VT
09/06/2024 22:00:00,25.82,0.00,PMXC6,VT
09/06/2024 22:10:00,25.61,0.00,PMXC6,VT
09/06/2024 22:20:00,25.44,0.00,PMXC6,VT
09/06/2024 22:30:00,25.18,0.00,PMXC6,VT
09/06/2024 22:40:00,24.97,0.00,PMXC6,VT
09/06/2024 22:50:00,24.75,0.00,PMXC6,VT
09/06/2024 23:00:00,24.54,0.00,PMXC6,VT
09/06/2024 23:10:00,24.28,0.00,PMXC6,VT
09/06/2024 23:20:00,24.11,0.00,PMXC6,VT
09/06/2024 23:30:00,23.85,0.00,PMXC6,VT
09/06/2024 23:40:00,23.68,0.00,PMXC6,VT
09/06/2024 23:50:00,23.42,0.00,PMXC6,VT
09/07/2024 00:00:00,23.21,0.00,PMXC6,VT
09/07/2024 00:10:00,23.03,0.00,PMXC6,VT
09/07/2024 00:20:00,22.78,0.00,PMXC6,VT
09/07/2024 00:30:00,22.61,0.00,PMXC6,VT
09/07/2024 00:40:00,22.43,0.00,PMXC6,VT
09/07/2024 00:50:00,22.52,0.00,PMXC6,VT
09/07/2024 01:00:00,22.65,0.00,PMXC6,VT
09/07/2024 01:10:00,22.82,0.00,PMXC6,VT
09/07/2024 01:20:00,22.95,0.00,PMXC6,VT
09/07/2024 01:30:00,23.21,0.00,PMXC6,VT
09/07/2024 01:40:00,23.34,0.00,PMXC6,VT
09/07/2024 01:50:00,23.59,0.00,PMXC6,VT
09/07/2024 02:00:00,23.76,0.00,PMXC6,VT
09/07/2024 02:10:00,23.98,0.00,PMXC6,VT
09/07/2024 02:20:00,24.19,0.00,PMXC6,VT
09/07/2024 02:30:00,24.36,0.00,PMXC6,VT
09/07/2024 02:40:00,24.54,0.00,PMXC6,VT
09/07/2024 02:50:00,24.79,0.00,PMXC6,VT
09/07/2024 03:00:00,25.01,0.00,PMXC6,VT
09/07/2024 03:10:00,25.22,0.00,PMXC6,VT
09/07/2024 03:20:00,25.44,0.00,PMXC6,VT
09/07/2024 03:30:00,25.61,0.00,PMXC6,VT
09/07/2024 03:40:00,25.87,0.00,PMXC6,VT
09/07/2024 03:50:00,26.08,0.00,PMXC6,VT
09/07/2024 04:00:00,26.25,0.00,PMXC6,VT
09/07/2024 04:10:00,26.51,0.00,PMXC6,VT
09/07/2024 04:20:00,26.68,0.00,PMXC6,VT
09/07/2024 04:30:00,26.90,0.00,PMXC6,VT
09/07/2024 04:40:00,27.15,0.00,PMXC6,VT
09/07/2024 04:50:00,27.37,0.00,PMXC6,VT
09/07/2024 05:00:00,27.58,0.00,PMXC6,VT
09/07/2024 05:10:00,27.80,0.00,PMXC6,VT
09/07/2024 05:20:00,28.01,0.00,PMXC6,VT
09/07/2024 05:30:00,28.23,0.00,PMXC6,VT
09/07/2024 05:40:00,28.44,0.00,PMXC6,VT
09/07/2024 05:50:00,28.65,0.00,PMXC6,VT
09/07/2024 06:00:00,28.87,0.00,PMXC6,VT
09/07/2024 06:10:00,29.13,0.00,PMXC6,VT
09/07/2024 06:20:00,29.34,0.00,PMXC6,VT
09/07/2024 06:30:00,29.56,0.00,PMXC6,VT
09/07/2024 06:40:00,29.64,0.00,PMXC6,VT
09/07/2024 06:50:00,29.60,0.00,PMXC6,VT
09/07/2024 07:00:00,29.43,0.00,PMXC6,VT
09/07/2024 07:10:00,29.26,0.00,PMXC6,VT
09/07/2024 07:20:00,29.13,0.00,PMXC6,VT
09/07/2024 07:30:00,28.95,0.00,PMXC6,VT
09/07/2024 07:40:00,28.70,0.00,PMXC6,VT
09/07/2024 07:50:00,28.53,0.00,PMXC6,VT
09/07/2024 08:00:00,28.35,0.00,PMXC6,VT
09/07/2024 08:10:00,28.10,0.00,PMXC6,VT
09/07/2024 08:20:00,27.88,0.00,PMXC6,VT
09/07/2024 08:30:00,27.71,0.00,PMXC6,VT
09/07/2024 08:40:00,27.54,0.00,PMXC6,VT
09/07/2024 08:50:00,27.28,0.00,PMXC6,VT
09/07/2024 09:00:00,27.07,0.00,PMXC6,VT
09/07/2024 09:10:00,26.90,0.00,PMXC6,VT
09/07/2024 09:20:00,26.68,0.00,PMXC6,VT
09/07/2024 09:30:00,26.47,0.00,PMXC6,VT
09/07/2024 09:40:00,26.25,0.00,PMXC6,VT
09/07/2024 09:50:00,26.04,0.00,PMXC6,VT
09/07/2024 10:00:00,25.82,0.00,PMXC6,VT
09/07/2024 10:10:00,25.65,0.00,PMXC6,VT
09/07/2024 10:20:00,25.35,0.00,PMXC6,VT
09/07/2024 10:30:00,25.18,0.00,PMXC6,VT
09/07/2024 10:40:00,24.97,0.00,PMXC6,VT
09/07/2024 10:50:00,24.75,0.00,PMXC6,VT
09/07/2024 11:00:00,24.54,0.00,PMXC6,VT
09/07/2024 11:10:00,24.32,0.00,PMXC6,VT
09/07/2024 11:20:00,24.15,0.00,PMXC6,VT
09/07/2024 11:30:00,23.89,0.00,PMXC6,VT
09/07/2024 11:40:00,23.68,0.00,PMXC6,VT
09/07/2024 11:50:00,23.46,0.00,PMXC6,VT
09/07/2024 12:00:00,23.25,0.00,PMXC6,VT
09/07/2024 12:10:00,22.99,0.00,PMXC6,VT
09/07/2024 12:20:00,22.78,0.00,PMXC6,VT
09/07/2024 12:30:00,22.52,0.00,PMXC6,VT
09/07/2024 12:40:00,22.43,0.00,PMXC6,VT
09/07/2024 12:50:00,22.52,0.00,PMXC6,VT
09/07/2024 13:00:00,22.61,0.00,PMXC6,VT
09/07/2024 13:10:00,22.82,0.00,PMXC6,VT
09/07/2024 13:20:00,22.99,0.00,PMXC6,VT
09/07/2024 13:30:00,23.21,0.00,PMXC6,VT
09/07/2024 13:40:00,23.38,0.00,PMXC6,VT
09/07/2024 13:50:00,23.51,0.00,PMXC6,VT
09/07/2024 14:00:00,23.72,0.00,PMXC6,VT
09/07/2024 14:10:00,23.94,0.00,PMXC6,VT
09/07/2024 14:20:00,24.19,0.00,PMXC6,VT
09/07/2024 14:30:00,24.41,0.00,PMXC6,VT
09/07/2024 14:40:00,24.58,0.00,PMXC6,VT
09/07/2024 14:50:00,24.75,0.00,PMXC6,VT
09/07/2024 15:00:00,25.01,0.00,PMXC6,VT
09/07/2024 15:10:00,25.22,0.00,PMXC6,VT
09/07/2024 15:20:00,25.48,0.00,PMXC6,VT
09/07/2024 15:30:00,25.65,0.00,PMXC6,VT
09/07/2024 15:40:00,25.87,0.00,PMXC6,VT
09/07/2024 15:50:00,26.12,0.00,PMXC6,VT
09/07/2024 16:00:00,26.30,0.00,PMXC6,VT
09/07/2024 16:10:00,26.51,0.00,PMXC6,VT
09/07/2024 16:20:00,26.77,0.00,PMXC6,VT
09/07/2024 16:30:00,26.94,0.00,PMXC6,VT
09/07/2024 16:40:00,27.20,0.00,PMXC6,VT
09/07/2024 16:50:00,27.37,0.00,PMXC6,VT
09/07/2024 17:00:00,27.63,0.00,PMXC6,VT
09/07/2024 17:10:00,27.84,0.00,PMXC6,VT
09/07/2024 17:20:00,28.01,0.00,PMXC6,VT
09/07/2024 17:30:00,28.27,0.00,PMXC6,VT
09/07/2024 17:40:00,28.48,0.00,PMXC6,VT
09/07/2024 17:50:00,28.70,0.00,PMXC6,VT
09/07/2024 18:00:00,28.87,0.00,PMXC6,VT
09/07/2024 18:10:00,29.08,0.00,PMXC6,VT
09/07/2024 18:20:00,29.34,0.00,PMXC6,VT
09/07/2024 18:30:00,29.56,0.00,PMXC6,VT
09/07/2024 18:40:00,29.60,0.00,PMXC6,VT
09/07/2024 18:50:00,29.56,0.00,PMXC6,VT
09/07/2024 19:00:00,29.43,0.00,PMXC6,VT
09/07/2024 19:10:00,29.26,0.00,PMXC6,VT
09/07/2024 19:20:00,29.08,0.00,PMXC6,VT
09/07/2024 19:30:00,28.95,0.00,PMXC6,VT
09/07/2024 19:40:00,28.74,0.00,PMXC6,VT
09/07/2024 19:50:00,28.57,0.00,PMXC6,VT
09/07/2024 20:00:00,28.35,0.00,PMXC6,VT
09/07/2024 20:10:00,28.14,0.00,PMXC6,VT
09/07/2024 20:20:00,27.93,0.00,PMXC6,VT
09/07/2024 20:30:00,27.75,0.00,PMXC6,VT
09/07/2024 20:40:00,27.50,0.00,PMXC6,VT
09/07/2024 20:50:00,27.32,0.00,PMXC6,VT
09/07/2024 21:00:00,27.11,0.00,PMXC6,VT
09/07/2024 21:10:00,26.85,0.00,PMXC6,VT
09/07/2024 21:20:00,26.68,0.00,PMXC6,VT
09/07/2024 21:30:00,26.51,0.00,PMXC6,VT
09/07/2024 21:40:00,26.25,0.00,PMXC6,VT
09/07/2024 21:50:00,26.04,0.00,PMXC6,VT
09/07/2024 22:00:00,25.87,0.00,PMXC6,VT
09/07/2024 22:10:00,25.61,0.00,PMXC6,VT
09/07/2024 22:20:00,25.39,0.00,PMXC6,VT
09/07/2024 22:30:00,25.18,0.00,PMXC6,VT
09/07/2024 22:40:00,24.92,0.00,PMXC6,VT
09/07/2024 22:50:00,24.71,0.00,PMXC6,VT
09/07/2024 23:00:00,24.49,0.00,PMXC6,VT
09/07/2024 23:10:00,24.28,0.00,PMXC6,VT
09/07/2024 23:20:00,24.06,0.00,PMXC6,VT
09/07/2024 23:30:00,23.89,0.00,PMXC6,VT
09/07/2024 23:40:00,23.64,0.00,PMXC6,VT
09/07/2024 23:50:00,23.46,0.00,PMXC6,VT
09/08/2024 00:00:00,23.21,0.00,PMXC6,VT
09/08/2024 00:10:00,22.99,0.00,PMXC6,VT
09/08/2024 00:20:00,22.78,0.00,PMXC6,VT
09/08/2024 00:30:00,22.56,0.00,PMXC6,VT
09/08/2024 00:40:00,22.43,0.00,PMXC6,VT
09/08/2024 00:50:00,22.52,0.00,PMXC6,VT
09/08/2024 01:00:00,22.65,0.00,PMXC6,VT
09/08/2024 01:10:00,22.82,0.00,PMXC6,VT
09/08/2024 01:20:00,23.03,0.00,PMXC6,VT
09/08/2024 01:30:00,23.12,0.00,PMXC6,VT
09/08/2024 01:40:00,23.38,0.00,PMXC6,VT
09/08/2024 01:50:00,23.64,0.00,PMXC6,VT
09/08/2024 02:00:00,23.76,0.00,PMXC6,VT
09/08/2024 02:10:00,23.98,0.00,PMXC6,VT
09/08/2024 02:20:00,24.19,0.00,PMXC6,VT
09/08/2024 02:30:00,24.41,0.00,PMXC6,VT
09/08/2024 02:40:00,24.58,0.00,PMXC6,VT
09/08/2024 02:50:00,24.79,0.00,PMXC6,VT
09/08/2024 03:00:00,24.97,0.00,PMXC6,VT
09/08/2024 03:10:00,25.18,0.00,PMXC6,VT
09/08/2024 03:20:00,25.48,0.00,PMXC6,VT
09/08/2024 03:30:00,25.61,0.00,PMXC6,VT
09/08/2024 03:40:00,25.87,0.00,PMXC6,VT
09/08/2024 03:50:00,26.04,0.00,PMXC6,VT
09/08/2024 04:00:00,26.25,0.00,PMXC6,VT
09/08/2024 04:10:00,26.47,0.00,PMXC6,VT
09/08/2024 04:20:00,26.68,0.00,PMXC6,VT
09/08/2024 04:30:00,26.94,0.00,PMXC6,VT
09/08/2024 04:40:00,27.15,0.00,PMXC6,VT
09/08/2024 04:50:00,27.37,0.00,PMXC6,VT
09/08/2024 05:00:00,27.58,0.00,PMXC6,VT
09/08/2024 05:10:00,27.80,0.00,PMXC6,VT
09/08/2024 05:20:00,28.05,0.00,PMXC6,VT
09/08/2024 05:30:00,28.23,0.00,PMXC6,VT
09/08/2024 05:40:00,28.44,0.00,PMXC6,VT
09/08/2024 05:50:00,28.65,0.00,PMXC6,VT
09/08/2024 06:00:00,28.87,0.00,PMXC6,VT
09/08/2024 06:10:00,29.13,0.00,PMXC6,VT
09/08/2024 06:20:00,29.34,0.00,PMXC6,VT
09/08/2024 06:30:00,29.51,0.00,PMXC6,VT
09/08/2024 06:40:00,29.60,0.00,PMXC6,VT
09/08/2024 06:50:00,29.56,0.00,PMXC6,VT
09/08/2024 07:00:00,29.43,0.00,PMXC6,VT
09/08/2024 07:10:00,29.26,0.00,PMXC6,VT
09/08/2024 07:20:00,29.08,0.00,PMXC6,VT
09/08/2024 07:30:00,28.87,0.00,PMXC6,VT
09/08/2024 07:40:00,28.70,0.00,PMXC6,VT
09/08/2024 07:50:00,28.53,0.00,PMXC6,VT
09/08/2024 08:00:00,28.31,0.00,PMXC6,VT
09/08/2024 08:10:00,28.14,0.00,PMXC6,VT
09/08/2024 08:20:00,27.93,0.00,PMXC6,VT
09/08/2024 08:30:00,27.71,0.00,PMXC6,VT
09/08/2024 08:40:00,27.50,0.00,PMXC6,VT
09/08/2024 08:50:00,27.28,0.00,PMXC6,VT
09/08/2024 09:00:00,27.07,0.00,PMXC6,VT
09/08/2024 09:10:00,26.90,0.00,PMXC6,VT
09/08/2024 09:20:00,26.72,0.00,PMXC6,VT
09/08/2024 09:30:00,26.47,0.00,PMXC6,VT
09/08/2024 09:40:00,26.25,0.00,PMXC6,VT
09/08/2024 09:50:00,26.04,0.00,PMXC6,VT
09/08/2024 10:00:00,25.82,0.00,PMXC6,VT
09/08/2024 10:10:00,25.61,0.00,PMXC6,VT
09/08/2024 10:20:00,25.39,0.00,PMXC6,VT
09/08/2024 10:30:00,25.14,0.00,PMXC6,VT
09/08/2024 10:40:00,24.97,0.00,PMXC6,VT
09/08/2024 10:50:00,24.71,0.00,PMXC6,VT
09/08/2024 11:00:00,24.58,0.00,PMXC6,VT
09/08/2024 11:10:00,24.32,0.00,PMXC6,VT
09/08/2024 11:20:00,24.11,0.00,PMXC6,VT
09/08/2024 11:30:00,23.89,0.00,PMXC6,VT
09/08/2024 11:40:00,23.68,0.00,PMXC6,VT
09/08/2024 11:50:00,23.42,0.00,PMXC6,VT
09/08/2024 12:00:00,23.25,0.00,PMXC6,VT
09/08/2024 12:10:00,23.03,0.00,PMXC6,VT
09/08/2024 12:20:00,22.82,0.00,PMXC6,VT
09/08/2024 12:30:00,22.61,0.00,PMXC6,VT
09/08/2024 12:40:00,22.48,0.00,PMXC6,VT
09/08/2024 12:50:00,22.56,0.00,PMXC6,VT
09/08/2024 13:00:00,22.65,0.00,PMXC6,VT
09/08/2024 13:10:00,22.86,0.00,PMXC6,VT
09/08/2024 13:20:00,23.03,0.00,PMXC6,VT
09/08/2024 13:30:00,23.25,0.00,PMXC6,VT
09/08/2024 13:40:00,23.38,0.00,PMXC6,VT
09/08/2024 13:50:00,23.59,0.00,PMXC6,VT
09/08/2024 14:00:00,23.76,0.00,PMXC6,VT
09/08/2024 14:10:00,23.98,0.00,PMXC6,VT
09/08/2024 14:20:00,24.19,0.00,PMXC6,VT
09/08/2024 14:30:00,24.41,0.00,PMXC6,VT
09/08/2024 14:40:00,24.62,0.00,PMXC6,VT
09/08/2024 14:50:00,24.84,0.00,PMXC6,VT
09/08/2024 15:00:00,25.01,0.00,PMXC6,VT
09/08/2024 15:10:00,25.22,0.00,PMXC6,VT
09/08/2024 15:20:00,25.44,0.00,PMXC6,VT
09/08/2024 15:30:00,25.69,0.00,PMXC6,VT
09/08/2024 15:40:00,25.87,0.00,PMXC6,VT
09/08/2024 15:50:00,26.08,0.00,PMXC6,VT
09/08/2024 16:00:00,26.25,0.00,PMXC6,VT
09/08/2024 16:10:00,26.55,0.00,PMXC6,VT
09/08/2024 16:20:00,26.72,0.00,PMXC6,VT
09/08/2024 16:30:00,26.94,0.00,PMXC6,VT
09/08/2024 16:40:00,27.11,0.00,PMXC6,VT
09/08/2024 16:50:00,27.37,0.00,PMXC6,VT
09/08/2024 17:00:00,27.58,0.00,PMXC6,VT
09/08/2024 17:10:00,27.84,0.00,PMXC6,VT
09/08/2024 17:20:00,28.01,0.00,PMXC6,VT
09/08/2024 17:30:00,28.27,0.00,PMXC6,VT
09/08/2024 17:40:00,28.48,0.00,PMXC6,VT
09/08/2024 17:50:00,28.65,0.00,PMXC6,VT
09/08/2024 18:00:00,28.87,0.00,PMXC6,VT
09/08/2024 18:10:00,29.08,0.00,PMXC6,VT
09/08/2024 18:20:00,29.34,0.00,PMXC6,VT
09/08/2024 18:30:00,29.56,0.00,PMXC6,VT
09/08/2024 18:40:00,29.60,0.00,PMXC6,VT
09/08/2024 18:50:00,29.56,0.00,PMXC6,VT
09/08/2024 19:00:00,29.47,0.00,PMXC6,VT
09/08/2024 19:10:00,29.26,0.00,PMXC6,VT
09/08/2024 19:20:00,29.08,0.00,PMXC6,VT
09/08/2024 19:30:00,28.95,0.00,PMXC6,VT
09/08/2024 19:40:00,28.74,0.00,PMXC6,VT
09/08/2024 19:50:00,28.53,0.00,PMXC6,VT
09/08/2024 20:00:00,28.35,0.00,PMXC6,VT
09/08/2024 20:10:00,28.14,0.00,PMXC6,VT
09/08/2024 20:20:00,27.93,0.00,PMXC6,VT
09/08/2024 20:30:00,27.71,0.00,PMXC6,VT
09/08/2024 20:40:00,27.54,0.00,PMXC6,VT
09/08/2024 20:50:00,27.32,0.00,PMXC6,VT
09/08/2024 21:00:00,27.11,0.00,PMXC6,VT
09/08/2024 21:10:00,26.90,0.00,PMXC6,VT
09/08/2024 21:20:00,26.64,0.00,PMXC6,VT
09/08/2024 21:30:00,26.42,0.00,PMXC6,VT
09/08/2024 21:40:00,26.21,0.00,PMXC6,VT
09/08/2024 21:50:00,26.04,0.00,PMXC6,VT
09/08/2024 22:00:00,25.82,0.00,PMXC6,VT
09/08/2024 22:10:00,25.57,0.00,PMXC6,VT
09/08/2024 22:20:00,25.35,0.00,PMXC6,VT
09/08/2024 22:30:00,25.18,0.00,PMXC6,VT
09/08/2024 22:40:00,24.97,0.00,PMXC6,VT
09/08/2024 22:50:00,24.71,0.00,PMXC6,VT
09/08/2024 23:00:00,24.54,0.00,PMXC6,VT
09/08/2024 23:10:00,24.28,0.00,PMXC6,VT
09/08/2024 23:20:00,24.06,0.00,PMXC6,VT
09/08/2024 23:30:00,23.89,0.00,PMXC6,VT
09/08/2024 23:40:00,23.68,0.00,PMXC6,VT
09/08/2024 23:50:00,23.42,0.00,PMXC6,VT
09/09/2024 00:00:00,23.16,0.00,PMXC6,VT
09/09/2024 00:10:00,22.99,0.00,PMXC6,VT
09/09/2024 00:20:00,22.78,0.00,PMXC6,VT
09/09/2024 00:30:00,22.52,0.00,PMXC6,VT
09/09/2024 00:40:00,22.43,0.00,PMXC6,VT
09/09/2024 00:50:00,22.52,0.00,PMXC6,VT
09/09/2024 01:00:00,22.65,0.00,PMXC6,VT
09/09/2024 01:10:00,22.82,0.00,PMXC6,VT
09/09/2024 01:20:00,22.99,0.00,PMXC6,VT
09/09/2024 01:30:00,23.12,0.00,PMXC6,VT
09/09/2024 01:40:00,23.34,0.00,PMXC6,VT
09/09/2024 01:50:00,23.55,0.00,PMXC6,VT
09/09/2024 02:00:00,23.76,0.00,PMXC6,VT
09/09/2024 02:10:00,23.98,0.00,PMXC6,VT
09/09/2024 02:20:00,24.19,0.00,PMXC6,VT
09/09/2024 02:30:00,24.32,0.00,PMXC6,VT
09/09/2024 02:40:00,24.58,0.00,PMXC6,VT
09/09/2024 02:50:00,24.79,0.00,PMXC6,VT
09/09/2024 03:00:00,25.01,0.00,PMXC6,VT
09/09/2024 03:10:00,25.18,0.00,PMXC6,VT
09/09/2024 03:20:00,25.44,0.00,PMXC6,VT
09/09/2024 03:30:00,25.61,0.00,PMXC6,VT
09/09/2024 03:40:00,25.87,0.00,PMXC6,VT
09/09/2024 03:50:00,26.08,0.00,PMXC6,VT
09/09/2024 04:00:00,26.25,0.00,PMXC6,VT
09/09/2024 04:10:00,26.51,0.00,PMXC6,VT
09/09/2024 04:20:00,26.68,0.00,PMXC6,VT
09/09/2024 04:30:00,26.90,0.00,PMXC6,VT
09/09/2024 04:40:00,27.15,0.00,PMXC6,VT
09/09/2024 04:50:00,27.32,0.00,PMXC6,VT
09/09/2024 05:00:00,27.54,0.00,PMXC6,VT
09/09/2024 05:10:00,27.75,0.00,PMXC6,VT
09/09/2024 05:20:00,27.97,0.00,PMXC6,VT
09/09/2024 05:30:00,28.27,0.00,PMXC6,VT
09/09/2024 05:40:00,28.44,0.00,PMXC6,VT
09/09/2024 05:50:00,28.65,0.00,PMXC6,VT
09/09/2024 06:00:00,28.87,0.00,PMXC6,VT
09/09/2024 06:10:00,29.08,0.00,PMXC6,VT
09/09/2024 06:20:00,29.30,0.00,PMXC6,VT
09/09/2024 06:30:00,29.56,0.00,PMXC6,VT
09/09/2024 06:40:00,29.64,0.00,PMXC6,VT
09/09/2024 06:50:00,29.56,0.00,PMXC6,VT
09/09/2024 07:00:00,29.43,0.00,PMXC6,VT
09/09/2024 07:10:00,29.26,0.00,PMXC6,VT
09/09/2024 07:20:00,29.04,0.00,PMXC6,VT
09/09/2024 07:30:00,28.87,0.00,PMXC6,VT
09/09/2024 07:40:00,28.65,0.00,PMXC6,VT
09/09/2024 07:50:00,28.53,0.00,PMXC6,VT
09/09/2024 08:00:00,28.31,0.00,PMXC6,VT
09/09/2024 08:10:00,28.10,0.00,PMXC6,VT
09/09/2024 08:20:00,27.93,0.00,PMXC6,VT
09/09/2024 08:30:00,27.71,0.00,PMXC6,VT
09/09/2024 08:40:00,27.50,0.00,PMXC6,VT
09/09/2024 08:50:00,27.24,0.00,PMXC6,VT
09/09/2024 09:00:00,27.11,0.00,PMXC6,VT
09/09/2024 09:10:00,26.90,0.00,PMXC6,VT
09/09/2024 09:20:00,26.68,0.00,PMXC6,VT
09/09/2024 09:30:00,26.47,0.00,PMXC6,VT
09/09/2024 09:40:00,26.30,0.00,PMXC6,VT
09/09/2024 09:50:00,26.04,0.00,PMXC6,VT
09/09/2024 10:00:00,25.82,0.00,PMXC6,VT
09/09/2024 10:10:00,25.61,0.00,PMXC6,VT
09/09/2024 10:20:00,25.39,0.00,PMXC6,VT
09/09/2024 10:30:00,25.18,0.00,PMXC6,VT
09/09/2024 10:40:00,24.97,0.00,PMXC6,VT
09/09/2024 10:50:00,24.75,0.00,PMXC6,VT
09/09/2024 11:00:00,24.49,0.00,PMXC6,VT
09/09/2024 11:10:00,24.32,0.00,PMXC6,VT
09/09/2024 11:20:00,24.11,0.00,PMXC6,VT
09/09/2024 11:30:00,23.89,0.00,PMXC6,VT
09/09/2024 11:40:00,23.68,0.00,PMXC6,VT
09/09/2024 11:50:00,23.46,0.00,PMXC6,VT
09/09/2024 12:00:00,23.21,0.00,PMXC6,VT
09/09/2024 12:10:00,22.99,0.00,PMXC6,VT
09/09/2024 12:20:00,22.78,0.00,PMXC6,VT
09/09/2024 12:30:00,22.56,0.00,PMXC6,VT
09/09/2024 12:40:00,22.48,0.00,PMXC6,VT
09/09/2024 12:50:00,22.52,0.00,PMXC6,VT
09/09/2024 13:00:00,22.69,0.00,PMXC6,VT
09/09/2024 13:10:00,22.82,0.00,PMXC6,VT
09/09/2024 13:20:00,22.99,0.00,PMXC6,VT
09/09/2024 13:30:00,23.21,0.00,PMXC6,VT
09/09/2024 13:40:00,23.46,0.00,PMXC6,VT
09/09/2024 13:50:00,23.59,0.00,PMXC6,VT
09/09/2024 14:00:00,23.76,0.00,PMXC6,VT
09/09/2024 14:10:00,23.94,0.00,PMXC6,VT
09/09/2024 14:20:00,24.24,0.00,PMXC6,VT
09/09/2024 14:30:00,24.41,0.00,PMXC6,VT
09/09/2024 14:40:00,24.58,0.00,PMXC6,VT
09/09/2024 14:50:00,24.79,0.00,PMXC6,VT
09/09/2024 15:00:00,25.01,0.00,PMXC6,VT
09/09/2024 15:10:00,25.22,0.00,PMXC6,VT
09/09/2024 15:20:00,25.44,0.00,PMXC6,VT
09/09/2024 15:30:00,25.65,0.00,PMXC6,VT
09/09/2024 15:40:00,25.82,0.00,PMXC6,VT
09/09/2024 15:50:00,26.08,0.00,PMXC6,VT
09/09/2024 16:00:00,26.30,0.00,PMXC6,VT
09/09/2024 16:10:00,26.51,0.00,PMXC6,VT
09/09/2024 16:20:00,26.72,0.00,PMXC6,VT
09/09/2024 16:30:00,26.94,0.00,PMXC6,VT
09/09/2024 16:40:00,27.15,0.00,PMXC6,VT
09/09/2024 16:50:00,27.37,0.00,PMXC6,VT
09/09/2024 17:00:00,27.58,0.00,PMXC6,VT
09/09/2024 17:10:00,27.80,0.00,PMXC6,VT
09/09/2024 17:20:00,28.01,0.00,PMXC6,VT
09/09/2024 17:30:00,28.18,0.00,PMXC6,VT
09/09/2024 17:40:00,28.44,0.00,PMXC6,VT
09/09/2024 17:50:00,28.70,0.00,PMXC6,VT
09/09/2024 18:00:00,28.87,0.00,PMXC6,VT
09/09/2024 18:10:00,29.13,0.00,PMXC6,VT
09/09/2024 18:20:00,29.34,0.00,PMXC6,VT
09/09/2024 18:30:00,29.56,0.00,PMXC6,VT
09/09/2024 18:40:00,29.64,0.00,PMXC6,VT
09/09/2024 18:50:00,29.60,0.00,PMXC6,VT
09/09/2024 19:00:00,29.43,0.00,PMXC6,VT
09/09/2024 19:10:00,29.30,0.00,PMXC6,VT
09/09/2024 19:20:00,29.13,0.00,PMXC6,VT
09/09/2024 19:30:00,28.95,0.00,PMXC6,VT
09/09/2024 19:40:00,28.70,0.00,PMXC6,VT
09/09/2024 19:50:00,28.57,0.00,PMXC6,VT
09/09/2024 20:00:00,28.35,0.00,PMXC6,VT
09/09/2024 20:10:00,28.18,0.00,PMXC6,VT
09/09/2024 20:20:00,27.93,0.00,PMXC6,VT
09/09/2024 20:30:00,27.75,0.00,PMXC6,VT
09/09/2024 20:40:00,27.50,0.00,PMXC6,VT
09/09/2024 20:50:00,27.37,0.00,PMXC6,VT
09/09/2024 21:00:00,27.11,0.00,PMXC6,VT
09/09/2024 21:10:00,26.94,0.00,PMXC6,VT
09/09/2024 21:20:00,26.72,0.00,PMXC6,VT
09/09/2024 21:30:00,26.47,0.00,PMXC6,VT
09/09/2024 21:40:00,26.30,0.00,PMXC6,VT
09/09/2024 21:50:00,26.08,0.00,PMXC6,VT
09/09/2024 22:00:00,25.87,0.00,PMXC6,VT
09/09/2024 22:10:00,25.61,0.00,PMXC6,VT
09/09/2024 22:20:00,25.39,0.00,PMXC6,VT
09/09/2024 22:30:00,25.18,0.00,PMXC6,VT
09/09/2024 22:40:00,24.92,0.00,PMXC6,VT
09/09/2024 22:50:00,24.75,0.00,PMXC6,VT
09/09/2024 23:00:00,24.49,0.00,PMXC6,VT
09/09/2024 23:10:00,24.28,0.00,PMXC6,VT
09/09/2024 23:20:00,24.06,0.00,PMXC6,VT
09/09/2024 23:30:00,23.89,0.00,PMXC6,VT
09/09/2024 23:40:00,23.64,0.00,PMXC6,VT
09/09/2024 23:50:00,23.42,0.00,PMXC6,VT
09/10/2024 00:00:00,23.21,0.00,PMXC6,VT
09/10/2024 00:10:00,22.99,0.00,PMXC6,VT
09/10/2024 00:20:00,22.78,0.00,PMXC6,VT
09/10/2024 00:30:00,22.61,0.00,PMXC6,VT
09/10/2024 00:40:00,22.48,0.00,PMXC6,VT
09/10/2024 00:50:00,22.52,0.00,PMXC6,VT
09/10/2024 01:00:00,22.65,0.00,PMXC6,VT
09/10/2024 01:10:00,22.82,0.00,PMXC6,VT
09/10/2024 01:20:00,22.99,0.00,PMXC6,VT
09/10/2024 01:30:00,23.16,0.00,PMXC6,VT
09/10/2024 01:40:00,23.34,0.00,PMXC6,VT
09/10/2024 01:50:00,23.55,0.00,PMXC6,VT
09/10/2024 02:00:00,23.76,0.00,PMXC6,VT
09/10/2024 02:10:00,23.94,0.00,PMXC6,VT
09/10/2024 02:20:00,24.15,0.00,PMXC6,VT
09/10/2024 02:30:00,24.36,0.00,PMXC6,VT
09/10/2024 02:40:00,24.58,0.00,PMXC6,VT
09/10/2024 02:50:00,24.79,0.00,PMXC6,VT
09/10/2024 03:00:00,24.97,0.00,PMXC6,VT
09/10/2024 03:10:00,25.18,0.00,PMXC6,VT
09/10/2024 03:20:00,25.39,0.00,PMXC6,VT
09/10/2024 03:30:00,25.65,0.00,PMXC6,VT
09/10/2024 03:40:00,25.82,0.00,PMXC6,VT
09/10/2024 03:50:00,26.04,0.00,PMXC6,VT
09/10/2024 04:00:00,26.25,0.00,PMXC6,VT
09/10/2024 04:10:00,26.47,0.00,PMXC6,VT
09/10/2024 04:20:00,26.68,0.00,PMXC6,VT
09/10/2024 04:30:00,26.94,0.00,PMXC6,VT
09/10/2024 04:40:00,27.07,0.00,PMXC6,VT
09/10/2024 04:50:00,27.37,0.00,PMXC6,VT
09/10/2024 05:00:00,27.58,0.00,PMXC6,VT
09/10/2024 05:10:00,27.75,0.00,PMXC6,VT
09/10/2024 05:20:00,27.97,0.00,PMXC6,VT
09/10/2024 05:30:00,28.18,0.00,PMXC6,VT
09/10/2024 05:40:00,28.40,0.00,PMXC6,VT
09/10/2024 05:50:00,28.61,0.00,PMXC6,VT
09/10/2024 06:00:00,28.91,0.00,PMXC6,VT
09/10/2024 06:10:00,29.08,0.00,PMXC6,VT
09/10/2024 06:20:00,29.30,0.00,PMXC6,VT
09/10/2024 06:30:00,29.51,0.00,PMXC6,VT
09/10/2024 06:40:00,29.60,0.00,PMXC6,VT
09/10/2024 06:50:00,29.60,0.00,PMXC6,VT
09/10/2024 07:00:00,29.38,0.00,PMXC6,VT
09/10/2024 07:10:00,29.26,0.00,PMXC6,VT
09/10/2024 07:20:00,29.08,0.00,PMXC6,VT
09/10/2024 07:30:00,28.87,0.00,PMXC6,VT
09/10/2024 07:40:00,28.70,0.00,PMXC6,VT
09/10/2024 07:50:00,28.53,0.00,PMXC6,VT
09/10/2024 08:00:00,28.31,0.00,PMXC6,VT
09/10/2024 08:10:00,28.10,0.00,PMXC6,VT
09/10/2024 08:20:00,27.88,0.00,PMXC6,VT
09/10/2024 08:30:00,27.71,0.00,PMXC6,VT
09/10/2024 08:40:00,27.50,0.00,PMXC6,VT
09/10/2024 08:50:00,27.28,0.00,PMXC6,VT
09/10/2024 09:00:00,27.07,0.00,PMXC6,VT
09/10/2024 09:10:00,26.94,0.00,PMXC6,VT
09/10/2024 09:20:00,26.64,0.00,PMXC6,VT
09/10/2024 09:30:00,26.51,0.00,PMXC6,VT
09/10/2024 09:40:00,26.25,0.00,PMXC6,VT
09/10/2024 09:50:00,26.04,0.00,PMXC6,VT
09/10/2024 10:00:00,25.78,0.00,PMXC6,VT
09/10/2024 10:10:00,25.61,0.00,PMXC6,VT
09/10/2024 10:20:00,25.35,0.00,PMXC6,VT
09/10/2024 10:30:00,25.14,0.00,PMXC6,VT
09/10/2024 10:40:00,24.92,0.00,PMXC6,VT
09/10/2024 10:50:00,24.71,0.00,PMXC6,VT
09/10/2024 11:00:00,24.58,0.00,PMXC6,VT
09/10/2024 11:10:00,24.32,0.00,PMXC6,VT
09/10/2024 11:20:00,24.11,0.00,PMXC6,VT
09/10/2024 11:30:00,23.89,0.00,PMXC6,VT
09/10/2024 11:40:00,23.72,0.00,PMXC6,VT
09/10/2024 11:50:00,23.51,0.00,PMXC6,VT
09/10/2024 12:00:00,23.25,0.00,PMXC6,VT
09/10/2024 12:10:00,22.99,0.00,PMXC6,VT
09/10/2024 12:20:00,22.78,0.00,PMXC6,VT
09/10/2024 12:30:00,22.52,0.00,PMXC6,VT
09/10/2024 12:40:00,22.43,0.00,PMXC6,VT
09/10/2024 12:50:00,22.48,0.00,PMXC6,VT
09/10/2024 13:00:00,22.65,0.00,PMXC6,VT
09/10/2024 13:10:00,22.82,0.00,PMXC6,VT
09/10/2024 13:20:00,22.99,0.00,PMXC6,VT
09/10/2024 13:30:00,23.21,0.00,PMXC6,VT
09/10/2024 13:40:00,23.34,0.00,PMXC6,VT
09/10/2024 13:50:00,23.55,0.00,PMXC6,VT
09/10/2024 14:00:00,23.76,0.00,PMXC6,VT
09/10/2024 14:10:00,23.94,0.00,PMXC6,VT
09/10/2024 14:20:00,24.15,0.00,PMXC6,VT
09/10/2024 14:30:00,24.32,0.00,PMXC6,VT
09/10/2024 14:40:00,24.58,0.00,PMXC6,VT
09/10/2024 14:50:00,24.84,0.00,PMXC6,VT
09/10/2024 15:00:00,25.01,0.00,PMXC6,VT
09/10/2024 15:10:00,25.22,0.00,PMXC6,VT
09/10/2024 15:20:00,25.44,0.00,PMXC6,VT
09/10/2024 15:30:00,25.61,0.00,PMXC6,VT
09/10/2024 15:40:00,25.87,0.00,PMXC6,VT
09/10/2024 15:50:00,26.04,0.00,PMXC6,VT
09/10/2024 16:00:00,26.30,0.00,PMXC6,VT
09/10/2024 16:10:00,26.51,0.00,PMXC6,VT
09/10/2024 16:20:00,26.72,0.00,PMXC6,VT
09/10/2024 16:30:00,26.94,0.00,PMXC6,VT
09/10/2024 16:40:00,27.20,0.00,PMXC6,VT
09/10/2024 16:50:00,27.37,0.00,PMXC6,VT
09/10/2024 17:00:00,27.58,0.00,PMXC6,VT
09/10/2024 17:10:00,27.80,0.00,PMXC6,VT
09/10/2024 17:20:00,28.01,0.00,PMXC6,VT
09/10/2024 17:30:00,28.27,0.00,PMXC6,VT
09/10/2024 17:40:00,28.48,0.00,PMXC6,VT
09/10/2024 17:50:00,28.65,0.00,PMXC6,VT
09/10/2024 18:00:00,28.91,0.00,PMXC6,VT
09/10/2024 18:10:00,29.13,0.00,PMXC6,VT
09/10/2024 18:20:00,29.34,0.00,PMXC6,VT
09/10/2024 18:30:00,29.56,0.00,PMXC6,VT
09/10/2024 18:40:00,29.64,0.00,PMXC6,VT
09/10/2024 18:50:00,29.51,0.00,PMXC6,VT
09/10/2024 19:00:00,29.47,0.00,PMXC6,VT
09/10/2024 19:10:00,29.26,0.00,PMXC6,VT
09/10/2024 19:20:00,29.13,0.00,PMXC6,VT
09/10/2024 19:30:00,28.95,0.00,PMXC6,VT
09/10/2024 19:40:00,28.70,0.00,PMXC6,VT
09/10/2024 19:50:00,28.53,0.00,PMXC6,VT
09/10/2024 20:00:00,28.35,0.00,PMXC6,VT
09/10/2024 20:10:00,28.14,0.00,PMXC6,VT
09/10/2024 20:20:00,27.93,0.00,PMXC6,VT
09/10/2024 20:30:00,27.75,0.00,PMXC6,VT
09/10/2024 20:40:00,27.54,0.00,PMXC6,VT
09/10/2024 20:50:00,27.28,0.00,PMXC6,VT
09/10/2024 21:00:00,27.15,0.00,PMXC6,VT
09/10/2024 21:10:00,26.90,0.00,PMXC6,VT
09/10/2024 21:20:00,26.72,0.00,PMXC6,VT
09/10/2024 21:30:00,26.47,0.00,PMXC6,VT
09/10/2024 21:40:00,26.30,0.00,PMXC6,VT
09/10/2024 21:50:00,26.08,0.00,PMXC6,VT
09/10/2024 22:00:00,25.82,0.00,PMXC6,VT
09/10/2024 22:10:00,25.61,0.00,PMXC6,VT
09/10/2024 22:20:00,25.39,0.00,PMXC6,VT
09/10/2024 22:30:00,25.22,0.00,PMXC6,VT
09/10/2024 22:40:00,24.97,0.00,PMXC6,VT
09/10/2024 22:50:00,24.71,0.00,PMXC6,VT
09/10/2024 23:00:00,24.54,0.00,PMXC6,VT
09/10/2024 23:10:00,24.28,0.00,PMXC6,VT
09/10/2024 23:20:00,24.11,0.00,PMXC6,VT
09/10/2024 23:30:00,23.85,0.00,PMXC6,VT
09/10/2024 23:40:00,23.68,0.00,PMXC6,VT
09/10/2024 23:50:00,23.46,0.00,PMXC6,VT
09/11/2024 00:00:00,23.21,0.00,PMXC6,VT
09/11/2024 00:10:00,23.03,0.00,PMXC6,VT
09/11/2024 00:20:00,22.78,0.00,PMXC6,VT
09/11/2024 00:30:00,22.56,0.00,PMXC6,VT
09/11/2024 00:40:00,22.43,0.00,PMXC6,VT
09/11/2024 00:50:00,22.52,0.00,PMXC6,VT
09/11/2024 01:00:00,22.65,0.00,PMXC6,VT
09/11/2024 01:10:00,22.82,0.00,PMXC6,VT
09/11/2024 01:20:00,22.99,0.00,PMXC6,VT
09/11/2024 01:30:00,23.16,0.00,PMXC6,VT
09/11/2024 01:40:00,23.34,0.00,PMXC6,VT
09/11/2024 01:50:00,23.55,0.00,PMXC6,VT
09/11/2024 02:00:00,23.76,0.00,PMXC6,VT
09/11/2024 02:10:00,23.98,0.00,PMXC6,VT
09/11/2024 02:20:00,24.15,0.00,PMXC6,VT
09/11/2024 02:30:00,24.36,0.00,PMXC6,VT
09/11/2024 02:40:00,24.54,0.00,PMXC6,VT
09/11/2024 02:50:00,24.79,0.00,PMXC6,VT
09/11/2024 03:00:00,25.01,0.00,PMXC6,VT
09/11/2024 03:10:00,25.18,0.00,PMXC6,VT
09/11/2024 03:20:00,25.39,0.00,PMXC6,VT
09/11/2024 03:30:00,25.65,0.00,PMXC6,VT
09/11/2024 03:40:00,25.82,0.00,PMXC6,VT
09/11/2024 03:50:00,26.04,0.00,PMXC6,VT
09/11/2024 04:00:00,26.25,0.00,PMXC6,VT
09/11/2024 04:10:00,26.51,0.00,PMXC6,VT
09/11/2024 04:20:00,26.72,0.00,PMXC6,VT
09/11/2024 04:30:00,26.94,0.00,PMXC6,VT
09/11/2024 04:40:00,27.15,0.00,PMXC6,VT
09/11/2024 04:50:00,27.37,0.00,PMXC6,VT
09/11/2024 05:00:00,27.54,0.00,PMXC6,VT
09/11/2024 05:10:00,27.75,0.00,PMXC6,VT
09/11/2024 05:20:00,27.97,0.00,PMXC6,VT
09/11/2024 05:30:00,28.23,0.00,PMXC6,VT
09/11/2024 05:40:00,28.44,0.00,PMXC6,VT
09/11/2024 05:50:00,28.61,0.00,PMXC6,VT
09/11/2024 06:00:00,28.83,0.00,PMXC6,VT
09/11/2024 06:10:00,29.08,0.00,PMXC6,VT
09/11/2024 06:20:00,29.34,0.00,PMXC6,VT
09/11/2024 06:30:00,29.56,0.00,PMXC6,VT
09/11/2024 06:40:00,29.64,0.00,PMXC6,VT
09/11/2024 06:50:00,29.51,0.00,PMXC6,VT
09/11/2024 07:00:00,29.43,0.00,PMXC6,VT
09/11/2024 07:10:00,29.26,0.00,PMXC6,VT
09/11/2024 07:20:00,29.04,0.00,PMXC6,VT
09/11/2024 07:30:00,28.91,0.00,PMXC6,VT
09/11/2024 07:40:00,28.74,0.00,PMXC6,VT
09/11/2024 07:50:00,28.53,0.00,PMXC6,VT
09/11/2024 08:00:00,28.31,0.00,PMXC6,VT
09/11/2024 08:10:00,28.14,0.00,PMXC6,VT
09/11/2024 08:20:00,27.97,0.00,PMXC6,VT
09/11/2024 08:30:00,27.75,0.00,PMXC6,VT
09/11/2024 08:40:00,27.50,0.00,PMXC6,VT
09/11/2024 08:50:00,27.32,0.00,PMXC6,VT
09/11/2024 09:00:00,27.07,0.00,PMXC6,VT
09/11/2024 09:10:00,26.90,0.00,PMXC6,VT
09/11/2024 09:20:00,26.68,0.00,PMXC6,VT
09/11/2024 09:30:00,26.47,0.00,PMXC6,VT
09/11/2024 09:40:00,26.30,0.00,PMXC6,VT
09/11/2024 09:50:00,26.04,0.00,PMXC6,VT
09/11/2024 10:00:00,25.78,0.00,PMXC6,VT
09/11/2024 10:10:00,25.61,0.00,PMXC6,VT
09/11/2024 10:20:00,25.39,0.00,PMXC6,VT
09/11/2024 10:30:00,25.18,0.00,PMXC6,VT
09/11/2024 10:40:00,24.97,0.00,PMXC6,VT
09/11/2024 10:50:00,24.75,0.00,PMXC6,VT
09/11/2024 11:00:00,24.54,0.00,PMXC6,VT
09/11/2024 11:10:00,24.36,0.00,PMXC6,VT
09/11/2024 11:20:00,24.15,0.00,PMXC6,VT
09/11/2024 11:30:00,23.89,0.00,PMXC6,VT
09/11/2024 11:40:00,23.68,0.00,PMXC6,VT
09/11/2024 11:50:00,23.46,0.00,PMXC6,VT
09/11/2024 12:00:00,23.25,0.00,PMXC6,VT
09/11/2024 12:10:00,23.03,0.00,PMXC6,VT
09/11/2024 12:20:00,22.78,0.00,PMXC6,VT
09/11/2024 12:30:00,22.61,0.00,PMXC6,VT
09/11/2024 12:40:00,22.52,0.00,PMXC6,VT
09/11/2024 12:50:00,22.56,0.00,PMXC6,VT
09/11/2024 13:00:00,22.73,0.00,PMXC6,VT
09/11/2024 13:10:00,22.86,0.00,PMXC6,VT
09/11/2024 13:20:00,23.03,0.00,PMXC6,VT
09/11/2024 13:30:00,23.21,0.00,PMXC6,VT
09/11/2024 13:40:00,23.42,0.00,PMXC6,VT
09/11/2024 13:50:00,23.59,0.00,PMXC6,VT
09/11/2024 14:00:00,23.72,0.00,PMXC6,VT
09/11/2024 14:10:00,23.98,0.00,PMXC6,VT
09/11/2024 14:20:00,24.15,0.00,PMXC6,VT
09/11/2024 14:30:00,24.41,0.00,PMXC6,VT
09/11/2024 14:40:00,24.62,0.00,PMXC6,VT
09/11/2024 14:50:00,24.79,0.00,PMXC6,VT
09/11/2024 15:00:00,25.01,0.00,PMXC6,VT
09/11/2024 15:10:00,25.22,0.00,PMXC6,VT
09/11/2024 15:20:00,25.44,0.00,PMXC6,VT
09/11/2024 15:30:00,25.65,0.00,PMXC6,VT
09/11/2024 15:40:00,25.91,0.00,PMXC6,VT
09/11/2024 15:50:00,26.08,0.00,PMXC6,VT
09/11/2024 16:00:00,26.30,0.00,PMXC6,VT
09/11/2024 16:10:00,26.51,0.00,PMXC6,VT
09/11/2024 16:20:00,26.72,0.00,PMXC6,VT
09/11/2024 16:30:00,26.90,0.00,PMXC6,VT
09/11/2024 16:40:00,27.15,0.00,PMXC6,VT
09/11/2024 16:50:00,27.41,0.00,PMXC6,VT
09/11/2024 17:00:00,27.54,0.00,PMXC6,VT
09/11/2024 17:10:00,27.84,0.00,PMXC6,VT
09/11/2024 17:20:00,28.01,0.00,PMXC6,VT
09/11/2024 17:30:00,28.27,0.00,PMXC6,VT
09/11/2024 17:40:00,28.48,0.00,PMXC6,VT
09/11/2024 17:50:00,28.65,0.00,PMXC6,VT
09/11/2024 18:00:00,28.87,0.00,PMXC6,VT
09/11/2024 18:10:00,29.13,0.00,PMXC6,VT
09/11/2024 18:20:00,29.38,0.00,PMXC6,VT
09/11/2024 18:30:00,29.60,0.00,PMXC6,VT
09/11/2024 18:40:00,29.64,0.00,PMXC6,VT
09/11/2024 18:50:00,29.51,0.00,PMXC6,VT
09/11/2024 19:00:00,29.38,0.00,PMXC6,VT
09/11/2024 19:10:00,29.30,0.00,PMXC6,VT
09/11/2024 19:20:00,29.08,0.00,PMXC6,VT
09/11/2024 19:30:00,28.91,0.00,PMXC6,VT
09/11/2024 19:40:00,28.78,0.00,PMXC6,VT
09/11/2024 19:50:00,28.57,0.00,PMXC6,VT
09/11/2024 20:00:00,28.35,0.00,PMXC6,VT
09/11/2024 20:10:00,28.14,0.00,PMXC6,VT
09/11/2024 20:20:00,27.93,0.00,PMXC6,VT
09/11/2024 20:30:00,27.71,0.00,PMXC6,VT
09/11/2024 20:40:00,27.54,0.00,PMXC6,VT
09/11/2024 20:50:00,27.37,0.00,PMXC6,VT
09/11/2024 21:00:00,27.15,0.00,PMXC6,VT
09/11/2024 21:10:00,26.94,0.00,PMXC6,VT
09/11/2024 21:20:00,26.72,0.00,PMXC6,VT
09/11/2024 21:30:00,26.51,0.00,PMXC6,VT
09/11/2024 21:40:00,26.30,0.00,PMXC6,VT
09/11/2024 21:50:00,26.04,0.00,PMXC6,VT
09/11/2024 22:00:00,25.82,0.00,PMXC6,VT
09/11/2024 22:10:00,25.61,0.00,PMXC6,VT
09/11/2024 22:20:00,25.39,0.00,PMXC6,VT
09/11/2024 22:30:00,25.18,0.00,PMXC6,VT
09/11/2024 22:40:00,24.97,0.00,PMXC6,VT
09/11/2024 22:50:00,24.75,0.00,PMXC6,VT
09/11/2024 23:00:00,24.54,0.00,PMXC6,VT
09/11/2024 23:10:00,24.28,0.00,PMXC6,VT
09/11/2024 23:20:00,24.11,0.00,PMXC6,VT
09/11/2024 23:30:00,23.89,0.00,PMXC6,VT
09/11/2024 23:40:00,23.68,0.00,PMXC6,VT
09/11/2024 23:50:00,23.46,0.00,PMXC6,VT
09/12/2024 00:00:00,23.25,0.00,PMXC6,VT
09/12/2024 00:10:00,23.03,0.00,PMXC6,VT
09/12/2024 00:20:00,22.78,0.00,PMXC6,VT
09/12/2024 00:30:00,22.61,0.00,PMXC6,VT
09/12/2024 00:40:00,22.43,0.00,PMXC6,VT
09/12/2024 00:50:00,22.52,0.00,PMXC6,VT
09/12/2024 01:00:00,22.69,0.00,PMXC6,VT
09/12/2024 01:10:00,22.86,0.00,PMXC6,VT
09/12/2024 01:20:00,22.99,0.00,PMXC6,VT
09/12/2024 01:30:00,23.16,0.00,PMXC6,VT
09/12/2024 01:40:00,23.34,0.00,PMXC6,VT
09/12/2024 01:50:00,23.55,0.00,PMXC6,VT
09/12/2024 02:00:00,23.76,0.00,PMXC6,VT
09/12/2024 02:10:00,23.98,0.00,PMXC6,VT
09/12/2024 02:20:00,24.19,0.00,PMXC6,VT
09/12/2024 02:30:00,24.41,0.00,PMXC6,VT
09/12/2024 02:40:00,24.58,0.00,PMXC6,VT
09/12/2024 02:50:00,24.75,0.00,PMXC6,VT
09/12/2024 03:00:00,25.01,0.00,PMXC6,VT
09/12/2024 03:10:00,25.22,0.00,PMXC6,VT
09/12/2024 03:20:00,25.39,0.00,PMXC6,VT
09/12/2024 03:30:00,25.65,0.00,PMXC6,VT
09/12/2024 03:40:00,25.87,0.00,PMXC6,VT
09/12/2024 03:50:00,25.99,0.00,PMXC6,VT
09/12/2024 04:00:00,26.25,0.00,PMXC6,VT
09/12/2024 04:10:00,26.42,0.00,PMXC6,VT
09/12/2024 04:20:00,26.72,0.00,PMXC6,VT
09/12/2024 04:30:00,26.90,0.00,PMXC6,VT
09/12/2024 04:40:00,27.07,0.00,PMXC6,VT
09/12/2024 04:50:00,27.32,0.00,PMXC6,VT
09/12/2024 05:00:00,27.54,0.00,PMXC6,VT
09/12/2024 05:10:00,27.75,0.00,PMXC6,VT
09/12/2024 05:20:00,28.01,0.00,PMXC6,VT
09/12/2024 05:30:00,28.18,0.00,PMXC6,VT
09/12/2024 05:40:00,28.40,0.00,PMXC6,VT
09/12/2024 05:50:00,28.70,0.00,PMXC6,VT
09/12/2024 06:00:00,28.87,0.00,PMXC6,VT
09/12/2024 06:10:00,29.08,0.00,PMXC6,VT
09/12/2024 06:20:00,29.34,0.00,PMXC6,VT
09/12/2024 06:30:00,29.51,0.00,PMXC6,VT
09/12/2024 06:40:00,29.60,0.00,PMXC6,VT
09/12/2024 06:50:00,29.60,0.00,PMXC6,VT
09/12/2024 07:00:00,29.43,0.00,PMXC6,VT
09/12/2024 07:10:00,29.30,0.00,PMXC6,VT
09/12/2024 07:20:00,29.08,0.00,PMXC6,VT
09/12/2024 07:30:00,28.87,0.00,PMXC6,VT
09/12/2024 07:40:00,28.74,0.00,PMXC6,VT
09/12/2024 07:50:00,28.53,0.00,PMXC6,VT
09/12/2024 08:00:00,28.35,0.00,PMXC6,VT
09/12/2024 08:10:00,28.14,0.00,PMXC6,VT
09/12/2024 08:20:00,27.93,0.00,PMXC6,VT
09/12/2024 08:30:00,27.71,0.00,PMXC6,VT
09/12/2024 08:40:00,27.50,0.00,PMXC6,VT
09/12/2024 08:50:00,27.32,0.00,PMXC6,VT
09/12/2024 09:00:00,27.07,0.00,PMXC6,VT
09/12/2024 09:10:00,26.94,0.00,PMXC6,VT
09/12/2024 09:20:00,26.68,0.00,PMXC6,VT
09/12/2024 09:30:00,26.51,0.00,PMXC6,VT
09/12/2024 09:40:00,26.30,0.00,PMXC6,VT
09/12/2024 09:50:00,26.04,0.00,PMXC6,VT
09/12/2024 10:00:00,25.87,0.00,PMXC6,VT
09/12/2024 10:10:00,25.61,0.00,PMXC6,VT
09/12/2024 10:20:00,25.39,0.00,PMXC6,VT
09/12/2024 10:30:00,25.18,0.00,PMXC6,VT
09/12/2024 10:40:00,24.97,0.00,PMXC6,VT
09/12/2024 10:50:00,24.75,0.00,PMXC6,VT
09/12/2024 11:00:00,24.54,0.00,PMXC6,VT
09/12/2024 11:10:00,24.32,0.00,PMXC6,VT
09/12/2024 11:20:00,24.11,0.00,PMXC6,VT
09/12/2024 11:30:00,23.89,0.00,PMXC6,VT
09/12/2024 11:40:00,23.64,0.00,PMXC6,VT
09/12/2024 11:50:00,23.42,0.00,PMXC6,VT
09/12/2024 12:00:00,23.29,0.00,PMXC6,VT
09/12/2024 12:10:00,23.03,0.00,PMXC6,VT
09/12/2024 12:20:00,22.78,0.00,PMXC6,VT
09/12/2024 12:30:00,22.61,0.00,PMXC6,VT
09/12/2024 12:40:00,22.43,0.00,PMXC6,VT
09/12/2024 12:50:00,22.52,0.00,PMXC6,VT
09/12/2024 13:00:00,22.65,0.00,PMXC6,VT
09/12/2024 13:10:00,22.82,0.00,PMXC6,VT
09/12/2024 13:20:00,22.99,0.00,PMXC6,VT
09/12/2024 13:30:00,23.25,0.00,PMXC6,VT
09/12/2024 13:40:00,23.38,0.00,PMXC6,VT
09/12/2024 13:50:00,23.59,0.00,PMXC6,VT
09/12/2024 14:00:00,23.72,0.00,PMXC6,VT
09/12/2024 14:10:00,23.98,0.00,PMXC6,VT
09/12/2024 14:20:00,24.19,0.00,PMXC6,VT
09/12/2024 14:30:00,24.36,0.00,PMXC6,VT
09/12/2024 14:40:00,24.58,0.00,PMXC6,VT
09/12/2024 14:50:00,24.79,0.00,PMXC6,VT
09/12/2024 15:00:00,25.01,0.00,PMXC6,VT
09/12/2024 15:10:00,25.22,0.00,PMXC6,VT
09/12/2024 15:20:00,25.39,0.00,PMXC6,VT
09/12/2024 15:30:00,25.65,0.00,PMXC6,VT
09/12/2024 15:40:00,25.82,0.00,PMXC6,VT
09/12/2024 15:50:00,26.12,0.00,PMXC6,VT
09/12/2024 16:00:00,26.34,0.00,PMXC6,VT
09/12/2024 16:10:00,26.51,0.00,PMXC6,VT
09/12/2024 16:20:00,26.68,0.00,PMXC6,VT
09/12/2024 16:30:00,26.94,0.00,PMXC6,VT
09/12/2024 16:40:00,27.20,0.00,PMXC6,VT
09/12/2024 16:50:00,27.32,0.00,PMXC6,VT
09/12/2024 17:00:00,27.58,0.00,PMXC6,VT
09/12/2024 17:10:00,27.80,0.00,PMXC6,VT
09/12/2024 17:20:00,28.05,0.00,PMXC6,VT
09/12/2024 17:30:00,28.23,0.00,PMXC6,VT
09/12/2024 17:40:00,28.44,0.00,PMXC6,VT
09/12/2024 17:50:00,28.70,0.00,PMXC6,VT
09/12/2024 18:00:00,28.87,0.00,PMXC6,VT
09/12/2024 18:10:00,29.08,0.00,PMXC6,VT
09/12/2024 18:20:00,29.34,0.00,PMXC6,VT
09/12/2024 18:30:00,29.56,0.00,PMXC6,VT
09/12/2024 18:40:00,29.64,0.00,PMXC6,VT
09/12/2024 18:50:00,29.51,0.00,PMXC6,VT
09/12/2024 19:00:00,29.38,0.00,PMXC6,VT
09/12/2024 19:10:00,29.30,0.00,PMXC6,VT
09/12/2024 19:20:00,29.13,0.00,PMXC6,VT
09/12/2024 19:30:00,28.91,0.00,PMXC6,VT
09/12/2024 19:40:00,28.74,0.00,PMXC6,VT
09/12/2024 19:50:00,28.53,0.00,PMXC6,VT
09/12/2024 20:00:00,28.31,0.00,PMXC6,VT
09/12/2024 20:10:00,28.14,0.00,PMXC6,VT
09/12/2024 20:20:00,27.88,0.00,PMXC6,VT
09/12/2024 20:30:00,27.75,0.00,PMXC6,VT
09/12/2024 20:40:00,27.50,0.00,PMXC6,VT
09/12/2024 20:50:00,27.32,0.00,PMXC6,VT
09/12/2024 21:00:00,27.11,0.00,PMXC6,VT
09/12/2024 21:10:00,26.90,0.00,PMXC6,VT
09/12/2024 21:20:00,26.72,0.00,PMXC6,VT
09/12/2024 21:30:00,26.51,0.00,PMXC6,VT
09/12/2024 21:40:00,26.34,0.00,PMXC6,VT
09/12/2024 21:50:00,26.04,0.00,PMXC6,VT
09/12/2024 22:00:00,25.82,0.00,PMXC6,VT
09/12/2024 22:10:00,25.61,0.00,PMXC6,VT
09/12/2024 22:20:00,25.39,0.00,PMXC6,VT
09/12/2024 22:30:00,25.18,0.00,PMXC6,VT
09/12/2024 22:40:00,24.97,0.00,PMXC6,VT
09/12/2024 22:50:00,24.75,0.00,PMXC6,VT
09/12/2024 23:00:00,24.54,0.00,PMXC6,VT
09/12/2024 23:10:00,24.32,0.00,PMXC6,VT
09/12/2024 23:20:00,24.11,0.00,PMXC6,VT
09/12/2024 23:30:00,23.89,0.00,PMXC6,VT
09/12/2024 23:40:00,23.68,0.00,PMXC6,VT
09/12/2024 23:50:00,23.46,0.00,PMXC6,VT
09/13/2024 00:00:00,23.21,0.00,PMXC6,VT
09/13/2024 00:10:00,22.99,0.00,PMXC6,VT
09/13/2024 00:20:00,22.82,0.00,PMXC6,VT
09/13/2024 00:30:00,22.56,0.00,PMXC6,VT
09/13/2024 00:40:00,22.43,0.00,PMXC6,VT
09/13/2024 00:50:00,22.52,0.00,PMXC6,VT
09/13/2024 01:00:00,22.65,0.00,PMXC6,VT
09/13/2024 01:10:00,22.78,0.00,PMXC6,VT
09/13/2024 01:20:00,22.99,0.00,PMXC6,VT
09/13/2024 01:30:00,23.16,0.00,PMXC6,VT
09/13/2024 01:40:00,23.34,0.00,PMXC6,VT
09/13/2024 01:50:00,23.51,0.00,PMXC6,VT
09/13/2024 02:00:00,23.76,0.00,PMXC6,VT
09/13/2024 02:10:00,23.94,0.00,PMXC6,VT
09/13/2024 02:20:00,24.15,0.00,PMXC6,VT
09/13/2024 02:30:00,24.36,0.00,PMXC6,VT
09/13/2024 02:40:00,24.54,0.00,PMXC6,VT
09/13/2024 02:50:00,24.84,0.00,PMXC6,VT
09/13/2024 03:00:00,25.01,0.00,PMXC6,VT
09/13/2024 03:10:00,25.18,0.00,PMXC6,VT
09/13/2024 03:20:00,25.39,0.00,PMXC6,VT
09/13/2024 03:30:00,25.61,0.00,PMXC6,VT
09/13/2024 03:40:00,25.87,0.00,PMXC6,VT
09/13/2024 03:50:00,26.04,0.00,PMXC6,VT
09/13/2024 04:00:00,26.25,0.00,PMXC6,VT
09/13/2024 04:10:00,26.47,0.00,PMXC6,VT
09/13/2024 04:20:00,26.68,0.00,PMXC6,VT
09/13/2024 04:30:00,26.90,0.00,PMXC6,VT
09/13/2024 04:40:00,27.11,0.00,PMXC6,VT
09/13/2024 04:50:00,27.32,0.00,PMXC6,VT
09/13/2024 05:00:00,27.58,0.00,PMXC6,VT
09/13/2024 05:10:00,27.75,0.00,PMXC6,VT
09/13/2024 05:20:00,27.97,0.00,PMXC6,VT
09/13/2024 05:30:00,28.18,0.00,PMXC6,VT
09/13/2024 05:40:00,28.48,0.00,PMXC6,VT
09/13/2024 05:50:00,28.65,0.00,PMXC6,VT
09/13/2024 06:00:00,28.87,0.00,PMXC6,VT
09/13/2024 06:10:00,29.08,0.00,PMXC6,VT
09/13/2024 06:20:00,29.30,0.00,PMXC6,VT
09/13/2024 06:30:00,29.51,0.00,PMXC6,VT
09/13/2024 06:40:00,29.64,0.00,PMXC6,VT
09/13/2024 06:50:00,29.51,0.00,PMXC6,VT
09/13/2024 07:00:00,29.47,0.00,PMXC6,VT
09/13/2024 07:10:00,29.30,0.00,PMXC6,VT
09/13/2024 07:20:00,29.13,0.00,PMXC6,VT
09/13/2024 07:30:00,28.91,0.00,PMXC6,VT
09/13/2024 07:40:00,28.70,0.00,PMXC6,VT
09/13/2024 07:50:00,28.53,0.00,PMXC6,VT
09/13/2024 08:00:00,28.35,0.00,PMXC6,VT
09/13/2024 08:10:00,28.10,0.00,PMXC6,VT
09/13/2024 08:20:00,27.88,0.00,PMXC6,VT
09/13/2024 08:30:00,27.71,0.00,PMXC6,VT
09/13/2024 08:40:00,27.50,0.00,PMXC6,VT
09/13/2024 08:50:00,27.28,0.00,PMXC6,VT
09/13/2024 09:00:00,27.07,0.00,PMXC6,VT
09/13/2024 09:10:00,26.90,0.00,PMXC6,VT
09/13/2024 09:20:00,26.68,0.00,PMXC6,VT
09/13/2024 09:30:00,26.47,0.00,PMXC6,VT
09/13/2024 09:40:00,26.30,0.00,PMXC6,VT
09/13/2024 09:50:00,26.04,0.00,PMXC6,VT
09/13/2024 10:00:00,25.87,0.00,PMXC6,VT
09/13/2024 10:10:00,25.57,0.00,PMXC6,VT
09/13/2024 10:20:00,25.39,0.00,PMXC6,VT
09/13/2024 10:30:00,25.22,0.00,PMXC6,VT
09/13/2024 10:40:00,24.92,0.00,PMXC6,VT
09/13/2024 10:50:00,24.71,0.00,PMXC6,VT
09/13/2024 11:00:00,24.49,0.00,PMXC6,VT
09/13/2024 11:10:00,24.32,0.00,PMXC6,VT
09/13/2024 11:20:00,24.06,0.00,PMXC6,VT
09/13/2024 11:30:00,23.89,0.00,PMXC6,VT
09/13/2024 11:40:00,23.68,0.00,PMXC6,VT
09/13/2024 11:50:00,23.46,0.00,PMXC6,VT
09/13/2024 12:00:00,23.25,0.00,PMXC6,VT
09/13/2024 12:10:00,23.08,0.00,PMXC6,VT
09/13/2024 12:20:00,22.73,0.00,PMXC6,VT
09/13/2024 12:30:00,22.48,0.00,PMXC6,VT
09/13/2024 12:40:00,22.39,0.00,PMXC6,VT
09/13/2024 12:50:00,22.52,0.00,PMXC6,VT
09/13/2024 13:00:00,22.65,0.00,PMXC6,VT
09/13/2024 13:10:00,22.78,0.00,PMXC6,VT
09/13/2024 13:20:00,22.99,0.00,PMXC6,VT
09/13/2024 13:30:00,23.16,0.00,PMXC6,VT
09/13/2024 13:40:00,23.34,0.00,PMXC6,VT
09/13/2024 13:50:00,23.46,0.00,PMXC6,VT
09/13/2024 14:00:00,23.68,0.00,PMXC6,VT
09/13/2024 14:10:00,23.94,0.00,PMXC6,VT
09/13/2024 14:20:00,24.15,0.00,PMXC6,VT
09/13/2024 14:30:00,24.32,0.00,PMXC6,VT
09/13/2024 14:40:00,24.54,0.00,PMXC6,VT
09/13/2024 14:50:00,24.79,0.00,PMXC6,VT
09/13/2024 15:00:00,24.97,0.00,PMXC6,VT
09/13/2024 15:10:00,25.18,0.00,PMXC6,VT
09/13/2024 15:20:00,25.39,0.00,PMXC6,VT
09/13/2024 15:30:00,25.61,0.00,PMXC6,VT
09/13/2024 15:40:00,25.78,0.00,PMXC6,VT
09/13/2024 15:50:00,26.04,0.00,PMXC6,VT
09/13/2024 16:00:00,26.25,0.00,PMXC6,VT
09/13/2024 16:10:00,26.47,0.00,PMXC6,VT
09/13/2024 16:20:00,26.68,0.00,PMXC6,VT
09/13/2024 16:30:00,26.90,0.00,PMXC6,VT
09/13/2024 16:40:00,27.11,0.00,PMXC6,VT
09/13/2024 16:50:00,27.32,0.00,PMXC6,VT
09/13/2024 17:00:00,27.54,0.00,PMXC6,VT
09/13/2024 17:10:00,27.80,0.00,PMXC6,VT
09/13/2024 17:20:00,27.97,0.00,PMXC6,VT
09/13/2024 17:30:00,28.23,0.00,PMXC6,VT
09/13/2024 17:40:00,28.40,0.00,PMXC6,VT
09/13/2024 17:50:00,28.65,0.00,PMXC6,VT
09/13/2024 18:00:00,28.87,0.00,PMXC6,VT
09/13/2024 18:10:00,29.08,0.00,PMXC6,VT
09/13/2024 18:20:00,29.26,0.00,PMXC6,VT
09/13/2024 18:30:00,29.51,0.00,PMXC6,VT
09/13/2024 18:40:00,29.60,0.00,PMXC6,VT
09/13/2024 18:50:00,29.56,0.00,PMXC6,VT
09/13/2024 19:00:00,29.43,0.00,PMXC6,VT
09/13/2024 19:10:00,29.26,0.00,PMXC6,VT
09/13/2024 19:20:00,29.08,0.00,PMXC6,VT
09/13/2024 19:30:00,28.87,0.00,PMXC6,VT
09/13/2024 19:40:00,28.74,0.00,PMXC6,VT
09/13/2024 19:50:00,28.53,0.00,PMXC6,VT
09/13/2024 20:00:00,28.35,0.00,PMXC6,VT
09/13/2024 20:10:00,28.10,0.00,PMXC6,VT
09/13/2024 20:20:00,27.93,0.00,PMXC6,VT
09/13/2024 20:30:00,27.71,0.00,PMXC6,VT
09/13/2024 20:40:00,27.50,0.00,PMXC6,VT
09/13/2024 20:50:00,27.32,0.00,PMXC6,VT
09/13/2024 21:00:00,27.11,0.00,PMXC6,VT
09/13/2024 21:10:00,26.85,0.00,PMXC6,VT
09/13/2024 21:20:00,26.68,0.00,PMXC6,VT
09/13/2024 21:30:00,26.47,0.00,PMXC6,VT
09/13/2024 21:40:00,26.25,0.00,PMXC6,VT
09/13/2024 21:50:00,26.04,0.00,PMXC6,VT
09/13/2024 22:00:00,25.82,0.00,PMXC6,VT
09/13/2024 22:10:00,25.61,0.00,PMXC6,VT
09/13/2024 22:20:00,25.35,0.00,PMXC6,VT
09/13/2024 22:30:00,25.22,0.00,PMXC6,VT
09/13/2024 22:40:00,24.92,0.00,PMXC6,VT
09/13/2024 22:50:00,24.71,0.00,PMXC6,VT
09/13/2024 23:00:00,24.45,0.00,PMXC6,VT
09/13/2024 23:10:00,24.28,0.00,PMXC6,VT
09/13/2024 23:20:00,24.06,0.00,PMXC6,VT
09/13/2024 23:30:00,23.89,0.00,PMXC6,VT
09/13/2024 23:40:00,23.64,0.00,PMXC6,VT
09/13/2024 23:50:00,23.46,0.00,PMXC6,VT
09/14/2024 00:00:00,23.25,0.00,PMXC6,VT
09/14/2024 00:10:00,22.99,0.00,PMXC6,VT
09/14/2024 00:20:00,22.78,0.00,PMXC6,VT
09/14/2024 00:30:00,22.52,0.00,PMXC6,VT
09/14/2024 00:40:00,22.43,0.00,PMXC6,VT
09/14/2024 00:50:00,22.52,0.00,PMXC6,VT
09/14/2024 01:00:00,22.61,0.00,PMXC6,VT
09/14/2024 01:10:00,22.82,0.00,PMXC6,VT
09/14/2024 01:20:00,22.99,0.00,PMXC6,VT
09/14/2024 01:30:00,23.12,0.00,PMXC6,VT
09/14/2024 01:40:00,23.29,0.00,PMXC6,VT
09/14/2024 01:50:00,23.51,0.00,PMXC6,VT
09/14/2024 02:00:00,23.72,0.00,PMXC6,VT
09/14/2024 02:10:00,23.94,0.00,PMXC6,VT
09/14/2024 02:20:00,24.11,0.00,PMXC6,VT
09/14/2024 02:30:00,24.36,0.00,PMXC6,VT
09/14/2024 02:40:00,24.58,0.00,PMXC6,VT
09/14/2024 02:50:00,24.75,0.00,PMXC6,VT
09/14/2024 03:00:00,24.92,0.00,PMXC6,VT
09/14/2024 03:10:00,25.18,0.00,PMXC6,VT
09/14/2024 03:20:00,25.39,0.00,PMXC6,VT
09/14/2024 03:30:00,25.61,0.00,PMXC6,VT
09/14/2024 03:40:00,25.82,0.00,PMXC6,VT
09/14/2024 03:50:00,26.08,0.00,PMXC6,VT
09/14/2024 04:00:00,26.25,0.00,PMXC6,VT
09/14/2024 04:10:00,26.47,0.00,PMXC6,VT
09/14/2024 04:20:00,26.64,0.00,PMXC6,VT
09/14/2024 04:30:00,26.90,0.00,PMXC6,VT
09/14/2024 04:40:00,27.07,0.00,PMXC6,VT
09/14/2024 04:50:00,27.32,0.00,PMXC6,VT
09/14/2024 05:00:00,27.50,0.00,PMXC6,VT
09/14/2024 05:10:00,27.71,0.00,PMXC6,VT
09/14/2024 05:20:00,28.01,0.00,PMXC6,VT
09/14/2024 05:30:00,28.18,0.00,PMXC6,VT
09/14/2024 05:40:00,28.40,0.00,PMXC6,VT
09/14/2024 05:50:00,28.65,0.00,PMXC6,VT
09/14/2024 06:00:00,28.87,0.00,PMXC6,VT
09/14/2024 06:10:00,29.00,0.00,PMXC6,VT
09/14/2024 06:20:00,29.30,0.00,PMXC6,VT
09/14/2024 06:30:00,29.51,0.00,PMXC6,VT
09/14/2024 06:40:00,29.64,0.00,PMXC6,VT
09/14/2024 06:50:00,29.56,0.00,PMXC6,VT
09/14/2024 07:00:00,29.47,0.00,PMXC6,VT
09/14/2024 07:10:00,29.26,0.00,PMXC6,VT
09/14/2024 07:20:00,29.13,0.00,PMXC6,VT
09/14/2024 07:30:00,28.91,0.00,PMXC6,VT
09/14/2024 07:40:00,28.70,0.00,PMXC6,VT
09/14/2024 07:50:00,28.53,0.00,PMXC6,VT
09/14/2024 08:00:00,28.27,0.00,PMXC6,VT
09/14/2024 08:10:00,28.14,0.00,PMXC6,VT
09/14/2024 08:20:00,27.93,0.00,PMXC6,VT
09/14/2024 08:30:00,27.67,0.00,PMXC6,VT
09/14/2024 08:40:00,27.54,0.00,PMXC6,VT
09/14/2024 08:50:00,27.28,0.00,PMXC6,VT
09/14/2024 09:00:00,27.11,0.00,PMXC6,VT
09/14/2024 09:10:00,26.85,0.00,PMXC6,VT
09/14/2024 09:20:00,26.68,0.00,PMXC6,VT
09/14/2024 09:30:00,26.51,0.00,PMXC6,VT
09/14/2024 09:40:00,26.25,0.00,PMXC6,VT
09/14/2024 09:50:00,26.04,0.00,PMXC6,VT
09/14/2024 10:00:00,25.82,0.00,PMXC6,VT
09/14/2024 10:10:00,25.61,0.00,PMXC6,VT
09/14/2024 10:20:00,25.44,0.00,PMXC6,VT
09/14/2024 10:30:00,25.09,0.00,PMXC6,VT
09/14/2024 10:40:00,24.97,0.00,PMXC6,VT
09/14/2024 10:50:00,24.75,0.00,PMXC6,VT
09/14/2024 11:00:00,24.54,0.00,PMXC6,VT
09/14/2024 11:10:00,24.28,0.00,PMXC6,VT
09/14/2024 11:20:00,24.11,0.00,PMXC6,VT
09/14/2024 11:30:00,23.85,0.00,PMXC6,VT
09/14/2024 11:40:00,23.68,0.00,PMXC6,VT
09/14/2024 11:50:00,23.46,0.00,PMXC6,VT
09/14/2024 12:00:00,23.25,0.00,PMXC6,VT
09/14/2024 12:10:00,22.99,0.00,PMXC6,VT
09/14/2024 12:20:00,22.82,0.00,PMXC6,VT
09/14/2024 12:30:00,22.61,0.00,PMXC6,VT
09/14/2024 12:40:00,22.48,0.00,PMXC6,VT
09/14/2024 12:50:00,22.52,0.00,PMXC6,VT
09/14/2024 13:00:00,22.65,0.00,PMXC6,VT
09/14/2024 13:10:00,22.86,0.00,PMXC6,VT
09/14/2024 13:20:00,23.03,0.00,PMXC6,VT
09/14/2024 13:30:00,23.16,0.00,PMXC6,VT
09/14/2024 13:40:00,23.42,0.00,PMXC6,VT
09/14/2024 13:50:00,23.55,0.00,PMXC6,VT
09/14/2024 14:00:00,23.72,0.00,PMXC6,VT
09/14/2024 14:10:00,23.94,0.00,PMXC6,VT
09/14/2024 14:20:00,24.15,0.00,PMXC6,VT
09/14/2024 14:30:00,24.36,0.00,PMXC6,VT
09/14/2024 14:40:00,24.62,0.00,PMXC6,VT
09/14/2024 14:50:00,24.79,0.00,PMXC6,VT
09/14/2024 15:00:00,25.01,0.00,PMXC6,VT
09/14/2024 15:10:00,25.22,0.00,PMXC6,VT
09/14/2024 15:20:00,25.44,0.00,PMXC6,VT
09/14/2024 15:30:00,25.61,0.00,PMXC6,VT
09/14/2024 15:40:00,25.87,0.00,PMXC6,VT
09/14/2024 15:50:00,26.08,0.00,PMXC6,VT
09/14/2024 16:00:00,26.30,0.00,PMXC6,VT
09/14/2024 16:10:00,26.51,0.00,PMXC6,VT
09/14/2024 16:20:00,26.72,0.00,PMXC6,VT
09/14/2024 16:30:00,26.94,0.00,PMXC6,VT
09/14/2024 16:40:00,27.15,0.00,PMXC6,VT
09/14/2024 16:50:00,27.37,0.00,PMXC6,VT
09/14/2024 17:00:00,27.58,0.00,PMXC6,VT
09/14/2024 17:10:00,27.75,0.00,PMXC6,VT
09/14/2024 17:20:00,28.05,0.00,PMXC6,VT
09/14/2024 17:30:00,28.23,0.00,PMXC6,VT
09/14/2024 17:40:00,28.44,0.00,PMXC6,VT
09/14/2024 17:50:00,28.65,0.00,PMXC6,VT
09/14/2024 18:00:00,28.91,0.00,PMXC6,VT
09/14/2024 18:10:00,29.13,0.00,PMXC6,VT
09/14/2024 18:20:00,29.30,0.00,PMXC6,VT
09/14/2024 18:30:00,29.51,0.00,PMXC6,VT
09/14/2024 18:40:00,29.68,0.00,PMXC6,VT
09/14/2024 18:50:00,29.56,0.00,PMXC6,VT
09/14/2024 19:00:00,29.47,0.00,PMXC6,VT
09/14/2024 19:10:00,29.30,0.00,PMXC6,VT
09/14/2024 19:20:00,29.08,0.00,PMXC6,VT
09/14/2024 19:30:00,28.95,0.00,PMXC6,VT
09/14/2024 19:40:00,28.74,0.00,PMXC6,VT
09/14/2024 19:50:00,28.53,0.00,PMXC6,VT
09/14/2024 20:00:00,28.35,0.00,PMXC6,VT
09/14/2024 20:10:00,28.14,0.00,PMXC6,VT
09/14/2024 20:20:00,27.93,0.00,PMXC6,VT
09/14/2024 20:30:00,27.71,0.00,PMXC6,VT
09/14/2024 20:40:00,27.50,0.00,PMXC6,VT
09/14/2024 20:50:00,27.32,0.00,PMXC6,VT
09/14/2024 21:00:00,27.07,0.00,PMXC6,VT
09/14/2024 21:10:00,26.85,0.00,PMXC6,VT
09/14/2024 21:20:00,26.68,0.00,PMXC6,VT
09/14/2024 21:30:00,26.42,0.00,PMXC6,VT
09/14/2024 21:40:00,26.25,0.00,PMXC6,VT
09/14/2024 21:50:00,26.08,0.00,PMXC6,VT
09/14/2024 22:00:00,25.82,0.00,PMXC6,VT
09/14/2024 22:10:00,25.65,0.00,PMXC6,VT
09/14/2024 22:20:00,25.39,0.00,PMXC6,VT
09/14/2024 22:30:00,25.14,0.00,PMXC6,VT
09/14/2024 22:40:00,24.92,0.00,PMXC6,VT
09/14/2024 22:50:00,24.71,0.00,PMXC6,VT
09/14/2024 23:00:00,24.45,0.00,PMXC6,VT
09/14/2024 23:10:00,24.28,0.00,PMXC6,VT
09/14/2024 23:20:00,24.06,0.00,PMXC6,VT
09/14/2024 23:30:00,23.81,0.00,PMXC6,VT
09/14/2024 23:40:00,23.64,0.00,PMXC6,VT
09/14/2024 23:50:00,23.42,0.00,PMXC6,VT
09/15/2024 00:00:00,23.21,0.00,PMXC6,VT
09/15/2024 00:10:00,22.99,0.00,PMXC6,VT
09/15/2024 00:20:00,22.82,0.00,PMXC6,VT
09/15/2024 00:30:00,22.52,0.00,PMXC6,VT
09/15/2024 00:40:00,22.43,0.00,PMXC6,VT
09/15/2024 00:50:00,22.52,0.00,PMXC6,VT
09/15/2024 01:00:00,22.65,0.00,PMXC6,VT
09/15/2024 01:10:00,22.73,0.00,PMXC6,VT
09/15/2024 01:20:00,22.95,0.00,PMXC6,VT
09/15/2024 01:30:00,23.12,0.00,PMXC6,VT
09/15/2024 01:40:00,23.34,0.00,PMXC6,VT
09/15/2024 01:50:00,23.55,0.00,PMXC6,VT
09/15/2024 02:00:00,23.72,0.00,PMXC6,VT
09/15/2024 02:10:00,23.94,0.00,PMXC6,VT
09/15/2024 02:20:00,24.15,0.00,PMXC6,VT
09/15/2024 02:30:00,24.32,0.00,PMXC6,VT
09/15/2024 02:40:00,24.54,0.00,PMXC6,VT
09/15/2024 02:50:00,24.75,0.00,PMXC6,VT
09/15/2024 03:00:00,24.97,0.00,PMXC6,VT
09/15/2024 03:10:00,25.18,0.00,PMXC6,VT
09/15/2024 03:20:00,25.39,0.00,PMXC6,VT
09/15/2024 03:30:00,25.57,0.00,PMXC6,VT
09/15/2024 03:40:00,25.82,0.00,PMXC6,VT
09/15/2024 03:50:00,26.04,0.00,PMXC6,VT
09/15/2024 04:00:00,26.25,0.00,PMXC6,VT
09/15/2024 04:10:00,26.42,0.00,PMXC6,VT
09/15/2024 04:20:00,26.72,0.00,PMXC6,VT
09/15/2024 04:30:00,26.90,0.00,PMXC6,VT
09/15/2024 04:40:00,27.11,0.00,PMXC6,VT
09/15/2024 04:50:00,27.32,0.00,PMXC6,VT
09/15/2024 05:00:00,27.58,0.00,PMXC6,VT
09/15/2024 05:10:00,27.75,0.00,PMXC6,VT
09/15/2024 05:20:00,27.97,0.00,PMXC6,VT
09/15/2024 05:30:00,28.23,0.00,PMXC6,VT
09/15/2024 05:40:00,28.44,0.00,PMXC6,VT
09/15/2024 05:50:00,28.61,0.00,PMXC6,VT
09/15/2024 06:00:00,28.83,0.00,PMXC6,VT
09/15/2024 06:10:00,29.08,0.00,PMXC6,VT
09/15/2024 06:20:00,29.26,0.00,PMXC6,VT
09/15/2024 06:30:00,29.51,0.00,PMXC6,VT
09/15/2024 06:40:00,29.60,0.00,PMXC6,VT
09/15/2024 06:50:00,29.56,0.00,PMXC6,VT
09/15/2024 07:00:00,29.43,0.00,PMXC6,VT
09/15/2024 07:10:00,29.30,0.00,PMXC6,VT
09/15/2024 07:20:00,29.04,0.00,PMXC6,VT
09/15/2024 07:30:00,28.91,0.00,PMXC6,VT
09/15/2024 07:40:00,28.70,0.00,PMXC6,VT
09/15/2024 07:50:00,28.53,0.00,PMXC6,VT
09/15/2024 08:00:00,28.31,0.00,PMXC6,VT
09/15/2024 08:10:00,28.10,0.00,PMXC6,VT
09/15/2024 08:20:00,27.93,0.00,PMXC6,VT
09/15/2024 08:30:00,27.71,0.00,PMXC6,VT
09/15/2024 08:40:00,27.50,0.00,PMXC6,VT
09/15/2024 08:50:00,27.28,0.00,PMXC6,VT
09/15/2024 09:00:00,27.11,0.00,PMXC6,VT
09/15/2024 09:10:00,26.90,0.00,PMXC6,VT
09/15/2024 09:20:00,26.72,0.00,PMXC6,VT
09/15/2024 09:30:00,26.47,0.00,PMXC6,VT
09/15/2024 09:40:00,26.25,0.00,PMXC6,VT
09/15/2024 09:50:00,26.04,0.00,PMXC6,VT
09/15/2024 10:00:00,25.82,0.00,PMXC6,VT
09/15/2024 10:10:00,25.57,0.00,PMXC6,VT
09/15/2024 10:20:00,25.44,0.00,PMXC6,VT
09/15/2024 10:30:00,25.18,0.00,PMXC6,VT
09/15/2024 10:40:00,24.97,0.00,PMXC6,VT
09/15/2024 10:50:00,24.75,0.00,PMXC6,VT
09/15/2024 11:00:00,24.54,0.00,PMXC6,VT
09/15/2024 11:10:00,24.32,0.00,PMXC6,VT
09/15/2024 11:20:00,24.11,0.00,PMXC6,VT
09/15/2024 11:30:00,23.89,0.00,PMXC6,VT
09/15/2024 11:40:00,23.72,0.00,PMXC6,VT
09/15/2024 11:50:00,23.46,0.00,PMXC6,VT
09/15/2024 12:00:00,23.25,0.00,PMXC6,VT
09/15/2024 12:10:00,23.03,0.00,PMXC6,VT
09/15/2024 12:20:00,22.82,0.00,PMXC6,VT
09/15/2024 12:30:00,22.56,0.00,PMXC6,VT
09/15/2024 12:40:00,22.48,0.00,PMXC6,VT
09/15/2024 12:50:00,22.56,0.00,PMXC6,VT
09/15/2024 13:00:00,22.69,0.00,PMXC6,VT
09/15/2024 13:10:00,22.82,0.00,PMXC6,VT
09/15/2024 13:20:00,23.03,0.00,PMXC6,VT
09/15/2024 13:30:00,23.16,0.00,PMXC6,VT
09/15/2024 13:40:00,23.38,0.00,PMXC6,VT
09/15/2024 13:50:00,23.59,0.00,PMXC6,VT
09/15/2024 14:00:00,23.76,0.00,PMXC6,VT
09/15/2024 14:10:00,23.94,0.00,PMXC6,VT
09/15/2024 14:20:00,24.15,0.00,PMXC6,VT
09/15/2024 14:30:00,24.36,0.00,PMXC6,VT
09/15/2024 14:40:00,24.58,0.00,PMXC6,VT
09/15/2024 14:50:00,24.79,0.00,PMXC6,VT
09/15/2024 15:00:00,24.97,0.00,PMXC6,VT
09/15/2024 15:10:00,25.22,0.00,PMXC6,VT
09/15/2024 15:20:00,25.44,0.00,PMXC6,VT
09/15/2024 15:30:00,25.61,0.00,PMXC6,VT
09/15/2024 15:40:00,25.87,0.00,PMXC6,VT
09/15/2024 15:50:00,26.08,0.00,PMXC6,VT
09/15/2024 16:00:00,26.30,0.00,PMXC6,VT
09/15/2024 16:10:00,26.51,0.00,PMXC6,VT
09/15/2024 16:20:00,26.72,0.00,PMXC6,VT
09/15/2024 16:30:00,26.90,0.00,PMXC6,VT
09/15/2024 16:40:00,27.20,0.00,PMXC6,VT
09/15/2024 16:50:00,27.32,0.00,PMXC6,VT
09/15/2024 17:00:00,27.58,0.00,PMXC6,VT
09/15/2024 17:10:00,27.75,0.00,PMXC6,VT
09/15/2024 17:20:00,28.01,0.00,PMXC6,VT
09/15/2024 17:30:00,28.23,0.00,PMXC6,VT
09/15/2024 17:40:00,28.44,0.00,PMXC6,VT
09/15/2024 17:50:00,28.61,0.00,PMXC6,VT
09/15/2024 18:00:00,28.87,0.00,PMXC6,VT
09/15/2024 18:10:00,29.08,0.00,PMXC6,VT
09/15/2024 18:20:00,29.30,0.00,PMXC6,VT
09/15/2024 18:30:00,29.51,0.00,PMXC6,VT
09/15/2024 18:40:00,29.60,0.00,PMXC6,VT
09/15/2024 18:50:00,29.56,0.00,PMXC6,VT
09/15/2024 19:00:00,29.47,0.00,PMXC6,VT
09/15/2024 19:10:00,29.26,0.00,PMXC6,VT
09/15/2024 19:20:00,29.08,0.00,PMXC6,VT
09/15/2024 19:30:00,28.95,0.00,PMXC6,VT
09/15/2024 19:40:00,28.74,0.00,PMXC6,VT
09/15/2024 19:50:00,28.57,0.00,PMXC6,VT
09/15/2024 20:00:00,28.35,0.00,PMXC6,VT
09/15/2024 20:10:00,28.14,0.00,PMXC6,VT
09/15/2024 20:20:00,27.97,0.00,PMXC6,VT
09/15/2024 20:30:00,27.75,0.00,PMXC6,VT
09/15/2024 20:40:00,27.50,0.00,PMXC6,VT
09/15/2024 20:50:00,27.32,0.00,PMXC6,VT
09/15/2024 21:00:00,27.07,0.00,PMXC6,VT
09/15/2024 21:10:00,26.90,0.00,PMXC6,VT
09/15/2024 21:20:00,26.64,0.00,PMXC6,VT
09/15/2024 21:30:00,26.42,0.00,PMXC6,VT
09/15/2024 21:40:00,26.25,0.00,PMXC6,VT
09/15/2024 21:50:00,26.04,0.00,PMXC6,VT
09/15/2024 22:00:00,25.87,0.00,PMXC6,VT
09/15/2024 22:10:00,25.57,0.00,PMXC6,VT
09/15/2024 22:20:00,25.39,0.00,PMXC6,VT
09/15/2024 22:30:00,25.18,0.00,PMXC6,VT
09/15/2024 22:40:00,24.92,0.00,PMXC6,VT
09/15/2024 22:50:00,24.75,0.00,PMXC6,VT
09/15/2024 23:00:00,24.49,0.00,PMXC6,VT
09/15/2024 23:10:00,24.24,0.00,PMXC6,VT
09/15/2024 23:20:00,24.06,0.00,PMXC6,VT
09/15/2024 23:30:00,23.85,0.00,PMXC6,VT
09/15/2024 23:40:00,23.64,0.00,PMXC6,VT
09/15/2024 23:50:00,23.42,0.00,PMXC6,VT
09/16/2024 00:00:00,23.21,0.00,PMXC6,VT
09/16/2024 00:10:00,22.99,0.00,PMXC6,VT
09/16/2024 00:20:00,22.82,0.00,PMXC6,VT
09/16/2024 00:30:00,22.56,0.00,PMXC6,VT
09/16/2024 00:40:00,22.48,0.00,PMXC6,VT
09/16/2024 00:50:00,22.52,0.00,PMXC6,VT
09/16/2024 01:00:00,22.65,0.00,PMXC6,VT
09/16/2024 01:10:00,22.78,0.00,PMXC6,VT
09/16/2024 01:20:00,22.95,0.00,PMXC6,VT
09/16/2024 01:30:00,23.12,0.00,PMXC6,VT
09/16/2024 01:40:00,23.34,0.00,PMXC6,VT
09/16/2024 01:50:00,23.51,0.00,PMXC6,VT
09/16/2024 02:00:00,23.72,0.00,PMXC6,VT
09/16/2024 02:10:00,23.94,0.00,PMXC6,VT
09/16/2024 02:20:00,24.15,0.00,PMXC6,VT
09/16/2024 02:30:00,24.32,0.00,PMXC6,VT
09/16/2024 02:40:00,24.54,0.00,PMXC6,VT
09/16/2024 02:50:00,24.79,0.00,PMXC6,VT
09/16/2024 03:00:00,24.97,0.00,PMXC6,VT
09/16/2024 03:10:00,25.18,0.00,PMXC6,VT
09/16/2024 03:20:00,25.39,0.00,PMXC6,VT
09/16/2024 03:30:00,25.61,0.00,PMXC6,VT
09/16/2024 03:40:00,25.82,0.00,PMXC6,VT
09/16/2024 03:50:00,25.99,0.00,PMXC6,VT
09/16/2024 04:00:00,26.25,0.00,PMXC6,VT
09/16/2024 04:10:00,26.47,0.00,PMXC6,VT
09/16/2024 04:20:00,26.68,0.00,PMXC6,VT
09/16/2024 04:30:00,26.90,0.00,PMXC6,VT
09/16/2024 04:40:00,27.11,0.00,PMXC6,VT
09/16/2024 04:50:00,27.32,0.00,PMXC6,VT
09/16/2024 05:00:00,27.54,0.00,PMXC6,VT
09/16/2024 05:10:00,27.75,0.00,PMXC6,VT
09/16/2024 05:20:00,27.97,0.00,PMXC6,VT
09/16/2024 05:30:00,28.23,0.00,PMXC6,VT
09/16/2024 05:40:00,28.35,0.00,PMXC6,VT
09/16/2024 05:50:00,28.61,0.00,PMXC6,VT
09/16/2024 06:00:00,28.83,0.00,PMXC6,VT
09/16/2024 06:10:00,29.04,0.00,PMXC6,VT
09/16/2024 06:20:00,29.30,0.00,PMXC6,VT
09/16/2024 06:30:00,29.51,0.00,PMXC6,VT
09/16/2024 06:40:00,29.60,0.00,PMXC6,VT
09/16/2024 06:50:00,29.56,0.00,PMXC6,VT
09/16/2024 07:00:00,29.38,0.00,PMXC6,VT
09/16/2024 07:10:00,29.26,0.00,PMXC6,VT
09/16/2024 07:20:00,29.08,0.00,PMXC6,VT
09/16/2024 07:30:00,28.87,0.00,PMXC6,VT
09/16/2024 07:40:00,28.65,0.00,PMXC6,VT
09/16/2024 07:50:00,28.53,0.00,PMXC6,VT
09/16/2024 08:00:00,28.31,0.00,PMXC6,VT
09/16/2024 08:10:00,28.14,0.00,PMXC6,VT
09/16/2024 08:20:00,27.93,0.00,PMXC6,VT
09/16/2024 08:30:00,27.67,0.00,PMXC6,VT
09/16/2024 08:40:00,27.50,0.00,PMXC6,VT
09/16/2024 08:50:00,27.28,0.00,PMXC6,VT
09/16/2024 09:00:00,27.11,0.00,PMXC6,VT
09/16/2024 09:10:00,26.90,0.00,PMXC6,VT
09/16/2024 09:20:00,26.64,0.00,PMXC6,VT
09/16/2024 09:30:00,26.47,0.00,PMXC6,VT
09/16/2024 09:40:00,26.30,0.00,PMXC6,VT
09/16/2024 09:50:00,25.99,0.00,PMXC6,VT
09/16/2024 10:00:00,25.82,0.00,PMXC6,VT
09/16/2024 10:10:00,25.57,0.00,PMXC6,VT
09/16/2024 10:20:00,25.44,0.00,PMXC6,VT
09/16/2024 10:30:00,25.14,0.00,PMXC6,VT
09/16/2024 10:40:00,24.92,0.00,PMXC6,VT
09/16/2024 10:50:00,24.71,0.00,PMXC6,VT
09/16/2024 11:00:00,24.54,0.00,PMXC6,VT
09/16/2024 11:10:00,24.32,0.00,PMXC6,VT
09/16/2024 11:20:00,24.11,0.00,PMXC6,VT
09/16/2024 11:30:00,23.89,0.00,PMXC6,VT
09/16/2024 11:40:00,23.64,0.00,PMXC6,VT
09/16/2024 11:50:00,23.42,0.00,PMXC6,VT
09/16/2024 12:00:00,23.21,0.00,PMXC6,VT
09/16/2024 12:10:00,22.99,0.00,PMXC6,VT
09/16/2024 12:20:00,22.73,0.00,PMXC6,VT
09/16/2024 12:30:00,22.48,0.00,PMXC6,VT
09/16/2024 12:40:00,22.39,0.00,PMXC6,VT
09/16/2024 12:50:00,22.48,0.00,PMXC6,VT
09/16/2024 13:00:00,22.65,0.00,PMXC6,VT
09/16/2024 13:10:00,22.73,0.00,PMXC6,VT
09/16/2024 13:20:00,22.95,0.00,PMXC6,VT
09/16/2024 13:30:00,23.12,0.00,PMXC6,VT
09/16/2024 13:40:00,23.34,0.00,PMXC6,VT
09/16/2024 13:50:00,23.55,0.00,PMXC6,VT
09/16/2024 14:00:00,23.72,0.00,PMXC6,VT
09/16/2024 14:10:00,23.94,0.00,PMXC6,VT
09/16/2024 14:20:00,24.11,0.00,PMXC6,VT
09/16/2024 14:30:00,24.36,0.00,PMXC6,VT
09/16/2024 14:40:00,24.54,0.00,PMXC6,VT
09/16/2024 14:50:00,24.75,0.00,PMXC6,VT
09/16/2024 15:00:00,24.97,0.00,PMXC6,VT
09/16/2024 15:10:00,25.22,0.00,PMXC6,VT
09/16/2024 15:20:00,25.39,0.00,PMXC6,VT
09/16/2024 15:30:00,25.65,0.00,PMXC6,VT
09/16/2024 15:40:00,25.87,0.00,PMXC6,VT
09/16/2024 15:50:00,26.08,0.00,PMXC6,VT
09/16/2024 16:00:00,26.25,0.00,PMXC6,VT
09/16/2024 16:10:00,26.51,0.00,PMXC6,VT
09/16/2024 16:20:00,26.68,0.00,PMXC6,VT
09/16/2024 16:30:00,26.94,0.00,PMXC6,VT
09/16/2024 16:40:00,27.15,0.00,PMXC6,VT
09/16/2024 16:50:00,27.37,0.00,PMXC6,VT
09/16/2024 17:00:00,27.54,0.00,PMXC6,VT
09/16/2024 17:10:00,27.80,0.00,PMXC6,VT
09/16/2024 17:20:00,27.97,0.00,PMXC6,VT
09/16/2024 17:30:00,28.18,0.00,PMXC6,VT
09/16/2024 17:40:00,28.44,0.00,PMXC6,VT
09/16/2024 17:50:00,28.65,0.00,PMXC6,VT
09/16/2024 18:00:00,28.87,0.00,PMXC6,VT
09/16/2024 18:10:00,29.13,0.00,PMXC6,VT
09/16/2024 18:20:00,29.26,0.00,PMXC6,VT
09/16/2024 18:30:00,29.51,0.00,PMXC6,VT
09/16/2024 18:40:00,29.68,0.00,PMXC6,VT
09/16/2024 18:50:00,29.56,0.00,PMXC6,VT
09/16/2024 19:00:00,29.47,0.00,PMXC6,VT
09/16/2024 19:10:00,29.26,0.00,PMXC6,VT
09/16/2024 19:20:00,29.13,0.00,PMXC6,VT
09/16/2024 19:30:00,28.87,0.00,PMXC6,VT
09/16/2024 19:40:00,28.74,0.00,PMXC6,VT
09/16/2024 19:50:00,28.53,0.00,PMXC6,VT
09/16/2024 20:00:00,28.35,0.00,PMXC6,VT
09/16/2024 20:10:00,28.18,0.00,PMXC6,VT
09/16/2024 20:20:00,27.97,0.00,PMXC6,VT
09/16/2024 20:30:00,27.71,0.00,PMXC6,VT
09/16/2024 20:40:00,27.54,0.00,PMXC6,VT
09/16/2024 20:50:00,27.32,0.00,PMXC6,VT
09/16/2024 21:00:00,27.11,0.00,PMXC6,VT
09/16/2024 21:10:00,26.90,0.00,PMXC6,VT
09/16/2024 21:20:00,26.72,0.00,PMXC6,VT
09/16/2024 21:30:00,26.51,0.00,PMXC6,VT
09/16/2024 21:40:00,26.30,0.00,PMXC6,VT
09/16/2024 21:50:00,26.04,0.00,PMXC6,VT
09/16/2024 22:00:00,25.87,0.00,PMXC6,VT
09/16/2024 22:10:00,25.61,0.00,PMXC6,VT
09/16/2024 22:20:00,25.35,0.00,PMXC6,VT
09/16/2024 22:30:00,25.22,0.00,PMXC6,VT
09/16/2024 22:40:00,25.01,0.00,PMXC6,VT
09/16/2024 22:50:00,24.75,0.00,PMXC6,VT
09/16/2024 23:00:00,24.49,0.00,PMXC6,VT
09/16/2024 23:10:00,24.32,0.00,PMXC6,VT
09/16/2024 23:20:00,24.06,0.00,PMXC6,VT
09/16/2024 23:30:00,23.89,0.00,PMXC6,VT
09/16/2024 23:40:00,23.68,0.00,PMXC6,VT
09/16/2024 23:50:00,23.42,0.00,PMXC6,VT
09/17/2024 00:00:00,23.21,0.00,PMXC6,VT
09/17/2024 00:10:00,22.99,0.00,PMXC6,VT
09/17/2024 00:20:00,22.82,0.00,PMXC6,VT
09/17/2024 00:30:00,22.56,0.00,PMXC6,VT
09/17/2024 00:40:00,22.43,0.00,PMXC6,VT
09/17/2024 00:50:00,22.52,0.00,PMXC6,VT
09/17/2024 01:00:00,22.65,0.00,PMXC6,VT
09/17/2024 01:10:00,22.82,0.00,PMXC6,VT
09/17/2024 01:20:00,22.99,0.00,PMXC6,VT
09/17/2024 01:30:00,23.12,0.00,PMXC6,VT
09/17/2024 01:40:00,23.34,0.00,PMXC6,VT
09/17/2024 01:50:00,23.59,0.00,PMXC6,VT
09/17/2024 02:00:00,23.76,0.00,PMXC6,VT
09/17/2024 02:10:00,23.98,0.00,PMXC6,VT
09/17/2024 02:20:00,24.15,0.00,PMXC6,VT
09/17/2024 02:30:00,24.36,0.00,PMXC6,VT
09/17/2024 02:40:00,24.58,0.00,PMXC6,VT
09/17/2024 02:50:00,24.79,0.00,PMXC6,VT
09/17/2024 03:00:00,24.97,0.00,PMXC6,VT
09/17/2024 03:10:00,25.22,0.00,PMXC6,VT
09/17/2024 03:20:00,25.39,0.00,PMXC6,VT
09/17/2024 03:30:00,25.61,0.00,PMXC6,VT
09/17/2024 03:40:00,25.78,0.00,PMXC6,VT
09/17/2024 03:50:00,26.04,0.00,PMXC6,VT
09/17/2024 04:00:00,26.30,0.00,PMXC6,VT
09/17/2024 04:10:00,26.47,0.00,PMXC6,VT
09/17/2024 04:20:00,26.72,0.00,PMXC6,VT
09/17/2024 04:30:00,26.94,0.00,PMXC6,VT
09/17/2024 04:40:00,27.11,0.00,PMXC6,VT
09/17/2024 04:50:00,27.32,0.00,PMXC6,VT
09/17/2024 05:00:00,27.54,0.00,PMXC6,VT
09/17/2024 05:10:00,27.75,0.00,PMXC6,VT
09/17/2024 05:20:00,27.97,0.00,PMXC6,VT
09/17/2024 05:30:00,28.18,0.00,PMXC6,VT
09/17/2024 05:40:00,28.40,0.00,PMXC6,VT
09/17/2024 05:50:00,28.65,0.00,PMXC6,VT
09/17/2024 06:00:00,28.83,0.00,PMXC6,VT
09/17/2024 06:10:00,29.08,0.00,PMXC6,VT
09/17/2024 06:20:00,29.30,0.00,PMXC6,VT
09/17/2024 06:30:00,29.51,0.00,PMXC6,VT
09/17/2024 06:40:00,29.60,0.00,PMXC6,VT
09/17/2024 06:50:00,29.56,0.00,PMXC6,VT
09/17/2024 07:00:00,29.38,0.00,PMXC6,VT
09/17/2024 07:10:00,29.30,0.00,PMXC6,VT
09/17/2024 07:20:00,29.13,0.00,PMXC6,VT
09/17/2024 07:30:00,28.91,0.00,PMXC6,VT
09/17/2024 07:40:00,28.74,0.00,PMXC6,VT
09/17/2024 07:50:00,28.57,0.00,PMXC6,VT
09/17/2024 08:00:00,28.35,0.00,PMXC6,VT
09/17/2024 08:10:00,28.14,0.00,PMXC6,VT
09/17/2024 08:20:00,27.93,0.00,PMXC6,VT
09/17/2024 08:30:00,27.71,0.00,PMXC6,VT
09/17/2024 08:40:00,27.54,0.00,PMXC6,VT
09/17/2024 08:50:00,27.32,0.00,PMXC6,VT
09/17/2024 09:00:00,27.15,0.00,PMXC6,VT
09/17/2024 09:10:00,26.90,0.00,PMXC6,VT
09/17/2024 09:20:00,26.68,0.00,PMXC6,VT
09/17/2024 09:30:00,26.51,0.00,PMXC6,VT
09/17/2024 09:40:00,26.30,0.00,PMXC6,VT
09/17/2024 09:50:00,26.08,0.00,PMXC6,VT
09/17/2024 10:00:00,25.87,0.00,PMXC6,VT
09/17/2024 10:10:00,25.61,0.00,PMXC6,VT
09/17/2024 10:20:00,25.39,0.00,PMXC6,VT
09/17/2024 10:30:00,25.18,0.00,PMXC6,VT
09/17/2024 10:40:00,24.97,0.00,PMXC6,VT
09/17/2024 10:50:00,24.75,0.00,PMXC6,VT
09/17/2024 11:00:00,24.54,0.00,PMXC6,VT
09/17/2024 11:10:00,24.32,0.00,PMXC6,VT
09/17/2024 11:20:00,24.11,0.00,PMXC6,VT
09/17/2024 11:30:00,23.85,0.00,PMXC6,VT
09/17/2024 11:40:00,23.68,0.00,PMXC6,VT
09/17/2024 11:50:00,23.46,0.00,PMXC6,VT
09/17/2024 12:00:00,23.29,0.00,PMXC6,VT
09/17/2024 12:10:00,23.08,0.00,PMXC6,VT
09/17/2024 12:20:00,22.82,0.00,PMXC6,VT
09/17/2024 12:30:00,22.61,0.00,PMXC6,VT
09/17/2024 12:40:00,22.48,0.00,PMXC6,VT
09/17/2024 12:50:00,22.56,0.00,PMXC6,VT
09/17/2024 13:00:00,22.69,0.00,PMXC6,VT
09/17/2024 13:10:00,22.82,0.00,PMXC6,VT
09/17/2024 13:20:00,23.08,0.00,PMXC6,VT
09/17/2024 13:30:00,23.25,0.00,PMXC6,VT
09/17/2024 13:40:00,23.42,0.00,PMXC6,VT
09/17/2024 13:50:00,23.59,0.00,PMXC6,VT
09/17/2024 14:00:00,23.76,0.00,PMXC6,VT
09/17/2024 14:10:00,23.94,0.00,PMXC6,VT
09/17/2024 14:20:00,24.19,0.00,PMXC6,VT
09/17/2024 14:30:00,24.36,0.00,PMXC6,VT
09/17/2024 14:40:00,24.62,0.00,PMXC6,VT
09/17/2024 14:50:00,24.79,0.00,PMXC6,VT
09/17/2024 15:00:00,25.05,0.00,PMXC6,VT
09/17/2024 15:10:00,25.22,0.00,PMXC6,VT
09/17/2024 15:20:00,25.48,0.00,PMXC6,VT
09/17/2024 15:30:00,25.65,0.00,PMXC6,VT
09/17/2024 15:40:00,25.87,0.00,PMXC6,VT
09/17/2024 15:50:00,26.12,0.00,PMXC6,VT
09/17/2024 16:00:00,26.34,0.00,PMXC6,VT
09/17/2024 16:10:00,26.55,0.00,PMXC6,VT
09/17/2024 16:20:00,26.77,0.00,PMXC6,VT
09/17/2024 16:30:00,26.90,0.00,PMXC6,VT
09/17/2024 16:40:00,27.15,0.00,PMXC6,VT
09/17/2024 16:50:00,27.41,0.00,PMXC6,VT
09/17/2024 17:00:00,27.58,0.00,PMXC6,VT
09/17/2024 17:10:00,27.80,0.00,PMXC6,VT
09/17/2024 17:20:00,28.01,0.00,PMXC6,VT
09/17/2024 17:30:00,28.23,0.00,PMXC6,VT
09/17/2024 17:40:00,28.44,0.00,PMXC6,VT
09/17/2024 17:50:00,28.65,0.00,PMXC6,VT
09/17/2024 18:00:00,28.91,0.00,PMXC6,VT
09/17/2024 18:10:00,29.08,0.00,PMXC6,VT
09/17/2024 18:20:00,29.30,0.00,PMXC6,VT
09/17/2024 18:30:00,29.51,0.00,PMXC6,VT
09/17/2024 18:40:00,29.64,0.00,PMXC6,VT
09/17/2024 18:50:00,29.56,0.00,PMXC6,VT
09/17/2024 19:00:00,29.47,0.00,PMXC6,VT
09/17/2024 19:10:00,29.30,0.00,PMXC6,VT
09/17/2024 19:20:00,29.13,0.00,PMXC6,VT
09/17/2024 19:30:00,28.95,0.00,PMXC6,VT
09/17/2024 19:40:00,28.74,0.00,PMXC6,VT
09/17/2024 19:50:00,28.57,0.00,PMXC6,VT
09/17/2024 20:00:00,28.31,0.00,PMXC6,VT
09/17/2024 20:10:00,28.14,0.00,PMXC6,VT
09/17/2024 20:20:00,28.01,0.00,PMXC6,VT
09/17/2024 20:30:00,27.75,0.00,PMXC6,VT
09/17/2024 20:40:00,27.54,0.00,PMXC6,VT
09/17/2024 20:50:00,27.32,0.00,PMXC6,VT
09/17/2024 21:00:00,27.11,0.00,PMXC6,VT
09/17/2024 21:10:00,26.94,0.00,PMXC6,VT
09/17/2024 21:20:00,26.72,0.00,PMXC6,VT
09/17/2024 21:30:00,26.51,0.00,PMXC6,VT
09/17/2024 21:40:00,26.30,0.00,PMXC6,VT
09/17/2024 21:50:00,26.08,0.00,PMXC6,VT
09/17/2024 22:00:00,25.82,0.00,PMXC6,VT
09/17/2024 22:10:00,25.61,0.00,PMXC6,VT
09/17/2024 22:20:00,25.44,0.00,PMXC6,VT
09/17/2024 22:30:00,25.18,0.00,PMXC6,VT
09/17/2024 22:40:00,24.97,0.00,PMXC6,VT
09/17/2024 22:50:00,24.71,0.00,PMXC6,VT
09/17/2024 23:00:00,24.54,0.00,PMXC6,VT
09/17/2024 23:10:00,24.32,0.00,PMXC6,VT
09/17/2024 23:20:00,24.15,0.00,PMXC6,VT
09/17/2024 23:30:00,23.85,0.00,PMXC6,VT
09/17/2024 23:40:00,23.64,0.00,PMXC6,VT
09/17/2024 23:50:00,23.42,0.00,PMXC6,VT
09/18/2024 00:00:00,23.21,0.00,PMXC6,VT
09/18/2024 00:10:00,22.99,0.00,PMXC6,VT
09/18/2024 00:20:00,22.82,0.00,PMXC6,VT
09/18/2024 00:30:00,22.56,0.00,PMXC6,VT
09/18/2024 00:40:00,22.48,0.00,PMXC6,VT
09/18/2024 00:50:00,22.52,0.00,PMXC6,VT
09/18/2024 01:00:00,22.65,0.00,PMXC6,VT
09/18/2024 01:10:00,22.82,0.00,PMXC6,VT
09/18/2024 01:20:00,22.99,0.00,PMXC6,VT
09/18/2024 01:30:00,23.16,0.00,PMXC6,VT
09/18/2024 01:40:00,23.29,0.00,PMXC6,VT
09/18/2024 01:50:00,23.55,0.00,PMXC6,VT
09/18/2024 02:00:00,23.76,0.00,PMXC6,VT
09/18/2024 02:10:00,23.94,0.00,PMXC6,VT
09/18/2024 02:20:00,24.15,0.00,PMXC6,VT
09/18/2024 02:30:00,24.36,0.00,PMXC6,VT
09/18/2024 02:40:00,24.58,0.00,PMXC6,VT
09/18/2024 02:50:00,24.79,0.00,PMXC6,VT
09/18/2024 03:00:00,25.01,0.00,PMXC6,VT
09/18/2024 03:10:00,25.22,0.00,PMXC6,VT
09/18/2024 03:20:00,25.44,0.00,PMXC6,VT
09/18/2024 03:30:00,25.65,0.00,PMXC6,VT
09/18/2024 03:40:00,25.82,0.00,PMXC6,VT
09/18/2024 03:50:00,26.04,0.00,PMXC6,VT
09/18/2024 04:00:00,26.30,0.00,PMXC6,VT
09/18/2024 04:10:00,26.51,0.00,PMXC6,VT
09/18/2024 04:20:00,26.72,0.00,PMXC6,VT
09/18/2024 04:30:00,26.90,0.00,PMXC6,VT
09/18/2024 04:40:00,27.11,0.00,PMXC6,VT
09/18/2024 04:50:00,27.32,0.00,PMXC6,VT
09/18/2024 05:00:00,27.54,0.00,PMXC6,VT
09/18/2024 05:10:00,27.75,0.00,PMXC6,VT
09/18/2024 05:20:00,28.01,0.00,PMXC6,VT
09/18/2024 05:30:00,28.18,0.00,PMXC6,VT
09/18/2024 05:40:00,28.44,0.00,PMXC6,VT
09/18/2024 05:50:00,28.61,0.00,PMXC6,VT
09/18/2024 06:00:00,28.87,0.00,PMXC6,VT
09/18/2024 06:10:00,29.08,0.00,PMXC6,VT
09/18/2024 06:20:00,29.30,0.00,PMXC6,VT
09/18/2024 06:30:00,29.47,0.00,PMXC6,VT
09/18/2024 06:40:00,29.64,0.00,PMXC6,VT
09/18/2024 06:50:00,29.60,0.00,PMXC6,VT
09/18/2024 07:00:00,29.43,0.00,PMXC6,VT
09/18/2024 07:10:00,29.26,0.00,PMXC6,VT
09/18/2024 07:20:00,29.08,0.00,PMXC6,VT
09/18/2024 07:30:00,28.87,0.00,PMXC6,VT
09/18/2024 07:40:00,28.74,0.00,PMXC6,VT
09/18/2024 07:50:00,28.53,0.00,PMXC6,VT
09/18/2024 08:00:00,28.31,0.00,PMXC6,VT
09/18/2024 08:10:00,28.14,0.00,PMXC6,VT
09/18/2024 08:20:00,27.93,0.00,PMXC6,VT
09/18/2024 08:30:00,27.71,0.00,PMXC6,VT
09/18/2024 08:40:00,27.54,0.00,PMXC6,VT
09/18/2024 08:50:00,27.32,0.00,PMXC6,VT
09/18/2024 09:00:00,27.11,0.00,PMXC6,VT
09/18/2024 09:10:00,26.90,0.00,PMXC6,VT
09/18/2024 09:20:00,26.68,0.00,PMXC6,VT
09/18/2024 09:30:00,26.51,0.00,PMXC6,VT
09/18/2024 09:40:00,26.25,0.00,PMXC6,VT
09/18/2024 09:50:00,26.04,0.00,PMXC6,VT
09/18/2024 10:00:00,25.82,0.00,PMXC6,VT
09/18/2024 10:10:00,25.61,0.00,PMXC6,VT
09/18/2024 10:20:00,25.39,0.00,PMXC6,VT
09/18/2024 10:30:00,25.22,0.00,PMXC6,VT
09/18/2024 10:40:00,24.97,0.00,PMXC6,VT
09/18/2024 10:50:00,24.79,0.00,PMXC6,VT
09/18/2024 11:00:00,24.54,0.00,PMXC6,VT
09/18/2024 11:10:00,24.36,0.00,PMXC6,VT
09/18/2024 11:20:00,24.11,0.00,PMXC6,VT
09/18/2024 11:30:00,23.89,0.00,PMXC6,VT
09/18/2024 11:40:00,23.68,0.00,PMXC6,VT
09/18/2024 11:50:00,23.46,0.00,PMXC6,VT
09/18/2024 12:00:00,23.29,0.00,PMXC6,VT
09/18/2024 12:10:00,23.03,0.00,PMXC6,VT
09/18/2024 12:20:00,22.82,0.00,PMXC6,VT
09/18/2024 12:30:00,22.61,0.00,PMXC6,VT
09/18/2024 12:40:00,22.52,0.00,PMXC6,VT
09/18/2024 12:50:00,22.52,0.00,PMXC6,VT
09/18/2024 13:00:00,22.65,0.00,PMXC6,VT
09/18/2024 13:10:00,22.82,0.00,PMXC6,VT
09/18/2024 13:20:00,23.03,0.00,PMXC6,VT
09/18/2024 13:30:00,23.21,0.00,PMXC6,VT
09/18/2024 13:40:00,23.42,0.00,PMXC6,VT
09/18/2024 13:50:00,23.59,0.00,PMXC6,VT
09/18/2024 14:00:00,23.76,0.00,PMXC6,VT
09/18/2024 14:10:00,23.98,0.00,PMXC6,VT
09/18/2024 14:20:00,24.19,0.00,PMXC6,VT
09/18/2024 14:30:00,24.36,0.00,PMXC6,VT
09/18/2024 14:40:00,24.62,0.00,PMXC6,VT
09/18/2024 14:50:00,24.84,0.00,PMXC6,VT
09/18/2024 15:00:00,25.01,0.00,PMXC6,VT
09/18/2024 15:10:00,25.22,0.00,PMXC6,VT
09/18/2024 15:20:00,25.44,0.00,PMXC6,VT
09/18/2024 15:30:00,25.69,0.00,PMXC6,VT
09/18/2024 15:40:00,25.87,0.00,PMXC6,VT
09/18/2024 15:50:00,26.08,0.00,PMXC6,VT
09/18/2024 16:00:00,26.30,0.00,PMXC6,VT
09/18/2024 16:10:00,26.51,0.00,PMXC6,VT
09/18/2024 16:20:00,26.72,0.00,PMXC6,VT
09/18/2024 16:30:00,26.94,0.00,PMXC6,VT
09/18/2024 16:40:00,27.20,0.00,PMXC6,VT
09/18/2024 16:50:00,27.37,0.00,PMXC6,VT
09/18/2024 17:00:00,27.58,0.00,PMXC6,VT
09/18/2024 17:10:00,27.84,0.00,PMXC6,VT
09/18/2024 17:20:00,28.01,0.00,PMXC6,VT
09/18/2024 17:30:00,28.23,0.00,PMXC6,VT
09/18/2024 17:40:00,28.48,0.00,PMXC6,VT
09/18/2024 17:50:00,28.65,0.00,PMXC6,VT
09/18/2024 18:00:00,28.87,0.00,PMXC6,VT
09/18/2024 18:10:00,29.13,0.00,PMXC6,VT
09/18/2024 18:20:00,29.34,0.00,PMXC6,VT
09/18/2024 18:30:00,29.51,0.00,PMXC6,VT
09/18/2024 18:40:00,29.64,0.00,PMXC6,VT
09/18/2024 18:50:00,29.60,0.00,PMXC6,VT
09/18/2024 19:00:00,29.43,0.00,PMXC6,VT
09/18/2024 19:10:00,29.26,0.00,PMXC6,VT
09/18/2024 19:20:00,29.13,0.00,PMXC6,VT
09/18/2024 19:30:00,28.95,0.00,PMXC6,VT
09/18/2024 19:40:00,28.74,0.00,PMXC6,VT
09/18/2024 19:50:00,28.57,0.00,PMXC6,VT
09/18/2024 20:00:00,28.40,0.00,PMXC6,VT
09/18/2024 20:10:00,28.14,0.00,PMXC6,VT
09/18/2024 20:20:00,27.93,0.00,PMXC6,VT
09/18/2024 20:30:00,27.75,0.00,PMXC6,VT
09/18/2024 20:40:00,27.54,0.00,PMXC6,VT
09/18/2024 20:50:00,27.32,0.00,PMXC6,VT
09/18/2024 21:00:00,27.11,0.00,PMXC6,VT
09/18/2024 21:10:00,26.85,0.00,PMXC6,VT
09/18/2024 21:20:00,26.68,0.00,PMXC6,VT
09/18/2024 21:30:00,26.51,0.00,PMXC6,VT
09/18/2024 21:40:00,26.30,0.00,PMXC6,VT
09/18/2024 21:50:00,26.08,0.00,PMXC6,VT
09/18/2024 22:00:00,25.82,0.00,PMXC6,VT
09/18/2024 22:10:00,25.57,0.00,PMXC6,VT
09/18/2024 22:20:00,25.44,0.00,PMXC6,VT
09/18/2024 22:30:00,25.18,0.00,PMXC6,VT
09/18/2024 22:40:00,24.97,0.00,PMXC6,VT
09/18/2024 22:50:00,24.75,0.00,PMXC6,VT
09/18/2024 23:00:00,24.54,0.00,PMXC6,VT
09/18/2024 23:10:00,24.28,0.00,PMXC6,VT
09/18/2024 23:20:00,24.11,0.00,PMXC6,VT
09/18/2024 23:30:00,23.89,0.00,PMXC6,VT
09/18/2024 23:40:00,23.68,0.00,PMXC6,VT
09/18/2024 23:50:00,23.46,0.00,PMXC6,VT
09/19/2024 00:00:00,23.21,0.00,PMXC6,VT
09/19/2024 00:10:00,23.03,0.00,PMXC6,VT
09/19/2024 00:20:00,22.78,0.00,PMXC6,VT
09/19/2024 00:30:00,22.56,0.00,PMXC6,VT
09/19/2024 00:40:00,22.43,0.00,PMXC6,VT
09/19/2024 00:50:00,22.52,0.00,PMXC6,VT
09/19/2024 01:00:00,22.65,0.00,PMXC6,VT
09/19/2024 01:10:00,22.86,0.00,PMXC6,VT
09/19/2024 01:20:00,22.99,0.00,PMXC6,VT
09/19/2024 01:30:00,23.16,0.00,PMXC6,VT
09/19/2024 01:40:00,23.38,0.00,PMXC6,VT
09/19/2024 01:50:00,23.55,0.00,PMXC6,VT
09/19/2024 02:00:00,23.72,0.00,PMXC6,VT
09/19/2024 02:10:00,23.94,0.00,PMXC6,VT
09/19/2024 02:20:00,24.15,0.00,PMXC6,VT
09/19/2024 02:30:00,24.32,0.00,PMXC6,VT
09/19/2024 02:40:00,24.58,0.00,PMXC6,VT
09/19/2024 02:50:00,24.79,0.00,PMXC6,VT
09/19/2024 03:00:00,25.01,0.00,PMXC6,VT
09/19/2024 03:10:00,25.18,0.00,PMXC6,VT
09/19/2024 03:20:00,25.44,0.00,PMXC6,VT
09/19/2024 03:30:00,25.65,0.00,PMXC6,VT
09/19/2024 03:40:00,25.82,0.00,PMXC6,VT
09/19/2024 03:50:00,26.08,0.00,PMXC6,VT
09/19/2024 04:00:00,26.25,0.00,PMXC6,VT
09/19/2024 04:10:00,26.47,0.00,PMXC6,VT
09/19/2024 04:20:00,26.68,0.00,PMXC6,VT
09/19/2024 04:30:00,26.90,0.00,PMXC6,VT
09/19/2024 04:40:00,27.11,0.00,PMXC6,VT
09/19/2024 04:50:00,27.32,0.00,PMXC6,VT
09/19/2024 05:00:00,27.54,0.00,PMXC6,VT
09/19/2024 05:10:00,27.75,0.00,PMXC6,VT
09/19/2024 05:20:00,28.05,0.00,PMXC6,VT
09/19/2024 05:30:00,28.18,0.00,PMXC6,VT
09/19/2024 05:40:00,28.44,0.00,PMXC6,VT
09/19/2024 05:50:00,28.61,0.00,PMXC6,VT
09/19/2024 06:00:00,28.87,0.00,PMXC6,VT
09/19/2024 06:10:00,29.08,0.00,PMXC6,VT
09/19/2024 06:20:00,29.30,0.00,PMXC6,VT
09/19/2024 06:30:00,29.51,0.00,PMXC6,VT
09/19/2024 06:40:00,29.64,0.00,PMXC6,VT
09/19/2024 06:50:00,29.60,0.00,PMXC6,VT
09/19/2024 07:00:00,29.43,0.00,PMXC6,VT
09/19/2024 07:10:00,29.26,0.00,PMXC6,VT
09/19/2024 07:20:00,29.13,0.00,PMXC6,VT
09/19/2024 07:30:00,28.91,0.00,PMXC6,VT
09/19/2024 07:40:00,28.74,0.00,PMXC6,VT
09/19/2024 07:50:00,28.53,0.00,PMXC6,VT
09/19/2024 08:00:00,28.35,0.00,PMXC6,VT
09/19/2024 08:10:00,28.14,0.00,PMXC6,VT
09/19/2024 08:20:00,28.01,0.00,PMXC6,VT
09/19/2024 08:30:00,27.67,0.00,PMXC6,VT
09/19/2024 08:40:00,27.54,0.00,PMXC6,VT
09/19/2024 08:50:00,27.32,0.00,PMXC6,VT
09/19/2024 09:00:00,27.07,0.00,PMXC6,VT
09/19/2024 09:10:00,26.90,0.00,PMXC6,VT
09/19/2024 09:20:00,26.68,0.00,PMXC6,VT
09/19/2024 09:30:00,26.47,0.00,PMXC6,VT
09/19/2024 09:40:00,26.30,0.00,PMXC6,VT
09/19/2024 09:50:00,26.04,0.00,PMXC6,VT
09/19/2024 10:00:00,25.82,0.00,PMXC6,VT
09/19/2024 10:10:00,25.65,0.00,PMXC6,VT
09/19/2024 10:20:00,25.39,0.00,PMXC6,VT
09/19/2024 10:30:00,25.18,0.00,PMXC6,VT
09/19/2024 10:40:00,24.97,0.00,PMXC6,VT
09/19/2024 10:50:00,24.79,0.00,PMXC6,VT
09/19/2024 11:00:00,24.49,0.00,PMXC6,VT
09/19/2024 11:10:00,24.32,0.00,PMXC6,VT
09/19/2024 11:20:00,24.15,0.00,PMXC6,VT
09/19/2024 11:30:00,23.89,0.00,PMXC6,VT
09/19/2024 11:40:00,23.59,0.00,PMXC6,VT
09/19/2024 11:50:00,23.46,0.00,PMXC6,VT
09/19/2024 12:00:00,23.16,0.00,PMXC6,VT
09/19/2024 12:10:00,22.95,0.00,PMXC6,VT
09/19/2024 12:20:00,22.73,0.00,PMXC6,VT
09/19/2024 12:30:00,22.52,0.00,PMXC6,VT
09/19/2024 12:40:00,22.48,0.00,PMXC6,VT
09/19/2024 12:50:00,22.48,0.00,PMXC6,VT
09/19/2024 13:00:00,22.65,0.00,PMXC6,VT
09/19/2024 13:10:00,22.78,0.00,PMXC6,VT
09/19/2024 13:20:00,22.95,0.00,PMXC6,VT
09/19/2024 13:30:00,23.16,0.00,PMXC6,VT
09/19/2024 13:40:00,23.34,0.00,PMXC6,VT
09/19/2024 13:50:00,23.51,0.00,PMXC6,VT
09/19/2024 14:00:00,23.72,0.00,PMXC6,VT
09/19/2024 14:10:00,23.94,0.00,PMXC6,VT
09/19/2024 14:20:00,24.15,0.00,PMXC6,VT
09/19/2024 14:30:00,24.32,0.00,PMXC6,VT
09/19/2024 14:40:00,24.54,0.00,PMXC6,VT
09/19/2024 14:50:00,24.75,0.00,PMXC6,VT
09/19/2024 15:00:00,24.97,0.00,PMXC6,VT
09/19/2024 15:10:00,25.18,0.00,PMXC6,VT
09/19/2024 15:20:00,25.39,0.00,PMXC6,VT
09/19/2024 15:30:00,25.61,0.00,PMXC6,VT
09/19/2024 15:40:00,25.78,0.00,PMXC6,VT
09/19/2024 15:50:00,25.99,0.00,PMXC6,VT
09/19/2024 16:00:00,26.21,0.00,PMXC6,VT
09/19/2024 16:10:00,26.42,0.00,PMXC6,VT
09/19/2024 16:20:00,26.64,0.00,PMXC6,VT
09/19/2024 16:30:00,26.85,0.00,PMXC6,VT
09/19/2024 16:40:00,27.11,0.00,PMXC6,VT
09/19/2024 16:50:00,27.32,0.00,PMXC6,VT
09/19/2024 17:00:00,27.54,0.00,PMXC6,VT
09/19/2024 17:10:00,27.75,0.00,PMXC6,VT
09/19/2024 17:20:00,27.93,0.00,PMXC6,VT
09/19/2024 17:30:00,28.18,0.00,PMXC6,VT
09/19/2024 17:40:00,28.40,0.00,PMXC6,VT
09/19/2024 17:50:00,28.61,0.00,PMXC6,VT
09/19/2024 18:00:00,28.83,0.00,PMXC6,VT
09/19/2024 18:10:00,29.00,0.00,PMXC6,VT
09/19/2024 18:20:00,29.26,0.00,PMXC6,VT
09/19/2024 18:30:00,29.47,0.00,PMXC6,VT
09/19/2024 18:40:00,29.60,0.00,PMXC6,VT
09/19/2024 18:50:00,29.56,0.00,PMXC6,VT
09/19/2024 19:00:00,29.47,0.00,PMXC6,VT
09/19/2024 19:10:00,29.30,0.00,PMXC6,VT
09/19/2024 19:20:00,29.17,0.00,PMXC6,VT
09/19/2024 19:30:00,29.00,0.00,PMXC6,VT
09/19/2024 19:40:00,28.83,0.00,PMXC6,VT
09/19/2024 19:50:00,28.65,0.00,PMXC6,VT
09/19/2024 20:00:00,28.44,0.00,PMXC6,VT
09/19/2024 20:10:00,28.27,0.00,PMXC6,VT
09/19/2024 20:20:00,28.05,0.00,PMXC6,VT
09/19/2024 20:30:00,27.80,0.00,PMXC6,VT
09/19/2024 20:40:00,27.67,0.00,PMXC6,VT
09/19/2024 20:50:00,27.45,0.00,PMXC6,VT
09/19/2024 21:00:00,27.24,0.00,PMXC6,VT
09/19/2024 21:10:00,27.02,0.00,PMXC6,VT
09/19/2024 21:20:00,26.77,0.00,PMXC6,VT
09/19/2024 21:30:00,26.60,0.00,PMXC6,VT
09/19/2024 21:40:00,26.38,0.00,PMXC6,VT
09/19/2024 21:50:00,26.17,0.00,PMXC6,VT
09/19/2024 22:00:00,25.95,0.00,PMXC6,VT
09/19/2024 22:10:00,25.74,0.00,PMXC6,VT
09/19/2024 22:20:00,25.57,0.00,PMXC6,VT
09/19/2024 22:30:00,25.27,0.00,PMXC6,VT
09/19/2024 22:40:00,25.09,0.00,PMXC6,VT
09/19/2024 22:50:00,24.88,0.00,PMXC6,VT
09/19/2024 23:00:00,24.62,0.00,PMXC6,VT
09/19/2024 23:10:00,24.45,0.00,PMXC6,VT
09/19/2024 23:20:00,24.24,0.00,PMXC6,VT
09/19/2024 23:30:00,24.02,0.00,PMXC6,VT
09/19/2024 23:40:00,23.76,0.00,PMXC6,VT
09/19/2024 23:50:00,23.59,0.00,PMXC6,VT
09/20/2024 00:00:00,23.34,0.00,PMXC6,VT
09/20/2024 00:10:00,23.12,0.00,PMXC6,VT
09/20/2024 00:20:00,22.91,0.00,PMXC6,VT
09/20/2024 00:30:00,22.69,0.00,PMXC6,VT
09/20/2024 00:40:00,22.56,0.00,PMXC6,VT
09/20/2024 00:50:00,22.61,0.00,PMXC6,VT
09/20/2024 01:00:00,22.69,0.00,PMXC6,VT
09/20/2024 01:10:00,22.78,0.00,PMXC6,VT
09/20/2024 01:20:00,22.99,0.00,PMXC6,VT
09/20/2024 01:30:00,23.21,0.00,PMXC6,VT
09/20/2024 01:40:00,23.34,0.00,PMXC6,VT
09/20/2024 01:50:00,23.55,0.00,PMXC6,VT
09/20/2024 02:00:00,23.76,0.00,PMXC6,VT
09/20/2024 02:10:00,23.94,0.00,PMXC6,VT
09/20/2024 02:20:00,24.11,0.00,PMXC6,VT
09/20/2024 02:30:00,24.36,0.00,PMXC6,VT
09/20/2024 02:40:00,24.54,0.00,PMXC6,VT
09/20/2024 02:50:00,24.75,0.00,PMXC6,VT
09/20/2024 03:00:00,24.92,0.00,PMXC6,VT
09/20/2024 03:10:00,25.14,0.00,PMXC6,VT
09/20/2024 03:20:00,25.39,0.00,PMXC6,VT
09/20/2024 03:30:00,25.57,0.00,PMXC6,VT
09/20/2024 03:40:00,25.78,0.00,PMXC6,VT
09/20/2024 03:50:00,25.99,0.00,PMXC6,VT
09/20/2024 04:00:00,26.21,0.00,PMXC6,VT
09/20/2024 04:10:00,26.42,0.00,PMXC6,VT
09/20/2024 04:20:00,26.68,0.00,PMXC6,VT
09/20/2024 04:30:00,26.81,0.00,PMXC6,VT
09/20/2024 04:40:00,27.07,0.00,PMXC6,VT
09/20/2024 04:50:00,27.28,0.00,PMXC6,VT
09/20/2024 05:00:00,27.45,0.00,PMXC6,VT
09/20/2024 05:10:00,27.71,0.00,PMXC6,VT
09/20/2024 05:20:00,27.93,0.00,PMXC6,VT
09/20/2024 05:30:00,28.14,0.00,PMXC6,VT
09/20/2024 05:40:00,28.35,0.00,PMXC6,VT
09/20/2024 05:50:00,28.57,0.00,PMXC6,VT
09/20/2024 06:00:00,28.78,0.00,PMXC6,VT
09/20/2024 06:10:00,29.00,0.00,PMXC6,VT
09/20/2024 06:20:00,29.21,0.00,PMXC6,VT
09/20/2024 06:30:00,29.43,0.00,PMXC6,VT
09/20/2024 06:40:00,29.60,0.00,PMXC6,VT
09/20/2024 06:50:00,29.56,0.00,PMXC6,VT
09/20/2024 07:00:00,29.43,0.00,PMXC6,VT
09/20/2024 07:10:00,29.30,0.00,PMXC6,VT
09/20/2024 07:20:00,29.13,0.00,PMXC6,VT
09/20/2024 07:30:00,28.95,0.00,PMXC6,VT
09/20/2024 07:40:00,28.78,0.00,PMXC6,VT
09/20/2024 07:50:00,28.61,0.00,PMXC6,VT
09/20/2024 08:00:00,28.35,0.00,PMXC6,VT
09/20/2024 08:10:00,28.18,0.00,PMXC6,VT
09/20/2024 08:20:00,28.05,0.00,PMXC6,VT
09/20/2024 08:30:00,27.80,0.00,PMXC6,VT
09/20/2024 08:40:00,27.58,0.00,PMXC6,VT
09/20/2024 08:50:00,27.41,0.00,PMXC6,VT
09/20/2024 09:00:00,27.24,0.00,PMXC6,VT
09/20/2024 09:10:00,26.98,0.00,PMXC6,VT
09/20/2024 09:20:00,26.81,0.00,PMXC6,VT
09/20/2024 09:30:00,26.60,0.00,PMXC6,VT
09/20/2024 09:40:00,26.38,0.00,PMXC6,VT
09/20/2024 09:50:00,26.17,0.00,PMXC6,VT
09/20/2024 10:00:00,25.95,0.00,PMXC6,VT
09/20/2024 10:10:00,25.74,0.00,PMXC6,VT
09/20/2024 10:20:00,25.52,0.00,PMXC6,VT
09/20/2024 10:30:00,25.27,0.00,PMXC6,VT
09/20/2024 10:40:00,25.09,0.00,PMXC6,VT
09/20/2024 10:50:00,24.88,0.00,PMXC6,VT
09/20/2024 11:00:00,24.66,0.00,PMXC6,VT
09/20/2024 11:10:00,24.45,0.00,PMXC6,VT
09/20/2024 11:20:00,24.24,0.00,PMXC6,VT
09/20/2024 11:30:00,23.98,0.00,PMXC6,VT
09/20/2024 11:40:00,23.76,0.00,PMXC6,VT
09/20/2024 11:50:00,23.59,0.00,PMXC6,VT
09/20/2024 12:00:00,23.38,0.00,PMXC6,VT
09/20/2024 12:10:00,23.16,0.00,PMXC6,VT
09/20/2024 12:20:00,22.95,0.00,PMXC6,VT
09/20/2024 12:30:00,22.73,0.00,PMXC6,VT
09/20/2024 12:40:00,22.61,0.00,PMXC6,VT
09/20/2024 12:50:00,22.65,0.00,PMXC6,VT
09/20/2024 13:00:00,22.69,0.00,PMXC6,VT
09/20/2024 13:10:00,22.91,0.00,PMXC6,VT
09/20/2024 13:20:00,23.03,0.00,PMXC6,VT
09/20/2024 13:30:00,23.21,0.00,PMXC6,VT
09/20/2024 13:40:00,23.38,0.00,PMXC6,VT
09/20/2024 13:50:00,23.59,0.00,PMXC6,VT
09/20/2024 14:00:00,23.72,0.00,PMXC6,VT
09/20/2024 14:10:00,23.94,0.00,PMXC6,VT
09/20/2024 14:20:00,24.15,0.00,PMXC6,VT
09/20/2024 14:30:00,24.36,0.00,PMXC6,VT
09/20/2024 14:40:00,24.58,0.00,PMXC6,VT
09/20/2024 14:50:00,24.75,0.00,PMXC6,VT
09/20/2024 15:00:00,24.92,0.00,PMXC6,VT
09/20/2024 15:10:00,25.18,0.00,PMXC6,VT
09/20/2024 15:20:00,25.44,0.00,PMXC6,VT
09/20/2024 15:30:00,25.57,0.00,PMXC6,VT
09/20/2024 15:40:00,25.78,0.00,PMXC6,VT
09/20/2024 15:50:00,26.04,0.00,PMXC6,VT
09/20/2024 16:00:00,26.25,0.00,PMXC6,VT
09/20/2024 16:10:00,26.47,0.00,PMXC6,VT
09/20/2024 16:20:00,26.68,0.00,PMXC6,VT
09/20/2024 16:30:00,26.85,0.00,PMXC6,VT
09/20/2024 16:40:00,27.07,0.00,PMXC6,VT
09/20/2024 16:50:00,27.28,0.00,PMXC6,VT
09/20/2024 17:00:00,27.54,0.00,PMXC6,VT
09/20/2024 17:10:00,27.75,0.00,PMXC6,VT
09/20/2024 17:20:00,27.97,0.00,PMXC6,VT
09/20/2024 17:30:00,28.18,0.00,PMXC6,VT
09/20/2024 17:40:00,28.40,0.00,PMXC6,VT
09/20/2024 17:50:00,28.57,0.00,PMXC6,VT
09/20/2024 18:00:00,28.78,0.00,PMXC6,VT
09/20/2024 18:10:00,29.00,0.00,PMXC6,VT
09/20/2024 18:20:00,29.21,0.00,PMXC6,VT
09/20/2024 18:30:00,29.43,0.00,PMXC6,VT
09/20/2024 18:40:00,29.60,0.00,PMXC6,VT
09/20/2024 18:50:00,29.60,0.00,PMXC6,VT
09/20/2024 19:00:00,29.47,0.00,PMXC6,VT
09/20/2024 19:10:00,29.38,0.00,PMXC6,VT
09/20/2024 19:20:00,29.17,0.00,PMXC6,VT
09/20/2024 19:30:00,29.00,0.00,PMXC6,VT
09/20/2024 19:40:00,28.78,0.00,PMXC6,VT
09/20/2024 19:50:00,28.65,0.00,PMXC6,VT
09/20/2024 20:00:00,28.44,0.00,PMXC6,VT
09/20/2024 20:10:00,28.27,0.00,PMXC6,VT
09/20/2024 20:20:00,28.05,0.00,PMXC6,VT
09/20/2024 20:30:00,27.84,0.00,PMXC6,VT
09/20/2024 20:40:00,27.63,0.00,PMXC6,VT
09/20/2024 20:50:00,27.41,0.00,PMXC6,VT
09/20/2024 21:00:00,27.24,0.00,PMXC6,VT
09/20/2024 21:10:00,27.02,0.00,PMXC6,VT
09/20/2024 21:20:00,26.81,0.00,PMXC6,VT
09/20/2024 21:30:00,26.55,0.00,PMXC6,VT
09/20/2024 21:40:00,26.42,0.00,PMXC6,VT
09/20/2024 21:50:00,26.17,0.00,PMXC6,VT
09/20/2024 22:00:00,25.95,0.00,PMXC6,VT
09/20/2024 22:10:00,25.74,0.00,PMXC6,VT
09/20/2024 22:20:00,25.52,0.00,PMXC6,VT
09/20/2024 22:30:00,25.31,0.00,PMXC6,VT
09/20/2024 22:40:00,25.09,0.00,PMXC6,VT
09/20/2024 22:50:00,24.88,0.00,PMXC6,VT
09/20/2024 23:00:00,24.66,0.00,PMXC6,VT
09/20/2024 23:10:00,24.41,0.00,PMXC6,VT
09/20/2024 23:20:00,24.19,0.00,PMXC6,VT
09/20/2024 23:30:00,24.02,0.00,PMXC6,VT
09/20/2024 23:40:00,23.76,0.00,PMXC6,VT
09/20/2024 23:50:00,23.59,0.00,PMXC6,VT
09/21/2024 00:00:00,23.34,0.00,PMXC6,VT
09/21/2024 00:10:00,23.16,0.00,PMXC6,VT
09/21/2024 00:20:00,22.91,0.00,PMXC6,VT
09/21/2024 00:30:00,22.69,0.00,PMXC6,VT
09/21/2024 00:40:00,22.56,0.00,PMXC6,VT
09/21/2024 00:50:00,22.61,0.00,PMXC6,VT
09/21/2024 01:00:00,22.69,0.00,PMXC6,VT
09/21/2024 01:10:00,22.86,0.00,PMXC6,VT
09/21/2024 01:20:00,22.99,0.00,PMXC6,VT
09/21/2024 01:30:00,23.16,0.00,PMXC6,VT
09/21/2024 01:40:00,23.38,0.00,PMXC6,VT
09/21/2024 01:50:00,23.51,0.00,PMXC6,VT
09/21/2024 02:00:00,23.76,0.00,PMXC6,VT
09/21/2024 02:10:00,23.94,0.00,PMXC6,VT
09/21/2024 02:20:00,24.11,0.00,PMXC6,VT
09/21/2024 02:30:00,24.36,0.00,PMXC6,VT
09/21/2024 02:40:00,24.58,0.00,PMXC6,VT
09/21/2024 02:50:00,24.79,0.00,PMXC6,VT
09/21/2024 03:00:00,24.92,0.00,PMXC6,VT
09/21/2024 03:10:00,25.18,0.00,PMXC6,VT
09/21/2024 03:20:00,25.35,0.00,PMXC6,VT
09/21/2024 03:30:00,25.61,0.00,PMXC6,VT
09/21/2024 03:40:00,25.74,0.00,PMXC6,VT
09/21/2024 03:50:00,25.99,0.00,PMXC6,VT
09/21/2024 04:00:00,26.21,0.00,PMXC6,VT
09/21/2024 04:10:00,26.42,0.00,PMXC6,VT
09/21/2024 04:20:00,26.64,0.00,PMXC6,VT
09/21/2024 04:30:00,26.85,0.00,PMXC6,VT
09/21/2024 04:40:00,27.07,0.00,PMXC6,VT
09/21/2024 04:50:00,27.24,0.00,PMXC6,VT
09/21/2024 05:00:00,27.50,0.00,PMXC6,VT
09/21/2024 05:10:00,27.71,0.00,PMXC6,VT
09/21/2024 05:20:00,27.88,0.00,PMXC6,VT
09/21/2024 05:30:00,28.14,0.00,PMXC6,VT
09/21/2024 05:40:00,28.40,0.00,PMXC6,VT
09/21/2024 05:50:00,28.57,0.00,PMXC6,VT
09/21/2024 06:00:00,28.78,0.00,PMXC6,VT
09/21/2024 06:10:00,29.00,0.00,PMXC6,VT
09/21/2024 06:20:00,29.21,0.00,PMXC6,VT
09/21/2024 06:30:00,29.43,0.00,PMXC6,VT
09/21/2024 06:40:00,29.60,0.00,PMXC6,VT
09/21/2024 06:50:00,29.56,0.00,PMXC6,VT
09/21/2024 07:00:00,29.47,0.00,PMXC6,VT
09/21/2024 07:10:00,29.30,0.00,PMXC6,VT
09/21/2024 07:20:00,29.13,0.00,PMXC6,VT
09/21/2024 07:30:00,28.95,0.00,PMXC6,VT
09/21/2024 07:40:00,28.83,0.00,PMXC6,VT
09/21/2024 07:50:00,28.57,0.00,PMXC6,VT
09/21/2024 08:00:00,28.48,0.00,PMXC6,VT
09/21/2024 08:10:00,28.18,0.00,PMXC6,VT
09/21/2024 08:20:00,28.05,0.00,PMXC6,VT
09/21/2024 08:30:00,27.80,0.00,PMXC6,VT
09/21/2024 08:40:00,27.63,0.00,PMXC6,VT
09/21/2024 08:50:00,27.37,0.00,PMXC6,VT
09/21/2024 09:00:00,27.20,0.00,PMXC6,VT
09/21/2024 09:10:00,26.98,0.00,PMXC6,VT
09/21/2024 09:20:00,26.81,0.00,PMXC6,VT
09/21/2024 09:30:00,26.60,0.00,PMXC6,VT
09/21/2024 09:40:00,26.38,0.00,PMXC6,VT
09/21/2024 09:50:00,26.17,0.00,PMXC6,VT
09/21/2024 10:00:00,25.95,0.00,PMXC6,VT
09/21/2024 10:10:00,25.69,0.00,PMXC6,VT
09/21/2024 10:20:00,25.52,0.00,PMXC6,VT
09/21/2024 10:30:00,25.31,0.00,PMXC6,VT
09/21/2024 10:40:00,25.05,0.00,PMXC6,VT
09/21/2024 10:50:00,24.92,0.00,PMXC6,VT
09/21/2024 11:00:00,24.66,0.00,PMXC6,VT
09/21/2024 11:10:00,24.41,0.00,PMXC6,VT
09/21/2024 11:20:00,24.24,0.00,PMXC6,VT
09/21/2024 11:30:00,24.02,0.00,PMXC6,VT
09/21/2024 11:40:00,23.81,0.00,PMXC6,VT
09/21/2024 11:50:00,23.55,0.00,PMXC6,VT
09/21/2024 12:00:00,23.38,0.00,PMXC6,VT
09/21/2024 12:10:00,23.16,0.00,PMXC6,VT
09/21/2024 12:20:00,22.99,0.00,PMXC6,VT
09/21/2024 12:30:00,22.73,0.00,PMXC6,VT
09/21/2024 12:40:00,22.61,0.00,PMXC6,VT
09/21/2024 12:50:00,22.61,0.00,PMXC6,VT
09/21/2024 13:00:00,22.73,0.00,PMXC6,VT
09/21/2024 13:10:00,22.86,0.00,PMXC6,VT
09/21/2024 13:20:00,23.03,0.00,PMXC6,VT
09/21/2024 13:30:00,23.21,0.00,PMXC6,VT
09/21/2024 13:40:00,23.38,0.00,PMXC6,VT
09/21/2024 13:50:00,23.55,0.00,PMXC6,VT
09/21/2024 14:00:00,23.72,0.00,PMXC6,VT
09/21/2024 14:10:00,23.89,0.00,PMXC6,VT
09/21/2024 14:20:00,24.11,0.00,PMXC6,VT
09/21/2024 14:30:00,24.36,0.00,PMXC6,VT
09/21/2024 14:40:00,24.58,0.00,PMXC6,VT
09/21/2024 14:50:00,24.79,0.00,PMXC6,VT
09/21/2024 15:00:00,25.05,0.00,PMXC6,VT
09/21/2024 15:10:00,25.18,0.00,PMXC6,VT
09/21/2024 15:20:00,25.39,0.00,PMXC6,VT
09/21/2024 15:30:00,25.57,0.00,PMXC6,VT
09/21/2024 15:40:00,25.82,0.00,PMXC6,VT
09/21/2024 15:50:00,25.99,0.00,PMXC6,VT
09/21/2024 16:00:00,26.21,0.00,PMXC6,VT
09/21/2024 16:10:00,26.42,0.00,PMXC6,VT
09/21/2024 16:20:00,26.72,0.00,PMXC6,VT
09/21/2024 16:30:00,26.90,0.00,PMXC6,VT
09/21/2024 16:40:00,27.07,0.00,PMXC6,VT
09/21/2024 16:50:00,27.28,0.00,PMXC6,VT
09/21/2024 17:00:00,27.54,0.00,PMXC6,VT
09/21/2024 17:10:00,27.75,0.00,PMXC6,VT
09/21/2024 17:20:00,27.97,0.00,PMXC6,VT
09/21/2024 17:30:00,28.18,0.00,PMXC6,VT
09/21/2024 17:40:00,28.40,0.00,PMXC6,VT
09/21/2024 17:50:00,28.61,0.00,PMXC6,VT
09/21/2024 18:00:00,28.83,0.00,PMXC6,VT
09/21/2024 18:10:00,29.04,0.00,PMXC6,VT
09/21/2024 18:20:00,29.26,0.00,PMXC6,VT
09/21/2024 18:30:00,29.47,0.00,PMXC6,VT
09/21/2024 18:40:00,29.60,0.00,PMXC6,VT
09/21/2024 18:50:00,29.60,0.00,PMXC6,VT
09/21/2024 19:00:00,29.47,0.00,PMXC6,VT
09/21/2024 19:10:00,29.34,0.00,PMXC6,VT
09/21/2024 19:20:00,29.17,0.00,PMXC6,VT
09/21/2024 19:30:00,29.00,0.00,PMXC6,VT
09/21/2024 19:40:00,28.78,0.00,PMXC6,VT
09/21/2024 19:50:00,28.61,0.00,PMXC6,VT
09/21/2024 20:00:00,28.44,0.00,PMXC6,VT
09/21/2024 20:10:00,28.23,0.00,PMXC6,VT
09/21/2024 20:20:00,28.05,0.00,PMXC6,VT
09/21/2024 20:30:00,27.84,0.00,PMXC6,VT
09/21/2024 20:40:00,27.58,0.00,PMXC6,VT
09/21/2024 20:50:00,27.45,0.00,PMXC6,VT
09/21/2024 21:00:00,27.20,0.00,PMXC6,VT
09/21/2024 21:10:00,27.02,0.00,PMXC6,VT
09/21/2024 21:20:00,26.77,0.00,PMXC6,VT
09/21/2024 21:30:00,26.60,0.00,PMXC6,VT
09/21/2024 21:40:00,26.38,0.00,PMXC6,VT
09/21/2024 21:50:00,26.21,0.00,PMXC6,VT
09/21/2024 22:00:00,25.95,0.00,PMXC6,VT
09/21/2024 22:10:00,25.69,0.00,PMXC6,VT
09/21/2024 22:20:00,25.48,0.00,PMXC6,VT
09/21/2024 22:30:00,25.27,0.00,PMXC6,VT
09/21/2024 22:40:00,25.09,0.00,PMXC6,VT
09/21/2024 22:50:00,24.88,0.00,PMXC6,VT
09/21/2024 23:00:00,24.62,0.00,PMXC6,VT
09/21/2024 23:10:00,24.41,0.00,PMXC6,VT
09/21/2024 23:20:00,24.24,0.00,PMXC6,VT
09/21/2024 23:30:00,24.02,0.00,PMXC6,VT
09/21/2024 23:40:00,23.81,0.00,PMXC6,VT
09/21/2024 23:50:00,23.59,0.00,PMXC6,VT
09/22/2024 00:00:00,23.34,0.00,PMXC6,VT
09/22/2024 00:10:00,23.16,0.00,PMXC6,VT
09/22/2024 00:20:00,22.91,0.00,PMXC6,VT
09/22/2024 00:30:00,22.69,0.00,PMXC6,VT
09/22/2024 00:40:00,22.52,0.00,PMXC6,VT
09/22/2024 00:50:00,22.56,0.00,PMXC6,VT
09/22/2024 01:00:00,22.69,0.00,PMXC6,VT
09/22/2024 01:10:00,22.78,0.00,PMXC6,VT
09/22/2024 01:20:00,22.99,0.00,PMXC6,VT
09/22/2024 01:30:00,23.12,0.00,PMXC6,VT
09/22/2024 01:40:00,23.34,0.00,PMXC6,VT
09/22/2024 01:50:00,23.55,0.00,PMXC6,VT
09/22/2024 02:00:00,23.72,0.00,PMXC6,VT
09/22/2024 02:10:00,23.94,0.00,PMXC6,VT
09/22/2024 02:20:00,24.11,0.00,PMXC6,VT
09/22/2024 02:30:00,24.28,0.00,PMXC6,VT
09/22/2024 02:40:00,24.54,0.00,PMXC6,VT
09/22/2024 02:50:00,24.75,0.00,PMXC6,VT
09/22/2024 03:00:00,24.97,0.00,PMXC6,VT
09/22/2024 03:10:00,25.18,0.00,PMXC6,VT
09/22/2024 03:20:00,25.39,0.00,PMXC6,VT
09/22/2024 03:30:00,25.57,0.00,PMXC6,VT
09/22/2024 03:40:00,25.78,0.00,PMXC6,VT
09/22/2024 03:50:00,25.95,0.00,PMXC6,VT
09/22/2024 04:00:00,26.25,0.00,PMXC6,VT
09/22/2024 04:10:00,26.42,0.00,PMXC6,VT
09/22/2024 04:20:00,26.64,0.00,PMXC6,VT
09/22/2024 04:30:00,26.85,0.00,PMXC6,VT
09/22/2024 04:40:00,27.11,0.00,PMXC6,VT
09/22/2024 04:50:00,27.24,0.00,PMXC6,VT
09/22/2024 05:00:00,27.50,0.00,PMXC6,VT
09/22/2024 05:10:00,27.71,0.00,PMXC6,VT
09/22/2024 05:20:00,27.88,0.00,PMXC6,VT
09/22/2024 05:30:00,28.14,0.00,PMXC6,VT
09/22/2024 05:40:00,28.35,0.00,PMXC6,VT
09/22/2024 05:50:00,28.57,0.00,PMXC6,VT
09/22/2024 06:00:00,28.78,0.00,PMXC6,VT
09/22/2024 06:10:00,29.00,0.00,PMXC6,VT
09/22/2024 06:20:00,29.17,0.00,PMXC6,VT
09/22/2024 06:30:00,29.43,0.00,PMXC6,VT
09/22/2024 06:40:00,29.60,0.00,PMXC6,VT
09/22/2024 06:50:00,29.56,0.00,PMXC6,VT
09/22/2024 07:00:00,29.43,0.00,PMXC6,VT
09/22/2024 07:10:00,29.30,0.00,PMXC6,VT
09/22/2024 07:20:00,29.17,0.00,PMXC6,VT
09/22/2024 07:30:00,28.95,0.00,PMXC6,VT
09/22/2024 07:40:00,28.78,0.00,PMXC6,VT
09/22/2024 07:50:00,28.61,0.00,PMXC6,VT
09/22/2024 08:00:00,28.40,0.00,PMXC6,VT
09/22/2024 08:10:00,28.27,0.00,PMXC6,VT
09/22/2024 08:20:00,28.05,0.00,PMXC6,VT
09/22/2024 08:30:00,27.80,0.00,PMXC6,VT
09/22/2024 08:40:00,27.63,0.00,PMXC6,VT
09/22/2024 08:50:00,27.41,0.00,PMXC6,VT
09/22/2024 09:00:00,27.24,0.00,PMXC6,VT
09/22/2024 09:10:00,26.98,0.00,PMXC6,VT
09/22/2024 09:20:00,26.81,0.00,PMXC6,VT
09/22/2024 09:30:00,26.64,0.00,PMXC6,VT
09/22/2024 09:40:00,26.38,0.00,PMXC6,VT
09/22/2024 09:50:00,26.17,0.00,PMXC6,VT
09/22/2024 10:00:00,25.95,0.00,PMXC6,VT
09/22/2024 10:10:00,25.74,0.00,PMXC6,VT
09/22/2024 10:20:00,25.52,0.00,PMXC6,VT
09/22/2024 10:30:00,25.31,0.00,PMXC6,VT
09/22/2024 10:40:00,25.05,0.00,PMXC6,VT
09/22/2024 10:50:00,24.88,0.00,PMXC6,VT
09/22/2024 11:00:00,24.66,0.00,PMXC6,VT
09/22/2024 11:10:00,24.45,0.00,PMXC6,VT
09/22/2024 11:20:00,24.24,0.00,PMXC6,VT
09/22/2024 11:30:00,24.06,0.00,PMXC6,VT
09/22/2024 11:40:00,23.81,0.00,PMXC6,VT
09/22/2024 11:50:00,23.64,0.00,PMXC6,VT
09/22/2024 12:00:00,23.34,0.00,PMXC6,VT
09/22/2024 12:10:00,22.99,0.00,PMXC6,VT
09/22/2024 12:20:00,22.73,0.00,PMXC6,VT
09/22/2024 12:30:00,22.48,0.00,PMXC6,VT
09/22/2024 12:40:00,22.39,0.00,PMXC6,VT
09/22/2024 12:50:00,22.48,24.74,PMXC6,VT
09/22/2024 13:00:00,22.61,0.00,PMXC6,VT
09/22/2024 13:10:00,22.78,0.00,PMXC6,VT
09/22/2024 13:20:00,22.95,0.00,PMXC6,VT
09/22/2024 13:30:00,23.16,0.00,PMXC6,VT
09/22/2024 13:40:00,23.29,0.00,PMXC6,VT
09/22/2024 13:50:00,23.46,0.00,PMXC6,VT
09/22/2024 14:00:00,23.68,0.00,PMXC6,VT
09/22/2024 14:10:00,23.89,0.00,PMXC6,VT
09/22/2024 14:20:00,24.15,0.00,PMXC6,VT
09/22/2024 14:30:00,24.28,0.00,PMXC6,VT
09/22/2024 14:40:00,24.54,0.00,PMXC6,VT
09/22/2024 14:50:00,24.75,0.00,PMXC6,VT
09/22/2024 15:00:00,24.97,0.00,PMXC6,VT
09/22/2024 15:10:00,25.18,0.00,PMXC6,VT
09/22/2024 15:20:00,25.35,0.00,PMXC6,VT
09/22/2024 15:30:00,25.61,0.00,PMXC6,VT
09/22/2024 15:40:00,25.82,0.00,PMXC6,VT
09/22/2024 15:50:00,26.04,0.00,PMXC6,VT
09/22/2024 16:00:00,26.25,0.00,PMXC6,VT
09/22/2024 16:10:00,26.47,0.00,PMXC6,VT
09/22/2024 16:20:00,26.68,0.00,PMXC6,VT
09/22/2024 16:30:00,26.90,0.00,PMXC6,VT
09/22/2024 16:40:00,27.11,0.00,PMXC6,VT
09/22/2024 16:50:00,27.28,0.00,PMXC6,VT
09/22/2024 17:00:00,27.54,0.00,PMXC6,VT
09/22/2024 17:10:00,27.71,0.00,PMXC6,VT
09/22/2024 17:20:00,27.93,0.00,PMXC6,VT
09/22/2024 17:30:00,28.18,0.00,PMXC6,VT
09/22/2024 17:40:00,28.40,0.00,PMXC6,VT
09/22/2024 17:50:00,28.61,0.00,PMXC6,VT
09/22/2024 18:00:00,28.87,0.00,PMXC6,VT
09/22/2024 18:10:00,29.04,0.00,PMXC6,VT
09/22/2024 18:20:00,29.34,0.00,PMXC6,VT
09/22/2024 18:30:00,29.47,0.00,PMXC6,VT
09/22/2024 18:40:00,29.64,0.00,PMXC6,VT
09/22/2024 18:50:00,29.56,0.00,PMXC6,VT
09/22/2024 19:00:00,29.47,0.00,PMXC6,VT
09/22/2024 19:10:00,29.30,0.00,PMXC6,VT
09/22/2024 19:20:00,29.17,0.00,PMXC6,VT
09/22/2024 19:30:00,28.95,0.00,PMXC6,VT
09/22/2024 19:40:00,28.83,0.00,PMXC6,VT
09/22/2024 19:50:00,28.61,0.00,PMXC6,VT
09/22/2024 20:00:00,28.44,0.00,PMXC6,VT
09/22/2024 20:10:00,28.23,0.00,PMXC6,VT
09/22/2024 20:20:00,28.01,0.00,PMXC6,VT
09/22/2024 20:30:00,27.84,0.00,PMXC6,VT
09/22/2024 20:40:00,27.63,0.00,PMXC6,VT
09/22/2024 20:50:00,27.41,0.00,PMXC6,VT
09/22/2024 21:00:00,27.20,0.00,PMXC6,VT
09/22/2024 21:10:00,26.94,0.00,PMXC6,VT
09/22/2024 21:20:00,26.81,0.00,PMXC6,VT
09/22/2024 21:30:00,26.60,0.00,PMXC6,VT
09/22/2024 21:40:00,26.34,0.00,PMXC6,VT
09/22/2024 21:50:00,26.12,0.00,PMXC6,VT
09/22/2024 22:00:00,25.95,0.00,PMXC6,VT
09/22/2024 22:10:00,25.69,0.00,PMXC6,VT
09/22/2024 22:20:00,25.48,0.00,PMXC6,VT
09/22/2024 22:30:00,25.27,0.00,PMXC6,VT
09/22/2024 22:40:00,25.05,0.00,PMXC6,VT
09/22/2024 22:50:00,24.88,0.00,PMXC6,VT
09/22/2024 23:00:00,24.62,0.00,PMXC6,VT
09/22/2024 23:10:00,24.36,0.00,PMXC6,VT
09/22/2024 23:20:00,24.24,0.00,PMXC6,VT
09/22/2024 23:30:00,23.94,0.00,PMXC6,VT
09/22/2024 23:40:00,23.76,0.00,PMXC6,VT
09/22/2024 23:50:00,23.59,0.00,PMXC6,VT
09/23/2024 00:00:00,23.29,0.00,PMXC6,VT
09/23/2024 00:10:00,23.16,0.00,PMXC6,VT
09/23/2024 00:20:00,22.86,0.00,PMXC6,VT
09/23/2024 00:30:00,22.69,0.00,PMXC6,VT
09/23/2024 00:40:00,22.52,0.00,PMXC6,VT
09/23/2024 00:50:00,22.61,0.00,PMXC6,VT
09/23/2024 01:00:00,22.69,0.00,PMXC6,VT
09/23/2024 01:10:00,22.82,0.00,PMXC6,VT
09/23/2024 01:20:00,22.99,0.00,PMXC6,VT
09/23/2024 01:30:00,23.16,0.00,PMXC6,VT
09/23/2024 01:40:00,23.34,0.00,PMXC6,VT
09/23/2024 01:50:00,23.46,0.00,PMXC6,VT
09/23/2024 02:00:00,23.72,0.00,PMXC6,VT
09/23/2024 02:10:00,23.98,0.00,PMXC6,VT
09/23/2024 02:20:00,24.11,0.00,PMXC6,VT
09/23/2024 02:30:00,24.36,0.00,PMXC6,VT
09/23/2024 02:40:00,24.54,0.00,PMXC6,VT
09/23/2024 02:50:00,24.79,0.00,PMXC6,VT
09/23/2024 03:00:00,24.97,0.00,PMXC6,VT
09/23/2024 03:10:00,25.18,0.00,PMXC6,VT
09/23/2024 03:20:00,25.39,0.00,PMXC6,VT
09/23/2024 03:30:00,25.57,0.00,PMXC6,VT
09/23/2024 03:40:00,25.78,0.00,PMXC6,VT
09/23/2024 03:50:00,25.99,0.00,PMXC6,VT
09/23/2024 04:00:00,26.25,0.00,PMXC6,VT
09/23/2024 04:10:00,26.42,0.00,PMXC6,VT
09/23/2024 04:20:00,26.64,0.00,PMXC6,VT
09/23/2024 04:30:00,26.81,0.00,PMXC6,VT
09/23/2024 04:40:00,27.07,0.00,PMXC6,VT
09/23/2024 04:50:00,27.28,0.00,PMXC6,VT
09/23/2024 05:00:00,27.50,0.00,PMXC6,VT
09/23/2024 05:10:00,27.75,0.00,PMXC6,VT
09/23/2024 05:20:00,27.88,0.00,PMXC6,VT
09/23/2024 05:30:00,28.14,0.00,PMXC6,VT
09/23/2024 05:40:00,28.35,0.00,PMXC6,VT
09/23/2024 05:50:00,28.53,0.00,PMXC6,VT
09/23/2024 06:00:00,28.78,0.00,PMXC6,VT
09/23/2024 06:10:00,29.00,0.00,PMXC6,VT
09/23/2024 06:20:00,29.21,0.00,PMXC6,VT
09/23/2024 06:30:00,29.43,0.00,PMXC6,VT
09/23/2024 06:40:00,29.60,0.00,PMXC6,VT
09/23/2024 06:50:00,29.60,0.00,PMXC6,VT
09/23/2024 07:00:00,29.43,0.00,PMXC6,VT
09/23/2024 07:10:00,29.30,0.00,PMXC6,VT
09/23/2024 07:20:00,29.13,0.00,PMXC6,VT
09/23/2024 07:30:00,28.95,0.00,PMXC6,VT
09/23/2024 07:40:00,28.78,0.00,PMXC6,VT
09/23/2024 07:50:00,28.57,0.00,PMXC6,VT
09/23/2024 08:00:00,28.40,0.00,PMXC6,VT
09/23/2024 08:10:00,28.18,0.00,PMXC6,VT
09/23/2024 08:20:00,27.97,0.00,PMXC6,VT
09/23/2024 08:30:00,27.80,0.00,PMXC6,VT
09/23/2024 08:40:00,27.63,0.00,PMXC6,VT
09/23/2024 08:50:00,27.41,0.00,PMXC6,VT
09/23/2024 09:00:00,27.20,0.00,PMXC6,VT
09/23/2024 09:10:00,26.94,0.00,PMXC6,VT
09/23/2024 09:20:00,26.77,0.00,PMXC6,VT
09/23/2024 09:30:00,26.60,0.00,PMXC6,VT
09/23/2024 09:40:00,26.34,0.00,PMXC6,VT
09/23/2024 09:50:00,26.17,0.00,PMXC6,VT
09/23/2024 10:00:00,25.91,0.00,PMXC6,VT
09/23/2024 10:10:00,25.74,0.00,PMXC6,VT
09/23/2024 10:20:00,25.52,0.00,PMXC6,VT
09/23/2024 10:30:00,25.31,0.00,PMXC6,VT
09/23/2024 10:40:00,25.09,0.00,PMXC6,VT
09/23/2024 10:50:00,24.88,0.00,PMXC6,VT
09/23/2024 11:00:00,24.62,0.00,PMXC6,VT
09/23/2024 11:10:00,24.41,0.00,PMXC6,VT
09/23/2024 11:20:00,24.24,0.00,PMXC6,VT
09/23/2024 11:30:00,24.02,0.00,PMXC6,VT
09/23/2024 11:40:00,23.81,0.00,PMXC6,VT
09/23/2024 11:50:00,23.59,0.00,PMXC6,VT
09/23/2024 12:00:00,23.38,0.00,PMXC6,VT
09/23/2024 12:10:00,23.12,0.00,PMXC6,VT
09/23/2024 12:20:00,22.95,0.00,PMXC6,VT
09/23/2024 12:30:00,22.78,0.00,PMXC6,VT
09/23/2024 12:40:00,22.56,0.00,PMXC6,VT
09/23/2024 12:50:00,22.61,0.00,PMXC6,VT
09/23/2024 13:00:00,22.73,0.00,PMXC6,VT
09/23/2024 13:10:00,22.91,0.00,PMXC6,VT
09/23/2024 13:20:00,23.03,0.00,PMXC6,VT
09/23/2024 13:30:00,23.21,0.00,PMXC6,VT
09/23/2024 13:40:00,23.42,0.00,PMXC6,VT
09/23/2024 13:50:00,23.55,0.00,PMXC6,VT
09/23/2024 14:00:00,23.72,0.00,PMXC6,VT
09/23/2024 14:10:00,23.94,0.00,PMXC6,VT
09/23/2024 14:20:00,24.15,0.00,PMXC6,VT
09/23/2024 14:30:00,24.36,0.00,PMXC6,VT
09/23/2024 14:40:00,24.58,0.00,PMXC6,VT
09/23/2024 14:50:00,24.79,0.00,PMXC6,VT
09/23/2024 15:00:00,24.97,0.00,PMXC6,VT
09/23/2024 15:10:00,25.18,0.00,PMXC6,VT
09/23/2024 15:20:00,25.39,0.00,PMXC6,VT
09/23/2024 15:30:00,25.61,0.00,PMXC6,VT
09/23/2024 15:40:00,25.87,0.00,PMXC6,VT
09/23/2024 15:50:00,26.04,0.00,PMXC6,VT
09/23/2024 16:00:00,26.25,0.00,PMXC6,VT
09/23/2024 16:10:00,26.42,0.00,PMXC6,VT
09/23/2024 16:20:00,26.68,0.00,PMXC6,VT
09/23/2024 16:30:00,26.90,0.00,PMXC6,VT
09/23/2024 16:40:00,27.15,0.00,PMXC6,VT
09/23/2024 16:50:00,27.32,0.00,PMXC6,VT
09/23/2024 17:00:00,27.54,0.00,PMXC6,VT
09/23/2024 17:10:00,27.75,0.00,PMXC6,VT
09/23/2024 17:20:00,27.93,0.00,PMXC6,VT
09/23/2024 17:30:00,28.23,0.00,PMXC6,VT
09/23/2024 17:40:00,28.40,0.00,PMXC6,VT
09/23/2024 17:50:00,28.61,0.00,PMXC6,VT
09/23/2024 18:00:00,28.78,0.00,PMXC6,VT
09/23/2024 18:10:00,29.04,0.00,PMXC6,VT
09/23/2024 18:20:00,29.26,0.00,PMXC6,VT
09/23/2024 18:30:00,29.47,0.00,PMXC6,VT
09/23/2024 18:40:00,29.64,0.00,PMXC6,VT
09/23/2024 18:50:00,29.51,0.00,PMXC6,VT
09/23/2024 19:00:00,29.43,0.00,PMXC6,VT
09/23/2024 19:10:00,29.30,0.00,PMXC6,VT
09/23/2024 19:20:00,29.17,0.00,PMXC6,VT
09/23/2024 19:30:00,28.95,0.00,PMXC6,VT
09/23/2024 19:40:00,28.78,0.00,PMXC6,VT
09/23/2024 19:50:00,28.65,0.00,PMXC6,VT
09/23/2024 20:00:00,28.40,0.00,PMXC6,VT
09/23/2024 20:10:00,28.23,0.00,PMXC6,VT
09/23/2024 20:20:00,28.01,0.00,PMXC6,VT
09/23/2024 20:30:00,27.80,0.00,PMXC6,VT
09/23/2024 20:40:00,27.63,0.00,PMXC6,VT
09/23/2024 20:50:00,27.41,0.00,PMXC6,VT
09/23/2024 21:00:00,27.20,0.00,PMXC6,VT
09/23/2024 21:10:00,26.98,0.00,PMXC6,VT
09/23/2024 21:20:00,26.77,0.00,PMXC6,VT
09/23/2024 21:30:00,26.60,0.00,PMXC6,VT
09/23/2024 21:40:00,26.38,0.00,PMXC6,VT
09/23/2024 21:50:00,26.12,0.00,PMXC6,VT
09/23/2024 22:00:00,25.91,0.00,PMXC6,VT
09/23/2024 22:10:00,25.74,0.00,PMXC6,VT
09/23/2024 22:20:00,25.52,0.00,PMXC6,VT
09/23/2024 22:30:00,25.27,0.00,PMXC6,VT
09/23/2024 22:40:00,25.01,0.00,PMXC6,VT
09/23/2024 22:50:00,24.84,0.00,PMXC6,VT
09/23/2024 23:00:00,24.62,0.00,PMXC6,VT
09/23/2024 23:10:00,24.41,0.00,PMXC6,VT
09/23/2024 23:20:00,24.19,0.00,PMXC6,VT
09/23/2024 23:30:00,24.02,0.00,PMXC6,VT
09/23/2024 23:40:00,23.76,0.00,PMXC6,VT
09/23/2024 23:50:00,23.55,0.00,PMXC6,VT
09/24/2024 00:00:00,23.34,0.00,PMXC6,VT
09/24/2024 00:10:00,23.16,0.00,PMXC6,VT
09/24/2024 00:20:00,22.95,0.00,PMXC6,VT
09/24/2024 00:30:00,22.69,0.00,PMXC6,VT
09/24/2024 00:40:00,22.56,0.00,PMXC6,VT
09/24/2024 00:50:00,22.56,0.00,PMXC6,VT
09/24/2024 01:00:00,22.73,0.00,PMXC6,VT
09/24/2024 01:10:00,22.86,0.00,PMXC6,VT
09/24/2024 01:20:00,22.99,0.00,PMXC6,VT
09/24/2024 01:30:00,23.16,0.00,PMXC6,VT
09/24/2024 01:40:00,23.34,0.00,PMXC6,VT
09/24/2024 01:50:00,23.55,0.00,PMXC6,VT
09/24/2024 02:00:00,23.72,0.00,PMXC6,VT
09/24/2024 02:10:00,23.94,0.00,PMXC6,VT
09/24/2024 02:20:00,24.15,0.00,PMXC6,VT
09/24/2024 02:30:00,24.36,0.00,PMXC6,VT
09/24/2024 02:40:00,24.54,0.00,PMXC6,VT
09/24/2024 02:50:00,24.79,0.00,PMXC6,VT
09/24/2024 03:00:00,24.97,0.00,PMXC6,VT
09/24/2024 03:10:00,25.18,0.00,PMXC6,VT
09/24/2024 03:20:00,25.39,0.00,PMXC6,VT
09/24/2024 03:30:00,25.57,0.00,PMXC6,VT
09/24/2024 03:40:00,25.82,0.00,PMXC6,VT
09/24/2024 03:50:00,25.99,0.00,PMXC6,VT
09/24/2024 04:00:00,26.25,0.00,PMXC6,VT
09/24/2024 04:10:00,26.42,0.00,PMXC6,VT
09/24/2024 04:20:00,26.64,0.00,PMXC6,VT
09/24/2024 04:30:00,26.85,0.00,PMXC6,VT
09/24/2024 04:40:00,27.07,0.00,PMXC6,VT
09/24/2024 04:50:00,27.28,0.00,PMXC6,VT
09/24/2024 05:00:00,27.50,0.00,PMXC6,VT
09/24/2024 05:10:00,27.71,0.00,PMXC6,VT
09/24/2024 05:20:00,27.97,0.00,PMXC6,VT
09/24/2024 05:30:00,28.14,0.00,PMXC6,VT
09/24/2024 05:40:00,28.35,0.00,PMXC6,VT
09/24/2024 05:50:00,28.61,0.00,PMXC6,VT
09/24/2024 06:00:00,28.78,0.00,PMXC6,VT
09/24/2024 06:10:00,29.00,0.00,PMXC6,VT
09/24/2024 06:20:00,29.21,0.00,PMXC6,VT
09/24/2024 06:30:00,29.47,0.00,PMXC6,VT
09/24/2024 06:40:00,29.60,0.00,PMXC6,VT
09/24/2024 06:50:00,29.56,0.00,PMXC6,VT
09/24/2024 07:00:00,29.43,0.00,PMXC6,VT
09/24/2024 07:10:00,29.26,0.00,PMXC6,VT
09/24/2024 07:20:00,29.13,0.00,PMXC6,VT
09/24/2024 07:30:00,28.95,0.00,PMXC6,VT
09/24/2024 07:40:00,28.78,0.00,PMXC6,VT
09/24/2024 07:50:00,28.57,0.00,PMXC6,VT
09/24/2024 08:00:00,28.35,0.00,PMXC6,VT
09/24/2024 08:10:00,28.18,0.00,PMXC6,VT
09/24/2024 08:20:00,28.01,0.00,PMXC6,VT
09/24/2024 08:30:00,27.80,0.00,PMXC6,VT
09/24/2024 08:40:00,27.58,0.00,PMXC6,VT
09/24/2024 08:50:00,27.41,0.00,PMXC6,VT
09/24/2024 09:00:00,27.24,0.00,PMXC6,VT
09/24/2024 09:10:00,26.94,0.00,PMXC6,VT
09/24/2024 09:20:00,26.77,0.00,PMXC6,VT
09/24/2024 09:30:00,26.60,0.00,PMXC6,VT
09/24/2024 09:40:00,26.34,0.00,PMXC6,VT
09/24/2024 09:50:00,26.17,0.00,PMXC6,VT
09/24/2024 10:00:00,25.95,0.00,PMXC6,VT
09/24/2024 10:10:00,25.74,0.00,PMXC6,VT
09/24/2024 10:20:00,25.52,0.00,PMXC6,VT
09/24/2024 10:30:00,25.27,0.00,PMXC6,VT
09/24/2024 10:40:00,25.09,0.00,PMXC6,VT
09/24/2024 10:50:00,24.88,0.00,PMXC6,VT
09/24/2024 11:00:00,24.66,0.00,PMXC6,VT
09/24/2024 11:10:00,24.45,0.00,PMXC6,VT
09/24/2024 11:20:00,24.19,0.00,PMXC6,VT
09/24/2024 11:30:00,23.98,0.00,PMXC6,VT
09/24/2024 11:40:00,23.81,0.00,PMXC6,VT
09/24/2024 11:50:00,23.55,0.00,PMXC6,VT
09/24/2024 12:00:00,23.38,0.00,PMXC6,VT
09/24/2024 12:10:00,23.16,0.00,PMXC6,VT
09/24/2024 12:20:00,22.95,0.00,PMXC6,VT
09/24/2024 12:30:00,22.69,0.00,PMXC6,VT
09/24/2024 12:40:00,22.61,0.00,PMXC6,VT
09/24/2024 12:50:00,22.65,0.00,PMXC6,VT
09/24/2024 13:00:00,22.73,0.00,PMXC6,VT
09/24/2024 13:10:00,22.86,0.00,PMXC6,VT
09/24/2024 13:20:00,23.08,0.00,PMXC6,VT
09/24/2024 13:30:00,23.21,0.00,PMXC6,VT
09/24/2024 13:40:00,23.42,0.00,PMXC6,VT
09/24/2024 13:50:00,23.59,0.00,PMXC6,VT
09/24/2024 14:00:00,23.72,0.00,PMXC6,VT
09/24/2024 14:10:00,23.94,0.00,PMXC6,VT
09/24/2024 14:20:00,24.11,0.00,PMXC6,VT
09/24/2024 14:30:00,24.41,0.00,PMXC6,VT
09/24/2024 14:40:00,24.58,0.00,PMXC6,VT
09/24/2024 14:50:00,24.71,0.00,PMXC6,VT
09/24/2024 15:00:00,24.97,0.00,PMXC6,VT
09/24/2024 15:10:00,25.22,0.00,PMXC6,VT
09/24/2024 15:20:00,25.39,0.00,PMXC6,VT
09/24/2024 15:30:00,25.65,0.00,PMXC6,VT
09/24/2024 15:40:00,25.87,0.00,PMXC6,VT
09/24/2024 15:50:00,26.04,0.00,PMXC6,VT
09/24/2024 16:00:00,26.25,0.00,PMXC6,VT
09/24/2024 16:10:00,26.42,0.00,PMXC6,VT
09/24/2024 16:20:00,26.72,0.00,PMXC6,VT
09/24/2024 16:30:00,26.90,0.00,PMXC6,VT
09/24/2024 16:40:00,27.11,0.00,PMXC6,VT
09/24/2024 16:50:00,27.32,0.00,PMXC6,VT
09/24/2024 17:00:00,27.50,0.00,PMXC6,VT
09/24/2024 17:10:00,27.71,0.00,PMXC6,VT
09/24/2024 17:20:00,27.97,0.00,PMXC6,VT
09/24/2024 17:30:00,28.18,0.00,PMXC6,VT
09/24/2024 17:40:00,28.40,0.00,PMXC6,VT
09/24/2024 17:50:00,28.65,0.00,PMXC6,VT
09/24/2024 18:00:00,28.78,0.00,PMXC6,VT
09/24/2024 18:10:00,29.00,0.00,PMXC6,VT
09/24/2024 18:20:00,29.26,0.00,PMXC6,VT
09/24/2024 18:30:00,29.51,0.00,PMXC6,VT
09/24/2024 18:40:00,29.60,0.00,PMXC6,VT
09/24/2024 18:50:00,29.60,0.00,PMXC6,VT
09/24/2024 19:00:00,29.43,0.00,PMXC6,VT
09/24/2024 19:10:00,29.30,0.00,PMXC6,VT
09/24/2024 19:20:00,29.13,0.00,PMXC6,VT
09/24/2024 19:30:00,29.00,0.00,PMXC6,VT
09/24/2024 19:40:00,28.78,0.00,PMXC6,VT
09/24/2024 19:50:00,28.61,0.00,PMXC6,VT
09/24/2024 20:00:00,28.40,0.00,PMXC6,VT
09/24/2024 20:10:00,28.23,0.00,PMXC6,VT
09/24/2024 20:20:00,28.05,0.00,PMXC6,VT
09/24/2024 20:30:00,27.93,0.00,PMXC6,VT
09/24/2024 20:40:00,27.63,0.00,PMXC6,VT
09/24/2024 20:50:00,27.41,0.00,PMXC6,VT
09/24/2024 21:00:00,27.20,0.00,PMXC6,VT
09/24/2024 21:10:00,27.02,0.00,PMXC6,VT
09/24/2024 21:20:00,26.81,0.00,PMXC6,VT
09/24/2024 21:30:00,26.60,0.00,PMXC6,VT
09/24/2024 21:40:00,26.38,0.00,PMXC6,VT
09/24/2024 21:50:00,26.21,0.00,PMXC6,VT
09/24/2024 22:00:00,25.95,0.00,PMXC6,VT
09/24/2024 22:10:00,25.69,0.00,PMXC6,VT
09/24/2024 22:20:00,25.48,0.00,PMXC6,VT
09/24/2024 22:30:00,25.27,0.00,PMXC6,VT
09/24/2024 22:40:00,25.09,0.00,PMXC6,VT
09/24/2024 22:50:00,24.84,0.00,PMXC6,VT
09/24/2024 23:00:00,24.62,0.00,PMXC6,VT
09/24/2024 23:10:00,24.41,0.00,PMXC6,VT
09/24/2024 23:20:00,24.24,0.00,PMXC6,VT
09/24/2024 23:30:00,23.98,0.00,PMXC6,VT
09/24/2024 23:40:00,23.81,0.00,PMXC6,VT
09/24/2024 23:50:00,23.59,0.00,PMXC6,VT
09/25/2024 00:00:00,23.38,0.00,PMXC6,VT
09/25/2024 00:10:00,23.16,0.00,PMXC6,VT
09/25/2024 00:20:00,22.91,0.00,PMXC6,VT
09/25/2024 00:30:00,22.69,0.00,PMXC6,VT
09/25/2024 00:40:00,22.56,0.00,PMXC6,VT
09/25/2024 00:50:00,22.61,0.00,PMXC6,VT
09/25/2024 01:00:00,22.73,0.00,PMXC6,VT
09/25/2024 01:10:00,22.86,0.00,PMXC6,VT
09/25/2024 01:20:00,23.03,0.00,PMXC6,VT
09/25/2024 01:30:00,23.16,0.00,PMXC6,VT
09/25/2024 01:40:00,23.34,0.00,PMXC6,VT
09/25/2024 01:50:00,23.55,0.00,PMXC6,VT
09/25/2024 02:00:00,23.76,0.00,PMXC6,VT
09/25/2024 02:10:00,23.94,0.00,PMXC6,VT
09/25/2024 02:20:00,24.15,0.00,PMXC6,VT
09/25/2024 02:30:00,24.32,0.00,PMXC6,VT
09/25/2024 02:40:00,24.54,0.00,PMXC6,VT
09/25/2024 02:50:00,24.79,0.00,PMXC6,VT
09/25/2024 03:00:00,24.97,0.00,PMXC6,VT
09/25/2024 03:10:00,25.14,0.00,PMXC6,VT
09/25/2024 03:20:00,25.39,0.00,PMXC6,VT
09/25/2024 03:30:00,25.52,0.00,PMXC6,VT
09/25/2024 03:40:00,25.78,0.00,PMXC6,VT
09/25/2024 03:50:00,26.04,0.00,PMXC6,VT
09/25/2024 04:00:00,26.21,0.00,PMXC6,VT
09/25/2024 04:10:00,26.47,0.00,PMXC6,VT
09/25/2024 04:20:00,26.68,0.00,PMXC6,VT
09/25/2024 04:30:00,26.85,0.00,PMXC6,VT
09/25/2024 04:40:00,27.07,0.00,PMXC6,VT
09/25/2024 04:50:00,27.28,0.00,PMXC6,VT
09/25/2024 05:00:00,27.50,0.00,PMXC6,VT
09/25/2024 05:10:00,27.75,0.00,PMXC6,VT
09/25/2024 05:20:00,27.93,0.00,PMXC6,VT
09/25/2024 05:30:00,28.14,0.00,PMXC6,VT
09/25/2024 05:40:00,28.40,0.00,PMXC6,VT
09/25/2024 05:50:00,28.57,0.00,PMXC6,VT
09/25/2024 06:00:00,28.83,0.00,PMXC6,VT
09/25/2024 06:10:00,29.04,0.00,PMXC6,VT
09/25/2024 06:20:00,29.26,0.00,PMXC6,VT
09/25/2024 06:30:00,29.47,0.00,PMXC6,VT
09/25/2024 06:40:00,29.60,0.00,PMXC6,VT
09/25/2024 06:50:00,29.56,0.00,PMXC6,VT
09/25/2024 07:00:00,29.43,0.00,PMXC6,VT
09/25/2024 07:10:00,29.30,0.00,PMXC6,VT
09/25/2024 07:20:00,29.13,0.00,PMXC6,VT
09/25/2024 07:30:00,28.95,0.00,PMXC6,VT
09/25/2024 07:40:00,28.78,0.00,PMXC6,VT
09/25/2024 07:50:00,28.57,0.00,PMXC6,VT
09/25/2024 08:00:00,28.40,0.00,PMXC6,VT
09/25/2024 08:10:00,28.18,0.00,PMXC6,VT
09/25/2024 08:20:00,28.01,0.00,PMXC6,VT
09/25/2024 08:30:00,27.84,0.00,PMXC6,VT
09/25/2024 08:40:00,27.58,0.00,PMXC6,VT
09/25/2024 08:50:00,27.41,0.00,PMXC6,VT
09/25/2024 09:00:00,27.20,0.00,PMXC6,VT
09/25/2024 09:10:00,26.98,0.00,PMXC6,VT
09/25/2024 09:20:00,26.77,0.00,PMXC6,VT
09/25/2024 09:30:00,26.55,0.00,PMXC6,VT
09/25/2024 09:40:00,26.38,0.00,PMXC6,VT
09/25/2024 09:50:00,26.21,0.00,PMXC6,VT
09/25/2024 10:00:00,25.91,0.00,PMXC6,VT
09/25/2024 10:10:00,25.74,0.00,PMXC6,VT
09/25/2024 10:20:00,25.48,0.00,PMXC6,VT
09/25/2024 10:30:00,25.31,0.00,PMXC6,VT
09/25/2024 10:40:00,25.09,0.00,PMXC6,VT
09/25/2024 10:50:00,24.84,0.00,PMXC6,VT
09/25/2024 11:00:00,24.66,0.00,PMXC6,VT
09/25/2024 11:10:00,24.41,0.00,PMXC6,VT
09/25/2024 11:20:00,24.24,0.00,PMXC6,VT
09/25/2024 11:30:00,24.02,0.00,PMXC6,VT
09/25/2024 11:40:00,23.76,0.00,PMXC6,VT
09/25/2024 11:50:00,23.55,0.00,PMXC6,VT
09/25/2024 12:00:00,23.21,0.00,PMXC6,VT
09/25/2024 12:10:00,22.95,0.00,PMXC6,VT
09/25/2024 12:20:00,22.73,0.00,PMXC6,VT
09/25/2024 12:30:00,22.52,0.00,PMXC6,VT
09/25/2024 12:40:00,22.43,0.00,PMXC6,VT
09/25/2024 12:50:00,22.48,0.00,PMXC6,VT
09/25/2024 13:00:00,22.65,0.00,PMXC6,VT
09/25/2024 13:10:00,22.78,0.00,PMXC6,VT
09/25/2024 13:20:00,22.99,0.00,PMXC6,VT
09/25/2024 13:30:00,23.21,0.00,PMXC6,VT
09/25/2024 13:40:00,23.38,0.00,PMXC6,VT
09/25/2024 13:50:00,23.55,0.00,PMXC6,VT
09/25/2024 14:00:00,23.72,0.00,PMXC6,VT
09/25/2024 14:10:00,23.94,0.00,PMXC6,VT
09/25/2024 14:20:00,24.15,0.00,PMXC6,VT
09/25/2024 14:30:00,24.36,0.00,PMXC6,VT
09/25/2024 14:40:00,24.58,0.00,PMXC6,VT
09/25/2024 14:50:00,24.79,0.00,PMXC6,VT
09/25/2024 15:00:00,24.97,0.00,PMXC6,VT
09/25/2024 15:10:00,25.18,0.00,PMXC6,VT
09/25/2024 15:20:00,25.44,0.00,PMXC6,VT
09/25/2024 15:30:00,25.61,0.00,PMXC6,VT
09/25/2024 15:40:00,25.87,0.00,PMXC6,VT
09/25/2024 15:50:00,26.08,0.00,PMXC6,VT
09/25/2024 16:00:00,26.30,0.00,PMXC6,VT
09/25/2024 16:10:00,26.51,0.00,PMXC6,VT
09/25/2024 16:20:00,26.72,0.00,PMXC6,VT
09/25/2024 16:30:00,26.94,0.00,PMXC6,VT
09/25/2024 16:40:00,27.15,0.00,PMXC6,VT
09/25/2024 16:50:00,27.37,0.00,PMXC6,VT
09/25/2024 17:00:00,27.54,0.00,PMXC6,VT
09/25/2024 17:10:00,27.80,0.00,PMXC6,VT
09/25/2024 17:20:00,28.01,0.00,PMXC6,VT
09/25/2024 17:30:00,28.18,0.00,PMXC6,VT
09/25/2024 17:40:00,28.48,0.00,PMXC6,VT
09/25/2024 17:50:00,28.70,0.00,PMXC6,VT
09/25/2024 18:00:00,28.91,0.00,PMXC6,VT
09/25/2024 18:10:00,29.04,0.00,PMXC6,VT
09/25/2024 18:20:00,29.34,0.00,PMXC6,VT
09/25/2024 18:30:00,29.56,0.00,PMXC6,VT
09/25/2024 18:40:00,29.64,0.00,PMXC6,VT
09/25/2024 18:50:00,29.56,0.00,PMXC6,VT
09/25/2024 19:00:00,29.47,0.00,PMXC6,VT
09/25/2024 19:10:00,29.26,0.00,PMXC6,VT
09/25/2024 19:20:00,29.13,0.00,PMXC6,VT
09/25/2024 19:30:00,28.87,0.00,PMXC6,VT
09/25/2024 19:40:00,28.74,0.00,PMXC6,VT
09/25/2024 19:50:00,28.53,0.00,PMXC6,VT
09/25/2024 20:00:00,28.31,0.00,PMXC6,VT
09/25/2024 20:10:00,28.10,0.00,PMXC6,VT
09/25/2024 20:20:00,27.97,0.00,PMXC6,VT
09/25/2024 20:30:00,27.71,0.00,PMXC6,VT
09/25/2024 20:40:00,27.50,0.00,PMXC6,VT
09/25/2024 20:50:00,27.32,0.00,PMXC6,VT
09/25/2024 21:00:00,27.11,0.00,PMXC6,VT
09/25/2024 21:10:00,26.90,0.00,PMXC6,VT
09/25/2024 21:20:00,26.68,0.00,PMXC6,VT
09/25/2024 21:30:00,26.47,0.00,PMXC6,VT
09/25/2024 21:40:00,26.25,0.00,PMXC6,VT
09/25/2024 21:50:00,26.08,0.00,PMXC6,VT
09/25/2024 22:00:00,25.87,0.00,PMXC6,VT
09/25/2024 22:10:00,25.57,0.00,PMXC6,VT
09/25/2024 22:20:00,25.39,0.00,PMXC6,VT
09/25/2024 22:30:00,25.14,0.00,PMXC6,VT
09/25/2024 22:40:00,24.97,0.00,PMXC6,VT
09/25/2024 22:50:00,24.71,0.00,PMXC6,VT
09/25/2024 23:00:00,24.49,0.00,PMXC6,VT
09/25/2024 23:10:00,24.32,0.00,PMXC6,VT
09/25/2024 23:20:00,24.06,0.00,PMXC6,VT
09/25/2024 23:30:00,23.81,0.00,PMXC6,VT
09/25/2024 23:40:00,23.64,0.00,PMXC6,VT
09/25/2024 23:50:00,23.46,0.00,PMXC6,VT
09/26/2024 00:00:00,23.25,0.00,PMXC6,VT
09/26/2024 00:10:00,22.99,0.00,PMXC6,VT
09/26/2024 00:20:00,22.78,0.00,PMXC6,VT
09/26/2024 00:30:00,22.52,0.00,PMXC6,VT
09/26/2024 00:40:00,22.43,0.00,PMXC6,VT
09/26/2024 00:50:00,22.48,0.00,PMXC6,VT
09/26/2024 01:00:00,22.65,0.00,PMXC6,VT
09/26/2024 01:10:00,22.82,0.00,PMXC6,VT
09/26/2024 01:20:00,22.91,0.00,PMXC6,VT
09/26/2024 01:30:00,23.12,0.00,PMXC6,VT
09/26/2024 01:40:00,23.29,0.00,PMXC6,VT
09/26/2024 01:50:00,23.51,0.00,PMXC6,VT
09/26/2024 02:00:00,23.76,0.00,PMXC6,VT
09/26/2024 02:10:00,23.94,0.00,PMXC6,VT
09/26/2024 02:20:00,24.15,0.00,PMXC6,VT
09/26/2024 02:30:00,24.32,0.00,PMXC6,VT
09/26/2024 02:40:00,24.49,0.00,PMXC6,VT
09/26/2024 02:50:00,24.79,0.00,PMXC6,VT
09/26/2024 03:00:00,24.97,0.00,PMXC6,VT
09/26/2024 03:10:00,25.18,0.00,PMXC6,VT
09/26/2024 03:20:00,25.39,0.00,PMXC6,VT
09/26/2024 03:30:00,25.61,0.00,PMXC6,VT
09/26/2024 03:40:00,25.82,0.00,PMXC6,VT
09/26/2024 03:50:00,26.08,0.00,PMXC6,VT
09/26/2024 04:00:00,26.25,0.00,PMXC6,VT
09/26/2024 04:10:00,26.42,0.00,PMXC6,VT
09/26/2024 04:20:00,26.68,0.00,PMXC6,VT
09/26/2024 04:30:00,26.94,0.00,PMXC6,VT
09/26/2024 04:40:00,27.11,0.00,PMXC6,VT
09/26/2024 04:50:00,27.28,0.00,PMXC6,VT
09/26/2024 05:00:00,27.50,0.00,PMXC6,VT
09/26/2024 05:10:00,27.75,0.00,PMXC6,VT
09/26/2024 05:20:00,27.97,0.00,PMXC6,VT
09/26/2024 05:30:00,28.23,0.00,PMXC6,VT
09/26/2024 05:40:00,28.44,0.00,PMXC6,VT
09/26/2024 05:50:00,28.65,0.00,PMXC6,VT
09/26/2024 06:00:00,28.87,0.00,PMXC6,VT
09/26/2024 06:10:00,29.08,0.00,PMXC6,VT
09/26/2024 06:20:00,29.30,0.00,PMXC6,VT
09/26/2024 06:30:00,29.47,0.00,PMXC6,VT
09/26/2024 06:40:00,29.60,0.00,PMXC6,VT
09/26/2024 06:50:00,29.60,0.00,PMXC6,VT
09/26/2024 07:00:00,29.43,0.00,PMXC6,VT
09/26/2024 07:10:00,29.21,0.00,PMXC6,VT
09/26/2024 07:20:00,29.08,0.00,PMXC6,VT
09/26/2024 07:30:00,28.91,0.00,PMXC6,VT
09/26/2024 07:40:00,28.70,0.00,PMXC6,VT
09/26/2024 07:50:00,28.53,0.00,PMXC6,VT
09/26/2024 08:00:00,28.31,0.00,PMXC6,VT
09/26/2024 08:10:00,28.10,0.00,PMXC6,VT
09/26/2024 08:20:00,27.88,0.00,PMXC6,VT
09/26/2024 08:30:00,27.71,0.00,PMXC6,VT
09/26/2024 08:40:00,27.50,0.00,PMXC6,VT
09/26/2024 08:50:00,27.28,0.00,PMXC6,VT
09/26/2024 09:00:00,27.11,0.00,PMXC6,VT
09/26/2024 09:10:00,26.90,0.00,PMXC6,VT
09/26/2024 09:20:00,26.68,0.00,PMXC6,VT
09/26/2024 09:30:00,26.47,0.00,PMXC6,VT
09/26/2024 09:40:00,26.25,0.00,PMXC6,VT
09/26/2024 09:50:00,26.04,0.00,PMXC6,VT
09/26/2024 10:00:00,25.78,0.00,PMXC6,VT
09/26/2024 10:10:00,25.61,0.00,PMXC6,VT
09/26/2024 10:20:00,25.35,0.00,PMXC6,VT
09/26/2024 10:30:00,25.14,0.00,PMXC6,VT
09/26/2024 10:40:00,24.92,0.00,PMXC6,VT
09/26/2024 10:50:00,24.75,0.00,PMXC6,VT
09/26/2024 11:00:00,24.54,0.00,PMXC6,VT
09/26/2024 11:10:00,24.28,0.00,PMXC6,VT
09/26/2024 11:20:00,24.06,0.00,PMXC6,VT
09/26/2024 11:30:00,23.85,0.00,PMXC6,VT
09/26/2024 11:40:00,23.64,0.00,PMXC6,VT
09/26/2024 11:50:00,23.38,0.00,PMXC6,VT
09/26/2024 12:00:00,23.25,0.00,PMXC6,VT
09/26/2024 12:10:00,22.99,0.00,PMXC6,VT
09/26/2024 12:20:00,22.78,0.00,PMXC6,VT
09/26/2024 12:30:00,22.61,0.00,PMXC6,VT
09/26/2024 12:40:00,22.48,0.00,PMXC6,VT
09/26/2024 12:50:00,22.52,0.00,PMXC6,VT
09/26/2024 13:00:00,22.65,0.00,PMXC6,VT
09/26/2024 13:10:00,22.82,0.00,PMXC6,VT
09/26/2024 13:20:00,22.99,0.00,PMXC6,VT
09/26/2024 13:30:00,23.16,0.00,PMXC6,VT
09/26/2024 13:40:00,23.34,0.00,PMXC6,VT
09/26/2024 13:50:00,23.59,0.00,PMXC6,VT
09/26/2024 14:00:00,23.76,0.00,PMXC6,VT
09/26/2024 14:10:00,23.94,0.00,PMXC6,VT
09/26/2024 14:20:00,24.15,0.00,PMXC6,VT
09/26/2024 14:30:00,24.36,0.00,PMXC6,VT
09/26/2024 14:40:00,24.58,0.00,PMXC6,VT
09/26/2024 14:50:00,24.79,0.00,PMXC6,VT
09/26/2024 15:00:00,25.01,0.00,PMXC6,VT
09/26/2024 15:10:00,25.22,0.00,PMXC6,VT
09/26/2024 15:20:00,25.44,0.00,PMXC6,VT
09/26/2024 15:30:00,25.65,0.00,PMXC6,VT
09/26/2024 15:40:00,25.87,0.00,PMXC6,VT
09/26/2024 15:50:00,26.08,0.00,PMXC6,VT
09/26/2024 16:00:00,26.30,0.00,PMXC6,VT
09/26/2024 16:10:00,26.51,0.00,PMXC6,VT
09/26/2024 16:20:00,26.68,0.00,PMXC6,VT
09/26/2024 16:30:00,26.94,0.00,PMXC6,VT
09/26/2024 16:40:00,27.15,0.00,PMXC6,VT
09/26/2024 16:50:00,27.37,0.00,PMXC6,VT
09/26/2024 17:00:00,27.54,0.00,PMXC6,VT
09/26/2024 17:10:00,27.80,0.00,PMXC6,VT
09/26/2024 17:20:00,27.97,0.00,PMXC6,VT
09/26/2024 17:30:00,28.23,0.00,PMXC6,VT
09/26/2024 17:40:00,28.40,0.00,PMXC6,VT
09/26/2024 17:50:00,28.65,0.00,PMXC6,VT
09/26/2024 18:00:00,28.87,0.00,PMXC6,VT
09/26/2024 18:10:00,29.08,0.00,PMXC6,VT
09/26/2024 18:20:00,29.30,0.00,PMXC6,VT
09/26/2024 18:30:00,29.51,0.00,PMXC6,VT
09/26/2024 18:40:00,29.64,0.00,PMXC6,VT
09/26/2024 18:50:00,29.56,0.00,PMXC6,VT
09/26/2024 19:00:00,29.47,0.00,PMXC6,VT
09/26/2024 19:10:00,29.34,0.00,PMXC6,VT
09/26/2024 19:20:00,29.13,0.00,PMXC6,VT
09/26/2024 19:30:00,28.95,0.00,PMXC6,VT
09/26/2024 19:40:00,28.74,0.00,PMXC6,VT
09/26/2024 19:50:00,28.53,0.00,PMXC6,VT
09/26/2024 20:00:00,28.35,0.00,PMXC6,VT
09/26/2024 20:10:00,28.14,0.00,PMXC6,VT
09/26/2024 20:20:00,27.93,0.00,PMXC6,VT
09/26/2024 20:30:00,27.75,0.00,PMXC6,VT
09/26/2024 20:40:00,27.50,0.00,PMXC6,VT
09/26/2024 20:50:00,27.28,0.00,PMXC6,VT
09/26/2024 21:00:00,27.07,0.00,PMXC6,VT
09/26/2024 21:10:00,26.85,0.00,PMXC6,VT
09/26/2024 21:20:00,26.68,0.00,PMXC6,VT
09/26/2024 21:30:00,26.47,0.00,PMXC6,VT
09/26/2024 21:40:00,26.30,0.00,PMXC6,VT
09/26/2024 21:50:00,25.99,0.00,PMXC6,VT
09/26/2024 22:00:00,25.78,0.00,PMXC6,VT
09/26/2024 22:10:00,25.57,0.00,PMXC6,VT
09/26/2024 22:20:00,25.35,0.00,PMXC6,VT
09/26/2024 22:30:00,25.18,0.00,PMXC6,VT
09/26/2024 22:40:00,24.92,0.00,PMXC6,VT
09/26/2024 22:50:00,24.75,0.00,PMXC6,VT
09/26/2024 23:00:00,24.49,0.00,PMXC6,VT
09/26/2024 23:10:00,24.28,0.00,PMXC6,VT
09/26/2024 23:20:00,24.06,0.00,PMXC6,VT
09/26/2024 23:30:00,23.85,0.00,PMXC6,VT
09/26/2024 23:40:00,23.64,0.00,PMXC6,VT
09/26/2024 23:50:00,23.38,0.00,PMXC6,VT
09/27/2024 00:00:00,23.21,0.00,PMXC6,VT
09/27/2024 00:10:00,22.99,0.00,PMXC6,VT
09/27/2024 00:20:00,22.73,0.00,PMXC6,VT
09/27/2024 00:30:00,22.52,0.00,PMXC6,VT
09/27/2024 00:40:00,22.39,0.00,PMXC6,VT
09/27/2024 00:50:00,22.52,0.00,PMXC6,VT
09/27/2024 01:00:00,22.65,0.00,PMXC6,VT
09/27/2024 01:10:00,22.78,0.00,PMXC6,VT
09/27/2024 01:20:00,22.99,0.00,PMXC6,VT
09/27/2024 01:30:00,23.12,0.00,PMXC6,VT
09/27/2024 01:40:00,23.38,0.00,PMXC6,VT
09/27/2024 01:50:00,23.55,0.00,PMXC6,VT
09/27/2024 02:00:00,23.72,0.00,PMXC6,VT
09/27/2024 02:10:00,23.98,0.00,PMXC6,VT
09/27/2024 02:20:00,24.15,0.00,PMXC6,VT
09/27/2024 02:30:00,24.32,0.00,PMXC6,VT
09/27/2024 02:40:00,24.54,0.00,PMXC6,VT
09/27/2024 02:50:00,24.75,0.00,PMXC6,VT
09/27/2024 03:00:00,24.97,0.00,PMXC6,VT
09/27/2024 03:10:00,25.22,0.00,PMXC6,VT
09/27/2024 03:20:00,25.39,0.00,PMXC6,VT
09/27/2024 03:30:00,25.61,0.00,PMXC6,VT
09/27/2024 03:40:00,25.82,0.00,PMXC6,VT
09/27/2024 03:50:00,26.04,0.00,PMXC6,VT
09/27/2024 04:00:00,26.25,0.00,PMXC6,VT
09/27/2024 04:10:00,26.42,0.00,PMXC6,VT
09/27/2024 04:20:00,26.64,0.00,PMXC6,VT
09/27/2024 04:30:00,26.90,0.00,PMXC6,VT
09/27/2024 04:40:00,27.11,0.00,PMXC6,VT
09/27/2024 04:50:00,27.28,0.00,PMXC6,VT
09/27/2024 05:00:00,27.54,0.00,PMXC6,VT
09/27/2024 05:10:00,27.75,0.00,PMXC6,VT
09/27/2024 05:20:00,28.01,0.00,PMXC6,VT
09/27/2024 05:30:00,28.23,0.00,PMXC6,VT
09/27/2024 05:40:00,28.44,0.00,PMXC6,VT
09/27/2024 05:50:00,28.61,0.00,PMXC6,VT
09/27/2024 06:00:00,28.83,0.00,PMXC6,VT
09/27/2024 06:10:00,29.08,0.00,PMXC6,VT
09/27/2024 06:20:00,29.30,0.00,PMXC6,VT
09/27/2024 06:30:00,29.47,0.00,PMXC6,VT
09/27/2024 06:40:00,29.60,0.00,PMXC6,VT
09/27/2024 06:50:00,29.56,0.00,PMXC6,VT
09/27/2024 07:00:00,29.43,0.00,PMXC6,VT
09/27/2024 07:10:00,29.21,0.00,PMXC6,VT
09/27/2024 07:20:00,29.04,0.00,PMXC6,VT
09/27/2024 07:30:00,28.87,0.00,PMXC6,VT
09/27/2024 07:40:00,28.65,0.00,PMXC6,VT
09/27/2024 07:50:00,28.48,0.00,PMXC6,VT
09/27/2024 08:00:00,28.27,0.00,PMXC6,VT
09/27/2024 08:10:00,28.10,0.00,PMXC6,VT
09/27/2024 08:20:00,27.88,0.00,PMXC6,VT
09/27/2024 08:30:00,27.67,0.00,PMXC6,VT
09/27/2024 08:40:00,27.50,0.00,PMXC6,VT
09/27/2024 08:50:00,27.24,0.00,PMXC6,VT
09/27/2024 09:00:00,27.11,0.00,PMXC6,VT
09/27/2024 09:10:00,26.90,0.00,PMXC6,VT
09/27/2024 09:20:00,26.68,0.00,PMXC6,VT
09/27/2024 09:30:00,26.51,0.00,PMXC6,VT
09/27/2024 09:40:00,26.25,0.00,PMXC6,VT
09/27/2024 09:50:00,26.04,0.00,PMXC6,VT
09/27/2024 10:00:00,25.78,0.00,PMXC6,VT
09/27/2024 10:10:00,25.61,0.00,PMXC6,VT
09/27/2024 10:20:00,25.35,0.00,PMXC6,VT
09/27/2024 10:30:00,25.14,0.00,PMXC6,VT
09/27/2024 10:40:00,24.97,0.00,PMXC6,VT
09/27/2024 10:50:00,24.71,0.00,PMXC6,VT
09/27/2024 11:00:00,24.49,0.00,PMXC6,VT
09/27/2024 11:10:00,24.32,0.00,PMXC6,VT
09/27/2024 11:20:00,24.06,0.00,PMXC6,VT
09/27/2024 11:30:00,23.85,0.00,PMXC6,VT
09/27/2024 11:40:00,23.64,0.00,PMXC6,VT
09/27/2024 11:50:00,23.42,0.00,PMXC6,VT
09/27/2024 12:00:00,23.21,0.00,PMXC6,VT
09/27/2024 12:10:00,22.99,0.00,PMXC6,VT
09/27/2024 12:20:00,22.78,0.00,PMXC6,VT
09/27/2024 12:30:00,22.61,0.00,PMXC6,VT
09/27/2024 12:40:00,22.43,0.00,PMXC6,VT
09/27/2024 12:50:00,22.52,0.00,PMXC6,VT
09/27/2024 13:00:00,22.65,0.00,PMXC6,VT
09/27/2024 13:10:00,22.82,0.00,PMXC6,VT
09/27/2024 13:20:00,22.99,0.00,PMXC6,VT
09/27/2024 13:30:00,23.16,0.00,PMXC6,VT
09/27/2024 13:40:00,23.38,0.00,PMXC6,VT
09/27/2024 13:50:00,23.59,0.00,PMXC6,VT
09/27/2024 14:00:00,23.64,0.00,PMXC6,VT
09/27/2024 14:10:00,23.94,0.00,PMXC6,VT
09/27/2024 14:20:00,24.15,0.00,PMXC6,VT
09/27/2024 14:30:00,24.36,0.00,PMXC6,VT
09/27/2024 14:40:00,24.62,0.00,PMXC6,VT
09/27/2024 14:50:00,24.79,0.00,PMXC6,VT
09/27/2024 15:00:00,24.97,0.00,PMXC6,VT
09/27/2024 15:10:00,25.22,0.00,PMXC6,VT
09/27/2024 15:20:00,25.44,0.00,PMXC6,VT
09/27/2024 15:30:00,25.61,0.00,PMXC6,VT
09/27/2024 15:40:00,25.87,0.00,PMXC6,VT
09/27/2024 15:50:00,26.08,0.00,PMXC6,VT
09/27/2024 16:00:00,26.25,0.00,PMXC6,VT
09/27/2024 16:10:00,26.47,0.00,PMXC6,VT
09/27/2024 16:20:00,26.72,0.00,PMXC6,VT
09/27/2024 16:30:00,26.90,0.00,PMXC6,VT
09/27/2024 16:40:00,27.11,0.00,PMXC6,VT
09/27/2024 16:50:00,27.28,0.00,PMXC6,VT
09/27/2024 17:00:00,27.54,0.00,PMXC6,VT
09/27/2024 17:10:00,27.75,0.00,PMXC6,VT
09/27/2024 17:20:00,28.01,0.00,PMXC6,VT
09/27/2024 17:30:00,28.23,0.00,PMXC6,VT
09/27/2024 17:40:00,28.40,0.00,PMXC6,VT
09/27/2024 17:50:00,28.65,0.00,PMXC6,VT
09/27/2024 18:00:00,28.87,0.00,PMXC6,VT
09/27/2024 18:10:00,29.08,0.00,PMXC6,VT
09/27/2024 18:20:00,29.30,0.00,PMXC6,VT
09/27/2024 18:30:00,29.51,0.00,PMXC6,VT
09/27/2024 18:40:00,29.64,0.00,PMXC6,VT
09/27/2024 18:50:00,29.56,0.00,PMXC6,VT
09/27/2024 19:00:00,29.43,0.00,PMXC6,VT
09/27/2024 19:10:00,29.26,0.00,PMXC6,VT
09/27/2024 19:20:00,29.08,0.00,PMXC6,VT
09/27/2024 19:30:00,28.91,0.00,PMXC6,VT
09/27/2024 19:40:00,28.74,0.00,PMXC6,VT
09/27/2024 19:50:00,28.53,0.00,PMXC6,VT
09/27/2024 20:00:00,28.35,0.00,PMXC6,VT
09/27/2024 20:10:00,28.10,0.00,PMXC6,VT
09/27/2024 20:20:00,27.93,0.00,PMXC6,VT
09/27/2024 20:30:00,27.75,0.00,PMXC6,VT
09/27/2024 20:40:00,27.50,0.00,PMXC6,VT
09/27/2024 20:50:00,27.28,0.00,PMXC6,VT
09/27/2024 21:00:00,27.11,0.00,PMXC6,VT
09/27/2024 21:10:00,26.85,0.00,PMXC6,VT
09/27/2024 21:20:00,26.68,0.00,PMXC6,VT
09/27/2024 21:30:00,26.47,0.00,PMXC6,VT
09/27/2024 21:40:00,26.25,0.00,PMXC6,VT
09/27/2024 21:50:00,26.04,0.00,PMXC6,VT
09/27/2024 22:00:00,25.82,0.00,PMXC6,VT
09/27/2024 22:10:00,25.57,0.00,PMXC6,VT
09/27/2024 22:20:00,25.39,0.00,PMXC6,VT
09/27/2024 22:30:00,25.18,0.00,PMXC6,VT
09/27/2024 22:40:00,24.92,0.00,PMXC6,VT
09/27/2024 22:50:00,24.71,0.00,PMXC6,VT
09/27/2024 23:00:00,24.54,0.00,PMXC6,VT
09/27/2024 23:10:00,24.32,0.00,PMXC6,VT
09/27/2024 23:20:00,24.11,0.00,PMXC6,VT
09/27/2024 23:30:00,23.89,0.00,PMXC6,VT
09/27/2024 23:40:00,23.68,0.00,PMXC6,VT
09/27/2024 23:50:00,23.46,0.00,PMXC6,VT
09/28/2024 00:00:00,23.21,0.00,PMXC6,VT
09/28/2024 00:10:00,22.95,0.00,PMXC6,VT
09/28/2024 00:20:00,22.73,0.00,PMXC6,VT
09/28/2024 00:30:00,22.56,0.00,PMXC6,VT
09/28/2024 00:40:00,22.48,0.00,PMXC6,VT
09/28/2024 00:50:00,22.48,0.00,PMXC6,VT
09/28/2024 01:00:00,22.65,0.00,PMXC6,VT
09/28/2024 01:10:00,22.82,0.00,PMXC6,VT
09/28/2024 01:20:00,22.95,0.00,PMXC6,VT
09/28/2024 01:30:00,23.16,0.00,PMXC6,VT
09/28/2024 01:40:00,23.29,0.00,PMXC6,VT
09/28/2024 01:50:00,23.55,0.00,PMXC6,VT
09/28/2024 02:00:00,23.72,0.00,PMXC6,VT
09/28/2024 02:10:00,23.94,0.00,PMXC6,VT
09/28/2024 02:20:00,24.11,0.00,PMXC6,VT
09/28/2024 02:30:00,24.32,0.00,PMXC6,VT
09/28/2024 02:40:00,24.58,0.00,PMXC6,VT
09/28/2024 02:50:00,24.75,0.00,PMXC6,VT
09/28/2024 03:00:00,25.01,0.00,PMXC6,VT
09/28/2024 03:10:00,25.18,0.00,PMXC6,VT
09/28/2024 03:20:00,25.35,0.00,PMXC6,VT
09/28/2024 03:30:00,25.61,0.00,PMXC6,VT
09/28/2024 03:40:00,25.78,0.00,PMXC6,VT
09/28/2024 03:50:00,25.99,0.00,PMXC6,VT
09/28/2024 04:00:00,26.25,0.00,PMXC6,VT
09/28/2024 04:10:00,26.47,0.00,PMXC6,VT
09/28/2024 04:20:00,26.64,0.00,PMXC6,VT
09/28/2024 04:30:00,26.85,0.00,PMXC6,VT
09/28/2024 04:40:00,27.11,0.00,PMXC6,VT
09/28/2024 04:50:00,27.37,0.00,PMXC6,VT
09/28/2024 05:00:00,27.54,0.00,PMXC6,VT
09/28/2024 05:10:00,27.75,0.00,PMXC6,VT
09/28/2024 05:20:00,27.97,0.00,PMXC6,VT
09/28/2024 05:30:00,28.14,0.00,PMXC6,VT
09/28/2024 05:40:00,28.40,0.00,PMXC6,VT
09/28/2024 05:50:00,28.61,0.00,PMXC6,VT
09/28/2024 06:00:00,28.87,0.00,PMXC6,VT
09/28/2024 06:10:00,29.08,0.00,PMXC6,VT
09/28/2024 06:20:00,29.30,0.00,PMXC6,VT
09/28/2024 06:30:00,29.51,0.00,PMXC6,VT
09/28/2024 06:40:00,29.64,0.00,PMXC6,VT
09/28/2024 06:50:00,29.56,0.00,PMXC6,VT
09/28/2024 07:00:00,29.43,0.00,PMXC6,VT
09/28/2024 07:10:00,29.21,0.00,PMXC6,VT
09/28/2024 07:20:00,29.08,0.00,PMXC6,VT
09/28/2024 07:30:00,28.91,0.00,PMXC6,VT
09/28/2024 07:40:00,28.74,0.00,PMXC6,VT
09/28/2024 07:50:00,28.48,0.00,PMXC6,VT
09/28/2024 08:00:00,28.31,0.00,PMXC6,VT
09/28/2024 08:10:00,28.10,0.00,PMXC6,VT
09/28/2024 08:20:00,27.93,0.00,PMXC6,VT
09/28/2024 08:30:00,27.71,0.00,PMXC6,VT
09/28/2024 08:40:00,27.45,0.00,PMXC6,VT
09/28/2024 08:50:00,27.28,0.00,PMXC6,VT
09/28/2024 09:00:00,27.11,0.00,PMXC6,VT
09/28/2024 09:10:00,26.85,0.00,PMXC6,VT
09/28/2024 09:20:00,26.64,0.00,PMXC6,VT
09/28/2024 09:30:00,26.47,0.00,PMXC6,VT
09/28/2024 09:40:00,26.25,0.00,PMXC6,VT
09/28/2024 09:50:00,26.04,0.00,PMXC6,VT
09/28/2024 10:00:00,25.82,0.00,PMXC6,VT
09/28/2024 10:10:00,25.57,0.00,PMXC6,VT
09/28/2024 10:20:00,25.39,0.00,PMXC6,VT
09/28/2024 10:30:00,25.14,0.00,PMXC6,VT
09/28/2024 10:40:00,24.97,0.00,PMXC6,VT
09/28/2024 10:50:00,24.75,0.00,PMXC6,VT
09/28/2024 11:00:00,24.54,0.00,PMXC6,VT
09/28/2024 11:10:00,24.24,0.00,PMXC6,VT
09/28/2024 11:20:00,24.11,0.00,PMXC6,VT
09/28/2024 11:30:00,23.85,0.00,PMXC6,VT
09/28/2024 11:40:00,23.64,0.00,PMXC6,VT
09/28/2024 11:50:00,23.46,0.00,PMXC6,VT
09/28/2024 12:00:00,23.16,0.00,PMXC6,VT
09/28/2024 12:10:00,22.95,0.00,PMXC6,VT
09/28/2024 12:20:00,22.73,0.00,PMXC6,VT
09/28/2024 12:30:00,22.52,0.00,PMXC6,VT
09/28/2024 12:40:00,22.39,0.00,PMXC6,VT
09/28/2024 12:50:00,22.43,0.00,PMXC6,VT
09/28/2024 13:00:00,22.61,0.00,PMXC6,VT
09/28/2024 13:10:00,22.78,0.00,PMXC6,VT
09/28/2024 13:20:00,22.95,0.00,PMXC6,VT
09/28/2024 13:30:00,23.12,0.00,PMXC6,VT
09/28/2024 13:40:00,23.34,0.00,PMXC6,VT
09/28/2024 13:50:00,23.51,0.00,PMXC6,VT
09/28/2024 14:00:00,23.72,0.00,PMXC6,VT
09/28/2024 14:10:00,23.94,0.00,PMXC6,VT
09/28/2024 14:20:00,24.19,0.00,PMXC6,VT
09/28/2024 14:30:00,24.32,0.00,PMXC6,VT
09/28/2024 14:40:00,24.58,0.00,PMXC6,VT
09/28/2024 14:50:00,24.79,0.00,PMXC6,VT
09/28/2024 15:00:00,24.97,0.00,PMXC6,VT
09/28/2024 15:10:00,25.22,0.00,PMXC6,VT
09/28/2024 15:20:00,25.44,0.00,PMXC6,VT
09/28/2024 15:30:00,25.61,0.00,PMXC6,VT
09/28/2024 15:40:00,25.82,0.00,PMXC6,VT
09/28/2024 15:50:00,26.04,0.00,PMXC6,VT
09/28/2024 16:00:00,26.30,0.00,PMXC6,VT
09/28/2024 16:10:00,26.47,0.00,PMXC6,VT
09/28/2024 16:20:00,26.72,0.00,PMXC6,VT
09/28/2024 16:30:00,26.94,0.00,PMXC6,VT
09/28/2024 16:40:00,27.15,0.00,PMXC6,VT
09/28/2024 16:50:00,27.37,0.00,PMXC6,VT
09/28/2024 17:00:00,27.58,0.00,PMXC6,VT
09/28/2024 17:10:00,27.80,0.00,PMXC6,VT
09/28/2024 17:20:00,28.01,0.00,PMXC6,VT
09/28/2024 17:30:00,28.18,0.00,PMXC6,VT
09/28/2024 17:40:00,28.48,0.00,PMXC6,VT
09/28/2024 17:50:00,28.65,0.00,PMXC6,VT
09/28/2024 18:00:00,28.87,0.00,PMXC6,VT
09/28/2024 18:10:00,29.13,0.00,PMXC6,VT
09/28/2024 18:20:00,29.30,0.00,PMXC6,VT
09/28/2024 18:30:00,29.47,0.00,PMXC6,VT
09/28/2024 18:40:00,29.64,0.00,PMXC6,VT
09/28/2024 18:50:00,29.60,0.00,PMXC6,VT
09/28/2024 19:00:00,29.43,0.00,PMXC6,VT
09/28/2024 19:10:00,29.30,0.00,PMXC6,VT
09/28/2024 19:20:00,29.13,0.00,PMXC6,VT
09/28/2024 19:30:00,28.91,0.00,PMXC6,VT
09/28/2024 19:40:00,28.74,0.00,PMXC6,VT
09/28/2024 19:50:00,28.53,0.00,PMXC6,VT
09/28/2024 20:00:00,28.35,0.00,PMXC6,VT
09/28/2024 20:10:00,28.14,0.00,PMXC6,VT
09/28/2024 20:20:00,27.93,0.00,PMXC6,VT
09/28/2024 20:30:00,27.71,0.00,PMXC6,VT
09/28/2024 20:40:00,27.54,0.00,PMXC6,VT
09/28/2024 20:50:00,27.32,0.00,PMXC6,VT
09/28/2024 21:00:00,27.11,0.00,PMXC6,VT
09/28/2024 21:10:00,26.94,0.00,PMXC6,VT
09/28/2024 21:20:00,26.72,0.00,PMXC6,VT
09/28/2024 21:30:00,26.47,0.00,PMXC6,VT
09/28/2024 21:40:00,26.25,0.00,PMXC6,VT
09/28/2024 21:50:00,26.04,0.00,PMXC6,VT
09/28/2024 22:00:00,25.87,0.00,PMXC6,VT
09/28/2024 22:10:00,25.61,0.00,PMXC6,VT
09/28/2024 22:20:00,25.39,0.00,PMXC6,VT
09/28/2024 22:30:00,25.18,0.00,PMXC6,VT
09/28/2024 22:40:00,24.92,0.00,PMXC6,VT
09/28/2024 22:50:00,24.75,0.00,PMXC6,VT
09/28/2024 23:00:00,24.49,0.00,PMXC6,VT
09/28/2024 23:10:00,24.28,0.00,PMXC6,VT
09/28/2024 23:20:00,24.06,0.00,PMXC6,VT
09/28/2024 23:30:00,23.89,0.00,PMXC6,VT
09/28/2024 23:40:00,23.68,0.00,PMXC6,VT
09/28/2024 23:50:00,23.46,0.00,PMXC6,VT
09/29/2024 00:00:00,23.25,0.00,PMXC6,VT
09/29/2024 00:10:00,22.99,0.00,PMXC6,VT
09/29/2024 00:20:00,22.78,0.00,PMXC6,VT
09/29/2024 00:30:00,22.56,0.00,PMXC6,VT
09/29/2024 00:40:00,22.43,0.00,PMXC6,VT
09/29/2024 00:50:00,22.48,0.00,PMXC6,VT
09/29/2024 01:00:00,22.65,0.00,PMXC6,VT
09/29/2024 01:10:00,22.82,0.00,PMXC6,VT
09/29/2024 01:20:00,22.99,0.00,PMXC6,VT
09/29/2024 01:30:00,23.16,0.00,PMXC6,VT
09/29/2024 01:40:00,23.34,0.00,PMXC6,VT
09/29/2024 01:50:00,23.55,0.00,PMXC6,VT
09/29/2024 02:00:00,23.72,0.00,PMXC6,VT
09/29/2024 02:10:00,23.94,0.00,PMXC6,VT
09/29/2024 02:20:00,24.15,0.00,PMXC6,VT
09/29/2024 02:30:00,24.32,0.00,PMXC6,VT
09/29/2024 02:40:00,24.54,0.00,PMXC6,VT
09/29/2024 02:50:00,24.75,0.00,PMXC6,VT
09/29/2024 03:00:00,24.97,0.00,PMXC6,VT
09/29/2024 03:10:00,25.09,0.00,PMXC6,VT
09/29/2024 03:20:00,25.39,0.00,PMXC6,VT
09/29/2024 03:30:00,25.61,0.00,PMXC6,VT
09/29/2024 03:40:00,25.82,0.00,PMXC6,VT
09/29/2024 03:50:00,26.08,0.00,PMXC6,VT
09/29/2024 04:00:00,26.25,0.00,PMXC6,VT
09/29/2024 04:10:00,26.47,0.00,PMXC6,VT
09/29/2024 04:20:00,26.68,0.00,PMXC6,VT
09/29/2024 04:30:00,26.90,0.00,PMXC6,VT
09/29/2024 04:40:00,27.07,0.00,PMXC6,VT
09/29/2024 04:50:00,27.32,0.00,PMXC6,VT
09/29/2024 05:00:00,27.54,0.00,PMXC6,VT
09/29/2024 05:10:00,27.75,0.00,PMXC6,VT
09/29/2024 05:20:00,27.97,0.00,PMXC6,VT
09/29/2024 05:30:00,28.23,0.00,PMXC6,VT
09/29/2024 05:40:00,28.44,0.00,PMXC6,VT
09/29/2024 05:50:00,28.65,0.00,PMXC6,VT
09/29/2024 06:00:00,28.83,0.00,PMXC6,VT
09/29/2024 06:10:00,29.04,0.00,PMXC6,VT
09/29/2024 06:20:00,29.30,0.00,PMXC6,VT
09/29/2024 06:30:00,29.47,0.00,PMXC6,VT
09/29/2024 06:40:00,29.60,0.00,PMXC6,VT
09/29/2024 06:50:00,29.56,0.00,PMXC6,VT
09/29/2024 07:00:00,29.43,0.00,PMXC6,VT
09/29/2024 07:10:00,29.30,0.00,PMXC6,VT
09/29/2024 07:20:00,29.08,0.00,PMXC6,VT
09/29/2024 07:30:00,28.91,0.00,PMXC6,VT
09/29/2024 07:40:00,28.74,0.00,PMXC6,VT
09/29/2024 07:50:00,28.57,0.00,PMXC6,VT
09/29/2024 08:00:00,28.31,0.00,PMXC6,VT
09/29/2024 08:10:00,28.10,0.00,PMXC6,VT
09/29/2024 08:20:00,27.93,0.00,PMXC6,VT
09/29/2024 08:30:00,27.71,0.00,PMXC6,VT
09/29/2024 08:40:00,27.50,0.00,PMXC6,VT
09/29/2024 08:50:00,27.28,0.00,PMXC6,VT
09/29/2024 09:00:00,27.07,0.00,PMXC6,VT
09/29/2024 09:10:00,26.90,0.00,PMXC6,VT
09/29/2024 09:20:00,26.68,0.00,PMXC6,VT
09/29/2024 09:30:00,26.51,0.00,PMXC6,VT
09/29/2024 09:40:00,26.25,0.00,PMXC6,VT
09/29/2024 09:50:00,26.04,0.00,PMXC6,VT
09/29/2024 10:00:00,25.82,0.00,PMXC6,VT
09/29/2024 10:10:00,25.61,0.00,PMXC6,VT
09/29/2024 10:20:00,25.39,0.00,PMXC6,VT
09/29/2024 10:30:00,25.22,0.00,PMXC6,VT
09/29/2024 10:40:00,24.97,0.00,PMXC6,VT
09/29/2024 10:50:00,24.79,0.00,PMXC6,VT
09/29/2024 11:00:00,24.54,0.00,PMXC6,VT
09/29/2024 11:10:00,24.32,0.00,PMXC6,VT
09/29/2024 11:20:00,24.11,0.00,PMXC6,VT
09/29/2024 11:30:00,23.89,0.00,PMXC6,VT
09/29/2024 11:40:00,23.68,0.00,PMXC6,VT
09/29/2024 11:50:00,23.46,0.00,PMXC6,VT
09/29/2024 12:00:00,23.21,0.00,PMXC6,VT
09/29/2024 12:10:00,23.03,0.00,PMXC6,VT
09/29/2024 12:20:00,22.78,0.00,PMXC6,VT
09/29/2024 12:30:00,22.56,0.00,PMXC6,VT
09/29/2024 12:40:00,22.52,0.00,PMXC6,VT
09/29/2024 12:50:00,22.48,0.00,PMXC6,VT
09/29/2024 13:00:00,22.65,0.00,PMXC6,VT
09/29/2024 13:10:00,22.82,0.00,PMXC6,VT
09/29/2024 13:20:00,22.99,0.00,PMXC6,VT
09/29/2024 13:30:00,23.21,0.00,PMXC6,VT
09/29/2024 13:40:00,23.38,0.00,PMXC6,VT
09/29/2024 13:50:00,23.55,0.00,PMXC6,VT
09/29/2024 14:00:00,23.72,0.00,PMXC6,VT
09/29/2024 14:10:00,23.98,0.00,PMXC6,VT
09/29/2024 14:20:00,24.15,0.00,PMXC6,VT
09/29/2024 14:30:00,24.36,0.00,PMXC6,VT
09/29/2024 14:40:00,24.54,0.00,PMXC6,VT
09/29/2024 14:50:00,24.79,0.00,PMXC6,VT
09/29/2024 15:00:00,24.97,0.00,PMXC6,VT
09/29/2024 15:10:00,25.18,0.00,PMXC6,VT
09/29/2024 15:20:00,25.44,0.00,PMXC6,VT
09/29/2024 15:30:00,25.65,0.00,PMXC6,VT
09/29/2024 15:40:00,25.87,0.00,PMXC6,VT
09/29/2024 15:50:00,26.08,0.00,PMXC6,VT
09/29/2024 16:00:00,26.30,0.00,PMXC6,VT
09/29/2024 16:10:00,26.51,0.00,PMXC6,VT
09/29/2024 16:20:00,26.72,0.00,PMXC6,VT
09/29/2024 16:30:00,26.94,0.00,PMXC6,VT
09/29/2024 16:40:00,27.15,0.00,PMXC6,VT
09/29/2024 16:50:00,27.37,0.00,PMXC6,VT
09/29/2024 17:00:00,27.58,0.00,PMXC6,VT
09/29/2024 17:10:00,27.75,0.00,PMXC6,VT
09/29/2024 17:20:00,28.01,0.00,PMXC6,VT
09/29/2024 17:30:00,28.23,0.00,PMXC6,VT
09/29/2024 17:40:00,28.44,0.00,PMXC6,VT
09/29/2024 17:50:00,28.65,0.00,PMXC6,VT
09/29/2024 18:00:00,28.91,0.00,PMXC6,VT
09/29/2024 18:10:00,29.08,0.00,PMXC6,VT
09/29/2024 18:20:00,29.30,0.00,PMXC6,VT
09/29/2024 18:30:00,29.56,0.00,PMXC6,VT
09/29/2024 18:40:00,29.60,0.00,PMXC6,VT
09/29/2024 18:50:00,29.56,0.00,PMXC6,VT
09/29/2024 19:00:00,29.47,0.00,PMXC6,VT
09/29/2024 19:10:00,29.30,0.00,PMXC6,VT
09/29/2024 19:20:00,29.13,0.00,PMXC6,VT
09/29/2024 19:30:00,28.95,0.00,PMXC6,VT
09/29/2024 19:40:00,28.74,0.00,PMXC6,VT
09/29/2024 19:50:00,28.53,0.00,PMXC6,VT
09/29/2024 20:00:00,28.35,0.00,PMXC6,VT
09/29/2024 20:10:00,28.14,0.00,PMXC6,VT
09/29/2024 20:20:00,27.93,0.00,PMXC6,VT
09/29/2024 20:30:00,27.71,0.00,PMXC6,VT
09/29/2024 20:40:00,27.50,0.00,PMXC6,VT
09/29/2024 20:50:00,27.32,0.00,PMXC6,VT
09/29/2024 21:00:00,27.11,0.00,PMXC6,VT
09/29/2024 21:10:00,26.90,0.00,PMXC6,VT
09/29/2024 21:20:00,26.68,0.00,PMXC6,VT
09/29/2024 21:30:00,26.47,0.00,PMXC6,VT
09/29/2024 21:40:00,26.25,0.00,PMXC6,VT
09/29/2024 21:50:00,25.99,0.00,PMXC6,VT
09/29/2024 22:00:00,25.82,0.00,PMXC6,VT
09/29/2024 22:10:00,25.61,0.00,PMXC6,VT
09/29/2024 22:20:00,25.39,0.00,PMXC6,VT
09/29/2024 22:30:00,25.14,0.00,PMXC6,VT
09/29/2024 22:40:00,24.92,0.00,PMXC6,VT
09/29/2024 22:50:00,24.66,0.00,PMXC6,VT
09/29/2024 23:00:00,24.45,0.00,PMXC6,VT
09/29/2024 23:10:00,24.24,0.00,PMXC6,VT
09/29/2024 23:20:00,24.06,0.00,PMXC6,VT
09/29/2024 23:30:00,23.81,0.00,PMXC6,VT
09/29/2024 23:40:00,23.64,0.00,PMXC6,VT
09/29/2024 23:50:00,23.38,0.00,PMXC6,VT
09/30/2024 00:00:00,23.25,0.00,PMXC6,VT
09/30/2024 00:10:00,22.91,0.00,PMXC6,VT
09/30/2024 00:20:00,22.73,0.00,PMXC6,VT
09/30/2024 00:30:00,22.52,0.00,PMXC6,VT
09/30/2024 00:40:00,22.43,0.00,PMXC6,VT
09/30/2024 00:50:00,22.48,0.00,PMXC6,VT
09/30/2024 01:00:00,22.65,0.00,PMXC6,VT
09/30/2024 01:10:00,22.82,0.00,PMXC6,VT
09/30/2024 01:20:00,22.91,0.00,PMXC6,VT
09/30/2024 01:30:00,23.12,0.00,PMXC6,VT
09/30/2024 01:40:00,23.29,0.00,PMXC6,VT
09/30/2024 01:50:00,23.55,0.00,PMXC6,VT
09/30/2024 02:00:00,23.76,0.00,PMXC6,VT
09/30/2024 02:10:00,23.89,0.00,PMXC6,VT
09/30/2024 02:20:00,24.11,0.00,PMXC6,VT
09/30/2024 02:30:00,24.36,0.00,PMXC6,VT
09/30/2024 02:40:00,24.49,0.00,PMXC6,VT
09/30/2024 02:50:00,24.79,0.00,PMXC6,VT
09/30/2024 03:00:00,24.97,0.00,PMXC6,VT
09/30/2024 03:10:00,25.18,0.00,PMXC6,VT
09/30/2024 03:20:00,25.39,0.00,PMXC6,VT
09/30/2024 03:30:00,25.61,0.00,PMXC6,VT
09/30/2024 03:40:00,25.82,0.00,PMXC6,VT
09/30/2024 03:50:00,26.04,0.00,PMXC6,VT
09/30/2024 04:00:00,26.21,0.00,PMXC6,VT
09/30/2024 04:10:00,26.47,0.00,PMXC6,VT
09/30/2024 04:20:00,26.64,0.00,PMXC6,VT
09/30/2024 04:30:00,26.90,0.00,PMXC6,VT
09/30/2024 04:40:00,27.11,0.00,PMXC6,VT
09/30/2024 04:50:00,27.32,0.00,PMXC6,VT
09/30/2024 05:00:00,27.54,0.00,PMXC6,VT
09/30/2024 05:10:00,27.75,0.00,PMXC6,VT
09/30/2024 05:20:00,27.97,0.00,PMXC6,VT
09/30/2024 05:30:00,28.23,0.00,PMXC6,VT
09/30/2024 05:40:00,28.40,0.00,PMXC6,VT
09/30/2024 05:50:00,28.61,0.00,PMXC6,VT
09/30/2024 06:00:00,28.83,0.00,PMXC6,VT
09/30/2024 06:10:00,29.04,0.00,PMXC6,VT
09/30/2024 06:20:00,29.30,0.00,PMXC6,VT
09/30/2024 06:30:00,29.51,0.00,PMXC6,VT
09/30/2024 06:40:00,29.64,0.00,PMXC6,VT
09/30/2024 06:50:00,29.56,0.00,PMXC6,VT
09/30/2024 07:00:00,29.47,0.00,PMXC6,VT
09/30/2024 07:10:00,29.26,0.00,PMXC6,VT
09/30/2024 07:20:00,29.08,0.00,PMXC6,VT
09/30/2024 07:30:00,28.91,0.00,PMXC6,VT
09/30/2024 07:40:00,28.70,0.00,PMXC6,VT
09/30/2024 07:50:00,28.53,0.00,PMXC6,VT
09/30/2024 08:00:00,28.31,0.00,PMXC6,VT
09/30/2024 08:10:00,28.14,0.00,PMXC6,VT
09/30/2024 08:20:00,27.97,0.00,PMXC6,VT
09/30/2024 08:30:00,27.71,0.00,PMXC6,VT
09/30/2024 08:40:00,27.50,0.00,PMXC6,VT
09/30/2024 08:50:00,27.28,0.00,PMXC6,VT
09/30/2024 09:00:00,27.11,0.00,PMXC6,VT
09/30/2024 09:10:00,26.85,0.00,PMXC6,VT
09/30/2024 09:20:00,26.64,0.00,PMXC6,VT
09/30/2024 09:30:00,26.47,0.00,PMXC6,VT
09/30/2024 09:40:00,26.25,0.00,PMXC6,VT
09/30/2024 09:50:00,26.04,0.00,PMXC6,VT
09/30/2024 10:00:00,25.78,0.00,PMXC6,VT
09/30/2024 10:10:00,25.57,0.00,PMXC6,VT
09/30/2024 10:20:00,25.35,0.00,PMXC6,VT
09/30/2024 10:30:00,25.14,0.00,PMXC6,VT
09/30/2024 10:40:00,24.97,0.00,PMXC6,VT
09/30/2024 10:50:00,24.79,0.00,PMXC6,VT
09/30/2024 11:00:00,24.49,0.00,PMXC6,VT
09/30/2024 11:10:00,24.28,0.00,PMXC6,VT
09/30/2024 11:20:00,24.11,0.00,PMXC6,VT
09/30/2024 11:30:00,23.85,0.00,PMXC6,VT
09/30/2024 11:40:00,23.64,0.00,PMXC6,VT
09/30/2024 11:50:00,23.46,0.00,PMXC6,VT
09/30/2024 12:00:00,23.25,0.00,PMXC6,VT
09/30/2024 12:10:00,22.95,0.00,PMXC6,VT
09/30/2024 12:20:00,22.78,0.00,PMXC6,VT
09/30/2024 12:30:00,22.56,0.00,PMXC6,VT
09/30/2024 12:40:00,22.43,0.00,PMXC6,VT
09/30/2024 12:50:00,22.52,0.00,PMXC6,VT
09/30/2024 13:00:00,22.65,0.00,PMXC6,VT
09/30/2024 13:10:00,22.78,0.00,PMXC6,VT
09/30/2024 13:20:00,22.99,0.00,PMXC6,VT
09/30/2024 13:30:00,23.16,0.00,PMXC6,VT
09/30/2024 13:40:00,23.38,0.00,PMXC6,VT
09/30/2024 13:50:00,23.55,0.00,PMXC6,VT
09/30/2024 14:00:00,23.72,0.00,PMXC6,VT
09/30/2024 14:10:00,23.94,0.00,PMXC6,VT
09/30/2024 14:20:00,24.15,0.00,PMXC6,VT
09/30/2024 14:30:00,24.32,0.00,PMXC6,VT
09/30/2024 14:40:00,24.54,0.00,PMXC6,VT
09/30/2024 14:50:00,24.84,0.00,PMXC6,VT
09/30/2024 15:00:00,24.97,0.00,PMXC6,VT
09/30/2024 15:10:00,25.18,0.00,PMXC6,VT
09/30/2024 15:20:00,25.44,0.00,PMXC6,VT
09/30/2024 15:30:00,25.65,0.00,PMXC6,VT
09/30/2024 15:40:00,25.82,0.00,PMXC6,VT
09/30/2024 15:50:00,26.04,0.00,PMXC6,VT
09/30/2024 16:00:00,26.30,0.00,PMXC6,VT
09/30/2024 16:10:00,26.47,0.00,PMXC6,VT
09/30/2024 16:20:00,26.68,0.00,PMXC6,VT
09/30/2024 16:30:00,26.94,0.00,PMXC6,VT
09/30/2024 16:40:00,27.15,0.00,PMXC6,VT
09/30/2024 16:50:00,27.32,0.00,PMXC6,VT
09/30/2024 17:00:00,27.58,0.00,PMXC6,VT
09/30/2024 17:10:00,27.80,0.00,PMXC6,VT
09/30/2024 17:20:00,28.01,0.00,PMXC6,VT
09/30/2024 17:30:00,28.23,0.00,PMXC6,VT
09/30/2024 17:40:00,28.44,0.00,PMXC6,VT
09/30/2024 17:50:00,28.70,0.00,PMXC6,VT
09/30/2024 18:00:00,28.87,0.00,PMXC6,VT
09/30/2024 18:10:00,29.08,0.00,PMXC6,VT
09/30/2024 18:20:00,29.30,0.00,PMXC6,VT
09/30/2024 18:30:00,29.56,0.00,PMXC6,VT
09/30/2024 18:40:00,29.64,0.00,PMXC6,VT
09/30/2024 18:50:00,29.56,0.00,PMXC6,VT
09/30/2024 19:00:00,29.51,0.00,PMXC6,VT
09/30/2024 19:10:00,29.30,0.00,PMXC6,VT
09/30/2024 19:20:00,29.13,0.00,PMXC6,VT
09/30/2024 19:30:00,28.95,0.00,PMXC6,VT
09/30/2024 19:40:00,28.74,0.00,PMXC6,VT
09/30/2024 19:50:00,28.57,0.00,PMXC6,VT
09/30/2024 20:00:00,28.35,0.00,PMXC6,VT
09/30/2024 20:10:00,28.14,0.00,PMXC6,VT
09/30/2024 20:20:00,27.93,0.00,PMXC6,VT
09/30/2024 20:30:00,27.71,0.00,PMXC6,VT
09/30/2024 20:40:00,27.50,0.00,PMXC6,VT
09/30/2024 20:50:00,27.32,0.00,PMXC6,VT
09/30/2024 21:00:00,27.11,0.00,PMXC6,VT
09/30/2024 21:10:00,26.90,0.00,PMXC6,VT
09/30/2024 21:20:00,26.68,0.00,PMXC6,VT
09/30/2024 21:30:00,26.42,0.00,PMXC6,VT
09/30/2024 21:40:00,26.30,0.00,PMXC6,VT
09/30/2024 21:50:00,26.08,0.00,PMXC6,VT
09/30/2024 22:00:00,25.82,0.00,PMXC6,VT
09/30/2024 22:10:00,25.61,0.00,PMXC6,VT
09/30/2024 22:20:00,25.39,0.00,PMXC6,VT
09/30/2024 22:30:00,25.14,0.00,PMXC6,VT
09/30/2024 22:40:00,24.92,0.00,PMXC6,VT
09/30/2024 22:50:00,24.71,0.00,PMXC6,VT
09/30/2024 23:00:00,24.49,0.00,PMXC6,VT
09/30/2024 23:10:00,24.28,0.00,PMXC6,VT
09/30/2024 23:20:00,24.06,0.00,PMXC6,VT
09/30/2024 23:30:00,23.85,0.00,PMXC6,VT
09/30/2024 23:40:00,23.59,0.00,PMXC6,VT
09/30/2024 23:50:00,23.46,0.00,PMXC6,VT
10/01/2024 00:00:00,23.16,0.00,PMXC6,VT
10/01/2024 00:10:00,22.95,0.00,PMXC6,VT
10/01/2024 00:20:00,22.78,0.00,PMXC6,VT
10/01/2024 00:30:00,22.56,0.00,PMXC6,VT
10/01/2024 00:40:00,22.43,0.00,PMXC6,VT
10/01/2024 00:50:00,22.48,0.00,PMXC6,VT
10/01/2024 01:00:00,22.61,0.00,PMXC6,VT
10/01/2024 01:10:00,22.78,0.00,PMXC6,VT
10/01/2024 01:20:00,22.99,0.00,PMXC6,VT
10/01/2024 01:30:00,23.12,0.00,PMXC6,VT
10/01/2024 01:40:00,23.34,0.00,PMXC6,VT
10/01/2024 01:50:00,23.51,0.00,PMXC6,VT
10/01/2024 02:00:00,23.72,0.00,PMXC6,VT
10/01/2024 02:10:00,23.89,0.00,PMXC6,VT
10/01/2024 02:20:00,24.15,0.00,PMXC6,VT
10/01/2024 02:30:00,24.32,0.00,PMXC6,VT
10/01/2024 02:40:00,24.58,0.00,PMXC6,VT
10/01/2024 02:50:00,24.75,0.00,PMXC6,VT
10/01/2024 03:00:00,24.97,0.00,PMXC6,VT
10/01/2024 03:10:00,25.18,0.00,PMXC6,VT
10/01/2024 03:20:00,25.39,0.00,PMXC6,VT
10/01/2024 03:30:00,25.61,0.00,PMXC6,VT
10/01/2024 03:40:00,25.82,0.00,PMXC6,VT
10/01/2024 03:50:00,26.08,0.00,PMXC6,VT
10/01/2024 04:00:00,26.30,0.00,PMXC6,VT
10/01/2024 04:10:00,26.47,0.00,PMXC6,VT
10/01/2024 04:20:00,26.64,0.00,PMXC6,VT
10/01/2024 04:30:00,26.94,0.00,PMXC6,VT
10/01/2024 04:40:00,27.15,0.00,PMXC6,VT
10/01/2024 04:50:00,27.32,0.00,PMXC6,VT
10/01/2024 05:00:00,27.54,0.00,PMXC6,VT
10/01/2024 05:10:00,27.75,0.00,PMXC6,VT
10/01/2024 05:20:00,27.97,0.00,PMXC6,VT
10/01/2024 05:30:00,28.18,0.00,PMXC6,VT
10/01/2024 05:40:00,28.44,0.00,PMXC6,VT
10/01/2024 05:50:00,28.70,0.00,PMXC6,VT
10/01/2024 06:00:00,28.87,0.00,PMXC6,VT
10/01/2024 06:10:00,29.08,0.00,PMXC6,VT
10/01/2024 06:20:00,29.30,0.00,PMXC6,VT
10/01/2024 06:30:00,29.51,0.00,PMXC6,VT
10/01/2024 06:40:00,29.64,0.00,PMXC6,VT
10/01/2024 06:50:00,29.56,0.00,PMXC6,VT
10/01/2024 07:00:00,29.43,0.00,PMXC6,VT
10/01/2024 07:10:00,29.26,0.00,PMXC6,VT
10/01/2024 07:20:00,29.13,0.00,PMXC6,VT
10/01/2024 07:30:00,28.91,0.00,PMXC6,VT
10/01/2024 07:40:00,28.74,0.00,PMXC6,VT
10/01/2024 07:50:00,28.48,0.00,PMXC6,VT
10/01/2024 08:00:00,28.31,0.00,PMXC6,VT
10/01/2024 08:10:00,28.10,0.00,PMXC6,VT
10/01/2024 08:20:00,27.97,0.00,PMXC6,VT
10/01/2024 08:30:00,27.75,0.00,PMXC6,VT
10/01/2024 08:40:00,27.50,0.00,PMXC6,VT
10/01/2024 08:50:00,27.28,0.00,PMXC6,VT
10/01/2024 09:00:00,27.07,0.00,PMXC6,VT
10/01/2024 09:10:00,26.85,0.00,PMXC6,VT
10/01/2024 09:20:00,26.72,0.00,PMXC6,VT
10/01/2024 09:30:00,26.47,0.00,PMXC6,VT
10/01/2024 09:40:00,26.25,0.00,PMXC6,VT
10/01/2024 09:50:00,26.08,0.00,PMXC6,VT
10/01/2024 10:00:00,25.82,0.00,PMXC6,VT
10/01/2024 10:10:00,25.61,0.00,PMXC6,VT
10/01/2024 10:20:00,25.35,0.00,PMXC6,VT
10/01/2024 10:30:00,25.14,0.00,PMXC6,VT
10/01/2024 10:40:00,24.92,0.00,PMXC6,VT
10/01/2024 10:50:00,24.75,0.00,PMXC6,VT
10/01/2024 11:00:00,24.54,0.00,PMXC6,VT
10/01/2024 11:10:00,24.32,0.00,PMXC6,VT
10/01/2024 11:20:00,24.11,0.00,PMXC6,VT
10/01/2024 11:30:00,23.94,0.00,PMXC6,VT
10/01/2024 11:40:00,23.68,0.00,PMXC6,VT
10/01/2024 11:50:00,23.46,0.00,PMXC6,VT
10/01/2024 12:00:00,23.21,0.00,PMXC6,VT
10/01/2024 12:10:00,22.99,0.00,PMXC6,VT
10/01/2024 12:20:00,22.73,0.00,PMXC6,VT
10/01/2024 12:30:00,22.52,0.00,PMXC6,VT
10/01/2024 12:40:00,22.39,0.00,PMXC6,VT
10/01/2024 12:50:00,22.43,0.00,PMXC6,VT
10/01/2024 13:00:00,22.56,0.00,PMXC6,VT
10/01/2024 13:10:00,22.78,0.00,PMXC6,VT
10/01/2024 13:20:00,22.95,0.00,PMXC6,VT
10/01/2024 13:30:00,23.16,0.00,PMXC6,VT
10/01/2024 13:40:00,23.29,0.00,PMXC6,VT
10/01/2024 13:50:00,23.51,0.00,PMXC6,VT
10/01/2024 14:00:00,23.68,0.00,PMXC6,VT
10/01/2024 14:10:00,23.94,0.00,PMXC6,VT
10/01/2024 14:20:00,24.06,0.00,PMXC6,VT
10/01/2024 14:30:00,24.32,0.00,PMXC6,VT
10/01/2024 14:40:00,24.54,0.00,PMXC6,VT
10/01/2024 14:50:00,24.79,0.00,PMXC6,VT
10/01/2024 15:00:00,24.97,0.00,PMXC6,VT
10/01/2024 15:10:00,25.18,0.00,PMXC6,VT
10/01/2024 15:20:00,25.44,0.00,PMXC6,VT
10/01/2024 15:30:00,25.61,0.00,PMXC6,VT
10/01/2024 15:40:00,25.82,0.00,PMXC6,VT
10/01/2024 15:50:00,26.04,0.00,PMXC6,VT
10/01/2024 16:00:00,26.30,0.00,PMXC6,VT
10/01/2024 16:10:00,26.47,0.00,PMXC6,VT
10/01/2024 16:20:00,26.68,0.00,PMXC6,VT
10/01/2024 16:30:00,26.90,0.00,PMXC6,VT
10/01/2024 16:40:00,27.15,0.00,PMXC6,VT
10/01/2024 16:50:00,27.32,0.00,PMXC6,VT
10/01/2024 17:00:00,27.58,0.00,PMXC6,VT
10/01/2024 17:10:00,27.80,0.00,PMXC6,VT
10/01/2024 17:20:00,28.01,0.00,PMXC6,VT
10/01/2024 17:30:00,28.23,0.00,PMXC6,VT
10/01/2024 17:40:00,28.44,0.00,PMXC6,VT
10/01/2024 17:50:00,28.65,0.00,PMXC6,VT
10/01/2024 18:00:00,28.87,0.00,PMXC6,VT
10/01/2024 18:10:00,29.04,0.00,PMXC6,VT
10/01/2024 18:20:00,29.30,0.00,PMXC6,VT
10/01/2024 18:30:00,29.56,0.00,PMXC6,VT
10/01/2024 18:40:00,29.64,0.00,PMXC6,VT
10/01/2024 18:50:00,29.60,0.00,PMXC6,VT
10/01/2024 19:00:00,29.43,0.00,PMXC6,VT
10/01/2024 19:10:00,29.26,0.00,PMXC6,VT
10/01/2024 19:20:00,29.13,0.00,PMXC6,VT
10/01/2024 19:30:00,28.95,0.00,PMXC6,VT
10/01/2024 19:40:00,28.74,0.00,PMXC6,VT
10/01/2024 19:50:00,28.53,0.00,PMXC6,VT
10/01/2024 20:00:00,28.35,0.00,PMXC6,VT
10/01/2024 20:10:00,28.14,0.00,PMXC6,VT
10/01/2024 20:20:00,27.93,0.00,PMXC6,VT
10/01/2024 20:30:00,27.71,0.00,PMXC6,VT
10/01/2024 20:40:00,27.45,0.00,PMXC6,VT
10/01/2024 20:50:00,27.32,0.00,PMXC6,VT
10/01/2024 21:00:00,27.11,0.00,PMXC6,VT
10/01/2024 21:10:00,26.85,0.00,PMXC6,VT
10/01/2024 21:20:00,26.68,0.00,PMXC6,VT
10/01/2024 21:30:00,26.51,0.00,PMXC6,VT
10/01/2024 21:40:00,26.25,0.00,PMXC6,VT
10/01/2024 21:50:00,26.04,0.00,PMXC6,VT
10/01/2024 22:00:00,25.82,0.00,PMXC6,VT
10/01/2024 22:10:00,25.57,0.00,PMXC6,VT
10/01/2024 22:20:00,25.35,0.00,PMXC6,VT
10/01/2024 22:30:00,25.14,0.00,PMXC6,VT
10/01/2024 22:40:00,24.92,0.00,PMXC6,VT
10/01/2024 22:50:00,24.66,0.00,PMXC6,VT
10/01/2024 23:00:00,24.49,0.00,PMXC6,VT
10/01/2024 23:10:00,24.28,0.00,PMXC6,VT
10/01/2024 23:20:00,24.11,0.00,PMXC6,VT
10/01/2024 23:30:00,23.89,0.00,PMXC6,VT
10/01/2024 23:40:00,23.59,0.00,PMXC6,VT
10/01/2024 23:50:00,23.42,0.00,PMXC6,VT
10/02/2024 00:00:00,23.21,0.00,PMXC6,VT
10/02/2024 00:10:00,22.99,0.00,PMXC6,VT
10/02/2024 00:20:00,22.73,0.00,PMXC6,VT
10/02/2024 00:30:00,22.56,0.00,PMXC6,VT
10/02/2024 00:40:00,22.39,0.00,PMXC6,VT
10/02/2024 00:50:00,22.48,0.00,PMXC6,VT
10/02/2024 01:00:00,22.61,0.00,PMXC6,VT
10/02/2024 01:10:00,22.82,0.00,PMXC6,VT
10/02/2024 01:20:00,22.95,0.00,PMXC6,VT
10/02/2024 01:30:00,23.12,0.00,PMXC6,VT
10/02/2024 01:40:00,23.25,0.00,PMXC6,VT
10/02/2024 01:50:00,23.51,0.00,PMXC6,VT
10/02/2024 02:00:00,23.72,0.00,PMXC6,VT
10/02/2024 02:10:00,23.98,0.00,PMXC6,VT
10/02/2024 02:20:00,24.11,0.00,PMXC6,VT
10/02/2024 02:30:00,24.36,0.00,PMXC6,VT
10/02/2024 02:40:00,24.49,0.00,PMXC6,VT
10/02/2024 02:50:00,24.79,0.00,PMXC6,VT
10/02/2024 03:00:00,24.97,0.00,PMXC6,VT
10/02/2024 03:10:00,25.14,0.00,PMXC6,VT
10/02/2024 03:20:00,25.35,0.00,PMXC6,VT
10/02/2024 03:30:00,25.61,0.00,PMXC6,VT
10/02/2024 03:40:00,25.87,0.00,PMXC6,VT
10/02/2024 03:50:00,26.04,0.00,PMXC6,VT
10/02/2024 04:00:00,26.25,0.00,PMXC6,VT
10/02/2024 04:10:00,26.47,0.00,PMXC6,VT
10/02/2024 04:20:00,26.64,0.00,PMXC6,VT
10/02/2024 04:30:00,26.94,0.00,PMXC6,VT
10/02/2024 04:40:00,27.11,0.00,PMXC6,VT
10/02/2024 04:50:00,27.32,0.00,PMXC6,VT
10/02/2024 05:00:00,27.54,0.00,PMXC6,VT
10/02/2024 05:10:00,27.75,0.00,PMXC6,VT
10/02/2024 05:20:00,27.97,0.00,PMXC6,VT
10/02/2024 05:30:00,28.18,0.00,PMXC6,VT
10/02/2024 05:40:00,28.40,0.00,PMXC6,VT
10/02/2024 05:50:00,28.61,0.00,PMXC6,VT
10/02/2024 06:00:00,28.87,0.00,PMXC6,VT
10/02/2024 06:10:00,29.04,0.00,PMXC6,VT
10/02/2024 06:20:00,29.26,0.00,PMXC6,VT
10/02/2024 06:30:00,29.51,0.00,PMXC6,VT
10/02/2024 06:40:00,29.64,0.00,PMXC6,VT
10/02/2024 06:50:00,29.51,0.00,PMXC6,VT
10/02/2024 07:00:00,29.47,0.00,PMXC6,VT
10/02/2024 07:10:00,29.21,0.00,PMXC6,VT
10/02/2024 07:20:00,29.08,0.00,PMXC6,VT
10/02/2024 07:30:00,28.87,0.00,PMXC6,VT
10/02/2024 07:40:00,28.70,0.00,PMXC6,VT
10/02/2024 07:50:00,28.57,0.00,PMXC6,VT
10/02/2024 08:00:00,28.31,0.00,PMXC6,VT
10/02/2024 08:10:00,28.10,0.00,PMXC6,VT
10/02/2024 08:20:00,27.97,0.00,PMXC6,VT
10/02/2024 08:30:00,27.67,0.00,PMXC6,VT
10/02/2024 08:40:00,27.54,0.00,PMXC6,VT
10/02/2024 08:50:00,27.37,0.00,PMXC6,VT
10/02/2024 09:00:00,27.07,0.00,PMXC6,VT
10/02/2024 09:10:00,26.85,0.00,PMXC6,VT
10/02/2024 09:20:00,26.68,0.00,PMXC6,VT
10/02/2024 09:30:00,26.47,0.00,PMXC6,VT
10/02/2024 09:40:00,26.25,0.00,PMXC6,VT
10/02/2024 09:50:00,26.04,0.00,PMXC6,VT
10/02/2024 10:00:00,25.78,0.00,PMXC6,VT
10/02/2024 10:10:00,25.61,0.00,PMXC6,VT
10/02/2024 10:20:00,25.39,0.00,PMXC6,VT
10/02/2024 10:30:00,25.14,0.00,PMXC6,VT
10/02/2024 10:40:00,24.97,0.00,PMXC6,VT
10/02/2024 10:50:00,24.75,0.00,PMXC6,VT
10/02/2024 11:00:00,24.49,0.00,PMXC6,VT
10/02/2024 11:10:00,24.28,0.00,PMXC6,VT
10/02/2024 11:20:00,24.11,0.00,PMXC6,VT
10/02/2024 11:30:00,23.89,0.00,PMXC6,VT
10/02/2024 11:40:00,23.64,0.00,PMXC6,VT
10/02/2024 11:50:00,23.38,0.00,PMXC6,VT
10/02/2024 12:00:00,23.21,0.00,PMXC6,VT
10/02/2024 12:10:00,22.99,0.00,PMXC6,VT
10/02/2024 12:20:00,22.78,0.00,PMXC6,VT
10/02/2024 12:30:00,22.56,0.00,PMXC6,VT
10/02/2024 12:40:00,22.48,0.00,PMXC6,VT
10/02/2024 12:50:00,22.52,0.00,PMXC6,VT
10/02/2024 13:00:00,22.65,0.00,PMXC6,VT
10/02/2024 13:10:00,22.82,0.00,PMXC6,VT
10/02/2024 13:20:00,22.99,0.00,PMXC6,VT
10/02/2024 13:30:00,23.21,0.00,PMXC6,VT
10/02/2024 13:40:00,23.38,0.00,PMXC6,VT
10/02/2024 13:50:00,23.55,0.00,PMXC6,VT
10/02/2024 14:00:00,23.72,0.00,PMXC6,VT
10/02/2024 14:10:00,23.94,0.00,PMXC6,VT
10/02/2024 14:20:00,24.15,0.00,PMXC6,VT
10/02/2024 14:30:00,24.36,0.00,PMXC6,VT
10/02/2024 14:40:00,24.58,0.00,PMXC6,VT
10/02/2024 14:50:00,24.79,0.00,PMXC6,VT
10/02/2024 15:00:00,24.97,0.00,PMXC6,VT
10/02/2024 15:10:00,25.22,0.00,PMXC6,VT
10/02/2024 15:20:00,25.39,0.00,PMXC6,VT
10/02/2024 15:30:00,25.61,0.00,PMXC6,VT
10/02/2024 15:40:00,25.87,0.00,PMXC6,VT
10/02/2024 15:50:00,26.04,0.00,PMXC6,VT
10/02/2024 16:00:00,26.30,0.00,PMXC6,VT
10/02/2024 16:10:00,26.51,0.00,PMXC6,VT
10/02/2024 16:20:00,26.72,0.00,PMXC6,VT
10/02/2024 16:30:00,26.90,0.00,PMXC6,VT
10/02/2024 16:40:00,27.11,0.00,PMXC6,VT
10/02/2024 16:50:00,27.37,0.00,PMXC6,VT
10/02/2024 17:00:00,27.54,0.00,PMXC6,VT
10/02/2024 17:10:00,27.80,0.00,PMXC6,VT
10/02/2024 17:20:00,28.01,0.00,PMXC6,VT
10/02/2024 17:30:00,28.23,0.00,PMXC6,VT
10/02/2024 17:40:00,28.44,0.00,PMXC6,VT
10/02/2024 17:50:00,28.65,0.00,PMXC6,VT
10/02/2024 18:00:00,28.87,0.00,PMXC6,VT
10/02/2024 18:10:00,29.08,0.00,PMXC6,VT
10/02/2024 18:20:00,29.30,0.00,PMXC6,VT
10/02/2024 18:30:00,29.51,0.00,PMXC6,VT
10/02/2024 18:40:00,29.64,0.00,PMXC6,VT
10/02/2024 18:50:00,29.56,0.00,PMXC6,VT
10/02/2024 19:00:00,29.43,0.00,PMXC6,VT
10/02/2024 19:10:00,29.30,0.00,PMXC6,VT
10/02/2024 19:20:00,29.13,0.00,PMXC6,VT
10/02/2024 19:30:00,28.91,0.00,PMXC6,VT
10/02/2024 19:40:00,28.70,0.00,PMXC6,VT
10/02/2024 19:50:00,28.57,0.00,PMXC6,VT
10/02/2024 20:00:00,28.31,0.00,PMXC6,VT
10/02/2024 20:10:00,28.10,0.00,PMXC6,VT
10/02/2024 20:20:00,27.93,0.00,PMXC6,VT
10/02/2024 20:30:00,27.71,0.00,PMXC6,VT
10/02/2024 20:40:00,27.54,0.00,PMXC6,VT
10/02/2024 20:50:00,27.28,0.00,PMXC6,VT
10/02/2024 21:00:00,27.11,0.00,PMXC6,VT
10/02/2024 21:10:00,26.85,0.00,PMXC6,VT
10/02/2024 21:20:00,26.68,0.00,PMXC6,VT
10/02/2024 21:30:00,26.47,0.00,PMXC6,VT
10/02/2024 21:40:00,26.25,0.00,PMXC6,VT
10/02/2024 21:50:00,26.04,0.00,PMXC6,VT
10/02/2024 22:00:00,25.82,0.00,PMXC6,VT
10/02/2024 22:10:00,25.61,0.00,PMXC6,VT
10/02/2024 22:20:00,25.39,0.00,PMXC6,VT
10/02/2024 22:30:00,25.14,0.00,PMXC6,VT
10/02/2024 22:40:00,24.97,0.00,PMXC6,VT
10/02/2024 22:50:00,24.71,0.00,PMXC6,VT
10/02/2024 23:00:00,24.49,0.00,PMXC6,VT
10/02/2024 23:10:00,24.28,0.00,PMXC6,VT
10/02/2024 23:20:00,24.06,0.00,PMXC6,VT
10/02/2024 23:30:00,23.85,0.00,PMXC6,VT
10/02/2024 23:40:00,23.64,0.00,PMXC6,VT
10/02/2024 23:50:00,23.42,0.00,PMXC6,VT
10/03/2024 00:00:00,23.21,0.00,PMXC6,VT
10/03/2024 00:10:00,22.99,0.00,PMXC6,VT
10/03/2024 00:20:00,22.78,0.00,PMXC6,VT
10/03/2024 00:30:00,22.56,0.00,PMXC6,VT
10/03/2024 00:40:00,22.43,0.00,PMXC6,VT
10/03/2024 00:50:00,22.48,0.00,PMXC6,VT
10/03/2024 01:00:00,22.65,0.00,PMXC6,VT
10/03/2024 01:10:00,22.78,0.00,PMXC6,VT
10/03/2024 01:20:00,22.95,0.00,PMXC6,VT
10/03/2024 01:30:00,23.12,0.00,PMXC6,VT
10/03/2024 01:40:00,23.29,0.00,PMXC6,VT
10/03/2024 01:50:00,23.51,0.00,PMXC6,VT
10/03/2024 02:00:00,23.72,0.00,PMXC6,VT
10/03/2024 02:10:00,23.94,0.00,PMXC6,VT
10/03/2024 02:20:00,24.15,0.00,PMXC6,VT
10/03/2024 02:30:00,24.32,0.00,PMXC6,VT
10/03/2024 02:40:00,24.58,0.00,PMXC6,VT
10/03/2024 02:50:00,24.71,0.00,PMXC6,VT
10/03/2024 03:00:00,24.97,0.00,PMXC6,VT
10/03/2024 03:10:00,25.22,0.00,PMXC6,VT
10/03/2024 03:20:00,25.39,0.00,PMXC6,VT
10/03/2024 03:30:00,25.61,0.00,PMXC6,VT
10/03/2024 03:40:00,25.82,0.00,PMXC6,VT
10/03/2024 03:50:00,26.04,0.00,PMXC6,VT
10/03/2024 04:00:00,26.21,0.00,PMXC6,VT
10/03/2024 04:10:00,26.47,0.00,PMXC6,VT
10/03/2024 04:20:00,26.64,0.00,PMXC6,VT
10/03/2024 04:30:00,26.90,0.00,PMXC6,VT
10/03/2024 04:40:00,27.11,0.00,PMXC6,VT
10/03/2024 04:50:00,27.32,0.00,PMXC6,VT
10/03/2024 05:00:00,27.54,0.00,PMXC6,VT
10/03/2024 05:10:00,27.75,0.00,PMXC6,VT
10/03/2024 05:20:00,27.97,0.00,PMXC6,VT
10/03/2024 05:30:00,28.14,0.00,PMXC6,VT
10/03/2024 05:40:00,28.40,0.00,PMXC6,VT
10/03/2024 05:50:00,28.61,0.00,PMXC6,VT
10/03/2024 06:00:00,28.87,0.00,PMXC6,VT
10/03/2024 06:10:00,29.04,0.00,PMXC6,VT
10/03/2024 06:20:00,29.30,0.00,PMXC6,VT
10/03/2024 06:30:00,29.47,0.00,PMXC6,VT
10/03/2024 06:40:00,29.64,0.00,PMXC6,VT
10/03/2024 06:50:00,29.56,0.00,PMXC6,VT
10/03/2024 07:00:00,29.38,0.00,PMXC6,VT
10/03/2024 07:10:00,29.21,0.00,PMXC6,VT
10/03/2024 07:20:00,29.08,0.00,PMXC6,VT
10/03/2024 07:30:00,28.91,0.00,PMXC6,VT
10/03/2024 07:40:00,28.74,0.00,PMXC6,VT
10/03/2024 07:50:00,28.57,0.00,PMXC6,VT
10/03/2024 08:00:00,28.31,0.00,PMXC6,VT
10/03/2024 08:10:00,28.14,0.00,PMXC6,VT
10/03/2024 08:20:00,27.88,0.00,PMXC6,VT
10/03/2024 08:30:00,27.75,0.00,PMXC6,VT
10/03/2024 08:40:00,27.50,0.00,PMXC6,VT
10/03/2024 08:50:00,27.28,0.00,PMXC6,VT
10/03/2024 09:00:00,27.11,0.00,PMXC6,VT
10/03/2024 09:10:00,26.85,0.00,PMXC6,VT
10/03/2024 09:20:00,26.68,0.00,PMXC6,VT
10/03/2024 09:30:00,26.47,0.00,PMXC6,VT
10/03/2024 09:40:00,26.30,0.00,PMXC6,VT
10/03/2024 09:50:00,26.04,0.00,PMXC6,VT
10/03/2024 10:00:00,25.82,0.00,PMXC6,VT
10/03/2024 10:10:00,25.61,0.00,PMXC6,VT
10/03/2024 10:20:00,25.35,0.00,PMXC6,VT
10/03/2024 10:30:00,25.18,0.00,PMXC6,VT
10/03/2024 10:40:00,24.97,0.00,PMXC6,VT
10/03/2024 10:50:00,24.75,0.00,PMXC6,VT
10/03/2024 11:00:00,24.54,0.00,PMXC6,VT
10/03/2024 11:10:00,24.28,0.00,PMXC6,VT
10/03/2024 11:20:00,24.06,0.00,PMXC6,VT
10/03/2024 11:30:00,23.85,0.00,PMXC6,VT
10/03/2024 11:40:00,23.72,0.00,PMXC6,VT
10/03/2024 11:50:00,23.46,0.00,PMXC6,VT
10/03/2024 12:00:00,23.25,0.00,PMXC6,VT
10/03/2024 12:10:00,23.03,0.00,PMXC6,VT
10/03/2024 12:20:00,22.78,0.00,PMXC6,VT
10/03/2024 12:30:00,22.61,0.00,PMXC6,VT
10/03/2024 12:40:00,22.43,0.00,PMXC6,VT
10/03/2024 12:50:00,22.52,0.00,PMXC6,VT
10/03/2024 13:00:00,22.65,0.00,PMXC6,VT
10/03/2024 13:10:00,22.82,0.00,PMXC6,VT
10/03/2024 13:20:00,22.99,0.00,PMXC6,VT
10/03/2024 13:30:00,23.12,0.00,PMXC6,VT
10/03/2024 13:40:00,23.34,0.00,PMXC6,VT
10/03/2024 13:50:00,23.55,0.00,PMXC6,VT
10/03/2024 14:00:00,23.76,0.00,PMXC6,VT
10/03/2024 14:10:00,23.98,0.00,PMXC6,VT
10/03/2024 14:20:00,24.15,0.00,PMXC6,VT
10/03/2024 14:30:00,24.32,0.00,PMXC6,VT
10/03/2024 14:40:00,24.58,0.00,PMXC6,VT
10/03/2024 14:50:00,24.75,0.00,PMXC6,VT
10/03/2024 15:00:00,25.01,0.00,PMXC6,VT
10/03/2024 15:10:00,25.18,0.00,PMXC6,VT
10/03/2024 15:20:00,25.35,0.00,PMXC6,VT
10/03/2024 15:30:00,25.61,0.00,PMXC6,VT
10/03/2024 15:40:00,25.82,0.00,PMXC6,VT
10/03/2024 15:50:00,26.08,0.00,PMXC6,VT
10/03/2024 16:00:00,26.30,0.00,PMXC6,VT
10/03/2024 16:10:00,26.47,0.00,PMXC6,VT
10/03/2024 16:20:00,26.72,0.00,PMXC6,VT
10/03/2024 16:30:00,26.94,0.00,PMXC6,VT
10/03/2024 16:40:00,27.11,0.00,PMXC6,VT
10/03/2024 16:50:00,27.32,0.00,PMXC6,VT
10/03/2024 17:00:00,27.58,0.00,PMXC6,VT
10/03/2024 17:10:00,27.75,0.00,PMXC6,VT
10/03/2024 17:20:00,27.97,0.00,PMXC6,VT
10/03/2024 17:30:00,28.23,0.00,PMXC6,VT
10/03/2024 17:40:00,28.44,0.00,PMXC6,VT
10/03/2024 17:50:00,28.65,0.00,PMXC6,VT
10/03/2024 18:00:00,28.87,0.00,PMXC6,VT
10/03/2024 18:10:00,29.08,0.00,PMXC6,VT
10/03/2024 18:20:00,29.30,0.00,PMXC6,VT
10/03/2024 18:30:00,29.47,0.00,PMXC6,VT
10/03/2024 18:40:00,29.64,0.00,PMXC6,VT
10/03/2024 18:50:00,29.60,0.00,PMXC6,VT
10/03/2024 19:00:00,29.47,0.00,PMXC6,VT
10/03/2024 19:10:00,29.30,0.00,PMXC6,VT
10/03/2024 19:20:00,29.08,0.00,PMXC6,VT
10/03/2024 19:30:00,28.91,0.00,PMXC6,VT
10/03/2024 19:40:00,28.74,0.00,PMXC6,VT
10/03/2024 19:50:00,28.53,0.00,PMXC6,VT
10/03/2024 20:00:00,28.35,0.00,PMXC6,VT
10/03/2024 20:10:00,28.14,0.00,PMXC6,VT
10/03/2024 20:20:00,27.93,0.00,PMXC6,VT
10/03/2024 20:30:00,27.71,0.00,PMXC6,VT
10/03/2024 20:40:00,27.54,0.00,PMXC6,VT
10/03/2024 20:50:00,27.28,0.00,PMXC6,VT
10/03/2024 21:00:00,27.11,0.00,PMXC6,VT
10/03/2024 21:10:00,26.94,0.00,PMXC6,VT
10/03/2024 21:20:00,26.68,0.00,PMXC6,VT
10/03/2024 21:30:00,26.47,0.00,PMXC6,VT
10/03/2024 21:40:00,26.25,0.00,PMXC6,VT
10/03/2024 21:50:00,26.04,0.00,PMXC6,VT
10/03/2024 22:00:00,25.87,0.00,PMXC6,VT
10/03/2024 22:10:00,25.61,0.00,PMXC6,VT
10/03/2024 22:20:00,25.39,0.00,PMXC6,VT
10/03/2024 22:30:00,25.14,0.00,PMXC6,VT
10/03/2024 22:40:00,24.97,0.00,PMXC6,VT
10/03/2024 22:50:00,24.71,0.00,PMXC6,VT
10/03/2024 23:00:00,24.49,0.00,PMXC6,VT
10/03/2024 23:10:00,24.32,0.00,PMXC6,VT
10/03/2024 23:20:00,24.11,0.00,PMXC6,VT
10/03/2024 23:30:00,23.85,0.00,PMXC6,VT
10/03/2024 23:40:00,23.64,0.00,PMXC6,VT
10/03/2024 23:50:00,23.42,0.00,PMXC6,VT
10/04/2024 00:00:00,23.21,0.00,PMXC6,VT
10/04/2024 00:10:00,22.99,0.00,PMXC6,VT
10/04/2024 00:20:00,22.78,0.00,PMXC6,VT
10/04/2024 00:30:00,22.56,0.00,PMXC6,VT
10/04/2024 00:40:00,22.43,0.00,PMXC6,VT
10/04/2024 00:50:00,22.48,0.00,PMXC6,VT
10/04/2024 01:00:00,22.61,0.00,PMXC6,VT
10/04/2024 01:10:00,22.78,0.00,PMXC6,VT
10/04/2024 01:20:00,22.95,0.00,PMXC6,VT
10/04/2024 01:30:00,23.12,0.00,PMXC6,VT
10/04/2024 01:40:00,23.29,0.00,PMXC6,VT
10/04/2024 01:50:00,23.55,0.00,PMXC6,VT
10/04/2024 02:00:00,23.72,0.00,PMXC6,VT
10/04/2024 02:10:00,23.94,0.00,PMXC6,VT
10/04/2024 02:20:00,24.11,0.00,PMXC6,VT
10/04/2024 02:30:00,24.32,0.00,PMXC6,VT
10/04/2024 02:40:00,24.58,0.00,PMXC6,VT
10/04/2024 02:50:00,24.75,0.00,PMXC6,VT
10/04/2024 03:00:00,24.97,0.00,PMXC6,VT
10/04/2024 03:10:00,25.18,0.00,PMXC6,VT
10/04/2024 03:20:00,25.39,0.00,PMXC6,VT
10/04/2024 03:30:00,25.57,0.00,PMXC6,VT
10/04/2024 03:40:00,25.82,0.00,PMXC6,VT
10/04/2024 03:50:00,26.04,0.00,PMXC6,VT
10/04/2024 04:00:00,26.25,0.00,PMXC6,VT
10/04/2024 04:10:00,26.47,0.00,PMXC6,VT
10/04/2024 04:20:00,26.64,0.00,PMXC6,VT
10/04/2024 04:30:00,26.94,0.00,PMXC6,VT
10/04/2024 04:40:00,27.15,0.00,PMXC6,VT
10/04/2024 04:50:00,27.32,0.00,PMXC6,VT
10/04/2024 05:00:00,27.54,0.00,PMXC6,VT
10/04/2024 05:10:00,27.75,0.00,PMXC6,VT
10/04/2024 05:20:00,27.97,0.00,PMXC6,VT
10/04/2024 05:30:00,28.14,0.00,PMXC6,VT
10/04/2024 05:40:00,28.40,0.00,PMXC6,VT
10/04/2024 05:50:00,28.57,0.00,PMXC6,VT
10/04/2024 06:00:00,28.83,0.00,PMXC6,VT
10/04/2024 06:10:00,29.08,0.00,PMXC6,VT
10/04/2024 06:20:00,29.26,0.00,PMXC6,VT
10/04/2024 06:30:00,29.51,0.00,PMXC6,VT
10/04/2024 06:40:00,29.64,0.00,PMXC6,VT
10/04/2024 06:50:00,29.56,0.00,PMXC6,VT
10/04/2024 07:00:00,29.43,0.00,PMXC6,VT
10/04/2024 07:10:00,29.30,0.00,PMXC6,VT
10/04/2024 07:20:00,29.08,0.00,PMXC6,VT
10/04/2024 07:30:00,28.91,0.00,PMXC6,VT
10/04/2024 07:40:00,28.74,0.00,PMXC6,VT
10/04/2024 07:50:00,28.53,0.00,PMXC6,VT
10/04/2024 08:00:00,28.31,0.00,PMXC6,VT
10/04/2024 08:10:00,28.10,0.00,PMXC6,VT
10/04/2024 08:20:00,27.97,0.00,PMXC6,VT
10/04/2024 08:30:00,27.71,0.00,PMXC6,VT
10/04/2024 08:40:00,27.50,0.00,PMXC6,VT
10/04/2024 08:50:00,27.28,0.00,PMXC6,VT
10/04/2024 09:00:00,27.11,0.00,PMXC6,VT
10/04/2024 09:10:00,26.90,0.00,PMXC6,VT
10/04/2024 09:20:00,26.68,0.00,PMXC6,VT
10/04/2024 09:30:00,26.47,0.00,PMXC6,VT
10/04/2024 09:40:00,26.30,0.00,PMXC6,VT
10/04/2024 09:50:00,25.99,0.00,PMXC6,VT
10/04/2024 10:00:00,25.78,0.00,PMXC6,VT
10/04/2024 10:10:00,25.61,0.00,PMXC6,VT
10/04/2024 10:20:00,25.39,0.00,PMXC6,VT
10/04/2024 10:30:00,25.18,0.00,PMXC6,VT
10/04/2024 10:40:00,24.92,0.00,PMXC6,VT
10/04/2024 10:50:00,24.75,0.00,PMXC6,VT
10/04/2024 11:00:00,24.49,0.00,PMXC6,VT
10/04/2024 11:10:00,24.28,0.00,PMXC6,VT
10/04/2024 11:20:00,24.06,0.00,PMXC6,VT
10/04/2024 11:30:00,23.85,0.00,PMXC6,VT
10/04/2024 11:40:00,23.59,0.00,PMXC6,VT
10/04/2024 11:50:00,23.34,0.00,PMXC6,VT
10/04/2024 12:00:00,23.12,0.00,PMXC6,VT
10/04/2024 12:10:00,22.91,0.00,PMXC6,VT
10/04/2024 12:20:00,22.69,0.00,PMXC6,VT
10/04/2024 12:30:00,22.48,20.94,PMXC6,VT
10/04/2024 12:40:00,22.39,0.00,PMXC6,VT
10/04/2024 12:50:00,22.48,0.00,PMXC6,VT
10/04/2024 13:00:00,22.61,0.00,PMXC6,VT
10/04/2024 13:10:00,22.82,0.00,PMXC6,VT
10/04/2024 13:20:00,22.99,0.00,PMXC6,VT
10/04/2024 13:30:00,23.16,0.00,PMXC6,VT
10/04/2024 13:40:00,23.34,0.00,PMXC6,VT
10/04/2024 13:50:00,23.51,0.00,PMXC6,VT
10/04/2024 14:00:00,23.76,0.00,PMXC6,VT
10/04/2024 14:10:00,23.94,0.00,PMXC6,VT
10/04/2024 14:20:00,24.19,0.00,PMXC6,VT
10/04/2024 14:30:00,24.36,0.00,PMXC6,VT
10/04/2024 14:40:00,24.58,0.00,PMXC6,VT
10/04/2024 14:50:00,24.75,0.00,PMXC6,VT
10/04/2024 15:00:00,24.97,0.00,PMXC6,VT
10/04/2024 15:10:00,25.22,0.00,PMXC6,VT
10/04/2024 15:20:00,25.39,0.00,PMXC6,VT
10/04/2024 15:30:00,25.65,0.00,PMXC6,VT
10/04/2024 15:40:00,25.87,0.00,PMXC6,VT
10/04/2024 15:50:00,26.08,0.00,PMXC6,VT
10/04/2024 16:00:00,26.25,0.00,PMXC6,VT
10/04/2024 16:10:00,26.47,0.00,PMXC6,VT
10/04/2024 16:20:00,26.68,0.00,PMXC6,VT
10/04/2024 16:30:00,26.90,0.00,PMXC6,VT
10/04/2024 16:40:00,27.15,0.00,PMXC6,VT
10/04/2024 16:50:00,27.37,0.00,PMXC6,VT
10/04/2024 17:00:00,27.58,0.00,PMXC6,VT
10/04/2024 17:10:00,27.84,0.00,PMXC6,VT
10/04/2024 17:20:00,27.97,0.00,PMXC6,VT
10/04/2024 17:30:00,28.27,0.00,PMXC6,VT
10/04/2024 17:40:00,28.44,0.00,PMXC6,VT
10/04/2024 17:50:00,28.65,0.00,PMXC6,VT
10/04/2024 18:00:00,28.87,0.00,PMXC6,VT
10/04/2024 18:10:00,29.04,0.00,PMXC6,VT
10/04/2024 18:20:00,29.30,0.00,PMXC6,VT
10/04/2024 18:30:00,29.51,0.00,PMXC6,VT
10/04/2024 18:40:00,29.64,0.00,PMXC6,VT
10/04/2024 18:50:00,29.60,0.00,PMXC6,VT
10/04/2024 19:00:00,29.43,0.00,PMXC6,VT
10/04/2024 19:10:00,29.30,0.00,PMXC6,VT
10/04/2024 19:20:00,29.13,0.00,PMXC6,VT
10/04/2024 19:30:00,28.87,0.00,PMXC6,VT
10/04/2024 19:40:00,28.78,0.00,PMXC6,VT
10/04/2024 19:50:00,28.48,0.00,PMXC6,VT
10/04/2024 20:00:00,28.35,0.00,PMXC6,VT
10/04/2024 20:10:00,28.10,0.00,PMXC6,VT
10/04/2024 20:20:00,27.93,0.00,PMXC6,VT
10/04/2024 20:30:00,27.71,0.00,PMXC6,VT
10/04/2024 20:40:00,27.54,0.00,PMXC6,VT
10/04/2024 20:50:00,27.32,0.00,PMXC6,VT
10/04/2024 21:00:00,27.07,0.00,PMXC6,VT
10/04/2024 21:10:00,26.85,0.00,PMXC6,VT
10/04/2024 21:20:00,26.72,0.00,PMXC6,VT
10/04/2024 21:30:00,26.51,0.00,PMXC6,VT
10/04/2024 21:40:00,26.30,0.00,PMXC6,VT
10/04/2024 21:50:00,26.04,0.00,PMXC6,VT
10/04/2024 22:00:00,25.82,0.00,PMXC6,VT
10/04/2024 22:10:00,25.57,0.00,PMXC6,VT
10/04/2024 22:20:00,25.39,0.00,PMXC6,VT
10/04/2024 22:30:00,25.14,0.00,PMXC6,VT
10/04/2024 22:40:00,24.92,0.00,PMXC6,VT
10/04/2024 22:50:00,24.71,0.00,PMXC6,VT
10/04/2024 23:00:00,24.49,0.00,PMXC6,VT
10/04/2024 23:10:00,24.28,0.00,PMXC6,VT
10/04/2024 23:20:00,24.02,0.00,PMXC6,VT
10/04/2024 23:30:00,23.81,0.00,PMXC6,VT
10/04/2024 23:40:00,23.64,0.00,PMXC6,VT
10/04/2024 23:50:00,23.42,0.00,PMXC6,VT
10/05/2024 00:00:00,23.21,0.00,PMXC6,VT
10/05/2024 00:10:00,22.99,0.00,PMXC6,VT
10/05/2024 00:20:00,22.78,0.00,PMXC6,VT
10/05/2024 00:30:00,22.56,0.00,PMXC6,VT
10/05/2024 00:40:00,22.43,0.00,PMXC6,VT
10/05/2024 00:50:00,22.43,0.00,PMXC6,VT
10/05/2024 01:00:00,22.65,0.00,PMXC6,VT
10/05/2024 01:10:00,22.78,0.00,PMXC6,VT
10/05/2024 01:20:00,22.95,0.00,PMXC6,VT
10/05/2024 01:30:00,23.12,0.00,PMXC6,VT
10/05/2024 01:40:00,23.34,0.00,PMXC6,VT
10/05/2024 01:50:00,23.55,0.00,PMXC6,VT
10/05/2024 02:00:00,23.72,0.00,PMXC6,VT
10/05/2024 02:10:00,23.94,0.00,PMXC6,VT
10/05/2024 02:20:00,24.15,0.00,PMXC6,VT
10/05/2024 02:30:00,24.32,0.00,PMXC6,VT
10/05/2024 02:40:00,24.58,0.00,PMXC6,VT
10/05/2024 02:50:00,24.75,0.00,PMXC6,VT
10/05/2024 03:00:00,24.97,0.00,PMXC6,VT
10/05/2024 03:10:00,25.18,0.00,PMXC6,VT
10/05/2024 03:20:00,25.39,0.00,PMXC6,VT
10/05/2024 03:30:00,25.61,0.00,PMXC6,VT
10/05/2024 03:40:00,25.82,0.00,PMXC6,VT
10/05/2024 03:50:00,26.04,0.00,PMXC6,VT
10/05/2024 04:00:00,26.25,0.00,PMXC6,VT
10/05/2024 04:10:00,26.47,0.00,PMXC6,VT
10/05/2024 04:20:00,26.68,0.00,PMXC6,VT
10/05/2024 04:30:00,26.85,0.00,PMXC6,VT
10/05/2024 04:40:00,27.07,0.00,PMXC6,VT
10/05/2024 04:50:00,27.32,0.00,PMXC6,VT
10/05/2024 05:00:00,27.50,0.00,PMXC6,VT
10/05/2024 05:10:00,27.80,0.00,PMXC6,VT
10/05/2024 05:20:00,27.97,0.00,PMXC6,VT
10/05/2024 05:30:00,28.23,0.00,PMXC6,VT
10/05/2024 05:40:00,28.44,0.00,PMXC6,VT
10/05/2024 05:50:00,28.65,0.00,PMXC6,VT
10/05/2024 06:00:00,28.83,0.00,PMXC6,VT
10/05/2024 06:10:00,29.04,0.00,PMXC6,VT
10/05/2024 06:20:00,29.26,0.00,PMXC6,VT
10/05/2024 06:30:00,29.47,0.00,PMXC6,VT
10/05/2024 06:40:00,29.60,0.00,PMXC6,VT
10/05/2024 06:50:00,29.51,0.00,PMXC6,VT
10/05/2024 07:00:00,29.38,0.00,PMXC6,VT
10/05/2024 07:10:00,29.26,0.00,PMXC6,VT
10/05/2024 07:20:00,29.08,0.00,PMXC6,VT
10/05/2024 07:30:00,28.87,0.00,PMXC6,VT
10/05/2024 07:40:00,28.70,0.00,PMXC6,VT
10/05/2024 07:50:00,28.53,0.00,PMXC6,VT
10/05/2024 08:00:00,28.31,0.00,PMXC6,VT
10/05/2024 08:10:00,28.05,0.00,PMXC6,VT
10/05/2024 08:20:00,27.93,0.00,PMXC6,VT
10/05/2024 08:30:00,27.67,0.00,PMXC6,VT
10/05/2024 08:40:00,27.45,0.00,PMXC6,VT
10/05/2024 08:50:00,27.28,0.00,PMXC6,VT
10/05/2024 09:00:00,27.02,0.00,PMXC6,VT
10/05/2024 09:10:00,26.90,0.00,PMXC6,VT
10/05/2024 09:20:00,26.72,0.00,PMXC6,VT
10/05/2024 09:30:00,26.47,0.00,PMXC6,VT
10/05/2024 09:40:00,26.21,0.00,PMXC6,VT
10/05/2024 09:50:00,25.95,0.00,PMXC6,VT
10/05/2024 10:00:00,25.82,0.00,PMXC6,VT
10/05/2024 10:10:00,25.61,0.00,PMXC6,VT
10/05/2024 10:20:00,25.39,0.00,PMXC6,VT
10/05/2024 10:30:00,25.18,0.00,PMXC6,VT
10/05/2024 10:40:00,24.97,0.00,PMXC6,VT
10/05/2024 10:50:00,24.75,0.00,PMXC6,VT
10/05/2024 11:00:00,24.54,0.00,PMXC6,VT
10/05/2024 11:10:00,24.32,0.00,PMXC6,VT
10/05/2024 11:20:00,24.11,0.00,PMXC6,VT
10/05/2024 11:30:00,23.85,0.00,PMXC6,VT
10/05/2024 11:40:00,23.68,0.00,PMXC6,VT
10/05/2024 11:50:00,23.46,0.00,PMXC6,VT
10/05/2024 12:00:00,23.21,0.00,PMXC6,VT
10/05/2024 12:10:00,22.99,0.00,PMXC6,VT
10/05/2024 12:20:00,22.78,0.00,PMXC6,VT
10/05/2024 12:30:00,22.61,0.00,PMXC6,VT
10/05/2024 12:40:00,22.48,0.00,PMXC6,VT
10/05/2024 12:50:00,22.52,0.00,PMXC6,VT
10/05/2024 13:00:00,22.65,0.00,PMXC6,VT
10/05/2024 13:10:00,22.82,0.00,PMXC6,VT
10/05/2024 13:20:00,22.99,0.00,PMXC6,VT
10/05/2024 13:30:00,23.16,0.00,PMXC6,VT
10/05/2024 13:40:00,23.34,0.00,PMXC6,VT
10/05/2024 13:50:00,23.55,0.00,PMXC6,VT
10/05/2024 14:00:00,23.72,0.00,PMXC6,VT
10/05/2024 14:10:00,23.94,0.00,PMXC6,VT
10/05/2024 14:20:00,24.11,0.00,PMXC6,VT
10/05/2024 14:30:00,24.41,0.00,PMXC6,VT
10/05/2024 14:40:00,24.54,0.00,PMXC6,VT
10/05/2024 14:50:00,24.79,0.00,PMXC6,VT
10/05/2024 15:00:00,24.97,0.00,PMXC6,VT
10/05/2024 15:10:00,25.22,0.00,PMXC6,VT
10/05/2024 15:20:00,25.39,0.00,PMXC6,VT
10/05/2024 15:30:00,25.61,0.00,PMXC6,VT
10/05/2024 15:40:00,25.82,0.00,PMXC6,VT
10/05/2024 15:50:00,26.04,0.00,PMXC6,VT
10/05/2024 16:00:00,26.30,0.00,PMXC6,VT
10/05/2024 16:10:00,26.47,0.00,PMXC6,VT
10/05/2024 16:20:00,26.68,0.00,PMXC6,VT
10/05/2024 16:30:00,26.98,0.00,PMXC6,VT
10/05/2024 16:40:00,27.20,0.00,PMXC6,VT
10/05/2024 16:50:00,27.32,0.00,PMXC6,VT
10/05/2024 17:00:00,27.58,0.00,PMXC6,VT
10/05/2024 17:10:00,27.80,0.00,PMXC6,VT
10/05/2024 17:20:00,28.01,0.00,PMXC6,VT
10/05/2024 17:30:00,28.23,0.00,PMXC6,VT
10/05/2024 17:40:00,28.44,0.00,PMXC6,VT
10/05/2024 17:50:00,28.65,0.00,PMXC6,VT
10/05/2024 18:00:00,28.83,0.00,PMXC6,VT
10/05/2024 18:10:00,29.08,0.00,PMXC6,VT
10/05/2024 18:20:00,29.34,0.00,PMXC6,VT
10/05/2024 18:30:00,29.51,0.00,PMXC6,VT
10/05/2024 18:40:00,29.64,0.00,PMXC6,VT
10/05/2024 18:50:00,29.60,0.00,PMXC6,VT
10/05/2024 19:00:00,29.43,0.00,PMXC6,VT
10/05/2024 19:10:00,29.26,0.00,PMXC6,VT
10/05/2024 19:20:00,29.08,0.00,PMXC6,VT
10/05/2024 19:30:00,28.95,0.00,PMXC6,VT
10/05/2024 19:40:00,28.78,0.00,PMXC6,VT
10/05/2024 19:50:00,28.53,0.00,PMXC6,VT
10/05/2024 20:00:00,28.35,0.00,PMXC6,VT
10/05/2024 20:10:00,28.10,0.00,PMXC6,VT
10/05/2024 20:20:00,27.88,0.00,PMXC6,VT
10/05/2024 20:30:00,27.71,0.00,PMXC6,VT
10/05/2024 20:40:00,27.50,0.00,PMXC6,VT
10/05/2024 20:50:00,27.28,0.00,PMXC6,VT
10/05/2024 21:00:00,27.07,0.00,PMXC6,VT
10/05/2024 21:10:00,26.85,0.00,PMXC6,VT
10/05/2024 21:20:00,26.64,0.00,PMXC6,VT
10/05/2024 21:30:00,26.42,0.00,PMXC6,VT
10/05/2024 21:40:00,26.25,0.00,PMXC6,VT
10/05/2024 21:50:00,26.04,0.00,PMXC6,VT
10/05/2024 22:00:00,25.87,0.00,PMXC6,VT
10/05/2024 22:10:00,25.57,0.00,PMXC6,VT
10/05/2024 22:20:00,25.39,0.00,PMXC6,VT
10/05/2024 22:30:00,25.14,0.00,PMXC6,VT
10/05/2024 22:40:00,24.92,0.00,PMXC6,VT
10/05/2024 22:50:00,24.71,0.00,PMXC6,VT
10/05/2024 23:00:00,24.45,0.00,PMXC6,VT
10/05/2024 23:10:00,24.24,0.00,PMXC6,VT
10/05/2024 23:20:00,24.06,0.00,PMXC6,VT
10/05/2024 23:30:00,23.89,0.00,PMXC6,VT
10/05/2024 23:40:00,23.64,0.00,PMXC6,VT
10/05/2024 23:50:00,23.38,0.00,PMXC6,VT
10/06/2024 00:00:00,23.25,0.00,PMXC6,VT
10/06/2024 00:10:00,22.95,0.00,PMXC6,VT
10/06/2024 00:20:00,22.73,0.00,PMXC6,VT
10/06/2024 00:30:00,22.52,0.00,PMXC6,VT
10/06/2024 00:40:00,22.39,0.00,PMXC6,VT
10/06/2024 00:50:00,22.52,0.00,PMXC6,VT
10/06/2024 01:00:00,22.65,0.00,PMXC6,VT
10/06/2024 01:10:00,22.82,0.00,PMXC6,VT
10/06/2024 01:20:00,22.95,0.00,PMXC6,VT
10/06/2024 01:30:00,23.12,0.00,PMXC6,VT
10/06/2024 01:40:00,23.34,0.00,PMXC6,VT
10/06/2024 01:50:00,23.55,0.00,PMXC6,VT
10/06/2024 02:00:00,23.76,0.00,PMXC6,VT
10/06/2024 02:10:00,23.89,0.00,PMXC6,VT
10/06/2024 02:20:00,24.11,0.00,PMXC6,VT
10/06/2024 02:30:00,24.36,0.00,PMXC6,VT
10/06/2024 02:40:00,24.49,0.00,PMXC6,VT
10/06/2024 02:50:00,24.79,0.00,PMXC6,VT
10/06/2024 03:00:00,24.97,0.00,PMXC6,VT
10/06/2024 03:10:00,25.14,0.00,PMXC6,VT
10/06/2024 03:20:00,25.35,0.00,PMXC6,VT
10/06/2024 03:30:00,25.61,0.00,PMXC6,VT
10/06/2024 03:40:00,25.82,0.00,PMXC6,VT
10/06/2024 03:50:00,26.04,0.00,PMXC6,VT
10/06/2024 04:00:00,26.21,0.00,PMXC6,VT
10/06/2024 04:10:00,26.47,0.00,PMXC6,VT
10/06/2024 04:20:00,26.64,0.00,PMXC6,VT
10/06/2024 04:30:00,26.90,0.00,PMXC6,VT
10/06/2024 04:40:00,27.11,0.00,PMXC6,VT
10/06/2024 04:50:00,27.32,0.00,PMXC6,VT
10/06/2024 05:00:00,27.54,0.00,PMXC6,VT
10/06/2024 05:10:00,27.75,0.00,PMXC6,VT
10/06/2024 05:20:00,27.97,0.00,PMXC6,VT
10/06/2024 05:30:00,28.18,0.00,PMXC6,VT
10/06/2024 05:40:00,28.40,0.00,PMXC6,VT
10/06/2024 05:50:00,28.61,0.00,PMXC6,VT
10/06/2024 06:00:00,28.83,0.00,PMXC6,VT
10/06/2024 06:10:00,29.08,0.00,PMXC6,VT
10/06/2024 06:20:00,29.30,0.00,PMXC6,VT
10/06/2024 06:30:00,29.51,0.00,PMXC6,VT
10/06/2024 06:40:00,29.60,0.00,PMXC6,VT
10/06/2024 06:50:00,29.56,0.00,PMXC6,VT
10/06/2024 07:00:00,29.43,0.00,PMXC6,VT
10/06/2024 07:10:00,29.21,0.00,PMXC6,VT
10/06/2024 07:20:00,29.08,0.00,PMXC6,VT
10/06/2024 07:30:00,28.87,0.00,PMXC6,VT
10/06/2024 07:40:00,28.70,0.00,PMXC6,VT
10/06/2024 07:50:00,28.57,0.00,PMXC6,VT
10/06/2024 08:00:00,28.31,0.00,PMXC6,VT
10/06/2024 08:10:00,28.10,0.00,PMXC6,VT
10/06/2024 08:20:00,27.93,0.00,PMXC6,VT
10/06/2024 08:30:00,27.71,0.00,PMXC6,VT
10/06/2024 08:40:00,27.54,0.00,PMXC6,VT
10/06/2024 08:50:00,27.37,0.00,PMXC6,VT
10/06/2024 09:00:00,27.07,0.00,PMXC6,VT
10/06/2024 09:10:00,26.85,0.00,PMXC6,VT
10/06/2024 09:20:00,26.68,0.00,PMXC6,VT
10/06/2024 09:30:00,26.47,0.00,PMXC6,VT
10/06/2024 09:40:00,26.25,0.00,PMXC6,VT
10/06/2024 09:50:00,25.99,0.00,PMXC6,VT
10/06/2024 10:00:00,25.82,0.00,PMXC6,VT
10/06/2024 10:10:00,25.57,0.00,PMXC6,VT
10/06/2024 10:20:00,25.35,0.00,PMXC6,VT
10/06/2024 10:30:00,25.14,0.00,PMXC6,VT
10/06/2024 10:40:00,24.92,0.00,PMXC6,VT
10/06/2024 10:50:00,24.71,0.00,PMXC6,VT
10/06/2024 11:00:00,24.54,0.00,PMXC6,VT
10/06/2024 11:10:00,24.32,0.00,PMXC6,VT
10/06/2024 11:20:00,24.06,0.00,PMXC6,VT
10/06/2024 11:30:00,23.85,0.00,PMXC6,VT
10/06/2024 11:40:00,23.64,0.00,PMXC6,VT
10/06/2024 11:50:00,23.46,0.00,PMXC6,VT
10/06/2024 12:00:00,23.21,0.00,PMXC6,VT
10/06/2024 12:10:00,23.03,0.00,PMXC6,VT
10/06/2024 12:20:00,22.82,0.00,PMXC6,VT
10/06/2024 12:30:00,22.56,0.00,PMXC6,VT
10/06/2024 12:40:00,22.48,0.00,PMXC6,VT
10/06/2024 12:50:00,22.48,0.00,PMXC6,VT
10/06/2024 13:00:00,22.65,0.00,PMXC6,VT
10/06/2024 13:10:00,22.82,0.00,PMXC6,VT
10/06/2024 13:20:00,22.99,0.00,PMXC6,VT
10/06/2024 13:30:00,23.21,0.00,PMXC6,VT
10/06/2024 13:40:00,23.38,0.00,PMXC6,VT
10/06/2024 13:50:00,23.59,0.00,PMXC6,VT
10/06/2024 14:00:00,23.76,0.00,PMXC6,VT
10/06/2024 14:10:00,23.89,0.00,PMXC6,VT
10/06/2024 14:20:00,24.15,0.00,PMXC6,VT
10/06/2024 14:30:00,24.36,0.00,PMXC6,VT
10/06/2024 14:40:00,24.58,0.00,PMXC6,VT
10/06/2024 14:50:00,24.79,0.00,PMXC6,VT
10/06/2024 15:00:00,24.97,0.00,PMXC6,VT
10/06/2024 15:10:00,25.22,0.00,PMXC6,VT
10/06/2024 15:20:00,25.44,0.00,PMXC6,VT
10/06/2024 15:30:00,25.69,0.00,PMXC6,VT
10/06/2024 15:40:00,25.82,0.00,PMXC6,VT
10/06/2024 15:50:00,26.08,0.00,PMXC6,VT
10/06/2024 16:00:00,26.34,0.00,PMXC6,VT
10/06/2024 16:10:00,26.51,0.00,PMXC6,VT
10/06/2024 16:20:00,26.72,0.00,PMXC6,VT
10/06/2024 16:30:00,26.90,0.00,PMXC6,VT
10/06/2024 16:40:00,27.11,0.00,PMXC6,VT
10/06/2024 16:50:00,27.37,0.00,PMXC6,VT
10/06/2024 17:00:00,27.58,0.00,PMXC6,VT
10/06/2024 17:10:00,27.80,0.00,PMXC6,VT
10/06/2024 17:20:00,28.01,0.00,PMXC6,VT
10/06/2024 17:30:00,28.18,0.00,PMXC6,VT
10/06/2024 17:40:00,28.40,0.00,PMXC6,VT
10/06/2024 17:50:00,28.65,0.00,PMXC6,VT
10/06/2024 18:00:00,28.87,0.00,PMXC6,VT
10/06/2024 18:10:00,29.08,0.00,PMXC6,VT
10/06/2024 18:20:00,29.30,0.00,PMXC6,VT
10/06/2024 18:30:00,29.51,0.00,PMXC6,VT
10/06/2024 18:40:00,29.64,0.00,PMXC6,VT
10/06/2024 18:50:00,29.60,0.00,PMXC6,VT
10/06/2024 19:00:00,29.47,0.00,PMXC6,VT
10/06/2024 19:10:00,29.26,0.00,PMXC6,VT
10/06/2024 19:20:00,29.13,0.00,PMXC6,VT
10/06/2024 19:30:00,28.95,0.00,PMXC6,VT
10/06/2024 19:40:00,28.74,0.00,PMXC6,VT
10/06/2024 19:50:00,28.53,0.00,PMXC6,VT
10/06/2024 20:00:00,28.35,0.00,PMXC6,VT
10/06/2024 20:10:00,28.18,0.00,PMXC6,VT
10/06/2024 20:20:00,27.88,0.00,PMXC6,VT
10/06/2024 20:30:00,27.67,0.00,PMXC6,VT
10/06/2024 20:40:00,27.50,0.00,PMXC6,VT
10/06/2024 20:50:00,27.28,0.00,PMXC6,VT
10/06/2024 21:00:00,27.07,0.00,PMXC6,VT
10/06/2024 21:10:00,26.90,0.00,PMXC6,VT
10/06/2024 21:20:00,26.64,0.00,PMXC6,VT
10/06/2024 21:30:00,26.42,0.00,PMXC6,VT
10/06/2024 21:40:00,26.21,0.00,PMXC6,VT
10/06/2024 21:50:00,26.04,0.00,PMXC6,VT
10/06/2024 22:00:00,25.78,0.00,PMXC6,VT
10/06/2024 22:10:00,25.61,0.00,PMXC6,VT
10/06/2024 22:20:00,25.35,0.00,PMXC6,VT
10/06/2024 22:30:00,25.14,0.00,PMXC6,VT
10/06/2024 22:40:00,24.92,0.00,PMXC6,VT
10/06/2024 22:50:00,24.75,0.00,PMXC6,VT
10/06/2024 23:00:00,24.45,0.00,PMXC6,VT
10/06/2024 23:10:00,24.28,0.00,PMXC6,VT
10/06/2024 23:20:00,24.06,0.00,PMXC6,VT
10/06/2024 23:30:00,23.85,0.00,PMXC6,VT
10/06/2024 23:40:00,23.64,0.00,PMXC6,VT
10/06/2024 23:50:00,23.46,0.00,PMXC6,VT
10/07/2024 00:00:00,23.16,0.00,PMXC6,VT
10/07/2024 00:10:00,22.99,0.00,PMXC6,VT
10/07/2024 00:20:00,22.78,0.00,PMXC6,VT
10/07/2024 00:30:00,22.56,0.00,PMXC6,VT
10/07/2024 00:40:00,22.39,0.00,PMXC6,VT
10/07/2024 00:50:00,22.52,0.00,PMXC6,VT
10/07/2024 01:00:00,22.61,0.00,PMXC6,VT
10/07/2024 01:10:00,22.78,0.00,PMXC6,VT
10/07/2024 01:20:00,22.95,0.00,PMXC6,VT
10/07/2024 01:30:00,23.12,0.00,PMXC6,VT
10/07/2024 01:40:00,23.29,0.00,PMXC6,VT
10/07/2024 01:50:00,23.55,0.00,PMXC6,VT
10/07/2024 02:00:00,23.72,0.00,PMXC6,VT
10/07/2024 02:10:00,23.94,0.00,PMXC6,VT
10/07/2024 02:20:00,24.15,0.00,PMXC6,VT
10/07/2024 02:30:00,24.36,0.00,PMXC6,VT
10/07/2024 02:40:00,24.54,0.00,PMXC6,VT
10/07/2024 02:50:00,24.75,0.00,PMXC6,VT
10/07/2024 03:00:00,24.97,0.00,PMXC6,VT
10/07/2024 03:10:00,25.18,0.00,PMXC6,VT
10/07/2024 03:20:00,25.35,0.00,PMXC6,VT
10/07/2024 03:30:00,25.61,0.00,PMXC6,VT
10/07/2024 03:40:00,25.82,0.00,PMXC6,VT
10/07/2024 03:50:00,25.99,0.00,PMXC6,VT
10/07/2024 04:00:00,26.30,0.00,PMXC6,VT
10/07/2024 04:10:00,26.47,0.00,PMXC6,VT
10/07/2024 04:20:00,26.72,0.00,PMXC6,VT
10/07/2024 04:30:00,26.85,0.00,PMXC6,VT
10/07/2024 04:40:00,27.11,0.00,PMXC6,VT
10/07/2024 04:50:00,27.32,0.00,PMXC6,VT
10/07/2024 05:00:00,27.54,0.00,PMXC6,VT
10/07/2024 05:10:00,27.75,0.00,PMXC6,VT
10/07/2024 05:20:00,27.97,0.00,PMXC6,VT
10/07/2024 05:30:00,28.23,0.00,PMXC6,VT
10/07/2024 05:40:00,28.40,0.00,PMXC6,VT
10/07/2024 05:50:00,28.65,0.00,PMXC6,VT
10/07/2024 06:00:00,28.83,0.00,PMXC6,VT
10/07/2024 06:10:00,29.04,0.00,PMXC6,VT
10/07/2024 06:20:00,29.30,0.00,PMXC6,VT
10/07/2024 06:30:00,29.47,0.00,PMXC6,VT
10/07/2024 06:40:00,29.60,0.00,PMXC6,VT
10/07/2024 06:50:00,29.56,0.00,PMXC6,VT
10/07/2024 07:00:00,29.43,0.00,PMXC6,VT
10/07/2024 07:10:00,29.26,0.00,PMXC6,VT
10/07/2024 07:20:00,29.04,0.00,PMXC6,VT
10/07/2024 07:30:00,28.91,0.00,PMXC6,VT
10/07/2024 07:40:00,28.70,0.00,PMXC6,VT
10/07/2024 07:50:00,28.53,0.00,PMXC6,VT
10/07/2024 08:00:00,28.31,0.00,PMXC6,VT
10/07/2024 08:10:00,28.14,0.00,PMXC6,VT
10/07/2024 08:20:00,27.93,0.00,PMXC6,VT
10/07/2024 08:30:00,27.67,0.00,PMXC6,VT
10/07/2024 08:40:00,27.50,0.00,PMXC6,VT
10/07/2024 08:50:00,27.28,0.00,PMXC6,VT
10/07/2024 09:00:00,27.11,0.00,PMXC6,VT
10/07/2024 09:10:00,26.85,0.00,PMXC6,VT
10/07/2024 09:20:00,26.68,0.00,PMXC6,VT
10/07/2024 09:30:00,26.47,0.00,PMXC6,VT
10/07/2024 09:40:00,26.25,0.00,PMXC6,VT
10/07/2024 09:50:00,26.04,0.00,PMXC6,VT
10/07/2024 10:00:00,25.82,0.00,PMXC6,VT
10/07/2024 10:10:00,25.57,0.00,PMXC6,VT
10/07/2024 10:20:00,25.39,0.00,PMXC6,VT
10/07/2024 10:30:00,25.18,0.00,PMXC6,VT
10/07/2024 10:40:00,24.92,0.00,PMXC6,VT
10/07/2024 10:50:00,24.75,0.00,PMXC6,VT
10/07/2024 11:00:00,24.49,0.00,PMXC6,VT
10/07/2024 11:10:00,24.32,0.00,PMXC6,VT
10/07/2024 11:20:00,24.36,188.80,PMXC6,VT
10/07/2024 11:30:00,22.39,188.80,PMXC6,VT
10/07/2024 11:40:00,21.83,188.80,PMXC6,VT
10/07/2024 11:50:00,21.66,188.80,PMXC6,VT
10/07/2024 12:00:00,21.62,189.68,PMXC6,VT
10/07/2024 12:10:00,21.58,188.80,PMXC6,VT
10/07/2024 12:20:00,21.58,188.80,PMXC6,VT
10/07/2024 12:30:00,21.53,187.12,PMXC6,VT