sample-id,depth-1_iter-1,depth-1_iter-2,depth-1_iter-3,depth-1_iter-4,depth-1_iter-5,depth-1_iter-6,depth-1_iter-7,depth-1_iter-8,depth-1_iter-9,depth-1_iter-10,depth-1983_iter-1,depth-1983_iter-2,depth-1983_iter-3,depth-1983_iter-4,depth-1983_iter-5,depth-1983_iter-6,depth-1983_iter-7,depth-1983_iter-8,depth-1983_iter-9,depth-1983_iter-10,depth-3965_iter-1,depth-3965_iter-2,depth-3965_iter-3,depth-3965_iter-4,depth-3965_iter-5,depth-3965_iter-6,depth-3965_iter-7,depth-3965_iter-8,depth-3965_iter-9,depth-3965_iter-10,depth-5947_iter-1,depth-5947_iter-2,depth-5947_iter-3,depth-5947_iter-4,depth-5947_iter-5,depth-5947_iter-6,depth-5947_iter-7,depth-5947_iter-8,depth-5947_iter-9,depth-5947_iter-10,depth-7929_iter-1,depth-7929_iter-2,depth-7929_iter-3,depth-7929_iter-4,depth-7929_iter-5,depth-7929_iter-6,depth-7929_iter-7,depth-7929_iter-8,depth-7929_iter-9,depth-7929_iter-10,depth-9912_iter-1,depth-9912_iter-2,depth-9912_iter-3,depth-9912_iter-4,depth-9912_iter-5,depth-9912_iter-6,depth-9912_iter-7,depth-9912_iter-8,depth-9912_iter-9,depth-9912_iter-10,depth-11894_iter-1,depth-11894_iter-2,depth-11894_iter-3,depth-11894_iter-4,depth-11894_iter-5,depth-11894_iter-6,depth-11894_iter-7,depth-11894_iter-8,depth-11894_iter-9,depth-11894_iter-10,depth-13876_iter-1,depth-13876_iter-2,depth-13876_iter-3,depth-13876_iter-4,depth-13876_iter-5,depth-13876_iter-6,depth-13876_iter-7,depth-13876_iter-8,depth-13876_iter-9,depth-13876_iter-10,depth-15858_iter-1,depth-15858_iter-2,depth-15858_iter-3,depth-15858_iter-4,depth-15858_iter-5,depth-15858_iter-6,depth-15858_iter-7,depth-15858_iter-8,depth-15858_iter-9,depth-15858_iter-10,depth-17841_iter-1,depth-17841_iter-2,depth-17841_iter-3,depth-17841_iter-4,depth-17841_iter-5,depth-17841_iter-6,depth-17841_iter-7,depth-17841_iter-8,depth-17841_iter-9,depth-17841_iter-10,forward-absolute-filepath,reverse-absolute-filepath
NegCntrl_Cricket1,-0.0,-0.0,-0.0,-0.0,-0.0,-0.0,-0.0,-0.0,-0.0,-0.0,,,,,,,,,,,,,,,,,,,,,,,,,,,,,,,,,,,,,,,,,,,,,,,,,,,,,,,,,,,,,,,,,,,,,,,,,,,,,,,,,,,,,,,,,,,/bsuhome/jessicagronniger/scratch/6625_Illumina/6625_195_S199_R1_001.fastq.gz,/bsuhome/jessicagronniger/scratch/6625_Illumina/6625_195_S199_R2_001.fastq.gz
NegCntrl_Cricket2,-0.0,-0.0,-0.0,-0.0,-0.0,-0.0,-0.0,-0.0,-0.0,-0.0,,,,,,,,,,,,,,,,,,,,,,,,,,,,,,,,,,,,,,,,,,,,,,,,,,,,,,,,,,,,,,,,,,,,,,,,,,,,,,,,,,,,,,,,,,,/bsuhome/jessicagronniger/scratch/6625_Illumina/6625_196_S200_R1_001.fastq.gz,/bsuhome/jessicagronniger/scratch/6625_Illumina/6625_196_S200_R2_001.fastq.gz
NegCntrl_R2A1,-0.0,-0.0,-0.0,-0.0,-0.0,-0.0,-0.0,-0.0,-0.0,-0.0,2.301468393472771,2.299047584684632,2.3259260454306863,2.357095955371816,2.392267486285191,2.2995327335926423,2.345384713378956,2.343431056419415,2.3345466522444287,2.348512495550922,2.318651265324772,2.33473098601541,2.3112483302343825,2.333022404412568,2.325136071673433,2.331903580848043,2.319007697859004,2.3166084685738637,2.325573058684588,2.313968829983194,,,,,,,,,,,,,,,,,,,,,,,,,,,,,,,,,,,,,,,,,,,,,,,,,,,,,,,,,,,,,,,,,,,,,,,/bsuhome/jessicagronniger/scratch/6625_Illumina/6625_197_S201_R1_001.fastq.gz,/bsuhome/jessicagronniger/scratch/6625_Illumina/6625_197_S201_R2_001.fastq.gz
NegCntrl_R2A2,-0.0,-0.0,-0.0,-0.0,-0.0,-0.0,-0.0,-0.0,-0.0,-0.0,,,,,,,,,,,,,,,,,,,,,,,,,,,,,,,,,,,,,,,,,,,,,,,,,,,,,,,,,,,,,,,,,,,,,,,,,,,,,,,,,,,,,,,,,,,/bsuhome/jessicagronniger/scratch/6625_Illumina/6625_198_S202_R1_001.fastq.gz,/bsuhome/jessicagronniger/scratch/6625_Illumina/6625_198_S202_R2_001.fastq.gz
PMXC7.CR.Seed.Comm,-0.0,-0.0,-0.0,-0.0,-0.0,-0.0,-0.0,-0.0,-0.0,-0.0,4.588579417457284,4.546115385254802,4.533469040904455,4.512251359719723,4.485723200685055,4.546457199380876,4.479942880616518,4.554105817020342,4.469790715281224,4.513526467293643,4.51987420475479,4.518884629799978,4.535125565976787,4.512587450150371,4.55653374087282,4.494179533826581,4.537236343891132,4.507279425622273,4.494670245273412,4.540553230575196,4.525501518890851,4.532512029377372,4.530679933738408,4.513311545198717,4.52566970152426,4.509222905831862,4.532014286890211,4.528586958751646,4.520401554122237,4.5564408128102345,4.538036526649969,4.529231334687565,4.532139396632476,4.536444777169976,4.5379735966171095,4.530698431890666,4.5038424711303,4.526960212307881,4.526137512091923,4.532711671011943,4.52484601230123,4.543230210677118,4.537071210236004,4.5122746363685895,4.5285234821883416,4.526681624430658,4.531188214353792,4.524975099261959,4.540782294039498,4.512600022231357,4.519621189036602,4.52383315679457,4.538197269687006,4.533882025933035,4.527468607517103,4.515628968403871,4.537781815160122,4.514528549888749,4.533962386598054,4.522493691416696,4.538787680082487,4.522074738841936,4.528454756289283,4.530866114262142,4.512335574032142,4.512574570384532,4.528225846114558,4.531860354588509,4.540835511594744,4.515494025733709,4.507370405801327,4.538183344615882,4.5327271301906125,4.52822257129947,4.524751707005693,4.518279289156973,4.5213332123360646,4.53836426593755,4.5256696670248,4.524744065205773,4.515661226157097,4.519532717343018,4.518703928193492,4.538630165296165,4.513345388820418,4.530227185187435,4.523751864384352,4.528430935977432,4.520347859727932,4.531586386623881,/bsuhome/jessicagronniger/scratch/6625_Illumina/6625_001_S1_R1_001.fastq.gz,/bsuhome/jessicagronniger/scratch/6625_Illumina/6625_001_S1_R2_001.fastq.gz
PMXC7.M9TC.Seed.Comm,-0.0,-0.0,-0.0,-0.0,-0.0,-0.0,-0.0,-0.0,-0.0,-0.0,4.535859602927644,4.530114013520997,4.54582653001323,4.54151915909983,4.502757026547967,4.5575693415244745,4.544888670678995,4.506788401976505,4.524326155746909,4.520640409976705,4.511656786196621,4.51474341116157,4.539627099561089,4.52471615249939,4.525793745963186,4.522940307700778,4.50297268937498,4.573444933719325,4.505747308479977,4.565691932015283,4.517976848556004,4.537250898359448,4.520432006588309,4.512501865330361,4.522130142658877,4.517295187731165,4.519886913825396,4.555758341905162,4.547210213848588,4.50433058895356,4.530187458381349,4.550613961625724,4.530708653936461,4.52193538598089,4.554538465869002,4.507822660474529,4.541352761502437,4.528768109390432,4.547187786263149,4.526316922758315,4.534239945273535,4.523155332119414,4.520404419566985,4.524269273199,4.542638800214232,4.541564241133192,4.522965763506454,4.527421987183817,4.539178867759757,4.524924816300948,4.526990604854528,4.55247424637557,4.552082662114458,4.525259362905927,4.557330208031697,4.535715445956339,4.531344373533072,4.5362861848032985,4.530175703791347,4.53458479313856,4.538659818366818,4.52569802185109,4.537494858020161,4.526366867365278,4.51924450121932,4.545188647732017,4.5329579787644185,4.529555914411305,4.534258359718309,4.541423693319868,4.540657948768599,4.539817927467044,4.526581348690403,4.533648252259776,4.537479007195474,4.545405756077543,4.549801083323679,4.529864773028371,4.532105900947899,4.550281130560541,4.520496619844544,4.532100494732751,4.541550814374681,4.526154807105471,4.536073979748281,4.534145366621727,4.542673598914615,4.5426656256929645,4.514560930532607,4.534847363525219,/bsuhome/jessicagronniger/scratch/6625_Illumina/6625_002_S2_R1_001.fastq.gz,/bsuhome/jessicagronniger/scratch/6625_Illumina/6625_002_S2_R2_001.fastq.gz
PMXC7.NS.CR.B.RT.REP1.T0,-0.0,-0.0,-0.0,-0.0,-0.0,-0.0,-0.0,-0.0,-0.0,-0.0,2.64810754964344,2.7213551519073933,2.631387768147479,2.6322583906073738,2.783637842933627,2.8092688982162057,2.694098974241268,2.6400475091443862,2.6853729031977283,2.7431621621147824,2.6778815637051,2.7413291037936647,2.674312957848939,2.6740689691228843,2.710213215335282,2.7099145763607035,2.666007106178803,2.727817640562235,2.701297857150532,2.7016035337045827,2.685104911320402,2.7077007962281474,2.67450659954684,2.689017770290712,2.711015807970426,2.7190346520403508,2.7108545414871883,2.716699399397001,2.7509334317556178,2.663901414791048,2.72919734689329,2.6938745265173027,2.7072018394903643,2.693582248428386,2.7322500613248786,2.700357830177918,2.715403667478083,2.7124781915704768,2.722157024695151,2.733009792560724,2.716200653330414,2.7079197752451085,2.7215893763495607,2.7086640812404257,2.690825362980387,2.709680806577561,2.7014292423194077,2.7289022102409843,2.6831429783146383,2.694780939307076,2.689888333572739,2.6920942075342604,2.7420394857550305,2.708531730877295,2.748555147477721,2.7035266727430627,2.726201965842494,2.737464970802721,2.7175794076517983,2.7002592543656907,2.713308675262531,2.705252636410422,2.723863434768397,2.693499673698643,2.6805813834292262,2.690285011373267,2.7172955365308877,2.714128824050669,2.7089573150623414,2.690733691175844,2.705757007318713,2.7282036877460976,2.71244416469788,2.7129160248746698,2.7068544924227727,2.7007104810899976,2.7221974729435874,2.705218074242301,2.734147721076908,2.7158474654535065,2.6946646458423804,2.705344065756913,2.7152950831564,2.7304517764232608,2.6963500916550385,2.707443866312683,2.709456879273382,2.699523754280517,2.7478931464755507,2.7090733327316374,/bsuhome/jessicagronniger/scratch/6625_Illumina/6625_015_S15_R1_001.fastq.gz,/bsuhome/jessicagronniger/scratch/6625_Illumina/6625_015_S15_R2_001.fastq.gz
PMXC7.NS.CR.B.RT.REP1.T11,-0.0,-0.0,-0.0,-0.0,-0.0,-0.0,-0.0,-0.0,-0.0,-0.0,2.72028927926552,2.7179248733078003,2.719927089627148,2.6996869145709605,2.6916035582409377,2.7470886020676613,2.7320714536021318,2.7060722128746337,2.736392360530421,2.782570636299572,2.7415286396509395,2.752028379681504,2.753090746374593,2.788961874221884,2.7389522168632143,2.7266610777348856,2.784363271774095,2.773290724337554,2.711335504519382,2.721394837204266,2.7440949633707445,2.74364721823354,2.7402654483781954,2.7500422520202226,2.750183976880076,2.750329417758784,2.738190517404248,2.7357292487735005,2.7318092982457007,2.7241292490708044,2.7139165192120496,2.7589891333950733,2.7352733069238124,2.727522823572716,2.7425282678791416,2.727836792549659,2.727405471304922,2.7407587864053347,2.763170400175728,2.7543578325986804,2.765426904383872,2.73572350206326,2.730858453424072,2.757292127629216,2.7520223655638443,2.7420309378595658,2.7245823631953594,2.736562567171589,2.7463742631241908,2.7531728257106645,2.7308678527655195,2.764307949455316,2.751719891683432,2.7298250841412126,2.739335784876989,2.745926883802213,2.7345855100162564,2.75487945651069,2.7583403506920456,2.738763358095106,2.741782822040079,2.7308174869973345,2.741988318484837,2.7323545923486323,2.736908590778261,2.7332809148943307,2.723844587424102,2.7518523665868675,2.754388091293844,2.7299716829048,2.755187775964181,2.739498297039245,2.7491656728674805,2.753288955075839,2.739652185554162,2.756069565555356,2.750539404400703,2.7416674905014813,2.73667076481626,2.731534772944736,2.7508057424736805,2.745139397721256,2.74485882747522,2.754881431684266,2.744144065413652,2.76232995920711,2.7608126654416263,2.7258960696373964,2.755947896943579,2.738101009656042,/bsuhome/jessicagronniger/scratch/6625_Illumina/6625_111_S113_R1_001.fastq.gz,/bsuhome/jessicagronniger/scratch/6625_Illumina/6625_111_S113_R2_001.fastq.gz
PMXC7.NS.CR.B.RT.REP1.T12,-0.0,-0.0,-0.0,-0.0,-0.0,-0.0,-0.0,-0.0,-0.0,-0.0,2.778105500527922,2.6771562049581834,2.7615127797372088,2.719647362248215,2.7487663785050205,2.7729629266225757,2.775316896778718,2.7480158265165398,2.785275171905618,2.794741190709378,2.7926910063382144,2.786131418281059,2.776871736375078,2.7660175411246217,2.757323568051884,2.7700521849156887,2.730844728687135,2.7792658438515168,2.7735385117310423,2.7672211060074234,2.7760610051583616,2.783967902816899,2.774123905904194,2.7402851553149468,2.809536453087391,2.768704814199391,2.7889106114565823,2.773426179620616,2.7930798316583254,2.7901420510828325,2.7710756049324625,2.7737818505065803,2.783458852986929,2.7941111316996388,2.757185304104912,2.785316720178238,2.767424219481979,2.7739505846998656,2.7811583210887285,2.785814115702369,2.7905114749637745,2.761511752767454,2.781381532070231,2.7633911669883675,2.7792370470256373,2.7721339046125717,2.7571400616762936,2.796328807459358,2.7891874329247197,2.7787528014809744,2.786135220630808,2.762902534176411,2.7688268007720302,2.7701217746362325,2.799755201378377,2.755323379921951,2.774407861018521,2.776706895793082,2.8007561587719803,2.768616068891079,2.801494684985357,2.770647866273918,2.793411419684941,2.776250708599568,2.76748602126974,2.7580863852159347,2.774705062628064,2.753566762653564,2.797549376977508,2.7762049198116783,2.769212386832298,2.753017450419226,2.7495881385202035,2.780704168968486,2.772387488898826,2.777863926406308,2.765914189420873,2.76964642398447,2.7575876876393,2.7674071436762886,2.768018054606743,2.7740452096182326,2.769489138178098,2.7608691643398986,2.773352550462158,2.7717266792940016,2.77733141432637,2.770409779084436,2.750341509897116,2.7809875794745,/bsuhome/jessicagronniger/scratch/6625_Illumina/6625_159_S161_R1_001.fastq.gz,/bsuhome/jessicagronniger/scratch/6625_Illumina/6625_159_S161_R2_001.fastq.gz
PMXC7.NS.CR.B.RT.REP1.T7,-0.0,-0.0,-0.0,-0.0,-0.0,-0.0,-0.0,-0.0,-0.0,-0.0,2.6120461190376107,2.639539485542699,2.6411182250773986,2.6230367189536183,2.618708344899672,2.6375376489728746,2.609338867608096,2.630281832974644,2.6222378435146774,2.657840824268368,2.640232029453648,2.621315308895462,2.618588877600952,2.630546178938977,2.5852198437826925,2.6410380523084944,2.5997971280090386,2.634234849526353,2.647911894214352,2.6252733244001427,2.635277228137773,2.597015525401248,2.61037065624938,2.633582985367073,2.6505886556241944,2.645056492104378,2.6172506087070584,2.647822316855517,2.6355210549139008,2.6284926630545926,2.629349407587692,2.6070890287963038,2.629429440961319,2.617972617881953,2.6285298227870197,2.616057601159626,2.631988415125753,2.6256721019248426,2.5906857396245746,2.628642981754822,2.611303053183841,2.6314529122800763,2.6266131133323958,2.656118421696472,2.6061639635497187,2.6249248632981352,2.634139681230507,2.641083998824882,2.6180936558496395,2.6296383579614044,2.6362027224453017,2.641895549801411,2.622332673771623,2.6234459556326253,2.636371785066226,2.626098352271273,2.6229054195020987,2.627407730427059,2.628854927948805,2.6304324246502397,2.62295391261199,2.6225542510912145,2.626239691204246,2.635935266663832,2.6303917474313776,2.6447084486147974,2.620639930603092,2.628085473994123,2.628616580056621,2.620971210483335,2.6262174096234063,2.6313531427470886,2.643391087990882,2.630963468746906,2.603423234287121,2.63290851004364,2.630442369654526,2.6276995083024697,2.617186920478525,2.6218315106237,2.62398433232233,2.6236481747090354,2.622041549916576,2.6334046156562305,2.623188447687822,2.6066062114414272,2.61094977014182,2.629246319225502,2.619282960488047,2.606832429953684,/bsuhome/jessicagronniger/scratch/6625_Illumina/6625_063_S63_R1_001.fastq.gz,/bsuhome/jessicagronniger/scratch/6625_Illumina/6625_063_S63_R2_001.fastq.gz
PMXC7.NS.CR.B.RT.REP2.T0,-0.0,-0.0,-0.0,-0.0,-0.0,-0.0,-0.0,-0.0,-0.0,-0.0,2.731060884299095,2.696872509088052,2.6768231753440133,2.65610991423739,2.746256851909389,2.7254226491878764,2.692932439018923,2.706525667266701,2.821863308091472,2.776599897314397,2.8100239012974906,2.669460550286481,2.790129503429133,2.736415111143494,2.7439714032381803,2.7281085669592318,2.767131416503095,2.704997393777965,2.70261544545695,2.682225418420624,2.716299500422208,2.730680977337315,2.734692663792014,2.723329259019,2.7499746285466875,2.74661665914206,2.77407095063492,2.757806249582897,2.727917979372118,2.7281711394236234,2.7337682056913426,2.755469858738077,2.7275057998003223,2.7530440492857826,2.734054220196214,2.757174144990264,2.719413132808369,2.753013614229072,2.696359756225485,2.7310562999758417,2.747538818998326,2.703868657753575,2.732608283245959,2.742244497362834,2.769570190751034,2.734202333687094,2.7327660401946234,2.7148207390859054,2.7182348914116354,2.7591574500326765,2.7140594138657894,2.7459775547644663,2.732292521259624,2.750183091617437,2.7543915903960983,2.750088025692745,2.7553339325963213,2.7563578649794493,2.744701105280695,2.73606277865828,2.712810893991592,2.747132844599709,2.7240405546201267,2.7313554428578,2.757686444194958,2.744894936721966,2.7300841899082045,2.732119421062784,2.755136623278927,2.7522448381446063,2.730931734037383,2.732660026654671,2.7444951423149195,2.7567866427988506,2.774936527573232,2.757799134026416,2.7473449328983004,2.732185365216147,2.7682712473200524,2.729145343071376,2.768711792971077,2.744589187383936,2.744208354190739,2.732469683062543,2.745518505220157,2.752826017815945,2.7580362224275143,2.7400398686012983,2.767949906404367,2.7607701172138843,/bsuhome/jessicagronniger/scratch/6625_Illumina/6625_016_S16_R1_001.fastq.gz,/bsuhome/jessicagronniger/scratch/6625_Illumina/6625_016_S16_R2_001.fastq.gz
PMXC7.NS.CR.B.RT.REP2.T11,-0.0,-0.0,-0.0,-0.0,-0.0,-0.0,-0.0,-0.0,-0.0,-0.0,2.574098313946094,2.577295961584685,2.606611460602186,2.6425305065646265,2.606073407438267,2.593200472163371,2.6059729558780065,2.6219124441516324,2.5710142236919804,2.575732004843467,2.595355694275944,2.5935713857836293,2.577289604677281,2.6248897377718614,2.5917648889721696,2.62505616051807,2.599809916867335,2.565318104849601,2.618264483038893,2.568597863915804,2.611935103204954,2.57411397775684,2.546343840321358,2.6039803772469483,2.636831677023217,2.589302482835432,2.6120156800642813,2.589438272484644,2.600153734324152,2.5711051400235325,2.588893606017757,2.5902812602988416,2.5725066325747363,2.600256522515542,2.607475651315772,2.595478544270136,2.609602573094233,2.607240587266765,2.5820957440180243,2.5673350858648987,2.5856471374988392,2.5993928762274874,2.5947573906935943,2.606638315160458,2.6045229557827803,2.627860716355861,2.6300472729690045,2.6009217012361727,2.599932910539532,2.592603409749432,2.582621807068096,2.5906684127037938,2.6082517605332063,2.619878073614005,2.603320202518377,2.616813208697851,2.601246204282657,2.6020407197373374,2.603953404162646,2.591795710006201,2.6089625935752103,2.590050229663374,2.608313065990524,2.582778684684396,2.611105278038341,2.599360626155309,2.6164598127790595,2.593460381822025,2.622740895199413,2.5914840856769583,2.58773630163499,2.609302487490392,2.5910198666796624,2.5970739001885077,2.606876993472344,2.603506453588865,2.583888105106724,2.59426236680361,2.6001399585010576,2.6075130421374646,2.610320888776822,2.589049638048728,2.6019134498597625,2.6048716200204782,2.5974413945204518,2.592558422528009,2.5851113990515278,2.593351064081795,2.5914794773368657,2.6011980959014336,/bsuhome/jessicagronniger/scratch/6625_Illumina/6625_112_S114_R1_001.fastq.gz,/bsuhome/jessicagronniger/scratch/6625_Illumina/6625_112_S114_R2_001.fastq.gz
PMXC7.NS.CR.B.RT.REP2.T12,-0.0,-0.0,-0.0,-0.0,-0.0,-0.0,-0.0,-0.0,-0.0,-0.0,2.5979990593373743,2.5439223737237904,2.544556308816633,2.541405905505909,2.553739519286492,2.5664630852034422,2.574680603456309,2.52577081587648,2.5374834944409,2.555828128915936,2.5795429285018145,2.5305572309754774,2.5858032236385795,2.5686961162110777,2.5919081757756093,2.5540087794463338,2.566392828912377,2.589401128532576,2.562906352450325,2.5851782637208185,2.5947043641236904,2.589379102314808,2.584548097133967,2.577566617695601,2.535816709035813,2.5545785243942536,2.571533777744741,2.557614939783778,2.5369725364619176,2.567341054201605,2.567236689602171,2.5579684875659465,2.563964703888088,2.564460526453753,2.559933663702874,2.566684529288296,2.5669037467696856,2.5818572167833582,2.564011744161632,2.563808157075277,2.555106443256252,2.5695828507302285,2.5926384242369407,2.577391408442602,2.573334125106817,2.552336374745541,2.558494393693658,2.5710653177988907,2.5810751424355347,2.54341307510177,2.565270965384047,2.5670292823849703,2.5739538703014464,2.588214191580956,2.562293178163818,2.5781016785548108,2.568916399165877,2.558734641034853,2.5809542048249527,2.585943370472588,2.5836684366269957,2.557638163460048,2.5739263224008067,2.5597800344494583,2.582822091175861,2.551677787174777,2.584210584898511,2.5454552732472195,2.573297198883441,2.5722027597416752,2.5622621329568123,2.556571636768937,2.5786023175830985,2.579581647170615,2.5904117492772274,2.584581223351934,2.5788078103456087,2.5347904411459905,2.5686318188263835,2.577367133483952,2.592355880444008,2.5659389114672044,2.560293037182316,2.562020768511161,2.565143291119265,2.585995475300852,2.584107076041649,2.572373256937408,2.5700217635759826,2.56668965887777,/bsuhome/jessicagronniger/scratch/6625_Illumina/6625_160_S162_R1_001.fastq.gz,/bsuhome/jessicagronniger/scratch/6625_Illumina/6625_160_S162_R2_001.fastq.gz
PMXC7.NS.CR.B.RT.REP2.T7,-0.0,-0.0,-0.0,-0.0,-0.0,-0.0,-0.0,-0.0,-0.0,-0.0,2.448717123652441,2.4979012144752213,2.460206492392699,2.4783176080464635,2.460590861228773,2.47363644065652,2.490524151766249,2.472641175733786,2.4770742665910057,2.446565937989545,2.4342096811896217,2.473344230518,2.4692704497369484,2.4833271760900235,2.494453952274506,2.4691362047191667,2.455776980804889,2.512491348528012,2.4589198563879804,2.491557514627851,2.4700207449170746,2.465180124255629,2.475264054786383,2.4944249681547284,2.462129546823671,2.43913606831772,2.472223134706857,2.4551470948419127,2.4540280411122275,2.41364691686944,2.464998157374573,2.4900406051434647,2.472844026968735,2.463754508770616,2.477608536054265,2.46357323255309,2.4894650250077186,2.4792921889809163,2.488790578784331,2.4815227690096227,2.457077453508936,2.4957060180032027,2.47941821231706,2.479041445561064,2.4768645316122058,2.472384492889174,2.471783489917239,2.492650745501918,2.490487649871029,2.475688448883036,2.485557777517724,2.4794912618428198,2.478938190443069,2.468745893788217,2.471996146081672,2.4814272649204416,2.497147960961956,2.4671638891312173,2.473204750883033,2.452597801189309,2.440823776834564,2.4841075194421336,2.501819078510976,2.4813376082150485,2.4590994333134923,2.482402538391636,2.468705571077097,2.4796790560110145,2.4680702043138,2.4808909026716,2.471847981322664,2.459823006118202,2.480737948435143,2.476342436135626,2.467746866557993,2.499130500564719,2.477815153722001,2.4597517765534582,2.480754253510703,2.4742093816341364,2.466438357722416,2.462677679436936,2.4672702609039803,2.474985881830175,2.4857317622709574,2.483378661678305,2.4882852164341296,2.460429535465073,2.486309756866452,2.4816178157332915,/bsuhome/jessicagronniger/scratch/6625_Illumina/6625_064_S64_R1_001.fastq.gz,/bsuhome/jessicagronniger/scratch/6625_Illumina/6625_064_S64_R2_001.fastq.gz
PMXC7.NS.CR.B.RT.REP3.T0,-0.0,-0.0,-0.0,-0.0,-0.0,-0.0,-0.0,-0.0,-0.0,-0.0,4.521183340752068,4.660428714848613,4.664166522101028,4.586747585660564,4.589266394087876,4.522269472087768,4.585153545850641,4.693129800201588,4.5450362344446456,4.578239010111898,4.615896770680152,4.703117759186091,4.667697566222881,4.678994305055492,4.611242907475119,4.627320129463742,4.707461261308027,4.651678903920258,4.651598550968386,4.564965472281704,4.65065648073591,4.6526511088610345,4.710477761575514,4.650978304963138,4.687314045437869,4.742206935885756,4.620026435387841,4.673174408174527,4.643399500466251,4.644783010084095,4.724148994276216,4.783920193192578,4.738430022732211,4.726867648084799,4.723202800478209,4.690526514107556,4.744781545056103,4.709396859605016,4.723159456266608,4.649827145881139,4.703919768618609,4.655847024482236,4.759214260668097,4.722236563333158,4.754214320226077,4.683192757888012,4.782263797304376,4.690956144521427,4.748550599239369,4.686145982694643,4.683802187354421,4.70794401016486,4.742530544548547,4.762792581777616,4.719555900870494,4.695540250138867,4.663564793894464,4.744493727716126,4.730445052361683,4.719682207245879,4.7108928542233,4.7877848248172725,4.714803811285978,4.753365529788358,4.721868641011029,4.7291458778613285,4.754720837141287,4.687935152373043,4.765124265370838,4.730499332672216,4.6988660244349605,4.71981226712088,4.72526128891939,4.728191288802406,4.727918378431578,4.7346584001810985,4.771448140074392,4.757591892187484,4.731590462849091,4.711273221092815,4.740312594344993,4.714789556758146,4.759114353021586,4.745760091009258,4.7343892555510045,4.70335838285395,4.756797580325167,4.727836018967441,4.752961600320111,4.730794044430205,/bsuhome/jessicagronniger/scratch/6625_Illumina/6625_017_S17_R1_001.fastq.gz,/bsuhome/jessicagronniger/scratch/6625_Illumina/6625_017_S17_R2_001.fastq.gz
PMXC7.NS.CR.B.RT.REP3.T11,-0.0,-0.0,-0.0,-0.0,-0.0,-0.0,-0.0,-0.0,-0.0,-0.0,2.621907750434715,2.6006961560209967,2.6406940965828976,2.631985692578313,2.641353897916184,2.5757452360283777,2.636554503922349,2.6002382522472915,2.63371752244606,2.6617750024313813,2.6531098255229715,2.632804794581525,2.665727466055262,2.6501314520276797,2.657732125408877,2.639822860959356,2.658507707142528,2.630233574444675,2.6124846563282698,2.6068066525718794,2.6672744478400063,2.6549914067820057,2.6365953909706543,2.681392621270891,2.654412032642846,2.654228985012593,2.6541170601279243,2.651456543879296,2.640782377879488,2.6531086640595363,2.630796125583022,2.629326810374585,2.62489917485846,2.6646674093831417,2.64653661796381,2.630633807179251,2.634212350875793,2.6524247003746044,2.602045393473703,2.6502508739528743,2.6433050199502173,2.6310462881340437,2.6498823089542665,2.6468621883641013,2.6419238326487395,2.6479957266727823,2.6437097647121988,2.6433397709986184,2.6375739367779176,2.617160178556796,2.613962340640305,2.640400772386004,2.639866806535385,2.661820981727391,2.652430308203781,2.631697741839352,2.6484962432531978,2.654970316836645,2.638700645439425,2.626318659518166,2.630070531747182,2.630842647222721,2.636896588575238,2.634371225012611,2.6364376897425195,2.6341337949614703,2.629075174833908,2.6342754927473453,2.6310157924789013,2.655476999581466,2.630361599964433,2.6369011100454927,2.650949803030357,2.6287721841955003,2.626754174214108,2.641813227620505,2.647504135284196,2.634683451558227,2.630464686692461,2.629833164587433,2.6534040061517,2.651199138893228,2.650662232700693,2.639546305478206,2.6351937569237127,2.648724887563889,2.6407463070571127,2.642090726018814,2.629223623066748,2.640116945290594,/bsuhome/jessicagronniger/scratch/6625_Illumina/6625_113_S115_R1_001.fastq.gz,/bsuhome/jessicagronniger/scratch/6625_Illumina/6625_113_S115_R2_001.fastq.gz
PMXC7.NS.CR.B.RT.REP3.T12,-0.0,-0.0,-0.0,-0.0,-0.0,-0.0,-0.0,-0.0,-0.0,-0.0,2.5717632480896366,2.5744257817492864,2.526852479954022,2.555783522427695,2.528719309367269,2.585067105147433,2.635612768197088,2.5668141005170213,2.570606601973081,2.6109637470956435,2.5537124188053046,2.559502664014274,2.577910306685964,2.571485045210592,2.576641724176129,2.5572353962996464,2.5903708974849846,2.54733785369079,2.5850760571604288,2.6109235523771264,2.561969605116822,2.5887463116961924,2.599071895884037,2.595980119984673,2.5986339723018785,2.560537737492753,2.558858420735096,2.608686490913572,2.579910455134277,2.5847322410978046,2.5720963771705114,2.6189883923123483,2.570610354585117,2.5707921184519167,2.558484170557411,2.5578891147989284,2.566219309672721,2.589779729351596,2.580240082763386,2.573428973605036,2.584971119221866,2.583732950952128,2.548702288422016,2.56115907050194,2.578566028740967,2.580879964818849,2.567076354044429,2.5699207682093634,2.5771377684151027,2.5972791305271987,2.565961183846515,2.555791700193544,2.585922495316312,2.5788552894418477,2.585654563102525,2.5621502682602904,2.574886226723318,2.581218077475152,2.585902395336796,2.5704064474098445,2.586031228451025,2.5829513625525635,2.604348801354555,2.5841605173470152,2.6074429437450384,2.5447707028269084,2.597826177834877,2.584262972574076,2.577217900018748,2.5966592557588024,2.6067763166315463,2.5644141233167588,2.5973161716141298,2.574119840220065,2.5959196620795923,2.5962172907775782,2.588584774537105,2.582619834208685,2.588360151732938,2.5839613379493263,2.577739170401606,2.587875081839232,2.582680986694553,2.5808303432943576,2.5920909008803243,2.5805337371698704,2.5846959084019288,2.590265675962018,2.594909899926472,2.5877424709857144,/bsuhome/jessicagronniger/scratch/6625_Illumina/6625_161_S163_R1_001.fastq.gz,/bsuhome/jessicagronniger/scratch/6625_Illumina/6625_161_S163_R2_001.fastq.gz
PMXC7.NS.CR.B.RT.REP3.T7,-0.0,-0.0,-0.0,-0.0,-0.0,-0.0,-0.0,-0.0,-0.0,-0.0,2.5466848387020824,2.5157617845188125,2.602369472228039,2.529566587035484,2.501408425675655,2.5481543036386403,2.589223815164777,2.52279911126331,2.5301886887030896,2.5482660544357523,2.553561233973064,2.557815109951992,2.524608824991016,2.555699783292959,2.57094747190535,2.562146370465909,2.584855288043145,2.5602546035754816,2.5436671941647835,2.5771221065069594,2.548935721938581,2.5547660867216537,2.5726412705077384,2.579687389453932,2.5823324445507203,2.5488278221609235,2.5850849905856466,2.58027866945974,2.546013659848695,2.5453806185343733,2.542647758881044,2.5696215920195478,2.575233318553361,2.5552093203218176,2.558772911950825,2.5468149551852064,2.564129943852596,2.5653301356334586,2.5816940238119366,2.5577731722031043,2.5753967179992503,2.569570922509409,2.548482344420105,2.556262249618025,2.572662348693239,2.5665039019934435,2.5494144508565006,2.5635097469495096,2.5479674327223805,2.5541490584632345,2.5661037596810945,2.575212428818252,2.5722332250107347,2.547760547759886,2.5757775676858,2.560662879432497,2.55669852677121,2.5633545169933485,2.563598087680919,2.5525495429441487,2.548965070151138,2.557030877956428,2.557622879545209,2.5467559552045747,2.573949250005735,2.57097241725632,2.5601832558759674,2.5745545471549502,2.5680413684106798,2.532773240709882,2.562093411680144,2.5802027383698944,2.564615694869689,2.566961466753062,2.56441113649313,2.5670401144630604,2.5701543720896423,2.554769053957224,2.573287265412558,2.572958490497486,2.5616803627084583,2.565630020260194,2.5610489479500465,2.578960317807531,2.559400279310256,2.563363863208784,2.5670382983078928,2.5643534500001164,2.555061254126473,2.5717889024746263,/bsuhome/jessicagronniger/scratch/6625_Illumina/6625_065_S65_R1_001.fastq.gz,/bsuhome/jessicagronniger/scratch/6625_Illumina/6625_065_S65_R2_001.fastq.gz
PMXC7.NS.CR.B.VT.REP1.T0,-0.0,-0.0,-0.0,-0.0,-0.0,-0.0,-0.0,-0.0,-0.0,-0.0,5.753458244456121,5.792823730724308,6.035638092481237,5.829149433817207,5.670151348408114,5.868368152446519,5.942282011766074,5.963200971246088,5.8087463738716085,5.832027693852128,5.945046373608197,5.979433533593302,6.002071678235801,6.0448389044961175,5.986960401244593,5.806506094853431,5.885028085049532,5.971718960714929,5.869639951245948,5.915466208687443,6.030361465877944,5.982677423415065,6.063369624732062,6.054560473536506,5.940517708342646,5.957878552138348,5.940012405576503,6.0449742154875885,5.896180041626467,6.030486532661219,6.014442354628492,6.052594972767682,6.039067516816322,5.980745431559456,6.016038979961403,6.021751282233221,6.0043441189488655,6.005449553549115,6.043112226982261,5.977406130657544,6.028733868027382,6.054586154358769,6.031226988854722,6.024791574613509,5.999594991325195,6.066570114508806,5.989553592494175,6.087884890017389,6.050962275140357,6.0467004679262,6.071227732147124,6.06486818968806,5.969366257427864,6.033080555476063,6.001724346802625,6.053575648607553,6.01200168995733,6.004380950734112,6.042273356427139,6.09465289732632,6.046988119372315,6.045254800904121,6.01459559059815,6.051023670622818,6.0610631875109,6.066921334763849,6.045079144560867,6.074043832651578,6.064358749119715,6.088897939684155,6.0561596804746,6.0518963847076295,6.061766047635784,6.034175499582831,6.044036685551212,6.080724600613955,6.037809192339,6.0176639937362255,6.02770095894117,6.045041347286826,6.056272649273199,6.070640015072745,6.100369023872991,6.064953500783741,6.058045986484002,6.081640512712619,6.09904055521243,6.055969659098417,6.052627204819521,6.0896012376761774,/bsuhome/jessicagronniger/scratch/6625_Illumina/6625_039_S39_R1_001.fastq.gz,/bsuhome/jessicagronniger/scratch/6625_Illumina/6625_039_S39_R2_001.fastq.gz
PMXC7.NS.CR.B.VT.REP1.T11,-0.0,-0.0,-0.0,-0.0,-0.0,-0.0,-0.0,-0.0,-0.0,-0.0,1.9155380437113223,1.9150012909515737,1.946527907037933,1.942672840323257,1.922038264262036,1.906437068765628,1.94670436269359,1.9464278625471207,1.938578235246866,1.9801838051530023,1.9941150633111695,1.9461866652571576,1.9111706642089303,1.9558974628177428,1.9108222034224325,1.955614767033349,1.9633797616622928,1.9277625468499369,1.923729461764187,1.9583837893413043,1.9620440582879997,1.9487979472353083,1.964713614038412,2.0035557535181883,1.9581867143037732,1.9284101637243585,1.9722723658481036,1.944007026537975,1.9744675713309257,1.9902660555073357,1.945207486403514,1.9390397996322053,1.9495541383016728,1.994159808210115,1.9673986568357655,1.960868135988403,1.949975126065754,1.9623462852685976,1.958109644243652,1.8969702078512425,1.9693581657284165,1.931353522721996,1.9518496394535776,1.9921299779404715,1.987219221294924,1.967107250665034,1.957267480574876,1.961375413593408,1.9481380469133367,1.9606022655492623,1.958024435343871,1.9383412430366156,1.935059944726356,1.9639216752980235,1.9510841168063695,1.9742603921003852,1.9629636986630563,1.954352017038323,1.9692375691530652,1.9427768525800624,1.9709422847125588,1.9615518162722088,1.9698867878214708,1.9688152582638632,1.940454770534068,1.964363474831811,1.9492273610834971,1.9531373065357056,1.918260449915114,1.9616170703835236,1.9669022163978285,1.9466424308602457,1.945688624058739,1.93843834493876,1.9475309914851595,1.9757109106710864,1.9459120325455108,1.9609378800294008,1.9340481295950875,1.951094222222404,1.9440340111944765,1.9515140513601024,1.9542408746114588,1.951897258563536,1.963494760165954,1.935126011317917,1.9683170566839097,1.9500502992904467,1.9766447688729445,1.9529227185518176,/bsuhome/jessicagronniger/scratch/6625_Illumina/6625_135_S137_R1_001.fastq.gz,/bsuhome/jessicagronniger/scratch/6625_Illumina/6625_135_S137_R2_001.fastq.gz
PMXC7.NS.CR.B.VT.REP1.T12,-0.0,-0.0,-0.0,-0.0,-0.0,-0.0,-0.0,-0.0,-0.0,-0.0,1.7589747695889966,1.837043639362544,1.7719523997157622,1.8570402362234093,1.7565361847576018,1.8601978332201616,1.8947007085906928,1.866151519377828,1.829373394004292,1.7970580633850926,1.8193971608751407,1.803466973335593,1.8476310110059089,1.839741990168941,1.8572943371650892,1.833986480796084,1.8661800935650945,1.841738441024152,1.838989766067556,1.8355314947733008,1.821302317329332,1.837968602353122,1.838069420496783,1.854930539118166,1.8326277866897376,1.8556850517674344,1.828304657401277,1.864792665270932,1.8643931686072663,1.8771325385179816,1.8460224279448825,1.8595951191531088,1.840210832719568,1.837270597396547,1.8086738426156332,1.8373363206084128,1.8500446909688248,1.8450596464710225,1.8234507142546603,1.8391832346585224,1.8765546036610623,1.8252722322062789,1.7969343944667682,1.8461679733564815,1.831890123104212,1.817379203659663,1.8451371975937143,1.832471522004743,1.8648318258043528,1.8484244181160072,1.863823580158997,1.861552114508741,1.8339034959509144,1.827258261050985,1.8518309787230116,1.8470537257375388,1.8352964899853736,1.8435913817116203,1.8306938835219044,1.835696603047413,1.8591676915770596,1.847948538891965,1.8421936058771131,1.827826052896255,1.838444397986188,1.8514936522246577,1.8490672602103584,1.8497871653202669,1.8510742811833705,1.8527465403735217,1.8339143327648808,1.8256508738215276,1.8283628836648909,1.830320883274657,1.861091888770669,1.8296333532565157,1.8429452488683584,1.8421810506174163,1.855514820353038,1.8564895444719784,1.8457190509292811,1.8354328582341808,1.8547506388504085,1.855443664789276,1.8389055608855496,1.8600274358401545,1.843151192898276,1.815747660877744,1.844243683202374,1.8325287520583375,/bsuhome/jessicagronniger/scratch/6625_Illumina/6625_183_S185_R1_001.fastq.gz,/bsuhome/jessicagronniger/scratch/6625_Illumina/6625_183_S185_R2_001.fastq.gz
PMXC7.NS.CR.B.VT.REP1.T7,-0.0,-0.0,-0.0,-0.0,-0.0,-0.0,-0.0,-0.0,-0.0,-0.0,1.816293765538706,1.84563494790946,1.7820998355838924,1.7815082041489736,1.8531902992784264,1.8164857578987776,1.7896676963396807,1.7829159870020317,1.830197900207159,1.8406408474267943,1.8597952160614204,1.8114199806689584,1.808548302783597,1.8222007546160028,1.840774621496546,1.8663401386843457,1.81505848876252,1.8147963176576365,1.842661015419229,1.8562794872596329,1.8283380034930217,1.849818152370331,1.8297560374368813,1.886106743140615,1.8446631980689052,1.8323324571316435,1.823699610483005,1.861492978280458,1.8446940315970128,1.8152791081322344,1.8467706928012049,1.8014119623677658,1.839347368296799,1.8145044231212668,1.8290605228416603,1.85387564481688,1.8210658365023775,1.848486021780949,1.8349783795056027,1.8604034684346824,1.8211592860988768,1.8264262018469684,1.8313743467521104,1.8280354922106337,1.861713285965188,1.8104173393750511,1.813423560574677,1.832323768269219,1.843127468805758,1.8534453364628651,1.828301065916072,1.810127170078724,1.808089308872389,1.849758218073019,1.8289754797888091,1.853660189310549,1.8085373805582263,1.8572104175338275,1.8639713812310832,1.8355502952524287,1.8366402247034328,1.837916055395516,1.8249736119133344,1.8289493533430343,1.83067981606368,1.8664059315729116,1.7951830899116872,1.8466534757869648,1.8426213921911423,1.828868334186308,1.836828258059921,1.818893332590608,1.8382427428602095,1.8326671956509293,1.8406533514234231,1.835675321644956,1.7950339210607815,1.8461469814783404,1.830517945995363,1.850941888639054,1.831258732623646,1.828260678236043,1.8377051810825704,1.8413713535970877,1.844400139566542,1.8237415915125503,1.8378498773914136,1.8146564429112688,1.8279503675140985,1.815162507167292,/bsuhome/jessicagronniger/scratch/6625_Illumina/6625_087_S87_R1_001.fastq.gz,/bsuhome/jessicagronniger/scratch/6625_Illumina/6625_087_S87_R2_001.fastq.gz
PMXC7.NS.CR.B.VT.REP2.T0,-0.0,-0.0,-0.0,-0.0,-0.0,-0.0,-0.0,-0.0,-0.0,-0.0,2.361346659433229,2.458983542845865,2.5375652200310026,2.3301098534938305,2.3589994694992247,2.443894239472081,2.3840662185822348,2.455964701469633,2.420069761874837,2.475052455783869,2.39292540866122,2.417623209184753,2.433765467586136,2.493213064974316,2.5358708160718746,2.480531166205464,2.386121093150807,2.4527012572614537,2.4368053511393626,2.487261576946074,2.457552251449421,2.4643976403430927,2.4900605160610416,2.4213142908706,2.5021844125354584,2.458713202019029,2.460606159354435,2.4636725236417147,2.5035368726142755,2.441132386092196,2.438689538851213,2.502767862714552,2.4746970283921867,2.46984141929903,2.459963564239742,2.4365937147559262,2.4548383691342672,2.4525520152493256,2.4658838640058987,2.458183909454319,2.462802688162212,2.4766633770381263,2.471853396529509,2.445622108897956,2.4318008113732885,2.452177687798891,2.474280842920697,2.450447242380496,2.4456644768328006,2.441644252961937,2.444583161864103,2.4921997339765047,2.459851205097555,2.468817373261322,2.4291740788301333,2.478456630231608,2.4692110314961933,2.5110133793372524,2.476113722761148,2.468883270779779,2.4637150545729933,2.449226267425994,2.495491395953419,2.46629665278882,2.4365203814271323,2.464069096682164,2.4477256873934934,2.460365160205277,2.44718584559244,2.455406949722329,2.490525426779842,2.447843411271727,2.4664246066549693,2.488458738575818,2.456415243705611,2.5063502382075806,2.498914463462567,2.4552300913996667,2.459164191083609,2.4673065118423456,2.5080038603756285,2.4939252341464058,2.446475931906829,2.4537700712015003,2.465076584701348,2.4721044517420783,2.4439223846222804,2.4688074744134094,2.454631586291554,2.449087554795123,/bsuhome/jessicagronniger/scratch/6625_Illumina/6625_040_S40_R1_001.fastq.gz,/bsuhome/jessicagronniger/scratch/6625_Illumina/6625_040_S40_R2_001.fastq.gz
PMXC7.NS.CR.B.VT.REP2.T11,-0.0,-0.0,-0.0,-0.0,-0.0,-0.0,-0.0,-0.0,-0.0,-0.0,1.9538513076206503,2.005285065609757,1.9588013395939583,1.939136645891708,1.9706150209994453,1.9152802717244224,1.972053231571364,1.9494827110390536,1.952155682921308,2.045106279004246,1.896615707049831,1.9505183831145496,1.9239685250455725,1.992485334096688,1.9477429140982008,1.9382223217573935,2.0166621974756365,1.9928410043248024,1.9400032762553523,1.997772370630252,1.964343753173024,1.9424781479917816,1.966829908528284,2.015173083158699,2.0077097214529465,1.9874915089400012,1.9853110878154416,1.9600368428558692,1.965279327297384,1.9867531887508052,1.9304912276032693,2.003160880196438,1.9626122197666955,1.997629127090031,1.9536348746638432,1.9259155379469728,1.9792386297773297,1.9676800842120752,1.9826453469389824,1.936780862111053,2.000390909215149,1.964043003338924,1.966433450800412,1.998800307933339,1.987674651982149,2.0031541113338327,1.9763165403473164,1.9673474393778,1.9820874165089668,1.97216749649488,1.963171308586186,1.9457401663433125,1.979051597654046,1.9838390806326545,1.9717888400263892,1.9480368087730795,1.9979821394500616,1.972517401000164,1.9770898002326576,1.9853774532194728,1.9430127205194,1.990501697795095,1.999062979823912,1.9913764900610371,1.9917339658202888,1.9904998061901784,1.9890365735422604,1.9718592250558715,1.9834698611216552,1.9932940741915104,1.991136352100548,1.984486216650148,1.977748834207809,1.98398933089086,1.9804435831512528,1.9867020152263088,1.968401588415352,1.993578532437289,1.9969306491723495,1.9737126132491003,1.9693003081641176,1.9711849948967857,1.9425414836814645,1.9783096830840423,1.9520427324326768,1.9557820390158995,1.9676150606011291,1.974982028712121,1.975037640710404,1.9846147552556828,/bsuhome/jessicagronniger/scratch/6625_Illumina/6625_136_S138_R1_001.fastq.gz,/bsuhome/jessicagronniger/scratch/6625_Illumina/6625_136_S138_R2_001.fastq.gz
PMXC7.NS.CR.B.VT.REP2.T12,-0.0,-0.0,-0.0,-0.0,-0.0,-0.0,-0.0,-0.0,-0.0,-0.0,1.8350767415590152,1.851579192202707,1.7783292276259113,1.8247698344320469,1.834059787468812,1.8075148386680704,1.7258378007342232,1.8285976677114064,1.745893629936423,1.8027858780878003,1.7655327259285074,1.7928899323102092,1.7632295459044982,1.7542277789738687,1.806692680281922,1.7533834771081458,1.7851181393220823,1.831159287487033,1.7721866453226314,1.7960008977609858,1.7888193249493751,1.770916239794874,1.7997047417975645,1.7624742089816647,1.7601358603741168,1.791607997737348,1.784014747073014,1.798842564159549,1.7635126239497458,1.7913751162401943,1.7728091703299658,1.7649698599965755,1.7745244180501845,1.789644875259197,1.779230319805267,1.78016352334171,1.7950689177300383,1.7936844704514798,1.8459583572330247,1.8061124586349424,1.7836435564084994,1.7954345489725845,1.7705519972477686,1.809234131300456,1.790010417926708,1.7888954127486023,1.749765667590898,1.788189092469427,1.7987702200421565,1.8254330757492243,1.7894033211445053,1.772577072894361,1.808298175864566,1.783078984191885,1.810099569783093,1.780410951380726,1.786514522388042,1.7955334177106486,1.7985509072385752,1.779866444828655,1.778549063623894,1.7912410056317205,1.779511904944081,1.7783938918264472,1.7799251143234254,1.8156862139679564,1.7968652471566453,1.8092282759585037,1.7748929907003894,1.8021972883701491,1.8091445390780057,1.7765336222918937,1.8073892312638664,1.7833792933007302,1.8085698019162453,1.7875041141962238,1.7974812339399755,1.7900872312673306,1.798403524678426,1.777831941207727,1.7955579023284518,1.7889411710452197,1.8013887120488778,1.8066511843603523,1.7675986662602838,1.7787519574829604,1.7780729967332385,1.8192336510782896,1.7887878598420068,1.7850660125712654,/bsuhome/jessicagronniger/scratch/6625_Illumina/6625_184_S186_R1_001.fastq.gz,/bsuhome/jessicagronniger/scratch/6625_Illumina/6625_184_S186_R2_001.fastq.gz
PMXC7.NS.CR.B.VT.REP2.T7,-0.0,-0.0,-0.0,-0.0,-0.0,-0.0,-0.0,-0.0,-0.0,-0.0,1.7684202770812714,1.8860847874148257,1.8262780148205375,1.8262248696401049,1.8593411366969408,1.8926276064225973,1.7410485759453858,1.946429365311556,1.815922369019773,1.851587413562462,1.826437577421924,1.8212651953394776,1.817351744140252,1.8187120385095,1.837346672455032,1.845990688067069,1.8785201345805431,1.8251208420667004,1.851526315036452,1.8483931567891183,1.8267013882638272,1.8843787549469828,1.8378855587973384,1.8159331888876076,1.827691560596786,1.805804368958208,1.8215788825028372,1.8261623312906052,1.812329883039755,1.8415091000676171,1.8273774414899608,1.859275044228342,1.8189345199980311,1.8524005967131971,1.861483470235148,1.8410680124466168,1.852347584601796,1.84973631629532,1.8111596655040676,1.839365924522934,1.831434524998493,1.825415253192349,1.829072078052273,1.8280571426988728,1.8274036230705315,1.8555837338112569,1.8338069299793447,1.8183134176796385,1.8297546226874724,1.8453384854955528,1.829374085790844,1.840044666035848,1.8179038098849551,1.837846484311826,1.834149205723547,1.8396081545933456,1.8469334494232537,1.8212407758327047,1.8206480804920355,1.8317635076013492,1.840399988810152,1.831570123211162,1.8370822253767336,1.843416891865564,1.820183170414285,1.841726251278689,1.8434917242097155,1.8489813311905792,1.8565349527049937,1.843195827308016,1.8414390993098,1.8327654126611528,1.8561058724244928,1.848447025067699,1.85058694470424,1.840320187958069,1.8372477069507265,1.8662256221967344,1.8254485355525072,1.822449878429832,1.819315401641636,1.846139667827082,1.8229329197073008,1.836864720911607,1.8148189723474333,1.8466245037915212,1.8277711368615868,1.8261345864868412,1.831620226514321,1.8435204688929712,/bsuhome/jessicagronniger/scratch/6625_Illumina/6625_088_S88_R1_001.fastq.gz,/bsuhome/jessicagronniger/scratch/6625_Illumina/6625_088_S88_R2_001.fastq.gz
PMXC7.NS.CR.B.VT.REP3.T0,-0.0,-0.0,-0.0,-0.0,-0.0,-0.0,-0.0,-0.0,-0.0,-0.0,2.293273970781203,2.360147182440201,2.2974034778556525,2.29454752968968,2.3782825104186096,2.264783848435905,2.299362645085377,2.3273947957667565,2.2706590692729547,2.350143592869306,2.346230206572932,2.339278688944234,2.2879872654431104,2.308300965714107,2.310802140510776,2.337662229813602,2.3223524480612787,2.317567661062875,2.3087676088926696,2.361582698244989,2.35893892561864,2.30772325046627,2.286579526305056,2.3384120854726094,2.2977821472327977,2.3243165224242843,2.3108315692463,2.352191135271576,2.317378250463411,2.3343699021705357,2.297727294515985,2.322653564238313,2.344852964998182,2.3294108159295184,2.3326134514288213,2.3365396817243216,2.3474159385097035,2.3663892586488617,2.30357576891278,2.3470992686398118,2.3214824345488863,2.3259104138638023,2.3518878229549176,2.3320563877399434,2.308770210794924,2.3014964612179685,2.322052771367351,2.3580325798839183,2.3124014512037787,2.351530364506361,2.335168488499729,2.330149967945745,2.341135217585525,2.3262915687204657,2.307843648182459,2.3337534293482123,2.304645918628996,2.3270156152273875,2.3068262507151407,2.312688250216123,2.3324688915749032,2.320753542857497,2.2975257041893147,2.3160188716674046,2.3092225323375466,2.3140644259875023,2.3374959665543367,2.3247864865382004,2.322595798883916,2.3305036788603632,2.318287228500388,2.311827575187104,2.333965130095242,2.326383478169421,2.3353739546162555,2.332885187408648,2.339834743903292,2.325860229722848,2.3479623171955475,2.289530577433446,2.3302655513124737,2.316415493541129,2.335377366174584,2.3223643747800296,2.301743370259178,2.334494409014372,2.325765200918112,2.324944594798526,2.3299738085535227,2.3107150887940007,/bsuhome/jessicagronniger/scratch/6625_Illumina/6625_041_S41_R1_001.fastq.gz,/bsuhome/jessicagronniger/scratch/6625_Illumina/6625_041_S41_R2_001.fastq.gz
PMXC7.NS.CR.B.VT.REP3.T11,-0.0,-0.0,-0.0,-0.0,-0.0,-0.0,-0.0,-0.0,-0.0,-0.0,2.1266403522822808,2.090990812771922,2.120612988432502,2.12774604753996,2.141041974986168,2.147855235538988,2.09800001265108,2.164932250864529,2.049960686731507,2.1470497981988834,2.1369305529696563,2.1282180455241693,2.1718036889786965,2.199982645470523,2.134999614416889,2.140946206806982,2.1331899068991027,2.142463197788284,2.153117308546844,2.1564257757962846,2.140672128860123,2.1344272301422818,2.145160829594656,2.1266184790116927,2.170157355461771,2.106936131510964,2.1100553255471945,2.148867897975403,2.1089953384034694,2.131352117784077,2.161195130232978,2.1516345303361293,2.115241834191179,2.1456870943002344,2.1460694993272984,2.174384097861106,2.1621805185020877,2.1649208963605915,2.1513557384330744,2.13958285301733,2.1656584761714743,2.159638345289866,2.135913167781558,2.159548590477251,2.147199313920757,2.1545382584494304,2.158156514246145,2.132452063846176,2.1403546642890503,2.1243056631484603,2.135671796957108,2.160817796273499,2.1503067020960183,2.1609191815511912,2.140783074731803,2.1649508642257502,2.1477823298041288,2.1405834377587625,2.0947977806713767,2.146013250627473,2.1509609133252297,2.1538986895238863,2.1619148284668346,2.155496615426942,2.1402656629344823,2.175394605818391,2.1705720480145065,2.140186651960019,2.1606701156020978,2.163910428558181,2.1521741171260067,2.1525235055411263,2.140593470854625,2.157994352496828,2.149075354366075,2.149457038504464,2.1340161844824657,2.1325070467930183,2.1362431574310654,2.155859959496734,2.15808509096536,2.138918679728562,2.14897379761642,2.1632627845613657,2.13924498842089,2.1516531265561483,2.1390770779807973,2.173605489482268,2.151741898592656,2.162936161947976,/bsuhome/jessicagronniger/scratch/6625_Illumina/6625_137_S139_R1_001.fastq.gz,/bsuhome/jessicagronniger/scratch/6625_Illumina/6625_137_S139_R2_001.fastq.gz
PMXC7.NS.CR.B.VT.REP3.T12,-0.0,-0.0,-0.0,-0.0,-0.0,-0.0,-0.0,-0.0,-0.0,-0.0,1.9053467755394584,1.9361526602824604,1.912865919340171,1.9416820875459384,1.9611360194663503,1.9127753611295637,1.918458460287749,1.908063466989525,1.858528867047552,1.8939039089159144,1.869911413991888,1.9208732894996208,1.91150365785652,1.9021670412456493,1.9686934734575252,1.9228679240194413,1.928507117738794,1.8594201980511893,1.9139759714536704,1.9214586453495364,1.872442002237316,1.888903546034924,1.9207350468109088,1.893833898017865,1.9074809092685077,1.9150475212162992,1.925972461494724,1.931823262177014,1.8969191087872397,1.9094747641932923,1.907741928961295,1.8742754396638424,1.932181370121658,1.8988772791165007,1.8761434826934045,1.9012658205481496,1.8984480612758832,1.918719062154023,1.9184887974925144,1.9042524575012207,1.9087194131719671,1.9385544362010971,1.9057088831853035,1.9053422975876677,1.9037718337792664,1.944563538365318,1.8883679995854383,1.899251531016968,1.9151678273432204,1.9136303360925304,1.940995389689812,1.914936348127139,1.94050436067892,1.916716751848285,1.8824439991873836,1.9026692378276544,1.9164238222063688,1.9235487438261485,1.9306532935128804,1.9022048284779485,1.9208717865762488,1.901191996983092,1.913983254871159,1.894044279837085,1.911698928502574,1.922839960514184,1.9143050734023517,1.9231235300178484,1.925034123605127,1.921480249607007,1.9201011160749888,1.9035746628430372,1.9313969938151885,1.9140891420690085,1.925433850303159,1.925870270609637,1.904844770791121,1.899910803504757,1.9372202956270368,1.9018735461336889,1.920139978433975,1.9092788572745367,1.912535715164384,1.9085111047029228,1.907228292852272,1.9114836916692628,1.8919410445578928,1.9233867667193807,1.910207348923156,1.9075394008719304,/bsuhome/jessicagronniger/scratch/6625_Illumina/6625_185_S187_R1_001.fastq.gz,/bsuhome/jessicagronniger/scratch/6625_Illumina/6625_185_S187_R2_001.fastq.gz
PMXC7.NS.CR.B.VT.REP3.T7,-0.0,-0.0,-0.0,-0.0,-0.0,-0.0,-0.0,-0.0,-0.0,-0.0,2.52431060239338,2.533875893292652,2.527345422137024,2.547734844240789,2.5037408182736693,2.516791366783672,2.5221022105310835,2.519269281710822,2.545002313972421,2.547464571563695,2.5287813287883782,2.506836308527424,2.4983072535987856,2.5049499470258807,2.4883962968309743,2.505008070599536,2.513816307670874,2.4861457701828096,2.4702221413807504,2.4827859124509817,2.5178714992246385,2.470990222459115,2.483408335259523,2.512964478857186,2.492791525438361,2.470143061662286,2.4883967029145846,2.5057408415834117,2.484405338201203,2.4860820992711297,2.5062469871538933,2.511382359935205,2.507466451663701,2.488895527728602,2.5124441216123845,2.5077714822147583,2.4705268426062545,2.491226799687545,2.522844275661184,2.507247037057971,2.502657789613303,2.495160679238499,2.5056608968665603,2.511037528857369,2.52397257421017,2.519027592856305,2.5094722130810827,2.497747658906265,2.5081956211368928,2.497000029203904,2.513199103988637,2.5060888085794466,2.503366425621933,2.4990746713566736,2.531847273216811,2.488134369274405,2.484815269110395,2.528288289286776,2.508877774122661,2.5179050250773685,2.507188868639289,2.5227105632989764,2.479301604585254,2.5003128116146502,2.520205224262452,2.5143318632302067,2.4905329591624006,2.497263665964472,2.509585121164928,2.501298310124619,2.501127934579426,2.503881941694144,2.5031584283168105,2.506762052093929,2.4927349128289777,2.514327346299658,2.5123582946502974,2.5140951511824343,2.487718265809108,2.512074697902264,2.4819668450611987,2.482732104563978,2.489291002430088,2.50849502120124,2.509675729104844,2.516574583125633,2.5183093203281977,2.498792649985175,2.5116711781146748,2.5014551940017737,/bsuhome/jessicagronniger/scratch/6625_Illumina/6625_089_S89_R1_001.fastq.gz,/bsuhome/jessicagronniger/scratch/6625_Illumina/6625_089_S89_R2_001.fastq.gz
PMXC7.NS.CR.NB.RT.REP1.T0,-0.0,-0.0,-0.0,-0.0,-0.0,-0.0,-0.0,-0.0,-0.0,-0.0,2.8311181261556886,2.851804005506604,2.834107915072394,2.816968589664323,2.8285675530333543,2.792312622167245,2.8442839441418597,2.82916306420869,2.80570280594802,2.8257954213418253,2.8272731894794325,2.8410004333486065,2.849238004500992,2.7992620980227576,2.881403105342792,2.827632137075412,2.851228475586964,2.771876277745038,2.869282835188296,2.829171811562493,2.827105563674752,2.8216512767685877,2.8244806503523883,2.8722300118546165,2.8287770308587583,2.783298278431206,2.817568992707336,2.835914208970616,2.8454290015631374,2.814312656954398,2.83409024481158,2.833561646928477,2.813104745015303,2.8548050860450074,2.899196430322561,2.8326448839592704,2.814114692104798,2.8554739574845853,2.8372507799734827,2.8436375006762256,2.839515205571936,2.8046078654004547,2.802366444396783,2.854861470559816,2.83328655804836,2.884744999984573,2.876715700313419,2.8334082162453527,2.8186060397773502,2.8149928351006017,2.838592420428395,2.8221403378936056,2.846968641893543,2.8376361547633597,2.870974292496367,2.84090551834086,2.816450702054436,2.8023158182049137,2.856098205598708,2.825040692081621,2.8541717488421057,2.826404888909392,2.8332332366530784,2.8259040455692555,2.8492908070935736,2.840297018589711,2.8397918514593545,2.845678096106641,2.81592360756836,2.8341694547702567,2.8418505649692984,2.838865671763485,2.8487041617557214,2.83989235799398,2.821403913319541,2.826068223978858,2.842711372527193,2.8442799308032094,2.8380853390196643,2.8130243795199257,2.82968881894649,2.8194778786459995,2.8371644915914214,2.82221486140526,2.8292668897757816,2.8539980242858736,2.839620539310808,2.85734911204828,2.8175690346569784,2.8210672426768184,/bsuhome/jessicagronniger/scratch/6625_Illumina/6625_021_S21_R1_001.fastq.gz,/bsuhome/jessicagronniger/scratch/6625_Illumina/6625_021_S21_R2_001.fastq.gz
PMXC7.NS.CR.NB.RT.REP1.T11,-0.0,-0.0,-0.0,-0.0,-0.0,-0.0,-0.0,-0.0,-0.0,-0.0,2.405478061808584,2.451710367900871,2.509553761127208,2.430292884542877,2.4760912948896103,2.4807818996266637,2.4240279382523027,2.4592877575219254,2.518539847865972,2.5454399743233096,2.4402187182574444,2.459163780198959,2.472294689264311,2.445014451146532,2.464469945190408,2.453781369107781,2.4692258104697347,2.446349336059748,2.4552695039340127,2.431949242665075,2.447562707498133,2.496500471658305,2.489686315098584,2.4602157472418646,2.4803287442270667,2.474016584576422,2.4878966835016403,2.461170861951741,2.4800250299911486,2.441829826495907,2.464057616501964,2.482691818212732,2.4713445876134017,2.4363640271815044,2.451733474984597,2.467858202078179,2.4867252617774773,2.4547123033872427,2.445730488966264,2.477354900406357,2.4824705388493444,2.4824017737663264,2.478403408784028,2.463421531043453,2.464892010986951,2.472134494510303,2.474634269940999,2.479288230971788,2.48213710923158,2.4536803587436258,2.4611646058796737,2.448344699335378,2.466269106263794,2.469427177488741,2.473948512527842,2.470702396780538,2.456405543261342,2.4321308870903224,2.47263993768687,2.457541183195198,2.466875551608053,2.46160384214165,2.4722003711001364,2.4757345261804464,2.4585820470663897,2.4771625899563894,2.469545967289563,2.46349132868994,2.4715407788144974,2.4744445027239177,2.455519316743159,2.477358540497375,2.461556005460122,2.46091801520819,2.4591619749186764,2.446348368698558,2.492489470166832,2.4634961518947693,2.4735159250831837,2.4719656589338403,2.4681588589188563,2.4684241584626787,2.4761810558765527,2.473916333875291,2.4678578867667,2.4714741372653264,2.467053518060706,2.462548184517478,2.474027210781031,2.457353362823187,/bsuhome/jessicagronniger/scratch/6625_Illumina/6625_117_S119_R1_001.fastq.gz,/bsuhome/jessicagronniger/scratch/6625_Illumina/6625_117_S119_R2_001.fastq.gz
PMXC7.NS.CR.NB.RT.REP1.T12,-0.0,-0.0,-0.0,-0.0,-0.0,-0.0,-0.0,-0.0,-0.0,-0.0,2.6452224259071517,2.653205678793068,2.606288347402673,2.6618862252974065,2.5475442916119846,2.605890996940595,2.6154115669653155,2.5520240931477907,2.620279248422815,2.569003630264555,2.558437486938019,2.575053124055977,2.5802816153620864,2.581679842396301,2.5607127949463786,2.585255566582433,2.568971373009165,2.637193621997401,2.5693726687199923,2.5910600822117256,2.597396401656304,2.592205996280981,2.634190465447297,2.574169294911971,2.5754916971436024,2.622405500895696,2.605664269648181,2.589243273113014,2.6117032655556605,2.594525055093391,2.575331164610648,2.5960207180999246,2.6047593098983968,2.5828798993950417,2.627284690782305,2.5941062836557367,2.58865182432309,2.5779875828451337,2.583792375262118,2.562884274710254,2.628727972555189,2.597326836244118,2.60498722748751,2.627058579593341,2.61373446523903,2.5923496655771974,2.5935469389766665,2.5962542067315044,2.6127885009115275,2.5752669063228115,2.596125586806096,2.611694437095256,2.596309943454683,2.589986417379265,2.5679479580179345,2.589062249773786,2.609228083108152,2.615071050758631,2.6334975133082383,2.605653807416664,2.5925156743588413,2.587192484955801,2.604327049504709,2.624363260278721,2.6215741659083984,2.621176780564562,2.6083750749602284,2.60450649574492,2.583148492904589,2.59727693340451,2.6076382448833444,2.5981648563206305,2.579531008614727,2.5824310840708176,2.6146843001051048,2.5986955789379644,2.601812249148383,2.5834005296579323,2.5958828778970378,2.5838996556124334,2.5891263849079995,2.6070428610238885,2.6008169426521057,2.602362715642921,2.5879422573761253,2.5894973457242947,2.5848429995782225,2.60998418980158,2.5821073596774173,2.596292167874676,/bsuhome/jessicagronniger/scratch/6625_Illumina/6625_165_S167_R1_001.fastq.gz,/bsuhome/jessicagronniger/scratch/6625_Illumina/6625_165_S167_R2_001.fastq.gz
PMXC7.NS.CR.NB.RT.REP1.T7,-0.0,-0.0,-0.0,-0.0,-0.0,-0.0,-0.0,-0.0,-0.0,-0.0,2.4500325814661825,2.406339214244149,2.4130747875494096,2.381668131167617,2.382344615126267,2.414471535726146,2.413287736977009,2.425303402785533,2.39926830057952,2.416551942991087,2.4155378744973226,2.423670577091215,2.424193898451453,2.425933750127116,2.4078004297202438,2.406084204764216,2.414009750444124,2.4151546230585472,2.4175175824730446,2.4175699920360643,2.406754967296896,2.442618167379749,2.4162338813197333,2.407710389875689,2.4445248391959304,2.413688798517238,2.4316636550314064,2.42518090790705,2.420313514559117,2.404142104768096,2.435919606084094,2.4391423970861306,2.4096831249394906,2.434128700448432,2.427795945863252,2.422095104741061,2.396406692326964,2.417520510765466,2.425226415882753,2.4215509247644333,2.4062253496307267,2.397635891637212,2.418862256324292,2.4111153327343127,2.4016383051557195,2.401727283828427,2.418782274659513,2.4239037393657608,2.411977868859136,2.405363755151038,2.425931323064259,2.408266526877437,2.426023186599521,2.4206086680938745,2.429491857005306,2.4210390899149408,2.4335484078137006,2.42597092422731,2.414181399825538,2.4067171519667725,2.4318171994324604,2.420225010125107,2.4213443073908567,2.430825033161958,2.411041459615754,2.4060694050686973,2.4077661701715747,2.427158876204236,2.4279885605888416,2.4214409659913203,2.407652626669341,2.4243036665929965,2.4154885581705594,2.4160698304418884,2.420264284848696,2.4184119473595787,2.4266901729566697,2.4269751619191062,2.421973500108197,2.4141951687377903,2.416185489564615,2.4211945641732457,2.426845339805797,2.41482084864836,2.4307213116290383,2.420068938995943,2.4227280630685,2.424403790017196,2.419621043073726,2.4279387628461544,/bsuhome/jessicagronniger/scratch/6625_Illumina/6625_069_S69_R1_001.fastq.gz,/bsuhome/jessicagronniger/scratch/6625_Illumina/6625_069_S69_R2_001.fastq.gz
PMXC7.NS.CR.NB.RT.REP2.T0,-0.0,-0.0,-0.0,-0.0,-0.0,-0.0,-0.0,-0.0,-0.0,-0.0,3.883366989152561,3.9097174332507056,3.913275567001385,3.8655430785936735,3.956272126998924,3.8945358338401097,3.978569277775735,3.903516551931311,4.053792442775054,3.913495255950424,3.9893763346983535,3.947148643960948,3.974446306944119,3.948648208417819,3.972035306817571,4.0117312445698445,4.047721654861249,3.956613444547089,3.901154572323202,3.895192961412704,3.965527004284741,4.002981184734486,3.9630915949732,3.9898888053591617,3.959184052583529,3.96416388719324,3.9326057722004863,3.936756380104279,3.9806815420380346,3.958870011180492,3.9512472447866216,4.032567347057144,3.987266722699091,3.973587248840401,3.8924502611060703,4.012881768066957,3.998074183899194,3.9629051477050665,3.997816062695092,3.960918307049102,4.03222766245724,4.030109564957647,3.984365882520114,3.965391032734057,4.007736197703792,4.035819938116211,3.9819421259932257,3.9874790564299607,3.991341203824348,4.027766306097802,3.9830881911698617,4.011895129231034,3.990714971672599,3.927765446956217,3.98632588378764,3.967127965225699,4.006995835806037,3.9858060273840006,3.980341657399776,4.04723235361207,3.977213195019736,3.967341619940501,3.965419245703528,4.005728355844344,3.9871023899670304,3.9866614442252826,3.974538700723929,3.9831435713243546,3.961323496765443,3.964749564129381,3.997801750965383,4.040959021583622,3.976403400131174,4.002204710682059,4.023242951689984,3.9942054779316183,3.9745167790360263,3.981096542727696,4.009603603565086,3.9874473450586287,4.006310659611665,4.015634218999781,4.022532221927256,3.9817743737059503,4.00397994919128,3.992629161951205,3.980619464011079,4.005927260182063,3.952078342537828,4.008350461414755,/bsuhome/jessicagronniger/scratch/6625_Illumina/6625_022_S22_R1_001.fastq.gz,/bsuhome/jessicagronniger/scratch/6625_Illumina/6625_022_S22_R2_001.fastq.gz
PMXC7.NS.CR.NB.RT.REP2.T11,-0.0,-0.0,-0.0,-0.0,-0.0,-0.0,-0.0,-0.0,-0.0,-0.0,2.492801292505068,2.529383390076656,2.5029333692412195,2.4895829206991955,2.475368478036456,2.497740015380187,2.492033885117906,2.512333849923084,2.5037788971961303,2.4886128675393504,2.4965158056129457,2.495356870819916,2.497307655700466,2.470202331070312,2.4958294097571527,2.5005046950457275,2.47009223350908,2.5005828933357197,2.509390682795538,2.468689767157533,2.477010699119838,2.506737286959864,2.5174776229293605,2.501073858841356,2.5031299102291467,2.49225996887693,2.4798990277126225,2.502796071345612,2.4932136509078524,2.464397730260919,2.476698017413152,2.50140566420126,2.508168359404442,2.492072070048557,2.503028168890764,2.4532230411569755,2.490852077652043,2.5038505096541623,2.4941449351622027,2.474500599986284,2.4879482215279043,2.4838393025619543,2.5180494069006616,2.5029128469531834,2.504868017306399,2.4974693333346893,2.4915903813489364,2.541533982336173,2.4805544795122265,2.4920517502093373,2.5143254151662227,2.509928451265617,2.504287498536947,2.4732092868314703,2.47294008449379,2.493673488562372,2.508155129088391,2.495682931804364,2.4855277626310506,2.4928832695120136,2.4972694143182244,2.492485794420752,2.4962979176694744,2.497616465721309,2.506329283470748,2.500505733367614,2.4983148189385718,2.505620030930172,2.496139294838183,2.5072452314498803,2.5064229237322246,2.4955386079844817,2.510870558449132,2.493495610065312,2.5072373991311787,2.512189206770466,2.483215356167904,2.49979709426693,2.462719588036339,2.4759888498795224,2.5361374017864784,2.496653943095464,2.5036184951663527,2.507118798859235,2.5029759407532763,2.506561254184185,2.4882518749241807,2.489106998668668,2.4945725205594096,2.493053818914483,/bsuhome/jessicagronniger/scratch/6625_Illumina/6625_118_S120_R1_001.fastq.gz,/bsuhome/jessicagronniger/scratch/6625_Illumina/6625_118_S120_R2_001.fastq.gz
PMXC7.NS.CR.NB.RT.REP2.T12,-0.0,-0.0,-0.0,-0.0,-0.0,-0.0,-0.0,-0.0,-0.0,-0.0,2.411620644657813,2.491273967230242,2.469819311212318,2.476055973569083,2.4991213037484816,2.45948522702068,2.486225613714989,2.5426769178691995,2.4316923281037077,2.424254547389173,2.4621814423739417,2.4257765660167,2.484743756365984,2.482899498050129,2.4607614955764445,2.4877878103766853,2.4516851001559585,2.4775378750068047,2.500501473839867,2.4460265112234483,2.480594269145416,2.481552503524457,2.4642797845269278,2.515717634396042,2.523433121996687,2.4886185240940795,2.4854320339727294,2.4715308618487626,2.4565138939983084,2.4608763777581872,2.4750596151741044,2.456007471399936,2.483299237855152,2.469305426208296,2.469931659669548,2.4617980219962394,2.488550795634498,2.4882210053846414,2.47049158479256,2.501561330443043,2.489797951693594,2.4965060306054028,2.48595526175673,2.4588529667529757,2.500445964988697,2.4762691299694604,2.444495286922012,2.474067409899108,2.4756105642621744,2.5371078297817675,2.473570413314919,2.462148327181836,2.4720540656762204,2.472124359323776,2.4990343100916057,2.489348099368068,2.4999225640924854,2.466560177601334,2.4852196181814654,2.4597355154490663,2.469727923556191,2.484807851987744,2.4943621921122108,2.482527172153508,2.4701888694131595,2.4910502188675583,2.499086201016784,2.4728377260355807,2.4965246276826285,2.491304655019002,2.497791831544676,2.4848948217822766,2.48728532626075,2.4743181703735257,2.464030822001463,2.4848444431183783,2.505259068312845,2.4776033620200093,2.4839926298336525,2.493908156585768,2.4823271408830947,2.4601514119398247,2.4678946074606416,2.47792935950041,2.4782631832661464,2.4964070648732046,2.4782822234013904,2.4676846457252024,2.4700720837745536,2.4624427393336727,/bsuhome/jessicagronniger/scratch/6625_Illumina/6625_166_S168_R1_001.fastq.gz,/bsuhome/jessicagronniger/scratch/6625_Illumina/6625_166_S168_R2_001.fastq.gz
PMXC7.NS.CR.NB.RT.REP2.T7,-0.0,-0.0,-0.0,-0.0,-0.0,-0.0,-0.0,-0.0,-0.0,-0.0,2.439288719486413,2.471504504167369,2.523266124501188,2.460464346853915,2.4622918322769487,2.438019418196455,2.504094505913907,2.4603149126512696,2.513869916529162,2.4663604277208084,2.507965961044865,2.528630785811538,2.47036580597425,2.458915482830153,2.488499352071092,2.508665867535199,2.4760040648503123,2.5006725449373457,2.4883438106383022,2.4536868906713445,2.5137255631204494,2.511279020231943,2.4691128058019243,2.5173866505067948,2.471856826050391,2.4823491392385377,2.491770084614699,2.474127026301852,2.47394004040957,2.487560910390392,2.48539933991599,2.504187361211756,2.515633527111949,2.4833778277895977,2.482147609542749,2.5277585971597807,2.514982193819017,2.496110436181396,2.5196991784097738,2.502867527409929,2.496125441169487,2.5104049684131,2.493617065582204,2.513290813898412,2.499189250364564,2.507544169419908,2.512452617589968,2.5000814178413227,2.499147339483212,2.488250214146828,2.5029829365181864,2.50334011361572,2.5081347166395327,2.51882961155489,2.494198485950626,2.514441953021696,2.4962984903377774,2.5197563151642823,2.4969360184578524,2.5081464260205726,2.490133900838624,2.507790691435668,2.5243570271350704,2.507996150811638,2.5056535613207056,2.4958588015455203,2.520369987407623,2.5098129141492853,2.519918942777463,2.515520010304713,2.4985070417199324,2.523538924037505,2.51452958222498,2.5073321116033243,2.4954089054559683,2.495785112783952,2.5115548887314967,2.5284624032929943,2.5041845773485085,2.507973367258616,2.5205259627738275,2.513185795776812,2.5202175833178284,2.513675324815104,2.520251787511374,2.480079724429592,2.522081281059774,2.5142096088047703,2.51614833515698,2.528853047651243,/bsuhome/jessicagronniger/scratch/6625_Illumina/6625_070_S70_R1_001.fastq.gz,/bsuhome/jessicagronniger/scratch/6625_Illumina/6625_070_S70_R2_001.fastq.gz
PMXC7.NS.CR.NB.RT.REP3.T0,-0.0,-0.0,-0.0,-0.0,-0.0,-0.0,-0.0,-0.0,-0.0,-0.0,2.72485278028292,2.82773565111997,2.7589500241991307,2.777517841764344,2.793283370534985,2.798797332204023,2.7649146166009198,2.8347768035852323,2.6508494186478475,2.815688459446287,2.763206390781286,2.797883143766365,2.760833695292193,2.807867027477755,2.7871338111911905,2.7930743647303653,2.8169222054113705,2.803717295899074,2.77866247340022,2.7987355856539344,2.831949930443204,2.772150001375663,2.79533948667176,2.7874948877844807,2.7818817717455957,2.804238380151845,2.783262506574956,2.804665760732492,2.844945248477259,2.7822235030658127,2.802185342032256,2.766902092187693,2.7839890127060998,2.7802783032465324,2.8336243981699307,2.773901486564706,2.809055768995093,2.7903755176567957,2.826109460735612,2.805290124492261,2.8148548853158872,2.8453227716339,2.778331511041884,2.78681373829277,2.815680099019511,2.827870044041452,2.8448353898118444,2.783972038707348,2.7903629424326017,2.7981275049446133,2.7716152264719893,2.8109823336386963,2.796743147773166,2.815180523881971,2.800811083891042,2.7778207209639425,2.8505378034827937,2.797920633319964,2.807646418068171,2.821275187559061,2.779586474527639,2.774875239281089,2.807611094373139,2.799457039548544,2.784221484378529,2.81251797449192,2.7824866289750108,2.7754442442700933,2.8026430848746373,2.77537505579878,2.8031291530046487,2.814937995238846,2.813319434473669,2.818166397010268,2.796985365730083,2.82292592984182,2.7948425405556625,2.8089986830018554,2.8047725854352468,2.7877155977764323,2.7787579295427958,2.8149929475094666,2.8137558485953846,2.798668553164179,2.8145511553018925,2.792363002936569,2.809861296886038,2.8025448156424644,2.7979908698052016,2.7959626727288973,/bsuhome/jessicagronniger/scratch/6625_Illumina/6625_023_S23_R1_001.fastq.gz,/bsuhome/jessicagronniger/scratch/6625_Illumina/6625_023_S23_R2_001.fastq.gz
PMXC7.NS.CR.NB.RT.REP3.T11,-0.0,-0.0,-0.0,-0.0,-0.0,-0.0,-0.0,-0.0,-0.0,-0.0,2.4263711785309843,2.432685342652433,2.360828245936638,2.398581756259415,2.4190773323524883,2.388824300665481,2.3950872210825502,2.421167381831141,2.3873718703437263,2.3302651308282774,2.449391445395903,2.368867325152573,2.3919684990603174,2.3934199772409124,2.4243295017283804,2.3828717356077336,2.409985387621898,2.393347777593073,2.391785315385393,2.313754864074849,2.404965970167728,2.3962193446455213,2.413556417711987,2.383023062412538,2.409446944549529,2.396810322051594,2.404597037769563,2.4043979073020383,2.3847819345578127,2.3938491781183826,2.4324056812240262,2.410649527592086,2.392656381690316,2.390495575221359,2.4124871271967523,2.4239440479757133,2.4039917079203623,2.38326507111148,2.402974461410239,2.4118757898699728,2.390613299673859,2.3852122006202303,2.4151730300201626,2.408529905188219,2.427178495101756,2.41169212067864,2.4002391655784194,2.4245804386452727,2.4025415031116646,2.405648036624179,2.4181834606079677,2.3945846511133646,2.41727581868864,2.406527978640583,2.4046962840973363,2.403934888992097,2.398712896225331,2.3959446652245155,2.404567112824261,2.4500889742061887,2.4050933036815034,2.420156661612066,2.4028070138551034,2.405071000830149,2.3951300741852557,2.403327840999114,2.409730629781605,2.382283523129861,2.401365615875123,2.402153906557784,2.4053267135684675,2.398992784306899,2.419486103200959,2.4155379140398114,2.3916404488834924,2.392228766808261,2.4085875235673724,2.394215402910943,2.409763712264453,2.3973440008634257,2.406293298226672,2.39403313985663,2.413884247446356,2.4205064638915936,2.396789623674086,2.401369883687753,2.3996218081731446,2.42059621407007,2.4117512737075333,2.406386991335597,/bsuhome/jessicagronniger/scratch/6625_Illumina/6625_119_S121_R1_001.fastq.gz,/bsuhome/jessicagronniger/scratch/6625_Illumina/6625_119_S121_R2_001.fastq.gz
PMXC7.NS.CR.NB.RT.REP3.T12,-0.0,-0.0,-0.0,-0.0,-0.0,-0.0,-0.0,-0.0,-0.0,-0.0,2.350937928474633,2.411923324816179,2.3760061014527003,2.3470883654125654,2.4192907170984284,2.3575776806747126,2.388504010657415,2.3762964638592847,2.3471696919706595,2.3601395938926446,2.341219284639602,2.35333926149493,2.401960388425296,2.359908543869984,2.344999769836705,2.387542968138453,2.440038955697622,2.3780315258727773,2.3734137407797067,2.3407489280194214,2.362756586521589,2.375631252767112,2.3983833766517875,2.3678679145030306,2.3874373145080514,2.3851115292369283,2.363997261033408,2.41156748796354,2.3662808397860777,2.3984785395502337,2.3870752181617263,2.352798588076581,2.3844025706831973,2.4010511252649285,2.413514528225928,2.37735971207261,2.3851613015506747,2.390259874842355,2.4212210059479014,2.3784384937450267,2.3676827685818758,2.383990324855968,2.396775907727697,2.3702275587873087,2.382556433852561,2.3584248230982734,2.361856919238458,2.36720684486195,2.395890586217306,2.3694953181872758,2.3913404271555567,2.357032656403704,2.4005352665633937,2.3870100188169547,2.405204727541414,2.3668220173181185,2.3861608807975454,2.365671507151473,2.37732737219188,2.3422998360620797,2.348607373544828,2.3976393863041148,2.3544258381676006,2.3966739535620207,2.368142601123208,2.376305812067054,2.3680138426610755,2.371967061797032,2.3796290066162737,2.3860576995008564,2.39642830207788,2.376055181338564,2.367465581548206,2.400638415846929,2.396301503719355,2.386622718325829,2.3866129378106127,2.368987886505025,2.391118111187025,2.3886449900953832,2.387429496308194,2.381552232649665,2.411881322022536,2.3787001281003697,2.387836598049143,2.389898862027152,2.375861755528128,2.3765066545800493,2.3789220931483097,2.387952150307827,/bsuhome/jessicagronniger/scratch/6625_Illumina/6625_167_S169_R1_001.fastq.gz,/bsuhome/jessicagronniger/scratch/6625_Illumina/6625_167_S169_R2_001.fastq.gz
PMXC7.NS.CR.NB.RT.REP3.T7,-0.0,-0.0,-0.0,-0.0,-0.0,-0.0,-0.0,-0.0,-0.0,-0.0,4.031742523565414,3.9113045675932727,4.12961345894622,3.98105200128908,3.980690526548289,4.051661792464583,3.972156595156488,4.015871320069483,4.109749913820122,4.049039624754541,4.117111655797256,4.028659354240005,4.018085177297182,4.146025990468022,4.067841623852124,4.101846120084246,4.087697434272886,4.063089696342919,4.045135264758439,4.101295015008315,4.091622004426639,4.078048019241477,4.041976976028292,4.079005146887378,4.068859261919264,4.059490493631699,4.061473594830541,4.066418710411605,4.119685592470225,4.097887645994716,4.1053149396042885,4.0543032330798665,4.142035890066167,4.031778132111738,4.096275910907498,4.142286970178917,4.109286151477249,4.032362642846278,4.114037144739269,4.128054717278094,4.0956120953014965,4.150082821642341,4.092785239067802,4.150302632473585,4.101115107949253,4.150948359854962,4.117959062242029,4.0690248685012165,4.0769051575471735,4.134247229509474,4.126217014738441,4.141589372900489,4.151842802125159,4.115300633016178,4.073728602137629,4.140340920063294,4.116024593154764,4.121875618946226,4.095793144777409,4.08142897400299,4.072419488116435,4.128784727358146,4.107782482534518,4.138000953698945,4.081118987570935,4.117516482927491,4.126865342861005,4.096642083572935,4.1236701640220685,4.0865719222489005,4.113902120852116,4.129235268745207,4.125956256745533,4.123385450061674,4.1221675567175415,4.106273544334534,4.111541070463155,4.138538611103755,4.10340802231989,4.157967917526061,4.13553676792935,4.098648337507577,4.119258520961987,4.145587984802731,4.1291063538572015,4.111378359073241,4.127113510956602,4.073170641707724,4.118792328836197,4.114445419746955,/bsuhome/jessicagronniger/scratch/6625_Illumina/6625_071_S71_R1_001.fastq.gz,/bsuhome/jessicagronniger/scratch/6625_Illumina/6625_071_S71_R2_001.fastq.gz
PMXC7.NS.CR.NB.VT.REP1.T0,-0.0,-0.0,-0.0,-0.0,-0.0,-0.0,-0.0,-0.0,-0.0,-0.0,3.162350735530238,3.168660886264797,3.1964666403997093,3.2414243089796733,3.095900737126681,3.125382597939605,3.2715919680924883,3.2167491322595896,3.137537772637108,3.189478231445907,3.1347846530302395,3.1595569902044365,3.151370573372844,3.190221800960796,3.1321330544825474,3.166310177478876,3.105995543786793,3.17703605501197,3.223447427177924,3.1510831157353643,3.181288076784532,3.1650298404529136,3.233920544388921,3.1764904031076457,3.154779843439776,3.2046337962762363,3.2172142580264804,3.204909930202414,3.1941265248420545,3.201322855032162,3.1707481361812317,3.2101712649341296,3.1682110614135928,3.186775093341215,3.20713456921212,3.169482134905165,3.1542698670515694,3.1871678431759944,3.1672421041775243,3.2423408086831955,3.1644592921915007,3.20646654161214,3.182913810639761,3.2023942781124446,3.200900051985493,3.225131479807437,3.172258311011603,3.1536287085458268,3.211417492714606,3.164204055526199,3.257765353161166,3.194666471258401,3.20568772766085,3.185127875436659,3.178574106624806,3.1724817039910134,3.1968334779570298,3.142294770885361,3.1910107140099973,3.2423172196688905,3.205872708327685,3.1948256801326567,3.16380333911708,3.230390769381746,3.1769358678722086,3.2367208351574157,3.175269826848917,3.203505040863968,3.1844452038880315,3.2111696312408324,3.1869494390811264,3.1899761209574176,3.187052301367708,3.187984539685972,3.1956613799225337,3.1751962634224205,3.2176744462271194,3.2013802606486936,3.2220888820640066,3.190354126038633,3.230643222356962,3.180551688463434,3.181888833566568,3.165679455510704,3.192379166276829,3.184406830880401,3.230258432724736,3.201224799717204,3.220809850997195,3.1830590839451016,/bsuhome/jessicagronniger/scratch/6625_Illumina/6625_045_S45_R1_001.fastq.gz,/bsuhome/jessicagronniger/scratch/6625_Illumina/6625_045_S45_R2_001.fastq.gz
PMXC7.NS.CR.NB.VT.REP1.T11,-0.0,-0.0,-0.0,-0.0,-0.0,-0.0,-0.0,-0.0,-0.0,-0.0,2.5756166992670475,2.656046716586421,2.6161702303094265,2.572834558164896,2.634898623328811,2.6533042023934508,2.639631268496974,2.630257280298697,2.6284633427669517,2.635764988581374,2.6625532534972525,2.6294125951816434,2.603827233002783,2.623610604055296,2.623887590516799,2.6322624273387567,2.6375336139520837,2.6148067594233955,2.640832296461435,2.586353370239069,2.60205756591996,2.6049967570894466,2.6175535147501807,2.610596174059391,2.6246145321044394,2.6483669764930986,2.616225132661359,2.600101271364005,2.6193773692984386,2.6210726919767904,2.64081065933537,2.6273862387703573,2.6171434048418147,2.614115987425875,2.6190850527655565,2.6361161682788974,2.622888634805473,2.613078321263868,2.632223387134176,2.6203671108768845,2.653096186634114,2.617960167892963,2.6223822680093885,2.645156726645808,2.63300988612337,2.632600092302636,2.64048426171052,2.6138682750872717,2.6197021547026256,2.6189327596948444,2.609108712034442,2.623686960074063,2.610800479143326,2.617585427087185,2.599759068517557,2.640260235297634,2.6335024926737614,2.6294480727242098,2.6060433974737767,2.634131632331831,2.6317940682690164,2.6269584342212835,2.6399894084527995,2.6104273544823178,2.6179031217755395,2.6183720932733583,2.62267462321038,2.6096146570102583,2.619342625372131,2.6251027582820115,2.603622467142563,2.6237110103003287,2.630404258254825,2.6257928064355163,2.6233566336337915,2.631810016837729,2.6225060980509656,2.616064007548433,2.6332819159162004,2.630132547105069,2.63833793572878,2.613340080399857,2.6404901563369134,2.622657629032258,2.6225069385685607,2.6322240051671937,2.6184372067317163,2.6267379031107114,2.634206428606096,2.619811482873536,/bsuhome/jessicagronniger/scratch/6625_Illumina/6625_141_S143_R1_001.fastq.gz,/bsuhome/jessicagronniger/scratch/6625_Illumina/6625_141_S143_R2_001.fastq.gz
PMXC7.NS.CR.NB.VT.REP1.T12,-0.0,-0.0,-0.0,-0.0,-0.0,-0.0,-0.0,-0.0,-0.0,-0.0,2.513819168368552,2.544228566716705,2.504178559143408,2.4426013253993086,2.548398368025417,2.4832127905913337,2.5586352550997558,2.5212203528225814,2.552895406318985,2.565417163295205,2.543632504535171,2.5411137929303136,2.501349474599043,2.5495118424668197,2.5254054071304366,2.545616736398909,2.4942307351256447,2.534647549198024,2.518146010959713,2.468174855011097,2.505372910222966,2.540031898805224,2.507864592510106,2.538304950077867,2.523561633312576,2.54034099986192,2.584722565260333,2.51608385411606,2.535779772315971,2.542312427640527,2.5206326020583374,2.516406812850703,2.5404832782875046,2.541241792242296,2.5374839991203806,2.539867702216448,2.548372676437355,2.5259673127746183,2.5454355218274864,2.541342334030571,2.5369733538288,2.545734943243312,2.517497165035419,2.540665799561228,2.552984395465088,2.497404072792365,2.5042273115834965,2.5532904505630087,2.546155305613289,2.52261902571396,2.547082341160379,2.547495096511865,2.5252234190523293,2.5388882337647294,2.5462478883987583,2.5519279336795586,2.5445503171227988,2.5538651686181217,2.5449795452518225,2.5251254968636663,2.555639126890524,2.507781558975061,2.5246213880225468,2.5353131998281904,2.5397065223701123,2.5468548861617624,2.537262769040062,2.530509741693267,2.5441969106479547,2.54686116838055,2.5582592369753745,2.535898947652271,2.534620948234544,2.533647320459377,2.545054152282926,2.5282137432059923,2.5357945588889224,2.535890307230889,2.5277632014363647,2.545739972581319,2.540613208299339,2.518517884242296,2.539726808707982,2.5410620933360395,2.5236371809441085,2.551211279940885,2.5346728340748435,2.533213469492803,2.531588531202894,2.52767629550898,/bsuhome/jessicagronniger/scratch/6625_Illumina/6625_189_S193_R1_001.fastq.gz,/bsuhome/jessicagronniger/scratch/6625_Illumina/6625_189_S193_R2_001.fastq.gz
PMXC7.NS.CR.NB.VT.REP1.T7,-0.0,-0.0,-0.0,-0.0,-0.0,-0.0,-0.0,-0.0,-0.0,-0.0,3.315689526672576,3.403917511819579,3.29309747023072,3.3234122551730727,3.3320618428440643,3.2997714781019107,3.3594162816209208,3.3089006392413056,3.3107770920897592,3.33106530944797,3.339057462870991,3.376219936118106,3.329309601502749,3.32629257593635,3.386901625986081,3.4032318485310764,3.3128203944929364,3.416650583454992,3.337403946414448,3.3330057541535725,3.446342509350542,3.363601669659364,3.332632922276653,3.3253790105568197,3.295494668835436,3.3335887273619917,3.3942436290002846,3.374073524223893,3.3122207803907906,3.374379511829219,3.361459474346708,3.3231373614831776,3.3859603577930906,3.350077115675276,3.331858289439364,3.3365464641487304,3.33383433143001,3.382220774935818,3.4020941434156997,3.317844042559046,3.3916110762216043,3.3525449032176664,3.3331479276962,3.3519205859675254,3.399555046234859,3.389786030345054,3.3700258852752323,3.3379071956180235,3.377250364500876,3.3574448593960504,3.375389568560735,3.3536206567328883,3.323740219556265,3.350792624929634,3.3727953744969543,3.3782897143403123,3.382193844906601,3.327591274894041,3.3340699502141766,3.370814939610318,3.3743850163514337,3.39187176031752,3.358602812265313,3.3538591280669303,3.362511136883372,3.383703531481732,3.3657786757505432,3.3577443983465147,3.3688604203933004,3.3712701341501514,3.3437626533349847,3.3621464083859585,3.341929879495823,3.347072296553321,3.3588526115367623,3.3193438670308137,3.3784608177155517,3.352193935823885,3.355329428815716,3.3385730078344755,3.347790098767441,3.335389011046953,3.3692705043863804,3.365801594702223,3.389194847370066,3.35558363699866,3.3626829539088168,3.3702798468683746,3.362906631239062,3.337086289377396,/bsuhome/jessicagronniger/scratch/6625_Illumina/6625_093_S93_R1_001.fastq.gz,/bsuhome/jessicagronniger/scratch/6625_Illumina/6625_093_S93_R2_001.fastq.gz
PMXC7.NS.CR.NB.VT.REP2.T0,-0.0,-0.0,-0.0,-0.0,-0.0,-0.0,-0.0,-0.0,-0.0,-0.0,2.948148025063236,3.103700100751841,2.9258418751631017,3.019042375509457,2.9766089066154358,2.892458505589848,2.988798917994367,2.8941553193088017,2.977797656215006,3.035211464110284,3.064820639280668,3.0847003543939517,2.9927202920583573,3.0361067328230247,2.9237555800784367,3.0301547325666545,3.012615298455028,2.95958134598035,3.0852952998604253,3.0319780281639312,2.9523619953119,2.998968037900913,3.0734664932907547,3.033415769273044,3.032759274382106,2.9906147918385413,3.019312119330041,3.004775271799192,3.042959113850217,3.0208617178993,3.041665467919508,3.022853029289302,3.0501053772084794,3.090155973905053,3.0050515103114224,3.043805540549211,3.055086743223459,2.996145407894014,3.0061833251270667,3.0817465663550143,2.9903604779410418,3.039070288556435,3.016213620770948,3.001592787607855,3.0118217541080785,3.026847074181662,3.0112514509796617,3.0424314591326,3.021135399242144,3.038681378941989,3.0085756915799458,3.0463758481354364,3.057370366796512,3.0154484598905924,3.035300185087772,3.0619522703679087,3.0568313994713754,3.0227234262174507,3.0227031649598013,3.0361011996322484,3.0347642856526447,3.020676491125162,3.025614371908763,3.035648373994137,3.03808928641774,3.0091423948338387,3.015708613066638,3.019094806822132,2.9998554024258874,3.040270987572309,3.0426830397578164,2.991094776978266,3.033547447943926,3.0562084482780785,3.0072790107462817,3.021071467172531,3.0340618412534432,3.020772473555809,3.045072366975592,3.035629780392512,3.047822610457722,3.0379023041568893,2.996663401319004,3.0334995091750194,3.0551539418029505,3.0163951249104244,3.01371435800075,3.0146364368035687,3.0501664695666477,3.057158976063341,/bsuhome/jessicagronniger/scratch/6625_Illumina/6625_046_S46_R1_001.fastq.gz,/bsuhome/jessicagronniger/scratch/6625_Illumina/6625_046_S46_R2_001.fastq.gz
PMXC7.NS.CR.NB.VT.REP2.T11,-0.0,-0.0,-0.0,-0.0,-0.0,-0.0,-0.0,-0.0,-0.0,-0.0,2.660165779499588,2.6760421186927204,2.690981333597813,2.6587453766732847,2.658483311516813,2.6203956117841942,2.681556014799832,2.65710173963511,2.7200984499321432,2.60805611999147,2.7070758299366813,2.6535710322640083,2.722846049730073,2.6430624795239166,2.673288373347206,2.65307697972328,2.6508303119391696,2.655064309776832,2.6975030484909075,2.6753588175167504,2.657038160018444,2.674655260671474,2.702709388646925,2.660552645111214,2.6643258429913312,2.6794196726177697,2.6799361769411565,2.6962557582210827,2.686614445665272,2.6486494145718917,2.672721537910804,2.68631631885402,2.6684256337193104,2.6973971631662503,2.690659898337599,2.680300486741196,2.6571074694185053,2.670730729901168,2.655565748391984,2.675620376641638,2.673952982942592,2.674977992931022,2.6718865998819274,2.6554752516114943,2.664452504278075,2.659835099076524,2.6768708331776785,2.671224707261073,2.6925122666569936,2.669815263756354,2.665793470236578,2.6922304261669256,2.672811535182752,2.6546296459973684,2.6525359043905787,2.661707824658748,2.659610032972519,2.660228620809636,2.6681252936300064,2.6491789708544715,2.670856313844996,2.6697073643413707,2.685322335239749,2.660991179350207,2.6610160075499323,2.6690288472621897,2.6869492873105902,2.667849362336228,2.651971320024247,2.6512880888476014,2.6750905408983443,2.660725577766056,2.658106399709427,2.664029250990863,2.679350278690381,2.6736589729469045,2.640262310173872,2.678175999019268,2.678117156969152,2.669729176555604,2.668459715305297,2.6638391350854653,2.6710079004088265,2.683837122686248,2.673387594506821,2.6750448867625733,2.669938313416493,2.680102867696609,2.6664274880010552,2.672175086442194,/bsuhome/jessicagronniger/scratch/6625_Illumina/6625_142_S144_R1_001.fastq.gz,/bsuhome/jessicagronniger/scratch/6625_Illumina/6625_142_S144_R2_001.fastq.gz
PMXC7.NS.CR.NB.VT.REP2.T12,-0.0,-0.0,-0.0,-0.0,-0.0,-0.0,-0.0,-0.0,-0.0,-0.0,2.562851504991096,2.576299508308981,2.5559194152602047,2.5286688704981426,2.5409499870049723,2.603916579051847,2.5576291631275154,2.4916390537819053,2.5282812280612887,2.543765472066837,2.541923107106275,2.5455550676555574,2.540207834609161,2.533534564305763,2.5379774280021614,2.5590857409227152,2.583467648254598,2.5570892748016893,2.5737147151995057,2.5782036184274792,2.554938486834598,2.593413418916533,2.555954112320597,2.5523099356401096,2.552810435486979,2.5801616855000065,2.562301446735576,2.576335690637844,2.5753524742264475,2.5507232621999325,2.544789187925775,2.563731989290367,2.5677771698214737,2.566453687429898,2.587370225846993,2.5560654177509905,2.5710500858559904,2.5980951866715567,2.586304160328652,2.56289928393273,2.562421307992841,2.567837759033224,2.556402082504273,2.564684321134402,2.5685949133462143,2.5573599866989603,2.5713688838868367,2.55660506096936,2.581577985417157,2.563330099077962,2.577781252460237,2.5837551590422367,2.5513240992816444,2.589234721504973,2.5741394865383427,2.563183275094975,2.572450548553157,2.572956919254137,2.583022511777499,2.5557727378899093,2.5685328690712628,2.58004548205996,2.575903653861961,2.5612465522594583,2.5808896445124825,2.5785263953454414,2.5610419754308107,2.564799967234718,2.574581907183308,2.5642400829822534,2.5657835880892126,2.5546200163526382,2.5799394057481595,2.5692507367363744,2.5773798536650343,2.576761546809188,2.595651141027973,2.566914042790736,2.581544698167205,2.538902703143049,2.561994693190538,2.5593945950943087,2.5567815665636644,2.554029239168534,2.551509463233768,2.5698607509797338,2.5642120636526573,2.581959620385481,2.582793632526677,2.5711168484006777,/bsuhome/jessicagronniger/scratch/6625_Illumina/6625_190_S194_R1_001.fastq.gz,/bsuhome/jessicagronniger/scratch/6625_Illumina/6625_190_S194_R2_001.fastq.gz
PMXC7.NS.CR.NB.VT.REP2.T7,-0.0,-0.0,-0.0,-0.0,-0.0,-0.0,-0.0,-0.0,-0.0,-0.0,2.69804054641386,2.6589060582513167,2.6524369730292428,2.68745604592733,2.688179846988348,2.6615857159789407,2.6918088924542656,2.660732407146009,2.691423284646792,2.671583869988902,2.6746072520603894,2.6643110985453777,2.6353169479651912,2.6827232511972987,2.6952225227160533,2.697304957540951,2.6800376855627994,2.6686641534971867,2.6910394210651387,2.7115028265203645,2.666571057510996,2.6679350654200027,2.663146321243786,2.680471901636557,2.7091054341205445,2.651517059598376,2.6650747339390284,2.6815269745438437,2.658328317575023,2.6620874729407173,2.662352874241876,2.6845477155374224,2.651110860629153,2.667171282617147,2.692756685743535,2.6742050813369342,2.699856961283253,2.674083591585505,2.680343904694149,2.681428846466805,2.6706198311345983,2.638197999514317,2.6557108505895606,2.683320840983825,2.691747285229972,2.6776536930987844,2.6741058820847448,2.6694196551002345,2.66932356078664,2.68848184603191,2.6819352402258407,2.6777834362377706,2.6774385879708604,2.695763638557757,2.671192113042209,2.6795839579799585,2.6961713680866195,2.675736312362469,2.66100220273154,2.69886511450274,2.7046244786721223,2.670981840369291,2.674874300168447,2.677895494772661,2.700695001454283,2.677616148583734,2.687098269569563,2.667871290652338,2.684453813213908,2.6656908672538187,2.681998893125328,2.66554562141957,2.657895723151407,2.668858975727732,2.676495678261196,2.68484566744676,2.687163580338993,2.67723660284702,2.678957916689834,2.6816829076535567,2.6654156741274244,2.6821401444432214,2.6797268868552484,2.657861003619821,2.681855016036936,2.695990847733344,2.6656727134924854,2.678204247202855,2.682009350018306,2.6714508457226023,/bsuhome/jessicagronniger/scratch/6625_Illumina/6625_094_S94_R1_001.fastq.gz,/bsuhome/jessicagronniger/scratch/6625_Illumina/6625_094_S94_R2_001.fastq.gz
PMXC7.NS.CR.NB.VT.REP3.T0,-0.0,-0.0,-0.0,-0.0,-0.0,-0.0,-0.0,-0.0,-0.0,-0.0,5.601232718049904,5.4832097224796055,5.445120133129329,5.6630319919727,5.435974653995303,5.501341783674268,5.517867922354815,5.586829030727324,5.484466752748051,5.560393825266854,5.500969489985007,5.54020850197781,5.580160044374111,5.598031887270904,5.528760194020577,5.630323996827231,5.572269781509552,5.613433416174147,5.4815937180520935,5.531923915338039,5.592431447318334,5.59501954924243,5.588988885532238,5.679798997593895,5.612686666740711,5.540248776817514,5.594955396899353,5.68468846176871,5.5774401004710885,5.58385102023264,5.621048438682743,5.601543921684639,5.593592061026153,5.551972822891336,5.620633245284649,5.555576184953558,5.564116185129409,5.571873701623909,5.638694063448838,5.650772840986352,5.586961606629033,5.611544996295484,5.647066274860985,5.617480189049533,5.555299917187305,5.645941498163852,5.632651046303831,5.550883167105117,5.569748225134831,5.6246883239870025,5.641409578801801,5.629515491135575,5.564851129275714,5.5964376609687125,5.568401571396974,5.6706361945216734,5.580685283285064,5.590869382409943,5.650721473469863,5.618751651402,5.604318308280048,5.604781499870033,5.653785248211081,5.6365597753140815,5.606391082661864,5.637957688813981,5.611472850268449,5.605896993678564,5.631881026127544,5.668320176984501,5.627505927402305,5.626914414507801,5.630807011295064,5.613355188019964,5.57877888774987,5.643087528242079,5.642905702578072,5.6402261696999,5.623039525303123,5.659660554390244,5.620591243651469,5.610334516288526,5.610049544152821,5.588060455802764,5.618635714095398,5.591810582967365,5.645925656766627,5.6221729202168405,5.623446180863497,5.6260540911229935,/bsuhome/jessicagronniger/scratch/6625_Illumina/6625_047_S47_R1_001.fastq.gz,/bsuhome/jessicagronniger/scratch/6625_Illumina/6625_047_S47_R2_001.fastq.gz
PMXC7.NS.CR.NB.VT.REP3.T11,-0.0,-0.0,-0.0,-0.0,-0.0,-0.0,-0.0,-0.0,-0.0,-0.0,2.518420648500339,2.5170724658360677,2.547334668242616,2.58945409946154,2.5202598824117737,2.561643000914033,2.5747453285947985,2.531984884358858,2.531171055899164,2.5698782207706388,2.559937659167767,2.560575820482183,2.5811574155682893,2.5453548660052063,2.6201038486627364,2.540032091288116,2.5723877050487203,2.5523169357501323,2.569817879691232,2.5433359233004063,2.5658050822260345,2.5436958059796995,2.527285374802343,2.5465603451515126,2.54517903890507,2.55339208007891,2.555770385271809,2.558356013428375,2.5576797794458592,2.546087783012071,2.5789589177515717,2.5937191389907137,2.552336562140828,2.5392079379938344,2.5698077012118663,2.571291250704227,2.5843857941395614,2.586606834531409,2.576990658986629,2.561478451389347,2.57361916930552,2.563202949521787,2.542364190617181,2.5779788574578943,2.573875543894093,2.5839180925492853,2.5665351104331284,2.570650643583144,2.557191821313851,2.5813052071391325,2.575186699911268,2.540182078711149,2.548069655128847,2.584167372801208,2.553695735793398,2.5622408466910014,2.564978002694529,2.5455237168250373,2.5772916160390187,2.583033877421062,2.5773707782578263,2.5596337047483435,2.5594071888089247,2.5763239037920305,2.575405753305016,2.565967797132791,2.5548939989156496,2.5702152038962063,2.5543983233683294,2.570614771046173,2.5718218901283567,2.5628630643569683,2.558419701479559,2.578999713164281,2.562384229439345,2.557579323333227,2.560147986286421,2.5901465613128454,2.559461708202729,2.563461544509584,2.5548077917575465,2.568354146785809,2.564035005305389,2.559285295509466,2.562434406204664,2.5626292376340105,2.5716710228221675,2.549066812297671,2.558608030804398,2.550015930952804,/bsuhome/jessicagronniger/scratch/6625_Illumina/6625_143_S145_R1_001.fastq.gz,/bsuhome/jessicagronniger/scratch/6625_Illumina/6625_143_S145_R2_001.fastq.gz
PMXC7.NS.CR.NB.VT.REP3.T12,-0.0,-0.0,-0.0,-0.0,-0.0,-0.0,-0.0,-0.0,-0.0,-0.0,2.3662553429073294,2.415893773018308,2.383914999625815,2.403733088979868,2.4394750104424388,2.393568506881796,2.507262435771831,2.4291146084067594,2.4046295537790883,2.427480550043075,2.418204544885019,2.425899910612213,2.415024879551937,2.418056181091929,2.418247438052129,2.4289329731775986,2.425052939212336,2.3922259390201708,2.444015107460873,2.404884644276662,2.438656834919445,2.409554931009553,2.4405263428114763,2.394057676483287,2.4145266876180846,2.445548917179561,2.4254872754813,2.4533115968600114,2.4307535966071705,2.424377984661753,2.429391798476761,2.414275864617887,2.427623022214997,2.4040981604577643,2.421305799653521,2.411741622174544,2.425387468027917,2.430837731769468,2.418333135712736,2.424686033657504,2.413531922813923,2.4399836743700467,2.436144469745151,2.4302162975066746,2.436198271448777,2.4093275920880424,2.4236945815093787,2.4270717359036214,2.431230384652641,2.4350679003357607,2.419551370670366,2.4245185533605778,2.4322818329342115,2.412357028437655,2.422208985141583,2.428633486760377,2.402790492111144,2.41197808046714,2.418108786142974,2.405868936623792,2.4448526332360307,2.417035378821551,2.428035925009976,2.4449074495830487,2.4357776318102755,2.436107677378073,2.4299609249141594,2.4355487616709004,2.4300933436397187,2.4325624513032973,2.422302947040902,2.449376640733281,2.4182367885011704,2.4219303951860973,2.405529200594391,2.427601024897828,2.421319466352867,2.4275831665484886,2.4105410378502303,2.4237992565865207,2.4260197039788225,2.424824101531021,2.4231400764446267,2.421043373309606,2.422213964251678,2.408210278497047,2.4086992792703223,2.418475943625414,2.4374024173418127,2.4255098563082647,/bsuhome/jessicagronniger/scratch/6625_Illumina/6625_191_S195_R1_001.fastq.gz,/bsuhome/jessicagronniger/scratch/6625_Illumina/6625_191_S195_R2_001.fastq.gz
PMXC7.NS.CR.NB.VT.REP3.T7,-0.0,-0.0,-0.0,-0.0,-0.0,-0.0,-0.0,-0.0,-0.0,-0.0,2.5805415048787608,2.6104103862319543,2.586449881964118,2.59322643436692,2.5842941154457715,2.634341239313618,2.5273441519995914,2.5979937987713155,2.6122531969116385,2.5676670627051124,2.583523002788723,2.622762699597238,2.601812998405712,2.624088014634132,2.5692222416707904,2.605895361534647,2.565219009745002,2.616934330150331,2.615705599716298,2.6067455726836024,2.588379274738293,2.6092246718781027,2.61316673586438,2.610806569957448,2.5873636570235794,2.608212859079937,2.617723801007736,2.630504855278537,2.600360757755835,2.614438778112195,2.5978693189652406,2.619687190656504,2.609664443219482,2.598124283971372,2.5955532274662523,2.610768415836936,2.6008511519935964,2.595405457408942,2.5994057882034043,2.5974840432377646,2.6011081041733366,2.598950710180282,2.592678146646818,2.5970330392851952,2.600813970047625,2.612172999748331,2.598208911841003,2.581623151933515,2.603121894370864,2.614253269162345,2.5977282569882867,2.5959521212941183,2.610816969653777,2.624962331799275,2.59696840040124,2.614694548981215,2.6027359603611417,2.592246850850381,2.627018955577719,2.609846780246548,2.5906860456059357,2.6146916442497856,2.6002998958527503,2.606189644704299,2.6070875035549133,2.594053096425597,2.601431811496746,2.6071730427434634,2.604609893889024,2.5963064739307407,2.593312195866747,2.60673502807725,2.592742692406572,2.592149160703179,2.6100584571237118,2.607993494106474,2.627293861927037,2.617541119487855,2.5938151300055967,2.614123667340382,2.6033885386088595,2.6082095910306533,2.598761859605134,2.601286812169683,2.5967098227655767,2.598032513450536,2.595621678401728,2.605851339867217,2.6011733255591,2.591699557356894,/bsuhome/jessicagronniger/scratch/6625_Illumina/6625_095_S97_R1_001.fastq.gz,/bsuhome/jessicagronniger/scratch/6625_Illumina/6625_095_S97_R2_001.fastq.gz
PMXC7.NS.M9.B.RT.REP1.T0,-0.0,-0.0,-0.0,-0.0,-0.0,-0.0,-0.0,-0.0,-0.0,-0.0,3.404177288064977,3.448246534606044,3.385767845102014,3.4431435493118188,3.2651289079825427,3.2655698282359804,3.39713509122852,3.3213576821113504,3.3845572575844822,3.46200554242038,3.423635360442079,3.4501372579020453,3.4323955942218114,3.518481867510519,3.383791007414997,3.331643361194076,3.5074463369641458,3.4173295433074165,3.4219527846415314,3.450575480820901,3.481600022125583,3.5110234404777443,3.484982077409059,3.3913587639150693,3.448755056054028,3.3880445550847917,3.495304135149444,3.4536383216248727,3.424658587454929,3.4393193230812718,3.492888919337618,3.4210090961960398,3.390478114821627,3.460539037867425,3.454217144160982,3.4166477067540035,3.41355693559775,3.430644109840753,3.44910951352697,3.441700913248654,3.4415156808213547,3.4713724795516896,3.474245730294758,3.4289262539782155,3.4723910002217497,3.4334487682824446,3.4569468958200438,3.454820167350596,3.4617731490026564,3.407840527219925,3.408840468922562,3.4385243347830468,3.4772487269221277,3.4866862998628174,3.48436682087074,3.4614188890895203,3.472705261220776,3.4519226316636065,3.463813549600564,3.4336940323151643,3.4734703967131337,3.4346427824077286,3.432211432922615,3.470737198459635,3.430492413934344,3.4443837318281245,3.4384782560076843,3.513984085698717,3.431621930474706,3.437218926124749,3.421954653233279,3.4657996548278205,3.4486038868983675,3.4772573650791485,3.4658256426347007,3.4327216451938525,3.4960631054243314,3.44867283306795,3.4546522836635174,3.43484349187412,3.4598435026902945,3.443789039437052,3.4823270962498745,3.505596897181082,3.4468514987985164,3.4705806548143534,3.464604624328267,3.430916013670403,3.4826291209748392,3.4867879557541848,/bsuhome/jessicagronniger/scratch/6625_Illumina/6625_018_S18_R1_001.fastq.gz,/bsuhome/jessicagronniger/scratch/6625_Illumina/6625_018_S18_R2_001.fastq.gz
PMXC7.NS.M9.B.RT.REP1.T11,-0.0,-0.0,-0.0,-0.0,-0.0,-0.0,-0.0,-0.0,-0.0,-0.0,1.3112306468458343,1.343161947442712,1.3188161732948525,1.4143726438050548,1.341024686689209,1.3712721400808352,1.319071533430265,1.270528958809974,1.2930860190247098,1.3485348532562038,1.347935639752576,1.3702341978908128,1.321466521264568,1.3561929035334166,1.342210660501903,1.3680545043570769,1.3304925367914318,1.379610052249637,1.346655995323824,1.3165682818794835,1.402877597561685,1.374903675658408,1.3445637589015835,1.362229619243947,1.341509545429412,1.3432978002252778,1.3435595417701305,1.3659930843523602,1.355431660123989,1.3322381175631683,1.3512713989670695,1.3467802194175944,1.3567185677498097,1.3591867080470872,1.3580423275739235,1.3462359381137017,1.3594457091260723,1.3517352313239523,1.3315699995223351,1.336038645173697,1.3741393133318789,1.3582195311900986,1.354162739704485,1.3756503931968844,1.3533972120142543,1.3472309440662305,1.3368090344995442,1.3284891115112891,1.3516101437734465,1.3376873618989689,1.3728339182414586,1.342252790381448,1.343167685331864,1.3557368094039872,1.3378150226487546,1.320213216914218,1.3307052155831989,1.3654320548658296,1.3562896353143503,1.356104635859119,1.3291206318486917,1.3374694981609732,1.3549316712531132,1.3220016350231416,1.3434730942294664,1.3390306115608528,1.3597349470102709,1.3521664385908156,1.3575512031723551,1.3551390083922306,1.3443730424460716,1.355205886482857,1.3553352238913112,1.3422708601258797,1.3311531349243424,1.344857438821993,1.327664070019603,1.3649299774521406,1.3294146266572249,1.3440102048108875,1.348791928709529,1.359525242135315,1.3488012934964804,1.3519581130218747,1.3321801256150123,1.3564429272204443,1.3775393355155214,1.3434400035836909,1.34677316958933,1.3304015264554474,/bsuhome/jessicagronniger/scratch/6625_Illumina/6625_114_S116_R1_001.fastq.gz,/bsuhome/jessicagronniger/scratch/6625_Illumina/6625_114_S116_R2_001.fastq.gz
PMXC7.NS.M9.B.RT.REP1.T12,-0.0,-0.0,-0.0,-0.0,-0.0,-0.0,-0.0,-0.0,-0.0,-0.0,1.2381147147462677,1.1914897301298175,1.265206618342681,1.219640427126693,1.21158647265633,1.2650669253238351,1.238443161468039,1.2174062971785544,1.2237527327414643,1.2391557351504388,1.2200508913373391,1.224735065554612,1.2144649627005395,1.1944538097049289,1.2320035260708029,1.201587758770271,1.2024707554002274,1.2276239812471297,1.224678097184488,1.2359756700056346,1.1990301492106243,1.2189080060184192,1.1990739765875928,1.2341884390172202,1.246663966803131,1.230192153243256,1.230194487636776,1.2291578160600742,1.2300615911301802,1.2259553039285322,1.2069016133011166,1.2318845694486749,1.217907046142694,1.233217742070618,1.2373225433101511,1.216794551646628,1.2247212618989158,1.2270221129351857,1.202107080419552,1.2137760324960245,1.2227450384205674,1.2354950151908195,1.224780289626337,1.2256472753538523,1.2335602433939892,1.2204166335200457,1.213115206771861,1.2184395467508375,1.2232383537839495,1.2399615233157149,1.2445182453978263,1.24090961506061,1.2406653919166597,1.2155918254658171,1.2080577840011035,1.2206210510852369,1.2268582808489292,1.2221849400213876,1.2271861427066166,1.235335922357614,1.2472774267267293,1.21869640450323,1.2434222450125871,1.2327098858462973,1.213086320054385,1.213118191340259,1.2193475020081277,1.2119865877396072,1.2257604111054945,1.2286597912937904,1.222364549531272,1.2195963059197876,1.2039958429445918,1.2454459405910796,1.2207344314487565,1.2105677233026604,1.2238037692273065,1.2220056523570777,1.2258381028593857,1.2175106547448429,1.2249248444833634,1.2238451320766204,1.2322419922110064,1.221639685956952,1.2269951065809388,1.2303432422938292,1.2232114728167045,1.2264159031422417,1.2255367790546003,1.2239889600895564,/bsuhome/jessicagronniger/scratch/6625_Illumina/6625_162_S164_R1_001.fastq.gz,/bsuhome/jessicagronniger/scratch/6625_Illumina/6625_162_S164_R2_001.fastq.gz
PMXC7.NS.M9.B.RT.REP1.T7,-0.0,-0.0,-0.0,-0.0,-0.0,-0.0,-0.0,-0.0,-0.0,-0.0,1.2773880508546145,1.2063647373935615,1.3111969104226957,1.2901794372075623,1.2844849261371876,1.309138474935048,1.229008462370621,1.2449687558279017,1.2586617973903145,1.2789581108875765,1.272657419155429,1.2999506911380754,1.304468936663421,1.287887652098707,1.3086995944060793,1.2997279105762916,1.335123768683395,1.27792677673952,1.2720658134952412,1.305138230148036,1.299933462850336,1.2883543566648437,1.2355139987340642,1.2920147842731209,1.2878440317074866,1.2715237171710112,1.304547062427368,1.2782561816299662,1.2952873543891057,1.2653341863768923,1.3041633483715322,1.290748014265107,1.2801395740286596,1.309402363499624,1.30110894021991,1.301010649750678,1.2946524482970363,1.2871497095114313,1.277765087393555,1.2821209736506678,1.2941508528742964,1.2884362265910825,1.2862722452148372,1.2818364513368274,1.3049538445161253,1.2853627195892543,1.2738890369427445,1.276934584892056,1.2845662363698838,1.2833697899879055,1.305199298218754,1.2704664769518568,1.294753688995251,1.2983134432956336,1.2991520377011576,1.3114829417056917,1.3205681615472835,1.287116223675888,1.2702079989176909,1.3145490815051109,1.2990860653830414,1.328418912012712,1.2786863727653774,1.2663440472314746,1.2907486826422254,1.288755164376443,1.313181043308592,1.2786446646681302,1.2751865808752736,1.287372977714902,1.291409069019443,1.3073348288606603,1.3013245094342123,1.3138481280484535,1.2858125541998442,1.2858646893603487,1.2955799218370805,1.2988641266052154,1.2912748783993688,1.295518955032366,1.2876196364588584,1.290739223354678,1.296101366033736,1.2986898893179528,1.2930611608935627,1.287390039571107,1.2715541751553618,1.2939777754765704,1.291681351580702,1.3003197979940493,/bsuhome/jessicagronniger/scratch/6625_Illumina/6625_066_S66_R1_001.fastq.gz,/bsuhome/jessicagronniger/scratch/6625_Illumina/6625_066_S66_R2_001.fastq.gz
PMXC7.NS.M9.B.RT.REP2.T0,-0.0,-0.0,-0.0,-0.0,-0.0,-0.0,-0.0,-0.0,-0.0,-0.0,3.1957840896107688,3.139772488431188,3.2461072263797592,3.1421407852298104,3.214427452082844,3.1730815426927466,3.2329781520225063,3.197018883288603,3.2248909134168016,3.2913617837829565,3.239136112288058,3.194977286278644,3.273415127424147,3.2498180059737782,3.2318257757366013,3.247204283909669,3.284872130726903,3.2781986488591186,3.2033550986950425,3.266878517041375,3.274604453024188,3.306424250896641,3.2249554884723604,3.308919005507243,3.200591935664891,3.306825057531376,3.3295092295920754,3.2471972726502862,3.2726713031948766,3.2717173490400238,3.25995146978042,3.272870289606842,3.300190298595218,3.306549750683611,3.303890567119567,3.230334725223757,3.243573163801004,3.2181106563028243,3.2674830236612147,3.242636199806907,3.251455837077051,3.351571661371065,3.2829085410355856,3.26801379354837,3.2529356621196506,3.2499100469311424,3.241212713133236,3.259941011160952,3.279628105249537,3.273451760083098,3.296018051606062,3.2763562903226764,3.2619834702461006,3.265395984374759,3.27778651321294,3.3049034088494564,3.272449322715376,3.252458928127236,3.254245899270955,3.251244841014904,3.309830993008654,3.253029671650725,3.3355770468179027,3.302211207499698,3.2390064830426,3.254040589093701,3.340290168369022,3.293843192937287,3.2754310489265985,3.31676613504094,3.2896518963250334,3.2782452767873096,3.288060993809852,3.2678953876485437,3.2859189013302568,3.283241245696112,3.2879652628626643,3.3226654380252505,3.266483503279114,3.3147629597167643,3.278578446028017,3.284549420223118,3.3079848632526208,3.2590362971462272,3.264966952674654,3.304097078725454,3.322371845619162,3.2584151205624794,3.3066810184492743,3.28412591012085,/bsuhome/jessicagronniger/scratch/6625_Illumina/6625_019_S19_R1_001.fastq.gz,/bsuhome/jessicagronniger/scratch/6625_Illumina/6625_019_S19_R2_001.fastq.gz
PMXC7.NS.M9.B.RT.REP2.T11,-0.0,-0.0,-0.0,-0.0,-0.0,-0.0,-0.0,-0.0,-0.0,-0.0,1.387638514398358,1.3968353687247734,1.3661540177807072,1.4271363341878964,1.2722996215713835,1.373512376699642,1.3852062036994168,1.3114438022901993,1.3750572916630268,1.361201365213087,1.3318575056551836,1.314172727661628,1.3647620423420077,1.3279956968588469,1.35099667683756,1.3039237178454062,1.3599316056522506,1.3703784411060298,1.3631262954762036,1.3404472939771517,1.3947319723314708,1.3433977822059144,1.343575441583461,1.3213895426609084,1.3556575052751405,1.385297528815102,1.3560095856798888,1.3682422222322677,1.3594034358431002,1.3376321713490604,1.3530928990911857,1.3527610397470444,1.3571393246051655,1.3282250692583613,1.3273025010661137,1.3542314820337418,1.3907369643340033,1.3693114731059657,1.3523240750988488,1.3398030240713343,1.3657822083090685,1.3645151193610343,1.3677117342093104,1.3593403005288949,1.35078296922641,1.332735115222342,1.3387156840044083,1.3565827686565146,1.3899444064268291,1.3227937207503735,1.3583404678246784,1.353634820307162,1.378288513908002,1.3403811084813022,1.3710123499197877,1.348575969459227,1.3338077571381208,1.363996484632606,1.394725394222673,1.3490720184324918,1.3761751902400037,1.3589770283837204,1.3548455669223105,1.3510090261823924,1.35221706658995,1.3567986002270385,1.3389356358419255,1.354598009623616,1.3457046753742274,1.3675804523202355,1.356806245220569,1.3727562250140584,1.3482076896666382,1.3509332987403952,1.3663632616779635,1.3602661656733672,1.3473656031206125,1.3548038853154474,1.3497733574140427,1.3609175668602145,1.3544547817340469,1.3542578475714782,1.3323404624271271,1.35427384654542,1.352849752338191,1.3646903533539287,1.3600277669002752,1.3482279739980938,1.3535801804922636,1.3711860774795914,/bsuhome/jessicagronniger/scratch/6625_Illumina/6625_115_S117_R1_001.fastq.gz,/bsuhome/jessicagronniger/scratch/6625_Illumina/6625_115_S117_R2_001.fastq.gz
PMXC7.NS.M9.B.RT.REP2.T12,-0.0,-0.0,-0.0,-0.0,-0.0,-0.0,-0.0,-0.0,-0.0,-0.0,1.347899190896071,1.3679750254294194,1.316324654418495,1.3486323969578369,1.4062293351732542,1.324742776262586,1.369667689694932,1.4198699504914285,1.3689639602849613,1.3830828842308218,1.4003611521530357,1.4213021971188886,1.3771465480313896,1.3608307719577386,1.3554075575474778,1.408107502472788,1.372005029289409,1.3932051889455594,1.343049259640745,1.3592787453270467,1.3910843176509486,1.3925736389578465,1.3893268197245567,1.402891896177128,1.4105143094223913,1.383282042171124,1.4015885899083664,1.41107272107645,1.3741994178592722,1.3902666689913206,1.4149143811559968,1.378522691862636,1.3996250039894715,1.3994438767615578,1.389895415305943,1.3847871000884957,1.3730730501356674,1.4234940002715115,1.3708027685434567,1.389779723267479,1.4060867243454789,1.4230936043801723,1.3721202689172505,1.4029587143479465,1.3823141762508195,1.3956429069965983,1.36927857622779,1.402021600958789,1.3758280449078213,1.3792756188223638,1.3952088814292345,1.3716856749091142,1.3941269330043409,1.3887104213652923,1.397593703529395,1.408559765938408,1.4221702505262297,1.4051414936436355,1.3948169168548037,1.3777589941348634,1.403652354743371,1.3857637017318436,1.4137475549168603,1.3654694928807545,1.3809119539123391,1.397337262904255,1.4038130277024452,1.394188395516997,1.3929913078505878,1.4063916894940014,1.3957798773641796,1.393741740348572,1.409228522504224,1.3944246287580082,1.3773410793248173,1.4078820313577216,1.388426390381512,1.3952340330531403,1.4193204587361654,1.4066468042520015,1.402075060342964,1.399993276902949,1.4141565587409537,1.3931945624567654,1.389479632759103,1.4239195621758016,1.3840315097758291,1.3988625162165491,1.3897418557952292,1.396571496170741,/bsuhome/jessicagronniger/scratch/6625_Illumina/6625_163_S165_R1_001.fastq.gz,/bsuhome/jessicagronniger/scratch/6625_Illumina/6625_163_S165_R2_001.fastq.gz
PMXC7.NS.M9.B.RT.REP2.T7,-0.0,-0.0,-0.0,-0.0,-0.0,-0.0,-0.0,-0.0,-0.0,-0.0,1.3657382133421403,1.3459683400884024,1.2538258876837387,1.2948780620971003,1.3227140897167171,1.3430269242166428,1.3774551181175818,1.35410791037288,1.3625144423005562,1.267758854005512,1.3218973672840637,1.3428046017929736,1.3492182668904924,1.3312973920781734,1.3253555193545443,1.33134709398475,1.375142154239954,1.3643896915175295,1.3562729042162456,1.3069362862857363,1.3369876742013729,1.3344977732575036,1.333998000548684,1.336647363462814,1.3679769650433695,1.3163982629159563,1.334027253999868,1.339614121739462,1.3651011752596922,1.3636476250620302,1.328899438574452,1.3557415853643229,1.3106430597406271,1.3497805755048795,1.3647740745962054,1.338525635109169,1.3154986944045557,1.322876838437252,1.3473928482596549,1.343029530873611,1.3386589122935435,1.3402592519981444,1.3491283014871578,1.334646188836894,1.3231400639264108,1.3425896078858417,1.3453429552735172,1.3166304288027015,1.3418798811502048,1.3466185461013251,1.3170391573624625,1.3414607695463543,1.3519865674208993,1.3327163323829343,1.3393808111900805,1.3365927402589282,1.3305016527447568,1.3425625491140556,1.3510777316776754,1.3383681934942464,1.3426651224706203,1.336068130114266,1.3372017169759636,1.3538579466064788,1.3469525067406891,1.3232574559908292,1.349477468665813,1.3181029617017397,1.350682019562685,1.327694053530043,1.342170259157463,1.3267274603241108,1.3342427284600062,1.3172448038750202,1.3434344366285835,1.337735801587761,1.3414373330583114,1.344147521356827,1.3502004309743831,1.339079254098317,1.350745236065765,1.3465361922496426,1.3486019612438371,1.3364245917454234,1.3408151017030616,1.3374631557541588,1.3246927208924133,1.3442316173717292,1.3178056844006591,1.3310971470215651,/bsuhome/jessicagronniger/scratch/6625_Illumina/6625_067_S67_R1_001.fastq.gz,/bsuhome/jessicagronniger/scratch/6625_Illumina/6625_067_S67_R2_001.fastq.gz
PMXC7.NS.M9.B.RT.REP3.T0,-0.0,-0.0,-0.0,-0.0,-0.0,-0.0,-0.0,-0.0,-0.0,-0.0,2.657229552748615,2.772588758557611,2.762053584341171,2.6959841203787804,2.686516940362209,2.6504456072344245,2.7383985963996125,2.7350884696694773,2.7549201337520275,2.73641621094594,2.716453234203139,2.7457404075549903,2.6925761494266256,2.705091400020063,2.6891442764695164,2.7136251344189053,2.7053906567084414,2.783211012303368,2.6729204589726447,2.740974090074534,2.705711752971877,2.7490143102527043,2.6983404840920864,2.7209611106119533,2.7471082181285094,2.708257247758943,2.755120889128229,2.7860113032339764,2.716832008812223,2.719042704361504,2.7345367205924687,2.710005254602978,2.75021317497076,2.74842818396582,2.732452685394372,2.700770642918079,2.7248111496980805,2.718896837925993,2.762124081906137,2.700301315561958,2.721421535246952,2.7560130182123186,2.700118315647817,2.713895748452432,2.7028748713930324,2.72745408127363,2.691546331955994,2.737437386341571,2.742189125660101,2.723234494406665,2.7439688953445804,2.728206436244971,2.70569330718238,2.720507295802356,2.7101869144855764,2.7425315921841538,2.7559592239714283,2.748558864666845,2.7385677942140223,2.7161718932064205,2.736496915234369,2.7161003504663537,2.7218304873028574,2.742242763127208,2.69961153518797,2.726751345592393,2.689839099264117,2.737614302634733,2.735475293604652,2.744808879997625,2.715712991601604,2.740714879104882,2.712510558465595,2.748086775732843,2.7327341388853563,2.733541818903197,2.7448938071276707,2.7447020282238546,2.7293793723649973,2.7927146805212284,2.7643888250652293,2.728590726310544,2.7139475652033487,2.7279144472587404,2.745088516182699,2.7199411890341536,2.7139891146975783,2.721401108156777,2.7381346342586195,2.732508523707868,/bsuhome/jessicagronniger/scratch/6625_Illumina/6625_020_S20_R1_001.fastq.gz,/bsuhome/jessicagronniger/scratch/6625_Illumina/6625_020_S20_R2_001.fastq.gz
PMXC7.NS.M9.B.RT.REP3.T11,-0.0,-0.0,-0.0,-0.0,-0.0,-0.0,-0.0,-0.0,-0.0,-0.0,1.421667911617533,1.4136659214603586,1.4062532114413608,1.4281549773762312,1.3997629839720431,1.43568862196064,1.3947186846561508,1.411763117736049,1.3270467563368216,1.3783616231899682,1.4303378625394911,1.3800692096801617,1.3679036511563851,1.4318354994663482,1.3901624938658976,1.3945058505501782,1.4146005923465863,1.4343675849483777,1.362488711146588,1.3949376215769411,1.386064716766673,1.4043130837319344,1.4141097311056072,1.407563182099476,1.4088219923901004,1.4297621382849526,1.4168502006515395,1.4214389988745786,1.4265805872460784,1.3945986655798033,1.412243705460259,1.3967845426943335,1.4398511484337648,1.4074104663828175,1.4446682843757257,1.3895912802576684,1.411506079678725,1.4265997144968177,1.3895477919095731,1.3849305185769625,1.40052014422307,1.42670286811018,1.429432546459921,1.3985120724964235,1.4208029731867649,1.409685529776677,1.3908192255205452,1.443691667603386,1.3913040909147811,1.4166004725987915,1.4098553819686412,1.4077084960996558,1.3886546204250227,1.4067497527154087,1.4147636931600158,1.426973854160008,1.422652616296038,1.4375714850539765,1.385458238815577,1.3931967805508063,1.403413818940071,1.3953401291124432,1.4225796505551038,1.4168807031485358,1.4146030547195267,1.4152596094601697,1.420811693174687,1.4036346876682542,1.4235093519329989,1.4025104043755765,1.4139417218910728,1.4232982635110103,1.4209721001883868,1.4238856456097195,1.407335526048563,1.4111673824266688,1.4184305733245417,1.4256527220201018,1.4111142597509856,1.393549700954564,1.4141057678567317,1.4266223526529385,1.4239967728779943,1.418317458391204,1.413599471443334,1.4063250664863007,1.3986428221342944,1.3912473111011407,1.3872403780134968,1.4034106534758597,/bsuhome/jessicagronniger/scratch/6625_Illumina/6625_116_S118_R1_001.fastq.gz,/bsuhome/jessicagronniger/scratch/6625_Illumina/6625_116_S118_R2_001.fastq.gz
PMXC7.NS.M9.B.RT.REP3.T12,-0.0,-0.0,-0.0,-0.0,-0.0,-0.0,-0.0,-0.0,-0.0,-0.0,1.3724305711224352,1.343196751524142,1.3545706049893318,1.342884835375616,1.3040008134149657,1.417100924890589,1.3864253100531458,1.3864592916063692,1.3136999134611635,1.3461509172683028,1.3755863897580174,1.3596827624132186,1.3549983572874378,1.391721372981841,1.348669902561747,1.3995842592197674,1.3988810129738931,1.4217421838226725,1.3601974201166958,1.3775586719336417,1.3625991798450865,1.3945265542065224,1.4004090064581642,1.3862959350015802,1.4096898173603187,1.4153151170096776,1.3981583265297677,1.3654033505878174,1.3753313769986997,1.3969848195879728,1.3775095404644864,1.3716853808306202,1.3989860311822029,1.4054418929586323,1.4003538946744418,1.3896096322445,1.4165286322668764,1.3652809654464255,1.3613568927703097,1.3644391448731747,1.3825668426247275,1.383893009223802,1.3890879366185271,1.3541283191634632,1.380437026466505,1.37044693418421,1.366839761818353,1.3855158580618498,1.3697594767612424,1.3897447128714764,1.3766003494784598,1.3628927177091863,1.401555705447395,1.3882584477338935,1.390469137218651,1.365511881711081,1.3979407763836702,1.383401305156707,1.3941827759846257,1.3684252754313464,1.4046445282043551,1.3778680329890598,1.3905805055883342,1.397540778313782,1.374297456361949,1.3612686354022672,1.3958270954005556,1.3754270357594052,1.3953016903957387,1.3655822500601746,1.3943087570449966,1.3728227061702898,1.3768182807916816,1.39028262114982,1.405219684377882,1.3784949121805068,1.3983543028985426,1.361549651964256,1.3911583909838223,1.3907042520656503,1.3962339463468385,1.399873225114454,1.370035083755296,1.3801472321654833,1.4019443621570704,1.3677698115225922,1.392259752310916,1.36738302924236,1.3739269939034937,1.3829835460972206,/bsuhome/jessicagronniger/scratch/6625_Illumina/6625_164_S166_R1_001.fastq.gz,/bsuhome/jessicagronniger/scratch/6625_Illumina/6625_164_S166_R2_001.fastq.gz
PMXC7.NS.M9.B.RT.REP3.T7,-0.0,-0.0,-0.0,-0.0,-0.0,-0.0,-0.0,-0.0,-0.0,-0.0,3.096931173098941,2.993531373753868,3.1460383028868963,3.034248806579304,3.164261364154747,3.11115439755098,3.084791985339881,3.153086262068169,2.9784097029165566,3.043190678357085,3.0640750479504253,3.023395109702103,3.168434867086688,3.0847224035708054,3.094922385959629,3.1542788940327813,3.056430499274461,3.1214269953892013,3.130123070468373,3.0406734728004574,3.178663419874008,3.0638565644299067,3.122307807533005,3.1220413221096948,3.100923829078752,3.115281083997788,3.177716254545833,3.108317814806124,3.1044960158877646,3.022095916833518,3.1518673492316878,3.1031746395485325,3.0646054811084804,3.1302846115262986,3.1257869469669006,3.107772949280057,3.0594761374006367,3.185081119435767,3.131985787549851,3.1455381510609266,3.182056918554463,3.1196422604603886,3.084332456591018,3.129243292298294,3.0838668733870467,3.122810553648565,3.068535593958965,3.1232923005748985,3.1294661462285926,3.102469933039825,3.114297117546198,3.1558870488736583,3.1215396547167704,3.137329011498666,3.127276308157072,3.1325496099232826,3.085567643695513,3.144627520977737,3.122134485801724,3.10673412154228,3.1506726533753864,3.150120096508422,3.132187247632386,3.155318520937228,3.12216602854897,3.1406637884600896,3.1158013133513167,3.108119897499408,3.206452995214141,3.136693587738355,3.1088154955941567,3.156878177042778,3.15467017872606,3.139335317360535,3.16410685170526,3.1311415303635104,3.1251082268843664,3.139984465432828,3.128859022365296,3.135453638331424,3.160020475329901,3.1658494675161,3.1388237422451244,3.099143298019942,3.1769807899474047,3.131068968838329,3.148334211054994,3.1460447353970653,3.157660860423452,3.160755555392619,/bsuhome/jessicagronniger/scratch/6625_Illumina/6625_068_S68_R1_001.fastq.gz,/bsuhome/jessicagronniger/scratch/6625_Illumina/6625_068_S68_R2_001.fastq.gz
PMXC7.NS.M9.B.VT.REP1.T0,-0.0,-0.0,-0.0,-0.0,-0.0,-0.0,-0.0,-0.0,-0.0,-0.0,2.5206468280983048,2.5660847704314795,2.5535129224768363,2.6041262963887406,2.646630814126979,2.541710822198593,2.661764070728643,2.6073054572168517,2.620278197938124,2.55863116968811,2.58553242577568,2.705763929867461,2.6097562584828644,2.5576495108476185,2.579616126566467,2.597415513482056,2.573306022101006,2.595294751610325,2.624757523524179,2.628721823249132,2.618647816954557,2.5404379231865506,2.6196623429763397,2.5980079697549323,2.5701798614314684,2.6413618715442184,2.625644193452804,2.6483280098823445,2.654099004679896,2.572278237696308,2.665402558093916,2.636313747641081,2.582177097629099,2.61206218898875,2.6430896569448863,2.604192048215296,2.6389890818605046,2.6758638942702526,2.637070110203067,2.594020306095982,2.5988762366508302,2.622981300802244,2.6104295476551416,2.617535628210024,2.636876832548268,2.588519868325059,2.647398624154958,2.643064118643318,2.58501660900751,2.615242324157802,2.6162650658313624,2.6179174739017754,2.6059260406043285,2.6007306160477057,2.6449127517134614,2.594575875450232,2.627064007556535,2.6549726317539983,2.616799740690551,2.6230263404699574,2.626353014404949,2.615350634026507,2.6309572704119404,2.5995898707455667,2.6322937815612724,2.641370958710328,2.6022065580285005,2.632367600685388,2.615619182759682,2.636423103475539,2.6498550329141644,2.6244829201609203,2.653138453264455,2.622785307194444,2.633059083359317,2.618413577185061,2.597895078124513,2.6104906253814857,2.632386282592952,2.641584119835835,2.668782307308629,2.64068479919578,2.629272896341802,2.645865609607364,2.622777303484225,2.6291167008243046,2.623603412059049,2.632208141225465,2.6262455358177994,2.589896405357317,/bsuhome/jessicagronniger/scratch/6625_Illumina/6625_042_S42_R1_001.fastq.gz,/bsuhome/jessicagronniger/scratch/6625_Illumina/6625_042_S42_R2_001.fastq.gz
PMXC7.NS.M9.B.VT.REP1.T11,-0.0,-0.0,-0.0,-0.0,-0.0,-0.0,-0.0,-0.0,-0.0,-0.0,1.7423938004937063,1.6437466199575004,1.6533609770394389,1.6260468709786446,1.5175940984118852,1.5289339789657863,1.6996828984362728,1.6712813351325038,1.6701774565173264,1.5562757752881793,1.6200663295437805,1.6618331264183122,1.6001051394104742,1.6506786301456975,1.6439195478883408,1.6347155301250191,1.6150093776636427,1.6388224373647748,1.6189233199141104,1.605650279734997,1.6432869030043986,1.6388168041536122,1.6496063870437756,1.6486118447899625,1.6121588112936962,1.6251012348814844,1.649104799970114,1.6272756222005185,1.62750595296421,1.6191123780789034,1.6357328968853058,1.610334231258363,1.6499803562482405,1.6558290674829177,1.643952571228017,1.647882086989308,1.659441156054598,1.6391534833864974,1.6414176818942343,1.6224507328550468,1.6568245192938909,1.6436773424447657,1.6472609311668531,1.6055268348237317,1.6632364373079462,1.6175394564321903,1.6346897802873654,1.644991513266548,1.619040972912332,1.627926716265061,1.6403726450007234,1.6263562232859992,1.640673942562763,1.6591179016768585,1.6395891855813247,1.6410684288331665,1.6297344324837413,1.6263038361031374,1.6279520034934467,1.6230149982545476,1.6456283217248453,1.6451594957243136,1.6438781266184428,1.622716619653657,1.6520399602229554,1.626182424383323,1.632958936659556,1.634329286117534,1.619167407119836,1.6318306918125705,1.602989013374324,1.6404003765088695,1.634549672914085,1.659332533661828,1.6634570985236217,1.6221518169866411,1.639951780187628,1.6305892126785484,1.6077782401609824,1.6098288988974552,1.640077471840888,1.634132033791886,1.6503441274784274,1.6352166824688996,1.6544585627251511,1.6322404682931355,1.6450103703168466,1.6336938618200934,1.6326341751168234,1.649975432611662,/bsuhome/jessicagronniger/scratch/6625_Illumina/6625_138_S140_R1_001.fastq.gz,/bsuhome/jessicagronniger/scratch/6625_Illumina/6625_138_S140_R2_001.fastq.gz
PMXC7.NS.M9.B.VT.REP1.T12,-0.0,-0.0,-0.0,-0.0,-0.0,-0.0,-0.0,-0.0,-0.0,-0.0,1.5159630725015705,1.4959087442251575,1.5396764720813487,1.490774909603912,1.5405116110604242,1.5371769284214334,1.5550402260517002,1.4805723799054618,1.5672044077879193,1.4975531526454045,1.4777416481791792,1.555264926970696,1.521370352261846,1.484183158072055,1.5300435434343866,1.5651080992322834,1.5308736929755258,1.5273694167153584,1.456085342034142,1.5428032807144898,1.5270456452436263,1.5035256392363003,1.4856758053132928,1.511321593341215,1.535310983658922,1.5137434839520705,1.5108355483088294,1.5168053358706637,1.5330541571506289,1.4677502629484882,1.5365824270320103,1.498536415293465,1.508184017889708,1.4957895817143056,1.4986278654536869,1.483810940627568,1.5447261212749623,1.5037978516981605,1.511220826729891,1.5240754778321377,1.5048428632808617,1.5466326609576762,1.5243338896143372,1.52016133435177,1.5433772185195738,1.528037075830963,1.5370892516935728,1.5202029140872089,1.5398668639112325,1.4976017341629568,1.5350543692561398,1.5338163229604025,1.5268657400219834,1.5391937312274482,1.5114702754694411,1.5122066561719534,1.508108295441988,1.5066671836683163,1.529373274304775,1.5152610313105603,1.4926386302154149,1.5162625162884058,1.520233506551433,1.5236882225680248,1.5358072971254737,1.4997613687539069,1.5277202569574515,1.4998965496294805,1.517103275442488,1.5059073371027618,1.5184567214770872,1.524969175630485,1.4946526517545844,1.5451270736205331,1.523944345397779,1.5188407670073514,1.5074294431546895,1.5280498386291623,1.5331030028802757,1.523321894078835,1.533111000063056,1.527783218696822,1.503793278699864,1.537970505500251,1.5220062370772274,1.5146557545320656,1.5347108746013554,1.5272009600016434,1.5196798915987633,1.5296878882211409,/bsuhome/jessicagronniger/scratch/6625_Illumina/6625_186_S188_R1_001.fastq.gz,/bsuhome/jessicagronniger/scratch/6625_Illumina/6625_186_S188_R2_001.fastq.gz
PMXC7.NS.M9.B.VT.REP1.T7,-0.0,-0.0,-0.0,-0.0,-0.0,-0.0,-0.0,-0.0,-0.0,-0.0,2.0834017287687883,1.966383622701528,1.9706395895778157,1.9671495053166217,1.9643406768142209,1.9647714930400717,1.9771721491304288,1.922427674534228,2.0218047318184507,2.0881990677355025,2.035480404974741,2.023751719507552,2.0266529630646057,1.9655095189397505,2.035931726046187,1.9920900134150128,1.9997709915157809,2.0177409957058225,2.066204425610024,1.9339638890811843,2.0068618107814022,1.946560802638877,2.0474004370009027,2.0267584996706067,1.9875604512714533,2.030705930159674,1.9975238798402917,1.9619433448494932,2.023314132682824,2.032522920684436,1.991432366828631,2.0163681510934177,2.0290509689520926,2.035837428346976,2.020941396878845,1.9906491975326053,2.0262283483069967,2.0268313646300813,2.0321258824791557,2.0254355697597584,2.042682350830828,2.02347815660187,2.033527504185571,1.9929435740945107,1.9852505713846669,2.080333390140406,2.004263560611991,2.0174441604792035,2.0185049426220343,1.9853083338111528,2.0557825729097554,2.023296376047107,1.9974618902575705,2.006253192510354,2.04973416762624,2.01580500927691,2.0174850445808765,2.072901531773034,2.016896493272593,1.991184963338624,2.052035898901822,2.020847688823513,2.012191125950473,2.041718140888884,2.025220565622449,2.0397221032768464,2.039935642792702,2.0292363625326826,1.9926186812801523,2.0093972486527862,2.0134833759417496,2.0304823796479314,2.007386228368273,2.0006015051599992,2.020033758587061,2.013684482707263,2.039629858917455,2.0314899557046373,2.0716005853449344,2.0218621533494328,2.019595929737727,2.035044945027296,2.0510272989514164,2.0517336005028617,2.0322184001724395,2.048494635008393,2.0239014663334465,2.033295645457269,1.9956743544187527,2.010816670629527,/bsuhome/jessicagronniger/scratch/6625_Illumina/6625_090_S90_R1_001.fastq.gz,/bsuhome/jessicagronniger/scratch/6625_Illumina/6625_090_S90_R2_001.fastq.gz
PMXC7.NS.M9.B.VT.REP2.T0,-0.0,-0.0,-0.0,-0.0,-0.0,-0.0,-0.0,-0.0,-0.0,-0.0,3.017092018389716,3.002124994917432,3.025247569608535,3.068957211897441,3.116025802082252,3.114781621395128,3.0408739385457078,3.11645645427754,3.1563470914034464,3.028170414862731,3.193287256000756,3.1107489338389547,3.121032286410726,3.128558905958091,3.117729063935147,3.120640195227437,3.128681891842677,3.106020794428082,3.0928369426297087,3.069264258308656,3.209443958916291,3.1376222467831987,3.166737385148292,3.122089577331302,3.16855543643244,3.1519186020595704,3.092449100940873,3.0671404310959693,3.1071040693798078,3.1204299187281306,3.12092558533139,3.1664193702753,3.1268838925585523,3.133403088512679,3.108974073982507,3.173197039573619,3.1480533394974985,3.13312279931593,3.134260375833518,3.170902126558832,3.153261638509788,3.148818781835177,3.1742669038379674,3.199153903817112,3.1402675294259867,3.1931505384292334,3.175017416667627,3.1493119705880592,3.154713255168796,3.159147462500736,3.134722302414662,3.185960533338562,3.14348542956949,3.192637765317985,3.191278325148782,3.150303834888973,3.1418403263163888,3.158686656859679,3.1471008429110943,3.1948449753219204,3.1526247930660807,3.1802845623100957,3.168016291490968,3.162317749569325,3.1622904971988155,3.157251295113612,3.141616512568398,3.176004407606657,3.1361123377349727,3.1127877647802897,3.1395405741601143,3.1776917341286457,3.171829419095941,3.18813129881052,3.165888965282332,3.1801563651088336,3.1364158915274665,3.1554846458277708,3.171481752456962,3.185082418263167,3.1544294357441043,3.1748214654305724,3.1525089738037586,3.1900583905459,3.1612479497516603,3.2009023727080126,3.152889931082718,3.144356835309423,3.165495616740209,3.198068836816744,/bsuhome/jessicagronniger/scratch/6625_Illumina/6625_043_S43_R1_001.fastq.gz,/bsuhome/jessicagronniger/scratch/6625_Illumina/6625_043_S43_R2_001.fastq.gz
PMXC7.NS.M9.B.VT.REP2.T11,-0.0,-0.0,-0.0,-0.0,-0.0,-0.0,-0.0,-0.0,-0.0,-0.0,1.5822922214962027,1.6252619411083975,1.588199261054141,1.5753961987993053,1.600600797338662,1.584401636359281,1.63833792684219,1.645160041772587,1.6348115481570409,1.660702218288411,1.588625424489687,1.6393068897575116,1.664376162278488,1.6162208091696464,1.5952146617174845,1.6344565155903648,1.5826503805461394,1.6243739755219224,1.6126637917224091,1.6554710549572522,1.5950181268028294,1.6431792063951092,1.6161358538524817,1.6053321563722176,1.642055334368735,1.629511523166972,1.5961427112395985,1.6075896134401917,1.5864314196580964,1.6024870456203522,1.6438687588702248,1.655614348947126,1.6011561699950647,1.5990069613997675,1.587308609326506,1.6183385766681797,1.6389264477341048,1.6389714828760134,1.6373258521990914,1.6196555187250197,1.62420476580702,1.660523967327442,1.657809728015828,1.6337282036958145,1.6502255700676562,1.6196516924706974,1.6637403660890848,1.6309224927020385,1.6466397260651,1.5969572923983706,1.6418808811126775,1.6243273816763872,1.641029710910381,1.6177277009772206,1.6314067625725333,1.626849445686863,1.6253889258192642,1.6271864228785031,1.5990086073970322,1.6216202073142931,1.6339923601745487,1.6170806528601156,1.6370722297866962,1.638670963617722,1.6317178479800258,1.6167193601266647,1.6391612437063747,1.6364370506388284,1.6161060941680867,1.6357387613094458,1.615482388418549,1.638091646493444,1.6285415131389134,1.62724424100105,1.627023288477759,1.6359429914571493,1.6110673125737485,1.597224253814057,1.6263025847388417,1.6373006806676218,1.622149737240688,1.638895923329656,1.6154273154053678,1.608900983393496,1.6334283424360685,1.6091259254155503,1.632965970353058,1.6154728950146775,1.636000770883039,1.6212260490931865,/bsuhome/jessicagronniger/scratch/6625_Illumina/6625_139_S141_R1_001.fastq.gz,/bsuhome/jessicagronniger/scratch/6625_Illumina/6625_139_S141_R2_001.fastq.gz
PMXC7.NS.M9.B.VT.REP2.T12,-0.0,-0.0,-0.0,-0.0,-0.0,-0.0,-0.0,-0.0,-0.0,-0.0,1.56013096981527,1.5341876444074245,1.6088279087418045,1.5233125971718948,1.5449176485126357,1.564723762782089,1.6128863430794285,1.4991156985792682,1.491728111819139,1.468447132941331,1.5157850561885893,1.477831559106759,1.535407785107685,1.5329583480729818,1.5353352444915422,1.5391576648736685,1.5534567054979205,1.4805718979001163,1.4975580844615466,1.5714468550892489,1.5337015160198069,1.5113893829265308,1.5376004745333132,1.5450422433175923,1.5809787308576213,1.6014817749622292,1.5223615234635448,1.5552085186136373,1.5488160555280226,1.51883707743566,1.5490386292650158,1.5663890693549811,1.5325818923555552,1.5506691609364618,1.5581502861955034,1.5379338720085174,1.5348500860257748,1.5376990851271015,1.5491629175659858,1.5574876099403792,1.5474844356242692,1.5513213183135166,1.557478332851374,1.5589915329553912,1.5651800013924166,1.554882370976748,1.559222514201937,1.5373471555717857,1.5567564202283992,1.5621844496627275,1.5545528859559543,1.5661478301757803,1.5585681178405728,1.5761500010502834,1.5029501379270227,1.55627379641327,1.5552247125248222,1.5326544079564577,1.5308718643255272,1.564423171057746,1.5754417064006652,1.5755833884638557,1.5768794280202976,1.5926320848070363,1.572775617889554,1.5339608757661247,1.5390960007901788,1.5584485765100928,1.5667447883378711,1.554801070645936,1.5473073404568176,1.5547764633584278,1.5470994000401723,1.5382490024548106,1.581720481335163,1.559121008543687,1.5798689397439365,1.551425064608411,1.560238662750416,1.5523523786489568,1.6022857387566616,1.5699756747269793,1.553775102389198,1.5768426586216682,1.5547676246838575,1.544134646305592,1.5266832973026756,1.5305675997974058,1.5508337312889158,1.5892971137416054,/bsuhome/jessicagronniger/scratch/6625_Illumina/6625_187_S189_R1_001.fastq.gz,/bsuhome/jessicagronniger/scratch/6625_Illumina/6625_187_S189_R2_001.fastq.gz
PMXC7.NS.M9.B.VT.REP2.T7,-0.0,-0.0,-0.0,-0.0,-0.0,-0.0,-0.0,-0.0,-0.0,-0.0,2.3098476863290003,2.2745261390011184,2.3545604688555715,2.270062999523337,2.302167929590088,2.268233250307227,2.221569174930774,2.2909000364963794,2.277101154908653,2.27162319306118,2.2509593488927373,2.1954961235427928,2.3350844129041324,2.299852207917501,2.3336826142923504,2.224277961090136,2.4082455092815103,2.2047902377691617,2.304842456926296,2.2827868734571664,2.300645790370933,2.2823594484574823,2.2620199749299514,2.2775836527199265,2.302784393035538,2.269469353193183,2.2969822227721868,2.293308648930509,2.3125545639308545,2.2776723298784414,2.3140362828545373,2.2343660380562747,2.3172690898499217,2.332597730257476,2.3750267833963155,2.2704421568393367,2.299963720755333,2.2858117168630687,2.285836142651997,2.2560155140395004,2.2607000364207863,2.313366928264867,2.2977587538550903,2.3067526766785686,2.3443623429639526,2.242563682448515,2.2931707653830955,2.324458134751215,2.330258440048979,2.3504898066130813,2.3095372005019024,2.269360332857623,2.3321735192696207,2.2684131180696223,2.3116659353852063,2.3144343033183343,2.29032536733927,2.302672207134363,2.317529239222907,2.327473123764903,2.2962149463756685,2.3168837066140413,2.329368053701472,2.2222963145144403,2.262895014453083,2.3349408208576543,2.2819196416147665,2.3074514972252613,2.262594222257255,2.302059642702968,2.3096849829642494,2.3293609223914404,2.3243300742562405,2.289150452768616,2.294771412840213,2.2990842190892,2.2695905209462426,2.27749206235114,2.2900314684328293,2.3148511522525586,2.325320339101264,2.2959297500511355,2.305101563891351,2.332511105969784,2.3149739291280524,2.288547953055964,2.316817489064853,2.3481530822222947,2.3030660865106163,2.288951987083894,/bsuhome/jessicagronniger/scratch/6625_Illumina/6625_091_S91_R1_001.fastq.gz,/bsuhome/jessicagronniger/scratch/6625_Illumina/6625_091_S91_R2_001.fastq.gz
PMXC7.NS.M9.B.VT.REP3.T0,-0.0,-0.0,-0.0,-0.0,-0.0,-0.0,-0.0,-0.0,-0.0,-0.0,3.504204909135698,3.49196324012121,3.5508714098864145,3.4883631148669223,3.4397439244829964,3.464192252750196,3.474004062219468,3.454075425837741,3.393571057795753,3.434673946441348,3.589127621431825,3.453656370061274,3.502556890744524,3.481097993647016,3.452275025867927,3.491380375264201,3.52964517583681,3.5736985359647324,3.542131307799025,3.597970690949453,3.4457452846984338,3.5776813800963883,3.509690860472713,3.5735745523955424,3.5442285084945757,3.5573909239710706,3.505035909415687,3.509299776585851,3.578654217530447,3.615340491819755,3.5200026732479186,3.6074312091786687,3.5883926787415925,3.563560528105337,3.593032083273635,3.531283212689175,3.558107984905625,3.5429342377416817,3.6049571252130574,3.51559681215415,3.5257782959562656,3.523696682082901,3.510081347928102,3.481152213053033,3.526934437886636,3.525413331036443,3.54470389828272,3.511914073254554,3.5392617886703124,3.5243377001689136,3.521908441182929,3.571331534217593,3.5230593382627218,3.5774776422654506,3.588430242323083,3.577570825284127,3.5209937684889674,3.5541969472801584,3.51299698991489,3.5592873581194717,3.5763753779508423,3.579330682550984,3.5494940964845774,3.535454957314322,3.610198043681827,3.542559716029506,3.5017165987783287,3.536777998545721,3.568369284086628,3.520366727107312,3.5402356013863896,3.552980727250277,3.520193536795562,3.563257231878036,3.5566754491844823,3.574985032791791,3.551956726995898,3.589185496032292,3.549158278122312,3.557934898708341,3.529268815323384,3.564798282968085,3.545902178185381,3.584100886959873,3.606353712441556,3.5628877138432795,3.552854648630102,3.557331384829121,3.555447129407681,3.555827393212985,/bsuhome/jessicagronniger/scratch/6625_Illumina/6625_044_S44_R1_001.fastq.gz,/bsuhome/jessicagronniger/scratch/6625_Illumina/6625_044_S44_R2_001.fastq.gz
PMXC7.NS.M9.B.VT.REP3.T11,-0.0,-0.0,-0.0,-0.0,-0.0,-0.0,-0.0,-0.0,-0.0,-0.0,1.6221753243177328,1.5805614479446513,1.6438880703234042,1.5523400295233722,1.6473092432202605,1.5408115002897715,1.6014593798350925,1.5951627673735722,1.5969200527014864,1.5911847042946785,1.5556885568329566,1.557429374110436,1.5662922102748733,1.6038657810357984,1.5436894060625703,1.5608591136753702,1.5680783967349496,1.5317505186612237,1.6068486668562374,1.6000297988694052,1.6003264722659734,1.547998170116914,1.600392429959376,1.598319599760008,1.5815295167291643,1.542821154244623,1.55665487577716,1.600130134175366,1.603399191770407,1.5990750484839291,1.518024539777059,1.5991392800437605,1.5832551500304357,1.6160656064067722,1.5923528712006791,1.583588505907343,1.6005959319882692,1.5709548364699388,1.5964868348131662,1.5727867160329032,1.5618112511787507,1.5608308491413865,1.54904995373704,1.5860885599440702,1.5829837150914825,1.5955287911874068,1.5856740523442665,1.6109832770572166,1.595688658005321,1.5997550173221955,1.5961642228309267,1.5738664763604866,1.5797451229171804,1.600034680052436,1.5941617753670665,1.601998508582688,1.5895146955442625,1.5852335454529611,1.6082301297667674,1.613470133097644,1.591328850782675,1.5841970987007898,1.5941927031245051,1.6031416803850695,1.5683235999660214,1.5728195746858111,1.565767988425529,1.5798916110248864,1.5864855297086886,1.588644102009397,1.5847177119609472,1.6028744963116075,1.5983408256613958,1.6189410736941647,1.6147948124129334,1.6079762674043492,1.585703938383223,1.59259614835714,1.5882068580806266,1.5815813579041282,1.589098846825837,1.5813946016882043,1.588256386198338,1.5770384335319658,1.5888287725387225,1.605617744504299,1.5639343666078518,1.5880411119802142,1.5957940198640468,1.5900433645337264,/bsuhome/jessicagronniger/scratch/6625_Illumina/6625_140_S142_R1_001.fastq.gz,/bsuhome/jessicagronniger/scratch/6625_Illumina/6625_140_S142_R2_001.fastq.gz
PMXC7.NS.M9.B.VT.REP3.T12,-0.0,-0.0,-0.0,-0.0,-0.0,-0.0,-0.0,-0.0,-0.0,-0.0,1.3710013164438446,1.4899938070719885,1.399716512857729,1.436101145037271,1.458393255525048,1.407213175041354,1.4651462925911165,1.379644381605895,1.4599544999236398,1.3427646421017267,1.4160595766263822,1.4751707484315322,1.4629092344331185,1.4182442870308667,1.4670934495476238,1.4226439336147745,1.4245424725748743,1.440093021248982,1.42139454595238,1.4559946001530495,1.4483703975341151,1.4653413580757733,1.4424277967528958,1.4580417599812807,1.4529720481437267,1.474523511385021,1.4654811615599592,1.47273439222366,1.4352468738136483,1.4738236382264245,1.4637428936586128,1.4420127554969504,1.481341379442078,1.4802362163585117,1.4688243587794452,1.4572911690732944,1.4347834183398591,1.46635427863035,1.4622083417184226,1.4639418784034577,1.4665531328671937,1.4602225849633257,1.492628355385348,1.4489649824798134,1.439189547171886,1.4689932383349922,1.4413928118531485,1.472784461680697,1.4626706170950394,1.4418725186627122,1.4479873265103953,1.468563656625505,1.4242371043620303,1.4590701072410497,1.5000165545327566,1.4615619670819615,1.4525936597924334,1.4347045830414822,1.4393090966159288,1.4394584232536525,1.4207652120943657,1.445422740844245,1.4469786546512968,1.4341246497535936,1.4623737590179664,1.460587560646968,1.459485413625728,1.4460437301089648,1.4506572624191891,1.4630852535878505,1.445518175771736,1.414269486828004,1.4549298290486767,1.465354086784136,1.4756890218706682,1.4648526281533047,1.4429678174040323,1.4483367987234963,1.456920862399403,1.4312690483222268,1.4797418936944629,1.4370362998648718,1.4630626307121104,1.4600089790373587,1.4309418941106162,1.447210264503036,1.4620435614207423,1.4769364340386548,1.441680264209827,1.4336348787582662,/bsuhome/jessicagronniger/scratch/6625_Illumina/6625_188_S190_R1_001.fastq.gz,/bsuhome/jessicagronniger/scratch/6625_Illumina/6625_188_S190_R2_001.fastq.gz
PMXC7.NS.M9.B.VT.REP3.T7,-0.0,-0.0,-0.0,-0.0,-0.0,-0.0,-0.0,-0.0,-0.0,-0.0,1.499257983741958,1.4438890841665082,1.4334796718744538,1.471938012438014,1.506551108600758,1.4540698551145046,1.4552029957296329,1.4734525349945675,1.463104402644254,1.4379538102868554,1.4298375154585523,1.4319161306793544,1.4696206416178,1.441794278971583,1.4349224883903864,1.450445333370625,1.5030897315754237,1.464862471903678,1.448239749362486,1.4861358757132277,1.4401176702071012,1.448269000868383,1.4237814815334178,1.4474055609361745,1.4173901577032906,1.4546729574543051,1.4353036391144918,1.4607741659660651,1.4760272241689076,1.4347524799381757,1.4331512564617666,1.4360324887115825,1.4398135666393677,1.424139831659034,1.473580747584286,1.4660748662854497,1.4435756123995596,1.4554101322996615,1.447631876130877,1.4404030799383358,1.4275775385045488,1.4529328662531755,1.4475709807911126,1.4765578956614065,1.4251463211313018,1.4477580101571013,1.4268549752152333,1.4600696278442338,1.470294278385774,1.4589810381262946,1.4367717492726455,1.4369023818747533,1.4494258529689192,1.4322685103897503,1.44811904651473,1.4453600552466075,1.4505116170618235,1.4505091973316209,1.4708753075379233,1.456522824380558,1.4517889523881888,1.4580577052733767,1.441423101764015,1.45658143844763,1.45679081175349,1.4596607917760949,1.4537150416189402,1.4776517827391968,1.4602120373283587,1.4404531844440318,1.4615404578507931,1.4472962190919776,1.4613049947276404,1.4464566795423466,1.458468273174375,1.4373594293567322,1.4501336425709468,1.459610458824928,1.4579176213945928,1.476910079476333,1.4569837811160398,1.4660296019604624,1.4377990082865102,1.442761065438327,1.4538791748597788,1.475413308687508,1.4418375653995237,1.4567465846067231,1.4631094753373366,1.453893214652263,/bsuhome/jessicagronniger/scratch/6625_Illumina/6625_092_S92_R1_001.fastq.gz,/bsuhome/jessicagronniger/scratch/6625_Illumina/6625_092_S92_R2_001.fastq.gz
PMXC7.NS.M9.NB.RT.REP1.T0,-0.0,-0.0,-0.0,-0.0,-0.0,-0.0,-0.0,-0.0,-0.0,-0.0,3.194328958786585,3.263880158151116,3.193861324371331,3.0959015318143845,3.212589447111589,3.136994216949691,3.165901835139929,3.213414070135528,3.1383524644991394,3.266123239909431,3.1572285557522606,3.227370104813627,3.188816532470761,3.166474075162776,3.190454633121036,3.112182137654781,3.1470868235833804,3.178414006981837,3.163565121655297,3.1349565692324304,3.18118391928503,3.1794427069882065,3.196958271209333,3.1766553128323336,3.204098175189121,3.1897197102728527,3.1935418196846563,3.189291425686557,3.2711181366787474,3.2022199873177173,3.227817768563311,3.1817375957887,3.211479270382215,3.162319291036824,3.195434215760901,3.1998149205168294,3.2062324808633176,3.2160044957066565,3.17489024325131,3.235586848048204,3.21638596013788,3.205398241316478,3.208958948264299,3.205024776342961,3.2009659532151185,3.2426759590907013,3.206318319767401,3.240237661928719,3.22315684975738,3.1892703877023543,3.20062888218339,3.20658383355031,3.2120751489810724,3.212920598670609,3.202551004146159,3.235351022818985,3.207851488934936,3.1868504500812285,3.213969446370575,3.2128579808220064,3.175993504974996,3.21248275708667,3.1995569380403275,3.199542418723188,3.1849195480875,3.224556708121835,3.1878570698508546,3.231491426653055,3.2034672769168457,3.2002070931371778,3.203432309449793,3.163417777291644,3.193990095525211,3.182172843697256,3.239129933380495,3.2079394149524587,3.2327860971857905,3.181549016127168,3.206456799301704,3.2086107880258847,3.223601692696011,3.2247229690951587,3.189111479364617,3.21554978942711,3.2266342140709647,3.231472598914663,3.213913300688513,3.21858170979902,3.2255983377437896,3.2079025999447435,/bsuhome/jessicagronniger/scratch/6625_Illumina/6625_024_S24_R1_001.fastq.gz,/bsuhome/jessicagronniger/scratch/6625_Illumina/6625_024_S24_R2_001.fastq.gz
PMXC7.NS.M9.NB.RT.REP1.T11,-0.0,-0.0,-0.0,-0.0,-0.0,-0.0,-0.0,-0.0,-0.0,-0.0,1.4460519126336928,1.3699700350413786,1.422207797644356,1.417190071096217,1.4201416903898976,1.3966952146320235,1.4110273805683191,1.4233955578244906,1.4108935213182645,1.385345602863954,1.4636841677392265,1.4274471951548309,1.4041114420644083,1.4140273916301995,1.384015862359684,1.4452663233522969,1.4504955340570298,1.4395680851552497,1.4226312865346782,1.400373133494605,1.423014735542318,1.4615723645000316,1.4155665370756945,1.438836923665911,1.437655196984956,1.4653612433260126,1.4249136680302297,1.4445291104829203,1.4252506584773337,1.4390352624378462,1.4005578101871206,1.4474232413611294,1.4054391046128296,1.4240861571319134,1.3988495973672452,1.4263874338203515,1.4540114711317806,1.4122017944651386,1.3929492423742151,1.4310875132415268,1.4052720725310286,1.4409141653385715,1.4495576952992049,1.4286308389746358,1.4229494384310375,1.424982648196169,1.4661433255921446,1.4164833292962973,1.4464720793517492,1.4422601751287143,1.4204760606055076,1.436845098481022,1.427870130967223,1.4243153104448267,1.4597563552950683,1.452603345387986,1.455624365259128,1.4296405200364168,1.4312501736595296,1.4536374392399178,1.4326894405747197,1.4225733751816376,1.4354240489404928,1.4440440072719032,1.4565050606237258,1.433740365117751,1.4471692218718222,1.4295584848148364,1.4393271700790835,1.4506194769548968,1.4292811800801646,1.416553037156585,1.4364362405483222,1.4309243402089982,1.4431405328325708,1.4394040184967514,1.4644820960379588,1.4736930257804992,1.443268547189327,1.441940517951331,1.442508409055134,1.4596038234557396,1.417546931404591,1.468532369374977,1.4778779824971586,1.44169530781805,1.4315230828091534,1.459157612963886,1.4513947192856282,1.4181809193652346,/bsuhome/jessicagronniger/scratch/6625_Illumina/6625_120_S122_R1_001.fastq.gz,/bsuhome/jessicagronniger/scratch/6625_Illumina/6625_120_S122_R2_001.fastq.gz
PMXC7.NS.M9.NB.RT.REP1.T12,-0.0,-0.0,-0.0,-0.0,-0.0,-0.0,-0.0,-0.0,-0.0,-0.0,1.3526557912550694,1.3104689876117832,1.3210476696279263,1.3002140245495477,1.3169669817291685,1.3926932161524057,1.3795466679312756,1.3889712266254144,1.333825615999786,1.2950435707874517,1.3417388277349631,1.3346101339138106,1.333663065951802,1.365567580932106,1.3770193853229202,1.346639130955216,1.3393224512320294,1.3382064254541215,1.3354910427889808,1.3214036480889548,1.3312676049669152,1.375605992104446,1.366316070060238,1.364430973348159,1.3596650689286427,1.341703459514631,1.3592779727336803,1.3529395777311184,1.34622232217485,1.3657074878737945,1.3116142946799627,1.322044327491523,1.3450199876238178,1.3464651223570934,1.3319133772780871,1.3387737728290932,1.3414926679775798,1.332229622280764,1.319032698847436,1.3513272745104807,1.3190607828720151,1.3404828157262785,1.3466032714960745,1.3588849444879592,1.359989553945946,1.345878028720087,1.3751555250181131,1.3724754452910035,1.346167913972468,1.363343370856778,1.357485984069304,1.3448020069959712,1.3518998844519052,1.3521987346452218,1.3564247772613391,1.367045487476177,1.3498726164833776,1.3282110985747286,1.3230370882786662,1.326302882255717,1.354837269004778,1.3406469621207386,1.3479406397029603,1.3391341724986787,1.3481319620289718,1.336001105775201,1.3474369586222692,1.3519512098407762,1.3294047552714656,1.327967490431574,1.3298177519546313,1.3366421887828357,1.3367492575466533,1.3328100407682577,1.3414440033870765,1.3526106482082307,1.3398373388939508,1.34365125983886,1.3334644027867353,1.3346910331535915,1.3360619938711016,1.3503674959001437,1.3479081514011035,1.3503676676870504,1.3295279244227247,1.3556694007404035,1.3521454182648744,1.3549121555018426,1.3521179967300885,1.3525989592607788,/bsuhome/jessicagronniger/scratch/6625_Illumina/6625_168_S170_R1_001.fastq.gz,/bsuhome/jessicagronniger/scratch/6625_Illumina/6625_168_S170_R2_001.fastq.gz
PMXC7.NS.M9.NB.RT.REP1.T7,-0.0,-0.0,-0.0,-0.0,-0.0,-0.0,-0.0,-0.0,-0.0,-0.0,1.4436528185520028,1.4040503719259054,1.4018429660248048,1.3625988691398645,1.4002447512072485,1.3983370461571696,1.439959444014094,1.4489915152785993,1.4088224323365852,1.3953145545741297,1.4390167175753492,1.441325144293928,1.3940662107712625,1.4600716988636082,1.4226108465589906,1.4394430954717232,1.4107145716379677,1.48059992157847,1.372143299387143,1.406582001406242,1.4457054797791842,1.4216507336922175,1.412683349934327,1.4212428708826994,1.4339085031666967,1.4458831815190998,1.42932381859921,1.4457729254322067,1.393850530882183,1.42390457742942,1.4342033760751003,1.4198501076920604,1.4101630800799685,1.4234888904921057,1.411204155950596,1.447070590167984,1.3863000515726946,1.4477105160597448,1.4439417206902248,1.4401923694985566,1.45687541214325,1.4046427015274945,1.4087423316825238,1.4260376580257332,1.4321564101751278,1.4122928520193223,1.4343791400668422,1.419637793699695,1.4223063496049593,1.4422368202117488,1.4268256779017117,1.4450297934418568,1.41800154559779,1.409626791362039,1.4256170101048595,1.4230752126107884,1.446965447619109,1.4223794505683465,1.4521670531347697,1.4375518328137935,1.4318278342370312,1.4168622523440169,1.4239375132698249,1.435218539014821,1.4568174865081642,1.4044167050298402,1.4416985751804603,1.4143887172287546,1.4068592321044049,1.4528554660308826,1.425225344892478,1.4127716201240363,1.4299134515498149,1.4389150070868564,1.4277830922182693,1.4496694977025153,1.4172254173686183,1.4338517013963443,1.4326650836855976,1.4322323696533763,1.432223764450408,1.4296383823794698,1.4211579315068164,1.4245361359114042,1.4218405409490682,1.4477584686449865,1.4316766704443291,1.45375871769675,1.4424492331857524,1.414981305742787,/bsuhome/jessicagronniger/scratch/6625_Illumina/6625_072_S72_R1_001.fastq.gz,/bsuhome/jessicagronniger/scratch/6625_Illumina/6625_072_S72_R2_001.fastq.gz
PMXC7.NS.M9.NB.RT.REP2.T0,-0.0,-0.0,-0.0,-0.0,-0.0,-0.0,-0.0,-0.0,-0.0,-0.0,6.893898909226239,7.085861637385377,6.957879279498427,6.897295473401671,6.901467508204955,6.929374956014368,6.871942644057102,7.005924514032394,6.832669263273772,6.89177548542517,6.99615709673461,7.124175944445665,7.055159170387394,7.080116964573319,7.064451699665852,7.116149460173414,7.103686569024577,7.026136328394913,7.176923010840278,7.090524766704342,7.136704428547098,7.151433160008476,7.128663518119753,7.070853040751912,7.150239654959842,7.060332620425466,7.119454056626861,7.155631171273597,7.112190830750141,7.084724893451234,7.139463523166454,7.179590000140219,7.1355716242945535,7.125225490741999,7.172275327556497,7.15694260200346,7.177110669300264,7.126161626714802,7.181207174142121,7.167946898307386,7.129533228731808,7.146198193113591,7.152143182213114,7.217623428597571,7.193437624654485,7.19477877443846,7.17265084210438,7.226429077541306,7.196893779568934,7.13109717424333,7.131859837738184,7.159398990797494,7.163278391386021,7.199514273890397,7.258351300587072,7.194242406398864,7.151637065913162,7.191090455776185,7.201312352822812,7.164271240559978,7.264968184272805,7.236584053334619,7.185719512097335,7.189923168303462,7.175676071103906,7.182116021180217,7.209886006655443,7.166341291375386,7.229412621910399,7.245513627345614,7.188917121597554,7.223101559267852,7.1936361741675015,7.215853805493937,7.196785276324092,7.262989765775765,7.199391294565376,7.224791999825005,7.200731865630082,7.206061275870532,7.218051602236888,7.222134811949665,7.235336933961627,7.195044262777755,7.193996317692795,7.170279737324182,7.219421798140955,7.184489316350083,7.236388738904683,7.237580068269363,/bsuhome/jessicagronniger/scratch/6625_Illumina/6625_025_S25_R1_001.fastq.gz,/bsuhome/jessicagronniger/scratch/6625_Illumina/6625_025_S25_R2_001.fastq.gz
PMXC7.NS.M9.NB.RT.REP2.T11,-0.0,-0.0,-0.0,-0.0,-0.0,-0.0,-0.0,-0.0,-0.0,-0.0,1.365606666751075,1.4821930600592217,1.4610262074351847,1.4069414241788305,1.4239956287226871,1.4359752610102168,1.3438994079162057,1.405293324335671,1.4617091989631632,1.4330562491498384,1.3840666630417449,1.4253513715384714,1.427726550003125,1.395973589241856,1.3620196308770811,1.4505536425335352,1.4286373189100652,1.419425878476787,1.4987685910184458,1.467130798384445,1.425002594821497,1.3858390359067894,1.4578216155466717,1.4572953248300822,1.4107218453885844,1.4198611540989583,1.4731121790673825,1.4468924979869875,1.4695744770680377,1.4289407688808833,1.416169895611115,1.447653549296574,1.4450677600463189,1.4426365374662309,1.4347925812179707,1.451085412884475,1.4824023834476294,1.4470945767139634,1.4593335022121063,1.485782184785566,1.4438761539862328,1.4563117908562409,1.4535230818548264,1.4483260215668794,1.443144155325062,1.4688545100235593,1.4638421149502543,1.4501343416775654,1.4724180768086057,1.4476129970349738,1.4389979095991308,1.4379754548934487,1.4640380441547256,1.44648008830033,1.4564785439246737,1.4001091223321138,1.4612572108867283,1.4560746426395237,1.4639573066706777,1.5019134247966983,1.4772412386241198,1.4818788132405654,1.4501712411180068,1.4494492377477186,1.452531401810251,1.4641633635773197,1.4293518513205894,1.4441739637030182,1.4230812236815964,1.447079024843977,1.453940329799123,1.4747409271506284,1.4586466346523892,1.4565026499775138,1.4346988412393475,1.4599954387207772,1.46489399815284,1.4397598800655336,1.4476721151014196,1.451892925132047,1.4310956053683126,1.4572930837596283,1.437993046457246,1.473487189305822,1.45350360593705,1.4594147638793389,1.456228052565834,1.4489280665082924,1.4610173717776864,1.4527739326480713,/bsuhome/jessicagronniger/scratch/6625_Illumina/6625_121_S123_R1_001.fastq.gz,/bsuhome/jessicagronniger/scratch/6625_Illumina/6625_121_S123_R2_001.fastq.gz
PMXC7.NS.M9.NB.RT.REP2.T12,-0.0,-0.0,-0.0,-0.0,-0.0,-0.0,-0.0,-0.0,-0.0,-0.0,1.371694369847468,1.3504350394249036,1.3982469296891005,1.3597471635976324,1.3575396141735478,1.3957612025115502,1.3556739773458886,1.370032123776632,1.433656884217079,1.436158353453474,1.3547076020879163,1.3438007655774162,1.3486286159517062,1.4355470966988104,1.3989918077683958,1.3634022912393406,1.3421461855250123,1.3685019213731215,1.3794537791830772,1.395062849013659,1.3640027834812007,1.414181857500104,1.3832801666295094,1.385620667253132,1.3784079352980514,1.3551359743945166,1.3848486133411506,1.3962068628773698,1.3638588102763465,1.36294119059716,1.373068885750392,1.3878485812414858,1.3677489313665034,1.3999757333232905,1.389864942587964,1.3989604483831837,1.4012344814436826,1.399281052147145,1.3815362753687304,1.390075780025414,1.3756733535580563,1.3634889346483718,1.3669763301181723,1.370695891867881,1.4168624660912148,1.387082571353217,1.406865989778076,1.4114978260162834,1.3863581024964318,1.3854036541004933,1.3967386495998186,1.3837926557854197,1.3736920447270615,1.4156735584206044,1.3992068727186648,1.422839935797703,1.3964601281004654,1.3760279501429336,1.3943224822540137,1.397451282817939,1.38842410037481,1.3554019789112144,1.4223680973360764,1.374303676753178,1.3936871209829635,1.3874355325720755,1.377169967718865,1.4061979109693212,1.3964632659704852,1.41528132262552,1.3851417101748444,1.4010353978045218,1.4157838888833756,1.3932446746592893,1.38625000609125,1.400608236246019,1.3975629616338294,1.406138819680416,1.4083335561618775,1.386990341770772,1.4124484703626723,1.40551380711656,1.4069828581943198,1.3844961450631048,1.3906497207576445,1.3973165111004964,1.4071304307425654,1.3979121566196449,1.403031452251592,1.396339465149754,/bsuhome/jessicagronniger/scratch/6625_Illumina/6625_169_S171_R1_001.fastq.gz,/bsuhome/jessicagronniger/scratch/6625_Illumina/6625_169_S171_R2_001.fastq.gz
PMXC7.NS.M9.NB.RT.REP2.T7,-0.0,-0.0,-0.0,-0.0,-0.0,-0.0,-0.0,-0.0,-0.0,-0.0,1.3602915160134703,1.4714556703832518,1.4021148425750969,1.3842960619614053,1.3663927541268304,1.382975358802052,1.3565634558278223,1.3471737240276904,1.4054352388329188,1.3470020299339165,1.3934096382238383,1.350930596184383,1.3960064716262566,1.3985558815438246,1.4297523964765169,1.3447904825102948,1.4039523470086428,1.366304393899423,1.392425314721642,1.4381362466665464,1.4120093611345812,1.4151253117903435,1.4039203287303983,1.370554756307231,1.4273611479503168,1.3969457110415708,1.4101505069898443,1.420217274596253,1.405735403411203,1.3922856972624502,1.397975918454179,1.4106514787700442,1.4399546726734092,1.404747108825074,1.3901975117789775,1.3586372351183975,1.3943739445756702,1.395130943582317,1.401632735000075,1.380949902788818,1.42170527486694,1.4067096227520002,1.41659125703111,1.3859573569048675,1.399188338332258,1.395990258320495,1.3814559710270962,1.4154549601304558,1.367510613951099,1.407403337858094,1.4070249693089647,1.3959993252622052,1.4085745358076012,1.3979096132371411,1.3833988027666817,1.4295119953008568,1.400845702659256,1.4336871077753706,1.4176657650054694,1.395841798906915,1.421877101419315,1.417004377812378,1.4116811991070473,1.3847627361961192,1.413415233241944,1.3923118529623648,1.4278960495593347,1.4139334808143524,1.3823703565820775,1.379706045955679,1.4237301163406633,1.398488202063229,1.4244554858951133,1.4005812566821794,1.3823146383561131,1.4160017958741704,1.3836206051544888,1.3943739670911033,1.3946226053372908,1.4190485343259656,1.4061958949378672,1.4281615041373028,1.4075551185693078,1.4060394145444,1.3917668515425154,1.4021481939327656,1.3733753049398962,1.440173987086219,1.3909293573841082,1.3809947470485715,/bsuhome/jessicagronniger/scratch/6625_Illumina/6625_073_S73_R1_001.fastq.gz,/bsuhome/jessicagronniger/scratch/6625_Illumina/6625_073_S73_R2_001.fastq.gz
PMXC7.NS.M9.NB.RT.REP3.T0,-0.0,-0.0,-0.0,-0.0,-0.0,-0.0,-0.0,-0.0,-0.0,-0.0,6.349753315281964,6.446993967934862,6.398410413824749,6.383575347277172,6.475418660698291,6.4869295140852845,6.361847247054358,6.398753364455594,6.400560060311673,6.451476944382961,6.602213262836486,6.56575228077139,6.487597545072655,6.577681896893728,6.617584568128258,6.493021950390251,6.553422499733257,6.581187443596551,6.54685684758172,6.55718917472116,6.525266437434572,6.557228810274183,6.641934019773802,6.600114186477188,6.630600441881237,6.552437485814143,6.710795344894582,6.595703485390944,6.653608313432085,6.646554083475175,6.618898795247764,6.6814097637682766,6.649000383457097,6.603996272313904,6.657590913130091,6.6269278286241615,6.6506079685464,6.614823307859839,6.687002071852354,6.63780730392593,6.637141591397359,6.665117680034268,6.642966332699965,6.746717210732195,6.647887715179202,6.625623841521678,6.67193318417332,6.677349034481009,6.67760029805819,6.677501065127287,6.706164753201307,6.626027878704447,6.669403093885048,6.6715497078822406,6.6316185948942,6.689685289474942,6.626913710631032,6.679556064196846,6.622995905050881,6.726733921106106,6.697240356261072,6.703492653643168,6.640422002900256,6.680778275407162,6.688367120467064,6.698299565197122,6.653854586129103,6.660639016157111,6.715507838693961,6.640904755700113,6.708752386485372,6.667839892499414,6.669037405839245,6.671276270073196,6.65524880862135,6.710448416318576,6.68751507377388,6.698596517250078,6.683108695722995,6.693867105320464,6.668480872562496,6.691716910943157,6.687905072966181,6.669521235609087,6.665934273849103,6.706123072398272,6.632165628364923,6.6912693385975,6.661533709145691,6.694248733506809,/bsuhome/jessicagronniger/scratch/6625_Illumina/6625_026_S26_R1_001.fastq.gz,/bsuhome/jessicagronniger/scratch/6625_Illumina/6625_026_S26_R2_001.fastq.gz
PMXC7.NS.M9.NB.RT.REP3.T11,-0.0,-0.0,-0.0,-0.0,-0.0,-0.0,-0.0,-0.0,-0.0,-0.0,1.435844807282021,1.4537565871451958,1.4535932686604138,1.410182948045371,1.45341323474586,1.4084524045647564,1.4647644760282206,1.430587633948602,1.492916527336169,1.4064306978105774,1.425356308064122,1.4360775514890138,1.4347474590087563,1.460674542773419,1.4262373353221596,1.421351591247787,1.371765502855816,1.4486456679990194,1.4097501981428766,1.4405499614718351,1.4398567578219508,1.462043727935617,1.4565219349687184,1.4082224791234266,1.442760411802705,1.406082896503113,1.4484526110757858,1.4533912919865717,1.4495895284424996,1.4158833570657376,1.4428831509731848,1.4515747532715546,1.4452704843860882,1.449102632343776,1.4437329801598464,1.4750639082662738,1.4435747006951969,1.4452411710522022,1.42108419812618,1.4248712703161202,1.4556951643427185,1.4722538103566625,1.4569163904022662,1.4805797434995338,1.462920547114605,1.459206612121285,1.4140005898512715,1.4586755789611667,1.4767118440338671,1.47352075199042,1.4729049684267648,1.4661203036182513,1.4839886236277542,1.462165292926314,1.4615844077662208,1.4480255040463614,1.4761853097771644,1.437479991442427,1.458639641862394,1.4867468385346805,1.4544099225253786,1.453735494494032,1.4611253355492804,1.4712316747546592,1.4522002119276505,1.4318755749401813,1.48025303847317,1.413004638228861,1.4461681846723378,1.4327563350732757,1.4630521005373756,1.4576157942675712,1.4442012686639016,1.4563673785094555,1.460934114611696,1.4584957753598684,1.473693823162049,1.4677421879970778,1.4623879946577991,1.4372820029946698,1.4596331923616177,1.473268769971464,1.4708916481859222,1.480369944088029,1.4491370616814925,1.4862494350553164,1.4571204892285767,1.4448133655076965,1.4619574417508407,1.4605389325222449,/bsuhome/jessicagronniger/scratch/6625_Illumina/6625_122_S124_R1_001.fastq.gz,/bsuhome/jessicagronniger/scratch/6625_Illumina/6625_122_S124_R2_001.fastq.gz
PMXC7.NS.M9.NB.RT.REP3.T12,-0.0,-0.0,-0.0,-0.0,-0.0,-0.0,-0.0,-0.0,-0.0,-0.0,1.477476252877734,1.4942052760387556,1.4356358320774287,1.4523586404855946,1.461873740013818,1.481850971373239,1.5035222401318342,1.3898814521244471,1.453925264995179,1.4320418329318232,1.4546449061800604,1.4927727658842955,1.4220629866781624,1.4342799827186552,1.483278507660712,1.4156785087740638,1.4486271484743891,1.4938292986103634,1.4336703772327606,1.4365972892981442,1.4553123074850016,1.4610858591799378,1.4717348892463644,1.4583478463841446,1.52077242419866,1.4055044461176665,1.462127289091232,1.4668681198117763,1.49034931600576,1.4843606986828033,1.4722355371992688,1.4546724665349962,1.4861114061149974,1.453444533107599,1.4794181161799322,1.4564428424076112,1.4906847757996498,1.463703658235365,1.4848007213420666,1.4624687734595638,1.4519939318678816,1.5003662425387934,1.4487213163345654,1.5023678108097862,1.4723363053400853,1.478896204680224,1.4937219120831042,1.4924079792732252,1.4693499486423722,1.4666672997101506,1.4680355461998524,1.4597879693058626,1.4926472347789566,1.5046994890542973,1.4725233851948671,1.4823126081569258,1.4720178896722569,1.4855365910291642,1.4805940008607217,1.4686888094950563,1.4844001122677657,1.454702943189653,1.4588661054309275,1.4961585143841074,1.4787085835055351,1.4770995255366135,1.4781014780764357,1.4662772105426842,1.4679688707801897,1.439235257998637,1.4785684841552642,1.4758062529401372,1.492624498265918,1.4951249043800592,1.47792673928198,1.463619712989937,1.4621339497520451,1.478241922008626,1.484984499927808,1.4950173125991846,1.455689491914535,1.4844548351140563,1.477878140709622,1.4608246181143127,1.480307018954324,1.4908171779009,1.46864303724585,1.4682626348067849,1.472024074532622,1.4648055428945608,/bsuhome/jessicagronniger/scratch/6625_Illumina/6625_170_S172_R1_001.fastq.gz,/bsuhome/jessicagronniger/scratch/6625_Illumina/6625_170_S172_R2_001.fastq.gz
PMXC7.NS.M9.NB.RT.REP3.T7,-0.0,-0.0,-0.0,-0.0,-0.0,-0.0,-0.0,-0.0,-0.0,-0.0,1.3103772118206662,1.455094135420939,1.3391185315725298,1.3310968616711256,1.3162830947554287,1.389439666836893,1.2985818891487828,1.2854992459227628,1.3585812900545882,1.3342958556975568,1.376304946439284,1.3547798783218143,1.3749986227668616,1.365374494122796,1.369413134584256,1.373269648053774,1.3615877555614098,1.3554868702595069,1.36684831715675,1.4043695887536984,1.374360849334524,1.34500519802129,1.336279634494718,1.331402091637515,1.4120531550145776,1.334781980759236,1.3431951533968949,1.3555034919410558,1.3344296915153695,1.3634049232061676,1.3961749628840392,1.3586264862961828,1.3566015930830455,1.346833228932078,1.3437000146359916,1.3640951859563537,1.377468525999442,1.3393206437661358,1.3641495197128517,1.3341192187164228,1.3626268815364384,1.3497383481172949,1.339227165759181,1.37281898575198,1.3475758279914107,1.3395394428890186,1.3646894019919729,1.33300777196737,1.339533543445789,1.3531603539821315,1.3673311851700132,1.359060879206091,1.3542176278560825,1.35141596972502,1.3628888771100445,1.350688986718465,1.3548127473491638,1.3437792459706497,1.368617193353942,1.3471983676950086,1.3417474475979,1.3652460572354457,1.357443515500896,1.3460222720727368,1.3543972576745666,1.3646408022975949,1.3943890945405115,1.3430109395857162,1.3637839223510766,1.3757750775121602,1.3731304787910543,1.357288514779125,1.391954197542903,1.349939087343912,1.351910513519391,1.358992050677673,1.3555338341305332,1.3514691992094756,1.34440078424827,1.3513631567377162,1.3566664333622398,1.3539524601943502,1.3589301723146516,1.3409492110184478,1.3461836088771073,1.366421961566063,1.3657144733643194,1.3626906866209545,1.346412347258821,1.3584366557384484,/bsuhome/jessicagronniger/scratch/6625_Illumina/6625_074_S74_R1_001.fastq.gz,/bsuhome/jessicagronniger/scratch/6625_Illumina/6625_074_S74_R2_001.fastq.gz
PMXC7.NS.M9.NB.VT.REP1.T0,-0.0,-0.0,-0.0,-0.0,-0.0,-0.0,-0.0,-0.0,-0.0,-0.0,3.0566992401134154,3.093341858643705,3.0709343620857728,3.069842498310257,3.1169773862056016,3.153626801855206,3.013681287951517,3.130102846539067,3.0891545988034643,3.1718686538805136,3.068025220395857,3.1475100559537728,3.053115289750578,3.0808056695466366,3.057561103985791,3.08153822938627,3.093736604992476,3.108819719802442,3.101737895892935,3.098769162558539,3.092258844508419,3.0804782886931665,3.0502173499608483,3.038278896916908,3.1702562921771573,3.1025044522067478,3.1007732377392205,3.0613980961935163,3.077039715417264,3.056841356684333,3.099150679703817,3.1172808832125822,3.1273664716145464,3.095269393650466,3.128433852132323,3.0722660969336077,3.1157417360100177,3.1369066077747108,3.14912760804498,3.0930717072827965,3.156910814194219,3.112750740988772,3.095912849311805,3.096042973856055,3.068596424438221,3.143522146954659,3.105905040233697,3.094549323496929,3.078925736523617,3.080715306405921,3.096879114519478,3.117947541594265,3.090406066239349,3.094825866537961,3.1000397583097468,3.058417460226753,3.1170313765522213,3.106088153337924,3.118756750128069,3.120301772708137,3.125796606328667,3.116240593805538,3.110927672957799,3.1538918435653844,3.126944734850349,3.1282498572749864,3.09549663572804,3.105392629130871,3.1219992958164138,3.109977616924096,3.1144011278395345,3.0844108737018643,3.1069612808220968,3.0878487742794825,3.0998772528035863,3.1207911058007047,3.0893510582391563,3.10244654545093,3.1019479992678622,3.1094865586707483,3.102551024979194,3.1114080690587484,3.0998367823518715,3.0892065151133825,3.122714573647879,3.0928675128926657,3.087476691451516,3.086353164270554,3.125307122982976,3.124919906173412,/bsuhome/jessicagronniger/scratch/6625_Illumina/6625_048_S48_R1_001.fastq.gz,/bsuhome/jessicagronniger/scratch/6625_Illumina/6625_048_S48_R2_001.fastq.gz
PMXC7.NS.M9.NB.VT.REP1.T11,-0.0,-0.0,-0.0,-0.0,-0.0,-0.0,-0.0,-0.0,-0.0,-0.0,1.8232071352660932,1.7816519550481529,1.8219931503167504,1.8521992821149715,1.7903043619940715,1.7325065264982793,1.7539588331364524,1.724071484249421,1.8649703378567324,1.816527929713567,1.798695184906244,1.7622972591724608,1.7857392080687835,1.800218711600746,1.835575129271532,1.8343884261165928,1.8203390309846843,1.8055533107803527,1.8107023625443088,1.830159716216556,1.8447408223771409,1.8351785339723747,1.7987690163652914,1.833578968508886,1.8372169100336704,1.823892720610558,1.8291550904341551,1.84818665183679,1.8133061000705315,1.8338321091722225,1.815530145303582,1.861712996496031,1.8355763875878488,1.8366852019923623,1.7984917008271508,1.8008834703625467,1.843243688500768,1.7968780455166686,1.818565320853181,1.814422023240963,1.8332307687350065,1.8144557980021463,1.7931028655017225,1.8568737057838955,1.8124605461485803,1.8007713140587478,1.8250910992719132,1.837237241633618,1.8397660890044143,1.8099676107836056,1.8336108260098165,1.8154454582035813,1.8145524069673813,1.8458591999720928,1.8294449418796133,1.82896489643816,1.7999109518803131,1.83111018609492,1.7869395865099515,1.8455079128269585,1.7915868385006015,1.8203278863155297,1.8216429517447617,1.80637864789718,1.8190654630115797,1.7998000562997354,1.7900854637883492,1.8345308671252225,1.802447731063677,1.832695345160418,1.812050005699072,1.8180522228558775,1.812524589211695,1.832657436128679,1.8057736574885488,1.7970723799078396,1.8180358743201956,1.800239635468731,1.827072486533344,1.8070841372233228,1.800938696408622,1.8143773243762176,1.809593178762152,1.8280623117923964,1.846111298818128,1.8246158365051213,1.811117362381125,1.8206822098495197,1.8206967226478656,1.812704544367991,/bsuhome/jessicagronniger/scratch/6625_Illumina/6625_144_S146_R1_001.fastq.gz,/bsuhome/jessicagronniger/scratch/6625_Illumina/6625_144_S146_R2_001.fastq.gz
PMXC7.NS.M9.NB.VT.REP1.T12,-0.0,-0.0,-0.0,-0.0,-0.0,-0.0,-0.0,-0.0,-0.0,-0.0,1.6185097838239098,1.6163355878486596,1.630597222767143,1.5923143848552923,1.5839481596326952,1.6728369077472012,1.61252772860737,1.687765428454907,1.5923581029908247,1.6803517556035978,1.659928053837387,1.6400768359222615,1.618159017659026,1.6680531327674322,1.6665247646068468,1.6388118058040886,1.6044825249852015,1.6179558549338786,1.6837647770671205,1.6099537114176967,1.5890502015521644,1.653327631767058,1.62576358589567,1.6242215475464892,1.659013271529526,1.6492877789063691,1.623021901334251,1.6572706380200308,1.6206843619980855,1.5988470737928542,1.6196595651527712,1.628659075380969,1.6374696974889846,1.628405969632268,1.6286115838460555,1.6374131903427505,1.6484863678794095,1.6415079734518774,1.598884787078149,1.6311491197763974,1.644996302383802,1.642169804770834,1.6615700276239256,1.631337509996737,1.6415441904002883,1.6457858239344738,1.6528105199958236,1.64442561240008,1.6217133897461955,1.6324857758853366,1.6196081496287789,1.6142389674531974,1.6638139173960818,1.6310731297864325,1.6450976833561046,1.647179381872325,1.6596233368344218,1.6169463113438614,1.6328429112325376,1.6430809560867017,1.6451945603536509,1.6613372235248889,1.6541003130317449,1.6445942317318527,1.612964253943383,1.619199051369915,1.6264960808851614,1.6342552971209117,1.657419340388679,1.660618026119676,1.6457875759698934,1.6339532682602549,1.6494209852667443,1.6334231002855404,1.628639977092356,1.6524697743750272,1.6317249466509969,1.6120549504554844,1.6469003923102716,1.6481508049740548,1.6649207092972065,1.6433978573723689,1.646399729925519,1.6460372415322146,1.6310586176857709,1.6486413824400423,1.6373738179812698,1.637996668190089,1.6205539661938748,1.6216791096427177,/bsuhome/jessicagronniger/scratch/6625_Illumina/6625_192_S196_R1_001.fastq.gz,/bsuhome/jessicagronniger/scratch/6625_Illumina/6625_192_S196_R2_001.fastq.gz
PMXC7.NS.M9.NB.VT.REP1.T7,-0.0,-0.0,-0.0,-0.0,-0.0,-0.0,-0.0,-0.0,-0.0,-0.0,1.965275343712364,1.9488433194894743,1.9518831370671128,1.9913524151158088,1.8975344613040663,1.961575581704708,1.940839795603814,1.8928917503279363,1.9306565732571417,1.9651791809075791,1.9436043925391036,1.895808731190391,1.9410458853535992,1.9356566481710271,1.9714516143637029,1.983105155506993,1.9160188181715476,1.9271843656890848,1.961005040311246,1.909397032412678,1.94751358480325,1.943274907921928,1.9778391401049864,1.928507569997557,1.9765899010716872,2.034576096423052,1.983185845270072,1.926777239464363,1.9125526702409827,1.9579224811135785,1.959906585918313,1.99214892531524,1.9851116999142453,1.9887560025712068,1.961529280108804,1.9327886422584684,1.9878142314849976,1.9587317127821828,1.949593145577259,1.9427391466989816,1.9303981607850185,1.952456272300629,1.9677740928152987,1.985815852752471,1.9879045747584692,1.9956339790823685,2.0258713349314745,1.974174558502924,1.992569261626789,1.9480551662050691,1.9664825742088092,1.9789956276168137,2.004744152580785,1.990159302054275,1.9695538394432903,1.9693978888041237,1.9526128215102447,1.9643874105183787,1.93603326818644,1.9720907506530727,2.0274985240596384,1.9526221459080704,1.9954705566292568,1.965428321692948,1.9688463888061405,1.977518584915704,1.9826979149906503,1.976912940602792,1.9649346175365396,1.9484595400476807,1.9467558266942695,1.9413525352524132,1.983849842012776,1.9805108369732507,2.00459431147152,1.9595404274276669,1.955397085779551,1.9897232669874056,1.9745194170443487,1.9801624491207224,1.9698482379309712,1.9677306214963528,1.9410747134799864,1.9596164837749623,1.9840072314186636,1.9736091470261872,1.9639160936333355,1.9950514120968257,1.990014254303096,1.9878279094427795,/bsuhome/jessicagronniger/scratch/6625_Illumina/6625_096_S98_R1_001.fastq.gz,/bsuhome/jessicagronniger/scratch/6625_Illumina/6625_096_S98_R2_001.fastq.gz
PMXC7.NS.M9.NB.VT.REP2.T0,-0.0,-0.0,-0.0,-0.0,-0.0,-0.0,-0.0,-0.0,-0.0,-0.0,4.654435815574678,4.655295444450176,4.619325405599761,4.529576487031183,4.649556472276297,4.50249095658473,4.646705863810126,4.466680021021718,4.665299517703426,4.644670696484921,4.5893690663840525,4.712364286950227,4.659012036705125,4.640394437162311,4.635812137516737,4.600731195590838,4.604086334264683,4.684596609240176,4.692811244117995,4.6181749259655,4.682884104218003,4.673105702884982,4.767045747060991,4.709630243730336,4.636783214155413,4.702040949539551,4.676702992382468,4.686331953097632,4.737336817622873,4.692330790819378,4.683306411663883,4.749897043937214,4.639870112660527,4.815405965001863,4.709211049383961,4.738662944865223,4.699664149031144,4.671647581231261,4.638287688548609,4.654815956856754,4.735291115860628,4.699992312694771,4.704473787601823,4.656402219498742,4.717835852023428,4.7250427538781015,4.660202640134953,4.731665405820525,4.725722485749547,4.73554148112935,4.715893292017664,4.69893810966576,4.681865725066839,4.7413242934697255,4.678002208257944,4.736160164316041,4.721263366492377,4.680384913866923,4.65973643330766,4.715845007905811,4.742245138461313,4.7113260557447605,4.681222464844526,4.684295983224674,4.721223168835124,4.703685626457318,4.701752019269361,4.697864760215778,4.717308820088887,4.687149849361577,4.682226606912887,4.754883392707057,4.709526495180474,4.676278553680787,4.696098074588408,4.697432569256168,4.711500100093971,4.736326319175561,4.71896512297756,4.714600731086477,4.764168664535331,4.695840938232819,4.689586934984344,4.701830462509323,4.721492069094133,4.682682624872705,4.68321382157277,4.729491960441864,4.713410853738717,4.775828192258391,/bsuhome/jessicagronniger/scratch/6625_Illumina/6625_049_S49_R1_001.fastq.gz,/bsuhome/jessicagronniger/scratch/6625_Illumina/6625_049_S49_R2_001.fastq.gz
PMXC7.NS.M9.NB.VT.REP2.T11,-0.0,-0.0,-0.0,-0.0,-0.0,-0.0,-0.0,-0.0,-0.0,-0.0,1.7387518292919546,1.7257736380747006,1.7916392963246195,1.7738741439931796,1.7307732288088842,1.754384776294329,1.7543731796280109,1.7240066011357742,1.642965546701828,1.7774941161070008,1.7024019078026538,1.71929218887006,1.7050022253386743,1.7774688370607217,1.7856146958288392,1.7596346538644996,1.7369599341139037,1.742338201317965,1.7738364200399013,1.7427857253048011,1.7383352173055473,1.743728017018482,1.7377624328008223,1.7416203524242184,1.7115602058006216,1.772585820637048,1.713571106180927,1.7655765655417293,1.739069884316479,1.7518013679344322,1.7873101904574928,1.740618112449981,1.7471750125309915,1.7400639631997172,1.7433116166972151,1.748554194079559,1.7490948588108104,1.7477608263146969,1.7390190151994829,1.7605635098332786,1.76795126577934,1.7752819538436986,1.7500787596774168,1.7399167405520402,1.737947122039161,1.7279995299123465,1.7673821351172196,1.7555532902151856,1.7449732857342686,1.7423043103011326,1.7636898144290447,1.7411664698942042,1.7611224623468107,1.739627185275483,1.7751129167492834,1.7664809583671572,1.7542246347992714,1.754563022186173,1.7552801747407487,1.7441113954648313,1.754698231804603,1.7851324506360058,1.7502511426312155,1.7578172472023084,1.7548179030556927,1.7566635470998686,1.7583958458449878,1.7679517090852257,1.7321805678636988,1.751084465430567,1.7522109392734873,1.735048269049351,1.7574520760437624,1.7366790940812578,1.751796792393399,1.7498870408854363,1.7568954217796835,1.7536074452988146,1.7302137827762478,1.7544300902415224,1.7533717306722163,1.757324273456547,1.7517459819411445,1.739310826125357,1.7812996620792358,1.7515067049811115,1.7675701767810363,1.7649672525280924,1.7657595329527416,1.7578501962171538,/bsuhome/jessicagronniger/scratch/6625_Illumina/6625_145_S147_R1_001.fastq.gz,/bsuhome/jessicagronniger/scratch/6625_Illumina/6625_145_S147_R2_001.fastq.gz
PMXC7.NS.M9.NB.VT.REP2.T12,-0.0,-0.0,-0.0,-0.0,-0.0,-0.0,-0.0,-0.0,-0.0,-0.0,1.7258701248733823,1.6781222491859709,1.6608231222318253,1.7718607074929686,1.6880456923440732,1.6958829918741911,1.7092871239286829,1.6972704652771624,1.7326688204817526,1.7113302282964713,1.742978276410313,1.7535143438427605,1.7264330583707412,1.6772381351538983,1.710644491504584,1.6776063914150552,1.731265807599056,1.7456301785475965,1.7114486485138518,1.6820860101877642,1.6566096826279746,1.7147845878655232,1.738734317397756,1.7237490466370973,1.6791463640732414,1.677261412209372,1.7549519288125124,1.7455868899681974,1.7318519105453398,1.7341906713341648,1.7398211090843871,1.7292269608515358,1.7128134983271055,1.7303359048322235,1.6989793933384407,1.7078040941744124,1.7276219486651354,1.7239083139833764,1.7247047825014727,1.720569644310571,1.7351074126589698,1.7428664916685015,1.7080785733524588,1.7296362598657424,1.6902085566565794,1.7382073680778911,1.6903963276754503,1.7123403882211157,1.6966756015955442,1.737846676715345,1.7180521834235942,1.7105041221464228,1.744077167646607,1.717059226242547,1.715262367832992,1.697710354940965,1.7293612747835223,1.710313971108144,1.710540913048611,1.7018549001541443,1.735303348785174,1.7165280653412631,1.743410108029022,1.742556330647937,1.735025907384387,1.7128893551959574,1.7275083161249618,1.7231839002985092,1.7175655679496304,1.7275719090592812,1.7022514178011297,1.7245412535791775,1.723584128362993,1.7452394561991424,1.7386346523250404,1.7158525667181954,1.7197983692554697,1.7058957153971497,1.7455357936143767,1.7318956246924613,1.7215600139091665,1.7536079083786873,1.7220810097893429,1.7202519457903382,1.719411095427843,1.7125160880175392,1.7257879388672963,1.7177855352397493,1.7243195434485834,1.7217219382751787,/bsuhome/jessicagronniger/scratch/6625_Illumina/6625_193_S197_R1_001.fastq.gz,/bsuhome/jessicagronniger/scratch/6625_Illumina/6625_193_S197_R2_001.fastq.gz
PMXC7.NS.M9.NB.VT.REP2.T7,-0.0,-0.0,-0.0,-0.0,-0.0,-0.0,-0.0,-0.0,-0.0,-0.0,1.82884444915909,1.7613338315505505,1.7674288462165584,1.7484840225916152,1.7782537693052534,1.7579344546266586,1.7351307987797329,1.698955422173323,1.836427874477935,1.8001840795798014,1.7135763529128694,1.7985585946804474,1.795351932420578,1.8136534849811885,1.7287361218574469,1.782552804905277,1.736284235902758,1.7623132321391597,1.818249205443276,1.7811032896710075,1.77304691588005,1.7763875036327474,1.785510207850517,1.8508204182278083,1.793982320914263,1.7336185813736211,1.8204068000129572,1.757420470907444,1.7753024149493617,1.804307915022699,1.8230881569561916,1.7657832405965013,1.7959289691399736,1.8331212680862503,1.753112958121839,1.7970158059478467,1.7952675096147266,1.768924304251594,1.798957174927664,1.76726401069312,1.800519793393834,1.820765885050873,1.8312554656923807,1.816222789030105,1.81359598486792,1.8260614448371573,1.7667110216099753,1.8051033037624284,1.7535894916711523,1.831035756356446,1.7978544923657571,1.8134211734977637,1.7792767083430154,1.7979918577799898,1.7681954056050766,1.7801445519692851,1.810212388035127,1.7993990245276372,1.8382889759511063,1.7610742917533952,1.7687731093915164,1.8165001930875004,1.8172278960432573,1.802690330632336,1.78468916934786,1.8091151903733032,1.7906961163065325,1.7939722391003912,1.8111470577449555,1.8038859401334248,1.7992646854331795,1.8131256044801745,1.7896281145010997,1.803131053944258,1.834831388438368,1.816478614153008,1.799777284608031,1.8000992501261828,1.7842563019023794,1.7953659109861309,1.8188263863009664,1.785115302832857,1.8036298638047816,1.77968350612388,1.800545262508383,1.8284194737795865,1.808709610344149,1.776955392965525,1.8226659069793412,1.7961205354619512,/bsuhome/jessicagronniger/scratch/6625_Illumina/6625_097_S99_R1_001.fastq.gz,/bsuhome/jessicagronniger/scratch/6625_Illumina/6625_097_S99_R2_001.fastq.gz
PMXC7.NS.M9.NB.VT.REP3.T0,-0.0,-0.0,-0.0,-0.0,-0.0,-0.0,-0.0,-0.0,-0.0,-0.0,5.400225236823583,5.3349825109351645,5.345100262981387,5.352991094963948,5.473479493838012,5.369901474056891,5.5111791472575,5.3584646393084645,5.452539182422684,5.512674569715856,5.471686698393522,5.436125859631765,5.507695098622569,5.525595067452974,5.511095785521497,5.481089942482746,5.527574824367502,5.470849370457496,5.488295946861202,5.470452044783781,5.470780489783155,5.499318157024232,5.508676705085742,5.50406713064751,5.616549685220473,5.523964591915483,5.5122883548120045,5.469088781226541,5.575936402413326,5.507170503419007,5.518207309373558,5.509442964412253,5.495154507819104,5.527957758696675,5.602937573164005,5.60259722732528,5.523255762301218,5.54122166156805,5.557492192101589,5.537991317495843,5.529773084088374,5.5805081629348505,5.550997018418341,5.555683662129976,5.51025784786103,5.542258524428292,5.5752078782953305,5.501834666242889,5.553804009877323,5.579874906178868,5.496523009054511,5.622358003946877,5.523815379986078,5.508498683565336,5.563219632840999,5.592015040087962,5.5218110042052535,5.603101491114248,5.504625147884344,5.569671826124011,5.539502275661886,5.517848345854094,5.571965242900338,5.521835206888534,5.544916723560288,5.580975777641053,5.578831261406487,5.542159805181426,5.563146490433671,5.620944658968869,5.518415368024646,5.549276543933143,5.574721337183905,5.580592946440779,5.540220579249957,5.514644627568668,5.590615556601835,5.565471750965627,5.532094891980735,5.592273290584321,5.58961598892671,5.586798959205631,5.593446485373398,5.578900307858157,5.570166065124808,5.551598853257219,5.558980247989777,5.575032778529962,5.52534875523865,5.540818064957343,/bsuhome/jessicagronniger/scratch/6625_Illumina/6625_050_S50_R1_001.fastq.gz,/bsuhome/jessicagronniger/scratch/6625_Illumina/6625_050_S50_R2_001.fastq.gz
PMXC7.NS.M9.NB.VT.REP3.T11,-0.0,-0.0,-0.0,-0.0,-0.0,-0.0,-0.0,-0.0,-0.0,-0.0,1.3701532538579029,1.4258347566916911,1.3907165342686976,1.3320448775010072,1.3629298434089,1.313711941578812,1.4371558093050596,1.3649112119380329,1.3570031075999225,1.361647511518402,1.304357328728007,1.4170575253159503,1.3902872767297558,1.3420511887351785,1.3780453055254724,1.33910079147345,1.3459758991385942,1.401317887698646,1.3867238115008484,1.3860335093635554,1.3610110718610622,1.3674764556934391,1.3519027184631356,1.3868743853242371,1.3389267749312317,1.357823345183631,1.3391795135312188,1.374641262061676,1.3692203129849123,1.362097070611339,1.337383223469456,1.3811364798576091,1.3796740957196043,1.3511001170552868,1.3476494090997857,1.3659158214255025,1.3637641439143835,1.349031617939678,1.3509362594168428,1.3685462351762412,1.359375220408146,1.4053045377454765,1.355191600073941,1.3603969064544024,1.3896471744877876,1.3799703485378898,1.3559917217880542,1.384823415809244,1.3743737476830205,1.364376996927371,1.383070267610167,1.362033519971613,1.3663765556903305,1.3670540356069776,1.3737563432874702,1.3796271928770958,1.3638594150568408,1.353506923922107,1.3670040748658705,1.361970339258316,1.3902242000071676,1.3629410816177032,1.3515523449770643,1.377349256773458,1.3621565015908643,1.381423371779072,1.368078593588669,1.3492546856262255,1.3674883990738422,1.3425346830411429,1.3776309435429284,1.3429112755079669,1.3680148830168275,1.359912962063477,1.367318650512937,1.3644193214438962,1.375852206344533,1.4030342828995126,1.391411032404514,1.349390362238207,1.3643846045595702,1.383049142274272,1.379842411430365,1.3711487067008512,1.3810697768168536,1.394438857277549,1.3602301934244108,1.3815641359871609,1.3704291291510076,1.3666239263107751,/bsuhome/jessicagronniger/scratch/6625_Illumina/6625_146_S148_R1_001.fastq.gz,/bsuhome/jessicagronniger/scratch/6625_Illumina/6625_146_S148_R2_001.fastq.gz
PMXC7.NS.M9.NB.VT.REP3.T12,-0.0,-0.0,-0.0,-0.0,-0.0,-0.0,-0.0,-0.0,-0.0,-0.0,1.481757344185303,1.5537429942272516,1.549528958359116,1.553852322109878,1.517047305281178,1.4902776541194973,1.4960369755417424,1.5722980810116327,1.5732677427562556,1.5077823549105585,1.5269237627014445,1.526839410262701,1.552739340945826,1.5044172499152708,1.518619092669983,1.5537684826634233,1.526594222556592,1.5221680440756948,1.5057218391560006,1.5631187942984566,1.5294274012702629,1.5240771807016664,1.5380668649441949,1.5070990860538458,1.5412578371255177,1.5580046949535986,1.5336390836847769,1.5585594017601676,1.5785987018272196,1.5097933271538797,1.54522851101947,1.5449706837707404,1.5618309094690186,1.548036100810396,1.530712664140309,1.5465137910429043,1.5304886970717495,1.5368370050806883,1.5413336721337223,1.5144584654224291,1.5478459147877972,1.54942708445651,1.532433785256489,1.5243463525303074,1.542410832948132,1.5273958487634736,1.5135777390638467,1.5392109503520188,1.546482397707349,1.544863410743597,1.5356539927324424,1.5343091915734342,1.5170915888379215,1.5259715795691386,1.559109966975539,1.5462052454802615,1.5330481742177045,1.52804390666195,1.5598681198113005,1.5259966539562466,1.537835652984683,1.535273035630401,1.5622149823689369,1.5426447213137175,1.5425338557007795,1.528147913139556,1.537021349730878,1.537026037179466,1.5397711585363207,1.548268504914154,1.5420510248276509,1.5417764233298468,1.5187791072714545,1.545093673120049,1.5271350858863104,1.5674613966637656,1.5330529598718752,1.537653411715546,1.5429989463579217,1.5277276525397427,1.5343078594845538,1.5488519655413715,1.5321815157394252,1.534233965951747,1.5230339743946526,1.5261863389664676,1.5298615537656386,1.5428941128539426,1.538692681857752,1.5428297678419305,/bsuhome/jessicagronniger/scratch/6625_Illumina/6625_194_S198_R1_001.fastq.gz,/bsuhome/jessicagronniger/scratch/6625_Illumina/6625_194_S198_R2_001.fastq.gz
PMXC7.NS.M9.NB.VT.REP3.T7,-0.0,-0.0,-0.0,-0.0,-0.0,-0.0,-0.0,-0.0,-0.0,-0.0,1.4792832041306636,1.552005725162083,1.4690180497887897,1.5157849388639515,1.4951138000147668,1.4787266580865217,1.4786087059891373,1.5226447865581174,1.4620965928508929,1.4518825748677693,1.53106080592898,1.531090438745017,1.5197055795588057,1.52906715767191,1.5374841656705922,1.5087891804304403,1.4780443042373477,1.5109852794152372,1.517761000067752,1.5049081402788722,1.489796084797916,1.5146037182516772,1.520652323308374,1.5166558338699054,1.4926768590054345,1.50045053302393,1.5057505616813844,1.4787196583841788,1.4958491866907393,1.4989803513399884,1.5291302303578436,1.500588975860242,1.52059096920926,1.5330300640124863,1.5169429591771435,1.4994610339142027,1.4943675925772653,1.4989759368764313,1.52595830892479,1.5108816475217115,1.4943928307962202,1.5061890382363874,1.5024441125903587,1.532912453543652,1.4959782604521523,1.5199095410894867,1.555783189009328,1.517291139529107,1.4993747651168785,1.5113092240043062,1.5334438166943225,1.5051692388329383,1.490821715705898,1.518703014935995,1.510600358834416,1.5186592126541507,1.5185381452799265,1.5187931143377555,1.5100882709018115,1.506377789129646,1.5110105084253451,1.5094392386586517,1.517399344225273,1.5066223937380263,1.515822867436452,1.5031597231634293,1.4963661814799485,1.505039084304146,1.5241808358410731,1.4949516602229096,1.5015125673983227,1.4997606864406687,1.4999710769139232,1.5023558422469052,1.5056884623791165,1.5241887756686878,1.5005507394907378,1.4990104786629272,1.525309081385734,1.502395232561567,1.5135733108358584,1.5087652858560372,1.5225131760807256,1.5076802234538162,1.504821383733376,1.5131756811210888,1.494506924584223,1.5089531477038738,1.514568512824687,1.5155723062885431,/bsuhome/jessicagronniger/scratch/6625_Illumina/6625_098_S100_R1_001.fastq.gz,/bsuhome/jessicagronniger/scratch/6625_Illumina/6625_098_S100_R2_001.fastq.gz
PMXC7.S.CR.B.RT.REP1.T0,-0.0,-0.0,-0.0,-0.0,-0.0,-0.0,-0.0,-0.0,-0.0,-0.0,2.2720997200699573,2.224950488529683,2.18434228711205,2.188415545932536,2.2280641786758006,2.260309547658577,2.2549273438848734,2.2351431039208856,2.2169455316629323,2.204650537271257,2.175534655998589,2.202904403061631,2.2817139143260445,2.2354879495820565,2.194473514974131,2.241911774797666,2.1872063390199084,2.17540954805332,2.202237488692665,2.208488213705542,2.247183620266056,2.245020562517736,2.2074328030252413,2.221344973338905,2.2064100241775,2.1682727833007944,2.1969677774171874,2.2294204647520783,2.187374162462358,2.235515138697587,2.235410795479668,2.2271958903733564,2.224937903902907,2.233547805697546,2.2274881728798106,2.190563116870248,2.1958783002840616,2.2087220554457523,2.2659265676530618,2.1670016493443534,2.213345799624938,2.222008042383332,2.221058735665674,2.2230642528833275,2.258290212434287,2.2096521277054992,2.214979879293187,2.2620048246442,2.21231249321553,2.2374616397584823,2.2426205331393283,2.2201549462058923,2.201102486168413,2.24602776371909,2.2798115069433487,2.245789613088715,2.215455677458154,2.222595205987766,2.263369002080147,2.2263540349738467,2.236325576625162,2.225867470041338,2.2127368786221218,2.2255856680556376,2.22295179246609,2.2285211809850907,2.2403263886420053,2.2219740347715544,2.263748453854953,2.23367752240506,2.2112201322295806,2.214859043072353,2.240834709762661,2.2315360096807315,2.2259074032545096,2.2168948683344483,2.2163318782459958,2.2267593404750654,2.219915454601321,2.218360746507607,2.204290152249537,2.218675152355022,2.233991228901158,2.204626648189762,2.2598576683708944,2.2270924663176235,2.235768032816252,2.230909507059868,2.2266809570711343,2.234361781237969,/bsuhome/jessicagronniger/scratch/6625_Illumina/6625_003_S3_R1_001.fastq.gz,/bsuhome/jessicagronniger/scratch/6625_Illumina/6625_003_S3_R2_001.fastq.gz
PMXC7.S.CR.B.RT.REP1.T11,-0.0,-0.0,-0.0,-0.0,-0.0,-0.0,-0.0,-0.0,-0.0,-0.0,2.3890579053188863,2.354145485196672,2.38336052854565,2.3407072437369454,2.295085134716061,2.41794214847971,2.400795932614154,2.3888683410066007,2.3645685074951084,2.359186881841817,2.368866721742399,2.3936176251792958,2.3654680266179624,2.390600828101433,2.41093245809938,2.360199803884468,2.3980278053878816,2.4090955482277208,2.3861502995856605,2.3643532599458656,2.336145761188842,2.384050637620532,2.4092753445773,2.3735790037504274,2.3780628993501987,2.3880450778819684,2.3797255306163154,2.387218325491312,2.3849516512448945,2.384333955271277,2.3883333467534373,2.3826066777033894,2.37157693545085,2.3928485132867103,2.3630257240360555,2.39837008672626,2.3804264517067133,2.3644013614865376,2.4059085958906588,2.366070435406919,2.4013681255466217,2.3655566297186934,2.393558152006252,2.3749764251642334,2.4124723121906477,2.37634856816173,2.377407581335782,2.3576756604178533,2.3793435161845293,2.37470181921013,2.381482811667183,2.37681632727616,2.3860467774056318,2.3850777396808183,2.378591243348287,2.377161388653484,2.4004885633377038,2.375846911635125,2.384792714602028,2.3750980449628307,2.3694508233519103,2.38291348270416,2.377664022030485,2.387228887283311,2.4007023502909397,2.4036665472671914,2.3894522722035862,2.4032854978697595,2.367367545762185,2.381508648763896,2.370397197779471,2.3914155275452327,2.394945092432952,2.386959986259361,2.403115065906158,2.382849708175626,2.386033876285891,2.390953518329016,2.3866966177950606,2.368367611410981,2.3978689225291845,2.3894512251597,2.373467158340971,2.3604847406042957,2.3954588589566286,2.3980175403315243,2.3654586104137607,2.364043925542885,2.361708437791741,2.38017008349412,/bsuhome/jessicagronniger/scratch/6625_Illumina/6625_099_S101_R1_001.fastq.gz,/bsuhome/jessicagronniger/scratch/6625_Illumina/6625_099_S101_R2_001.fastq.gz
PMXC7.S.CR.B.RT.REP1.T12,-0.0,-0.0,-0.0,-0.0,-0.0,-0.0,-0.0,-0.0,-0.0,-0.0,2.611599787516486,2.531607719702804,2.6091355470346667,2.614935822751665,2.5889179849448225,2.612124479263698,2.6809623697249982,2.678356696820141,2.593433156500881,2.5884146784127315,2.6070919617453923,2.5757892991882376,2.621344125156948,2.6034525817831,2.5956274212370976,2.579289440994226,2.5912740704489523,2.575395066497267,2.55760405327361,2.602600736439807,2.597089289151786,2.5875836579588603,2.6105121455690274,2.57335665218028,2.586848030747656,2.600675074959534,2.6149136000289643,2.592157805641836,2.614611262440331,2.618362428976291,2.5882624944833594,2.602373613758345,2.600022256946549,2.5930434290065416,2.595986628189485,2.6115812322492045,2.615035395399197,2.599592638611895,2.5732698024064646,2.596489922572634,2.608662129079222,2.603272339524042,2.594667991123087,2.581655201571059,2.598684814836436,2.6019797548882067,2.568984615486452,2.600821024963125,2.620966449800903,2.630160186214641,2.6049980969982287,2.6159994830041384,2.585092001275691,2.593482909607762,2.616866297118775,2.606070914731633,2.612216032909678,2.5861192752946573,2.614852603406469,2.606044461716212,2.611896275236749,2.565716582495586,2.604891313245798,2.5904038943136576,2.619888003257369,2.593078672843398,2.6127069946833235,2.6076738975607268,2.5920027843928883,2.6125331240571983,2.6083817011557477,2.611613203272933,2.584793237871066,2.586982963571356,2.6161729607088526,2.608431353458573,2.595554764780301,2.579755809776997,2.599412733298464,2.5751657545607687,2.575579821347491,2.6110688969030087,2.5984531843263,2.607308445912102,2.5901340662996697,2.5860420116573724,2.591165489838988,2.5948916622303773,2.597469465090158,2.5865105067771323,/bsuhome/jessicagronniger/scratch/6625_Illumina/6625_147_S149_R1_001.fastq.gz,/bsuhome/jessicagronniger/scratch/6625_Illumina/6625_147_S149_R2_001.fastq.gz
PMXC7.S.CR.B.RT.REP1.T7,-0.0,-0.0,-0.0,-0.0,-0.0,-0.0,-0.0,-0.0,-0.0,-0.0,3.0238539235528767,2.9953484494551565,3.000335216720638,2.9451917093869904,2.9052475255390164,3.004736952991056,2.967087200667806,2.9427926517549547,2.9609675356995138,2.922018637919009,2.9594138138015755,2.9087443799918677,3.002517548642265,2.9913258921054195,2.951818573202325,2.972247717909772,2.99165010290182,2.983489863329862,2.979489528097494,2.98204788459618,2.9730749964528123,2.9695582364455926,2.974551847510649,2.9885011361488902,2.950036218315632,2.956618354297809,2.964272940581575,2.9620647067413435,2.9394453137683025,2.9527830309531398,2.977871801295325,2.9758401068336693,2.981193040325662,2.982692322100513,2.9534594094302418,2.9924592759335824,2.994361167863488,2.9743999943559363,2.9832343308539,2.992441546519613,2.975918530450302,2.930753375023795,2.9903002421974105,2.983207018221464,2.9747001039914176,2.954347694890262,2.9708641498951027,2.966727964425016,2.99153390938538,2.971340014701906,2.960795480511333,2.965839265446101,3.006361645883878,2.9672320875175555,2.9534887529068112,2.973001521215822,2.963698267167842,2.963316848497623,2.95965440087958,2.9810987452576314,2.989627501340129,2.984904122203316,2.974517403943044,2.9698395432696074,3.0048753303491127,2.980814832465535,2.9643191346586906,2.9603151037604296,2.957341636956788,2.989125521537584,2.9598882165265614,2.981547662934962,2.9726872716884807,2.972791039266391,2.96174579144795,2.973372754202568,2.9554340850677923,2.962008601984948,2.9688147189819047,2.9797483320609137,2.9824692186589745,2.9789246348155163,2.9721281006139955,2.973823329307318,2.9684857631406745,2.9829663136315223,2.9862826128365514,2.9674646998006637,2.97819374046886,2.956512628531589,/bsuhome/jessicagronniger/scratch/6625_Illumina/6625_051_S51_R1_001.fastq.gz,/bsuhome/jessicagronniger/scratch/6625_Illumina/6625_051_S51_R2_001.fastq.gz
PMXC7.S.CR.B.RT.REP2.T0,-0.0,-0.0,-0.0,-0.0,-0.0,-0.0,-0.0,-0.0,-0.0,-0.0,2.4892252420707988,2.3640123350345466,2.4305515204837413,2.376862139659949,2.349643473624905,2.395729891277491,2.4648705724652387,2.341614152619649,2.211555649041832,2.3006067777047248,2.384099619210144,2.2921915436350404,2.4009148457312497,2.3757690697871503,2.38466966440634,2.382751173500591,2.4029849771878635,2.4239034502254824,2.4064266448763414,2.3617381821801717,2.388005706349013,2.4271185192196616,2.3687768324478315,2.403194021552286,2.4221128081397114,2.4216776949463,2.4154372294073645,2.361710079850585,2.3421270874908404,2.37769327669239,2.393290633856207,2.3883506656215547,2.422803224484747,2.365444755939813,2.4207689135868526,2.4025165695306563,2.4255243884372386,2.422959690405549,2.3986164591653982,2.393760678414341,2.431649270391253,2.4088836800781537,2.349480063847577,2.423616535653814,2.358979613321014,2.3740372749413483,2.4257309759923857,2.377219972599441,2.346266956209352,2.3663799272155743,2.399458538075069,2.42062879928892,2.365807498541491,2.41157699850125,2.382263549338715,2.390756469513704,2.3971546972183466,2.375157783049007,2.380383542536255,2.4175352403557007,2.362596308106569,2.3920987746583293,2.3981523601749712,2.400134653110896,2.3846241610636847,2.3687612106920644,2.370107814275622,2.418183389321785,2.397297956214657,2.3849142610983907,2.418228172122875,2.395438365686985,2.416291382915265,2.363941741215644,2.3882379295042804,2.38650583979497,2.374998090784949,2.400673520078302,2.405922534600269,2.3876815057781755,2.3998578914776165,2.367707304372562,2.4068952758328157,2.426574313985603,2.365181598984956,2.371944201743793,2.3906299844871435,2.398617463233986,2.388046013892626,2.3983388190663804,/bsuhome/jessicagronniger/scratch/6625_Illumina/6625_004_S4_R1_001.fastq.gz,/bsuhome/jessicagronniger/scratch/6625_Illumina/6625_004_S4_R2_001.fastq.gz
PMXC7.S.CR.B.RT.REP2.T11,-0.0,-0.0,-0.0,-0.0,-0.0,-0.0,-0.0,-0.0,-0.0,-0.0,2.5392428453921303,2.464590198763676,2.579372284016623,2.5364417714497858,2.56137982981301,2.537094289005174,2.5416125016416844,2.5892838636743183,2.5067533291589426,2.5459920967629794,2.514086523837576,2.5366209145399874,2.531708987911516,2.542500206700204,2.5489162943921064,2.533898585565206,2.523541553800209,2.523387460099333,2.512708365057746,2.5773706968778405,2.548711299749717,2.556985302307378,2.512494690911929,2.5415903642181226,2.521283843754188,2.523101205012501,2.5515022635760163,2.56738169309303,2.5650515503886577,2.51848229561184,2.5406498635019807,2.5281494300841723,2.557805008325373,2.510756381661165,2.521083409789645,2.54117579460769,2.5569213663700645,2.5056596318527324,2.505824465567901,2.5403069160103704,2.545174141987823,2.5397313041280056,2.5573460773970718,2.514926128214976,2.537206347987469,2.555545576978206,2.506064948283805,2.5159080960318634,2.5584687130558037,2.523872071989389,2.534438406184554,2.5268854626701955,2.572342046321163,2.529351111685222,2.5595665622873343,2.538656832788671,2.545553975119556,2.5329916648393263,2.542203797006846,2.5316784213436145,2.531706146015733,2.5311766562599014,2.5438951475508977,2.5340250896721503,2.555089091771203,2.5513074873669264,2.5133952353746687,2.538540875414116,2.5235279498747363,2.540742285374374,2.532440833313665,2.5332794356998134,2.542055241243565,2.551149061293583,2.522434901227145,2.5454401995493923,2.544138221626899,2.528028818164768,2.56241992153788,2.5363392868402084,2.5304747033736463,2.5430858603187336,2.533666783204026,2.536609444618284,2.5263444259450143,2.548151636273575,2.540662000272204,2.538968510947883,2.53611868729894,2.5389394847872278,/bsuhome/jessicagronniger/scratch/6625_Illumina/6625_100_S102_R1_001.fastq.gz,/bsuhome/jessicagronniger/scratch/6625_Illumina/6625_100_S102_R2_001.fastq.gz
PMXC7.S.CR.B.RT.REP2.T12,-0.0,-0.0,-0.0,-0.0,-0.0,-0.0,-0.0,-0.0,-0.0,-0.0,2.513765581505936,2.585446490031216,2.564900464664438,2.58258091958527,2.538359993097949,2.5461819602353586,2.575660477797597,2.4966527555447917,2.530898948618207,2.524111239809105,2.515383546800734,2.544921160840808,2.56036674406602,2.569085173531482,2.548272415882983,2.558003546559011,2.5323660018370253,2.5503148938699978,2.589102977351976,2.524436681367952,2.563415276356272,2.515589717515413,2.5721261306252408,2.5735396809750117,2.5559749567137025,2.571059299260648,2.5384197166157167,2.5520984614463864,2.5295469490667792,2.55212565049619,2.5545241264536647,2.556062335495161,2.536667463433149,2.5544718661658528,2.537726091304424,2.575199269178421,2.546096810379286,2.544086814340537,2.5508661292123813,2.5569393475983877,2.579439580481679,2.557648541775742,2.570017308271335,2.5828953351998893,2.5281487466893795,2.5526658377239304,2.545191521419306,2.5884115286601097,2.5518928550279942,2.564784724705329,2.5759022717323075,2.5524088465725723,2.562234087967424,2.5614916202863234,2.555911304668247,2.555401597803486,2.586722001338846,2.5443307391650625,2.541705513364173,2.5683721549463674,2.5465376114967,2.58342205702254,2.574627214186366,2.560939736723234,2.544487074334462,2.5627506638157564,2.563371319060502,2.5289362476432182,2.561679630197385,2.5364516603260814,2.570430901956821,2.5690713011768205,2.5519818229301934,2.5553660281331765,2.525745984687475,2.5546313547342163,2.573751416146389,2.57272403830599,2.5567488513062337,2.554167339471157,2.5769038092506635,2.546467500660148,2.558009260413728,2.552486630637461,2.577713908937312,2.5673876526373385,2.559453517458601,2.554804678802559,2.551203750477432,2.587579553112787,/bsuhome/jessicagronniger/scratch/6625_Illumina/6625_148_S150_R1_001.fastq.gz,/bsuhome/jessicagronniger/scratch/6625_Illumina/6625_148_S150_R2_001.fastq.gz
PMXC7.S.CR.B.RT.REP2.T7,-0.0,-0.0,-0.0,-0.0,-0.0,-0.0,-0.0,-0.0,-0.0,-0.0,2.8701058459330864,3.035425577686481,2.867179450726389,2.9249985147601607,2.926437809135113,2.8356413298401906,2.940101548818552,2.993632347626007,3.012388706964458,2.937079130131381,2.9499791062948155,2.9738655426589973,3.020541256017848,3.0346195303288823,2.9913398521345096,2.9801904414177725,2.978274083145028,2.938605055940487,2.937709510934055,2.982676367350784,2.9743824224684965,2.9841726125644654,2.9694659022648926,2.9567214023003943,2.933555105709218,2.9610682528919807,2.945291144969768,2.9736836552380885,2.9905646178954024,2.962911141543235,2.983167966706876,2.953994053970596,2.970947708044166,2.9806122031012108,2.9674041603243526,2.970192685500858,2.947007992983944,2.9608491486758366,2.934085360970625,2.933752987461501,2.977516960073188,2.98121160108899,3.0182492865319466,2.9488711975812363,2.9323000888941952,2.97642743634998,2.9769480306521445,2.9494670248012413,2.963003587679714,2.9499761583792647,2.991483180870571,2.9798963821992306,2.9888465236680086,2.984319429633646,2.963565318398082,2.962702013342699,2.9774851058705964,2.977994109887337,2.9687218618168925,2.9766546727269407,2.9916468599356687,2.969175052561891,2.984137686165725,2.965435719318736,2.911378131037213,2.979920361477602,2.969126732391069,2.958459349982333,2.9691268773683364,2.935275135226506,2.996046318845369,2.98426110124451,2.960375753678592,2.987549256132766,2.9791885707911745,3.000026811735925,2.966614827499489,2.979685162256661,2.9895499935571723,2.96531447201446,2.952346064371066,2.9699962699317672,2.960398555081008,2.988525755077416,2.966362096384417,2.958379866886024,2.972637321142232,2.997647643484449,2.9551351472150698,2.984077886910744,/bsuhome/jessicagronniger/scratch/6625_Illumina/6625_052_S52_R1_001.fastq.gz,/bsuhome/jessicagronniger/scratch/6625_Illumina/6625_052_S52_R2_001.fastq.gz
PMXC7.S.CR.B.RT.REP3.T0,-0.0,-0.0,-0.0,-0.0,-0.0,-0.0,-0.0,-0.0,-0.0,-0.0,2.3855195866871823,2.5585069085112164,2.420191702622989,2.4424694160013094,2.4617430850256192,2.464694894848317,2.4313174389435823,2.460513377096294,2.3878155307604474,2.4194656223480213,2.424747368717435,2.429916395297249,2.472151695658923,2.443928197344562,2.435089513557008,2.3934651352373484,2.4688856645897306,2.51976503610069,2.5045689514151723,2.4971057919040134,2.479006868507827,2.4607142280627503,2.4692025632224297,2.498621565688341,2.480917680967384,2.526667317853151,2.487517215514918,2.5137907167322093,2.47849528364221,2.4967221009886176,2.4496612432469984,2.465133152735301,2.434380992370458,2.470007695806867,2.447670576035055,2.456972742767723,2.4614764053659304,2.445257209062784,2.466449594596508,2.4354860691647144,2.471233897831414,2.4572371890157343,2.4713973144729926,2.500338387244779,2.475815726763005,2.4437087054659665,2.439378492240068,2.4479531179792886,2.477103013060596,2.4317251106838733,2.460437167129056,2.464603779393315,2.433477633748667,2.46750854079609,2.46546883310465,2.4766207442824872,2.4740806175017847,2.4537269894581857,2.4968767313235856,2.463583024991917,2.4602434841632066,2.452202473425544,2.445621262859493,2.431285004186057,2.47392789280667,2.467364807898284,2.4548552913583173,2.4552271029959267,2.467744006785892,2.4825500174987534,2.4598951241684466,2.436358380419891,2.467871861242611,2.437828227727016,2.4598336675766443,2.468242248127924,2.4703534525492645,2.461365182568299,2.469921894568122,2.4538346385477627,2.449467486211696,2.459401272969991,2.4758477701995547,2.45222318879822,2.470114336852073,2.464765062238848,2.4654567812857398,2.4719865272650776,2.472233889719401,2.482430778088468,/bsuhome/jessicagronniger/scratch/6625_Illumina/6625_005_S5_R1_001.fastq.gz,/bsuhome/jessicagronniger/scratch/6625_Illumina/6625_005_S5_R2_001.fastq.gz
PMXC7.S.CR.B.RT.REP3.T11,-0.0,-0.0,-0.0,-0.0,-0.0,-0.0,-0.0,-0.0,-0.0,-0.0,2.4676058580454856,2.5916485952936767,2.5430414763096283,2.484395639507856,2.5609028234547493,2.5061873909062258,2.53427100236166,2.466773421295612,2.5554415069997294,2.5058030923866723,2.5125751095299016,2.5509688393945287,2.543063752777676,2.566028990596084,2.5856976694684706,2.525243560294037,2.5058408957271263,2.5013559160780465,2.523187297317006,2.537526597114741,2.5324667610367064,2.5245225248603083,2.505630855811944,2.514902923938875,2.532466445636768,2.5530407961394803,2.5342292968248192,2.5243057798904296,2.514398965189974,2.482485650224252,2.5094451486264586,2.495039068468365,2.5280713173842324,2.525473315727451,2.498453638202273,2.500896470204739,2.520065280076964,2.538528625040275,2.4974994352642645,2.5144444815616285,2.50964603143608,2.487698231453063,2.4691339212044565,2.511750567826435,2.534474341583674,2.5100754919998565,2.501186169512384,2.5545594695917746,2.52722493545662,2.493546582182393,2.4964404029035525,2.5263762713475,2.5456721591530096,2.5429465352474176,2.52708245604702,2.521038092806553,2.5250402382357318,2.499246345274616,2.506700432965716,2.5218482664856587,2.538229261126213,2.5185284981748275,2.514973824360296,2.517181261409643,2.5284459379796798,2.4977283637653938,2.527063020939143,2.501472823800904,2.5311107472650343,2.5157243704955268,2.493813119250902,2.503058290493001,2.537484967410704,2.508243384024834,2.5020779241543405,2.5228917353653686,2.5286980919644457,2.534585175970963,2.537447204361988,2.5453467377543797,2.5109178456451846,2.519719462003919,2.529095366236589,2.5450754086176968,2.523335632066205,2.510801208383852,2.5203919743636414,2.5206410382654663,2.493561116035623,2.5354768667967083,/bsuhome/jessicagronniger/scratch/6625_Illumina/6625_101_S103_R1_001.fastq.gz,/bsuhome/jessicagronniger/scratch/6625_Illumina/6625_101_S103_R2_001.fastq.gz
PMXC7.S.CR.B.RT.REP3.T12,-0.0,-0.0,-0.0,-0.0,-0.0,-0.0,-0.0,-0.0,-0.0,-0.0,2.274998667707744,2.2421745443392105,2.244690173067593,2.305937993251204,2.326761203305886,2.3246340430918506,2.257942086109841,2.300448699358604,2.2781828160217787,2.260616928294838,2.2293026253684145,2.2750440137000782,2.2337035819762803,2.293978407584935,2.2580850359961304,2.321863289521929,2.3390644011815813,2.327523162994008,2.2924893865835543,2.2711411763125917,2.3147006165128694,2.276209739984039,2.289857912551926,2.3038564616525488,2.2486067298007546,2.2983679156640577,2.2656288009580385,2.332536705704266,2.3025286269646754,2.263004514372113,2.25886428809018,2.3216190340781067,2.300782819014313,2.3103371714218963,2.3117644157649515,2.3234970951396243,2.301776330356963,2.2870083570344804,2.267961412346378,2.304940965658501,2.292641332131347,2.284040548459862,2.27575823100464,2.272192795811056,2.279795994697854,2.284861255323497,2.309656892552681,2.2856602309131797,2.2769920615267143,2.277436076698348,2.301401721374535,2.299851985199874,2.2653606450359045,2.2800443809718614,2.242976570244665,2.277280941669428,2.2978356370552584,2.286298219741593,2.2796741313641844,2.2703623787171217,2.261343743392224,2.286166001904781,2.279860033595752,2.299242517817772,2.299771219828912,2.2777794484750364,2.2769275052299585,2.294189981472188,2.2962224654502488,2.273877486542449,2.2969918731786683,2.297522963849893,2.263443972996795,2.2831428263417872,2.2823930078659824,2.2838761691224776,2.277499578969916,2.2969590438741343,2.252352403221941,2.2695434133507377,2.2797938847448944,2.2884642854337574,2.2915182751035443,2.276517419308347,2.2849830740177777,2.2830585630228337,2.3057480907237213,2.280687425762179,2.2723302358957764,2.281005192200795,/bsuhome/jessicagronniger/scratch/6625_Illumina/6625_149_S151_R1_001.fastq.gz,/bsuhome/jessicagronniger/scratch/6625_Illumina/6625_149_S151_R2_001.fastq.gz
PMXC7.S.CR.B.RT.REP3.T7,-0.0,-0.0,-0.0,-0.0,-0.0,-0.0,-0.0,-0.0,-0.0,-0.0,2.4481792662612456,2.4126475661480367,2.406139944798748,2.438634640531156,2.356645437576443,2.388053311101461,2.4546862888434813,2.489390438787763,2.563164788580556,2.4650959766703413,2.4780975759458443,2.4614191977392723,2.460747381864594,2.4518197833289284,2.478352666121113,2.44951886492483,2.479474050314457,2.424985956239492,2.4732071491961856,2.492975598450377,2.484642542496512,2.4583246764108555,2.463963793115891,2.489759885966556,2.43938051553566,2.446999608678568,2.459383039711499,2.4624892124721343,2.512865106661032,2.4762751088127897,2.4636316862031893,2.482008757705941,2.459701256227594,2.495353579719356,2.4471576367135954,2.4477423532428846,2.475543474768251,2.4341389637011783,2.4634038216208163,2.494078573138566,2.465898501389723,2.4698976455163826,2.458844957594634,2.4499296417531475,2.4688430370357954,2.4531693935933783,2.472764239114813,2.4466580370136097,2.434748692595,2.4498928490823,2.455246311098207,2.466048790840789,2.468262429565052,2.476278850666102,2.455627642386572,2.4689938519601693,2.497007281406519,2.4394718807232776,2.465749490628084,2.466692385296464,2.445418896084804,2.463605359407688,2.477236469836664,2.46970511897127,2.4355323829049267,2.45312549514869,2.4675638637008697,2.461011069986524,2.476437463040285,2.451646856986848,2.4760634520112044,2.453342310525056,2.476101942316117,2.436540359437995,2.4874499579353797,2.4607730639862586,2.4782370502514848,2.456753898839226,2.474757129571047,2.4507999459369705,2.4449301002360686,2.4644716209911204,2.462659220075009,2.443728417649919,2.4578853023024765,2.4887740645742347,2.449300894491934,2.456239980679987,2.47635981588266,2.45376690394546,/bsuhome/jessicagronniger/scratch/6625_Illumina/6625_053_S53_R1_001.fastq.gz,/bsuhome/jessicagronniger/scratch/6625_Illumina/6625_053_S53_R2_001.fastq.gz
PMXC7.S.CR.B.VT.REP1.T0,-0.0,-0.0,-0.0,-0.0,-0.0,-0.0,-0.0,-0.0,-0.0,-0.0,3.864130609716607,3.8717205189998265,3.8112759192677146,3.879786113648312,3.862742385784336,3.998689806340877,3.8245634059208578,3.786025597541281,3.8098077692904138,3.92044777907454,3.891838992521497,3.9001378274797305,3.9238868298283,3.798057216328941,3.9815268751050663,3.896123052289998,3.985804338404888,3.986389380131353,3.946193522833811,3.889984497991907,3.8884884609209753,3.9610237009254,3.888079294607319,3.888146344170656,3.9152723218706846,3.8674100995871816,3.885174529216716,3.93065961444397,3.860393567627349,3.926029116719947,3.904543899333692,3.948544168060263,3.882663960320278,3.920597591721824,3.940443394254419,3.928268374391169,3.8817353550057048,3.948737349044766,3.941303308989173,3.904943243062316,3.9410779844065793,3.9231086157492,3.962593180374982,3.942566383908304,3.9229788432472414,3.912498698460914,3.910595782106399,3.937634872990993,3.893516521569214,3.9592002837066618,3.907584488110977,3.952524832216235,3.927280378464831,3.920933839947194,3.956113173023952,3.932449794088338,3.892800707574607,3.950755228984343,3.936413247497308,3.943513005698769,3.955895395684432,3.9395556367530618,3.92339320149636,3.9500623244416855,3.9180103188364823,3.9105457602860834,3.9355253303963353,3.9391559828026734,3.986685725338704,3.907012706828855,3.9383875963783015,3.948363499063018,3.9216938011635465,3.959755682352304,3.972177949888605,3.88707194062979,3.901514221609907,3.9368380215274423,3.9246323392044498,3.954321577084426,3.9526820048640903,3.934173444930471,3.935623953435154,3.925288912013792,3.905696042301279,3.942244667785788,3.922345774653535,3.9511543717347535,3.9436723125023874,3.9404467979581255,/bsuhome/jessicagronniger/scratch/6625_Illumina/6625_027_S27_R1_001.fastq.gz,/bsuhome/jessicagronniger/scratch/6625_Illumina/6625_027_S27_R2_001.fastq.gz
PMXC7.S.CR.B.VT.REP1.T11,-0.0,-0.0,-0.0,-0.0,-0.0,-0.0,-0.0,-0.0,-0.0,-0.0,2.6216420179196995,2.693713776000281,2.603544976815529,2.6171981492633933,2.625704634317255,2.6395581555484977,2.639855689652316,2.6031768240109243,2.5982100575243425,2.6458690570291705,2.6490354132143303,2.617420126379817,2.620905738678946,2.658968945487349,2.683340880845816,2.614227516888133,2.6229292930176342,2.646611640920756,2.627859569039713,2.640972186833144,2.6228829673320884,2.588930240140864,2.6587499294878123,2.607633931526339,2.634932925148981,2.621357846719228,2.6248505277641936,2.6632746023571703,2.5974913033701488,2.61295977135561,2.635607250987004,2.6377957121413385,2.606594503326108,2.620332915154576,2.6132950054381934,2.6318388470978022,2.5899361525401243,2.632020846806497,2.638360782773957,2.6361400963990103,2.6517934602786277,2.642546171936817,2.643784106166187,2.642910393438809,2.6362366362567005,2.645161422004477,2.644657632013606,2.628688520921339,2.609484398126257,2.655178639676905,2.641556665076383,2.6231558800559838,2.630742207372036,2.6111064786839173,2.6489131416633627,2.640049849900318,2.6614119702720718,2.6331084413137718,2.649094445302536,2.6342710683305626,2.6375313116883325,2.618541575017637,2.6488744998981675,2.619780105813859,2.637593256482123,2.6359458791427928,2.652306785864574,2.6166501971128096,2.62282406871132,2.619849792939712,2.634541001606431,2.636554612026597,2.6343047086453693,2.61883697720306,2.6368598138473702,2.636748325553987,2.64961962144568,2.6415402405533635,2.624957227440738,2.6210130438,2.6478691190958585,2.656991883576755,2.6371915131570534,2.64382972301967,2.6362871088180277,2.642182244093111,2.635948137849719,2.6593643640719176,2.6484638791137187,2.6305581399310483,/bsuhome/jessicagronniger/scratch/6625_Illumina/6625_123_S125_R1_001.fastq.gz,/bsuhome/jessicagronniger/scratch/6625_Illumina/6625_123_S125_R2_001.fastq.gz
PMXC7.S.CR.B.VT.REP1.T12,-0.0,-0.0,-0.0,-0.0,-0.0,-0.0,-0.0,-0.0,-0.0,-0.0,2.657535135643523,2.618916317751502,2.6256013610068427,2.7309016716815373,2.7004111707914125,2.6688417624980763,2.6791107195030968,2.7831659440461105,2.691826798160782,2.700915285602472,2.681018253547967,2.6743967953805288,2.6685369273026605,2.663678663199052,2.7168229422782733,2.671023636599878,2.6828285394397087,2.669580159102752,2.684518121925214,2.7119616318961457,2.676942734175746,2.683567474857964,2.667603112887652,2.690570753490851,2.681648050028894,2.684841257121456,2.6771574466751487,2.6893480363593847,2.72513967227201,2.693445830556453,2.702267263954873,2.696101076548997,2.664360145784379,2.676269550001148,2.6666587601809195,2.674394597977495,2.664962414415478,2.6934000961481743,2.7112239067185886,2.6854898713924875,2.678856926240377,2.682604863963104,2.699541924293957,2.669194147532601,2.685926338904056,2.694068842387259,2.667104130015112,2.6915171187817526,2.6893017562963597,2.695138480404576,2.688163982457336,2.697662711790291,2.6861380849566645,2.7056737919866696,2.701268821955176,2.704157313385088,2.6782823425729947,2.69122757026416,2.669551427083277,2.684996184311961,2.702677508871945,2.6888330179391127,2.655631593714362,2.6939125180823864,2.673818492045828,2.684803391171078,2.6863431195906577,2.6922135299365046,2.69342035806718,2.6568554605047776,2.6980876186436777,2.678943935960912,2.678329261984573,2.6756059602749054,2.698240408304469,2.6687234462371703,2.688655065016542,2.6740193354658177,2.664989471872802,2.696179063599114,2.700864409051793,2.687396502644837,2.684699924244517,2.683640553537219,2.6974210054910226,2.678088446365029,2.693606223142466,2.6975694350353483,2.70599256765031,2.668332730984833,/bsuhome/jessicagronniger/scratch/6625_Illumina/6625_171_S173_R1_001.fastq.gz,/bsuhome/jessicagronniger/scratch/6625_Illumina/6625_171_S173_R2_001.fastq.gz
PMXC7.S.CR.B.VT.REP1.T7,-0.0,-0.0,-0.0,-0.0,-0.0,-0.0,-0.0,-0.0,-0.0,-0.0,2.06820429876218,2.2071417216109137,2.0934683052761285,2.1152238250788136,2.157896267973173,2.01776854225537,2.12607103666384,2.051268836629735,2.013186873715793,2.0079646440995806,2.083821702299278,2.1163070567757085,2.087326525188654,2.108214359357134,2.2199569182405274,2.059831136025611,2.1672929458276613,2.088361751980988,2.091282241942469,1.978414034706384,2.022521444027073,2.083115813594125,2.125118063310924,2.071215105352032,2.12619091004175,2.0941601553156883,2.128557054616817,2.0822842180827443,2.041305029841175,2.0965440061148124,2.097389012598518,2.1306438738810254,2.114092475763285,2.142133301230407,2.137832759524466,2.0864854811742704,2.096286286845396,2.0734628709034024,2.108848810474033,2.133890941064963,2.083912054039073,2.138618615213116,2.139918832973924,2.0976260199066923,2.095655743646629,2.1009068561901807,2.110125522178701,2.12728019420808,2.1267311072479744,2.109729554764264,2.143492580398126,2.1271488707096133,2.094076089224464,2.062048322290118,2.109777002576388,2.07115621583197,2.0946763154011463,2.0930331986201773,2.1052537690033035,2.106869972016151,2.0975387320919454,2.0759908966488654,2.086734447613779,2.0987468881755613,2.0899798399332328,2.0913083974447715,2.1116270629089064,2.144083372557635,2.134302336652784,2.103473794542584,2.06598557817761,2.1095160514954827,2.1020069500936223,2.103798211371829,2.12475925976404,2.102162637974985,2.1061854854427366,2.072830666422338,2.106937277510978,2.1188560840456185,2.1215107898115844,2.1091425868775087,2.0968033450764643,2.1025395118957624,2.1214719160993485,2.106578557386648,2.101306776076846,2.140346805027765,2.106114730784131,2.106981948597967,/bsuhome/jessicagronniger/scratch/6625_Illumina/6625_075_S75_R1_001.fastq.gz,/bsuhome/jessicagronniger/scratch/6625_Illumina/6625_075_S75_R2_001.fastq.gz
PMXC7.S.CR.B.VT.REP2.T0,-0.0,-0.0,-0.0,-0.0,-0.0,-0.0,-0.0,-0.0,-0.0,-0.0,3.3043805869895757,3.275671851822457,3.3116926204758355,3.327044488522682,3.345471186504985,3.327437722837112,3.2835584381875647,3.2947990287165108,3.247831667237439,3.388663682668232,3.222757723907571,3.348775103565166,3.3311661584626333,3.244599945418395,3.3001088349072942,3.297638424997676,3.2399426908724336,3.3816079608073766,3.283149751955196,3.384559244995791,3.3447413149939726,3.3599341759118944,3.319104947856908,3.2829174843811746,3.36074829057675,3.334128580438982,3.333723148104963,3.3302581437171925,3.3385432302240527,3.295226125924646,3.331976304485718,3.344898300459144,3.3812142013319804,3.3035776879599514,3.3616743751471665,3.3337617293553143,3.3327474572781237,3.294424422497699,3.320414151561116,3.347077568600625,3.3433886040814147,3.297343101361073,3.375994754971129,3.356068501977296,3.4120676948557134,3.3275402059232637,3.3438281530759357,3.3177922270421387,3.33273240811711,3.3250700213737243,3.316530399374161,3.299615724249013,3.3148769084831,3.316249309320716,3.3199357382248667,3.2944113525006555,3.31532839876162,3.3420580275942013,3.346591714758044,3.36827340139134,3.336829042328015,3.305192169871362,3.321377443409472,3.312113489242846,3.348700275207169,3.3511959516972136,3.3306151100379457,3.323948917439348,3.340426971222677,3.3217241480426885,3.336584168585292,3.3285513929394366,3.3559779415705173,3.3388968108259798,3.365855063664659,3.2933119301527385,3.3480290144624383,3.302557694461951,3.3299976746961315,3.3173687783856174,3.34674790498636,3.309346278676575,3.327050533843821,3.3651997032789973,3.3394869636012685,3.343416248280391,3.324251694107154,3.3392184356829957,3.359199710264848,3.345492150458235,/bsuhome/jessicagronniger/scratch/6625_Illumina/6625_028_S28_R1_001.fastq.gz,/bsuhome/jessicagronniger/scratch/6625_Illumina/6625_028_S28_R2_001.fastq.gz
PMXC7.S.CR.B.VT.REP2.T11,-0.0,-0.0,-0.0,-0.0,-0.0,-0.0,-0.0,-0.0,-0.0,-0.0,2.6072862164362616,2.631689393907471,2.629462763395153,2.652443043374072,2.669715793183658,2.6714008652132906,2.618951875550084,2.696947251732895,2.6797397138472747,2.6729241923396025,2.603470154774584,2.6087778824174395,2.604224462922042,2.573134506362075,2.670931014991478,2.633526820137392,2.611390085160376,2.6245890825163416,2.629795692605619,2.629780885279461,2.645069667034686,2.629848640767863,2.5965654491194834,2.592814253258219,2.6027954173504586,2.65245046205345,2.665246001971392,2.639156967831505,2.637234278041363,2.6275540061199028,2.6326131878929244,2.6481005847685783,2.647632636695128,2.652571094172861,2.636729330853856,2.6320255529032552,2.644635030168756,2.65219623435019,2.6216522133662163,2.61507074693284,2.62573068366872,2.637787451734493,2.6478012802273723,2.645031565883418,2.6416243642150903,2.6517616759826272,2.645471963206652,2.649520941795158,2.665943790387023,2.635369938029026,2.6055782716367526,2.6616833391394974,2.6207194022867166,2.6336099479235613,2.6454305818943107,2.657828616880813,2.6527835358753253,2.660712062224872,2.622237128545546,2.628971527883696,2.6164027364163704,2.6639930245302748,2.639192517062232,2.64138830256228,2.640710295987171,2.6470084067794435,2.6467639994497336,2.6725501181609235,2.6331001833564804,2.626278090165572,2.635610925603564,2.631313810644429,2.64502847215183,2.6533823676265973,2.636175422886127,2.6353656212967684,2.671744430490416,2.654634669144491,2.6680209512944697,2.6329212044413874,2.644376117340588,2.620340205849823,2.651927289230321,2.634927690332467,2.641013830285569,2.636494693937468,2.637419035151613,2.633803126378836,2.63813585118803,2.6489119248155477,/bsuhome/jessicagronniger/scratch/6625_Illumina/6625_124_S126_R1_001.fastq.gz,/bsuhome/jessicagronniger/scratch/6625_Illumina/6625_124_S126_R2_001.fastq.gz
PMXC7.S.CR.B.VT.REP2.T12,-0.0,-0.0,-0.0,-0.0,-0.0,-0.0,-0.0,-0.0,-0.0,-0.0,2.768257466044612,2.723862836050657,2.682153804854462,2.776916120373945,2.713519784317969,2.7508784010623533,2.712478771793686,2.7502576350317764,2.772132027763265,2.7413064209620277,2.7299757451111906,2.7119527325687987,2.755819868167066,2.7541633303362407,2.744100847051417,2.808315565901482,2.768381872565261,2.73864276026354,2.783749819633292,2.745061639826585,2.755682502712729,2.7360224396531687,2.739823353299426,2.747373554593708,2.746309381329948,2.759187086976766,2.7476165061996087,2.747061547869322,2.738388977074668,2.7856854643958857,2.749682002661055,2.744290668719028,2.753393796898341,2.7440312771339084,2.7391102256454998,2.772302758596084,2.7443544477841524,2.738553159862387,2.7668666511678026,2.748084508912364,2.753645993832817,2.749001824339729,2.761392798554624,2.7712118822749705,2.731713270761177,2.773926919681977,2.749050078507636,2.737181300877419,2.736558763684222,2.762765728526136,2.761869251149257,2.769855311733332,2.7639273203289685,2.7617524987717395,2.7775156777460763,2.747164253077599,2.749276322503289,2.754140755945208,2.724584294773577,2.774928865113069,2.7615741695126705,2.760840689698496,2.7654583015087977,2.748790159812092,2.7660380707048704,2.7571342297719426,2.7620173409628714,2.758729644510134,2.762278063427683,2.77656710686202,2.74675209297339,2.74953296521846,2.7659296666860613,2.742790448426189,2.757028822637153,2.7605652078122858,2.743349813074573,2.7568127920156984,2.775650980388672,2.7563438212645983,2.765601853633976,2.7569668766196607,2.75102874906684,2.7419717134627164,2.7526448696073467,2.7752087111932644,2.760931926023718,2.768083003941224,2.7556988144486616,2.7585185143893938,/bsuhome/jessicagronniger/scratch/6625_Illumina/6625_172_S174_R1_001.fastq.gz,/bsuhome/jessicagronniger/scratch/6625_Illumina/6625_172_S174_R2_001.fastq.gz
PMXC7.S.CR.B.VT.REP2.T7,-0.0,-0.0,-0.0,-0.0,-0.0,-0.0,-0.0,-0.0,-0.0,-0.0,2.6712854188923654,2.754558988046803,2.7142025627602067,2.695595499515341,2.6847301544612763,2.690881909575431,2.66492513880886,2.700970055981921,2.7066091800044565,2.712522858322542,2.7337269775314743,2.6641429583332523,2.708029322407922,2.693021536703521,2.64405476585372,2.6812686319601737,2.700857971940854,2.6677468100429427,2.678589686140994,2.725880382103889,2.665672280328532,2.707587337378857,2.678016959781924,2.6808141674136863,2.674549155341248,2.6843234679603825,2.662824719663086,2.6580697860250453,2.6822741764378395,2.690906664394932,2.720585038913763,2.664255136451647,2.663335583054541,2.6758537508981317,2.687917642129421,2.6617368821717737,2.673037469268106,2.676038741117562,2.679260017241196,2.646766537475929,2.713416575014539,2.6665466433416127,2.708371616646921,2.7042650491021845,2.709627815475139,2.7074056297460847,2.712243904621115,2.705050627672338,2.7007321536533286,2.691728456085825,2.6883132554905687,2.6779782862658825,2.697075193176793,2.7034001384434947,2.687658255006961,2.6982868657824963,2.690392484921617,2.690558443761188,2.699940331948968,2.694833790605418,2.6799254685006035,2.688712232920536,2.7159001949982224,2.702892216596521,2.6941121440906626,2.711488312364495,2.6772236064330754,2.672693457261749,2.6975574097077155,2.7013485933508745,2.696888540007341,2.700237616994058,2.6985406580231035,2.703389939637218,2.686754917370871,2.706937521302865,2.7011756604799,2.698568525339359,2.700127668238107,2.702577399147673,2.6806901299429304,2.7026386927036605,2.6961685581273778,2.7015851290803328,2.6843853389090784,2.7068580407947813,2.697013190028265,2.7075648836279207,2.715281758618128,2.710959130419724,/bsuhome/jessicagronniger/scratch/6625_Illumina/6625_076_S76_R1_001.fastq.gz,/bsuhome/jessicagronniger/scratch/6625_Illumina/6625_076_S76_R2_001.fastq.gz
PMXC7.S.CR.B.VT.REP3.T0,-0.0,-0.0,-0.0,-0.0,-0.0,-0.0,-0.0,-0.0,-0.0,-0.0,2.584277026027722,2.616981167298628,2.6033253798874347,2.633556585669369,2.666890493543792,2.6765889585587623,2.605365931326223,2.6737345235198737,2.596341246656123,2.6389819354562936,2.6293499682248784,2.621646505845437,2.653743872274128,2.600154127955249,2.5617619097222613,2.5987179077634126,2.6240576506337003,2.668011439530329,2.615369508737677,2.6009598029150585,2.649616376194078,2.6292429855982578,2.6386863712628434,2.6511885281177165,2.661642889953149,2.592909259299165,2.629040710795505,2.641864091419716,2.6086228258705773,2.637316446448491,2.6228548512896777,2.627671357726587,2.620407789162505,2.6047634754176765,2.6723458715515718,2.690632556988848,2.644709293082304,2.638078808275953,2.608330549212516,2.6250565562669097,2.609040231901387,2.61699578478373,2.666682873406231,2.641996988979121,2.6347069873083577,2.6549322857764373,2.6538119239379885,2.633870324156885,2.6399393686396544,2.6617107907896966,2.6376622486229437,2.6239210335757197,2.65211125967156,2.639124579519417,2.6422796525078605,2.6688601912348044,2.635864009173946,2.656694227496693,2.622328653929555,2.639782940566201,2.629607840296264,2.62821098494729,2.6247064195216154,2.6231824173356304,2.6440396592568804,2.6374707556846952,2.668226672533098,2.636216881076732,2.624091594446183,2.643292690189253,2.6442651266917423,2.67219821092455,2.6363326815569987,2.639946401097148,2.636255709709031,2.618938839913705,2.6508398455205064,2.641679124721221,2.622321555263964,2.6204488731395243,2.643804362333468,2.643681508135548,2.6431558381168943,2.643321699648145,2.6443000621970736,2.623488797397552,2.631645043252875,2.6433991732487967,2.6376199240545266,2.633756646035465,/bsuhome/jessicagronniger/scratch/6625_Illumina/6625_029_S29_R1_001.fastq.gz,/bsuhome/jessicagronniger/scratch/6625_Illumina/6625_029_S29_R2_001.fastq.gz
PMXC7.S.CR.B.VT.REP3.T11,-0.0,-0.0,-0.0,-0.0,-0.0,-0.0,-0.0,-0.0,-0.0,-0.0,2.6362807898072536,2.5565192701470254,2.602461363662244,2.6235136596734514,2.5538873464739225,2.6289893162947084,2.637579800036281,2.5981595668078232,2.62226138942396,2.639375110890928,2.6519012823339865,2.6495131179623748,2.68130241268198,2.6152331586387625,2.640350890279872,2.62422976305114,2.5736225715387206,2.6019191470873677,2.5987025583914063,2.636244022206303,2.632391886743512,2.614763863651268,2.630364619440687,2.618381418408058,2.6077614545335672,2.5917415993397803,2.666004089115282,2.6280034325753565,2.606082066556949,2.6674050922658674,2.6364985468847006,2.6385122699830235,2.6298006447669597,2.646100821027401,2.6089438074816567,2.619309003428004,2.6408434684357363,2.6446356864553766,2.639761288035299,2.59958733782998,2.6532166774803114,2.637122606725252,2.629337312097564,2.6219480445238896,2.6256627945125928,2.62359118726153,2.632850575142025,2.5982026047962177,2.6480180938105407,2.651690223755044,2.625452862076966,2.6309996220824723,2.6399271704005813,2.6385249417741883,2.642940753180936,2.622275436519568,2.664858152491849,2.619680978525824,2.613510425631659,2.641440342954784,2.628386243089466,2.633066514836764,2.6192182232289047,2.6257654665010044,2.623018853412164,2.627140032949381,2.638033121733712,2.619670772678196,2.618218941087098,2.6231901823628303,2.6219665212219665,2.6349821123086703,2.60327292098339,2.623143655967487,2.627714604834793,2.6276747831531813,2.615833656712581,2.632843245472477,2.624163772691917,2.619999967061096,2.6284707085013337,2.614208606032355,2.630615381844428,2.6287922434492224,2.6421404151669825,2.614053189789544,2.64119243096806,2.65185471723614,2.632621101619826,2.6178192523787485,/bsuhome/jessicagronniger/scratch/6625_Illumina/6625_125_S127_R1_001.fastq.gz,/bsuhome/jessicagronniger/scratch/6625_Illumina/6625_125_S127_R2_001.fastq.gz
PMXC7.S.CR.B.VT.REP3.T12,-0.0,-0.0,-0.0,-0.0,-0.0,-0.0,-0.0,-0.0,-0.0,-0.0,2.7598209493680037,2.695134744180932,2.7152023415984945,2.6961732827543656,2.6584722700884087,2.700021182621662,2.713999191958038,2.664825280824566,2.764856968783644,2.6768399143727635,2.69609954566857,2.6796751157598515,2.6986017464385186,2.708111051063516,2.698975628980077,2.696426536339488,2.7035818786796857,2.687159453852811,2.6870104828572394,2.6621783471573592,2.710294510774823,2.678479536135713,2.69032796002894,2.708440062698506,2.7183170907174885,2.6826082423181288,2.6766083748721696,2.681004845611262,2.678603302688612,2.6825261878215,2.68841172791574,2.683053418606092,2.6720287820456696,2.6854809595409064,2.7011935179637017,2.693269165129644,2.7115100507125423,2.698169819670926,2.704511496421384,2.6707411124428657,2.71114992628843,2.675092015716066,2.6968248012608385,2.7191906159525074,2.681990574187303,2.687588570447877,2.687719569364082,2.690181985253037,2.714315257492473,2.701934893486522,2.6909675684204237,2.701184255166288,2.681507498469535,2.691440700525761,2.689302510024333,2.7039628550574406,2.6943303405778454,2.7018880522861464,2.6804544474720675,2.680215224413201,2.694949040155448,2.701577555781183,2.6840612395303003,2.68553187972656,2.6975664400647594,2.6746977145759523,2.7000077108967373,2.7032888666379917,2.680962112594877,2.678160347675855,2.696573374026604,2.687046743725284,2.6856680948940483,2.6909104424961905,2.6963802279774343,2.6922945716698456,2.681473748810996,2.700103278080775,2.6904661532102305,2.709452127058945,2.7056902121433706,2.698880773692491,2.698444279668281,2.68853286072324,2.6994121211938538,2.6977689846886315,2.684502612985776,2.686454524553612,2.6894466568872173,2.7016292086735523,/bsuhome/jessicagronniger/scratch/6625_Illumina/6625_173_S175_R1_001.fastq.gz,/bsuhome/jessicagronniger/scratch/6625_Illumina/6625_173_S175_R2_001.fastq.gz
PMXC7.S.CR.B.VT.REP3.T7,-0.0,-0.0,-0.0,-0.0,-0.0,-0.0,-0.0,-0.0,-0.0,-0.0,2.7103834184732736,2.5995267022138955,2.599713798517428,2.616552212992833,2.584855945159708,2.6016003197053577,2.589028410236182,2.725119875956832,2.6709704112940247,2.666663360597901,2.617692493881218,2.6594599464959616,2.7247679946661685,2.66971894881156,2.6847171861199413,2.6284435391822454,2.629071798911509,2.685937611696676,2.655672108068787,2.636228250862155,2.674487137465069,2.6930742745647804,2.6003523620353346,2.667620203259544,2.673089352235416,2.680116044826504,2.641465666855911,2.661246312011107,2.643154581317011,2.639017851283023,2.6419119285677444,2.6810182624719383,2.6601618437844823,2.6982966584959085,2.600543348157023,2.651548729902997,2.682844275880308,2.658780731878517,2.6758107716161432,2.6606289464488904,2.649323578869147,2.697656601696317,2.665255760088721,2.659537979123756,2.650589424667278,2.6501898906157737,2.6781303372440046,2.6773810298477287,2.6823850278991377,2.696820974924568,2.6551435226309104,2.643241975714896,2.673469373853028,2.629636874973936,2.644558264192757,2.6177422733283624,2.636936472763868,2.61768649895992,2.6433823479379432,2.6502182823805183,2.6687684474535884,2.6909130556594625,2.653991122141403,2.6422220054184637,2.657006674205504,2.695790307861891,2.674549060301433,2.674399047795676,2.693175145995025,2.6316031624778478,2.6646895801219763,2.6822149723918285,2.660874689420711,2.661002584001857,2.6728746178928526,2.6560107264630752,2.676078208721042,2.642194503347125,2.683479615233549,2.669014945182042,2.649989872522666,2.6648923007941985,2.651846787017554,2.658966493035254,2.641732414180173,2.6465515217270026,2.696925001873135,2.666821215865714,2.6589666255317805,2.654296463692851,/bsuhome/jessicagronniger/scratch/6625_Illumina/6625_077_S77_R1_001.fastq.gz,/bsuhome/jessicagronniger/scratch/6625_Illumina/6625_077_S77_R2_001.fastq.gz
PMXC7.S.CR.NB.RT.REP1.T0,-0.0,-0.0,-0.0,-0.0,-0.0,-0.0,-0.0,-0.0,-0.0,-0.0,2.680465416760836,2.634442558429651,2.620735156854691,2.5899585122237334,2.6537883162629083,2.6008727853440265,2.618293699522252,2.6267168575841024,2.625735443462608,2.628080927603596,2.6226397385805664,2.586165979740213,2.666084406166084,2.6308570359582912,2.6656554854788226,2.656572299142822,2.640358669114972,2.599249779433132,2.636007035697074,2.634276870544975,2.5507212078370065,2.581253391411631,2.6106778075324253,2.6426415235153686,2.621721585893721,2.632141915609945,2.62675488826222,2.6320413570112016,2.6313690104017837,2.653300997662428,2.634996567905565,2.6083128326864125,2.60634501530312,2.590504918800394,2.627771215342785,2.6339498846525062,2.6339907556908826,2.580951082101244,2.6698580848493068,2.638366836570689,2.62876062264346,2.6264289945567554,2.581747247134184,2.6511392070092947,2.637322264380692,2.5903897469971136,2.599474469164252,2.6673882850378803,2.641344368556356,2.6192497662805736,2.624143049555256,2.641478149656181,2.6431622974235087,2.6267257101378987,2.636780494651782,2.6094240341643133,2.629090833055298,2.6278799050256865,2.637823101236557,2.6435281109274302,2.611896693963464,2.6318541030826763,2.6376320859889817,2.625388317512071,2.621096626863185,2.647784205022591,2.6166438738185045,2.6078086328119463,2.6212415193241747,2.6414547514968185,2.6338411687777232,2.618786889770029,2.630705759330003,2.6185864681420727,2.639913170445214,2.641739024985862,2.606355869684058,2.6309934575015768,2.626102855965117,2.60034411961582,2.612077157903541,2.6471763480520405,2.6246771376466405,2.630285419702949,2.635520313971059,2.6473963636217346,2.63961382148952,2.6238409916051286,2.6199506377710327,2.628925473951434,/bsuhome/jessicagronniger/scratch/6625_Illumina/6625_009_S9_R1_001.fastq.gz,/bsuhome/jessicagronniger/scratch/6625_Illumina/6625_009_S9_R2_001.fastq.gz
PMXC7.S.CR.NB.RT.REP1.T11,-0.0,-0.0,-0.0,-0.0,-0.0,-0.0,-0.0,-0.0,-0.0,-0.0,2.809857959259553,2.9066464097815143,2.86629114540795,2.831724544384358,2.8143362820012023,2.8238385356147946,2.8564044673355635,2.847933360945661,2.857444530882148,2.833850599061309,2.885558669790476,2.820580994885645,2.867307917238212,2.8741171208712446,2.815650672486405,2.880626081015436,2.871989620133181,2.874064506220172,2.864332415218205,2.8684114204270013,2.857290751707043,2.857043912606604,2.8776933556142086,2.853770443301718,2.8918352260178297,2.8220988928121766,2.8786409704741374,2.873707380738326,2.8738190094959344,2.884365452691632,2.8589383209429364,2.8650973052333244,2.878831194948307,2.8429332387912347,2.85571397485246,2.8454734862429496,2.8501543001062006,2.8576702121043533,2.90496112571077,2.85474354053551,2.877885958420445,2.881070075525177,2.8609669211036963,2.872032902168088,2.870521557946335,2.848307963848991,2.881456577573795,2.905564328502279,2.858249327082377,2.875921212090839,2.877611524326223,2.849815682223588,2.879338034621322,2.840180652725236,2.8570269364099925,2.8686656521598177,2.8511302003990475,2.858518836126832,2.864521282340229,2.862866212897021,2.865144009559079,2.848384022037882,2.8734668795798277,2.880607040154378,2.896533797277714,2.8850314197458613,2.868049638143476,2.860434212291861,2.867502527646993,2.850513222843213,2.846263360829987,2.8651820229613194,2.8552799147491874,2.8807849283416926,2.8814328174559103,2.879796321196644,2.8649593708427155,2.8749254805818385,2.8691835741717804,2.8893514074303925,2.867393221428295,2.865736375826805,2.852918945157459,2.865552352274907,2.879759159103799,2.87361005172046,2.866714400874488,2.867460814537603,2.876039856192396,2.865064247841609,/bsuhome/jessicagronniger/scratch/6625_Illumina/6625_105_S107_R1_001.fastq.gz,/bsuhome/jessicagronniger/scratch/6625_Illumina/6625_105_S107_R2_001.fastq.gz
PMXC7.S.CR.NB.RT.REP1.T12,-0.0,-0.0,-0.0,-0.0,-0.0,-0.0,-0.0,-0.0,-0.0,-0.0,2.8996422553308987,2.864082079513206,2.8707726497252177,2.9254367220902946,2.934810718048817,2.891122755970445,2.8843960059759057,2.8479351583828114,2.8602486368587074,2.911675905281034,2.957103118806893,2.8955386242111856,2.8562154997425084,2.9150561369588965,2.8676326879183405,2.898658933610275,2.912985748098623,2.8845584298681497,2.901857776814781,2.904475718193729,2.90721780201414,2.876914903624847,2.897560824536252,2.873162719679507,2.886601785679736,2.8958890571220763,2.862986558078516,2.906659584833685,2.916122182674897,2.904142287881681,2.861999446868397,2.899108306129353,2.884132662541405,2.873629521310384,2.8820396252314757,2.889087598276786,2.880781762770452,2.9002677349079597,2.912261078887702,2.88187573473767,2.8997230800806872,2.8988994982349863,2.905162177982443,2.8730285544463072,2.913880273782922,2.901796537217109,2.894829565402357,2.910520228457524,2.8883889815633723,2.905018043768136,2.8914001628846697,2.91077987302002,2.892103199974579,2.9138520039355376,2.8849747953282043,2.893199172933348,2.890578800131651,2.89959304947939,2.868603788132919,2.9152935835486296,2.894654627852502,2.911317955546817,2.894770811077921,2.874919387440906,2.9130100977965414,2.8984625473883514,2.899104276296677,2.8824960699664843,2.8891648565528167,2.8952253221940194,2.8772503315787565,2.908392225507115,2.898555018351183,2.8916708689022554,2.906770950730254,2.878678044248061,2.8816688316913197,2.893749174720563,2.8968102498964408,2.881963939302889,2.894702657168643,2.911290151679879,2.8958430942528666,2.8854106649236115,2.8952163001775117,2.8911489534669963,2.902011940221868,2.8860809284246858,2.907030725403962,2.9009810540392693,/bsuhome/jessicagronniger/scratch/6625_Illumina/6625_153_S155_R1_001.fastq.gz,/bsuhome/jessicagronniger/scratch/6625_Illumina/6625_153_S155_R2_001.fastq.gz
PMXC7.S.CR.NB.RT.REP1.T7,-0.0,-0.0,-0.0,-0.0,-0.0,-0.0,-0.0,-0.0,-0.0,-0.0,2.8942855184059746,2.8965889927600523,2.9268195795234324,2.8913892542485966,2.882160645310894,2.916260066255889,2.90627001090081,2.9172774002762294,2.893339091505344,2.9078840015531844,2.88985317799385,2.9030460163441094,2.9324831263836115,2.8888612489242864,2.918749739064232,2.8988619456425497,2.886580029240839,2.8774296121064,2.891361630927014,2.90569628429829,2.900710149228225,2.885089511556198,2.9282387528021467,2.920754361421257,2.901238776323487,2.8989538256719483,2.9097649359119093,2.8938934767312285,2.908970594797576,2.9019447644589267,2.927033996655818,2.89525780455089,2.913631340199303,2.880959573608963,2.8792256163380867,2.9105775354092844,2.911500929793402,2.898520679521736,2.914199075526087,2.91767265211142,2.9013776507718694,2.9162980155280147,2.8980927497745195,2.901789344999352,2.9097212794724374,2.896725511384147,2.91118547213513,2.903226755670784,2.8933494258467767,2.916771837014072,2.909518218989679,2.910415155439617,2.9031321111208213,2.9142598891205904,2.9092294320639893,2.890193854567851,2.898112236417895,2.920355353311232,2.918144349840104,2.900376839230911,2.9021288920518598,2.924388073005538,2.893914287187704,2.906175018790552,2.898298867016287,2.8946562875149207,2.9055148159708475,2.915817288491841,2.900901364032648,2.906700838982977,2.907425498675597,2.886028010252437,2.9140934053178835,2.9063885367450584,2.8980242133471714,2.9119430790956264,2.89786655604554,2.921536743706152,2.913751013425307,2.906872899144068,2.905811341205043,2.912139422488025,2.9212587124139557,2.909614991702618,2.912502956871901,2.900733049696944,2.9062777238782647,2.907796839916829,2.888661019902391,2.8944551250628594,/bsuhome/jessicagronniger/scratch/6625_Illumina/6625_057_S57_R1_001.fastq.gz,/bsuhome/jessicagronniger/scratch/6625_Illumina/6625_057_S57_R2_001.fastq.gz
PMXC7.S.CR.NB.RT.REP2.T0,-0.0,-0.0,-0.0,-0.0,-0.0,-0.0,-0.0,-0.0,-0.0,-0.0,2.6396717263452985,2.6718166031816324,2.6571333712434426,2.5667550115550832,2.6501103033022546,2.6699224554631136,2.6720114068059857,2.590518313190799,2.6845006570144863,2.6072023700587708,2.739599107795021,2.66904141813766,2.616700988829299,2.623314099675924,2.7109599384561425,2.6496362647466727,2.6301598022849078,2.6660216818494518,2.658576730818613,2.739139433709848,2.7389662488379334,2.676014918412362,2.716135373413905,2.6588649819703023,2.7106316696663844,2.722472892871478,2.6798111330183114,2.6891674169744912,2.651315342119782,2.691106268487715,2.695258969185032,2.680894645571031,2.709251730142312,2.6534345561201254,2.6159073874621424,2.690289527452025,2.6936834480948506,2.706240789461708,2.6868469179493504,2.6945786947279475,2.699673840759459,2.669195770382464,2.673112356118005,2.7271887953879976,2.687444903269369,2.6571623381569425,2.6926756146799047,2.681284007794128,2.66709519619954,2.678153455589351,2.701375081886067,2.6786219775725626,2.6598304179219743,2.703014913276764,2.6629503282557847,2.694902518348503,2.700430218616733,2.682777006545129,2.693092730507471,2.6918226408009662,2.6929230220845244,2.662437228991952,2.719530135038136,2.688366246432247,2.6785862833586007,2.661826202333576,2.7081866986873453,2.677404494344791,2.6979538298317087,2.6899230649942227,2.682487338294388,2.6877186520724763,2.6874597645858898,2.6997260130842475,2.678429626019054,2.686141870324405,2.699766264967142,2.7057799725200256,2.6982798256562988,2.6994402871080707,2.705570548738129,2.712935790003683,2.684660252552891,2.695885539648854,2.7079298804929968,2.680896317019591,2.6983404319975035,2.7045799170854283,2.695185024200538,2.6947423713949616,/bsuhome/jessicagronniger/scratch/6625_Illumina/6625_010_S10_R1_001.fastq.gz,/bsuhome/jessicagronniger/scratch/6625_Illumina/6625_010_S10_R2_001.fastq.gz
PMXC7.S.CR.NB.RT.REP2.T11,-0.0,-0.0,-0.0,-0.0,-0.0,-0.0,-0.0,-0.0,-0.0,-0.0,4.407559382427837,4.493094841526487,4.384601228980175,4.512891222503623,4.360484774935178,4.368550116277799,4.354540969992184,4.43937606133164,4.429610409072317,4.389813599257728,4.389750840774858,4.42343964694494,4.356873692543594,4.440678791226135,4.483145109398773,4.392845598724955,4.4020534786694405,4.397531936761534,4.381909584463868,4.450251030085158,4.42160719264642,4.385107846285727,4.487860334772477,4.480793874473677,4.482110790478732,4.400607836322376,4.455067890066921,4.411072359928169,4.449540143603986,4.358485617407178,4.435209308925909,4.475404928291028,4.501822067538797,4.382372256539843,4.43214015951018,4.44689130896277,4.4671345080182,4.534221791602535,4.41429269525023,4.443847203470276,4.4247859527129965,4.449460715709034,4.452701653383515,4.47924696054473,4.474353133309798,4.47824385402858,4.444743235591512,4.477031192215753,4.45187974636934,4.460624850583852,4.419727741311222,4.465801435899251,4.4331085476755465,4.416044603794531,4.444229804833744,4.4397934055221535,4.440094380396114,4.483959805918818,4.422960564861595,4.425726496374207,4.457262455868474,4.49549041568684,4.425531616872353,4.469214568656055,4.410285151159534,4.4685999123234605,4.431586076116288,4.443159401727197,4.445900727080643,4.454702246008082,4.468080153890372,4.446154339642672,4.446618579118146,4.425297956622063,4.439802618568722,4.472486188898538,4.452771805438924,4.484034533140315,4.47995878152198,4.436890648376287,4.423930110046799,4.494562553051534,4.452409210056535,4.446205246920387,4.475043640965289,4.441532972504544,4.454011970138551,4.474826722071348,4.449520614108544,4.486933497164815,/bsuhome/jessicagronniger/scratch/6625_Illumina/6625_106_S108_R1_001.fastq.gz,/bsuhome/jessicagronniger/scratch/6625_Illumina/6625_106_S108_R2_001.fastq.gz
PMXC7.S.CR.NB.RT.REP2.T12,-0.0,-0.0,-0.0,-0.0,-0.0,-0.0,-0.0,-0.0,-0.0,-0.0,2.800310773813296,2.740500996617587,2.7060552232312958,2.70206638234028,2.714730683821163,2.7931324509341136,2.7836715000245844,2.731747531541623,2.6898251606075783,2.792186512001288,2.7557088289420246,2.756606676814178,2.721030122435518,2.760319089217178,2.753469703608421,2.738288784804023,2.7660619002191447,2.736560941904308,2.76599327515717,2.729013704453896,2.7482358909597826,2.7415042021442795,2.7136396478958047,2.7760670596993746,2.753130968349564,2.758075905728637,2.7393667116715554,2.8000219142920657,2.745489769018764,2.7807366381497407,2.7785977829594586,2.743126393817456,2.720265325829313,2.7422282739030743,2.783668456055291,2.752733830046363,2.7529040447313577,2.747003519924584,2.783567907486112,2.735732691914896,2.741544401099643,2.746885534747116,2.752134054203193,2.7558855600782826,2.73434628639956,2.7706709746806406,2.7355368225821275,2.75478617978226,2.737110533677894,2.7545946514687043,2.727078028147824,2.754858392049705,2.762669808072339,2.761952805769029,2.730176378922961,2.7464156404751345,2.774014389907791,2.7416265747403004,2.746885886830068,2.757426768978335,2.756685244112677,2.776767135667954,2.749275921897817,2.7417620157002105,2.7424419316999225,2.748713732542998,2.7586478754388684,2.757557690732593,2.749274597910769,2.7508843466362887,2.745552518481149,2.7333877809084868,2.766727967781886,2.754980627315725,2.733679412305875,2.742401262295117,2.725044638211229,2.758570222297157,2.75148151766774,2.7550073297074107,2.753990235891728,2.741761410457099,2.76245571464278,2.746117277659229,2.752437812481658,2.752293425650648,2.7602786104206647,2.741176142771715,2.7627105458234182,2.754940071177574,/bsuhome/jessicagronniger/scratch/6625_Illumina/6625_154_S156_R1_001.fastq.gz,/bsuhome/jessicagronniger/scratch/6625_Illumina/6625_154_S156_R2_001.fastq.gz
PMXC7.S.CR.NB.RT.REP2.T7,-0.0,-0.0,-0.0,-0.0,-0.0,-0.0,-0.0,-0.0,-0.0,-0.0,2.8925621296963,2.87424451766104,2.8990471286278003,2.8544003060564678,2.8488265478011074,2.8613551073307395,2.8420423541802373,2.886815937933847,2.866581282953156,2.8571474353877253,2.849299849166336,2.8812278516100758,2.8459414148487028,2.885771982828675,2.854119837634509,2.857592142997784,2.829183980782473,2.860187288049579,2.841748687114153,2.8895897841039027,2.8641249900056267,2.8191329797480456,2.87251898208176,2.8629179007450167,2.845683753778824,2.8659789107840257,2.872281358791207,2.887101034499804,2.8459692691117398,2.852049341233025,2.874842061493068,2.897726405425571,2.8662900311595845,2.838140995530589,2.851658153565617,2.860928985726525,2.8591394459758743,2.876946035624232,2.8520042309553832,2.860960914742376,2.8530937047843943,2.863469859715688,2.8623933702440656,2.85746060799072,2.877897057740997,2.858060665267007,2.8539413266332514,2.8585158623338245,2.8426377003123178,2.856664507870014,2.88230063760963,2.8601709973930247,2.864452590290531,2.865151095685876,2.8719122795578693,2.8505298717766,2.865289852962177,2.8782905397862497,2.878883163459492,2.863677178264731,2.8504031886888384,2.8595426778005897,2.863932112151036,2.868495177229473,2.8512720603868367,2.8776972903647526,2.8937970047114043,2.8756215176100843,2.855452293850374,2.862138200532119,2.8765456971708483,2.86611454700092,2.872102487439212,2.845151791702877,2.873686857235459,2.8581337124689528,2.857403044844604,2.8625000571834223,2.86521468092549,2.8650063925507645,2.858576657622789,2.8615070671863765,2.851369938782729,2.8609038659503145,2.8560842928418904,2.8474816036847788,2.862641109487165,2.871705400962488,2.867337305276924,2.8650241876706075,/bsuhome/jessicagronniger/scratch/6625_Illumina/6625_058_S58_R1_001.fastq.gz,/bsuhome/jessicagronniger/scratch/6625_Illumina/6625_058_S58_R2_001.fastq.gz
PMXC7.S.CR.NB.RT.REP3.T0,-0.0,-0.0,-0.0,-0.0,-0.0,-0.0,-0.0,-0.0,-0.0,-0.0,2.4065164694888628,2.3359751686223413,2.4029746726324963,2.288184039169855,2.435863663679172,2.339791602569373,2.411082254494775,2.3583641100780346,2.414290484021365,2.374149567132897,2.3084657815464427,2.405208126684867,2.392733473712452,2.376641509210466,2.406299987255891,2.393981436046892,2.361210590992456,2.366704612716913,2.4062620776427965,2.3887186124566098,2.4129027691849343,2.392808006716089,2.405276039628335,2.41374241183698,2.3901222897391694,2.390049190154272,2.4171929347639427,2.4316940003021217,2.406608252821097,2.350772382959583,2.38109888864069,2.417049164103344,2.4371310529699937,2.385408411174203,2.384146292991097,2.4197121564012862,2.408661198234036,2.405027953864015,2.3695889132134185,2.408897992567789,2.3775046785313174,2.424093672978527,2.427080910393743,2.358015662387392,2.4176885009107334,2.387500667216553,2.3956598302837584,2.4094998709267337,2.381255347456667,2.3956732777322425,2.4233097886110926,2.3641510882846264,2.385247962233167,2.431377594772136,2.389331074689643,2.38963527589708,2.393021479398909,2.379760135395155,2.3714449812232576,2.3639719446025658,2.393441722787456,2.411119565689982,2.4018978639006536,2.391746961399526,2.4003789011508645,2.3788959622137127,2.3976810077041217,2.4063503710516723,2.3881381051674646,2.4442078082779983,2.3948001695611394,2.4037235206466216,2.40632442420676,2.3827460508107228,2.408678800081955,2.431163522348834,2.422329357620881,2.4160409610704656,2.3639978539222097,2.401783585334519,2.4104363843736407,2.408820266747299,2.398143366803469,2.3903149190266166,2.3870263037952486,2.402645411907016,2.4174697941072165,2.4040211991432665,2.3904499806491097,2.398837198385835,/bsuhome/jessicagronniger/scratch/6625_Illumina/6625_011_S11_R1_001.fastq.gz,/bsuhome/jessicagronniger/scratch/6625_Illumina/6625_011_S11_R2_001.fastq.gz
PMXC7.S.CR.NB.RT.REP3.T11,-0.0,-0.0,-0.0,-0.0,-0.0,-0.0,-0.0,-0.0,-0.0,-0.0,2.99139854181713,3.020035151156539,2.9955451769627026,2.96736573514321,2.9377104997150565,3.0046464841178526,2.9568957198293764,2.99948335305222,3.007741659582665,2.9502518314924155,3.0004846361114783,3.0196011843385016,3.007953220504892,3.012029597202271,3.007461017771639,3.0186184473397955,2.996312171548188,2.983024289459029,2.985683848766269,2.95347373875982,2.9999487743172226,3.000610895399555,3.008738439395277,3.013148680294146,3.012015406766141,2.9751994207166343,2.999411571767802,3.0008866513712897,3.022753584667376,2.9698575417739974,3.0075429851156943,2.990384017679784,2.990268029860793,2.988368669902802,2.988226831179486,2.990955590608836,3.0060051091691187,2.998711238258608,2.9884032780426337,2.992157465635337,2.9864228380531044,2.9977954530837,2.994706763529122,3.0028553114094167,3.0097359142103546,2.985290046125062,2.988523198907145,2.989409349199851,2.994425460515056,2.9952957214366074,2.9990061299142825,2.990087583572121,3.016885467638782,2.986975574399146,3.0016341804555955,2.984900404342661,3.0037619944944263,2.9943108754554864,2.9947105215239755,3.008490771415907,2.988060805281574,3.0041550931266743,2.9939294746969707,3.013540577980549,2.984818746213865,3.003087413461516,3.003014407083249,2.999824263447897,2.9916896723366504,2.991234710331868,3.002425652367449,2.9923353917025315,2.995207799323661,3.0012663514151163,2.98666078273486,3.001931298236992,3.0070825627355986,3.0036094505435678,2.9931390427895237,2.996475245761116,2.997912036036999,2.992191329756888,2.9957011884139626,3.000701693206234,2.993049885164706,3.004609422372849,3.0055061730528445,2.99676026790312,2.9946113788902826,2.994633785620073,/bsuhome/jessicagronniger/scratch/6625_Illumina/6625_107_S109_R1_001.fastq.gz,/bsuhome/jessicagronniger/scratch/6625_Illumina/6625_107_S109_R2_001.fastq.gz
PMXC7.S.CR.NB.RT.REP3.T12,-0.0,-0.0,-0.0,-0.0,-0.0,-0.0,-0.0,-0.0,-0.0,-0.0,2.896340313402603,2.994261117482602,2.9676651760168595,2.979993610233762,2.9973961615274254,3.015294671412135,2.987740036042559,2.9775885694200843,2.9642500236256297,3.0403024466834645,3.007761660707035,3.045150847857655,3.008115963311658,2.993956746748846,2.971234065924293,2.986183127306912,3.0000078547006863,2.996250123142376,2.977698767628778,2.97951271727194,2.9905078469531103,2.9981780647546543,3.000473049524116,2.95900656193783,2.968985486447188,3.0186926342338354,3.027886456965282,2.969833162541285,3.0065882725337896,2.9752892755320604,3.0217922777401305,3.0159633280488687,2.988038325393478,2.9979609217042604,2.9545229889067355,2.9874833913744783,2.9938551483721434,3.022409594709504,3.008964311559397,2.985749847994375,3.018336358272402,2.999734472153528,3.004764796846177,2.9898561719289947,2.9983736818186277,2.992602416934368,3.0079990836876083,2.998230880555414,3.0175338280099737,3.011716661186611,2.9951457114249904,3.0040916749462614,3.0153744957620456,3.0083454015124573,3.010200825218309,3.0052164886733514,3.0071835175068995,3.012324059535495,3.010635826765004,2.994219786951923,2.987201235251003,3.0133477856303075,3.002935764114474,3.003130637854629,2.99643727491628,3.0187753518899507,3.0096591438501736,2.994097242179586,3.001089050151205,3.014007132257108,3.0039924649140297,2.989842481305316,3.0102197832031434,3.001991042233596,2.9994235816066213,2.991387580529981,3.016740331982352,3.006241755728555,3.003695140927188,2.989976734778463,2.996706421403335,2.999162563526086,2.997793136692368,2.9984347758393906,2.976926626973692,3.0026662884034288,3.0236516610290107,2.99916466889718,3.0056725148003003,2.995236483056969,/bsuhome/jessicagronniger/scratch/6625_Illumina/6625_155_S157_R1_001.fastq.gz,/bsuhome/jessicagronniger/scratch/6625_Illumina/6625_155_S157_R2_001.fastq.gz
PMXC7.S.CR.NB.RT.REP3.T7,-0.0,-0.0,-0.0,-0.0,-0.0,-0.0,-0.0,-0.0,-0.0,-0.0,2.8255683764237536,2.871632697764644,2.774331014325415,2.8499793254372587,2.768011287903692,2.7994923840603803,2.8426511266458614,2.855542657688333,2.83206874865979,2.809930075239642,2.8386075638674217,2.848925720538141,2.8115806678517017,2.8367859714950368,2.8004417033622504,2.8207337560613883,2.8358029215234644,2.8238774260646733,2.813130152067809,2.824548098454785,2.843268618210753,2.835112548966518,2.8273604810616666,2.824768699083372,2.822866137060214,2.8357921853585224,2.841047262126412,2.7983393778148526,2.8331803912701834,2.840387765468452,2.843204336581989,2.8218756624886985,2.82854949013617,2.8359483136448653,2.835291506027163,2.812993595840002,2.849848980842152,2.845974881211227,2.8455037415223883,2.8514765330139875,2.847612605726745,2.8609405292615437,2.831715283937644,2.8083548001973515,2.8314972554198725,2.818252337114508,2.8342235085689715,2.82797216550064,2.8192241940411544,2.813581049619862,2.840831309567097,2.8246390476332723,2.8418952812313063,2.84260909206531,2.823514954789207,2.835607983092898,2.8357484047530903,2.8429607792037648,2.811955156276761,2.8345992447046733,2.8148241542993184,2.842414235423204,2.82269066632398,2.84527640083276,2.8196025025980607,2.8290573838472093,2.8352047851777225,2.828848626677376,2.8394403661777416,2.823410385731708,2.8307175317829563,2.816281218287849,2.812886778710766,2.826284163205908,2.8260655789609275,2.823902293604017,2.830699750805329,2.8308344664169245,2.828376494715623,2.8308541088145054,2.8430346481619693,2.837387760166483,2.83636303117682,2.8322620813356383,2.8332634773372045,2.8384293986935063,2.8287230590560477,2.827114013099007,2.8358138707716454,2.8297817916634123,/bsuhome/jessicagronniger/scratch/6625_Illumina/6625_059_S59_R1_001.fastq.gz,/bsuhome/jessicagronniger/scratch/6625_Illumina/6625_059_S59_R2_001.fastq.gz
PMXC7.S.CR.NB.VT.REP1.T0,-0.0,-0.0,-0.0,-0.0,-0.0,-0.0,-0.0,-0.0,-0.0,-0.0,3.4668865114160994,3.4478008280861334,3.316061080878642,3.3390462128881446,3.5066509053910497,3.544025471858657,3.4464147381410446,3.4085125210223777,3.458693706583563,3.4337798378467017,3.392801322110911,3.4989278028349644,3.5134412050924677,3.4333407218573995,3.46759536530506,3.5294843611619173,3.482172059894063,3.4175892425110628,3.3793197673970514,3.4919628037683337,3.426034650242556,3.5234077708999805,3.55554987208004,3.434086084601782,3.470102636987764,3.5329004603986385,3.376726858864278,3.48202704273486,3.481868471131379,3.528686636354729,3.4332836558240625,3.5045321448398115,3.4653071319598934,3.4616026437895537,3.4751443112705847,3.459290043641632,3.5187244002194924,3.4652083360494403,3.526502454217185,3.4934288037431585,3.5313613202367806,3.4510289239156755,3.4944290545685304,3.4786012749307496,3.430581023531489,3.511586315469845,3.4256657186750803,3.4475198277149355,3.50069612427294,3.480391696234794,3.4577744908230854,3.4102745651382387,3.517983566934712,3.478950347531264,3.471415734584544,3.4595141427838465,3.420774903335061,3.4253152239264155,3.488730488112328,3.465519898406676,3.46725665256186,3.4423638794037608,3.476362763151271,3.509784334716488,3.4831098221994603,3.4869281152336065,3.476904218274373,3.4747246959109908,3.479279952480238,3.466549077247277,3.410956314224529,3.472813217523293,3.483598992529579,3.4510291099257477,3.494461116009761,3.4461183148206014,3.456489061601803,3.469705640362787,3.4419452758021167,3.500034139039293,3.4623661826529024,3.4645585208545864,3.469793189693445,3.483055539714152,3.537263056146067,3.4983500608257314,3.501598459709133,3.4742832805833777,3.4720928107906865,3.4895564845889906,/bsuhome/jessicagronniger/scratch/6625_Illumina/6625_033_S33_R1_001.fastq.gz,/bsuhome/jessicagronniger/scratch/6625_Illumina/6625_033_S33_R2_001.fastq.gz
PMXC7.S.CR.NB.VT.REP1.T11,-0.0,-0.0,-0.0,-0.0,-0.0,-0.0,-0.0,-0.0,-0.0,-0.0,2.9338129168486766,2.969025996960414,2.980962614246895,2.971023941478065,2.946614160442756,2.988947991080992,2.939771627153736,2.927675325433912,2.955510290241364,2.998909388845839,2.9688385937403527,2.963942876716587,2.956834608359694,2.980865501587156,2.9455822803723013,2.94190009957326,2.9512822423047926,2.948780672194588,2.9492779068969264,2.991828995168364,2.959747978287508,2.97994229526594,2.968976451841456,2.9520854716915066,2.985146355942245,2.9749666239306976,2.959950108849683,2.946295468094509,2.990262465578469,2.9718707094862045,2.947663875666332,2.969426191696996,2.9588197342271263,2.957822106980698,2.955375469655462,2.9648842113953684,2.957790826893325,2.9555025178710275,2.940343742808563,2.9593740164368736,2.975888945647432,2.943124904413926,2.9941083758060083,2.967560731844681,2.942458604329873,2.948103058330167,2.9714785387183182,2.9569836269508127,2.9490299167354177,2.9721864549100547,2.9859783619863407,2.9545857448429933,2.965766617018288,2.9443350297336286,2.944539847482318,2.9445789235538085,2.9444158775605853,2.960175591546742,2.953924672357228,2.9608250361265696,2.9372335750830723,2.9543290595056204,2.938196212837434,2.952930800127454,2.9466004889935244,2.964361722088252,2.9647386595613074,2.954086249494814,2.9505675950673087,2.9490059928424053,2.9633594281080278,2.946925676978757,2.962287982997493,2.9488366687091774,2.969947740140308,2.9451360987993818,2.9510215269889173,2.972171606154436,2.9574691764541665,2.955346636919571,2.951732199333421,2.9474413015279324,2.957507223572594,2.963888630421487,2.9758268298423918,2.9284968289466105,2.955111685923738,2.96485832934438,2.970903540277179,2.96350658651191,/bsuhome/jessicagronniger/scratch/6625_Illumina/6625_129_S131_R1_001.fastq.gz,/bsuhome/jessicagronniger/scratch/6625_Illumina/6625_129_S131_R2_001.fastq.gz
PMXC7.S.CR.NB.VT.REP1.T12,-0.0,-0.0,-0.0,-0.0,-0.0,-0.0,-0.0,-0.0,-0.0,-0.0,2.9712225246428896,2.9974729756044365,3.018275602044993,2.959467084940007,2.932359584734728,2.9581195294014995,2.992806707240112,2.9587889040100683,2.942039633039637,3.024186825622139,2.949825051960373,2.97092441275277,3.016441115087729,2.969107384865004,2.9984403742566985,2.9482528623675366,2.974096755746292,2.9969953314880207,3.008060044100189,2.989874859861088,2.951379521481125,2.9899291939482384,2.9891564154183388,2.9937868979869293,2.968757346584934,2.9748496253764936,2.972222165487039,2.9815367410487785,2.9926741075373298,2.968877192830113,2.9950328623740288,2.9891807704462625,2.977300107154666,2.9650017767616785,2.9890436601664514,2.991981789666655,2.981201202774855,2.977939913720333,3.016122484192647,2.997567580673144,2.9787223190171024,2.964595641647433,2.9619595843163364,2.9953232823931746,2.972660598160019,2.968138251629078,2.983386747238578,3.0036048201150223,2.9844995419577804,2.9706407793173923,2.994423381613681,2.960394103468224,3.005705188878089,2.99911462907595,2.994377609731829,3.004054831918489,3.0229647443305376,2.9871922886053714,2.9738340159374648,2.977275610293177,2.9915261963275577,2.985294410427253,2.9841826556343944,2.9636211939788666,2.988877690611775,2.9764753306078173,2.988611006279434,2.985197912581328,2.9826428971277883,2.9881214473691777,2.995696136663588,2.9945736452722227,2.999630036606447,2.971383392093978,2.981615769863124,2.994097453212617,2.9955396262482177,2.9795941172884803,2.9704543471668114,3.0024493017986504,2.9839009744472933,2.996702258791585,2.9884822920117173,2.998927897525103,2.9914041479316635,2.986697224409675,2.983409848476207,2.995032950192786,2.9988115246454816,3.0036323359403907,/bsuhome/jessicagronniger/scratch/6625_Illumina/6625_177_S179_R1_001.fastq.gz,/bsuhome/jessicagronniger/scratch/6625_Illumina/6625_177_S179_R2_001.fastq.gz
PMXC7.S.CR.NB.VT.REP1.T7,-0.0,-0.0,-0.0,-0.0,-0.0,-0.0,-0.0,-0.0,-0.0,-0.0,3.0442658896719927,3.028023836604348,3.058323997894881,3.059319933410099,3.0415750164694533,3.0440592440383614,3.052128839149007,3.075932845795825,3.103040617445086,3.0399970445713644,3.0480511592729727,3.0485123328421406,3.084600265445803,3.050783464524543,3.052096875000882,3.0499584113783094,3.05569776716363,3.058655992213115,3.074534500471371,3.077101028943906,3.052128518445578,3.053313323339983,3.0631398810815007,3.059907527427949,3.0693067744794926,3.0711078118838206,3.0583481901223744,3.056218465923352,3.0562184082026445,3.0365264725015515,3.064538249696887,3.059351626038958,3.05547519575664,3.0453221083561406,3.048923695907233,3.0616976516718637,3.0544213329482104,3.0527469298356844,3.046602480291715,3.044017725056117,3.0746800829434764,3.062463023867394,3.0652738594584155,3.061825263442496,3.0594931002865784,3.05572315820816,3.050684699755478,3.049737280459048,3.06684175980611,3.0737349376221057,3.065163818413544,3.0560715722612395,3.047362766518391,3.0531863951190585,3.062175270056552,3.0612047882589275,3.055576899767725,3.064687600508312,3.0567066998661354,3.0689228462984146,3.0649115981741044,3.0742321752621087,3.063549877421904,3.060870608200492,3.048361712377428,3.074714319608946,3.052625594781788,3.065143201348471,3.066957444153084,3.0659321990916943,3.056927329082615,3.0581515958358554,3.0604782593994964,3.0594333415925363,3.063581038800156,3.056234629762298,3.066560655266168,3.0662584451472665,3.059784730933829,3.0686636786869737,3.061839330894527,3.0701233569325312,3.0592568672909044,3.0667941658650317,3.057305491910386,3.058867424332235,3.072146735250193,3.0647163216431097,3.05763492280204,3.0591456224589626,/bsuhome/jessicagronniger/scratch/6625_Illumina/6625_081_S81_R1_001.fastq.gz,/bsuhome/jessicagronniger/scratch/6625_Illumina/6625_081_S81_R2_001.fastq.gz
PMXC7.S.CR.NB.VT.REP2.T0,-0.0,-0.0,-0.0,-0.0,-0.0,-0.0,-0.0,-0.0,-0.0,-0.0,5.107176907462561,4.914173354097133,4.89326680915368,4.775094219252924,4.958421876381073,4.9589093408376455,4.921572530399513,4.937250755245969,4.935033904808463,4.834843184339695,4.906042254801689,5.004719905796544,4.9672753614285,4.864397409550945,5.00768620862809,5.095017833148286,4.996788181717381,4.899461156046012,5.014496332198584,4.9741436712238,4.991584981171472,4.9350984969954,5.000346721553019,4.980636951884967,4.992510638527793,4.999180228645903,4.978301602182943,4.961002993656555,4.960678547941136,4.935771912786445,5.023413389974492,5.017058074310092,4.997751902984922,4.978418947888566,4.933882877524182,4.94147103779811,5.023017095781622,4.982831669734682,4.973151710997295,5.032012753892952,4.954165768182904,5.005771211922559,4.929143525414747,5.013332438951418,4.988257699456241,5.020848218803593,4.9761577621517015,4.956027655913621,4.978977612131548,5.031675687215824,4.984727854422955,4.964518765875967,4.99588572484143,5.016464849931409,4.9778157921683714,5.005904285253597,4.977648183908102,5.013161216961136,4.9791554230046655,5.017665613521664,4.970927508643387,4.980318521578041,4.998359521062197,4.973940894060987,4.96684700808896,5.030193031646412,4.99571216398488,4.989111212399079,5.0038536024576254,5.025116314489216,5.000864673234702,5.037503208013842,4.999007057487601,5.023355693064625,4.989670383222192,5.007170220835122,4.95158799367593,4.962589729544122,5.051931396355477,4.992153555322035,5.008258273996892,5.001429065524645,4.982472132354529,5.023949491015279,5.005246681731717,4.983318013043386,5.03971761893595,5.019648295798273,5.003425136341135,5.005381143538687,/bsuhome/jessicagronniger/scratch/6625_Illumina/6625_034_S34_R1_001.fastq.gz,/bsuhome/jessicagronniger/scratch/6625_Illumina/6625_034_S34_R2_001.fastq.gz
PMXC7.S.CR.NB.VT.REP2.T11,-0.0,-0.0,-0.0,-0.0,-0.0,-0.0,-0.0,-0.0,-0.0,-0.0,3.185066981513385,3.147882426041138,3.110524541065907,3.1660239290400045,3.187620255389101,3.134878069068618,3.094342053197496,3.0153045640373533,3.147807688092162,3.1198066314276955,3.154194325997876,3.14709722537936,3.1565750595041706,3.139063674989051,3.146997884517236,3.164325204169573,3.124097225846194,3.135515867067298,3.1663634287133755,3.16003916502362,3.1048423928491986,3.160778555747653,3.126442158506628,3.180128496803653,3.1109798253816057,3.1558373386956755,3.127655526619142,3.137074043400608,3.156181318064504,3.1449215484232456,3.151342196385679,3.1290112667402457,3.154484479687877,3.1449470855705943,3.1912653846370174,3.1626176948876976,3.150901583149152,3.1516174519593525,3.1444492694903814,3.1491965894177265,3.141486251457944,3.148195881893262,3.155953900983312,3.131225429264744,3.1844240249576283,3.157909181900055,3.1571652720048258,3.151907482706861,3.166645496355614,3.158808148463563,3.1537413316807204,3.1315053384118,3.140117532705905,3.1346092033613515,3.147831304351063,3.1742351989558424,3.171936733982277,3.1501655485041686,3.135534629882011,3.137361053397195,3.141700824433639,3.1532164559182467,3.169411265287616,3.1634801087490123,3.1428419928851654,3.149106720954584,3.1411454795023035,3.1540891825816946,3.1509984839837566,3.1421828138435304,3.153740044829526,3.142161342590366,3.1549003881101108,3.1424004539625114,3.1744730220030912,3.149084987529592,3.1384777327825906,3.1457112589119416,3.138336381277325,3.1560016712571337,3.148137342966939,3.1547654003488126,3.171330585110804,3.1448037111163187,3.170071120036852,3.151181197177392,3.1660933932496835,3.1710692003158547,3.142062150457147,3.162532185428775,/bsuhome/jessicagronniger/scratch/6625_Illumina/6625_130_S132_R1_001.fastq.gz,/bsuhome/jessicagronniger/scratch/6625_Illumina/6625_130_S132_R2_001.fastq.gz
PMXC7.S.CR.NB.VT.REP2.T12,-0.0,-0.0,-0.0,-0.0,-0.0,-0.0,-0.0,-0.0,-0.0,-0.0,2.898184093575302,2.898952973767276,2.855847877736747,2.8538168412439657,2.831622163722727,2.913184294565713,2.863448849918412,2.833507270081969,2.904355458377628,2.843161562988884,2.841433368983834,2.88377788155248,2.8748393233881906,2.8883159626481514,2.856953952432335,2.915211588145975,2.849917603851652,2.8574617104317,2.8777303594811308,2.866750098770988,2.8887499814494912,2.8958646200545117,2.8890387933958137,2.8937170004072827,2.870635463347452,2.873536602746517,2.8651769661485926,2.851898258765989,2.8781737334168955,2.886830225130214,2.876605515360805,2.874673167663214,2.867259960431807,2.8959259411880724,2.8528306579582408,2.844004966595881,2.8566923614724224,2.878217029455729,2.857587158696813,2.887528965271314,2.8632826419991355,2.8666421831603164,2.8734481548751125,2.868326115528575,2.878367689622356,2.8707614691670877,2.8910005727216403,2.85525936058548,2.8603472389735227,2.853970868232819,2.887679676023436,2.869361225468096,2.864460898669458,2.8718199679328107,2.8677546378664287,2.878102629138692,2.8527558148908843,2.8711398288572303,2.864650689907088,2.890799048871066,2.862249361912891,2.8659853695315425,2.8732942051661974,2.8700678604102547,2.8661284023850597,2.862331774033555,2.863434475104941,2.867059516188532,2.87228157006692,2.863799771712415,2.852331821855108,2.8900293606791867,2.8747571835304315,2.855700605026016,2.873684028259623,2.853635982252815,2.88003534343857,2.878055894045786,2.867393353101851,2.875254787141877,2.864470782994816,2.8723797017364365,2.891315748441766,2.8841566029610983,2.876998018070668,2.874081154167119,2.876608074908725,2.864506452144322,2.870743692913442,2.87648204880002,/bsuhome/jessicagronniger/scratch/6625_Illumina/6625_178_S180_R1_001.fastq.gz,/bsuhome/jessicagronniger/scratch/6625_Illumina/6625_178_S180_R2_001.fastq.gz
PMXC7.S.CR.NB.VT.REP2.T7,-0.0,-0.0,-0.0,-0.0,-0.0,-0.0,-0.0,-0.0,-0.0,-0.0,3.092722349313405,3.072885281641177,3.079889612926965,3.102535154953632,3.1152594969244016,3.1075707492611238,3.0983448475015947,3.103436928768604,3.112301655746007,3.109302527905475,3.107397766415959,3.104790452137592,3.130779272199872,3.092552133672319,3.1177815539749894,3.1356614601052923,3.0801881775993083,3.1185548824613405,3.109882287038105,3.1145945623638163,3.116728575126229,3.12239702529649,3.100761991266476,3.1097806746075887,3.1090152629393266,3.1261714721239824,3.113305078543976,3.151085795755516,3.1376142913915097,3.129033730131599,3.117915590979778,3.104793590125961,3.121617316091165,3.0984237284557183,3.101321491035246,3.114130454831645,3.1005177597651925,3.111374220532747,3.1102259958757186,3.101571312151392,3.1236931110084853,3.109279413801401,3.099691821919451,3.1136257514266794,3.114459494279216,3.1101804582794337,3.1296486520198683,3.109893631229285,3.0879056213103326,3.107857763048027,3.104316809759631,3.1102418272943955,3.119603633329374,3.1095117678165627,3.1262732799227417,3.1191595196089623,3.114068377581376,3.1075863715670318,3.115855861618008,3.1258668202952897,3.115322765323896,3.124312839828353,3.118112695537929,3.117498567804979,3.094195458989756,3.1077367518144547,3.1074587244542142,3.109608316720463,3.119132279098298,3.10991128530378,3.1029248065513584,3.1216698227085367,3.110783886227977,3.1015613263639703,3.1083396020517946,3.107810987246319,3.1153489721309557,3.1085674775755594,3.110999186485434,3.0969258539517903,3.107683304686469,3.120762977804441,3.1149584932214376,3.115516103593047,3.111014052631188,3.110838330073681,3.111300471097804,3.119365986077133,3.120353495841766,3.103121180131972,/bsuhome/jessicagronniger/scratch/6625_Illumina/6625_082_S82_R1_001.fastq.gz,/bsuhome/jessicagronniger/scratch/6625_Illumina/6625_082_S82_R2_001.fastq.gz
PMXC7.S.CR.NB.VT.REP3.T0,-0.0,-0.0,-0.0,-0.0,-0.0,-0.0,-0.0,-0.0,-0.0,-0.0,5.403148864604511,5.657920619303134,5.458370122104039,5.521586723222582,5.444429515467517,5.567395918901892,5.562553632044665,5.550381629560103,5.508833635381168,5.456385669203755,5.5766281435390965,5.736630840157503,5.548403320689088,5.615611319645654,5.6200029535997125,5.643707733293366,5.539326797010672,5.576115627005619,5.610968082735386,5.591321169556586,5.650561639881156,5.689195492617625,5.7210554299701135,5.577320871572359,5.675210092377001,5.701259345893628,5.69851770574943,5.64450712714897,5.654120201987468,5.696287404464383,5.693234104961343,5.695062642043323,5.612968448420225,5.688505785327826,5.66971486214817,5.710829453478928,5.686242302466032,5.672032296126668,5.68256210891251,5.677496172935102,5.734146345247415,5.632609460306156,5.657303510598495,5.705510435431765,5.669071984869594,5.662422553679801,5.742859159633448,5.641739477900783,5.720916637002596,5.7049636407058095,5.726647417005597,5.674044705302791,5.691978507559173,5.7236207216719,5.70847037882858,5.71667217366197,5.719582670670559,5.706904045573589,5.723568966172087,5.680361345317202,5.66966548555594,5.730557959994619,5.705377963259855,5.689628533690168,5.72008736884314,5.68455783974083,5.714632008656042,5.707103071440386,5.688461155144527,5.711885121430762,5.725055680534584,5.676726967722562,5.706011503073282,5.727390523450304,5.707500559424512,5.729316448837107,5.718263760914075,5.708425058447297,5.74746028882211,5.701324913754437,5.691767270015308,5.714962568692483,5.725120330362705,5.710226079523768,5.679900604892877,5.70641618137191,5.749475473927196,5.694258874139164,5.722439997699032,5.704974335682241,/bsuhome/jessicagronniger/scratch/6625_Illumina/6625_035_S35_R1_001.fastq.gz,/bsuhome/jessicagronniger/scratch/6625_Illumina/6625_035_S35_R2_001.fastq.gz
PMXC7.S.CR.NB.VT.REP3.T11,-0.0,-0.0,-0.0,-0.0,-0.0,-0.0,-0.0,-0.0,-0.0,-0.0,3.059295881014388,3.0272889130398646,3.004253060114717,2.9803789312347,3.043048046065898,2.9933635538877787,2.960395837973896,2.972578983706374,3.0042988739282395,3.0159174568705045,3.031895417805594,2.9653118749126306,3.030628300352336,3.009616468398675,3.034040715828929,2.9916371813059186,3.0365548035207355,2.9830226985616144,3.0082923695707167,3.002787764288017,2.9856869696719217,3.026337828928148,3.029458886914202,2.99342682169802,2.997633179743028,3.0299133882411327,3.0098285704174166,3.0151992090536264,3.0226940697967586,3.004948867805324,3.022925697362462,3.00903667084372,2.982687985031821,3.016462611264429,3.001997371734061,3.0195962919663786,3.0089382954242003,3.0432221145383185,3.033360575976594,3.0009458950440973,3.0199337903202927,3.0254802641560543,2.998120843967237,3.013418157897537,3.0211604319387013,3.0061152776427806,3.009862570816686,3.019521503491532,3.0426497897150675,3.024878604686208,3.0133866952285837,3.032266150927465,3.001922102384286,3.0087555335359686,3.004954466417633,3.011075745446922,3.010078420390747,3.0187865536325877,3.019102499375244,3.0103410328817426,2.9998316722856653,3.0141640740623994,3.00157710282406,2.991289733387148,3.016192166331701,2.99051461984136,3.0143237717393827,3.028827233168764,3.01527459985475,3.0178804765575937,3.011123378845907,3.0175581911095684,3.0371223788722483,3.018462989472832,2.994019238298778,3.014761965834577,3.0313500041997363,3.011133826782102,3.023346969794844,3.015774158228476,3.0206770478334164,3.034240722837643,3.0156216845928414,3.0137260724875503,3.0262643499007744,3.031015210933693,3.0237864686451603,3.0043743311353426,2.9934981284383446,3.046190218320465,/bsuhome/jessicagronniger/scratch/6625_Illumina/6625_131_S133_R1_001.fastq.gz,/bsuhome/jessicagronniger/scratch/6625_Illumina/6625_131_S133_R2_001.fastq.gz
PMXC7.S.CR.NB.VT.REP3.T12,-0.0,-0.0,-0.0,-0.0,-0.0,-0.0,-0.0,-0.0,-0.0,-0.0,2.909462422620852,2.965821421500054,2.9024731358826816,2.9065227870930093,2.867695556320071,2.938245209129126,2.9235847216118755,2.931484524769099,2.9136180178394264,2.9073313858994454,2.9154619342811925,2.9053208824512238,2.927510000876034,2.925652229802231,2.889574394588351,2.9099310659304547,2.906677551211804,2.931470564929452,2.914763426162384,2.940628638987385,2.915081627396807,2.9044165485868083,2.9222572311115087,2.911312467938331,2.8994246284265413,2.928931766488556,2.897568902911366,2.916791678150908,2.942915715145509,2.921680294598215,2.9006016202398883,2.919733878534017,2.908332178533853,2.914163696849304,2.9265348991382627,2.920745991375786,2.9294366837900143,2.936347133459643,2.907157844344621,2.927706955330584,2.926873075764844,2.915543285939892,2.907923025994426,2.919294894731705,2.912322194031244,2.922290587401554,2.898411668945367,2.925450770438062,2.916811327828841,2.9340375289908662,2.93310846675746,2.9153106222800327,2.9087509852332154,2.9222142472062504,2.933721578170429,2.913916240726641,2.9061738249591618,2.914989357986425,2.9297754980418063,2.9012745808660694,2.925736904142923,2.9185857979900267,2.9203452940557457,2.9158852403357254,2.9521163771530605,2.9052884778027344,2.917268980731779,2.903436526591683,2.9136177344760426,2.9286311850613687,2.907964088883945,2.896118855216844,2.927849451554033,2.920487390748499,2.9160769388146344,2.9126239904144176,2.903455741903908,2.9015485168843083,2.911947796641713,2.9290826551405487,2.9163393970544957,2.9226027142282147,2.9055246707200792,2.918258428339769,2.914447726098261,2.933399997398714,2.91182045573441,2.917362896819404,2.9258995718939502,2.91030834761619,/bsuhome/jessicagronniger/scratch/6625_Illumina/6625_179_S181_R1_001.fastq.gz,/bsuhome/jessicagronniger/scratch/6625_Illumina/6625_179_S181_R2_001.fastq.gz
PMXC7.S.CR.NB.VT.REP3.T7,-0.0,-0.0,-0.0,-0.0,-0.0,-0.0,-0.0,-0.0,-0.0,-0.0,3.026793751768558,2.9972486904859017,3.034838428387695,2.995010405886013,3.04559156747231,3.0674206656086174,3.0704433663324537,3.038403812291472,3.0236134902196112,3.0064495325622347,3.0354746460633133,2.981976856046729,3.0625593996506515,3.069493001710319,3.0552733992732497,3.034913531526353,3.0415938382445544,3.0477566983902924,3.0417323769195552,3.056485857515405,3.0345797896925504,3.0373616905981544,3.062188488043968,3.024838728951305,3.027888351872885,3.029551921432949,3.0367338984644165,3.0304545402943552,3.061558810698674,3.041996270044795,3.012191930296114,3.045334595924541,3.0561859940563805,3.0350925825803725,3.0322561205199143,3.025554510369235,3.0371476432357167,3.042535806525233,3.0320781925528086,3.0449709228362902,3.034079715765565,3.0285610279811257,3.050512756154449,3.0309613267241997,3.0280239353183664,3.0388626878056435,3.010593025933195,3.037045277146756,3.030559613277724,3.045778096683095,3.046978431896329,3.019721898171692,3.0272965464286425,3.033508890488816,3.038259547423752,3.037935960910685,3.057365137371091,3.0278767801800397,3.0344134907105,3.0426056154145398,3.0399501210079327,3.0362120433439257,3.031317789928456,3.036907449817979,3.031290996532246,3.034143404559168,3.033773118909587,3.0363519841031588,3.029533214508068,3.0475408023086823,3.036201034398984,3.032555300403722,3.051269460120262,3.0554505424900658,3.0296351944379105,3.038790922388738,3.040907442339637,3.015046789010359,3.026313904789821,3.028943673224799,3.052389938087823,3.0372151419917985,3.031700732640332,3.0403538527354725,3.0492161073201225,3.0550587604248043,3.045193051784247,3.023180444556546,3.0411833468171774,3.035617741666993,/bsuhome/jessicagronniger/scratch/6625_Illumina/6625_083_S83_R1_001.fastq.gz,/bsuhome/jessicagronniger/scratch/6625_Illumina/6625_083_S83_R2_001.fastq.gz
PMXC7.S.M9.B.RT.REP1.T0,-0.0,-0.0,-0.0,-0.0,-0.0,-0.0,-0.0,-0.0,-0.0,-0.0,2.5685413998979865,2.620652019546201,2.540639004983659,2.658427986861649,2.722907947147596,2.6566965875497868,2.651735375161887,2.66065768023919,2.7116100171802637,2.687363961208108,2.63626358178784,2.654201303159852,2.6604237467627434,2.68288548804983,2.675068979888954,2.714591911099338,2.69205399262467,2.665498178184872,2.6569635760712806,2.532882479460677,2.682670892297341,2.6937496846267392,2.7106336358950323,2.7069879099156697,2.681536094112836,2.702086207377197,2.6721803160489923,2.6353444809830755,2.703863650484986,2.6637788272697365,2.6427173450867807,2.6894723767460675,2.636792460042113,2.713521796296682,2.6597139752305465,2.6970695649423755,2.677497535857113,2.712213807314106,2.7608176242695985,2.6727325039834344,2.6746148284563795,2.6608584517282683,2.689244455808923,2.652086312243103,2.681487991417978,2.712975289592793,2.687090210030176,2.63205273032706,2.676867612470231,2.6869801290541835,2.694734060400008,2.681934648918142,2.6715851121818925,2.691487565003481,2.68592698999658,2.6639749578902348,2.695462347660285,2.691435531232991,2.6724666722970425,2.656444375626521,2.694421949287732,2.7106832273526207,2.657026844045784,2.690631935055371,2.6814178221274427,2.6791337224926184,2.6944095254198834,2.719552339303267,2.7176567090637715,2.696602097985583,2.7067105131930336,2.6893558542588423,2.6930410286649358,2.6812994850554124,2.661901398947189,2.6932130582094818,2.715550115836276,2.66644678966021,2.695788913090894,2.658537378035331,2.697888261296179,2.690532842584836,2.716068571734974,2.711785968379825,2.672621879926321,2.7276883772595126,2.7044881640197005,2.693395459022996,2.673502866181705,2.7001722792177167,/bsuhome/jessicagronniger/scratch/6625_Illumina/6625_006_S6_R1_001.fastq.gz,/bsuhome/jessicagronniger/scratch/6625_Illumina/6625_006_S6_R2_001.fastq.gz
PMXC7.S.M9.B.RT.REP1.T11,-0.0,-0.0,-0.0,-0.0,-0.0,-0.0,-0.0,-0.0,-0.0,-0.0,1.551000530690928,1.5324315384159986,1.550364796945504,1.5165107788606995,1.4509563564678607,1.5446493101090568,1.4994111698429848,1.4769604348374623,1.499375197765745,1.5546498913757534,1.5613219911334295,1.4761314190068342,1.5324478824429026,1.4604611502325755,1.5236503909450718,1.4890711798556897,1.5432148281570015,1.5024868509228466,1.4743719029755664,1.4957354011668011,1.5110793565570404,1.558519499327024,1.5205222755316825,1.5741725618326123,1.5457215322388036,1.5379034752522018,1.5177597866446562,1.5520760603739578,1.5199867018891682,1.511539241863704,1.506782210474538,1.5369869832423435,1.551682764287196,1.5424318620874096,1.4939535481092912,1.5216052406547682,1.5466237160998393,1.4869004821727043,1.5511567028394766,1.5229165602771826,1.5033858468475372,1.5301555740592538,1.520189274446578,1.538659632459051,1.5392529611132564,1.495214807798062,1.5358245813820004,1.5597987696133204,1.5479053198256745,1.5251434824108936,1.5545256408632209,1.5533123889224936,1.5318939542088998,1.5461583320468053,1.5322341202108445,1.53967503818034,1.5343147872261464,1.5314304594375625,1.5419024719149266,1.5190433084301984,1.567175605907552,1.5311293651250673,1.5435420023334108,1.4992592489731615,1.5270019661866905,1.5057059810299815,1.523919250356824,1.5023501203217215,1.5189196780046978,1.5556462084646747,1.510638469868759,1.5496534022380108,1.53117725155327,1.4927402260613598,1.5607620639709037,1.522754621592763,1.5479760302125742,1.5422332329863455,1.5267682032522611,1.5280919801017334,1.5528112636440112,1.5305464105744864,1.527907972766398,1.543058843912969,1.5436352079964526,1.5520011710996595,1.530718495351701,1.52564400700563,1.5524179072311537,1.5402091202465718,/bsuhome/jessicagronniger/scratch/6625_Illumina/6625_102_S104_R1_001.fastq.gz,/bsuhome/jessicagronniger/scratch/6625_Illumina/6625_102_S104_R2_001.fastq.gz
PMXC7.S.M9.B.RT.REP1.T12,-0.0,-0.0,-0.0,-0.0,-0.0,-0.0,-0.0,-0.0,-0.0,-0.0,1.395088118851004,1.3416798256106128,1.310965994656946,1.3875656693625704,1.388733484240449,1.3673932088577458,1.3529113893961098,1.280130925372421,1.2745947815876602,1.2794724495475138,1.3623301691105731,1.3545616655525068,1.3364642806713198,1.3240900151188542,1.3168421395737884,1.3770464324544576,1.3131091738964338,1.3730848887599767,1.3717290657433143,1.398996863582984,1.325154460934262,1.4207793279797938,1.3828892390431855,1.4025638191141958,1.3521928510575147,1.3795243558912584,1.3283525142466703,1.3314629858081095,1.3461749420331195,1.360863397437965,1.351671734807558,1.368786722728408,1.362539893241892,1.303897580149166,1.3388795782389509,1.3431595550307145,1.3352016607130224,1.339395152521501,1.3259179221875028,1.3866215391896506,1.335507722053637,1.3548376851856043,1.3439158038185863,1.3535141804238802,1.3320683769540689,1.375813239893114,1.3608744140595923,1.3552559359514584,1.3984512672549625,1.359774302447589,1.3543593319151397,1.3673851968707065,1.362349748119749,1.339736844653955,1.3686340165627595,1.3379037975241446,1.382791498434371,1.3581611613329467,1.3732195948974388,1.3632472225119106,1.3196018632971456,1.368269929635391,1.351056237455754,1.357513414678758,1.3758936710576524,1.3421145479142291,1.3475126029541908,1.394274124044644,1.367558513666416,1.3578646933158884,1.359314605277895,1.3825053667229694,1.3589271321597949,1.3553122373403308,1.3760598304133518,1.36028110615921,1.3517888478746471,1.374146113295709,1.3546617159102274,1.3713588401634962,1.360177162755767,1.3407292996412925,1.3567291832875417,1.3742075206171025,1.3535692759535278,1.360837469093689,1.38194193185342,1.3811500696329315,1.3824540332139397,1.3484193321289497,/bsuhome/jessicagronniger/scratch/6625_Illumina/6625_150_S152_R1_001.fastq.gz,/bsuhome/jessicagronniger/scratch/6625_Illumina/6625_150_S152_R2_001.fastq.gz
PMXC7.S.M9.B.RT.REP1.T7,-0.0,-0.0,-0.0,-0.0,-0.0,-0.0,-0.0,-0.0,-0.0,-0.0,1.3714485227443594,1.4151308187412883,1.3445973444526944,1.355249258590203,1.4493376069022927,1.3299674555727288,1.428568367197057,1.4276870741866996,1.4186539159940224,1.4149467923293693,1.4346029385167436,1.396671598552654,1.367506467678436,1.4306025524264754,1.3913162731598478,1.4003468097305387,1.3741408662789525,1.3899913986012626,1.4684156743604664,1.377903185657216,1.4062750868557634,1.3802286179667969,1.425243764198706,1.4245481557015969,1.441347610046854,1.3832533273492964,1.411246560110292,1.436540584221236,1.391769633484271,1.4314463952372092,1.4360208616916967,1.4219245608945006,1.4577155599773046,1.3937496506549365,1.425738339953644,1.3631998557047085,1.4269484722257444,1.4517871053135554,1.4073133851434054,1.40537970874944,1.4222045825744247,1.404393566753195,1.420025115018506,1.46750752100541,1.407419720940421,1.433349614954152,1.4084802984359408,1.4676754024138567,1.419118146134611,1.4462934747284129,1.433461824346049,1.4319452668784591,1.4078681930441583,1.4176402175409375,1.436742659038183,1.4240331621678206,1.3982903886690647,1.4103402439162516,1.4166603712610597,1.432655180548347,1.4151786189504485,1.431677835252289,1.4374327878945454,1.422754962132587,1.45272459927063,1.4324077156088788,1.45067394766294,1.456492250549522,1.4169230393003358,1.4215836114621991,1.431403232011686,1.4386943493486122,1.4450504113306748,1.402704882263022,1.4172719713907065,1.4221195287139172,1.4147258699795495,1.427489090915567,1.4212545665084186,1.4240284266721068,1.4444764307333149,1.4170676076551452,1.4437166404419897,1.428496333023295,1.4398065002567932,1.4288186445657398,1.4079901756032474,1.4423791703224584,1.4401789076227869,1.4162822689750252,/bsuhome/jessicagronniger/scratch/6625_Illumina/6625_054_S54_R1_001.fastq.gz,/bsuhome/jessicagronniger/scratch/6625_Illumina/6625_054_S54_R2_001.fastq.gz
PMXC7.S.M9.B.RT.REP2.T0,-0.0,-0.0,-0.0,-0.0,-0.0,-0.0,-0.0,-0.0,-0.0,-0.0,2.496014667221426,2.5803705146705096,2.44411636297053,2.4773774557012,2.5528900839621644,2.5720619102207016,2.5092518511100645,2.50206946410056,2.645917223948405,2.5506819358780364,2.5279690637466627,2.5467683380204797,2.5166839480266177,2.5115535491429184,2.530118215003224,2.552907398418191,2.5665786300713265,2.52671312605742,2.578079184805888,2.524901217412231,2.5616719933701426,2.534663355101442,2.544807058562439,2.543762860513229,2.488275373618922,2.522540054468623,2.596529504909815,2.494734920321863,2.5265239940379742,2.4747669653498927,2.5458542464556717,2.524762132122234,2.5539665626919565,2.55244292822922,2.5208769851028605,2.5480304293310776,2.5462203638752,2.5670470781496486,2.525601552268166,2.489579062009017,2.578028776957134,2.503435876060782,2.603383057879727,2.519929534718245,2.549142436133366,2.5929454801683525,2.547379000518628,2.521552640318448,2.5547754752291243,2.578749189262646,2.5552099885097896,2.5072330145384973,2.54984588927052,2.563938742242137,2.520843098429416,2.5276693765737077,2.5591516323918246,2.534973389183248,2.545449856261456,2.535280604748836,2.555872605553985,2.50512513672469,2.5679407674388903,2.550871982204117,2.4903667954317017,2.5345708448527384,2.561283394556391,2.5596494198145625,2.540469798522646,2.517740911141364,2.5189216253626947,2.530598348493839,2.5505637487776083,2.551311573988835,2.534072220211976,2.5496188010948178,2.5672281183231487,2.5341245111853903,2.537886395023663,2.5524841339734228,2.5658450859044764,2.543418726183232,2.558089069114589,2.538809702518104,2.521831669279067,2.5432820697178338,2.565668186766011,2.5295269275601004,2.57910185529853,2.5552951930079346,/bsuhome/jessicagronniger/scratch/6625_Illumina/6625_007_S7_R1_001.fastq.gz,/bsuhome/jessicagronniger/scratch/6625_Illumina/6625_007_S7_R2_001.fastq.gz
PMXC7.S.M9.B.RT.REP2.T11,-0.0,-0.0,-0.0,-0.0,-0.0,-0.0,-0.0,-0.0,-0.0,-0.0,1.396411595635207,1.443476995784739,1.4852978651171376,1.4045867939451029,1.4577100012218414,1.3705943549389137,1.365184623215751,1.4833960822932128,1.366938947856697,1.3772684221220777,1.417315135569741,1.4000666091394205,1.4422510285653551,1.3642972704819325,1.3436567091346168,1.4151503888558952,1.3656663532856357,1.3818244660307897,1.424874758874081,1.407381556051952,1.411184656406971,1.3860091112012731,1.4279578835040112,1.461924342854216,1.433411061658324,1.40730412503528,1.376618991729032,1.4192422432038516,1.3978157223090546,1.3916859102568728,1.3937025361629167,1.4344030010867002,1.448705773304253,1.404759545262359,1.426449577255232,1.4257827395642126,1.4176555207709036,1.3557314925321198,1.4167612430121597,1.4014397262321012,1.442366950584422,1.411525194670215,1.3909925812789643,1.3995169384256765,1.4320193561213006,1.4415525489123011,1.4020251956691938,1.4061581204577904,1.4171620491991366,1.388680092900996,1.4176255359146148,1.4402151996850157,1.4015847661675844,1.4448239074879188,1.4538429547883776,1.4260345333128157,1.406802084551379,1.4184798114378725,1.4542469552849062,1.3952134129987497,1.4367687563424425,1.4207385842702067,1.4164157296624722,1.4392502249071908,1.4240657128995111,1.425162890224429,1.418817421508817,1.4208339993694497,1.415246784212563,1.4118092544272665,1.4095727051395643,1.432443532403476,1.4136464583845003,1.4306902296889454,1.4130398650674658,1.4470477255382654,1.4220948801575364,1.425948359543287,1.4216892546290678,1.407286466389088,1.4321810923157574,1.456466332206076,1.4323429778103454,1.4341568802332445,1.41867964601455,1.4112946643679054,1.4303486817444513,1.4368268298737723,1.4185185228960355,1.4507751676308376,/bsuhome/jessicagronniger/scratch/6625_Illumina/6625_103_S105_R1_001.fastq.gz,/bsuhome/jessicagronniger/scratch/6625_Illumina/6625_103_S105_R2_001.fastq.gz
PMXC7.S.M9.B.RT.REP2.T12,-0.0,-0.0,-0.0,-0.0,-0.0,-0.0,-0.0,-0.0,-0.0,-0.0,1.3186796890427714,1.3587377477089853,1.3114667548087446,1.3727981713610558,1.3602124204772572,1.2259296753046205,1.2422482361209428,1.3004576604091826,1.3687995246126836,1.366333155958693,1.348190083776956,1.3482557917851508,1.373928546500628,1.3099731200593867,1.2659431483601438,1.3191393453785365,1.2562720031921597,1.2942466867712032,1.2989716677949892,1.3338418547945774,1.358086704935797,1.361947809891587,1.301375511826985,1.3597990503306825,1.3332428671106549,1.3466271711540434,1.3357971353996705,1.288083400543771,1.2890224427844523,1.3053488823873287,1.307984834397829,1.3419495677564082,1.313976129490281,1.3254957000779162,1.331619599097183,1.3643228189722665,1.3160021617044155,1.3266411671783471,1.2761493409810567,1.2943798009845968,1.3310571777527012,1.338282451030922,1.3121076482742609,1.3127433878307524,1.300699214041017,1.3260717497003045,1.3418265507845435,1.354675228235875,1.3457340707092256,1.3335915287393252,1.3316608763463211,1.315738886371948,1.3511918997073875,1.3253841718468045,1.319087378210802,1.3319713462082148,1.3061088814772612,1.3206712399390783,1.3425888191193918,1.3341162226423289,1.3849485222709397,1.3472205533765211,1.3260443575112035,1.321072415018284,1.3095783557808802,1.325514060239115,1.336846130499622,1.342510429176674,1.3430725070230802,1.3355480863614817,1.3243999917815663,1.3530153195524433,1.3198524423140323,1.335250937280178,1.3272134452875053,1.341524635270269,1.3359333924802113,1.3679978578254728,1.3389259168755616,1.334685854844526,1.3416283190399485,1.3087519948505943,1.35634982274974,1.3318687366247468,1.314922325004742,1.3154050034953777,1.3247852314536956,1.3361551679791923,1.3403973182790443,1.332574254491757,/bsuhome/jessicagronniger/scratch/6625_Illumina/6625_151_S153_R1_001.fastq.gz,/bsuhome/jessicagronniger/scratch/6625_Illumina/6625_151_S153_R2_001.fastq.gz
PMXC7.S.M9.B.RT.REP2.T7,-0.0,-0.0,-0.0,-0.0,-0.0,-0.0,-0.0,-0.0,-0.0,-0.0,1.3254498885277033,1.3265507811341664,1.2662597057073364,1.2413356498020558,1.3270363611532836,1.3580890369420595,1.272444648340575,1.3153289190657116,1.3348850611403835,1.2752465669386095,1.333817643945656,1.3044384816630563,1.3860941171819237,1.317020019628414,1.3196754397569783,1.3481910722730437,1.3207318479519348,1.332220689897652,1.3272036499143196,1.3406757963163751,1.332242046149703,1.28201438659238,1.3288668408360065,1.3370225175672108,1.349364047883992,1.3284111270008123,1.3323834784580757,1.3166293962617432,1.292266933192589,1.3404563827731335,1.3392344586794942,1.323380861974259,1.3202741243737035,1.3446504243693698,1.3200521062320063,1.3224469977098512,1.3304125288887558,1.3591820278386073,1.3083492820589864,1.3496441335226153,1.3171998361743669,1.342102897143219,1.330597689051627,1.3183168805024117,1.33600036006226,1.3062813576498435,1.342793620889756,1.370191018217768,1.338301210941659,1.3177160457113388,1.354881306905609,1.36855117840062,1.3368729450684511,1.374058288524175,1.337198361808069,1.3151825900363898,1.339518586021785,1.3536148544682842,1.3304907807495294,1.332334284577651,1.345760814352276,1.3172816159213678,1.3578771480998773,1.3502514146187303,1.327823022273109,1.3607504387480776,1.3356864384043308,1.3422342680553634,1.332447715708868,1.3155704242995414,1.33354848211362,1.352844108871969,1.325237700429143,1.329276652922057,1.3364904170973992,1.323498789229127,1.3532753931325825,1.3389249596088608,1.3646931014271957,1.3445861657835152,1.3217196768901436,1.328757526922449,1.3337241769815706,1.3293928707202811,1.334503383625386,1.2895409324270946,1.349923133560394,1.3516959686901495,1.3542193921702783,1.304873064367957,/bsuhome/jessicagronniger/scratch/6625_Illumina/6625_055_S55_R1_001.fastq.gz,/bsuhome/jessicagronniger/scratch/6625_Illumina/6625_055_S55_R2_001.fastq.gz
PMXC7.S.M9.B.RT.REP3.T0,-0.0,-0.0,-0.0,-0.0,-0.0,-0.0,-0.0,-0.0,-0.0,-0.0,2.796756594576877,2.791703158639412,2.7414151168486782,2.82174364780141,2.784466183520479,2.844880896277219,2.8149515743980214,2.749786003875468,2.8049331835342373,2.7675085963278465,2.8119222905058274,2.808647471390097,2.723121061504695,2.814808561255111,2.8149182354108047,2.779154476816293,2.726030601885633,2.7995320170283757,2.768496775058577,2.840913675908249,2.735984956347227,2.830050668104932,2.821816838773886,2.7648761997271376,2.775370337599285,2.800903864704804,2.823500019116727,2.79008093845322,2.7761128725769275,2.7812419504805024,2.797161825542708,2.767418400075635,2.782242165903074,2.805149904940416,2.7493086951626,2.8070120148174538,2.789432617463191,2.8188027180979938,2.772188539535778,2.798180839417038,2.786775764908786,2.7959321588398134,2.796901426980925,2.786219723974124,2.7829664716636224,2.793308642555367,2.788853939836613,2.806400623957348,2.809775140570037,2.7653796505778323,2.788534207285127,2.7998821886308543,2.812336884296782,2.8071224328577533,2.7979900166395844,2.755743825716314,2.803030200910152,2.755898710727345,2.7885030764513394,2.793681424964345,2.7792162893791943,2.780499770834149,2.809324251631002,2.7887246736876192,2.8007663151781084,2.803492364292909,2.789855605431557,2.817287574214524,2.811588532061786,2.801184945460585,2.776515765515537,2.7635448566282226,2.7985143234969074,2.779202694970353,2.798318152080654,2.815244282714111,2.785776007589878,2.805026792737056,2.794094720830436,2.7761683868004,2.796705323853714,2.7947711310184653,2.7877106216792384,2.7947878761244738,2.777479790277094,2.7864527234630336,2.7819004728090504,2.7749431907947604,2.800845612168995,2.77308984673714,/bsuhome/jessicagronniger/scratch/6625_Illumina/6625_008_S8_R1_001.fastq.gz,/bsuhome/jessicagronniger/scratch/6625_Illumina/6625_008_S8_R2_001.fastq.gz
PMXC7.S.M9.B.RT.REP3.T11,-0.0,-0.0,-0.0,-0.0,-0.0,-0.0,-0.0,-0.0,-0.0,-0.0,1.361001215006035,1.4115199699062215,1.409141532630812,1.4277832123932692,1.3883148845853204,1.376317220234858,1.35411481541043,1.3823762695741328,1.421326217909407,1.3885836326203922,1.4256652437124042,1.364408526489402,1.4319461945791443,1.4113090309618606,1.3822231872015798,1.449330247787496,1.4186977775455207,1.377801283176195,1.3942720764160523,1.448077244386468,1.4022264973562562,1.442442872796888,1.4598055613052376,1.452256655136905,1.4328664039256027,1.4087256989752548,1.449583270791153,1.4711594404890562,1.39833820588877,1.4425844119997178,1.390785851972267,1.4280167928140752,1.4310700409669734,1.4532942972624283,1.3839836801944905,1.455312667187557,1.4656395487082037,1.4158757195269494,1.4544322657578963,1.4242321010052783,1.4199995310399702,1.4512452466885564,1.451960161944734,1.4324669690812186,1.4086382141957323,1.4364374530818818,1.415525021239953,1.451274715377225,1.4504039097889845,1.446647363262108,1.4390556975281723,1.41031617260761,1.4434429408222982,1.4501896046905365,1.448512796134226,1.4259913770694996,1.4413399485555345,1.4259003137359822,1.422749178275896,1.424402145556959,1.4383237097350607,1.4220015865906794,1.4403847974917463,1.4264842954188115,1.427342342528802,1.418072646034105,1.4388659828042911,1.428286924638547,1.4261428867434742,1.4310519415208554,1.4484145019970909,1.4476061150326736,1.435329815545175,1.4403020523558334,1.440781042119564,1.4527460010702755,1.4446355646305682,1.4209300898228117,1.437400264413388,1.4240288171623792,1.4191298165060564,1.43205094633591,1.4296827074993432,1.4291266442475454,1.4326903175586383,1.4385351804841109,1.442809870660502,1.4641141555910615,1.4346461378332866,1.4449945988753925,/bsuhome/jessicagronniger/scratch/6625_Illumina/6625_104_S106_R1_001.fastq.gz,/bsuhome/jessicagronniger/scratch/6625_Illumina/6625_104_S106_R2_001.fastq.gz
PMXC7.S.M9.B.RT.REP3.T12,-0.0,-0.0,-0.0,-0.0,-0.0,-0.0,-0.0,-0.0,-0.0,-0.0,1.4635400147280555,1.3580228636637015,1.363122484851624,1.3663679104500943,1.419106436359794,1.4392620811136898,1.3675936785747784,1.3924776911303316,1.3486236539009764,1.3758560073773307,1.3922750781741695,1.3976284240195094,1.373579717511519,1.3770373719294895,1.3928444659497763,1.4223342304075337,1.4215150217784882,1.3695577309731424,1.387093522855979,1.4246462004995328,1.4316744509144068,1.4308277236412066,1.38695606297424,1.402433151309005,1.3535058479463815,1.3942814295706447,1.3958861186414726,1.4163502230071354,1.4000616515046875,1.414248582790839,1.441001601940937,1.4385429118921982,1.3971727916215968,1.3889204845301066,1.397746465643313,1.4074087002454865,1.3836596143327935,1.4058498806010744,1.377709436655131,1.410822843721408,1.4139875955962475,1.439973884611826,1.397868423516574,1.4028680079107243,1.4341408097394066,1.3964706189478329,1.4241725760300397,1.4039629201557773,1.4136876069635222,1.4124559655204756,1.4370536285395128,1.4173858459816722,1.4393974846961954,1.39359139874208,1.410357918102651,1.4125931283501771,1.3846978090244886,1.4333928149951871,1.4174897034091944,1.432524894785274,1.4164234400135405,1.4201306025992926,1.398964586686724,1.422983038711369,1.4216411694423725,1.3883222256919523,1.4316519583024714,1.414591501515591,1.4287725747175954,1.4322443951468884,1.4123044325917582,1.423447808054248,1.44316621277238,1.4091513597284624,1.44226256700655,1.420289817580765,1.4588273158259808,1.3926155631008006,1.4072313823527227,1.396648741804545,1.4030295555357315,1.395851880381472,1.4232993184490546,1.4115525526923236,1.4092047020233402,1.4092959655454462,1.409847981172068,1.416606172896825,1.4274723289571507,1.3857245026829463,/bsuhome/jessicagronniger/scratch/6625_Illumina/6625_152_S154_R1_001.fastq.gz,/bsuhome/jessicagronniger/scratch/6625_Illumina/6625_152_S154_R2_001.fastq.gz
PMXC7.S.M9.B.RT.REP3.T7,-0.0,-0.0,-0.0,-0.0,-0.0,-0.0,-0.0,-0.0,-0.0,-0.0,1.4158628383661198,1.352295588895003,1.3514092502930488,1.389490588298332,1.360290016254002,1.3545299003457365,1.3412874829159973,1.358320062581438,1.4349934777970426,1.3819962605330949,1.4070895513885826,1.38496776969418,1.3499071268139613,1.419772576764299,1.381493044183952,1.3916255512583169,1.3886115242370456,1.4261689214225144,1.430718104331875,1.403545860058404,1.4246142836934708,1.3910493683798406,1.3984738092113995,1.397939471969191,1.376309751434228,1.371353382304884,1.3876799731719456,1.42437714146996,1.4085430964462218,1.3800364458483485,1.402613991662444,1.417809084384955,1.4254783754328122,1.3994938715167975,1.3704356237968316,1.3934629243999967,1.4039521799116776,1.4419730045826964,1.3826328294482635,1.3855328847776738,1.4011706119595142,1.4172967856950476,1.3842801831833689,1.4008698478930248,1.428839319020618,1.408099795583443,1.421560002475207,1.4297354112153953,1.3550025932692067,1.4241078526841937,1.3946820608645052,1.3906557784594744,1.4165103854396526,1.3913963029684004,1.4287213256469888,1.3902314031044756,1.3987823023558894,1.3914700105493567,1.381156609111991,1.386975299572064,1.3915143905977077,1.3871085520831434,1.3935366107944558,1.404193658948248,1.4047436238820576,1.3958908357658537,1.4022880048586457,1.424404419057571,1.3886754015476603,1.4075357109846187,1.399355801605686,1.41340139862484,1.4141190961101917,1.3621557766094596,1.4050959868378263,1.410316979372258,1.4000351678300922,1.3979528187916153,1.4182024607703212,1.4010881174312717,1.4114081285257496,1.4088850804689936,1.4148430844826672,1.3880484625742684,1.4217992947497669,1.4015485645997146,1.418005806772179,1.3921443938154272,1.4199904742492109,1.3924117820417634,/bsuhome/jessicagronniger/scratch/6625_Illumina/6625_056_S56_R1_001.fastq.gz,/bsuhome/jessicagronniger/scratch/6625_Illumina/6625_056_S56_R2_001.fastq.gz
PMXC7.S.M9.B.VT.REP1.T0,-0.0,-0.0,-0.0,-0.0,-0.0,-0.0,-0.0,-0.0,-0.0,-0.0,2.4345311327676376,2.4293265383553986,2.428518119470929,2.4270513609053825,2.46450626078495,2.451712087325894,2.4791116339107337,2.3878162941305687,2.521402074302447,2.398482566437554,2.4533465496330598,2.455093009357251,2.4927731721695165,2.447566543263871,2.44839758309013,2.4855377290704808,2.397115440135888,2.345607674961253,2.4597679076931835,2.381875105355318,2.441994549949258,2.4560727793894626,2.397300223650873,2.4705088942862425,2.46039635754821,2.4700112148465414,2.4351679081242983,2.471183889610958,2.428163273138896,2.417910327934862,2.456271379172919,2.4554972955594025,2.4195071892977493,2.443814411509581,2.425719933648216,2.487376537655223,2.4625013929241804,2.422995441787624,2.408254992034489,2.4626441824771232,2.43865751707074,2.4603302609149424,2.469381308806832,2.4616213465932595,2.4211144650659686,2.489649722594635,2.4405689829285864,2.4816999828460142,2.4449535795384616,2.452112713292153,2.446919999005435,2.4307650672136107,2.449918111370237,2.433745540887652,2.4583402140097657,2.4334641901340905,2.4680652730390547,2.461578707008723,2.4494390992124235,2.4070719909165823,2.445334954364472,2.449003996346117,2.4428576032653515,2.405116521025026,2.4707810929685325,2.4342100580207218,2.4495763616478268,2.463337979583767,2.429206319586606,2.4412071947386096,2.441141359027432,2.4486570441284776,2.477889719406734,2.4395170117016693,2.471888258691781,2.456107929845474,2.460553535221908,2.4279417007855075,2.441815392156035,2.4897909553972406,2.4504022787304227,2.4493516944236022,2.4463649936872134,2.457158708518485,2.447403279124418,2.440422570966812,2.478925503132905,2.4654010970478515,2.4822809263570367,2.433565233099912,/bsuhome/jessicagronniger/scratch/6625_Illumina/6625_030_S30_R1_001.fastq.gz,/bsuhome/jessicagronniger/scratch/6625_Illumina/6625_030_S30_R2_001.fastq.gz
PMXC7.S.M9.B.VT.REP1.T11,-0.0,-0.0,-0.0,-0.0,-0.0,-0.0,-0.0,-0.0,-0.0,-0.0,1.4394848655697077,1.4492661210728193,1.483042046364329,1.4280937631353152,1.4039561892865386,1.5255932606215852,1.4821031908357702,1.4693620534674343,1.476539156376503,1.506775988407258,1.4329910283285234,1.4993805889610796,1.4764230610406366,1.5451567108407942,1.4797406947399512,1.4708632648382751,1.4916697497114346,1.4389455284273738,1.501726780194237,1.5132554251582775,1.5160104538484864,1.4952957527086137,1.4666144562761845,1.51045384215744,1.5124975627186386,1.478824181329302,1.4775549740147398,1.4267187233490135,1.4755325938901294,1.4861739858303944,1.5150340664711854,1.4843667005095516,1.49400277654514,1.4964576563105303,1.5268855227650049,1.5007433940750836,1.534114788356457,1.4965039011659544,1.4898933775248075,1.4800570559034152,1.4957578910288916,1.478357843721746,1.474837113623275,1.4752464082937151,1.5211805998745536,1.4634339023404568,1.544054810265824,1.4851298516344116,1.517797177764313,1.51402555837077,1.4903714009829248,1.4970385160216562,1.511143351809218,1.4807565505432043,1.4634303320994415,1.51096504923183,1.46646484466944,1.489561925419358,1.4880313119828026,1.48699057333613,1.4722443490789952,1.4893575767365483,1.4731157395536958,1.5256515809574376,1.4856926215071855,1.503562419366384,1.4956789360982006,1.4945799501224075,1.5171062647349196,1.5337645434534846,1.4929332954213372,1.5137192494758671,1.506341224177527,1.4998595591470805,1.4830189602009158,1.5014281066369406,1.510180806268267,1.510832645220329,1.5075333200851897,1.480894254004232,1.4914333314766797,1.5405780904811226,1.505973637165232,1.510040602272858,1.5080297971085015,1.4991504473135753,1.4833672733417786,1.4913874359671118,1.526871115363307,1.496741436968396,/bsuhome/jessicagronniger/scratch/6625_Illumina/6625_126_S128_R1_001.fastq.gz,/bsuhome/jessicagronniger/scratch/6625_Illumina/6625_126_S128_R2_001.fastq.gz
PMXC7.S.M9.B.VT.REP1.T12,-0.0,-0.0,-0.0,-0.0,-0.0,-0.0,-0.0,-0.0,-0.0,-0.0,1.2651379058828476,1.3533869744154274,1.2493287806840034,1.3249221371465132,1.3113955540768374,1.2555536348926275,1.3000760934148023,1.260194465068332,1.2598524777022715,1.2710496757237923,1.287858400419454,1.2746705408389087,1.2633667637718402,1.2777762590596533,1.3345587452504983,1.3307744811741584,1.3072732162648175,1.3230225440901815,1.292251771988699,1.2673785550774472,1.3193109439560486,1.3012299105294556,1.2955448619269183,1.2854957187187412,1.3161431831968802,1.3155668533618838,1.322877526148057,1.2849004206477412,1.2562973508293462,1.307294996961173,1.2852511146769865,1.302508620562478,1.3114516894977415,1.3213465202209391,1.313265373041757,1.3191492914108638,1.3038861450153345,1.3062983615642527,1.2827816830059275,1.3106837526871935,1.2821779112403602,1.330803156581691,1.3204061314370346,1.3070925509543008,1.3163400949907544,1.3206062603746451,1.308921401931328,1.3257890529148968,1.2927834703367551,1.3057233883309471,1.305750709205019,1.3126762468184856,1.292400077178659,1.2865400108416958,1.3101165168033069,1.305330534140443,1.301010736134625,1.269351779927846,1.3194593171930082,1.3044823803001109,1.312556476701557,1.303019088565022,1.281367402617675,1.304663263755804,1.297887428383568,1.2843856647364296,1.33965157431842,1.3119260972501834,1.3330453708538914,1.3369094598815163,1.2981746443686433,1.2757984953036985,1.295064248036336,1.324761673085148,1.3117330577750943,1.324179603055664,1.3038938532310618,1.3056931633288655,1.2732296299017956,1.3016181513360237,1.3282009215605943,1.2924342062744687,1.308154208850105,1.2951078989373126,1.305514837399501,1.2992215326325016,1.2941942847215302,1.3104685909318474,1.3190954804122803,1.3011475398713306,/bsuhome/jessicagronniger/scratch/6625_Illumina/6625_174_S176_R1_001.fastq.gz,/bsuhome/jessicagronniger/scratch/6625_Illumina/6625_174_S176_R2_001.fastq.gz
PMXC7.S.M9.B.VT.REP1.T7,-0.0,-0.0,-0.0,-0.0,-0.0,-0.0,-0.0,-0.0,-0.0,-0.0,1.3891706801273471,1.3479457455578332,1.4214880210576666,1.412401688546631,1.3807210620409185,1.3382444637420672,1.3992561435202346,1.4204352899169952,1.3934871981303354,1.3431939032740652,1.3686553154547632,1.4281697798824498,1.3766765512185646,1.3830082334567684,1.4065610828359103,1.3982891681741405,1.3700951137372472,1.363940353927824,1.3911076158894038,1.4102307286606108,1.4169824640468125,1.4497112426751868,1.37389610914315,1.440283050511129,1.4137246814582438,1.3966339758847628,1.3910511834378008,1.3644773376559567,1.4122433930929212,1.3980125968279296,1.4193286081134022,1.4619668129003924,1.411815183878448,1.3793646735217422,1.4261482888936852,1.3814000791289658,1.3556148818635103,1.4288271696341996,1.4385192935822224,1.4054168908327749,1.404041203459707,1.3953519018668976,1.3928297369509055,1.397018151354962,1.429352874882062,1.4227804289726655,1.4161905801473569,1.3751863334653616,1.3990161131542658,1.3993991909810324,1.4247235613597498,1.4048775177232464,1.3955945574390562,1.418997631796649,1.442408130616618,1.3997145817751937,1.3739973029054426,1.419539224347547,1.4345280595130845,1.369540330044226,1.4470825089051909,1.4063247865196442,1.38703844846155,1.4017120041499624,1.4383947494239304,1.4126450379017086,1.4004681096975415,1.4051622019246244,1.413110467859331,1.3938770825651212,1.4016105352409327,1.4042690027767202,1.4168770443041407,1.3636867723594204,1.387567418294253,1.39616966111603,1.4134468160856684,1.4069098408292544,1.3933042590251905,1.4156624512783138,1.4250139805212223,1.3856465830434512,1.4086500873918193,1.422967277562963,1.4046078329799736,1.401310973872918,1.4164741967197194,1.420922705264838,1.3953899616215673,1.3923101833058378,/bsuhome/jessicagronniger/scratch/6625_Illumina/6625_078_S78_R1_001.fastq.gz,/bsuhome/jessicagronniger/scratch/6625_Illumina/6625_078_S78_R2_001.fastq.gz
PMXC7.S.M9.B.VT.REP2.T0,-0.0,-0.0,-0.0,-0.0,-0.0,-0.0,-0.0,-0.0,-0.0,-0.0,2.6013517667633037,2.5753467822639537,2.633755109904288,2.657557525957813,2.6560897947949376,2.6479585894877515,2.5709955887438,2.66606386913358,2.666949014000397,2.5808221130377915,2.658583568361388,2.67384731574689,2.6386104116903213,2.6311578820545765,2.7099109688761067,2.615467377878256,2.6722307307363127,2.6099713232986197,2.587571879822817,2.7178535972830544,2.691764789308332,2.6622733448186944,2.592564322819638,2.7145531639334264,2.7373375319001205,2.682156924677058,2.660912133236033,2.658931343769277,2.612982408827713,2.595340425273366,2.647116572654555,2.669932916318237,2.610876537446732,2.644067245580505,2.6670164136211234,2.6397149499471597,2.678980991749508,2.650388555180124,2.667076929649272,2.678215683144819,2.701097146994834,2.664031688783384,2.6773945714500478,2.6935737223098584,2.635226690381241,2.628284485406871,2.65520090335994,2.665747455254871,2.6595093774692877,2.623654507662099,2.66969417194065,2.6332433725016267,2.669388291011288,2.687737722365629,2.6771323405104317,2.663647716303179,2.663833162489712,2.6641859221679707,2.637652621986477,2.629439576575576,2.657341570512425,2.6732751913040653,2.680933688540512,2.6655097687428877,2.6455396383277225,2.640077845146229,2.6739499109265426,2.667538429051253,2.67516493239242,2.6479130841242937,2.6473114093939905,2.671539837014812,2.6565215960517072,2.6611920390155253,2.6634674370324034,2.675913716857809,2.6588046679642545,2.6404630658202377,2.6442052056884084,2.6395137147974475,2.6693254694530766,2.677074512588421,2.6598797276843515,2.6729890534608165,2.658268207509179,2.660303496042288,2.685878496480458,2.653260368957673,2.660927034141051,2.6383836704447416,/bsuhome/jessicagronniger/scratch/6625_Illumina/6625_031_S31_R1_001.fastq.gz,/bsuhome/jessicagronniger/scratch/6625_Illumina/6625_031_S31_R2_001.fastq.gz
PMXC7.S.M9.B.VT.REP2.T11,-0.0,-0.0,-0.0,-0.0,-0.0,-0.0,-0.0,-0.0,-0.0,-0.0,1.4254329820362208,1.3851865830988002,1.4437258983275314,1.4275495635766071,1.2981288437555325,1.3787252331482502,1.3710644927835025,1.3836448985790613,1.3440543532855354,1.355792345484385,1.3680606485203215,1.3933736742182812,1.4121445387174132,1.409176034225474,1.3597638718763705,1.3955290668022382,1.4297892670630254,1.3976200170090944,1.3787695164727582,1.442963589579005,1.36593691138275,1.3660589713303564,1.417751926621208,1.418086707761375,1.418146796029964,1.4162150520570955,1.3665680522839598,1.4132977658698604,1.3877869051373652,1.4106280906718682,1.385686125819809,1.3927663041148737,1.409131057872136,1.414512370891649,1.3767940398464855,1.4318275051218503,1.4269188654058822,1.3910329462920277,1.3737269199623532,1.3443840873401938,1.4158911320811745,1.423222534172537,1.4095095685407113,1.373756151954605,1.4121816617722258,1.3846923788098573,1.4282375072846345,1.364877030880765,1.4278822095518355,1.369277973075448,1.4372856017997984,1.4012107341663813,1.4232047698599677,1.387059004165624,1.4072224893996763,1.415613000026335,1.4198588362626643,1.4160472408103435,1.4086295134313498,1.3903670589515291,1.387478339068484,1.391391722917651,1.4153588321923471,1.4283737966147614,1.3907312213921943,1.4188316725522274,1.3689523471395812,1.3803725918229506,1.3746999476762398,1.3979523381823311,1.4091227547976022,1.3910866355995823,1.3968827780557014,1.432654926340789,1.4291397214759591,1.4061089364893224,1.392379647877402,1.4090251366217517,1.430502652946881,1.4248814397084943,1.4170626228443983,1.410440059010886,1.412062489216456,1.4104131590365907,1.431406055334328,1.3944746535809274,1.4151881604580163,1.3885746268560542,1.4059546638100295,1.4143056872200688,/bsuhome/jessicagronniger/scratch/6625_Illumina/6625_127_S129_R1_001.fastq.gz,/bsuhome/jessicagronniger/scratch/6625_Illumina/6625_127_S129_R2_001.fastq.gz
PMXC7.S.M9.B.VT.REP2.T12,-0.0,-0.0,-0.0,-0.0,-0.0,-0.0,-0.0,-0.0,-0.0,-0.0,1.371198215183559,1.3568321976999664,1.3404059697182182,1.2791465208336816,1.344766363342617,1.3911836325185805,1.3997510251805876,1.3564959341443057,1.3643232564367358,1.4135080339366972,1.3501387890650656,1.3928432598405482,1.3887698988618409,1.3872581640752386,1.3743336191861977,1.365087850682515,1.3016131764829213,1.391692667127337,1.3902548486523771,1.3361081642973738,1.3655451440777864,1.3825669788345245,1.3382647063248012,1.367932325308984,1.389504051150209,1.3773419642744964,1.3116861288874269,1.37609315000936,1.3466587396430034,1.3144776346862248,1.366417232346375,1.3240946933344515,1.358538129954179,1.3396995222442216,1.3303534487260362,1.3956516470243605,1.3825453967740888,1.3869881289405968,1.3634361169397615,1.3533005113106158,1.388647224429004,1.3515298318497944,1.3761893649794654,1.3990405498001506,1.3583539509467355,1.3683728711987684,1.3802745997411014,1.3654277480742,1.3886760680904424,1.3741962880875394,1.3792881675662485,1.369084596974085,1.423311464117134,1.36337119834367,1.356687374578344,1.3985606491833575,1.3752876633637638,1.3664879010073236,1.3608536048217008,1.3641487126272196,1.3997306831012368,1.3591961357959546,1.373064782281205,1.4143350921757236,1.3855836197428983,1.3860136140105532,1.3832390235333394,1.369776244763696,1.3626074460510116,1.3711065646755858,1.362048433208452,1.370929711360651,1.3621128241478824,1.3741094171645865,1.3708495093174249,1.374043454999656,1.364121471290081,1.366882519000849,1.370182536520913,1.3930859465349916,1.3980268011414445,1.371063797361135,1.3718048140619532,1.3637325013900126,1.371608980315212,1.3523726902564677,1.3713823872341977,1.3628382223485478,1.3904235546149908,1.3671257574298683,/bsuhome/jessicagronniger/scratch/6625_Illumina/6625_175_S177_R1_001.fastq.gz,/bsuhome/jessicagronniger/scratch/6625_Illumina/6625_175_S177_R2_001.fastq.gz
PMXC7.S.M9.B.VT.REP2.T7,-0.0,-0.0,-0.0,-0.0,-0.0,-0.0,-0.0,-0.0,-0.0,-0.0,1.3274208489049912,1.2753345332984491,1.3199963245510749,1.323147459076711,1.3606862171645675,1.394273668266671,1.30344175543879,1.2985326439595903,1.311655459920372,1.2805651254935544,1.3531105749594727,1.3690876054624703,1.2887213226188845,1.348972013016564,1.3058222728592712,1.314509823354454,1.3662114785427173,1.3343036203291436,1.3021201977106271,1.3285731272013943,1.304291072691863,1.3859143885676493,1.3611995028679555,1.3872419763606223,1.3497031549301302,1.319775117064648,1.3226531822247267,1.375492365475992,1.330963130887708,1.3738146615037148,1.333922581613675,1.34770080882847,1.339115465834206,1.3257173377368443,1.34035883892256,1.3618331044779848,1.3502164261144292,1.3472016280482733,1.2937528352992922,1.288160133545369,1.325628795734056,1.3486773160428551,1.300263126433643,1.3245421707783651,1.3477491647926685,1.4018111027402238,1.3513388968878406,1.3471061453072857,1.3523899935898605,1.348868631192322,1.3533082911823,1.3355990354885048,1.3604158531343735,1.3605911375702713,1.3808394426645378,1.3565146055090664,1.3587353614878408,1.337568675869861,1.3481909493882052,1.3425441110270848,1.3836334109124666,1.3513007564960398,1.3388874400235824,1.368072073485359,1.329534245363048,1.3551090206743872,1.3453708182501225,1.3253656691454665,1.3357050082303417,1.3241113805040798,1.352673243110163,1.3359457985238152,1.3398956766216044,1.3428825613542408,1.3461347341727556,1.3352867994675717,1.3681445926991376,1.3250024875155544,1.3240819529513528,1.336294961450567,1.349396634356392,1.3502957046077044,1.328125025831097,1.3381265589922402,1.3650251528586674,1.328306310179748,1.3404898444657054,1.3399578790371098,1.332726614302467,1.3518791909264898,/bsuhome/jessicagronniger/scratch/6625_Illumina/6625_079_S79_R1_001.fastq.gz,/bsuhome/jessicagronniger/scratch/6625_Illumina/6625_079_S79_R2_001.fastq.gz
PMXC7.S.M9.B.VT.REP3.T0,-0.0,-0.0,-0.0,-0.0,-0.0,-0.0,-0.0,-0.0,-0.0,-0.0,2.570853686038451,2.5089155722604284,2.519584678136109,2.5529547308098506,2.577110042177002,2.5569233267170217,2.5684246238591726,2.589061866290286,2.5664033980142205,2.5530565510353687,2.551509647528748,2.553934622316284,2.5005749691400263,2.618635299520797,2.5271870417955227,2.614891974219882,2.4955971272126214,2.5709130911598046,2.5216714629226917,2.575691781949505,2.570475129937334,2.4791187986418413,2.574376287152245,2.5679764752222707,2.5584066515364547,2.543102781348863,2.575462544633753,2.548538084437426,2.500193625238495,2.598177125989821,2.60211475280711,2.5916349364862885,2.550140857222181,2.5770733503142016,2.537886341730038,2.560007645039997,2.5640468076141256,2.5219692056602407,2.530146422160997,2.57864505250733,2.5842848219052867,2.5645967258494324,2.566715501662695,2.563875131489038,2.5494662889214807,2.564817646423313,2.5551587135807043,2.5570646250299,2.581478918675037,2.6160568679205976,2.597868742796732,2.590580529155506,2.545928192794475,2.58709440941979,2.577806633428699,2.5746397903896,2.5681898392118225,2.5649656492285584,2.5639863659720064,2.5611208323249963,2.600316672116827,2.587002513517572,2.5217142057449253,2.5387319881409725,2.575511410993726,2.582473856111098,2.6023459826254256,2.585979508446913,2.574466507859876,2.545206855556406,2.574133421307775,2.5859546444435426,2.561901039347671,2.576012623312053,2.573670581421812,2.5753029035649964,2.587489651414546,2.5619940334999898,2.609650591818103,2.5692265140502983,2.566890188441283,2.5654853773306243,2.546362345886911,2.56371186082925,2.579170716058376,2.5767240752179696,2.583045976567152,2.553055728453041,2.5670419438243965,2.5801517615557152,/bsuhome/jessicagronniger/scratch/6625_Illumina/6625_032_S32_R1_001.fastq.gz,/bsuhome/jessicagronniger/scratch/6625_Illumina/6625_032_S32_R2_001.fastq.gz
PMXC7.S.M9.B.VT.REP3.T11,-0.0,-0.0,-0.0,-0.0,-0.0,-0.0,-0.0,-0.0,-0.0,-0.0,1.383109975595121,1.341599307057296,1.3667455924455094,1.3905429336788675,1.389922670392657,1.3883643586180896,1.3318458209758988,1.3149004999645155,1.3221097502357455,1.403286173162548,1.3990772756461445,1.3801320641557897,1.37480709835454,1.3942176865839206,1.4003024514974225,1.3911504260011172,1.3613214675326148,1.4058586786442275,1.3929592505561832,1.3954213555656656,1.404929476925533,1.353290889978117,1.3956764974926767,1.3915133361388985,1.4096170209705314,1.4360741139869155,1.4199625658341049,1.416574499548815,1.3970740112613067,1.381858186917006,1.3847958267947749,1.41256103159741,1.3707060008592022,1.4124873236335154,1.4060560710497012,1.405517482538288,1.3747869540770918,1.419019260826276,1.3834569270064463,1.383926334199272,1.402830686941812,1.3793938243956954,1.3629361229687782,1.4057912198083984,1.4316312051407116,1.3830528965695554,1.362703266716162,1.3923760601255435,1.3855134900126322,1.3921714169521724,1.3909713435266573,1.4063143987220443,1.3915138403200902,1.4236415620157967,1.4082411730381037,1.4006181360077965,1.3927931214253468,1.4000968466582435,1.3952527920227362,1.4143452782063548,1.411315858630349,1.4026685237398402,1.4081261187433618,1.419888547754283,1.3966742804519432,1.3954795614574378,1.3873564850074016,1.3892844237901485,1.3752782042822025,1.397257891159871,1.3983234160128273,1.382929520820121,1.4064223838842862,1.4417384376057358,1.4142825627234044,1.4142639028036843,1.4099528478313317,1.413526756255177,1.3905719267829295,1.4027530100885293,1.3917329557293223,1.428733918186693,1.386957898681929,1.449242114774461,1.375968807355452,1.427560936166257,1.404845232437857,1.4179820050851768,1.402437335731854,1.3914618906073584,/bsuhome/jessicagronniger/scratch/6625_Illumina/6625_128_S130_R1_001.fastq.gz,/bsuhome/jessicagronniger/scratch/6625_Illumina/6625_128_S130_R2_001.fastq.gz
PMXC7.S.M9.B.VT.REP3.T12,-0.0,-0.0,-0.0,-0.0,-0.0,-0.0,-0.0,-0.0,-0.0,-0.0,1.302595471195264,1.3261586629955813,1.3319198566484896,1.268912572113116,1.2563573814001188,1.2774158031712417,1.3147636238824756,1.2573171492680268,1.2637558055545954,1.3627095251367716,1.3062258643795843,1.249050261895598,1.3026825557954231,1.3084036458829131,1.2728967449914592,1.285709903343687,1.3109569757096764,1.345553572271786,1.2965514553035968,1.303513549219376,1.326004058803996,1.3041250036375711,1.3075810769363083,1.2974242891583825,1.301762505929036,1.309775158240179,1.3519319333953663,1.2761410795698382,1.311510359753486,1.3684879075449072,1.34572201226569,1.304205494813641,1.338745194698172,1.288906211703232,1.3154390785200534,1.304994552729427,1.3424183401622554,1.3402210097543723,1.314826433779207,1.341821058110635,1.3146418819721777,1.3171036684474893,1.296941937407201,1.318548589462299,1.3096094419517963,1.341853688750257,1.3066247104053912,1.3215495807740685,1.312629794916654,1.2564355076643925,1.3171618176832778,1.2798282572641555,1.332564975513114,1.3223252853959642,1.302328695534797,1.3084762544301511,1.293859314529772,1.314674212032542,1.3108241865644716,1.3218290771781944,1.3219780549396771,1.3320520073960742,1.3237941449858144,1.3274452800081706,1.3258049522298556,1.309704497220511,1.33076015881923,1.3322543774152225,1.3218453481344858,1.319107962003662,1.3133048522759847,1.3004114936158613,1.3362738439882371,1.316390040310094,1.308900435771677,1.3117775402514886,1.331821847954831,1.3236174517629102,1.323955067350207,1.322212131036042,1.340179903307802,1.295800917713189,1.3132689740465866,1.3357958670306402,1.3227434546691217,1.3185346698640292,1.329200240697155,1.3332480470770698,1.339019809186725,1.3281825467418822,/bsuhome/jessicagronniger/scratch/6625_Illumina/6625_176_S178_R1_001.fastq.gz,/bsuhome/jessicagronniger/scratch/6625_Illumina/6625_176_S178_R2_001.fastq.gz
PMXC7.S.M9.B.VT.REP3.T7,-0.0,-0.0,-0.0,-0.0,-0.0,-0.0,-0.0,-0.0,-0.0,-0.0,1.3295631402311008,1.3027660685630384,1.290675222945049,1.3039919961383146,1.3396723531470698,1.3291202237488624,1.3722366170601945,1.2944570866485046,1.3243594801494307,1.3358834526515964,1.3127691939223158,1.3113008776248083,1.3034158864162506,1.3638301271787143,1.3429904729055608,1.3502511898851175,1.369685449140046,1.3152155971171484,1.3471898798247568,1.2973680846136153,1.307933515353627,1.3309067367512195,1.32731845768498,1.3653137567497866,1.3415185311478917,1.3232685302820302,1.3488013958558362,1.3459900187196256,1.3147689354747747,1.3548753359069836,1.307428545185534,1.3479236863603383,1.32377734329132,1.35768648065251,1.3657311572830113,1.308892696656632,1.3265124882536492,1.368272294128843,1.3260645159385585,1.3484528740719763,1.3143346896948678,1.318393944967044,1.3019884729299094,1.3384408142955957,1.341579774296101,1.3518011496576672,1.3340669484394092,1.3350492417737938,1.3239926437281149,1.3337457758898472,1.3290191053942362,1.3342269584657864,1.3321975539350437,1.3133919371931675,1.3244704039963398,1.3364861669730494,1.3507485379828243,1.3266122708463433,1.342618733483253,1.3057366970468334,1.3517792252351648,1.3360750488769202,1.3241523336508758,1.3349353671501591,1.3154195814967655,1.2957432843516832,1.3326548880147864,1.3468169520514215,1.3319406909855829,1.330786651680388,1.344121484576328,1.3369465164537433,1.3458642788629676,1.345982453594874,1.3417509895343025,1.3436634214961,1.3152169130528164,1.3380871849217226,1.3140275835916395,1.3195947981805018,1.3454537835679476,1.351771026951324,1.344114957201096,1.325437924045315,1.3274552815509126,1.317352649182079,1.332699053873008,1.3294597244847297,1.3255121600279247,1.3286212286320838,/bsuhome/jessicagronniger/scratch/6625_Illumina/6625_080_S80_R1_001.fastq.gz,/bsuhome/jessicagronniger/scratch/6625_Illumina/6625_080_S80_R2_001.fastq.gz
PMXC7.S.M9.NB.RT.REP1.T0,-0.0,-0.0,-0.0,-0.0,-0.0,-0.0,-0.0,-0.0,-0.0,-0.0,5.416738090797163,5.212211644962384,5.200715485240181,5.236048382161303,5.197331101490925,5.087601346848695,5.284695267660675,5.17576679990703,5.309017106844566,5.3259953460172085,5.307831087652827,5.32236794813589,5.32215146161969,5.171517335587571,5.267516452412629,5.244554481444438,5.177324296215457,5.293378809246584,5.306831651045583,5.3183156135872,5.275160723069621,5.264938196910127,5.3836530513994365,5.357644007859097,5.324132880948145,5.358866565374752,5.361948651978082,5.272699773473085,5.321727354185003,5.339075011596353,5.434436854037781,5.300935810699297,5.378481307448258,5.358206513665954,5.302874457422869,5.428307355260932,5.392462920852518,5.397398961667034,5.380275400643517,5.393187664334004,5.385103187082326,5.352335462979306,5.34103250313734,5.400237940878179,5.373182140009778,5.36297410049584,5.376954350385139,5.373737420882189,5.4280930795965645,5.3921993171437785,5.309719939678963,5.397503604698695,5.38271274121209,5.358310974745671,5.337095906374614,5.37132408416774,5.318666307103682,5.33617651263209,5.369470626193301,5.332470283781683,5.400961718025758,5.346050913359789,5.345527835229734,5.384685986543737,5.365812407082193,5.389635873901333,5.38083577263689,5.38579867564152,5.356411768751172,5.381213031095209,5.391361491072447,5.351463164345093,5.394852498136226,5.389870493115679,5.422822068423124,5.408944478628551,5.35623449155561,5.392603938899221,5.421074740853853,5.327279093522126,5.372018599405824,5.359802593587418,5.408363569610523,5.377183718061053,5.411854452402639,5.418492501805886,5.365698102140904,5.407886960564493,5.407995081637077,5.392797930537568,/bsuhome/jessicagronniger/scratch/6625_Illumina/6625_012_S12_R1_001.fastq.gz,/bsuhome/jessicagronniger/scratch/6625_Illumina/6625_012_S12_R2_001.fastq.gz
PMXC7.S.M9.NB.RT.REP1.T11,-0.0,-0.0,-0.0,-0.0,-0.0,-0.0,-0.0,-0.0,-0.0,-0.0,0.8746108651894352,0.8765700058542875,0.8446662241315143,0.830592128667782,0.8297900808869519,0.8184587607890457,0.7535875342498277,0.8162880684566639,0.7758927553505818,0.8227624151767606,0.8560997756247349,0.8033521999627358,0.8668867563246279,0.8670260417950597,0.8904493146916196,0.8329682865999477,0.8280145338195276,0.8472384759779253,0.7949679236498394,0.8504324500661263,0.8112183247530226,0.8484991857126714,0.8308706415228584,0.8298243306923992,0.824937157017599,0.8697302661907964,0.8050276398542899,0.8722214699406575,0.8231769192035363,0.8569623524867517,0.8379540538928807,0.8269482838865589,0.8539998973294598,0.8359748966903233,0.8868315282192019,0.7901259125320853,0.849088090479999,0.864802605085084,0.8347322177812571,0.8162033414775274,0.8393473593261358,0.8315282925839923,0.842190219647784,0.8557278621103386,0.8470776678510924,0.8519132716906999,0.8209841155444522,0.8270788218989203,0.8329006944425803,0.8548324322019629,0.8439472421039486,0.881046017960905,0.8130140498327311,0.8680094014817362,0.8149452945277289,0.8395032477155971,0.8143346441400147,0.8360360442652863,0.8341424567731467,0.8453515438539875,0.8407795341965372,0.8744232546420426,0.8598983219672026,0.854638861409465,0.8234908818136926,0.8533560708570083,0.8460402037417643,0.8395529740159505,0.8470832632278696,0.8565323575775377,0.8432630832062903,0.8291247014853299,0.8561945443629037,0.8548617214459968,0.881427703654398,0.8409372608147918,0.8590477608965077,0.8411398826296039,0.8212834660988017,0.841825377043731,0.8386343897203243,0.8180514484632841,0.8641954919622431,0.8675875497790692,0.8468599351267605,0.8539607982406104,0.8370961555865628,0.8566636285992771,0.8470563429755339,0.8525406080536709,/bsuhome/jessicagronniger/scratch/6625_Illumina/6625_108_S110_R1_001.fastq.gz,/bsuhome/jessicagronniger/scratch/6625_Illumina/6625_108_S110_R2_001.fastq.gz
PMXC7.S.M9.NB.RT.REP1.T12,-0.0,-0.0,-0.0,-0.0,-0.0,-0.0,-0.0,-0.0,-0.0,-0.0,0.8633836253533579,0.7884753525439292,0.8290613068449532,0.8382281282542263,0.8496415934230792,0.8204761413434642,0.8255295013278555,0.7633276804736486,0.8368430242226504,0.8854000541860894,0.7843125039776037,0.7995740468792499,0.8046244097690115,0.8183071143784593,0.8592726619787049,0.79645402127595,0.8022252508626234,0.7972055926251463,0.7706663464105676,0.7467288185051104,0.7822192023060043,0.8414654983322959,0.8313801354278767,0.7867643435943469,0.7945137888984961,0.8626387733680276,0.79006273780185,0.8460116479074085,0.8522375779374752,0.888992640626391,0.8629139648554962,0.8492176091354642,0.8189315372985236,0.8218708536745561,0.8144940827352781,0.8414477898181787,0.8263035861103808,0.8291051461660733,0.8154847395157256,0.789253420537717,0.8333439324164016,0.8159097376618102,0.8068218739766456,0.8304249234674512,0.8191677148190321,0.8303337296428246,0.8185142168566968,0.8159575140298859,0.8332094483924276,0.812908468711789,0.8221755729358375,0.837094610928967,0.7954745973994666,0.8271114142652731,0.8029136863068657,0.871676922428909,0.835497867025046,0.8406049376523455,0.8505373669395742,0.8069099767014283,0.83466210364574,0.828752157632686,0.8126603691016189,0.8362331806393548,0.8325749376923925,0.8099328327670638,0.8380539965471389,0.8158263062078845,0.8425568052748362,0.8183961334830576,0.8579042327199188,0.8333254539204328,0.8524133029345066,0.8032300782618876,0.8137777217153158,0.8177505831104911,0.8194855912632516,0.8581701108317943,0.8156121970463548,0.852210452162378,0.8124075802026343,0.8489979635808216,0.8185150582543477,0.8145135682126072,0.8253761933791914,0.8347094533515497,0.8515456199849324,0.807442618570919,0.7999013324466552,0.8096800115551605,/bsuhome/jessicagronniger/scratch/6625_Illumina/6625_156_S158_R1_001.fastq.gz,/bsuhome/jessicagronniger/scratch/6625_Illumina/6625_156_S158_R2_001.fastq.gz
PMXC7.S.M9.NB.RT.REP1.T7,-0.0,-0.0,-0.0,-0.0,-0.0,-0.0,-0.0,-0.0,-0.0,-0.0,1.7464102547611604,1.6608484451223453,1.692605194335017,1.7301418273707112,1.7865757508903186,1.6103148497210058,1.6818122863415244,1.7182163167822186,1.7343666927458432,1.6856024191155858,1.6992081358145303,1.711832303566991,1.6851457204203288,1.676216332951759,1.749327214833521,1.7416979282671043,1.7569309240054944,1.7329882156664551,1.6913698040735323,1.7281257607592937,1.808654740038305,1.7170736399790894,1.6967203745895094,1.746819113453134,1.6581035587678263,1.7342669358437737,1.6811628321603898,1.67570232404374,1.7665788826978568,1.6768827342895398,1.7270003914975136,1.740241986121549,1.6791382655280696,1.7189002116428105,1.7233151605803907,1.6900996851089485,1.76105456170861,1.736047466147281,1.754654196153081,1.7131804136470763,1.7659587666830956,1.7408304610159306,1.7316081056538342,1.7393962382238466,1.7807643349945037,1.7815481273029468,1.7602906296937717,1.7256378669829575,1.77128263053337,1.7439734776042914,1.7166404976600187,1.7475903721561636,1.7858822082356935,1.7599678134412755,1.7121230361015651,1.703190481153302,1.7786844111220443,1.7698187655405233,1.7720880398681695,1.7555421822944266,1.702181478701867,1.8052295348216056,1.7486483060487117,1.7692265917603878,1.7279099034168233,1.7087676563145018,1.7469263088091056,1.7090840356510115,1.7545286220067162,1.7912622609116076,1.7651848205298908,1.771181711160042,1.7189911106166926,1.7469579816309362,1.7576702698274205,1.7314250749564293,1.728610684068772,1.7809250839474513,1.7676470502098285,1.71739228282775,1.7464201554642689,1.7558624626891035,1.7726011740586418,1.7357163441741503,1.7812276581604782,1.7368982411137803,1.803995721601796,1.7578501064053311,1.7567538968922178,1.7142682058503862,/bsuhome/jessicagronniger/scratch/6625_Illumina/6625_060_S60_R1_001.fastq.gz,/bsuhome/jessicagronniger/scratch/6625_Illumina/6625_060_S60_R2_001.fastq.gz
PMXC7.S.M9.NB.RT.REP2.T0,-0.0,-0.0,-0.0,-0.0,-0.0,-0.0,-0.0,-0.0,-0.0,-0.0,3.075826364028979,3.1761292394846325,3.0524675994705994,3.079157613579825,3.0611621860082243,3.0605303302741707,3.028349383614154,3.055897738417227,3.087199125786468,3.068943070820832,3.051213428221329,3.116460150806751,3.0602123203595144,3.07856828549085,3.1257693339668533,3.1159793953807253,3.0395255583389127,3.0946070718928134,3.082146930109982,3.0344534360326603,3.1008036826335537,3.092901536473601,3.0764596094056964,3.0874815560797337,3.1172559475457144,3.078961563689405,3.068045565166862,3.094406089470977,3.058862204326681,3.0821307777619342,3.129296251891468,3.082633877169856,3.096493333672872,3.1220246058264283,3.115592562942312,3.1157608888049064,3.101968664563028,3.089407536307053,3.1144665586561344,3.0881624993592545,3.0995686301563103,3.082460026882296,3.0675757208162624,3.086632033944668,3.1006443785591595,3.094974574759583,3.092704213538416,3.119831244281031,3.0623937481069814,3.0850966409454235,3.1155503245473333,3.087593059834447,3.0956152129313432,3.123510607466191,3.0901335776863736,3.1085071307347625,3.1122654217406427,3.1179738977031626,3.0937279828206297,3.085664169501846,3.1359778802330163,3.098710869842562,3.069062913279706,3.107175655124145,3.08549555478534,3.069641485009035,3.096152210092127,3.1273277970353006,3.095178655530951,3.097655928950985,3.106174916524452,3.07402074389822,3.101893896710871,3.125675922820806,3.1116796126261708,3.0505250682907006,3.0724883655878523,3.076530358455176,3.073578572115665,3.085376409121946,3.1140958516946107,3.087282976725602,3.0982011701323287,3.132617866689983,3.1126131148952574,3.102142951481992,3.1015686500906674,3.083854441055414,3.102484774970188,3.0788207549396565,/bsuhome/jessicagronniger/scratch/6625_Illumina/6625_013_S13_R1_001.fastq.gz,/bsuhome/jessicagronniger/scratch/6625_Illumina/6625_013_S13_R2_001.fastq.gz
PMXC7.S.M9.NB.RT.REP2.T11,-0.0,-0.0,-0.0,-0.0,-0.0,-0.0,-0.0,-0.0,-0.0,-0.0,0.6353888449537588,0.6560000684013017,0.6374464636446818,0.5721432110044383,0.6334128238201957,0.5714450891203968,0.6813926812652662,0.6101353449057186,0.6669066240699141,0.6106173882516773,0.5903956465900712,0.605444093898105,0.62544132465856,0.6137904879912642,0.6396338859148978,0.6154880217388499,0.635356717339925,0.6111163550673836,0.6279300481531086,0.5977740241396322,0.633580441190423,0.6231107850133462,0.6166850025753358,0.6037020035995055,0.6191553695412588,0.6049083172767539,0.6173022436480119,0.6472377525185747,0.6383035619599683,0.6308870150123835,0.6042061914178275,0.6235784739787376,0.649462423725369,0.66440633428738,0.5977268636124464,0.645934255259088,0.6397326823825885,0.6185468479584012,0.6352872437984298,0.6497405155279214,0.6155511831858214,0.6041932700134649,0.6204178868293052,0.6329432446770885,0.6000173049659683,0.6117885818728165,0.6185779685314827,0.6264293055519462,0.6129625613251087,0.5836231277180357,0.6145730893379003,0.6466234438406835,0.6352170803444517,0.6171265749651931,0.6146868774632593,0.6079554780116976,0.6551610686969676,0.6254020051947297,0.6472129932210776,0.6199563284333174,0.6274071580175056,0.6098113305584096,0.6139805724503227,0.6145267074879317,0.6386269452919087,0.6309434642538589,0.6383856923466733,0.629092168698432,0.629352828818493,0.6348031498651884,0.6415745485578498,0.6073254682811033,0.645886456116599,0.634033809120209,0.5965987269264631,0.6370168163237041,0.632374398556888,0.6429896259280465,0.6260484018580195,0.6230341326290384,0.6083352297405831,0.620011884379155,0.6201855954984766,0.6176317363927801,0.6092587411094348,0.660725131614136,0.6338315441902177,0.6145711511390137,0.6205688856939331,0.622926269120146,/bsuhome/jessicagronniger/scratch/6625_Illumina/6625_109_S111_R1_001.fastq.gz,/bsuhome/jessicagronniger/scratch/6625_Illumina/6625_109_S111_R2_001.fastq.gz
PMXC7.S.M9.NB.RT.REP2.T12,-0.0,-0.0,-0.0,-0.0,-0.0,-0.0,-0.0,-0.0,-0.0,-0.0,0.7692998549693342,0.8896513109867948,0.8545973832293707,0.8950502203158018,0.8488183157609971,0.989489907155378,0.8033265480788077,0.7664187289345159,0.8839027958101546,0.877304376085708,0.826802163943178,0.8033810927075031,0.8944953160480896,0.881565454040925,0.8364742362241993,0.9295847168239968,0.9206052386291688,0.8812902091364367,0.8252505709658887,0.839842895371657,0.8416402084308487,0.9048062104414536,0.8509002663225136,0.9000469643976675,0.9679399255146306,0.9076606990913813,0.9126338211048408,0.8805064844959541,0.8890589510567142,0.9071178517832876,0.8783949985807565,0.8790731731990301,0.8940536329293254,0.8333409118887753,0.8595369935842034,0.8680044156244221,0.8831747826679054,0.848677917867137,0.8870183966078772,0.87036418673995,0.8840041196151885,0.8439104257940815,0.9020802391977988,0.913035754836591,0.8660524748679231,0.8612854883785496,0.8851720776397553,0.8994169391262388,0.8980632615859393,0.8944391079928304,0.8882686409922879,0.8437692833195571,0.8693765604529031,0.8743620253696945,0.8794096793709774,0.8851048987051066,0.8564557017616702,0.8908833812482807,0.8856908474771694,0.8715962108738955,0.8498704043915816,0.8849213571756537,0.8729404595498239,0.8759941663043247,0.8628176422635919,0.8845141026885572,0.9001762285249525,0.8825786741329592,0.8928218676738334,0.8557260991282531,0.8715637163625376,0.8939940770086336,0.9004458501696098,0.872853961674164,0.8631813127476922,0.8885225191100844,0.8723905097726284,0.8855981537544673,0.8916273197978143,0.9002183174203336,0.8902454583539424,0.8775586054165903,0.8766720385110239,0.8677595158044537,0.8707599686783098,0.8840811735831031,0.8906630898920147,0.8668881292322724,0.8782211682665383,0.8516983307523439,/bsuhome/jessicagronniger/scratch/6625_Illumina/6625_157_S159_R1_001.fastq.gz,/bsuhome/jessicagronniger/scratch/6625_Illumina/6625_157_S159_R2_001.fastq.gz
PMXC7.S.M9.NB.RT.REP2.T7,-0.0,-0.0,-0.0,-0.0,-0.0,-0.0,-0.0,-0.0,-0.0,-0.0,0.8662902391006413,0.90659755313668,0.8957627679348809,0.9576816057339406,0.951191820899889,0.8279890510018758,0.9080852629681366,0.9012263646384814,0.8513766680014189,0.9122116060730566,0.903972431019452,0.8768557004475052,0.882420256724687,0.8606456953601492,0.9460346894946036,0.9300476930048118,0.8895447789174324,0.8715758419479498,0.907083633717624,0.8668015358129151,0.9451278351786744,0.9472977058345298,0.9357942035586142,0.9127575679911856,0.8800897375418864,0.8603580603079295,0.8821772585271846,0.8960874912878677,0.9114849319741845,0.9275091754209028,0.864695418716223,0.9148467811264492,0.9283028870756648,0.913347469563886,0.8930028053108466,0.8708193930430551,0.9298869714142968,0.9230796358208916,0.9367217274306398,0.9303171870227772,0.915439466529928,0.9013084014221108,0.9138299657616508,0.9076528321950836,0.8903621598012447,0.9219355437639454,0.8990912517869162,0.9623962186719236,0.8784205639085755,0.9051984838851778,0.8978284085749969,0.9334742522548718,0.8974068624626681,0.9126387651595772,0.8714804934068862,0.9080644841176084,0.8813757758550721,0.8780656747341818,0.890609596911161,0.940614631651646,0.9009742689877502,0.8937558663158285,0.8959336729580442,0.8832650601577193,0.9025584825493198,0.8858569106840223,0.8977545762453586,0.895002399902846,0.9371782205353072,0.9048469463581212,0.8909702506210577,0.8991629480072734,0.8918393360121056,0.945793838432572,0.895596289652041,0.901656511917244,0.912559794713533,0.9261748508675456,0.9094267739128594,0.8933842687414534,0.9182502278597052,0.8965661128464917,0.9274046128313947,0.9044241276727528,0.8984301141149476,0.9128639732221472,0.9247605342187876,0.898671316540699,0.8804202748967588,0.9003775335696439,/bsuhome/jessicagronniger/scratch/6625_Illumina/6625_061_S61_R1_001.fastq.gz,/bsuhome/jessicagronniger/scratch/6625_Illumina/6625_061_S61_R2_001.fastq.gz
PMXC7.S.M9.NB.RT.REP3.T0,-0.0,-0.0,-0.0,-0.0,-0.0,-0.0,-0.0,-0.0,-0.0,-0.0,1.547003362395989,1.6025630633088197,1.5865333158899595,1.5574721578093431,1.5695500060224166,1.6288872951559692,1.6132266038918304,1.5353082184372715,1.5907189583983827,1.585248418801324,1.5363382168373665,1.5486271351688283,1.58895293855593,1.586005380501634,1.5812947504978956,1.566442978291262,1.666297629194004,1.610288244036452,1.6083727194954398,1.6095011960069805,1.576771963319312,1.563814235740155,1.5876332276010807,1.6048502611043092,1.5705051508368146,1.5667058542178676,1.5974791334825715,1.5606265094085123,1.5326891818028106,1.6144701679302629,1.5912570978830878,1.5677615268912863,1.5837635251504354,1.594501563179981,1.547843378709577,1.5897047233109378,1.5582243851055728,1.5838708868549032,1.5872680581786824,1.5901917182569418,1.5818792806330322,1.5974550255560918,1.5728203553140654,1.5600601786607953,1.610133361970459,1.5803498532641795,1.6008718280522043,1.5844360755361266,1.572493547069795,1.5828178733489002,1.5952407840723324,1.5590361894649651,1.605060387073364,1.5932977061342517,1.6034243784830975,1.5825350054603078,1.5782874207380504,1.591233571523412,1.600686936200713,1.570752085070637,1.5920939522073652,1.578838959613978,1.5728930861215011,1.603755425504776,1.5968143961701649,1.5929491398732951,1.5822989864131467,1.5710409086403805,1.5851449110493885,1.5849875246296017,1.5870343699257372,1.5875544149051108,1.5797099264555157,1.5881920461084356,1.5906693431033716,1.593486278554245,1.58928252080005,1.584111331783992,1.5828403253179335,1.5748467310100285,1.5833792530997934,1.5833792530997934,1.5833792530997934,1.5833792530997934,1.5833792530997934,1.5833792530997934,1.5833792530997934,1.5833792530997934,1.5833792530997934,1.5833792530997934,/bsuhome/jessicagronniger/scratch/6625_Illumina/6625_014_S14_R1_001.fastq.gz,/bsuhome/jessicagronniger/scratch/6625_Illumina/6625_014_S14_R2_001.fastq.gz
PMXC7.S.M9.NB.RT.REP3.T11,-0.0,-0.0,-0.0,-0.0,-0.0,-0.0,-0.0,-0.0,-0.0,-0.0,1.5964428109130913,1.6418741589191037,1.6102623531719038,1.600854624701235,1.6396834649247432,1.622672292499839,1.6072443015598763,1.6440388290073895,1.6780681358511522,1.5736873951761348,1.576920358865208,1.6235553848355015,1.611671188651674,1.5938654909815932,1.6232657356752522,1.6182049528352782,1.6401078798422712,1.608210004770119,1.618607444513071,1.617586570165477,1.6995542399836787,1.6177433748502474,1.5934919066936175,1.6324050448931289,1.6402606513477471,1.6071904419264316,1.628931304182365,1.6689772933017657,1.635832703709718,1.6505605716755642,1.6423568972887108,1.663996579588913,1.5915284042437277,1.60220964416122,1.5825675980682452,1.6329958586900493,1.62514875662193,1.610961241858331,1.6160035998931632,1.6139327011778692,1.6148009787460833,1.5859126769437557,1.6571252008973902,1.6213160275830154,1.6208093566056627,1.6474777093782602,1.5973552159312132,1.5883928247371013,1.6500547698529775,1.6458307870705216,1.6549361012397514,1.6376539184040892,1.6322350660940004,1.643428689055159,1.6293206025961404,1.634767768169613,1.665630265204719,1.6299764963004146,1.621454718258554,1.659552465091792,1.6408900478212554,1.6283780094727365,1.6302374717737838,1.632068562794002,1.6675255128153452,1.6485188578841286,1.6271290953287545,1.6376162199835391,1.6184077975278817,1.6500597792417042,1.6478019728512885,1.6187495244269567,1.644560741630387,1.6160126931453112,1.653343493018209,1.6710816485766309,1.6611762306417557,1.646191901920845,1.633033553267801,1.627342172186333,1.6177761007492628,1.6163017554683854,1.6314777113366217,1.6702261724611511,1.6165261485754625,1.6305549885708386,1.6148912894022254,1.61726760170762,1.6412640346759162,1.6378218465898104,/bsuhome/jessicagronniger/scratch/6625_Illumina/6625_110_S112_R1_001.fastq.gz,/bsuhome/jessicagronniger/scratch/6625_Illumina/6625_110_S112_R2_001.fastq.gz
PMXC7.S.M9.NB.RT.REP3.T12,-0.0,-0.0,-0.0,-0.0,-0.0,-0.0,-0.0,-0.0,-0.0,-0.0,1.530410310696377,1.4496705826520422,1.4583504378143826,1.5597981697231995,1.4138453603106218,1.4717520324065976,1.5957176201300671,1.441292220298169,1.5215786653655232,1.5077134597789084,1.5106617514197638,1.4366093078160138,1.4585282285370862,1.522249597664474,1.504535753615344,1.5385413842363052,1.5262425317679904,1.534585202649018,1.465053616191787,1.4978762891882829,1.513508196494915,1.4991168063001958,1.4890798450394502,1.53518252469186,1.525222710798286,1.478783560528517,1.4822509468950866,1.4936706857227635,1.5435292833129035,1.5254096105129418,1.4699291378385102,1.5361009952664937,1.5039235083856468,1.5208598558996338,1.5343106381316214,1.4930978913081463,1.5013101469873702,1.476892661927539,1.4807189421242677,1.4947203067410406,1.4838145903332105,1.5208260044382675,1.5213361555790097,1.4749412323282156,1.495112978849196,1.4838758349641117,1.5282182416275956,1.4858648883655867,1.5528591961941216,1.4962061487694087,1.4983285687812158,1.4930915831148146,1.4702864170144962,1.5261848307434256,1.5079020698989385,1.4872578780356036,1.542295408189594,1.519482121018609,1.501285868581439,1.493785778280044,1.501717776518602,1.4943238668251728,1.5320941835978512,1.5360268663051218,1.4994599773034627,1.4966403985635968,1.5046778722148513,1.531777096403281,1.4986066918492296,1.5008605582906476,1.480418765818617,1.5080853364982587,1.4999290979077646,1.51880730584738,1.513869948883955,1.5050159874954858,1.504760296564906,1.507758159905921,1.487235519345565,1.4899884262657652,1.5000903632186464,1.5472478797832443,1.5146629511445198,1.4826312205875607,1.5093397340071877,1.501118321023878,1.516256018785027,1.5257491763986752,1.4979411267881273,1.5131888355320906,/bsuhome/jessicagronniger/scratch/6625_Illumina/6625_158_S160_R1_001.fastq.gz,/bsuhome/jessicagronniger/scratch/6625_Illumina/6625_158_S160_R2_001.fastq.gz
PMXC7.S.M9.NB.RT.REP3.T7,-0.0,-0.0,-0.0,-0.0,-0.0,-0.0,-0.0,-0.0,-0.0,-0.0,1.2737288688559096,1.2260638810862468,1.2803856671186,1.30510896449271,1.2389421022475835,1.261722149761627,1.3274750907585604,1.2190015186645005,1.3164908197772291,1.3236654555255822,1.283974893024567,1.2713686009297354,1.3175920362674751,1.307484853195711,1.2256669623647698,1.2660378284298963,1.2938075698032787,1.3204996031195764,1.225593728239186,1.2909487194998537,1.2827079794251637,1.2665136687885925,1.3081587157975831,1.3427897649771463,1.2906525298225728,1.2915962602059003,1.311726995486283,1.2930263611748145,1.2876318876584438,1.2801715771610056,1.2992344158741296,1.2719511616686656,1.292026801565319,1.3133300689059713,1.289967052458174,1.285377785654065,1.3212095901605818,1.2725254032127635,1.2786502557117547,1.29212011806796,1.2995420474390398,1.3034039032886098,1.2812444204184033,1.3057377507037158,1.2989582176344798,1.3118162136706448,1.2981550332214251,1.2971295684825697,1.2547512488378247,1.290839384547076,1.2836992085842691,1.3091288912785617,1.3097109449518884,1.3039893615577391,1.3217988239700635,1.2889442531331678,1.2804281021413089,1.2594130001328474,1.301690961929539,1.306259946147171,1.2931796194113538,1.2842962448675617,1.3065281929449033,1.2885247444428447,1.3121207683024787,1.313921270940723,1.2990135321226972,1.2954884811742318,1.305568573021357,1.3154296973396726,1.3105783859057385,1.2913425979738684,1.2813338533754803,1.283542220601288,1.2780387493760426,1.303326862874291,1.3082344204311835,1.3231587668367355,1.2922803209205211,1.2706834283139492,1.2675569901528694,1.2994333321175022,1.276860613898439,1.298226439914545,1.2992941481823284,1.2961540845626498,1.3013520765025564,1.313501891509269,1.2965324629433292,1.2901373978745818,/bsuhome/jessicagronniger/scratch/6625_Illumina/6625_062_S62_R1_001.fastq.gz,/bsuhome/jessicagronniger/scratch/6625_Illumina/6625_062_S62_R2_001.fastq.gz
PMXC7.S.M9.NB.VT.REP1.T0,-0.0,-0.0,-0.0,-0.0,-0.0,-0.0,-0.0,-0.0,-0.0,-0.0,6.580795270366766,6.523985897113094,6.446229005496459,6.603223070522964,6.489117980911384,6.590714130771295,6.548951622992594,6.535872540873449,6.365729574812765,6.527782902039249,6.573231924637967,6.62612418035187,6.635674746577883,6.663050174921078,6.689169865622772,6.6610389721593934,6.687064024074462,6.760664043538578,6.717999256777331,6.688185560273068,6.734079386232291,6.801200520959473,6.684413272375034,6.747101709429201,6.659684058523511,6.699002634244155,6.718990118704397,6.759710079681833,6.689685719406947,6.726279972407083,6.694885016112171,6.759435502504329,6.724852664235243,6.710448705909052,6.728048756068972,6.712187189402916,6.6798038472771015,6.703246543676031,6.679182301484296,6.725260129113616,6.719964251040666,6.730615893678944,6.738446376631678,6.741657888565455,6.762676832367517,6.729987244803004,6.7425358859278015,6.701042610773106,6.701838141762923,6.727126411135633,6.760942916342936,6.722821653968302,6.759324615917679,6.760834990474586,6.756079927222632,6.774381402561725,6.734741063597909,6.694343939132364,6.753540110754548,6.741634122014138,6.752434294138053,6.752428813535834,6.742823041155528,6.724739019934992,6.759457039744753,6.729511839631669,6.734584341459133,6.747162568489805,6.758669821181963,6.738784819830441,6.772900892597743,6.773849731454833,6.76737390804909,6.828371939336708,6.776081416025353,6.772834064220924,6.72355957839359,6.797469638788816,6.739919679671212,6.710885943522571,6.772735673588823,6.7525339984740205,6.722716360521018,6.713994177359783,6.761320160824215,6.785265553004296,6.801370689448442,6.746490953805371,6.775803553345813,6.758191971913388,/bsuhome/jessicagronniger/scratch/6625_Illumina/6625_036_S36_R1_001.fastq.gz,/bsuhome/jessicagronniger/scratch/6625_Illumina/6625_036_S36_R2_001.fastq.gz
PMXC7.S.M9.NB.VT.REP1.T11,-0.0,-0.0,-0.0,-0.0,-0.0,-0.0,-0.0,-0.0,-0.0,-0.0,1.7479903177264058,1.6883773337699413,1.630906190728446,1.7866095106452855,1.7673808011788976,1.6899951881327746,1.7215763018226364,1.7400485239096084,1.663622625818781,1.721909302539351,1.7471141745293974,1.715147552035047,1.6803452655153808,1.7224627039267435,1.7664447180045044,1.7530886493362112,1.7381206905196676,1.8035681091285245,1.7402034809787796,1.7163502460214028,1.7430896285302713,1.7792976000235683,1.7162406975038915,1.7352511832628594,1.7444230065048365,1.7545568868670804,1.743015044537757,1.745159875591395,1.735127319760487,1.7531941773651842,1.7823276622883906,1.719892178400684,1.7153002031132738,1.7472600508713594,1.7375589854167666,1.7385368083142283,1.7637662787163966,1.7533139228119343,1.761620901464948,1.7386156852433656,1.7181387113153008,1.796115366830258,1.7484892234802798,1.7411434813585795,1.7668401388229429,1.7388783709479934,1.759993496110113,1.7912687466902537,1.7335311883546527,1.7918087965175582,1.730194291698057,1.7391576578680474,1.7515714261484614,1.7369220025479082,1.7292024589173334,1.727032408897428,1.8005704669335427,1.7722760801296067,1.7538589884073263,1.7347927061272272,1.7578344490238258,1.7643039711589192,1.7456842470479723,1.759986261886184,1.7541560692245726,1.7691360236830491,1.768476128971574,1.739325921590284,1.7337835089455171,1.7520429950537495,1.7478859174635364,1.771487255580802,1.7538674584955805,1.7746539533170234,1.7132056039520136,1.7801968741199348,1.735733296725524,1.7618418937945994,1.7573110880768823,1.754670749836843,1.732853669178795,1.7501889760642888,1.7746103527171817,1.748158531352523,1.751100193511827,1.741466633474965,1.79484611649323,1.7839705252543547,1.764615243163816,1.7662774973599291,/bsuhome/jessicagronniger/scratch/6625_Illumina/6625_132_S134_R1_001.fastq.gz,/bsuhome/jessicagronniger/scratch/6625_Illumina/6625_132_S134_R2_001.fastq.gz
PMXC7.S.M9.NB.VT.REP1.T12,-0.0,-0.0,-0.0,-0.0,-0.0,-0.0,-0.0,-0.0,-0.0,-0.0,1.7845560716559257,1.772199050841139,1.8126783781956357,1.696114094671027,1.7697440976236842,1.7476972877758463,1.7490305192237527,1.739660935818183,1.7524998101918314,1.8098080602386772,1.7335647146902018,1.772622526985239,1.7128185979811834,1.7747123475312236,1.7924636864560832,1.790639401287255,1.7224410529092091,1.7362289159560205,1.7958259709853066,1.7728828820191764,1.761954277394353,1.7693636193330793,1.726501015680424,1.771074578510153,1.7662178584717467,1.7646085477009756,1.750840220605452,1.7483896332970954,1.7583360556760597,1.739181749620905,1.750420687697676,1.7612777712976493,1.7535679455766693,1.745983999499398,1.7353214947236648,1.735743276970829,1.7698846639773076,1.7500762660299765,1.7297288560454764,1.76782089469462,1.7825594294787248,1.7782904446416803,1.7585947553435908,1.7244382728249334,1.7909631678845612,1.7602308884171816,1.754768562169744,1.763070052780923,1.7642056781827276,1.7548187666226605,1.7314027482460774,1.76384073679574,1.7617797314279615,1.789294459365636,1.7700663810819646,1.771646037550497,1.7871133773108998,1.7401990360491644,1.771909315492108,1.770796101475046,1.7592976116654038,1.7677281150705952,1.7848785223665844,1.7719923753359303,1.7584854526407243,1.757168505005242,1.743193585611013,1.7689900264805,1.7637359178365437,1.7413264919276863,1.7673145878090548,1.7734012644707366,1.7477080623140953,1.7702029418144305,1.7757241048092902,1.7495066447430885,1.774492762507969,1.7485381527534318,1.7825348319558636,1.7598727452713296,1.7714904602251489,1.7613036190164828,1.7562879855004268,1.772998404022367,1.7472478845070258,1.7612048308190862,1.7713255779291972,1.7617130121815885,1.7742459615623103,1.7573961333922727,/bsuhome/jessicagronniger/scratch/6625_Illumina/6625_180_S182_R1_001.fastq.gz,/bsuhome/jessicagronniger/scratch/6625_Illumina/6625_180_S182_R2_001.fastq.gz
PMXC7.S.M9.NB.VT.REP1.T7,-0.0,-0.0,-0.0,-0.0,-0.0,-0.0,-0.0,-0.0,-0.0,-0.0,1.4753498408366743,1.35784119856449,1.3827687504031103,1.5134268197738752,1.4371954515836252,1.3968806135516574,1.3955552482734412,1.5151412865451095,1.5258722582033688,1.5399014251544858,1.5604265834401825,1.4867698675448988,1.529649816931837,1.4959819473809108,1.4925278844707934,1.4840599797087477,1.5606901673216047,1.4551680673937484,1.4767970344195358,1.3714211891465278,1.495461842511285,1.4638333977108429,1.4813087181154074,1.495733622835891,1.5033000355756132,1.4523557789989825,1.48227591034568,1.50875078030404,1.4816489469373193,1.4531535028323932,1.479339521605776,1.515887838516253,1.4850967600710991,1.4684946294757444,1.5213850749007551,1.469209871624942,1.488475697371139,1.4666030434409565,1.5220448156010526,1.4891620953466165,1.5008044503700693,1.450081904207874,1.453756231716388,1.481458332505695,1.4718243177996957,1.4943139628652191,1.4871562028753915,1.4943289745192387,1.451382251196924,1.4982894450617783,1.479826564366317,1.4630110121764817,1.5061748107031003,1.4568810231660867,1.489060283832122,1.4687282838788231,1.455472113304485,1.4786177688235564,1.5073736305770284,1.47624549876341,1.4833219815890717,1.48668269475686,1.4773667583599002,1.464770456895884,1.4731571964317456,1.4590691084089829,1.5035613440551858,1.4919781434766557,1.4805233444591033,1.493115190756686,1.4947573787149515,1.4787503213610305,1.4725790476723295,1.4896759021318169,1.4720329455544536,1.5076889400825966,1.506917326105346,1.4761051679473645,1.4779338413047427,1.4860252201886148,1.478461137897984,1.4845707998119622,1.4842074413063084,1.4867802193531745,1.447231800999022,1.48699883623105,1.4883926651941892,1.4528690698770312,1.4907980019192542,1.4760192283058735,/bsuhome/jessicagronniger/scratch/6625_Illumina/6625_084_S84_R1_001.fastq.gz,/bsuhome/jessicagronniger/scratch/6625_Illumina/6625_084_S84_R2_001.fastq.gz
PMXC7.S.M9.NB.VT.REP2.T0,-0.0,-0.0,-0.0,-0.0,-0.0,-0.0,-0.0,-0.0,-0.0,-0.0,6.315020418499984,6.460731053489983,6.377073952348095,6.394716936559036,6.3751365448444215,6.347856809566108,6.341825934276399,6.407763729402152,6.602936702583662,6.416685611906263,6.559261844595486,6.538028786856264,6.572307502852708,6.512703183034848,6.543584444784384,6.493343104549711,6.48593264984758,6.505746342446293,6.5233785724071485,6.558662632558983,6.5217726969207455,6.594376098923103,6.493886967898868,6.578915299757068,6.565001851146942,6.535087461101949,6.593336454222414,6.550284276059334,6.616738375243127,6.553152802275398,6.528483463122077,6.536895548252548,6.599271057041788,6.570697466116799,6.551749453772912,6.585746301797727,6.5995996304026425,6.589371118701066,6.585770057603951,6.595517436008255,6.552280830572791,6.603135316167123,6.569046251513527,6.572852720542172,6.612933083751398,6.619973218503406,6.607393160485379,6.580647152318666,6.588480382812087,6.576406286608012,6.594125068564546,6.604923159762258,6.589261400618417,6.569041022581076,6.62351201508957,6.618416381619112,6.628725631459843,6.654265622972876,6.563866405569226,6.625053331987659,6.603555192554678,6.573193435162187,6.597469468570874,6.615262765242873,6.61921627690718,6.603095371343659,6.6034141176000185,6.608839600903743,6.615443461671255,6.599574559614838,6.615183456883235,6.648520214198101,6.624054049929374,6.590525471051261,6.588868099698264,6.643074112902615,6.61983426893486,6.649735985547057,6.598985122921508,6.609954714274164,6.589259466327295,6.638643064918655,6.600059551002459,6.611539593309734,6.575511209385829,6.59071116142338,6.620348831342133,6.631388852938293,6.589574136413664,6.617492310936758,/bsuhome/jessicagronniger/scratch/6625_Illumina/6625_037_S37_R1_001.fastq.gz,/bsuhome/jessicagronniger/scratch/6625_Illumina/6625_037_S37_R2_001.fastq.gz
PMXC7.S.M9.NB.VT.REP2.T11,-0.0,-0.0,-0.0,-0.0,-0.0,-0.0,-0.0,-0.0,-0.0,-0.0,1.45817882478607,1.4933952384564984,1.4283067197009387,1.47750071805109,1.4672943101667075,1.4568368947225163,1.4186536545808852,1.443117319565641,1.4596870427098436,1.4414715779182103,1.4917449679102577,1.4570856862744932,1.469567199903864,1.448858306660153,1.467196404852656,1.4453511447235572,1.4656682376883232,1.4630102091471522,1.461257819391401,1.4496320768778677,1.4579798567218425,1.4853231779013816,1.4414588170578917,1.4234009456922725,1.4676459074099966,1.4892049729685273,1.4443868419923356,1.4853565327917309,1.5093506444766172,1.4306636362365253,1.4754165585493373,1.4695218715242475,1.4903401374156175,1.5102933150493605,1.5041050780625365,1.4531502808708114,1.4524347833771252,1.4186446072909324,1.4656562797259938,1.4645048221578667,1.4789192028543652,1.4547931205074298,1.4941747884748886,1.469492169913316,1.504469113473191,1.4637237570308603,1.488357377758781,1.481842330537443,1.473093507965314,1.4677058180482372,1.480354202551947,1.4727877249383197,1.4672646759412509,1.462164929874752,1.4805700917463749,1.4729877482740534,1.473412482658601,1.4891961507236564,1.4871095750375076,1.4813790990632152,1.465371245111151,1.483217096652499,1.456802339763397,1.451831545704709,1.461617861150766,1.4631323323362495,1.4767547893594568,1.4887620498964933,1.478600378778698,1.444373244250109,1.4933314570654457,1.45401930431585,1.4736680550529977,1.4655749202093566,1.4845373588805697,1.4898138543613657,1.488992895299432,1.477430198471072,1.4647677517103828,1.477604183811093,1.4742431243177525,1.5066037197853952,1.4889370951525849,1.4947268316385631,1.4921879962697109,1.4602310074059466,1.4717947691252196,1.4599667773621303,1.4559166034749988,1.451589829293067,/bsuhome/jessicagronniger/scratch/6625_Illumina/6625_133_S135_R1_001.fastq.gz,/bsuhome/jessicagronniger/scratch/6625_Illumina/6625_133_S135_R2_001.fastq.gz
PMXC7.S.M9.NB.VT.REP2.T12,-0.0,-0.0,-0.0,-0.0,-0.0,-0.0,-0.0,-0.0,-0.0,-0.0,1.6354316690918904,1.7953112159395528,1.8454215866044472,1.7229619074026412,1.8238916643772287,1.774354377498234,1.8513503071164756,1.859158707970096,1.7052217930222715,1.7548574023892305,1.8058696835732748,1.7580769867269883,1.863992048154432,1.7525506865005906,1.7816561249117508,1.7825804250470874,1.7906454586290217,1.830284521844132,1.8346960512499304,1.7376999171358385,1.7825779556539365,1.7521546418895904,1.8104465463323456,1.806746210790667,1.8000437364451516,1.8025603886824435,1.7595759858689382,1.8079855784376808,1.8151241450034432,1.7849667143624277,1.773102366914126,1.780490109141695,1.7606264260987323,1.789130719696652,1.7847206067216927,1.769427272460637,1.7600361342611852,1.7943808024836236,1.7800096729778765,1.802367729361708,1.8027770206780425,1.84441948616376,1.788000154220312,1.8065453853231264,1.8334079950731792,1.8204263997993324,1.8001799474046245,1.7999416345582022,1.8274042475965688,1.7816595535634263,1.7900312789751722,1.7808198738696208,1.793981362242341,1.7960301915505572,1.7820070655785378,1.7684560065155566,1.8176222535215705,1.8310698412178077,1.832698746900516,1.8103613578380224,1.8072703335780105,1.7914020128570698,1.79641116607659,1.838924787462332,1.7915168852771468,1.8238934943255527,1.7960845652900528,1.8025794389509704,1.807196672904016,1.793014027219611,1.8058684376397327,1.7974110167495796,1.7974183951878162,1.786650946149981,1.805771315097329,1.8283630980697856,1.8214250375365544,1.8090957125850555,1.7840979710354392,1.7995213339765443,1.8258817288469216,1.7999076505951108,1.8104403080453568,1.7769335505599355,1.78621059873423,1.8082823210766843,1.8157734821381477,1.79518192524164,1.8212087059551456,1.809328828603008,/bsuhome/jessicagronniger/scratch/6625_Illumina/6625_181_S183_R1_001.fastq.gz,/bsuhome/jessicagronniger/scratch/6625_Illumina/6625_181_S183_R2_001.fastq.gz
PMXC7.S.M9.NB.VT.REP2.T7,-0.0,-0.0,-0.0,-0.0,-0.0,-0.0,-0.0,-0.0,-0.0,-0.0,1.4707671286389357,1.4803981980665113,1.4345797345417388,1.3394419658330474,1.423366018375539,1.363693537999045,1.3963929016099228,1.5040858089293927,1.3611362242900282,1.361270410750618,1.4280835654676725,1.40823546556205,1.4436137828366602,1.414754192784056,1.4171082092034917,1.4578803356708872,1.4239898549466907,1.4226312255171885,1.3989382419964609,1.458861030773543,1.3926089580431955,1.4182456148521316,1.4642230703850048,1.4551549502028966,1.427387099132469,1.4706602059419214,1.4174467636901475,1.4449842453310282,1.4678557011297335,1.4795754839375872,1.4428603989742284,1.4459223939699417,1.4034342885443758,1.463092771893332,1.443920491790999,1.419371220549951,1.461073887920404,1.4692780800471308,1.423686672723261,1.438309862620454,1.4285795133833703,1.4303040514505605,1.457113513214836,1.4308348375609503,1.449121795131412,1.431634963252009,1.4559894501233066,1.4164783005707997,1.4098619333472533,1.4462750333241838,1.4520402119526568,1.4257164739211197,1.4491399840104735,1.4710355438687317,1.4873397645049635,1.4199851490200213,1.4582262108219146,1.4421256880555386,1.454286203851079,1.4567681573890257,1.452764879075398,1.41127491263785,1.4196354764988324,1.429213364928229,1.463423983153456,1.429006028071897,1.4643486662565022,1.4562554294402186,1.4389483921693584,1.447656710254539,1.452247259600134,1.452347688525349,1.4480466859975725,1.4435059081963053,1.452496888249155,1.4729676399435934,1.452627347668171,1.458078767518797,1.44248717599733,1.4293308187899605,1.4578248643426888,1.4553871575683048,1.4421532402176016,1.44866971869098,1.4456613370819904,1.4130509159306228,1.4357444981969256,1.4411371341110664,1.4476980447460668,1.4386355789766578,/bsuhome/jessicagronniger/scratch/6625_Illumina/6625_085_S85_R1_001.fastq.gz,/bsuhome/jessicagronniger/scratch/6625_Illumina/6625_085_S85_R2_001.fastq.gz
PMXC7.S.M9.NB.VT.REP3.T0,-0.0,-0.0,-0.0,-0.0,-0.0,-0.0,-0.0,-0.0,-0.0,-0.0,5.920825661877122,5.767913914487285,5.737579624243662,5.832160889782848,5.865968653399574,5.979940228087344,5.925074579029241,5.939253641231891,5.868225159217595,5.775375765868252,5.971246098364307,5.850150649574044,5.872186548343861,5.977771669708355,5.995567434906091,6.01795055636036,5.934761392757465,6.003327958584562,5.907281895879422,6.001850044298563,6.029534098147271,5.999156352605874,6.006489123891863,5.987956798302367,5.973652814473272,6.000078759486366,6.003819862775167,5.991734268522443,5.9367322634249735,5.994265284846406,5.975683495237564,6.028813155549147,5.999800841040185,5.950156545008127,5.973825528807826,5.920192886023949,6.0232710399872245,6.005683305162383,5.970579981059652,6.000229740944073,5.999132302159705,5.984847354234117,5.9857231759212,5.935017506592681,5.996661462830306,6.026376209164532,5.999259954751378,6.037818206172575,6.003256533091205,6.017479920536683,6.069340892151742,5.99378844220981,6.000845647704269,6.048054618704557,6.037885879930519,6.0343489515606965,5.983223885051134,6.0255265566116245,6.006235751574728,5.997833127353607,6.034868971925471,5.986549396388579,6.041724226798486,5.966579842285406,5.996471785073324,5.96913103418525,6.007293821331731,6.05058638618435,5.979754208580932,5.980091146779424,5.999113532618179,6.049714700149335,6.003460444381816,5.992416470104338,6.0357068574159936,6.001723701242208,6.010756228485562,5.999665349720606,6.03532709216358,5.984357726949336,6.0216099731075,6.029314833254062,6.034800131963767,6.0169858428027005,6.027822513491907,6.022294216498609,5.978706606617922,6.008885863261058,6.008928629991367,6.035173651124331,/bsuhome/jessicagronniger/scratch/6625_Illumina/6625_038_S38_R1_001.fastq.gz,/bsuhome/jessicagronniger/scratch/6625_Illumina/6625_038_S38_R2_001.fastq.gz
PMXC7.S.M9.NB.VT.REP3.T11,-0.0,-0.0,-0.0,-0.0,-0.0,-0.0,-0.0,-0.0,-0.0,-0.0,1.0052591082783526,1.0220938742282033,1.0205464536365452,1.039963678425763,0.991153966317066,1.0832016575675218,1.13188280946671,1.0271376553313456,1.080557826502218,0.9878556956343229,1.0340005572249211,1.0448339050807105,1.0391665670327377,1.0512202959149164,1.044691316308482,1.0661529546687734,1.0387349672074804,1.015823923606637,1.0875418283778415,1.0226730721808712,1.0281598513141803,1.0458218578548424,1.0185777101114308,1.039281883417214,1.0178372882793247,1.0471857905130917,1.003930813015164,1.0254256190905906,1.0555354307655254,1.0400316346903122,1.0226724568653631,1.0177440380806142,1.0558872785455309,1.0275784105588646,1.04071195577936,1.035067544171853,1.0232609242907758,1.0075249065431362,0.9767954273902576,1.0400958598779777,1.0515755024871485,1.0571759612414056,1.0332972328419625,1.0119539456777975,1.004458687220723,1.061144219583169,1.0263108603975568,1.0237499421726672,1.0301763781095332,1.050316066955839,1.038084158078296,1.0481362141386312,1.0414221712752902,1.03473764871059,1.0403743982941005,1.0363851205531225,1.0384464368212636,1.0274193173074997,1.0498130125517475,1.0473295647893024,1.011316850509937,1.054759064019084,1.0348857066779404,1.0833822264481718,1.0208023057601756,1.049276535606406,1.0546206434757015,1.0402074148665374,1.043241044401443,1.0246479816891438,1.019581080499425,1.0573641779769547,1.052687249677644,1.0444612758710063,1.0425701778261358,1.0171383691957292,1.0235760246507326,1.0381064519070582,1.035568915000059,1.0476386954906698,1.011164408231565,1.006214590088497,1.0476530421686447,1.0276728960439103,1.040498250981445,1.0466382826702108,1.044139017784743,1.04282175277557,1.0403762704675623,1.048103804651216,/bsuhome/jessicagronniger/scratch/6625_Illumina/6625_134_S136_R1_001.fastq.gz,/bsuhome/jessicagronniger/scratch/6625_Illumina/6625_134_S136_R2_001.fastq.gz
PMXC7.S.M9.NB.VT.REP3.T12,-0.0,-0.0,-0.0,-0.0,-0.0,-0.0,-0.0,-0.0,-0.0,-0.0,1.1138873828928233,1.10457389690336,1.1187215657442229,1.1548994558049477,1.1139700874067149,1.0563781424459473,1.1191047668064733,1.1651264730902209,1.1488862518606815,1.087672195257681,1.0792042563625055,1.133525530313953,1.1285055636122416,1.08083298000864,1.1172617811238714,1.1103187660918523,1.1361396892773978,1.0879256676619191,1.0948383215035349,1.1105844728524354,1.1067115118987672,1.0915899166793182,1.086195406114324,1.1290287963000325,1.1077570897250388,1.1334732037526731,1.1497514116877947,1.114695626980431,1.100432870445769,1.093190434342492,1.042485494535823,1.1195413336688314,1.1034425624882502,1.1202724690646026,1.093638361690176,1.121799140753169,1.131481737052099,1.0992711559759467,1.100703359236368,1.0737642803638277,1.12123592173776,1.1175384918661038,1.1213745636282062,1.103915201989626,1.110145306758298,1.1230827341310503,1.1066810719297722,1.0945887428496517,1.119166422485271,1.138918790184841,1.091748921985764,1.0885929317913456,1.0837426093813305,1.0907534205807874,1.1281486962582286,1.107541314479474,1.1046740989901782,1.1132727326702274,1.0988198324525826,1.1064075786651943,1.12070036726159,1.1218471763926752,1.1191814620406575,1.092986686028156,1.0998643007742184,1.0926663631922429,1.1007605565893792,1.1028179147714792,1.1118504946022607,1.1064725006876546,1.1004674238147851,1.1005462777616002,1.1169313860992174,1.095843623937854,1.1062716264074266,1.129031544202281,1.118540284650024,1.0993584973291104,1.102846269302173,1.0886857234679033,1.1043020903711094,1.1004616901386404,1.0915863187044643,1.1202146005726803,1.0819112985317056,1.086089947600119,1.1040226661184664,1.1013245011069652,1.112236294189923,1.111035379687177,/bsuhome/jessicagronniger/scratch/6625_Illumina/6625_182_S184_R1_001.fastq.gz,/bsuhome/jessicagronniger/scratch/6625_Illumina/6625_182_S184_R2_001.fastq.gz
PMXC7.S.M9.NB.VT.REP3.T7,-0.0,-0.0,-0.0,-0.0,-0.0,-0.0,-0.0,-0.0,-0.0,-0.0,1.290650270576435,1.256522304036975,1.3113522381899665,1.2288920804981571,1.1984065848411338,1.1658923985013263,1.2423805256032798,1.2603686445287865,1.3201568829502943,1.2705201153730712,1.270835167826844,1.2465121612162515,1.2501391382866325,1.2635308940669865,1.2348738378335289,1.3075558159707907,1.2282077354233472,1.1856671101817884,1.2839010541022795,1.2766807918576046,1.2925927885434283,1.2869978845723649,1.2718452917444123,1.331427981829436,1.2863217353889642,1.2815978694898815,1.314150149861754,1.2757841436521775,1.2999415661899596,1.2735420531966957,1.2630236728838296,1.2350885890549703,1.260257625144804,1.290782973751841,1.2516609752244328,1.2631366330956513,1.2398224751827207,1.280515844214128,1.2240220760154783,1.2696035699060382,1.2374835547131862,1.2642448932787198,1.3005099121677692,1.267196857098839,1.259594050071328,1.2740704953887718,1.2595520940424356,1.3002549714390357,1.2309862689507112,1.2466495170940968,1.293740046690348,1.2432334817369428,1.2532067816213917,1.277602734283461,1.2488304736092666,1.2524636338454174,1.2615617044167948,1.2847679304594573,1.2878485084385665,1.2340434346618838,1.2843136137888032,1.2668370301777123,1.267771500552566,1.260044228037601,1.2692629554032289,1.2455009666390444,1.251348687573042,1.254368059598304,1.2991763058000974,1.2760378673709405,1.2850889760270283,1.270106689564111,1.2718283183871304,1.2715689931953402,1.2589677703418285,1.2707109719991825,1.2531027122321112,1.2744694645974075,1.277808112088539,1.268386064148031,1.2669883053651294,1.2624641967586312,1.2788716844692225,1.2473565411211458,1.2461419367647757,1.2556056318066893,1.255851815506095,1.2758945991471424,1.288280918251202,1.2432734343747336,/bsuhome/jessicagronniger/scratch/6625_Illumina/6625_086_S86_R1_001.fastq.gz,/bsuhome/jessicagronniger/scratch/6625_Illumina/6625_086_S86_R2_001.fastq.gz
