Feature ID	Taxon	Confidence
38c27ceaed634984c1225a82648cf571	ASV14d__Bacteria;p__Proteobacteria;c__Gammaproteobacteria;o__Pseudomonadales;f__Pseudomonadaceae;g__Pseudomonas_E;s__Pseudomonas_E fluorescens_AP	0.9999999999403002
4d72007c70f4abc0bf9e8fe8b826d07d	ASV29d__Bacteria;p__Proteobacteria;c__Gammaproteobacteria;o__Enterobacterales;f__Enterobacteriaceae;g__Citrobacter;s__Citrobacter_braakii	0.9998470574270716
1b98b00b0fc819488d76aa0c09d57bcc	ASV34d__Bacteria;p__Bacteroidota;c__Bacteroidia;o__Flavobacteriales;f__Weeksellaceae;g__Elizabethkingia;s__Elizabethkingia_miricola	0.9999999999928235
d32e579b3ae7b2aae8d5bf9f027c29af	ASV31d__Bacteria;p__Proteobacteria;c__Gammaproteobacteria;o__Burkholderiales;f__Burkholderiaceae;g__Delftia;s__Delftia_acidovorans	0.9997874959683446
a8f4dc7d191848709966aa2ab1b26d3a	ASV5d__Bacteria;p__Proteobacteria;c__Gammaproteobacteria;o__Burkholderiales;f__Chromobacteriaceae;g__Chromobacterium;s__Chromobacteriumsp002213445	0.999814609688132
63afe8e6aac58bf0d670a82ca5bc574c	ASV30d__Bacteria;p__Proteobacteria;c__Gammaproteobacteria;o__Enterobacterales;f__Enterobacteriaceae;g__Serratia_A;s__Serratia_Afonticola	0.999372787823382
20b3df08cd5fac2be26a2928155bab69	ASV32d__Bacteria;p__Proteobacteria;c__Gammaproteobacteria;o__Burkholderiales;f__Burkholderiaceae;g__Achromobacter;s__	0.9999997775070105
6f822cdec4de1f76dd5eecff061d7889	ASV2d__Bacteria;p__Bacteroidota;c__Bacteroidia;o__Sphingobacteriales;f__Sphingobacteriaceae;g__Pedobacter;s__	0.9997643668312362
3cd9ce63f826137d18ca1a11155a21ad	X391_Actinobacteria;Actinomycetales;Microbacteriaceae;Leifsonia	0.9999999999999574
5b6f8fbabd1b7998dbb4a567c9f07876	ASV17d__Bacteria;p__Bacteroidota;c__Bacteroidia;o__Sphingobacteriales;f__Sphingobacteriaceae;g__Pedobacter;s__	0.9657907952903053
2743823e7602e70cfa467627e69d2774	ASV8d__Bacteria;p__Proteobacteria;c__Alphaproteobacteria;o__Rhizobiales;f__Rhizobiaceae;g__Rhizobium;s__	0.9999999922286094
3e6e88f8778d1e10604a29481a3eb710	ASV14d__Bacteria;p__Proteobacteria;c__Gammaproteobacteria;o__Pseudomonadales;f__Pseudomonadaceae;g__Pseudomonas_E;s__Pseudomonas_E fluorescens_AP	0.9999999997862545
0e4b96294f2a2985a5d7fd8c87f7ce6d	ASV19d__Bacteria;p__Bacteroidota;c__Bacteroidia;o__Sphingobacteriales;f__Sphingobacteriaceae;g__Pedobacter;s__	0.9997226468490268
f7dce75982f71a22393a2f123a96c13f	ASV29d__Bacteria;p__Proteobacteria;c__Gammaproteobacteria;o__Enterobacterales;f__Enterobacteriaceae;g__Citrobacter;s__Citrobacter_braakii	0.9997971589518907
ca8c1cfd11ff0a6977f6772630a85de3	ASV11d__Bacteria;p__Proteobacteria;c__Gammaproteobacteria;o__Burkholderiales;f__Chromobacteriaceae;g__Aquitalea;s__Aquitaleapelogenes	0.9952091728708448
16da9716b4d7c3c9c904f3f799d67dfe	ASV10d__Bacteria;p__Proteobacteria;c__Gammaproteobacteria;o__Burkholderiales;f__Burkholderiaceae;g__Comamonas_B;s__	0.9970705775159235
eee283d6984c1b32fdba53e16f71a997	ASV16d__Bacteria;p__Proteobacteria;c__Gammaproteobacteria;o__Burkholderiales;f__Chromobacteriaceae;g__Aquitalea;s__	0.9942733494979061
a537d8bab85c83b0e74c73c55790324b	ASV9d__Bacteria;p__Proteobacteria;c__Alphaproteobacteria;o__Caulobacterales;f__Caulobacteraceae;g__Brevundimonas;s__	0.9999999953256804
45c97c1b602947b75601b66a4af8751e	ASV14d__Bacteria;p__Proteobacteria;c__Gammaproteobacteria;o__Pseudomonadales;f__Pseudomonadaceae;g__Pseudomonas_E;s__Pseudomonas_E fluorescens_AP	0.9999999997766054
e8bb6406c26e82601389be2af0094397	ASV28d__Bacteria;p__Bacteroidota;c__Bacteroidia;o__Sphingobacteriales;f__Sphingobacteriaceae;g__Pedobacter;s__	0.9993114021772054
86176c7ef06511fa7d970ca3045ea020	ASV34d__Bacteria;p__Bacteroidota;c__Bacteroidia;o__Flavobacteriales;f__Weeksellaceae;g__Elizabethkingia;s__Elizabethkingia_miricola	0.9999999999719478
4086fbf90f8c09d6358235ddd4abd010	ASV14d__Bacteria;p__Proteobacteria;c__Gammaproteobacteria;o__Pseudomonadales;f__Pseudomonadaceae;g__Pseudomonas_E;s__Pseudomonas_E fluorescens_AP	0.9999999996650928
17f5a48986ee11c3fc2b99d8e5ff4b1c	X120_Alphaproteobacteria;Sphingomonadales;Sphingomonadaceae;Sphingomonas	0.9999998919070864
90d281aaf588bad4be3327bfc03d6249	X491_Betaproteobacteria;Burkholderiales;Burkholderiaceae;Pandoraea	0.9972158398401451
cc3cdd2ff9769ffe23e1c9cb097e0af8	ASV7d__Bacteria;p__Proteobacteria;c__Gammaproteobacteria;o__Burkholderiales;f__Burkholderiaceae;g__Herbaspirillum;s__	0.9994632983370688
2dbd50791610acb10e6ab93a35bb7d00	X263_Sphingobacteriia;Sphingobacteriales;Chitinophagaceae; Chitinophaga	0.9999999999887166
6d833a0874400d99502fbd678531f2f4	ASV21d__Bacteria;p__Proteobacteria;c__Gammaproteobacteria;o__Xanthomonadales;f__Rhodanobacteraceae;g__Dyella;s__	0.9999999998571809
d66cecf6c25c6b75a33c691faa11179b	ASV22d__Bacteria;p__Proteobacteria;c__Gammaproteobacteria;o__Burkholderiales;f__Burkholderiaceae;g__Paraburkholderia_B;s__	0.9995525046192401
6cdcc53246e5f0f5a8af3c6419d85ba3	ASV29d__Bacteria;p__Proteobacteria;c__Gammaproteobacteria;o__Enterobacterales;f__Enterobacteriaceae;g__Citrobacter;s__Citrobacter_braakii	0.999850798260849
5a4246990631504f0bc0fb9686efcd47	X263_Sphingobacteriia;Sphingobacteriales;Chitinophagaceae; Chitinophaga	0.9999999999695603
6f1765f318aabec502efb3c07ca6a890	ASV14d__Bacteria;p__Proteobacteria;c__Gammaproteobacteria;o__Pseudomonadales;f__Pseudomonadaceae;g__Pseudomonas_E;s__Pseudomonas_E fluorescens_AP	0.9999999997519922
4ac74f88d0d2ab14b115cd87d15f9d58	ASV31d__Bacteria;p__Proteobacteria;c__Gammaproteobacteria;o__Burkholderiales;f__Burkholderiaceae;g__Delftia;s__Delftia_acidovorans	0.999479794752125
818441f4b2d45cc69acae1047e7eb019	Unassigned	0.7366763607024793
0801e33507267ab21a5bcb3749398030	ASV29d__Bacteria;p__Proteobacteria;c__Gammaproteobacteria;o__Enterobacterales;f__Enterobacteriaceae;g__Citrobacter;s__Citrobacter_braakii	0.9998208510589449
09e514adf0c65f606cd10dc1bd6f44b7	ASV29d__Bacteria;p__Proteobacteria;c__Gammaproteobacteria;o__Enterobacterales;f__Enterobacteriaceae;g__Citrobacter;s__Citrobacter_braakii	0.999524153905358
9e601fab6709a7d4b59c246974f162d7	Unassigned	0.9016068264825747
2bd85ad24d534b6e4a92669a8fbbdde7	ASV5d__Bacteria;p__Proteobacteria;c__Gammaproteobacteria;o__Burkholderiales;f__Chromobacteriaceae;g__Chromobacterium;s__Chromobacteriumsp002213445	0.999748480758378
db88faae6069e9c271cb6aa77793562c	ASV29d__Bacteria;p__Proteobacteria;c__Gammaproteobacteria;o__Enterobacterales;f__Enterobacteriaceae;g__Citrobacter;s__Citrobacter_braakii	0.9994887481349223
884918eb0438390d1bba7ef21ae05a01	ASV14d__Bacteria;p__Proteobacteria;c__Gammaproteobacteria;o__Pseudomonadales;f__Pseudomonadaceae;g__Pseudomonas_E;s__Pseudomonas_E fluorescens_AP	0.9999999999463256
afbb0f1ef496fc80a95d14c26de13608	ASV5d__Bacteria;p__Proteobacteria;c__Gammaproteobacteria;o__Burkholderiales;f__Chromobacteriaceae;g__Chromobacterium;s__Chromobacteriumsp002213445	0.9990027660073277
4361760e5e0e5871cb3e8e2f25226c70	ASV29d__Bacteria;p__Proteobacteria;c__Gammaproteobacteria;o__Enterobacterales;f__Enterobacteriaceae;g__Citrobacter;s__Citrobacter_braakii	0.999622805132301
f36c50279a8fa1c121cb9dda1ab1cb42	ASV27d__Bacteria;p__Proteobacteria;c__Gammaproteobacteria;o__Burkholderiales;f__Burkholderiaceae;g__Xylophilus;s__	0.9972725806190681
b51e03596331ef7ba5d324e8ce2f806d	Unassigned	0.7114099049541369
07efd3eec61b97669675d0b7286a5309	ASV29d__Bacteria;p__Proteobacteria;c__Gammaproteobacteria;o__Enterobacterales;f__Enterobacteriaceae;g__Citrobacter;s__Citrobacter_braakii	0.9993770453451921
071bd861ed7a09a16f2f323fc73512e5	ASV29d__Bacteria;p__Proteobacteria;c__Gammaproteobacteria;o__Enterobacterales;f__Enterobacteriaceae;g__Citrobacter;s__Citrobacter_braakii	0.9998158971251437
603ae531893055fddf1f87412bd8d910	ASV14d__Bacteria;p__Proteobacteria;c__Gammaproteobacteria;o__Pseudomonadales;f__Pseudomonadaceae;g__Pseudomonas_E;s__Pseudomonas_E fluorescens_AP	0.9999999999275957
d95810f6ee971c2a36cbf75082491007	ASV5d__Bacteria;p__Proteobacteria;c__Gammaproteobacteria;o__Burkholderiales;f__Chromobacteriaceae;g__Chromobacterium;s__Chromobacteriumsp002213445	0.9996830464373917
5869d36cb840a722dccabbe05095209a	ASV5d__Bacteria;p__Proteobacteria;c__Gammaproteobacteria;o__Burkholderiales;f__Chromobacteriaceae;g__Chromobacterium;s__Chromobacteriumsp002213445	0.9993884289185657
26f1fcb38460fa507114f7fdf430511a	X263_Sphingobacteriia;Sphingobacteriales;Chitinophagaceae; Chitinophaga	0.9999999999833165
02f8ba6032c5c46a4f705b7244cc6b5f	ASV14d__Bacteria;p__Proteobacteria;c__Gammaproteobacteria;o__Pseudomonadales;f__Pseudomonadaceae;g__Pseudomonas_E;s__Pseudomonas_E fluorescens_AP	0.9999999989655919
4dedff7a5c4402cb051206b2337200a3	ASV29d__Bacteria;p__Proteobacteria;c__Gammaproteobacteria;o__Enterobacterales;f__Enterobacteriaceae;g__Citrobacter;s__Citrobacter_braakii	0.9998385237940677
22e1eb298cdc53b477f04cf3b0fac69e	ASV14d__Bacteria;p__Proteobacteria;c__Gammaproteobacteria;o__Pseudomonadales;f__Pseudomonadaceae;g__Pseudomonas_E;s__Pseudomonas_E fluorescens_AP	0.9999999996737614
59068a7d97d2aca58b5f404fb11791d2	ASV29d__Bacteria;p__Proteobacteria;c__Gammaproteobacteria;o__Enterobacterales;f__Enterobacteriaceae;g__Citrobacter;s__Citrobacter_braakii	0.9998456252765722
b7ab51dab48534020a7778f6fa838610	ASV29d__Bacteria;p__Proteobacteria;c__Gammaproteobacteria;o__Enterobacterales;f__Enterobacteriaceae;g__Citrobacter;s__Citrobacter_braakii	0.9998515439778094
30c10b3971a78be2458c2b3089d238b7	ASV29d__Bacteria;p__Proteobacteria;c__Gammaproteobacteria;o__Enterobacterales;f__Enterobacteriaceae;g__Citrobacter;s__Citrobacter_braakii	0.9996228086598804
8648d0bbb5bae7c1f732160884d692ee	ASV14d__Bacteria;p__Proteobacteria;c__Gammaproteobacteria;o__Pseudomonadales;f__Pseudomonadaceae;g__Pseudomonas_E;s__Pseudomonas_E fluorescens_AP	0.9999999997656346
d7a0df5ef7592fd27d67ea1f3b755c67	ASV29d__Bacteria;p__Proteobacteria;c__Gammaproteobacteria;o__Enterobacterales;f__Enterobacteriaceae;g__Citrobacter;s__Citrobacter_braakii	0.9998168331811682
a71fa883b19601257577f7935ba7632b	ASV14d__Bacteria;p__Proteobacteria;c__Gammaproteobacteria;o__Pseudomonadales;f__Pseudomonadaceae;g__Pseudomonas_E;s__Pseudomonas_E fluorescens_AP	0.9999999998178026
406e0c93398c4053a10f17d14181a59a	ASV34d__Bacteria;p__Bacteroidota;c__Bacteroidia;o__Flavobacteriales;f__Weeksellaceae;g__Elizabethkingia;s__Elizabethkingia_miricola	0.9999999999763389
3711a9af72467ee1f68d2c09d066a3ee	ASV14d__Bacteria;p__Proteobacteria;c__Gammaproteobacteria;o__Pseudomonadales;f__Pseudomonadaceae;g__Pseudomonas_E;s__Pseudomonas_E fluorescens_AP	0.9999999998018723
6699944c570efa4d87a730d42995d753	ASV14d__Bacteria;p__Proteobacteria;c__Gammaproteobacteria;o__Pseudomonadales;f__Pseudomonadaceae;g__Pseudomonas_E;s__Pseudomonas_E fluorescens_AP	0.9999999998946265
cdc1c851e6ec336b44496bbf003d4d3c	ASV34d__Bacteria;p__Bacteroidota;c__Bacteroidia;o__Flavobacteriales;f__Weeksellaceae;g__Elizabethkingia;s__Elizabethkingia_miricola	0.9999999999888303
709f9ed84ffbd274f188b9e6de19afd2	ASV29d__Bacteria;p__Proteobacteria;c__Gammaproteobacteria;o__Enterobacterales;f__Enterobacteriaceae;g__Citrobacter;s__Citrobacter_braakii	0.9996596487986323
0a46e6e992c65d41c1344970dab5cf3a	ASV14d__Bacteria;p__Proteobacteria;c__Gammaproteobacteria;o__Pseudomonadales;f__Pseudomonadaceae;g__Pseudomonas_E;s__Pseudomonas_E fluorescens_AP	0.9999999998606626
da969a32e7d9832ce76d57d07c610739	ASV14d__Bacteria;p__Proteobacteria;c__Gammaproteobacteria;o__Pseudomonadales;f__Pseudomonadaceae;g__Pseudomonas_E;s__Pseudomonas_E fluorescens_AP	0.9999999999476472
5a7439129969c890f0d2b55fe5183ada	ASV14d__Bacteria;p__Proteobacteria;c__Gammaproteobacteria;o__Pseudomonadales;f__Pseudomonadaceae;g__Pseudomonas_E;s__Pseudomonas_E fluorescens_AP	0.9999999998256328
3047bd7a614ad2c0a7256c7f03f2261c	ASV29d__Bacteria;p__Proteobacteria;c__Gammaproteobacteria;o__Enterobacterales;f__Enterobacteriaceae;g__Citrobacter;s__Citrobacter_braakii	0.999871672433394
526935412a9d7e2911313229e27b4c50	ASV5d__Bacteria;p__Proteobacteria;c__Gammaproteobacteria;o__Burkholderiales;f__Chromobacteriaceae;g__Chromobacterium;s__Chromobacteriumsp002213445	0.999248337298914
4c8ceafb171e595c0211fe44672c550d	ASV29d__Bacteria;p__Proteobacteria;c__Gammaproteobacteria;o__Enterobacterales;f__Enterobacteriaceae;g__Citrobacter;s__Citrobacter_braakii	0.9998522845109205
d8b2e7f5d7e21d65a21805b4ba06772c	ASV29d__Bacteria;p__Proteobacteria;c__Gammaproteobacteria;o__Enterobacterales;f__Enterobacteriaceae;g__Citrobacter;s__Citrobacter_braakii	0.999764263320523
f4801b7a68515d9005fa572ee6afdf41	ASV6d__Bacteria;p__Proteobacteria;c__Gammaproteobacteria;o__Burkholderiales;f__Burkholderiaceae;g__Ralstonia;s__	0.9991830111175816
3bdf8b3c6ec3b70bf61faa562adc8343	ASV29d__Bacteria;p__Proteobacteria;c__Gammaproteobacteria;o__Enterobacterales;f__Enterobacteriaceae;g__Citrobacter;s__Citrobacter_braakii	0.9997750887800887
fb372bc2635a7034f24eb3f4544ef5e4	ASV34d__Bacteria;p__Bacteroidota;c__Bacteroidia;o__Flavobacteriales;f__Weeksellaceae;g__Elizabethkingia;s__Elizabethkingia_miricola	0.9999999999801759
ce5891a3850478e407652a5409ed0578	ASV29d__Bacteria;p__Proteobacteria;c__Gammaproteobacteria;o__Enterobacterales;f__Enterobacteriaceae;g__Citrobacter;s__Citrobacter_braakii	0.9997631154788483
cc40675c3d22393f8a55baefc3153341	ASV29d__Bacteria;p__Proteobacteria;c__Gammaproteobacteria;o__Enterobacterales;f__Enterobacteriaceae;g__Citrobacter;s__Citrobacter_braakii	0.9993567053581611
f1b062dd71a119b63855444843876677	ASV14d__Bacteria;p__Proteobacteria;c__Gammaproteobacteria;o__Pseudomonadales;f__Pseudomonadaceae;g__Pseudomonas_E;s__Pseudomonas_E fluorescens_AP	0.9999999998432116
30cfc5b5b859d97603e7b9d7275e71d8	ASV14d__Bacteria;p__Proteobacteria;c__Gammaproteobacteria;o__Pseudomonadales;f__Pseudomonadaceae;g__Pseudomonas_E;s__Pseudomonas_E fluorescens_AP	0.9999999999378844
ae6f46c69e48e2c4267d74a0a131d1d6	ASV34d__Bacteria;p__Bacteroidota;c__Bacteroidia;o__Flavobacteriales;f__Weeksellaceae;g__Elizabethkingia;s__Elizabethkingia_miricola	0.9999999999759552
33d5e9eb4c94d4b965bd0daad86009ae	ASV29d__Bacteria;p__Proteobacteria;c__Gammaproteobacteria;o__Enterobacterales;f__Enterobacteriaceae;g__Citrobacter;s__Citrobacter_braakii	0.9997224790716033
068a679a2fb2474def34a9c6b3b1ea35	ASV5d__Bacteria;p__Proteobacteria;c__Gammaproteobacteria;o__Burkholderiales;f__Chromobacteriaceae;g__Chromobacterium;s__Chromobacteriumsp002213445	0.9983470660924672
2c01c1e18b001ac7d347e5e8ffc7392d	ASV29d__Bacteria;p__Proteobacteria;c__Gammaproteobacteria;o__Enterobacterales;f__Enterobacteriaceae;g__Citrobacter;s__Citrobacter_braakii	0.999524161312153
7c264e4f81225c1750ad1848e769f50d	ASV14d__Bacteria;p__Proteobacteria;c__Gammaproteobacteria;o__Pseudomonadales;f__Pseudomonadaceae;g__Pseudomonas_E;s__Pseudomonas_E fluorescens_AP	0.9999999997038458
afa57d1d126f84d09913caba010e60d1	ASV14d__Bacteria;p__Proteobacteria;c__Gammaproteobacteria;o__Pseudomonadales;f__Pseudomonadaceae;g__Pseudomonas_E;s__Pseudomonas_E fluorescens_AP	0.9999999996958877
bdd91ea40e5f6400521c474cb83ff897	ASV29d__Bacteria;p__Proteobacteria;c__Gammaproteobacteria;o__Enterobacterales;f__Enterobacteriaceae;g__Citrobacter;s__Citrobacter_braakii	0.9996171348278583
8fe686560ecb32adba261e17be9c96ae	ASV29d__Bacteria;p__Proteobacteria;c__Gammaproteobacteria;o__Enterobacterales;f__Enterobacteriaceae;g__Citrobacter;s__Citrobacter_braakii	0.999894190164372
1fc2226d7de07040f68dc3dddd403ec5	ASV29d__Bacteria;p__Proteobacteria;c__Gammaproteobacteria;o__Enterobacterales;f__Enterobacteriaceae;g__Citrobacter;s__Citrobacter_braakii	0.999817705945635
7352f9529a45ca57889bfa9f3b5bcb6d	ASV14d__Bacteria;p__Proteobacteria;c__Gammaproteobacteria;o__Pseudomonadales;f__Pseudomonadaceae;g__Pseudomonas_E;s__Pseudomonas_E fluorescens_AP	0.9999999999595417
343a486c6f47339c18ed3203c2e8c635	ASV29d__Bacteria;p__Proteobacteria;c__Gammaproteobacteria;o__Enterobacterales;f__Enterobacteriaceae;g__Citrobacter;s__Citrobacter_braakii	0.9998522706041295
e62e568596e031c93e9ada20a5a61757	ASV14d__Bacteria;p__Proteobacteria;c__Gammaproteobacteria;o__Pseudomonadales;f__Pseudomonadaceae;g__Pseudomonas_E;s__Pseudomonas_E fluorescens_AP	0.9999999999652687
b3339ae767f3fe56f94e2b9d85297e83	ASV29d__Bacteria;p__Proteobacteria;c__Gammaproteobacteria;o__Enterobacterales;f__Enterobacteriaceae;g__Citrobacter;s__Citrobacter_braakii	0.9998463831028512
0644c6c7050cb0a3bb3e2e40f4124848	ASV29d__Bacteria;p__Proteobacteria;c__Gammaproteobacteria;o__Enterobacterales;f__Enterobacteriaceae;g__Citrobacter;s__Citrobacter_braakii	0.9998490181948978
1cd4ea876f55a2918660e0f8dce25a86	ASV14d__Bacteria;p__Proteobacteria;c__Gammaproteobacteria;o__Pseudomonadales;f__Pseudomonadaceae;g__Pseudomonas_E;s__Pseudomonas_E fluorescens_AP	0.999999999853344
13fbe7a7fb9a3b875d09f12f3b795343	ASV29d__Bacteria;p__Proteobacteria;c__Gammaproteobacteria;o__Enterobacterales;f__Enterobacteriaceae;g__Citrobacter;s__Citrobacter_braakii	0.9996157847435364
b921ef23ebb1067002feaa9f225b2ccb	ASV14d__Bacteria;p__Proteobacteria;c__Gammaproteobacteria;o__Pseudomonadales;f__Pseudomonadaceae;g__Pseudomonas_E;s__Pseudomonas_E fluorescens_AP	0.9999999999262315
9d13bba84565ea0e8afaf9fe87877df9	Unassigned	0.8727359683687795
69bef0c67cd623e186cb602c3b34fa67	ASV31d__Bacteria;p__Proteobacteria;c__Gammaproteobacteria;o__Burkholderiales;f__Burkholderiaceae;g__Delftia;s__Delftia_acidovorans	0.9995417834245434
348f54a72cb4af371e1cc57aaef87983	ASV29d__Bacteria;p__Proteobacteria;c__Gammaproteobacteria;o__Enterobacterales;f__Enterobacteriaceae;g__Citrobacter;s__Citrobacter_braakii	0.9998593945151386
0e013bdd0e59a7f46de24ea605e331b8	ASV29d__Bacteria;p__Proteobacteria;c__Gammaproteobacteria;o__Enterobacterales;f__Enterobacteriaceae;g__Citrobacter;s__Citrobacter_braakii	0.9998448470080872
2aaff7e14184c4bec024ccedad25cf66	ASV29d__Bacteria;p__Proteobacteria;c__Gammaproteobacteria;o__Enterobacterales;f__Enterobacteriaceae;g__Citrobacter;s__Citrobacter_braakii	0.9997325878063462
b3b830dc41157896640a9814f1f96be8	ASV34d__Bacteria;p__Bacteroidota;c__Bacteroidia;o__Flavobacteriales;f__Weeksellaceae;g__Elizabethkingia;s__Elizabethkingia_miricola	0.9999999999797637
cd9f6642782e6c3bb3321fcdade6edf9	ASV14d__Bacteria;p__Proteobacteria;c__Gammaproteobacteria;o__Pseudomonadales;f__Pseudomonadaceae;g__Pseudomonas_E;s__Pseudomonas_E fluorescens_AP	0.9999999998189679
fb0c8599fc5d6f81375bdefd0094d104	ASV29d__Bacteria;p__Proteobacteria;c__Gammaproteobacteria;o__Enterobacterales;f__Enterobacteriaceae;g__Citrobacter;s__Citrobacter_braakii	0.9998478192154358
df423e7ba319dcd303ce6118d5e28ec3	ASV29d__Bacteria;p__Proteobacteria;c__Gammaproteobacteria;o__Enterobacterales;f__Enterobacteriaceae;g__Citrobacter;s__Citrobacter_braakii	0.9998562451818244
efb37f93967a9224df9a7d10c31438d7	ASV14d__Bacteria;p__Proteobacteria;c__Gammaproteobacteria;o__Pseudomonadales;f__Pseudomonadaceae;g__Pseudomonas_E;s__Pseudomonas_E fluorescens_AP	0.9999999996707629
edc47f71b8842e3ad94a3b09a41f7874	ASV14d__Bacteria;p__Proteobacteria;c__Gammaproteobacteria;o__Pseudomonadales;f__Pseudomonadaceae;g__Pseudomonas_E;s__Pseudomonas_E fluorescens_AP	0.9999999996970388
459254a471cf55cd572ff64ae1295c3a	ASV29d__Bacteria;p__Proteobacteria;c__Gammaproteobacteria;o__Enterobacterales;f__Enterobacteriaceae;g__Citrobacter;s__Citrobacter_braakii	0.9994605047951914
ba310096fcb54a365168ff700fe91f0f	ASV14d__Bacteria;p__Proteobacteria;c__Gammaproteobacteria;o__Pseudomonadales;f__Pseudomonadaceae;g__Pseudomonas_E;s__Pseudomonas_E fluorescens_AP	0.9999999998074571
f59fea3eefdbf05344f57148a8a5d39a	ASV14d__Bacteria;p__Proteobacteria;c__Gammaproteobacteria;o__Pseudomonadales;f__Pseudomonadaceae;g__Pseudomonas_E;s__Pseudomonas_E fluorescens_AP	0.9999999998469775
b3bef866d8ccbc056601c63e6e5cc4a7	ASV29d__Bacteria;p__Proteobacteria;c__Gammaproteobacteria;o__Enterobacterales;f__Enterobacteriaceae;g__Citrobacter;s__Citrobacter_braakii	0.9998782551964632
1b05b785e1194bff97573bb7d3431e16	ASV29d__Bacteria;p__Proteobacteria;c__Gammaproteobacteria;o__Enterobacterales;f__Enterobacteriaceae;g__Citrobacter;s__Citrobacter_braakii	0.9998282089224412
4d7dd5d4d0f9347661a52ffdcaa25719	ASV29d__Bacteria;p__Proteobacteria;c__Gammaproteobacteria;o__Enterobacterales;f__Enterobacteriaceae;g__Citrobacter;s__Citrobacter_braakii	0.9998826402204409
c4dec48c0e6fb166d9b362ed740d3dd3	ASV29d__Bacteria;p__Proteobacteria;c__Gammaproteobacteria;o__Enterobacterales;f__Enterobacteriaceae;g__Citrobacter;s__Citrobacter_braakii	0.9999020208422998
2cf1d4fe390a1351152464a4691cf32a	ASV29d__Bacteria;p__Proteobacteria;c__Gammaproteobacteria;o__Enterobacterales;f__Enterobacteriaceae;g__Citrobacter;s__Citrobacter_braakii	0.9998522915190908
a0acc3342828955c40edead0f8616a6b	ASV34d__Bacteria;p__Bacteroidota;c__Bacteroidia;o__Flavobacteriales;f__Weeksellaceae;g__Elizabethkingia;s__Elizabethkingia_miricola	0.9999999999748752
35f2d6eff4a39fa8e2d94bab38ec0ce8	ASV34d__Bacteria;p__Bacteroidota;c__Bacteroidia;o__Flavobacteriales;f__Weeksellaceae;g__Elizabethkingia;s__Elizabethkingia_miricola	0.9999999999783
e830f58af3939f702dc04faafd15f773	ASV34d__Bacteria;p__Bacteroidota;c__Bacteroidia;o__Flavobacteriales;f__Weeksellaceae;g__Elizabethkingia;s__Elizabethkingia_miricola	0.9999999999819522
3578a402cefd7813f6cc0a050f5361cc	ASV29d__Bacteria;p__Proteobacteria;c__Gammaproteobacteria;o__Enterobacterales;f__Enterobacteriaceae;g__Citrobacter;s__Citrobacter_braakii	0.9998593972237871
9e87a93eae73eafcb6c5fdd29056613c	Unassigned	0.8401365947519467
79cd4e38d577e62dfea2d29c13ca1951	ASV30d__Bacteria;p__Proteobacteria;c__Gammaproteobacteria;o__Enterobacterales;f__Enterobacteriaceae;g__Serratia_A;s__Serratia_Afonticola	0.9984546419045089
b3860251e6f3b42d63d7a5be3ae2c190	ASV34d__Bacteria;p__Bacteroidota;c__Bacteroidia;o__Flavobacteriales;f__Weeksellaceae;g__Elizabethkingia;s__Elizabethkingia_miricola	0.9999999999853344
59e473a9883d833fdb17bd0a66aa1773	ASV29d__Bacteria;p__Proteobacteria;c__Gammaproteobacteria;o__Enterobacterales;f__Enterobacteriaceae;g__Citrobacter;s__Citrobacter_braakii	0.9998522671985466
84ad11e2ed0053b18b28a5f64631125b	ASV34d__Bacteria;p__Bacteroidota;c__Bacteroidia;o__Flavobacteriales;f__Weeksellaceae;g__Elizabethkingia;s__Elizabethkingia_miricola	0.9999999999743778
2805816ec711e9a9e189cfd284bc082d	ASV34d__Bacteria;p__Bacteroidota;c__Bacteroidia;o__Flavobacteriales;f__Weeksellaceae;g__Elizabethkingia;s__Elizabethkingia_miricola	0.9999999999836575
d8179b2514d461f46edf5e3b29331ff2	ASV14d__Bacteria;p__Proteobacteria;c__Gammaproteobacteria;o__Pseudomonadales;f__Pseudomonadaceae;g__Pseudomonas_E;s__Pseudomonas_E fluorescens_AP	0.9999999996559836
f43ca6040d13c181a5fdd2edd3548582	Unassigned	0.7443714362060541
a4bf5147be7fff14115a81853bcd229d	ASV14d__Bacteria;p__Proteobacteria;c__Gammaproteobacteria;o__Pseudomonadales;f__Pseudomonadaceae;g__Pseudomonas_E;s__Pseudomonas_E fluorescens_AP	0.9999999998893117
32deb24098619ad31ea94045809045aa	ASV14d__Bacteria;p__Proteobacteria;c__Gammaproteobacteria;o__Pseudomonadales;f__Pseudomonadaceae;g__Pseudomonas_E;s__Pseudomonas_E fluorescens_AP	0.9999999999102442
46c0d918bf30637ed09d3ce20f404c56	ASV31d__Bacteria;p__Proteobacteria;c__Gammaproteobacteria;o__Burkholderiales;f__Burkholderiaceae;g__Delftia;s__Delftia_acidovorans	0.9995557837315776
5027c5c38641e306444ab1f51257ced0	ASV14d__Bacteria;p__Proteobacteria;c__Gammaproteobacteria;o__Pseudomonadales;f__Pseudomonadaceae;g__Pseudomonas_E;s__Pseudomonas_E fluorescens_AP	0.9999999997842224
6f54a6da0d3091db03bbeb9eeeb53f9f	ASV14d__Bacteria;p__Proteobacteria;c__Gammaproteobacteria;o__Pseudomonadales;f__Pseudomonadaceae;g__Pseudomonas_E;s__Pseudomonas_E fluorescens_AP	0.999999999728999
e77bfd489b6930433bf26e46484b75c1	ASV14d__Bacteria;p__Proteobacteria;c__Gammaproteobacteria;o__Pseudomonadales;f__Pseudomonadaceae;g__Pseudomonas_E;s__Pseudomonas_E fluorescens_AP	0.9999999999196802
4845b6d0b82fbe302ad8989a86035f53	ASV14d__Bacteria;p__Proteobacteria;c__Gammaproteobacteria;o__Pseudomonadales;f__Pseudomonadaceae;g__Pseudomonas_E;s__Pseudomonas_E fluorescens_AP	0.9999999997988311
b2cae068c27def208a0a50cd1731b4f8	ASV29d__Bacteria;p__Proteobacteria;c__Gammaproteobacteria;o__Enterobacterales;f__Enterobacteriaceae;g__Citrobacter;s__Citrobacter_braakii	0.999557106923895
5e959dbb98b6213b68a36e169f6970f4	ASV29d__Bacteria;p__Proteobacteria;c__Gammaproteobacteria;o__Enterobacterales;f__Enterobacteriaceae;g__Citrobacter;s__Citrobacter_braakii	0.9998004308538975
b054047549f7385fa67230367bf28106	ASV14d__Bacteria;p__Proteobacteria;c__Gammaproteobacteria;o__Pseudomonadales;f__Pseudomonadaceae;g__Pseudomonas_E;s__Pseudomonas_E fluorescens_AP	0.99999999984135
e8285e2293728a75daad12a99982f2f2	ASV14d__Bacteria;p__Proteobacteria;c__Gammaproteobacteria;o__Pseudomonadales;f__Pseudomonadaceae;g__Pseudomonas_E;s__Pseudomonas_E fluorescens_AP	0.9999999998979945
31cd582f0f70ddac1294dc23c5e83ed3	ASV29d__Bacteria;p__Proteobacteria;c__Gammaproteobacteria;o__Enterobacterales;f__Enterobacteriaceae;g__Citrobacter;s__Citrobacter_braakii	0.9998515344951203
ae30d1e70fefd7f1644a9cda26fd9f72	ASV29d__Bacteria;p__Proteobacteria;c__Gammaproteobacteria;o__Enterobacterales;f__Enterobacteriaceae;g__Citrobacter;s__Citrobacter_braakii	0.9996853815913722
534639a8425a3a91f46ab39ca85b5cb3	ASV14d__Bacteria;p__Proteobacteria;c__Gammaproteobacteria;o__Pseudomonadales;f__Pseudomonadaceae;g__Pseudomonas_E;s__Pseudomonas_E fluorescens_AP	0.9999999998028954
936d3c4cfdb7d8aa077968b11fd69bac	ASV14d__Bacteria;p__Proteobacteria;c__Gammaproteobacteria;o__Pseudomonadales;f__Pseudomonadaceae;g__Pseudomonas_E;s__Pseudomonas_E fluorescens_AP	0.9999999997373408
37eb8d38af20e64bf58d292b29a5887c	ASV34d__Bacteria;p__Bacteroidota;c__Bacteroidia;o__Flavobacteriales;f__Weeksellaceae;g__Elizabethkingia;s__Elizabethkingia_miricola	0.99999999997749
50b8431ae94b2dbc23084ef450a195c0	ASV22d__Bacteria;p__Proteobacteria;c__Gammaproteobacteria;o__Burkholderiales;f__Burkholderiaceae;g__Paraburkholderia_B;s__	0.9995793345266499
a988fb3620f63f4fdd8c547a304701cb	Unassigned	0.8139723144044191
cac8406da69613bed7a0411e79b02a1a	ASV29d__Bacteria;p__Proteobacteria;c__Gammaproteobacteria;o__Enterobacterales;f__Enterobacteriaceae;g__Citrobacter;s__Citrobacter_braakii	0.9998760606668545
f86b1027ac846004cc0581351404513c	ASV29d__Bacteria;p__Proteobacteria;c__Gammaproteobacteria;o__Enterobacterales;f__Enterobacteriaceae;g__Citrobacter;s__Citrobacter_braakii	0.999728538174399
f9bd28937adf5f057bec8bebdb73d56f	ASV29d__Bacteria;p__Proteobacteria;c__Gammaproteobacteria;o__Enterobacterales;f__Enterobacteriaceae;g__Citrobacter;s__Citrobacter_braakii	0.9998321507552139
f820ff2fde3e2843ec3c21848da0c82e	ASV29d__Bacteria;p__Proteobacteria;c__Gammaproteobacteria;o__Enterobacterales;f__Enterobacteriaceae;g__Citrobacter;s__Citrobacter_braakii	0.9994328743442092
11f8e1c42acf96dd57d897c6f811524f	ASV29d__Bacteria;p__Proteobacteria;c__Gammaproteobacteria;o__Enterobacterales;f__Enterobacteriaceae;g__Citrobacter;s__Citrobacter_braakii	0.9996869443619706
7330787ce12196745e335cc44a260064	Unassigned	0.8229513358945778
8f7956e547c5bb90085756ce38c7f9c4	ASV34d__Bacteria;p__Bacteroidota;c__Bacteroidia;o__Flavobacteriales;f__Weeksellaceae;g__Elizabethkingia;s__Elizabethkingia_miricola	0.9999999999769358
4ed321f3dfcf37d76dc856bde9c34d8f	ASV34d__Bacteria;p__Bacteroidota;c__Bacteroidia;o__Flavobacteriales;f__Weeksellaceae;g__Elizabethkingia;s__Elizabethkingia_miricola	0.9999999999819096
9cceb6250486af11fe6f705eafe06de2	ASV14d__Bacteria;p__Proteobacteria;c__Gammaproteobacteria;o__Pseudomonadales;f__Pseudomonadaceae;g__Pseudomonas_E;s__Pseudomonas_E fluorescens_AP	0.9999999990963175
e053244f8b5b7013a4d9ab0550089fc4	ASV29d__Bacteria;p__Proteobacteria;c__Gammaproteobacteria;o__Enterobacterales;f__Enterobacteriaceae;g__Citrobacter;s__Citrobacter_braakii	0.9998463966293647
6b40a7ea6b1762344d44e5a2c4da7f8c	ASV34d__Bacteria;p__Bacteroidota;c__Bacteroidia;o__Flavobacteriales;f__Weeksellaceae;g__Elizabethkingia;s__Elizabethkingia_miricola	0.9999999999894271
06ae38d1b1b61e677fa2cae287300903	ASV31d__Bacteria;p__Proteobacteria;c__Gammaproteobacteria;o__Burkholderiales;f__Burkholderiaceae;g__Delftia;s__Delftia_acidovorans	0.9995016423696441
80ecd50ec4b6b5f62a1c52baaefee46d	ASV32d__Bacteria;p__Proteobacteria;c__Gammaproteobacteria;o__Burkholderiales;f__Burkholderiaceae;g__Achromobacter;s__	0.999988691866153
e148cc2ee5c064c0346d905f8c39d8a2	ASV34d__Bacteria;p__Bacteroidota;c__Bacteroidia;o__Flavobacteriales;f__Weeksellaceae;g__Elizabethkingia;s__Elizabethkingia_miricola	0.9999999999799769
fc3d8b8b9426eb011320673bbeca2e1a	ASV14d__Bacteria;p__Proteobacteria;c__Gammaproteobacteria;o__Pseudomonadales;f__Pseudomonadaceae;g__Pseudomonas_E;s__Pseudomonas_E fluorescens_AP	0.999999999798149
33ab2994c86d43634a2c9d26250ade43	ASV29d__Bacteria;p__Proteobacteria;c__Gammaproteobacteria;o__Enterobacterales;f__Enterobacteriaceae;g__Citrobacter;s__Citrobacter_braakii	0.9997642555873073
ed4f8b9827611b54cfbdcc1d2280896a	ASV29d__Bacteria;p__Proteobacteria;c__Gammaproteobacteria;o__Enterobacterales;f__Enterobacteriaceae;g__Citrobacter;s__Citrobacter_braakii	0.999879083491709
b3e35c800d40bd1220a39f881346fe43	ASV14d__Bacteria;p__Proteobacteria;c__Gammaproteobacteria;o__Pseudomonadales;f__Pseudomonadaceae;g__Pseudomonas_E;s__Pseudomonas_E fluorescens_AP	0.9999999999669598
08cc3ed5bd6f72de71a3c6f16846c14f	ASV34d__Bacteria;p__Bacteroidota;c__Bacteroidia;o__Flavobacteriales;f__Weeksellaceae;g__Elizabethkingia;s__Elizabethkingia_miricola	0.9999999999877645
de52c0dccdbb841d9b0f078f2b19d90a	ASV14d__Bacteria;p__Proteobacteria;c__Gammaproteobacteria;o__Pseudomonadales;f__Pseudomonadaceae;g__Pseudomonas_E;s__Pseudomonas_E fluorescens_AP	0.9999999998742055
7e6bfd80705dd515754da7bed1c97b34	ASV14d__Bacteria;p__Proteobacteria;c__Gammaproteobacteria;o__Pseudomonadales;f__Pseudomonadaceae;g__Pseudomonas_E;s__Pseudomonas_E fluorescens_AP	0.9999999998158842
d42b7982453a0473a11c9c101a4ca2b5	Unassigned	0.793598352876164
f77524722e694e887edd1cc1239199fd	ASV14d__Bacteria;p__Proteobacteria;c__Gammaproteobacteria;o__Pseudomonadales;f__Pseudomonadaceae;g__Pseudomonas_E;s__Pseudomonas_E fluorescens_AP	0.9999999998805578
e2067ed2c78e884ab87c0a6b8c3032e6	ASV14d__Bacteria;p__Proteobacteria;c__Gammaproteobacteria;o__Pseudomonadales;f__Pseudomonadaceae;g__Pseudomonas_E;s__Pseudomonas_E fluorescens_AP	0.9999999998259455
adfe668653f7d38f45623325c508d9a8	ASV29d__Bacteria;p__Proteobacteria;c__Gammaproteobacteria;o__Enterobacterales;f__Enterobacteriaceae;g__Citrobacter;s__Citrobacter_braakii	0.9996114557543818
61d9780a1a38fc8a5e34c3247b290b49	ASV5d__Bacteria;p__Proteobacteria;c__Gammaproteobacteria;o__Burkholderiales;f__Chromobacteriaceae;g__Chromobacterium;s__Chromobacteriumsp002213445	0.9989488493156393
745dc523857eb572100c711bb1e99163	ASV14d__Bacteria;p__Proteobacteria;c__Gammaproteobacteria;o__Pseudomonadales;f__Pseudomonadaceae;g__Pseudomonas_E;s__Pseudomonas_E fluorescens_AP	0.9999999997731948
02642c77d2f237b0628d031bf53b3bc9	ASV29d__Bacteria;p__Proteobacteria;c__Gammaproteobacteria;o__Enterobacterales;f__Enterobacteriaceae;g__Citrobacter;s__Citrobacter_braakii	0.9998441138514151
0ef4d92947a986ac7957ae309afd3976	ASV29d__Bacteria;p__Proteobacteria;c__Gammaproteobacteria;o__Enterobacterales;f__Enterobacteriaceae;g__Citrobacter;s__Citrobacter_braakii	0.9998522783386513
a4176431b3f39d0de53e25cb2ddcaa56	ASV29d__Bacteria;p__Proteobacteria;c__Gammaproteobacteria;o__Enterobacterales;f__Enterobacteriaceae;g__Citrobacter;s__Citrobacter_braakii	0.9998184105165111
b29f7781b09968ec98258cca8d870fbb	ASV34d__Bacteria;p__Bacteroidota;c__Bacteroidia;o__Flavobacteriales;f__Weeksellaceae;g__Elizabethkingia;s__Elizabethkingia_miricola	0.9999999999713083
3beeeeae1cf8c00f4e787c76436c3bcb	ASV34d__Bacteria;p__Bacteroidota;c__Bacteroidia;o__Flavobacteriales;f__Weeksellaceae;g__Elizabethkingia;s__Elizabethkingia_miricola	0.9999999999587459
bff1a33b6bbef0c073414576883d2112	ASV29d__Bacteria;p__Proteobacteria;c__Gammaproteobacteria;o__Enterobacterales;f__Enterobacteriaceae;g__Citrobacter;s__Citrobacter_braakii	0.9997076275184635
2bc05e03322defbbbf5de97194396040	ASV14d__Bacteria;p__Proteobacteria;c__Gammaproteobacteria;o__Pseudomonadales;f__Pseudomonadaceae;g__Pseudomonas_E;s__Pseudomonas_E fluorescens_AP	0.9999999999121485
3844f2776dfdc547354f03ece3ad7b91	ASV34d__Bacteria;p__Bacteroidota;c__Bacteroidia;o__Flavobacteriales;f__Weeksellaceae;g__Elizabethkingia;s__Elizabethkingia_miricola	0.9999999999728146
1a41524db5a1fd136122df7f148b5c6b	ASV34d__Bacteria;p__Bacteroidota;c__Bacteroidia;o__Flavobacteriales;f__Weeksellaceae;g__Elizabethkingia;s__Elizabethkingia_miricola	0.9999999999936335
c1a0f82c9e57e2cc436ff27bbe864231	ASV14d__Bacteria;p__Proteobacteria;c__Gammaproteobacteria;o__Pseudomonadales;f__Pseudomonadaceae;g__Pseudomonas_E;s__Pseudomonas_E fluorescens_AP	0.9999999998925375
db7c55bf3fbebf87378d18fc9ea7cf91	Unassigned	0.8159008377126253
01c01d1e214bf3b70a836a7cced0877a	ASV29d__Bacteria;p__Proteobacteria;c__Gammaproteobacteria;o__Enterobacterales;f__Enterobacteriaceae;g__Citrobacter;s__Citrobacter_braakii	0.9998522802174751
9951b4093f28aad456abda45390614fd	ASV34d__Bacteria;p__Bacteroidota;c__Bacteroidia;o__Flavobacteriales;f__Weeksellaceae;g__Elizabethkingia;s__Elizabethkingia_miricola	0.9999999999589022
bf26a0113283856dc0644e0da1a191ba	ASV14d__Bacteria;p__Proteobacteria;c__Gammaproteobacteria;o__Pseudomonadales;f__Pseudomonadaceae;g__Pseudomonas_E;s__Pseudomonas_E fluorescens_AP	0.9999999997512958
64198dd4f2084a83cc4ddffff85d5e41	Unassigned	0.8154436464070219
67b306b636dab0a18b3928eec2696f2b	ASV14d__Bacteria;p__Proteobacteria;c__Gammaproteobacteria;o__Pseudomonadales;f__Pseudomonadaceae;g__Pseudomonas_E;s__Pseudomonas_E fluorescens_AP	0.9999999998733244
37a9068acef491b2278225a3a307b05e	ASV29d__Bacteria;p__Proteobacteria;c__Gammaproteobacteria;o__Enterobacterales;f__Enterobacteriaceae;g__Citrobacter;s__Citrobacter_braakii	0.9996157889958787
1e8fed8ce250081c92774980841b4784	ASV29d__Bacteria;p__Proteobacteria;c__Gammaproteobacteria;o__Enterobacterales;f__Enterobacteriaceae;g__Citrobacter;s__Citrobacter_braakii	0.9997792613603323
e15bdd3c221e8a39fc58733a8f335e8e	ASV29d__Bacteria;p__Proteobacteria;c__Gammaproteobacteria;o__Enterobacterales;f__Enterobacteriaceae;g__Citrobacter;s__Citrobacter_braakii	0.9998565981436494
f7986967ecb581b5ae9480d61d70e027	ASV14d__Bacteria;p__Proteobacteria;c__Gammaproteobacteria;o__Pseudomonadales;f__Pseudomonadaceae;g__Pseudomonas_E;s__Pseudomonas_E fluorescens_AP	0.9999999997150297
386d085f30e6347a088e71f32bcbcc16	ASV34d__Bacteria;p__Bacteroidota;c__Bacteroidia;o__Flavobacteriales;f__Weeksellaceae;g__Elizabethkingia;s__Elizabethkingia_miricola	0.9999999999846096
0a309a558826dc1fa6d3c55bfe6db8f0	ASV5d__Bacteria;p__Proteobacteria;c__Gammaproteobacteria;o__Burkholderiales;f__Chromobacteriaceae;g__Chromobacterium;s__Chromobacteriumsp002213445	0.9994383990026626
6fd430c1182709ddfc1bc2f90e6dfbf1	ASV14d__Bacteria;p__Proteobacteria;c__Gammaproteobacteria;o__Pseudomonadales;f__Pseudomonadaceae;g__Pseudomonas_E;s__Pseudomonas_E fluorescens_AP	0.9999999998618563
66599c6363d8f604c600b030f383c312	ASV29d__Bacteria;p__Proteobacteria;c__Gammaproteobacteria;o__Enterobacterales;f__Enterobacteriaceae;g__Citrobacter;s__Citrobacter_braakii	0.9998515517648127
c3b535193ab7d51f288439cc44f5cc80	ASV29d__Bacteria;p__Proteobacteria;c__Gammaproteobacteria;o__Enterobacterales;f__Enterobacteriaceae;g__Citrobacter;s__Citrobacter_braakii	0.9993801240834884
24725dafe6073c9a0ccd5d596daa26df	ASV14d__Bacteria;p__Proteobacteria;c__Gammaproteobacteria;o__Pseudomonadales;f__Pseudomonadaceae;g__Pseudomonas_E;s__Pseudomonas_E fluorescens_AP	0.9999999998249365
85d0fecf5db341a504a52be5a3ffcf79	ASV32d__Bacteria;p__Proteobacteria;c__Gammaproteobacteria;o__Burkholderiales;f__Burkholderiaceae;g__Achromobacter;s__	0.9999997250859942
14ac17a521d4e2c85c7e2091de5066c5	ASV14d__Bacteria;p__Proteobacteria;c__Gammaproteobacteria;o__Pseudomonadales;f__Pseudomonadaceae;g__Pseudomonas_E;s__Pseudomonas_E fluorescens_AP	0.9999999999285336
2cdb685aa618466715d483b34286c0f8	ASV29d__Bacteria;p__Proteobacteria;c__Gammaproteobacteria;o__Enterobacterales;f__Enterobacteriaceae;g__Citrobacter;s__Citrobacter_braakii	0.9994786219690228
68d6f36f78a7bca2e255b7f7b0d9a231	ASV29d__Bacteria;p__Proteobacteria;c__Gammaproteobacteria;o__Enterobacterales;f__Enterobacteriaceae;g__Citrobacter;s__Citrobacter_braakii	0.9997971705601023
1a96caaf81fee917c2735298353612a3	ASV34d__Bacteria;p__Bacteroidota;c__Bacteroidia;o__Flavobacteriales;f__Weeksellaceae;g__Elizabethkingia;s__Elizabethkingia_miricola	0.9999999999900382
aa361b828507ea901b14749f4301a98b	ASV29d__Bacteria;p__Proteobacteria;c__Gammaproteobacteria;o__Enterobacterales;f__Enterobacteriaceae;g__Citrobacter;s__Citrobacter_braakii	0.9998703914309824
a5961e3333001e30dd6acebc5e121e86	ASV29d__Bacteria;p__Proteobacteria;c__Gammaproteobacteria;o__Enterobacterales;f__Enterobacteriaceae;g__Citrobacter;s__Citrobacter_braakii	0.9995832572168856
f6fb69ac856ae00e248431d8588215e3	ASV14d__Bacteria;p__Proteobacteria;c__Gammaproteobacteria;o__Pseudomonadales;f__Pseudomonadaceae;g__Pseudomonas_E;s__Pseudomonas_E fluorescens_AP	0.9999999998915996
31023d1f8e19532463a2e8487471fbaa	ASV14d__Bacteria;p__Proteobacteria;c__Gammaproteobacteria;o__Pseudomonadales;f__Pseudomonadaceae;g__Pseudomonas_E;s__Pseudomonas_E fluorescens_AP	0.9999999998812683
8d41bbfb26c5b1de20f91f191385e6d5	ASV34d__Bacteria;p__Bacteroidota;c__Bacteroidia;o__Flavobacteriales;f__Weeksellaceae;g__Elizabethkingia;s__Elizabethkingia_miricola	0.9999999999816254
9db6aaafb1c63dd6c311942a25c07486	ASV29d__Bacteria;p__Proteobacteria;c__Gammaproteobacteria;o__Enterobacterales;f__Enterobacteriaceae;g__Citrobacter;s__Citrobacter_braakii	0.9998079819459309
0b5061d6dc12425150b5f1c3a8338d1b	ASV34d__Bacteria;p__Bacteroidota;c__Bacteroidia;o__Flavobacteriales;f__Weeksellaceae;g__Elizabethkingia;s__Elizabethkingia_miricola	0.9999999999869829
13dfe7bfb580b8f9d65e55dcd2a406ea	Unassigned	0.7443462284241411
aa2ab72a458b7016d4d80dc1a43b7a71	ASV14d__Bacteria;p__Proteobacteria;c__Gammaproteobacteria;o__Pseudomonadales;f__Pseudomonadaceae;g__Pseudomonas_E;s__Pseudomonas_E fluorescens_AP	0.9999999998152447
f7950e065b1a29293c6e50c0acecc0ce	ASV34d__Bacteria;p__Bacteroidota;c__Bacteroidia;o__Flavobacteriales;f__Weeksellaceae;g__Elizabethkingia;s__Elizabethkingia_miricola	0.9999999999923403
dc8df40cfeee4a3f20fc46249bfef2c9	ASV29d__Bacteria;p__Proteobacteria;c__Gammaproteobacteria;o__Enterobacterales;f__Enterobacteriaceae;g__Citrobacter;s__Citrobacter_braakii	0.9997106809862166
c8734dfca77aad0a201dfc9dfaa4c935	ASV5d__Bacteria;p__Proteobacteria;c__Gammaproteobacteria;o__Burkholderiales;f__Chromobacteriaceae;g__Chromobacterium;s__Chromobacteriumsp002213445	0.9986788679355242
d922cd5860b8be401bd94c0083189437	ASV32d__Bacteria;p__Proteobacteria;c__Gammaproteobacteria;o__Burkholderiales;f__Burkholderiaceae;g__Achromobacter;s__	0.9999967668781379
5dbe2038ace1cf0be6d2810c35e9eae9	ASV34d__Bacteria;p__Bacteroidota;c__Bacteroidia;o__Flavobacteriales;f__Weeksellaceae;g__Elizabethkingia;s__Elizabethkingia_miricola	0.9999999999864002
28007c5988b8b964321ed8c417a785c2	ASV14d__Bacteria;p__Proteobacteria;c__Gammaproteobacteria;o__Pseudomonadales;f__Pseudomonadaceae;g__Pseudomonas_E;s__Pseudomonas_E fluorescens_AP	0.9999999999561737
f897d2ab676d05751b70652bd6931bd2	ASV29d__Bacteria;p__Proteobacteria;c__Gammaproteobacteria;o__Enterobacterales;f__Enterobacteriaceae;g__Citrobacter;s__Citrobacter_braakii	0.9998329917885475
5e77aba80aa9dd2339618c488d0859a0	ASV14d__Bacteria;p__Proteobacteria;c__Gammaproteobacteria;o__Pseudomonadales;f__Pseudomonadaceae;g__Pseudomonas_E;s__Pseudomonas_E fluorescens_AP	0.9999999999373017
fa27d930645c5f4ae2fbd886314ff9e5	ASV34d__Bacteria;p__Bacteroidota;c__Bacteroidia;o__Flavobacteriales;f__Weeksellaceae;g__Elizabethkingia;s__Elizabethkingia_miricola	0.9999999999851212
52c2c2b047e5285626c5476d94491c7c	ASV34d__Bacteria;p__Bacteroidota;c__Bacteroidia;o__Flavobacteriales;f__Weeksellaceae;g__Elizabethkingia;s__Elizabethkingia_miricola	0.9999999999608491
1caf1ec4b748e17041711ff2bdf346f9	ASV34d__Bacteria;p__Bacteroidota;c__Bacteroidia;o__Flavobacteriales;f__Weeksellaceae;g__Elizabethkingia;s__Elizabethkingia_miricola	0.9999999999732978
1e6d2fb4d13ac1fa4b7a50687f8147f3	ASV30d__Bacteria;p__Proteobacteria;c__Gammaproteobacteria;o__Enterobacterales;f__Enterobacteriaceae;g__Serratia_A;s__Serratia_Afonticola	0.9990262078599148
d0fabbd0291fc9e633c0a4bec42b6c19	ASV5d__Bacteria;p__Proteobacteria;c__Gammaproteobacteria;o__Burkholderiales;f__Chromobacteriaceae;g__Chromobacterium;s__Chromobacteriumsp002213445	0.9998019889157022
a9e163a2c44d676dc8b18a8e84b97417	ASV34d__Bacteria;p__Bacteroidota;c__Bacteroidia;o__Flavobacteriales;f__Weeksellaceae;g__Elizabethkingia;s__Elizabethkingia_miricola	0.999999999983956
292b2eb11410029665f9da1a80367cce	ASV29d__Bacteria;p__Proteobacteria;c__Gammaproteobacteria;o__Enterobacterales;f__Enterobacteriaceae;g__Citrobacter;s__Citrobacter_braakii	0.9998515465590837
839b2dce061b93f48254946862b4670d	ASV34d__Bacteria;p__Bacteroidota;c__Bacteroidia;o__Flavobacteriales;f__Weeksellaceae;g__Elizabethkingia;s__Elizabethkingia_miricola	0.9999999999895692
5ab5e5436316836b585a1f42576277ce	ASV14d__Bacteria;p__Proteobacteria;c__Gammaproteobacteria;o__Pseudomonadales;f__Pseudomonadaceae;g__Pseudomonas_E;s__Pseudomonas_E fluorescens_AP	0.9999999998595541
a615a792c87a47e3498fe71ca4543cf4	ASV29d__Bacteria;p__Proteobacteria;c__Gammaproteobacteria;o__Enterobacterales;f__Enterobacteriaceae;g__Citrobacter;s__Citrobacter_braakii	0.9998463925244367
280b134ced268b0d31dd866864b90faf	ASV14d__Bacteria;p__Proteobacteria;c__Gammaproteobacteria;o__Pseudomonadales;f__Pseudomonadaceae;g__Pseudomonas_E;s__Pseudomonas_E fluorescens_AP	0.9999999999207603
215cdd551fe7eab750ec04b9ae321798	ASV29d__Bacteria;p__Proteobacteria;c__Gammaproteobacteria;o__Enterobacterales;f__Enterobacteriaceae;g__Citrobacter;s__Citrobacter_braakii	0.9996595517044815
8b69595e8d4e91b33e58497f118f5804	ASV29d__Bacteria;p__Proteobacteria;c__Gammaproteobacteria;o__Enterobacterales;f__Enterobacteriaceae;g__Citrobacter;s__Citrobacter_braakii	0.9996246667434846
9f18f1d763791f3c0efb173ca3502271	ASV29d__Bacteria;p__Proteobacteria;c__Gammaproteobacteria;o__Enterobacterales;f__Enterobacteriaceae;g__Citrobacter;s__Citrobacter_braakii	0.9996228126426607
6a2a7f531677d6d40bb037db12ca8466	ASV29d__Bacteria;p__Proteobacteria;c__Gammaproteobacteria;o__Enterobacterales;f__Enterobacteriaceae;g__Citrobacter;s__Citrobacter_braakii	0.9998519511709422
4a5228868713b5729a86d3761fa4e792	ASV14d__Bacteria;p__Proteobacteria;c__Gammaproteobacteria;o__Pseudomonadales;f__Pseudomonadaceae;g__Pseudomonas_E;s__Pseudomonas_E fluorescens_AP	0.9999999999384102
10a6fa2fc8b6160f139bea27fa37744d	ASV14d__Bacteria;p__Proteobacteria;c__Gammaproteobacteria;o__Pseudomonadales;f__Pseudomonadaceae;g__Pseudomonas_E;s__Pseudomonas_E fluorescens_AP	0.9999999997888551
9d5cca24521218ad9773d85fbd47cc08	ASV34d__Bacteria;p__Bacteroidota;c__Bacteroidia;o__Flavobacteriales;f__Weeksellaceae;g__Elizabethkingia;s__Elizabethkingia_miricola	0.9999999999951683
c8c3e480bb4737a28e3cff66b200f002	ASV34d__Bacteria;p__Bacteroidota;c__Bacteroidia;o__Flavobacteriales;f__Weeksellaceae;g__Elizabethkingia;s__Elizabethkingia_miricola	0.9999999999878355
d7ab687b90305e99b1e23d827a5c4305	ASV29d__Bacteria;p__Proteobacteria;c__Gammaproteobacteria;o__Enterobacterales;f__Enterobacteriaceae;g__Citrobacter;s__Citrobacter_braakii	0.9998732770004419
9b1008dc1ba275a1e1e882f9dc85bd6e	ASV14d__Bacteria;p__Proteobacteria;c__Gammaproteobacteria;o__Pseudomonadales;f__Pseudomonadaceae;g__Pseudomonas_E;s__Pseudomonas_E fluorescens_AP	0.9999999997886277
c1bdbdc61399553eb28662b9f18f2d41	ASV34d__Bacteria;p__Bacteroidota;c__Bacteroidia;o__Flavobacteriales;f__Weeksellaceae;g__Elizabethkingia;s__Elizabethkingia_miricola	0.9999999999885887
b40a197ce6cd24114f2b63c353e49c64	Unassigned	0.6748702351749997
1552f24b265daeebee12ee093cfa0322	ASV14d__Bacteria;p__Proteobacteria;c__Gammaproteobacteria;o__Pseudomonadales;f__Pseudomonadaceae;g__Pseudomonas_E;s__Pseudomonas_E fluorescens_AP	0.999999999924924
35c905de5cfa16f4590b9a7f4d7b98eb	ASV34d__Bacteria;p__Bacteroidota;c__Bacteroidia;o__Flavobacteriales;f__Weeksellaceae;g__Elizabethkingia;s__Elizabethkingia_miricola	0.9999999999926956
492ed3fb62863021795d3a5264c6f409	ASV14d__Bacteria;p__Proteobacteria;c__Gammaproteobacteria;o__Pseudomonadales;f__Pseudomonadaceae;g__Pseudomonas_E;s__Pseudomonas_E fluorescens_AP	0.999999999944535
eb41164cd33e5d2f26ef37fd68165425	ASV14d__Bacteria;p__Proteobacteria;c__Gammaproteobacteria;o__Pseudomonadales;f__Pseudomonadaceae;g__Pseudomonas_E;s__Pseudomonas_E fluorescens_AP	0.9999999998364331
4cf8ef38e6473f6d7a72b92da38f6ffc	ASV30d__Bacteria;p__Proteobacteria;c__Gammaproteobacteria;o__Enterobacterales;f__Enterobacteriaceae;g__Serratia_A;s__Serratia_Afonticola	0.9981001417192055
90f3ee85b529983f52e008c31e57829a	ASV34d__Bacteria;p__Bacteroidota;c__Bacteroidia;o__Flavobacteriales;f__Weeksellaceae;g__Elizabethkingia;s__Elizabethkingia_miricola	0.9999999999910756
dccd75de304ca38934349349aa051803	ASV29d__Bacteria;p__Proteobacteria;c__Gammaproteobacteria;o__Enterobacterales;f__Enterobacteriaceae;g__Citrobacter;s__Citrobacter_braakii	0.9998522875604462
cc513f3570ac4a29a8db2777d611434a	ASV30d__Bacteria;p__Proteobacteria;c__Gammaproteobacteria;o__Enterobacterales;f__Enterobacteriaceae;g__Serratia_A;s__Serratia_Afonticola	0.9988073711670817
197a67fd59332daff58b62dd745d0d5a	ASV14d__Bacteria;p__Proteobacteria;c__Gammaproteobacteria;o__Pseudomonadales;f__Pseudomonadaceae;g__Pseudomonas_E;s__Pseudomonas_E fluorescens_AP	0.9999999997808118
84640e86936549f136becfef66e5d690	ASV34d__Bacteria;p__Bacteroidota;c__Bacteroidia;o__Flavobacteriales;f__Weeksellaceae;g__Elizabethkingia;s__Elizabethkingia_miricola	0.9999999999923972
d24c056674f2cadd0eea67261da84ecf	ASV30d__Bacteria;p__Proteobacteria;c__Gammaproteobacteria;o__Enterobacterales;f__Enterobacteriaceae;g__Serratia_A;s__Serratia_Afonticola	0.9988073689657772
7a082468c9be46460947caeb06e215dc	ASV29d__Bacteria;p__Proteobacteria;c__Gammaproteobacteria;o__Enterobacterales;f__Enterobacteriaceae;g__Citrobacter;s__Citrobacter_braakii	0.9998503989315661
900e35861f09c3804e0a1be638f9e3ad	ASV14d__Bacteria;p__Proteobacteria;c__Gammaproteobacteria;o__Pseudomonadales;f__Pseudomonadaceae;g__Pseudomonas_E;s__Pseudomonas_E fluorescens_AP	0.999999999907061
4fed7f615ca29e470a57c4425e323db5	ASV32d__Bacteria;p__Proteobacteria;c__Gammaproteobacteria;o__Burkholderiales;f__Burkholderiaceae;g__Achromobacter;s__	0.9999995576340678
be1e3f4b0cc2402341fa0d4fab9141bd	ASV29d__Bacteria;p__Proteobacteria;c__Gammaproteobacteria;o__Enterobacterales;f__Enterobacteriaceae;g__Citrobacter;s__Citrobacter_braakii	0.9998056089122923
d429f0760ae8bb5bdb9ab04904893b81	ASV32d__Bacteria;p__Proteobacteria;c__Gammaproteobacteria;o__Burkholderiales;f__Burkholderiaceae;g__Achromobacter;s__	0.9999998304147513
423a1b5235b12ddf057084c696d22a55	Unassigned	0.8226647244937428
d85b7ee1c9b43d6b76f866a416e792ca	ASV14d__Bacteria;p__Proteobacteria;c__Gammaproteobacteria;o__Pseudomonadales;f__Pseudomonadaceae;g__Pseudomonas_E;s__Pseudomonas_E fluorescens_AP	0.9999999996069988
7256be243ade88bb1a9df380ff2fbea1	ASV14d__Bacteria;p__Proteobacteria;c__Gammaproteobacteria;o__Pseudomonadales;f__Pseudomonadaceae;g__Pseudomonas_E;s__Pseudomonas_E fluorescens_AP	0.9999999999381259
fc85ba11d281855d894053a54f73973b	ASV30d__Bacteria;p__Proteobacteria;c__Gammaproteobacteria;o__Enterobacterales;f__Enterobacteriaceae;g__Serratia_A;s__Serratia_Afonticola	0.998228969215457
c53a8aa54ae0f3652674a108ffe002ce	ASV32d__Bacteria;p__Proteobacteria;c__Gammaproteobacteria;o__Burkholderiales;f__Burkholderiaceae;g__Achromobacter;s__	0.99999868184098
b2c53924883506e120c7b344fb7d935c	Unassigned	0.7906087710785807
ae4615671df4dd560afb0453da562a4c	ASV31d__Bacteria;p__Proteobacteria;c__Gammaproteobacteria;o__Burkholderiales;f__Burkholderiaceae;g__Delftia;s__Delftia_acidovorans	0.9993884880225905
10e967913059cbfdd4937361d7397f99	ASV14d__Bacteria;p__Proteobacteria;c__Gammaproteobacteria;o__Pseudomonadales;f__Pseudomonadaceae;g__Pseudomonas_E;s__Pseudomonas_E fluorescens_AP	0.9999999998856453
91e3fe3900b6a2740b7a6a686d4cd4f8	ASV32d__Bacteria;p__Proteobacteria;c__Gammaproteobacteria;o__Burkholderiales;f__Burkholderiaceae;g__Achromobacter;s__	0.9999993469427296
9afeb2761b25530b7bf32dd962bd7d88	ASV32d__Bacteria;p__Proteobacteria;c__Gammaproteobacteria;o__Burkholderiales;f__Burkholderiaceae;g__Achromobacter;s__	0.9999975861937429
ab28b1c78300f7f5de85f6dbf861d3ee	ASV31d__Bacteria;p__Proteobacteria;c__Gammaproteobacteria;o__Burkholderiales;f__Burkholderiaceae;g__Delftia;s__Delftia_acidovorans	0.9995454275405136
fdacb00e8ad30c1b5ac340a89ad3b606	ASV14d__Bacteria;p__Proteobacteria;c__Gammaproteobacteria;o__Pseudomonadales;f__Pseudomonadaceae;g__Pseudomonas_E;s__Pseudomonas_E fluorescens_AP	0.9999999998856168
02f6b2ee6de9170b8c82ef7e8b575e32	ASV34d__Bacteria;p__Bacteroidota;c__Bacteroidia;o__Flavobacteriales;f__Weeksellaceae;g__Elizabethkingia;s__Elizabethkingia_miricola	0.9999999999907487
6405c9462a95b785e63c74eeebd4fbf4	ASV31d__Bacteria;p__Proteobacteria;c__Gammaproteobacteria;o__Burkholderiales;f__Burkholderiaceae;g__Delftia;s__Delftia_acidovorans	0.9996244996350919
c496ce28095f96f431a939c776ab7b65	ASV34d__Bacteria;p__Bacteroidota;c__Bacteroidia;o__Flavobacteriales;f__Weeksellaceae;g__Elizabethkingia;s__Elizabethkingia_miricola	0.9999999999816112
d5c4545bd27126f9cfdc1eb8b038c8ae	ASV31d__Bacteria;p__Proteobacteria;c__Gammaproteobacteria;o__Burkholderiales;f__Burkholderiaceae;g__Delftia;s__Delftia_acidovorans	0.9997341545414762
95432b33dacff79dc53448ab96dc61d2	Unassigned	0.5252119556785806
cebc525fe073987f07235db812a80cb2	ASV29d__Bacteria;p__Proteobacteria;c__Gammaproteobacteria;o__Enterobacterales;f__Enterobacteriaceae;g__Citrobacter;s__Citrobacter_braakii	0.9998485655456953
de3d1418440ac5fe632c1bd26fc3bd09	ASV14d__Bacteria;p__Proteobacteria;c__Gammaproteobacteria;o__Pseudomonadales;f__Pseudomonadaceae;g__Pseudomonas_E;s__Pseudomonas_E fluorescens_AP	0.9999999998105409
8c674866aa0c018de2eaa6471cbc8193	ASV14d__Bacteria;p__Proteobacteria;c__Gammaproteobacteria;o__Pseudomonadales;f__Pseudomonadaceae;g__Pseudomonas_E;s__Pseudomonas_E fluorescens_AP	0.999999999925052
97ef0384472a34187c2b621b972709a7	ASV34d__Bacteria;p__Bacteroidota;c__Bacteroidia;o__Flavobacteriales;f__Weeksellaceae;g__Elizabethkingia;s__Elizabethkingia_miricola	0.9999999999764384
e27a63019b9c4f3a6b99b4f7daa1afa8	ASV32d__Bacteria;p__Proteobacteria;c__Gammaproteobacteria;o__Burkholderiales;f__Burkholderiaceae;g__Achromobacter;s__	0.9999993816570403
1bfbebfd71101798eb9232c993a19722	ASV30d__Bacteria;p__Proteobacteria;c__Gammaproteobacteria;o__Enterobacterales;f__Enterobacteriaceae;g__Serratia_A;s__Serratia_Afonticola	0.9977170763766334
fb643ae4bb8bdf30f0bf8cfa34d0c5b1	ASV29d__Bacteria;p__Proteobacteria;c__Gammaproteobacteria;o__Enterobacterales;f__Enterobacteriaceae;g__Citrobacter;s__Citrobacter_braakii	0.9996790218976079
a66d29f35b6fb6b21a3a89e32759b341	ASV29d__Bacteria;p__Proteobacteria;c__Gammaproteobacteria;o__Enterobacterales;f__Enterobacteriaceae;g__Citrobacter;s__Citrobacter_braakii	0.9995908070807392
c0987bb4c0c3f2d94a66faea5a154c4c	ASV29d__Bacteria;p__Proteobacteria;c__Gammaproteobacteria;o__Enterobacterales;f__Enterobacteriaceae;g__Citrobacter;s__Citrobacter_braakii	0.9998583936854132
71a4f5f6a356df939293f1de27b6406d	Unassigned	0.8420777942235609
295ffe4f1eaf14acd123aa5a2b221bd9	ASV34d__Bacteria;p__Bacteroidota;c__Bacteroidia;o__Flavobacteriales;f__Weeksellaceae;g__Elizabethkingia;s__Elizabethkingia_miricola	0.9999999999915161
e0db2dfd686c28a0812470f9c33b15db	ASV31d__Bacteria;p__Proteobacteria;c__Gammaproteobacteria;o__Burkholderiales;f__Burkholderiaceae;g__Delftia;s__Delftia_acidovorans	0.9996071410943227
fc0021974d75c1942d3b25ebf704fd8d	ASV5d__Bacteria;p__Proteobacteria;c__Gammaproteobacteria;o__Burkholderiales;f__Chromobacteriaceae;g__Chromobacterium;s__Chromobacteriumsp002213445	0.9997436545267235
1371df09c1dfd8af48de4c27808befd7	ASV29d__Bacteria;p__Proteobacteria;c__Gammaproteobacteria;o__Enterobacterales;f__Enterobacteriaceae;g__Citrobacter;s__Citrobacter_braakii	0.9999356009362583
6f8a696a48b0782a788732d993e28041	ASV29d__Bacteria;p__Proteobacteria;c__Gammaproteobacteria;o__Enterobacterales;f__Enterobacteriaceae;g__Citrobacter;s__Citrobacter_braakii	0.9996228211556869
9c561e16c7a9f8640a863d53ce7c89d8	ASV14d__Bacteria;p__Proteobacteria;c__Gammaproteobacteria;o__Pseudomonadales;f__Pseudomonadaceae;g__Pseudomonas_E;s__Pseudomonas_E fluorescens_AP	0.9999999998872369
9717ce5b30033fa3c70929a524008cc7	ASV14d__Bacteria;p__Proteobacteria;c__Gammaproteobacteria;o__Pseudomonadales;f__Pseudomonadaceae;g__Pseudomonas_E;s__Pseudomonas_E fluorescens_AP	0.9999999999272831
ed3710563b01cd7d6fd59c1e85d4553e	ASV34d__Bacteria;p__Bacteroidota;c__Bacteroidia;o__Flavobacteriales;f__Weeksellaceae;g__Elizabethkingia;s__Elizabethkingia_miricola	0.9999999999860449
d05cf942c1114373bc1af6cade2be80a	ASV5d__Bacteria;p__Proteobacteria;c__Gammaproteobacteria;o__Burkholderiales;f__Chromobacteriaceae;g__Chromobacterium;s__Chromobacteriumsp002213445	0.9990299867029178
4dc200a44d674e234b47d0c6e9c8383c	Unassigned	0.718977560138762
16c5899a752f5ea452dd215688b1e258	ASV30d__Bacteria;p__Proteobacteria;c__Gammaproteobacteria;o__Enterobacterales;f__Enterobacteriaceae;g__Serratia_A;s__Serratia_Afonticola	0.9978575813365256
17840c48e84597e49beba69b2bc1ea5b	ASV14d__Bacteria;p__Proteobacteria;c__Gammaproteobacteria;o__Pseudomonadales;f__Pseudomonadaceae;g__Pseudomonas_E;s__Pseudomonas_E fluorescens_AP	0.9999999999427303
735255f84437cfe87df685f0c778a75d	Unassigned	0.889507838168844
c2613ad3639f11e76679083b8385cbca	ASV29d__Bacteria;p__Proteobacteria;c__Gammaproteobacteria;o__Enterobacterales;f__Enterobacteriaceae;g__Citrobacter;s__Citrobacter_braakii	0.9998921811314362
20ce44ab8fec8028abbaa0494436d04b	ASV34d__Bacteria;p__Bacteroidota;c__Bacteroidia;o__Flavobacteriales;f__Weeksellaceae;g__Elizabethkingia;s__Elizabethkingia_miricola	0.9999999999911608
ed6cbf750559439044f63f117e61ca49	ASV29d__Bacteria;p__Proteobacteria;c__Gammaproteobacteria;o__Enterobacterales;f__Enterobacteriaceae;g__Citrobacter;s__Citrobacter_braakii	0.9996171423415137
63d597cfcc5f90d3d333d95c7b648b4c	Unassigned	0.8550534211548109
207e0b7b584edefcd262c668c4d6e4ff	ASV34d__Bacteria;p__Bacteroidota;c__Bacteroidia;o__Flavobacteriales;f__Weeksellaceae;g__Elizabethkingia;s__Elizabethkingia_miricola	0.9999999999787406
fe8793faecc308a86741c72e223b9709	ASV29d__Bacteria;p__Proteobacteria;c__Gammaproteobacteria;o__Enterobacterales;f__Enterobacteriaceae;g__Citrobacter;s__Citrobacter_braakii	0.9997182129574983
385b75cc97a97eb39c51328dc5447dde	ASV29d__Bacteria;p__Proteobacteria;c__Gammaproteobacteria;o__Enterobacterales;f__Enterobacteriaceae;g__Citrobacter;s__Citrobacter_braakii	0.9998252604252107
a2031f1801007051bbe913234ceae572	ASV29d__Bacteria;p__Proteobacteria;c__Gammaproteobacteria;o__Enterobacterales;f__Enterobacteriaceae;g__Citrobacter;s__Citrobacter_braakii	0.9998470574258922
d97574e4f754e3584abe9afa7c4647b2	ASV29d__Bacteria;p__Proteobacteria;c__Gammaproteobacteria;o__Enterobacterales;f__Enterobacteriaceae;g__Citrobacter;s__Citrobacter_braakii	0.9994531015253291
f18600d126f0369f64a8907bd5c02e3d	ASV31d__Bacteria;p__Proteobacteria;c__Gammaproteobacteria;o__Burkholderiales;f__Burkholderiaceae;g__Delftia;s__Delftia_acidovorans	0.9997512737593741
9c8d8c911111829c22a575ae47168afb	ASV32d__Bacteria;p__Proteobacteria;c__Gammaproteobacteria;o__Burkholderiales;f__Burkholderiaceae;g__Achromobacter;s__	0.9999996797326192
84527c73a4e6b4526a432fd4ae63559b	ASV29d__Bacteria;p__Proteobacteria;c__Gammaproteobacteria;o__Enterobacterales;f__Enterobacteriaceae;g__Citrobacter;s__Citrobacter_braakii	0.999874796464349
8e60d7d703eb72eab6983d5c32c464f3	ASV34d__Bacteria;p__Bacteroidota;c__Bacteroidia;o__Flavobacteriales;f__Weeksellaceae;g__Elizabethkingia;s__Elizabethkingia_miricola	0.9999999999811422
22d4773d4993cc77dd267c81f1409191	ASV32d__Bacteria;p__Proteobacteria;c__Gammaproteobacteria;o__Burkholderiales;f__Burkholderiaceae;g__Achromobacter;s__	0.9999927723195727
9d9ba35652fe0486518e72077926736e	ASV34d__Bacteria;p__Bacteroidota;c__Bacteroidia;o__Flavobacteriales;f__Weeksellaceae;g__Elizabethkingia;s__Elizabethkingia_miricola	0.9999999999836433
3919a8b94448578cfbc5fcf3249392d5	ASV14d__Bacteria;p__Proteobacteria;c__Gammaproteobacteria;o__Pseudomonadales;f__Pseudomonadaceae;g__Pseudomonas_E;s__Pseudomonas_E fluorescens_AP	0.999999999853145
42b57ffd26b0ac39d8899091bf674f15	ASV32d__Bacteria;p__Proteobacteria;c__Gammaproteobacteria;o__Burkholderiales;f__Burkholderiaceae;g__Achromobacter;s__	0.9999997626479453
b9def131bc9abf8099c33f948f0d2d88	ASV32d__Bacteria;p__Proteobacteria;c__Gammaproteobacteria;o__Burkholderiales;f__Burkholderiaceae;g__Achromobacter;s__	0.999999776857333
a070ebf86fe7d0bb3af07f9b69a9954a	ASV30d__Bacteria;p__Proteobacteria;c__Gammaproteobacteria;o__Enterobacterales;f__Enterobacteriaceae;g__Serratia_A;s__Serratia_Afonticola	0.9993055293869627
64ffd89bcc103b70136ae11da1afd366	ASV14d__Bacteria;p__Proteobacteria;c__Gammaproteobacteria;o__Pseudomonadales;f__Pseudomonadaceae;g__Pseudomonas_E;s__Pseudomonas_E fluorescens_AP	0.9999999985966213
46236871f683b4423a257a65f51d636a	Unassigned	0.7603472122382187
0c8d0f7feb9977b5c6b7d0c1766ce6ec	ASV5d__Bacteria;p__Proteobacteria;c__Gammaproteobacteria;o__Burkholderiales;f__Chromobacteriaceae;g__Chromobacterium;s__Chromobacteriumsp002213445	0.999825348590973
54cb5c14845805eb1cd2ff1ae523c618	ASV29d__Bacteria;p__Proteobacteria;c__Gammaproteobacteria;o__Enterobacterales;f__Enterobacteriaceae;g__Citrobacter;s__Citrobacter_braakii	0.9998223107444258
4aef14f9145a231adfa94c0f4fea96c5	ASV29d__Bacteria;p__Proteobacteria;c__Gammaproteobacteria;o__Enterobacterales;f__Enterobacteriaceae;g__Citrobacter;s__Citrobacter_braakii	0.9997565042188227
c12c4cbde95c52c94393597ca5289a03	Unassigned	0.5078161451931974
01d454f49b89c7d9d288a48b43a1fb0f	ASV29d__Bacteria;p__Proteobacteria;c__Gammaproteobacteria;o__Enterobacterales;f__Enterobacteriaceae;g__Citrobacter;s__Citrobacter_braakii	0.9998456432442056
4c1d8a376e2732c4289f3e219edd638d	ASV14d__Bacteria;p__Proteobacteria;c__Gammaproteobacteria;o__Pseudomonadales;f__Pseudomonadaceae;g__Pseudomonas_E;s__Pseudomonas_E fluorescens_AP	0.9999999985196695
d8ef5e9a8a1876d3b07a30a74b1246fd	ASV14d__Bacteria;p__Proteobacteria;c__Gammaproteobacteria;o__Pseudomonadales;f__Pseudomonadaceae;g__Pseudomonas_E;s__Pseudomonas_E fluorescens_AP	0.9999999998929496
42759cb2db14f094ec0d66ae108b54e9	ASV29d__Bacteria;p__Proteobacteria;c__Gammaproteobacteria;o__Enterobacterales;f__Enterobacteriaceae;g__Citrobacter;s__Citrobacter_braakii	0.9996410514614413
fc81d139c735adee6438c1b8f7e4d667	ASV32d__Bacteria;p__Proteobacteria;c__Gammaproteobacteria;o__Burkholderiales;f__Burkholderiaceae;g__Achromobacter;s__	0.999999587597969
9fa064578162ff8d2f4fb2d27893f2b3	ASV14d__Bacteria;p__Proteobacteria;c__Gammaproteobacteria;o__Pseudomonadales;f__Pseudomonadaceae;g__Pseudomonas_E;s__Pseudomonas_E fluorescens_AP	0.9999999997698552
4ffd97c87ce00cc11946422f634a12fe	ASV29d__Bacteria;p__Proteobacteria;c__Gammaproteobacteria;o__Enterobacterales;f__Enterobacteriaceae;g__Citrobacter;s__Citrobacter_braakii	0.9998358990742223
145f610e4000f1584e6fe666bc960eb5	ASV14d__Bacteria;p__Proteobacteria;c__Gammaproteobacteria;o__Pseudomonadales;f__Pseudomonadaceae;g__Pseudomonas_E;s__Pseudomonas_E fluorescens_AP	0.9999999996516493
c019c824345f75e334fef148ccc98032	ASV32d__Bacteria;p__Proteobacteria;c__Gammaproteobacteria;o__Burkholderiales;f__Burkholderiaceae;g__Achromobacter;s__	0.9999957884438128
362a08ed3cd43e431a3bac64d3c431a9	ASV32d__Bacteria;p__Proteobacteria;c__Gammaproteobacteria;o__Burkholderiales;f__Burkholderiaceae;g__Achromobacter;s__	0.999999392193601
5a3d74fbd836620c6dc5db4842bdd140	ASV34d__Bacteria;p__Bacteroidota;c__Bacteroidia;o__Flavobacteriales;f__Weeksellaceae;g__Elizabethkingia;s__Elizabethkingia_miricola	0.9999999999898961
101fcfbc17473cda5ac8d6c4bc714c2c	ASV5d__Bacteria;p__Proteobacteria;c__Gammaproteobacteria;o__Burkholderiales;f__Chromobacteriaceae;g__Chromobacterium;s__Chromobacteriumsp002213445	0.9997730002007432
9779cd1d1509badf01a1fcba2cc8d3e4	Unassigned	0.8420933733776589
c091f1bc89d7520b70384684625a25a7	ASV29d__Bacteria;p__Proteobacteria;c__Gammaproteobacteria;o__Enterobacterales;f__Enterobacteriaceae;g__Citrobacter;s__Citrobacter_braakii	0.9998376879627748
63eb621a0bdc9a457c2f7e4e0e2ddf75	Unassigned	0.9083744970626972
28f34ef0fbc87ddf8f454534be6712a5	ASV32d__Bacteria;p__Proteobacteria;c__Gammaproteobacteria;o__Burkholderiales;f__Burkholderiaceae;g__Achromobacter;s__	0.9999990806255247
52d89c006a611062490952beda7c4a6d	Unassigned	0.7112134384282833
023788858e0fbb366d35dcd41180d227	ASV14d__Bacteria;p__Proteobacteria;c__Gammaproteobacteria;o__Pseudomonadales;f__Pseudomonadaceae;g__Pseudomonas_E;s__Pseudomonas_E fluorescens_AP	0.9999999998118057
2f7408b86d64fd26c7be4ba738bcb234	ASV31d__Bacteria;p__Proteobacteria;c__Gammaproteobacteria;o__Burkholderiales;f__Burkholderiaceae;g__Delftia;s__Delftia_acidovorans	0.9997714005050773
47ccef7269a95b2e7e81ca0d58cfa270	ASV14d__Bacteria;p__Proteobacteria;c__Gammaproteobacteria;o__Pseudomonadales;f__Pseudomonadaceae;g__Pseudomonas_E;s__Pseudomonas_E fluorescens_AP	0.9999999997623661
7f4c9b79014b428d4de77879b963fc64	ASV14d__Bacteria;p__Proteobacteria;c__Gammaproteobacteria;o__Pseudomonadales;f__Pseudomonadaceae;g__Pseudomonas_E;s__Pseudomonas_E fluorescens_AP	0.9999999999263025
454a076c9fbd15debd7180c7c4d48ba5	Unassigned	0.4349096731053601
ea9e6e839d548f19fd055d8ec505b866	Unassigned	0.8810006225844474
01b5a7ab74e3c5656438d6fcc0020421	ASV30d__Bacteria;p__Proteobacteria;c__Gammaproteobacteria;o__Enterobacterales;f__Enterobacteriaceae;g__Serratia_A;s__Serratia_Afonticola	0.9985536494489134
9cfe8ec45ec1134503d96a9bf1c5fa21	Unassigned	0.6142106177215261
41627b52e6bce80bdbf8beeb8458cd24	ASV14d__Bacteria;p__Proteobacteria;c__Gammaproteobacteria;o__Pseudomonadales;f__Pseudomonadaceae;g__Pseudomonas_E;s__Pseudomonas_E fluorescens_AP	0.9999999997098001
a90e3484acb5a4b6a8603c9b5180b854	ASV29d__Bacteria;p__Proteobacteria;c__Gammaproteobacteria;o__Enterobacterales;f__Enterobacteriaceae;g__Citrobacter;s__Citrobacter_braakii	0.9997090931037347
52b308997421ecf8bdd2241ec0862ff2	ASV32d__Bacteria;p__Proteobacteria;c__Gammaproteobacteria;o__Burkholderiales;f__Burkholderiaceae;g__Achromobacter;s__	0.9999970578370717
27483979400c3f7ff8adce7d360bae33	ASV32d__Bacteria;p__Proteobacteria;c__Gammaproteobacteria;o__Burkholderiales;f__Burkholderiaceae;g__Achromobacter;s__	0.9999987845726391
7ab57052371340879d28d5da09526e0b	ASV31d__Bacteria;p__Proteobacteria;c__Gammaproteobacteria;o__Burkholderiales;f__Burkholderiaceae;g__Delftia;s__Delftia_acidovorans	0.9991210920094945
e3513ab5d03e98d6b77172ba0efa366e	ASV29d__Bacteria;p__Proteobacteria;c__Gammaproteobacteria;o__Enterobacterales;f__Enterobacteriaceae;g__Citrobacter;s__Citrobacter_braakii	0.9997969416168548
ec5d00264d82a02f1cdbc3637844ca79	ASV5d__Bacteria;p__Proteobacteria;c__Gammaproteobacteria;o__Burkholderiales;f__Chromobacteriaceae;g__Chromobacterium;s__Chromobacteriumsp002213445	0.9998421664940444
b9fcaeebf17d6012a7e668af9124fa69	ASV32d__Bacteria;p__Proteobacteria;c__Gammaproteobacteria;o__Burkholderiales;f__Burkholderiaceae;g__Achromobacter;s__	0.9999998170369818
3fe4e14ff6bdb24205811694e871bf48	ASV5d__Bacteria;p__Proteobacteria;c__Gammaproteobacteria;o__Burkholderiales;f__Chromobacteriaceae;g__Chromobacterium;s__Chromobacteriumsp002213445	0.9997743093967075
f8b97c942a037c37d43921099397983c	ASV14d__Bacteria;p__Proteobacteria;c__Gammaproteobacteria;o__Pseudomonadales;f__Pseudomonadaceae;g__Pseudomonas_E;s__Pseudomonas_E fluorescens_AP	0.9999999998418616
7823fc6f7c51ef80ed6c5637d1a4a115	ASV29d__Bacteria;p__Proteobacteria;c__Gammaproteobacteria;o__Enterobacterales;f__Enterobacteriaceae;g__Citrobacter;s__Citrobacter_braakii	0.9998562472870304
1e0c694930eef8f7613ed3763ac1a250	ASV29d__Bacteria;p__Proteobacteria;c__Gammaproteobacteria;o__Enterobacterales;f__Enterobacteriaceae;g__Citrobacter;s__Citrobacter_braakii	0.9998412776329146
df7661557501610247fb76453a5837a0	ASV5d__Bacteria;p__Proteobacteria;c__Gammaproteobacteria;o__Burkholderiales;f__Chromobacteriaceae;g__Chromobacterium;s__Chromobacteriumsp002213445	0.9998062199509656
82f6b7d15ffd954b65cb108b84aaf7d5	ASV29d__Bacteria;p__Proteobacteria;c__Gammaproteobacteria;o__Enterobacterales;f__Enterobacteriaceae;g__Citrobacter;s__Citrobacter_braakii	0.999715493633994
e43c2583432b6feca69546e413679072	ASV32d__Bacteria;p__Proteobacteria;c__Gammaproteobacteria;o__Burkholderiales;f__Burkholderiaceae;g__Achromobacter;s__	0.9999997760796016
00cffd75312e6702058f46c2323ac3df	ASV5d__Bacteria;p__Proteobacteria;c__Gammaproteobacteria;o__Burkholderiales;f__Chromobacteriaceae;g__Chromobacterium;s__Chromobacteriumsp002213445	0.9998018980765832
07ec90ef59a90c2043d178cd505abe9a	ASV14d__Bacteria;p__Proteobacteria;c__Gammaproteobacteria;o__Pseudomonadales;f__Pseudomonadaceae;g__Pseudomonas_E;s__Pseudomonas_E fluorescens_AP	0.9999999999200071
fa0aa7d5cdf6a6011c5dc149be41d786	ASV29d__Bacteria;p__Proteobacteria;c__Gammaproteobacteria;o__Enterobacterales;f__Enterobacteriaceae;g__Citrobacter;s__Citrobacter_braakii	0.999485042066752
381210b209167e5a90f4839b9d40385b	ASV32d__Bacteria;p__Proteobacteria;c__Gammaproteobacteria;o__Burkholderiales;f__Burkholderiaceae;g__Achromobacter;s__	0.9999996105755619
97f11abb9d794a8c31d4c69e4c85b6ec	ASV29d__Bacteria;p__Proteobacteria;c__Gammaproteobacteria;o__Enterobacterales;f__Enterobacteriaceae;g__Citrobacter;s__Citrobacter_braakii	0.9998451397964426
b1045b42c1274c788f15892da947f149	ASV32d__Bacteria;p__Proteobacteria;c__Gammaproteobacteria;o__Burkholderiales;f__Burkholderiaceae;g__Achromobacter;s__	0.9999990748116988
a799104b256e8a54d52cbd7b6e30dc53	ASV32d__Bacteria;p__Proteobacteria;c__Gammaproteobacteria;o__Burkholderiales;f__Burkholderiaceae;g__Achromobacter;s__	0.9999995766839235
04ee7911b05b2fcc16d0d51cd1d88f74	ASV31d__Bacteria;p__Proteobacteria;c__Gammaproteobacteria;o__Burkholderiales;f__Burkholderiaceae;g__Delftia;s__Delftia_acidovorans	0.9997831329214945
57a12407c4b40949c8bc870af80af6ad	ASV5d__Bacteria;p__Proteobacteria;c__Gammaproteobacteria;o__Burkholderiales;f__Chromobacteriaceae;g__Chromobacterium;s__Chromobacteriumsp002213445	0.9995789033839191
46c952e4f907bae71cffe9a5c12d3ab6	ASV5d__Bacteria;p__Proteobacteria;c__Gammaproteobacteria;o__Burkholderiales;f__Chromobacteriaceae;g__Chromobacterium;s__Chromobacteriumsp002213445	0.9998482697390201
c1e0dd8d60763071f49a5675ba694193	ASV31d__Bacteria;p__Proteobacteria;c__Gammaproteobacteria;o__Burkholderiales;f__Burkholderiaceae;g__Delftia;s__Delftia_acidovorans	0.9994546910513696
4db6b2ed9dc16f6365ea3a0215a4a719	ASV31d__Bacteria;p__Proteobacteria;c__Gammaproteobacteria;o__Burkholderiales;f__Burkholderiaceae;g__Delftia;s__Delftia_acidovorans	0.999730286445549
12c546dc0301520683a88d4b1218a6d9	ASV31d__Bacteria;p__Proteobacteria;c__Gammaproteobacteria;o__Burkholderiales;f__Burkholderiaceae;g__Delftia;s__Delftia_acidovorans	0.9995433820477315
7f03fbeb013a5d8b5ff46a64570a3a59	ASV14d__Bacteria;p__Proteobacteria;c__Gammaproteobacteria;o__Pseudomonadales;f__Pseudomonadaceae;g__Pseudomonas_E;s__Pseudomonas_E fluorescens_AP	0.9999999998387921
31863571085940b51869b2ec22ad01e6	ASV31d__Bacteria;p__Proteobacteria;c__Gammaproteobacteria;o__Burkholderiales;f__Burkholderiaceae;g__Delftia;s__Delftia_acidovorans	0.9998209852551807
1430d2a4c48a3154157b307b57073eee	ASV32d__Bacteria;p__Proteobacteria;c__Gammaproteobacteria;o__Burkholderiales;f__Burkholderiaceae;g__Achromobacter;s__	0.999999577884797
ccaabeb3b6e1b9aa145cc4d3c5f429ca	ASV34d__Bacteria;p__Bacteroidota;c__Bacteroidia;o__Flavobacteriales;f__Weeksellaceae;g__Elizabethkingia;s__Elizabethkingia_miricola	0.9999999999888161
d93288b5ec9e48c433d59301723b2b99	ASV5d__Bacteria;p__Proteobacteria;c__Gammaproteobacteria;o__Burkholderiales;f__Chromobacteriaceae;g__Chromobacterium;s__Chromobacteriumsp002213445	0.9995960328316886
be7a0d6e39e59303aa6e69702d35aef7	ASV29d__Bacteria;p__Proteobacteria;c__Gammaproteobacteria;o__Enterobacterales;f__Enterobacteriaceae;g__Citrobacter;s__Citrobacter_braakii	0.9998573142571638
a1099748a24d1a8f8317fab916598dfd	ASV29d__Bacteria;p__Proteobacteria;c__Gammaproteobacteria;o__Enterobacterales;f__Enterobacteriaceae;g__Citrobacter;s__Citrobacter_braakii	0.9998341648129992
ab12f0e986611406aaeb37865ec87387	ASV29d__Bacteria;p__Proteobacteria;c__Gammaproteobacteria;o__Enterobacterales;f__Enterobacteriaceae;g__Citrobacter;s__Citrobacter_braakii	0.9998235279417326
c301f700dd7175a9194a56cb70aa8544	Unassigned	0.8179389241244506
9d6aeef0c47127d27a4fc07d8e633119	ASV29d__Bacteria;p__Proteobacteria;c__Gammaproteobacteria;o__Enterobacterales;f__Enterobacteriaceae;g__Citrobacter;s__Citrobacter_braakii	0.9996061296451159
8fa66922cd4f100a27f249e2b006c2af	Unassigned	0.6792914058819941
96c6fe6563f81a40e2a6a662a3a5eb63	ASV32d__Bacteria;p__Proteobacteria;c__Gammaproteobacteria;o__Burkholderiales;f__Burkholderiaceae;g__Achromobacter;s__	0.9999991796538933
be13d42bc150bdf7443f838754398ac2	ASV5d__Bacteria;p__Proteobacteria;c__Gammaproteobacteria;o__Burkholderiales;f__Chromobacteriaceae;g__Chromobacterium;s__Chromobacteriumsp002213445	0.9997318460204585
b1a172346b17fda0bef8f232945df1d5	ASV5d__Bacteria;p__Proteobacteria;c__Gammaproteobacteria;o__Burkholderiales;f__Chromobacteriaceae;g__Chromobacterium;s__Chromobacteriumsp002213445	0.9998764147523107
472110f7146c0ec0048f72e48f0c4742	ASV29d__Bacteria;p__Proteobacteria;c__Gammaproteobacteria;o__Enterobacterales;f__Enterobacteriaceae;g__Citrobacter;s__Citrobacter_braakii	0.9996256338608447
ada4ee36ab54135f7497c199e2feb0d3	ASV32d__Bacteria;p__Proteobacteria;c__Gammaproteobacteria;o__Burkholderiales;f__Burkholderiaceae;g__Achromobacter;s__	0.9999995838731777
7ec3e3122b8272c2f89ae802ea04c215	ASV34d__Bacteria;p__Bacteroidota;c__Bacteroidia;o__Flavobacteriales;f__Weeksellaceae;g__Elizabethkingia;s__Elizabethkingia_miricola	0.9999999999909335
4732e44ec6cf0e8f62b369790b78f759	ASV5d__Bacteria;p__Proteobacteria;c__Gammaproteobacteria;o__Burkholderiales;f__Chromobacteriaceae;g__Chromobacterium;s__Chromobacteriumsp002213445	0.9997731383702702
c341c7001f8efbf8d48feba85f86b368	ASV29d__Bacteria;p__Proteobacteria;c__Gammaproteobacteria;o__Enterobacterales;f__Enterobacteriaceae;g__Citrobacter;s__Citrobacter_braakii	0.9998796912940684
d2706e6f8b794fc79216e345a7b6bfa6	Unassigned	0.9034773867621129
f762d62ec90865ee374b0ef8eb2c0519	ASV29d__Bacteria;p__Proteobacteria;c__Gammaproteobacteria;o__Enterobacterales;f__Enterobacteriaceae;g__Citrobacter;s__Citrobacter_braakii	0.9998522697936622
f407705def6cdeb8e69bd6d6c1814ae0	Unassigned	0.8497031423946475
b087182fce867717007363d6102d1198	ASV32d__Bacteria;p__Proteobacteria;c__Gammaproteobacteria;o__Burkholderiales;f__Burkholderiaceae;g__Achromobacter;s__	0.9999937576874631
23ea4819f2588c80091785352847733e	ASV5d__Bacteria;p__Proteobacteria;c__Gammaproteobacteria;o__Burkholderiales;f__Chromobacteriaceae;g__Chromobacterium;s__Chromobacteriumsp002213445	0.9997551395868884
15de348c13c34554c0b5382de1556b0c	ASV14d__Bacteria;p__Proteobacteria;c__Gammaproteobacteria;o__Pseudomonadales;f__Pseudomonadaceae;g__Pseudomonas_E;s__Pseudomonas_E fluorescens_AP	0.9999999996793605
dc6943087ffc62c8d3ce861f0d2d9f9a	ASV29d__Bacteria;p__Proteobacteria;c__Gammaproteobacteria;o__Enterobacterales;f__Enterobacteriaceae;g__Citrobacter;s__Citrobacter_braakii	0.9998522900285497
2b2815204198ddb6c54e0ba4e77c7cff	ASV32d__Bacteria;p__Proteobacteria;c__Gammaproteobacteria;o__Burkholderiales;f__Burkholderiaceae;g__Achromobacter;s__	0.9999995812646627
62497437e50ee6e8fb1be4894ed934c4	ASV34d__Bacteria;p__Bacteroidota;c__Bacteroidia;o__Flavobacteriales;f__Weeksellaceae;g__Elizabethkingia;s__Elizabethkingia_miricola	0.9999999999900098
c10860e58afdc0e75b60c48b9f302f27	ASV31d__Bacteria;p__Proteobacteria;c__Gammaproteobacteria;o__Burkholderiales;f__Burkholderiaceae;g__Delftia;s__Delftia_acidovorans	0.9995002555586479
d02a39d95ca26bedee3cc0b7124a6697	Unassigned	0.8281486037528608
a917f7a75332ebcb957df85a82ff48c7	ASV32d__Bacteria;p__Proteobacteria;c__Gammaproteobacteria;o__Burkholderiales;f__Burkholderiaceae;g__Achromobacter;s__	0.999999569389097
488a10e6d5f35dbe75ca4dc45699d4ea	ASV14d__Bacteria;p__Proteobacteria;c__Gammaproteobacteria;o__Pseudomonadales;f__Pseudomonadaceae;g__Pseudomonas_E;s__Pseudomonas_E fluorescens_AP	0.999999999932399
0e62c2f1313c87f990a939b360a4a52e	ASV32d__Bacteria;p__Proteobacteria;c__Gammaproteobacteria;o__Burkholderiales;f__Burkholderiaceae;g__Achromobacter;s__	0.9999917998159861
edf700028d6dabbcc7a0262042209bed	Unassigned	0.725658200058084
c9753d5d4f312484b8f9ebc9b621f63a	Unassigned	0.8062310671877682
7c3576a4cddaed431e81a88543f5f113	ASV5d__Bacteria;p__Proteobacteria;c__Gammaproteobacteria;o__Burkholderiales;f__Chromobacteriaceae;g__Chromobacterium;s__Chromobacteriumsp002213445	0.9998055111802865
ccdde871c33900df45c271a801faf16b	ASV5d__Bacteria;p__Proteobacteria;c__Gammaproteobacteria;o__Burkholderiales;f__Chromobacteriaceae;g__Chromobacterium;s__Chromobacteriumsp002213445	0.9998057055288162
d999346d426de3497f5a49acce4b4a7a	ASV34d__Bacteria;p__Bacteroidota;c__Bacteroidia;o__Flavobacteriales;f__Weeksellaceae;g__Elizabethkingia;s__Elizabethkingia_miricola	0.999999999972772
b89b653a0ad8a6e44fe9597854fb94f4	ASV14d__Bacteria;p__Proteobacteria;c__Gammaproteobacteria;o__Pseudomonadales;f__Pseudomonadaceae;g__Pseudomonas_E;s__Pseudomonas_E fluorescens_AP	0.9999999998217106
8899bd3faf8808f51783f36bb5414dae	ASV31d__Bacteria;p__Proteobacteria;c__Gammaproteobacteria;o__Burkholderiales;f__Burkholderiaceae;g__Delftia;s__Delftia_acidovorans	0.9997204625372019
f22dfa72a7e46d42b6e03596e02432c2	ASV31d__Bacteria;p__Proteobacteria;c__Gammaproteobacteria;o__Burkholderiales;f__Burkholderiaceae;g__Delftia;s__Delftia_acidovorans	0.9997347334770551
5b6b5e1a49a3bdf383dba2a4601fe8da	ASV5d__Bacteria;p__Proteobacteria;c__Gammaproteobacteria;o__Burkholderiales;f__Chromobacteriaceae;g__Chromobacterium;s__Chromobacteriumsp002213445	0.9997997973236322
7f415b96b983718e2f7356a65d416681	ASV31d__Bacteria;p__Proteobacteria;c__Gammaproteobacteria;o__Burkholderiales;f__Burkholderiaceae;g__Delftia;s__Delftia_acidovorans	0.9996300676569086
c7379fd01fa196023004d3352c7ee0b4	ASV31d__Bacteria;p__Proteobacteria;c__Gammaproteobacteria;o__Burkholderiales;f__Burkholderiaceae;g__Delftia;s__Delftia_acidovorans	0.9997285886393017
0af22138fcae5562c0c1ef9a911f0963	ASV5d__Bacteria;p__Proteobacteria;c__Gammaproteobacteria;o__Burkholderiales;f__Chromobacteriaceae;g__Chromobacterium;s__Chromobacteriumsp002213445	0.9993451615465724
21b65d7758a89016cfcaa0d2f42ba620	Unassigned	0.7551660416313122
623b29f5c4965a6f590ea72ab7ef4ed2	ASV5d__Bacteria;p__Proteobacteria;c__Gammaproteobacteria;o__Burkholderiales;f__Chromobacteriaceae;g__Chromobacterium;s__Chromobacteriumsp002213445	0.9998199832207896
99f8661e4bad44adc2c186016b827854	ASV34d__Bacteria;p__Bacteroidota;c__Bacteroidia;o__Flavobacteriales;f__Weeksellaceae;g__Elizabethkingia;s__Elizabethkingia_miricola	0.9999999999914593
4279e2b4fab986419270434a5a0bd5ae	ASV5d__Bacteria;p__Proteobacteria;c__Gammaproteobacteria;o__Burkholderiales;f__Chromobacteriaceae;g__Chromobacterium;s__Chromobacteriumsp002213445	0.9997534428804634
1dcf5d6710c1c4610038f19d06e8149f	ASV29d__Bacteria;p__Proteobacteria;c__Gammaproteobacteria;o__Enterobacterales;f__Enterobacteriaceae;g__Citrobacter;s__Citrobacter_braakii	0.9998168290473626
2959b58c721567401bfdc1859d3b0f93	Unassigned	0.879585153416578
fcffef4f8a6c5bc7909b01d1435f42ae	Unassigned	0.7344918511733463
d56f693c2bbca0146b42b06399c82383	ASV5d__Bacteria;p__Proteobacteria;c__Gammaproteobacteria;o__Burkholderiales;f__Chromobacteriaceae;g__Chromobacterium;s__Chromobacteriumsp002213445	0.9997997039277255
c3d3242a06794eeac52f05a598861db6	ASV5d__Bacteria;p__Proteobacteria;c__Gammaproteobacteria;o__Burkholderiales;f__Chromobacteriaceae;g__Chromobacterium;s__Chromobacteriumsp002213445	0.9985190186823292
7815666402b337a49d0dd0157f2d017c	ASV31d__Bacteria;p__Proteobacteria;c__Gammaproteobacteria;o__Burkholderiales;f__Burkholderiaceae;g__Delftia;s__Delftia_acidovorans	0.9998272916530253
cab62ea084ef791329120d4a821448ba	ASV14d__Bacteria;p__Proteobacteria;c__Gammaproteobacteria;o__Pseudomonadales;f__Pseudomonadaceae;g__Pseudomonas_E;s__Pseudomonas_E fluorescens_AP	0.9999999999049578
f9da8586c6a9b323b3475e51df3fc5e2	ASV5d__Bacteria;p__Proteobacteria;c__Gammaproteobacteria;o__Burkholderiales;f__Chromobacteriaceae;g__Chromobacterium;s__Chromobacteriumsp002213445	0.9997679328507482
6474aa9acf359392b85c695619b69032	ASV5d__Bacteria;p__Proteobacteria;c__Gammaproteobacteria;o__Burkholderiales;f__Chromobacteriaceae;g__Chromobacterium;s__Chromobacteriumsp002213445	0.9998056102888576
488cd263b952f6721f221cc7b74b856b	ASV5d__Bacteria;p__Proteobacteria;c__Gammaproteobacteria;o__Burkholderiales;f__Chromobacteriaceae;g__Chromobacterium;s__Chromobacteriumsp002213445	0.999776966418536
775758577c16ab21375fe44fc76818ec	ASV30d__Bacteria;p__Proteobacteria;c__Gammaproteobacteria;o__Enterobacterales;f__Enterobacteriaceae;g__Serratia_A;s__Serratia_Afonticola	0.9989191470920945
8a134c11e58b85dff734a8ac2e8fa522	ASV34d__Bacteria;p__Bacteroidota;c__Bacteroidia;o__Flavobacteriales;f__Weeksellaceae;g__Elizabethkingia;s__Elizabethkingia_miricola	0.9999999999816396
c812aabf4b0bc3e52f5506d863a42b53	Unassigned	0.8346470933383457
8ce04ca5528e9c0e9342b4bc1a62cf2d	ASV29d__Bacteria;p__Proteobacteria;c__Gammaproteobacteria;o__Enterobacterales;f__Enterobacteriaceae;g__Citrobacter;s__Citrobacter_braakii	0.9998140846089872
0c535024ceb920e73db0642c9cfe09dd	ASV29d__Bacteria;p__Proteobacteria;c__Gammaproteobacteria;o__Enterobacterales;f__Enterobacteriaceae;g__Citrobacter;s__Citrobacter_braakii	0.9998823408226296
c664f2b5d96151eb59ee03db13cfac0c	Unassigned	0.7872296593139396
3b20aaf95d7967ba7c880b4ff5e6da49	ASV29d__Bacteria;p__Proteobacteria;c__Gammaproteobacteria;o__Enterobacterales;f__Enterobacteriaceae;g__Citrobacter;s__Citrobacter_braakii	0.9998583688038123
4b4355e9fe5b1c71867eae8081cdf6ff	ASV32d__Bacteria;p__Proteobacteria;c__Gammaproteobacteria;o__Burkholderiales;f__Burkholderiaceae;g__Achromobacter;s__	0.9999997338429479
d6a7472fd0d415bd09084aa361c64402	ASV29d__Bacteria;p__Proteobacteria;c__Gammaproteobacteria;o__Enterobacterales;f__Enterobacteriaceae;g__Citrobacter;s__Citrobacter_braakii	0.9994125480587507
ee91b8710b920af6e2a572e339bd2e4f	ASV5d__Bacteria;p__Proteobacteria;c__Gammaproteobacteria;o__Burkholderiales;f__Chromobacteriaceae;g__Chromobacterium;s__Chromobacteriumsp002213445	0.9998141642749505
0386b279d5148509528918e1709bb9bc	ASV14d__Bacteria;p__Proteobacteria;c__Gammaproteobacteria;o__Pseudomonadales;f__Pseudomonadaceae;g__Pseudomonas_E;s__Pseudomonas_E fluorescens_AP	0.999999999872415
d58b89edac2a2d927c6b7e6297bccf8d	ASV29d__Bacteria;p__Proteobacteria;c__Gammaproteobacteria;o__Enterobacterales;f__Enterobacteriaceae;g__Citrobacter;s__Citrobacter_braakii	0.9998175280525144
322b88f8f23ca44b86c79dabb4d5f2e8	ASV17d__Bacteria;p__Bacteroidota;c__Bacteroidia;o__Sphingobacteriales;f__Sphingobacteriaceae;g__Pedobacter;s__	0.9610690386349784
b806a18dce3dc88291076375c438168c	ASV31d__Bacteria;p__Proteobacteria;c__Gammaproteobacteria;o__Burkholderiales;f__Burkholderiaceae;g__Delftia;s__Delftia_acidovorans	0.999741489949344
546c763e7a501653193e457111c05485	ASV5d__Bacteria;p__Proteobacteria;c__Gammaproteobacteria;o__Burkholderiales;f__Chromobacteriaceae;g__Chromobacterium;s__Chromobacteriumsp002213445	0.9975868230255114
b6f81cbbc007abec836113f71e4ee037	ASV29d__Bacteria;p__Proteobacteria;c__Gammaproteobacteria;o__Enterobacterales;f__Enterobacteriaceae;g__Citrobacter;s__Citrobacter_braakii	0.9998041266200391
be551d6d7e9b9f86084bcb63abf93d7a	ASV5d__Bacteria;p__Proteobacteria;c__Gammaproteobacteria;o__Burkholderiales;f__Chromobacteriaceae;g__Chromobacterium;s__Chromobacteriumsp002213445	0.9997910276410544
2578344eb6d23508ca45b553e3f629c3	ASV31d__Bacteria;p__Proteobacteria;c__Gammaproteobacteria;o__Burkholderiales;f__Burkholderiaceae;g__Delftia;s__Delftia_acidovorans	0.9996728629619598
6eac7f1346be8ef2363c3b4ce1f1073b	ASV29d__Bacteria;p__Proteobacteria;c__Gammaproteobacteria;o__Enterobacterales;f__Enterobacteriaceae;g__Citrobacter;s__Citrobacter_braakii	0.9998697692704223
109f464f58308b920c3ab1efeb287a01	ASV31d__Bacteria;p__Proteobacteria;c__Gammaproteobacteria;o__Burkholderiales;f__Burkholderiaceae;g__Delftia;s__Delftia_acidovorans	0.9997427259372544
75986cca2622c1e9f64aa09a35de3c5c	ASV5d__Bacteria;p__Proteobacteria;c__Gammaproteobacteria;o__Burkholderiales;f__Chromobacteriaceae;g__Chromobacterium;s__Chromobacteriumsp002213445	0.9997759573042365
bf8cbb477375ecc15bd8fb8667e0a7ce	ASV5d__Bacteria;p__Proteobacteria;c__Gammaproteobacteria;o__Burkholderiales;f__Chromobacteriaceae;g__Chromobacterium;s__Chromobacteriumsp002213445	0.9997759198544791
166e60db59a050340f8fca6067136129	Unassigned	0.8135424037820993
75bbb23a7280dd75d51fbd0ff771bc1e	ASV14d__Bacteria;p__Proteobacteria;c__Gammaproteobacteria;o__Pseudomonadales;f__Pseudomonadaceae;g__Pseudomonas_E;s__Pseudomonas_E fluorescens_AP	0.9999999999266578
fa0d71ff8e16ce4b32927adf7963610d	Unassigned	0.6194414962667357
551fba0ef9522efffd41fa309572bfed	ASV29d__Bacteria;p__Proteobacteria;c__Gammaproteobacteria;o__Enterobacterales;f__Enterobacteriaceae;g__Citrobacter;s__Citrobacter_braakii	0.9996133366518429
0ad8a7a3e4eabf92f590f2623392a220	ASV29d__Bacteria;p__Proteobacteria;c__Gammaproteobacteria;o__Enterobacterales;f__Enterobacteriaceae;g__Citrobacter;s__Citrobacter_braakii	0.999851544942981
a419099e6713286491ca04500c58714c	ASV5d__Bacteria;p__Proteobacteria;c__Gammaproteobacteria;o__Burkholderiales;f__Chromobacteriaceae;g__Chromobacterium;s__Chromobacteriumsp002213445	0.9998053857110166
de75f2c37ccbe8b315ab560ae83f9aa9	ASV34d__Bacteria;p__Bacteroidota;c__Bacteroidia;o__Flavobacteriales;f__Weeksellaceae;g__Elizabethkingia;s__Elizabethkingia_miricola	0.999999999992454
c6ad27f789c8857e593098679b3820cf	ASV30d__Bacteria;p__Proteobacteria;c__Gammaproteobacteria;o__Enterobacterales;f__Enterobacteriaceae;g__Serratia_A;s__Serratia_Afonticola	0.9982202854768208
884d90032585b43c15c68e65b27e065a	ASV29d__Bacteria;p__Proteobacteria;c__Gammaproteobacteria;o__Enterobacterales;f__Enterobacteriaceae;g__Citrobacter;s__Citrobacter_braakii	0.999605396623813
933c68f3e5f8832e255000e2c2f1257c	ASV29d__Bacteria;p__Proteobacteria;c__Gammaproteobacteria;o__Enterobacterales;f__Enterobacteriaceae;g__Citrobacter;s__Citrobacter_braakii	0.9994874865023882
5a7b179b1b45f0fe2282f260bf073f60	X391_Actinobacteria;Actinomycetales;Microbacteriaceae;Leifsonia	0.9999608105314064
905cb18e0ad3c549c394d76736db94b4	Unassigned	0.6711097007780674
6e16ad8397f8eac86a353dd76fbdecb9	ASV5d__Bacteria;p__Proteobacteria;c__Gammaproteobacteria;o__Burkholderiales;f__Chromobacteriaceae;g__Chromobacterium;s__Chromobacteriumsp002213445	0.9998424251485559
cbbf1e8d9aeba6ad9f7e7d981bba9968	ASV14d__Bacteria;p__Proteobacteria;c__Gammaproteobacteria;o__Pseudomonadales;f__Pseudomonadaceae;g__Pseudomonas_E;s__Pseudomonas_E fluorescens_AP	0.9999999998445475
7af641981555aa3c1be8356e091e23cf	ASV14d__Bacteria;p__Proteobacteria;c__Gammaproteobacteria;o__Pseudomonadales;f__Pseudomonadaceae;g__Pseudomonas_E;s__Pseudomonas_E fluorescens_AP	0.999999999954639
5a9732a96d7a5523c213ecd780fca8cb	ASV34d__Bacteria;p__Bacteroidota;c__Bacteroidia;o__Flavobacteriales;f__Weeksellaceae;g__Elizabethkingia;s__Elizabethkingia_miricola	0.9999999999787406
1f1b8f541e6426d2935d194fe6ee2961	Unassigned	0.7790080373960449
dec57593fe432fd7222111e5a95845a7	ASV17d__Bacteria;p__Bacteroidota;c__Bacteroidia;o__Sphingobacteriales;f__Sphingobacteriaceae;g__Pedobacter;s__	0.898770313282217
9eff3e85206fbbbeeb1c5451d79b5c4f	ASV29d__Bacteria;p__Proteobacteria;c__Gammaproteobacteria;o__Enterobacterales;f__Enterobacteriaceae;g__Citrobacter;s__Citrobacter_braakii	0.9998840859841612
94095f7f8ec5c6f65e0b8855b121a133	ASV14d__Bacteria;p__Proteobacteria;c__Gammaproteobacteria;o__Pseudomonadales;f__Pseudomonadaceae;g__Pseudomonas_E;s__Pseudomonas_E fluorescens_AP	0.9999999995964401
6bcacff3c5fef55220830452445568f8	ASV5d__Bacteria;p__Proteobacteria;c__Gammaproteobacteria;o__Burkholderiales;f__Chromobacteriaceae;g__Chromobacterium;s__Chromobacteriumsp002213445	0.9998137559391664
f6403a6100dedeb8178c774c1e58ef1f	ASV14d__Bacteria;p__Proteobacteria;c__Gammaproteobacteria;o__Pseudomonadales;f__Pseudomonadaceae;g__Pseudomonas_E;s__Pseudomonas_E fluorescens_AP	0.9999999999280931
8c0f63784ec41365a2490c4cd51183b3	Unassigned	0.8080528565184512
063a254b85aa0810ec993eb1bcc08396	ASV32d__Bacteria;p__Proteobacteria;c__Gammaproteobacteria;o__Burkholderiales;f__Burkholderiaceae;g__Achromobacter;s__	0.9999971026233591
d68abc572a93f705d2fb22778b6815c5	Unassigned	0.8291666471708234
5f3044182f90b3553f472d454c5266f6	ASV5d__Bacteria;p__Proteobacteria;c__Gammaproteobacteria;o__Burkholderiales;f__Chromobacteriaceae;g__Chromobacterium;s__Chromobacteriumsp002213445	0.9998008798026093
b973851c9324fc3a3d7228ae3367775c	ASV32d__Bacteria;p__Proteobacteria;c__Gammaproteobacteria;o__Burkholderiales;f__Burkholderiaceae;g__Achromobacter;s__	0.9999996265212148
0c4c97216ec467e0f8c08136e3b33c60	ASV29d__Bacteria;p__Proteobacteria;c__Gammaproteobacteria;o__Enterobacterales;f__Enterobacteriaceae;g__Citrobacter;s__Citrobacter_braakii	0.9998451743739132
816f2c14c84bdca912ac0d5534f0fef8	ASV32d__Bacteria;p__Proteobacteria;c__Gammaproteobacteria;o__Burkholderiales;f__Burkholderiaceae;g__Achromobacter;s__	0.9999995312945164
456215bd118b3681d9f0ab373ebefd3c	ASV29d__Bacteria;p__Proteobacteria;c__Gammaproteobacteria;o__Enterobacterales;f__Enterobacteriaceae;g__Citrobacter;s__Citrobacter_braakii	0.9998408037651773
24444aea3c451998ce1093643f0cd003	ASV29d__Bacteria;p__Proteobacteria;c__Gammaproteobacteria;o__Enterobacterales;f__Enterobacteriaceae;g__Citrobacter;s__Citrobacter_braakii	0.9996209571400424
dd9c03e38abf7346111935800b199882	ASV14d__Bacteria;p__Proteobacteria;c__Gammaproteobacteria;o__Pseudomonadales;f__Pseudomonadaceae;g__Pseudomonas_E;s__Pseudomonas_E fluorescens_AP	0.9999999998654232
af7a03ac961eaa4db99982415aee1621	Unassigned	0.805334790993072
4975a83abf07b9c4685bab0ce816ed11	ASV32d__Bacteria;p__Proteobacteria;c__Gammaproteobacteria;o__Burkholderiales;f__Burkholderiaceae;g__Achromobacter;s__	0.9999995643983607
e9dc24a5045acac4e6f396ca7b2508be	ASV14d__Bacteria;p__Proteobacteria;c__Gammaproteobacteria;o__Pseudomonadales;f__Pseudomonadaceae;g__Pseudomonas_E;s__Pseudomonas_E fluorescens_AP	0.9999999999345306
9ab71591c9e567c11f312d847cf44af6	ASV5d__Bacteria;p__Proteobacteria;c__Gammaproteobacteria;o__Burkholderiales;f__Chromobacteriaceae;g__Chromobacterium;s__Chromobacteriumsp002213445	0.9997031587547401
1ef595bb68b0d3500dcf916fb4a2b60b	ASV34d__Bacteria;p__Bacteroidota;c__Bacteroidia;o__Flavobacteriales;f__Weeksellaceae;g__Elizabethkingia;s__Elizabethkingia_miricola	0.9999999999929372
25c730b5c08ab4baddf8b9cbe2d5f08e	ASV32d__Bacteria;p__Proteobacteria;c__Gammaproteobacteria;o__Burkholderiales;f__Burkholderiaceae;g__Achromobacter;s__	0.9999997770669431
35c0d0124966924051e739c984b69ea2	ASV29d__Bacteria;p__Proteobacteria;c__Gammaproteobacteria;o__Enterobacterales;f__Enterobacteriaceae;g__Citrobacter;s__Citrobacter_braakii	0.9998558840537118
96c2fdcf660959a7324cdc754c56c1d7	ASV5d__Bacteria;p__Proteobacteria;c__Gammaproteobacteria;o__Burkholderiales;f__Chromobacteriaceae;g__Chromobacterium;s__Chromobacteriumsp002213445	0.9998257963489161
bbc6db343e4e81d58f130ab614aa7042	ASV9d__Bacteria;p__Proteobacteria;c__Alphaproteobacteria;o__Caulobacterales;f__Caulobacteraceae;g__Brevundimonas;s__	0.9999999898104903
91d449c534dbb846f2ca4ef3ee350f0d	ASV32d__Bacteria;p__Proteobacteria;c__Gammaproteobacteria;o__Burkholderiales;f__Burkholderiaceae;g__Achromobacter;s__	0.9999993899744211
3c6940501bd888bdd922eb2838e3cab7	ASV29d__Bacteria;p__Proteobacteria;c__Gammaproteobacteria;o__Enterobacterales;f__Enterobacteriaceae;g__Citrobacter;s__Citrobacter_braakii	0.9997060878396704
dd5ce4c45b659b8e1ba22f22dffc63aa	ASV29d__Bacteria;p__Proteobacteria;c__Gammaproteobacteria;o__Enterobacterales;f__Enterobacteriaceae;g__Citrobacter;s__Citrobacter_braakii	0.999851519585103
8f9b00ed0d2c030435ab7b9e5a66335a	ASV32d__Bacteria;p__Proteobacteria;c__Gammaproteobacteria;o__Burkholderiales;f__Burkholderiaceae;g__Achromobacter;s__	0.9999997326656784
15e9be34e3785d6d910d3d7df5323ee3	ASV31d__Bacteria;p__Proteobacteria;c__Gammaproteobacteria;o__Burkholderiales;f__Burkholderiaceae;g__Delftia;s__Delftia_acidovorans	0.999783904492699
d27eae1d0611a9226114bc723345a0ed	ASV29d__Bacteria;p__Proteobacteria;c__Gammaproteobacteria;o__Enterobacterales;f__Enterobacteriaceae;g__Citrobacter;s__Citrobacter_braakii	0.9998788619195191
1b4612648a6100d0189f978068546a25	ASV32d__Bacteria;p__Proteobacteria;c__Gammaproteobacteria;o__Burkholderiales;f__Burkholderiaceae;g__Achromobacter;s__	0.9999990768425986
08e98ee6ac1ec37f7b00c591ecd3e021	ASV32d__Bacteria;p__Proteobacteria;c__Gammaproteobacteria;o__Burkholderiales;f__Burkholderiaceae;g__Achromobacter;s__	0.9999990509024129
b30b22234f5902f73ef4960f50112191	ASV29d__Bacteria;p__Proteobacteria;c__Gammaproteobacteria;o__Enterobacterales;f__Enterobacteriaceae;g__Citrobacter;s__Citrobacter_braakii	0.9994786226146831
df2f5c7447b2a9f55a55f14aacc29bd0	ASV5d__Bacteria;p__Proteobacteria;c__Gammaproteobacteria;o__Burkholderiales;f__Chromobacteriaceae;g__Chromobacterium;s__Chromobacteriumsp002213445	0.9997563405538292
92a3f06e9ea7815f05af75ac1c6df06a	ASV14d__Bacteria;p__Proteobacteria;c__Gammaproteobacteria;o__Pseudomonadales;f__Pseudomonadaceae;g__Pseudomonas_E;s__Pseudomonas_E fluorescens_AP	0.9999999999306795
2868525ba9566efd97e995d336242b25	ASV34d__Bacteria;p__Bacteroidota;c__Bacteroidia;o__Flavobacteriales;f__Weeksellaceae;g__Elizabethkingia;s__Elizabethkingia_miricola	0.9999999999792379
4738d0f3c2aefce49c3139b8d6a0ebd0	Unassigned	0.7667977157318403
28f3ff9b7ef591ed8720db1c8dae4346	ASV14d__Bacteria;p__Proteobacteria;c__Gammaproteobacteria;o__Pseudomonadales;f__Pseudomonadaceae;g__Pseudomonas_E;s__Pseudomonas_E fluorescens_AP	0.9999999998966445
49b939008c5ed8c925222c36aa7846d3	ASV29d__Bacteria;p__Proteobacteria;c__Gammaproteobacteria;o__Enterobacterales;f__Enterobacteriaceae;g__Citrobacter;s__Citrobacter_braakii	0.9998569573276846
4e1d53ff99d7da9478fa760318d70617	Unassigned	0.8594309867259244
40745674c31d99ade0f5258bfc0555c3	Unassigned	0.5418100420061359
e476fbb17c5129cfe9693b7ba27eb1f0	ASV5d__Bacteria;p__Proteobacteria;c__Gammaproteobacteria;o__Burkholderiales;f__Chromobacteriaceae;g__Chromobacterium;s__Chromobacteriumsp002213445	0.9996353578319099
d66553f27b5eab2f911b0bdb8cc7ca5b	ASV14d__Bacteria;p__Proteobacteria;c__Gammaproteobacteria;o__Pseudomonadales;f__Pseudomonadaceae;g__Pseudomonas_E;s__Pseudomonas_E fluorescens_AP	0.9999999999216556
241d22ba0384f041b288832a1b67c0d4	ASV31d__Bacteria;p__Proteobacteria;c__Gammaproteobacteria;o__Burkholderiales;f__Burkholderiaceae;g__Delftia;s__Delftia_acidovorans	0.9995928770322948
42ffbee25db0e52d2fc675a63512e5a9	ASV5d__Bacteria;p__Proteobacteria;c__Gammaproteobacteria;o__Burkholderiales;f__Chromobacteriaceae;g__Chromobacterium;s__Chromobacteriumsp002213445	0.9998582616332577
dbb8c5e80ba1ed4c5d0ded1a6f5c1b72	ASV29d__Bacteria;p__Proteobacteria;c__Gammaproteobacteria;o__Enterobacterales;f__Enterobacteriaceae;g__Citrobacter;s__Citrobacter_braakii	0.9996090088745329
6dc0b4bf153e071177077ecee32a631d	Unassigned	0.7826552202980743
00a7853185c94322fe13276fbaea866d	ASV29d__Bacteria;p__Proteobacteria;c__Gammaproteobacteria;o__Enterobacterales;f__Enterobacteriaceae;g__Citrobacter;s__Citrobacter_braakii	0.9998329471273273
cefb8809b1cf4819e43484d08a0cdb5a	ASV31d__Bacteria;p__Proteobacteria;c__Gammaproteobacteria;o__Burkholderiales;f__Burkholderiaceae;g__Delftia;s__Delftia_acidovorans	0.9997877105604364
a7c11d1f5c540315753666e2721ee002	ASV31d__Bacteria;p__Proteobacteria;c__Gammaproteobacteria;o__Burkholderiales;f__Burkholderiaceae;g__Delftia;s__Delftia_acidovorans	0.9997785378020597
be0f3de53c341c8d9936d7c425110a84	ASV9d__Bacteria;p__Proteobacteria;c__Alphaproteobacteria;o__Caulobacterales;f__Caulobacteraceae;g__Brevundimonas;s__	0.9999999943349422
9d43e127d9f6da47334efcaa95e3e3d9	ASV32d__Bacteria;p__Proteobacteria;c__Gammaproteobacteria;o__Burkholderiales;f__Burkholderiaceae;g__Achromobacter;s__	0.9999993385913
ccf3292e3cceef1d5ef72a057ae0ba82	ASV14d__Bacteria;p__Proteobacteria;c__Gammaproteobacteria;o__Pseudomonadales;f__Pseudomonadaceae;g__Pseudomonas_E;s__Pseudomonas_E fluorescens_AP	0.9999999999444782
3d8b6d91f467c561338fc2a4a31187e0	ASV31d__Bacteria;p__Proteobacteria;c__Gammaproteobacteria;o__Burkholderiales;f__Burkholderiaceae;g__Delftia;s__Delftia_acidovorans	0.9995764492132329
6ef99cc63afce8aa96b5c51b4c47077b	ASV5d__Bacteria;p__Proteobacteria;c__Gammaproteobacteria;o__Burkholderiales;f__Chromobacteriaceae;g__Chromobacterium;s__Chromobacteriumsp002213445	0.9992608205968696
17b4af1a8c451f46269dc4d14568d52c	ASV31d__Bacteria;p__Proteobacteria;c__Gammaproteobacteria;o__Burkholderiales;f__Burkholderiaceae;g__Delftia;s__Delftia_acidovorans	0.999796128694694
cfd97197dc82b72c923e069c865d0ab6	ASV31d__Bacteria;p__Proteobacteria;c__Gammaproteobacteria;o__Burkholderiales;f__Burkholderiaceae;g__Delftia;s__Delftia_acidovorans	0.9998003111145912
c91d53f43514feec3d1c8d3a48259d02	ASV29d__Bacteria;p__Proteobacteria;c__Gammaproteobacteria;o__Enterobacterales;f__Enterobacteriaceae;g__Citrobacter;s__Citrobacter_braakii	0.9998159263761136
cbf5836a88727e2ff582403be33e05af	ASV29d__Bacteria;p__Proteobacteria;c__Gammaproteobacteria;o__Enterobacterales;f__Enterobacteriaceae;g__Citrobacter;s__Citrobacter_braakii	0.9999056046598921
e6532d4980b0e9de33ef92d20938a51c	ASV32d__Bacteria;p__Proteobacteria;c__Gammaproteobacteria;o__Burkholderiales;f__Burkholderiaceae;g__Achromobacter;s__	0.9999875775839026
2a97c85890f1b03f442bc2c4dab78eb0	X391_Actinobacteria;Actinomycetales;Microbacteriaceae;Leifsonia	0.9999999999998579
147e4c2e1b9f68f84d3ab0250b11caea	Unassigned	0.7538855710989798
4664bcb280676c6a47b882a6db2fdad4	ASV31d__Bacteria;p__Proteobacteria;c__Gammaproteobacteria;o__Burkholderiales;f__Burkholderiaceae;g__Delftia;s__Delftia_acidovorans	0.9997686675316534
aa519e462d0fd00cf128a8cf665beda2	ASV5d__Bacteria;p__Proteobacteria;c__Gammaproteobacteria;o__Burkholderiales;f__Chromobacteriaceae;g__Chromobacterium;s__Chromobacteriumsp002213445	0.9997372610201588
eeff01f67af53cef40cf31ecb530f71e	ASV29d__Bacteria;p__Proteobacteria;c__Gammaproteobacteria;o__Enterobacterales;f__Enterobacteriaceae;g__Citrobacter;s__Citrobacter_braakii	0.9997781683719951
4a7f91d5a9e1ef8b807c4b0ebd904286	ASV16d__Bacteria;p__Proteobacteria;c__Gammaproteobacteria;o__Burkholderiales;f__Chromobacteriaceae;g__Aquitalea;s__	0.9932760097076468
45baa4c4d45f3c857350118e9b08bb94	ASV5d__Bacteria;p__Proteobacteria;c__Gammaproteobacteria;o__Burkholderiales;f__Chromobacteriaceae;g__Chromobacterium;s__Chromobacteriumsp002213445	0.9988256490946308
78101d3d787167ce3daaabe8844f96b0	ASV32d__Bacteria;p__Proteobacteria;c__Gammaproteobacteria;o__Burkholderiales;f__Burkholderiaceae;g__Achromobacter;s__	0.9999996647551648
41ce36d1cf8cb4c6c0526efc3b4abdc8	ASV14d__Bacteria;p__Proteobacteria;c__Gammaproteobacteria;o__Pseudomonadales;f__Pseudomonadaceae;g__Pseudomonas_E;s__Pseudomonas_E fluorescens_AP	0.999999999869317
d908a2997e3e8072d92a727303e85f47	ASV14d__Bacteria;p__Proteobacteria;c__Gammaproteobacteria;o__Pseudomonadales;f__Pseudomonadaceae;g__Pseudomonas_E;s__Pseudomonas_E fluorescens_AP	0.9999999999420766
9b442020a310e7adf268b3e6ea5efe9a	Unassigned	0.8175703874034576
9310db5daf0731bbdef6fa1a2b09780c	ASV29d__Bacteria;p__Proteobacteria;c__Gammaproteobacteria;o__Enterobacterales;f__Enterobacteriaceae;g__Citrobacter;s__Citrobacter_braakii	0.9997528928439613
fad6d5f7f2ff2a90a5046e40dd258000	ASV14d__Bacteria;p__Proteobacteria;c__Gammaproteobacteria;o__Pseudomonadales;f__Pseudomonadaceae;g__Pseudomonas_E;s__Pseudomonas_E fluorescens_AP	0.9999999998346993
30578b6bd02001a044405c999d5b0db8	Unassigned	0.7767800766345082
43fb725327750c606e87f688584ad673	ASV29d__Bacteria;p__Proteobacteria;c__Gammaproteobacteria;o__Enterobacterales;f__Enterobacteriaceae;g__Citrobacter;s__Citrobacter_braakii	0.9995891226410607
0891c096f3f37af79cf9b0b369c81ea0	Unassigned	0.8270089456086314
b64428caa613e1f722f59261e0757dfd	ASV34d__Bacteria;p__Bacteroidota;c__Bacteroidia;o__Flavobacteriales;f__Weeksellaceae;g__Elizabethkingia;s__Elizabethkingia_miricola	0.9999999999927383
af3cf884a4eb77c474aec263a3eae345	ASV14d__Bacteria;p__Proteobacteria;c__Gammaproteobacteria;o__Pseudomonadales;f__Pseudomonadaceae;g__Pseudomonas_E;s__Pseudomonas_E fluorescens_AP	0.9999999998727702
67a9cf8bada546cea5e005498c2a97ad	Unassigned	0.8147426016527222
307f5f0a3794d5dce265e3ef0e422173	ASV10d__Bacteria;p__Proteobacteria;c__Gammaproteobacteria;o__Burkholderiales;f__Burkholderiaceae;g__Comamonas_B;s__	0.995649657409343
3101a077b62a9938a7f5e8cf5d453e2a	ASV5d__Bacteria;p__Proteobacteria;c__Gammaproteobacteria;o__Burkholderiales;f__Chromobacteriaceae;g__Chromobacterium;s__Chromobacteriumsp002213445	0.9998203243428234
11a05d53a07d7f24f75bf3f7ad212e7d	ASV29d__Bacteria;p__Proteobacteria;c__Gammaproteobacteria;o__Enterobacterales;f__Enterobacteriaceae;g__Citrobacter;s__Citrobacter_braakii	0.9998177168156676
5fc1a4affb13325d5bf420ab72228cc5	ASV14d__Bacteria;p__Proteobacteria;c__Gammaproteobacteria;o__Pseudomonadales;f__Pseudomonadaceae;g__Pseudomonas_E;s__Pseudomonas_E fluorescens_AP	0.9999999997922515
7cb9e3654963197eb10e90dbdfe6551e	Unassigned	0.8420088961000052
893ec76bd072b67c1bf2af67e42cc554	ASV29d__Bacteria;p__Proteobacteria;c__Gammaproteobacteria;o__Enterobacterales;f__Enterobacteriaceae;g__Citrobacter;s__Citrobacter_braakii	0.9998098932037648
d80e56b57564a696aefcfe61a36bf765	ASV31d__Bacteria;p__Proteobacteria;c__Gammaproteobacteria;o__Burkholderiales;f__Burkholderiaceae;g__Delftia;s__Delftia_acidovorans	0.9997441522512818
4827af22396ce22b945adc31a5ee5a46	ASV29d__Bacteria;p__Proteobacteria;c__Gammaproteobacteria;o__Enterobacterales;f__Enterobacteriaceae;g__Citrobacter;s__Citrobacter_braakii	0.999852729551608
d1e01c348345be5fa1975471bb0eb33e	ASV31d__Bacteria;p__Proteobacteria;c__Gammaproteobacteria;o__Burkholderiales;f__Burkholderiaceae;g__Delftia;s__Delftia_acidovorans	0.9998203933620651
0c4296e67cbcd6e11df8069647b33435	ASV34d__Bacteria;p__Bacteroidota;c__Bacteroidia;o__Flavobacteriales;f__Weeksellaceae;g__Elizabethkingia;s__Elizabethkingia_miricola	0.9999999999843538
09682188a9d1f300e16a11bd24ccd74d	Unassigned	0.6531250882373756
e114f89e0c99b7147f81b653e1d9f611	ASV14d__Bacteria;p__Proteobacteria;c__Gammaproteobacteria;o__Pseudomonadales;f__Pseudomonadaceae;g__Pseudomonas_E;s__Pseudomonas_E fluorescens_AP	0.999999999899913
b79422631bfa7bba6d2af307f7be4444	ASV16d__Bacteria;p__Proteobacteria;c__Gammaproteobacteria;o__Burkholderiales;f__Chromobacteriaceae;g__Aquitalea;s__	0.9918470662628999
597bf6c0fee9254220de1d77fd5ff262	ASV34d__Bacteria;p__Bacteroidota;c__Bacteroidia;o__Flavobacteriales;f__Weeksellaceae;g__Elizabethkingia;s__Elizabethkingia_miricola	0.9999999999909477
175e789b0d5639b126a3d3aa9f463742	ASV31d__Bacteria;p__Proteobacteria;c__Gammaproteobacteria;o__Burkholderiales;f__Burkholderiaceae;g__Delftia;s__Delftia_acidovorans	0.9997332864727941
5ef9181929535d925dda8b74c4218ca7	ASV30d__Bacteria;p__Proteobacteria;c__Gammaproteobacteria;o__Enterobacterales;f__Enterobacteriaceae;g__Serratia_A;s__Serratia_Afonticola	0.9981758048693501
fec0322b4ab2c6d975abba796658c1ae	ASV14d__Bacteria;p__Proteobacteria;c__Gammaproteobacteria;o__Pseudomonadales;f__Pseudomonadaceae;g__Pseudomonas_E;s__Pseudomonas_E fluorescens_AP	0.9999999998773177
f2efd1279bd8ffd820b229cd63a25ed9	ASV5d__Bacteria;p__Proteobacteria;c__Gammaproteobacteria;o__Burkholderiales;f__Chromobacteriaceae;g__Chromobacterium;s__Chromobacteriumsp002213445	0.9997249097346609
e3a20fd2852e7022e2e92c93c76c377d	ASV31d__Bacteria;p__Proteobacteria;c__Gammaproteobacteria;o__Burkholderiales;f__Burkholderiaceae;g__Delftia;s__Delftia_acidovorans	0.9997751393679926
665b295ec1463cc80797ea22c24b4fc4	ASV32d__Bacteria;p__Proteobacteria;c__Gammaproteobacteria;o__Burkholderiales;f__Burkholderiaceae;g__Achromobacter;s__	0.9999995633106765
2509b4b5769d707ca7ac9e07a93a99d1	ASV30d__Bacteria;p__Proteobacteria;c__Gammaproteobacteria;o__Enterobacterales;f__Enterobacteriaceae;g__Serratia_A;s__Serratia_Afonticola	0.9982721547884338
4521019adc980db41511ab8ff9cc2554	Unassigned	0.8614371493225101
f076df2ab087ba09ab4f5f596dee55a8	ASV29d__Bacteria;p__Proteobacteria;c__Gammaproteobacteria;o__Enterobacterales;f__Enterobacteriaceae;g__Citrobacter;s__Citrobacter_braakii	0.999858368522875
ed7eb8a0ebb7f329411c9aab18c3c12f	ASV14d__Bacteria;p__Proteobacteria;c__Gammaproteobacteria;o__Pseudomonadales;f__Pseudomonadaceae;g__Pseudomonas_E;s__Pseudomonas_E fluorescens_AP	0.999999999961446
c9ae7e0d154bcd23444df34c4b26e755	ASV17d__Bacteria;p__Bacteroidota;c__Bacteroidia;o__Sphingobacteriales;f__Sphingobacteriaceae;g__Pedobacter;s__	0.9662640250744926
4ce4310624bf85d272f6c856153975e4	ASV29d__Bacteria;p__Proteobacteria;c__Gammaproteobacteria;o__Enterobacterales;f__Enterobacteriaceae;g__Citrobacter;s__Citrobacter_braakii	0.9988644471428927
0dc68c22dfabd23d4f2294fa5a9b859e	ASV17d__Bacteria;p__Bacteroidota;c__Bacteroidia;o__Sphingobacteriales;f__Sphingobacteriaceae;g__Pedobacter;s__	0.9100408573006206
fd04a1ea645b5f3e1059f80dc4200f9f	ASV30d__Bacteria;p__Proteobacteria;c__Gammaproteobacteria;o__Enterobacterales;f__Enterobacteriaceae;g__Serratia_A;s__Serratia_Afonticola	0.9982961903435912
015882f0830c100776a23038bcb3f186	ASV32d__Bacteria;p__Proteobacteria;c__Gammaproteobacteria;o__Burkholderiales;f__Burkholderiaceae;g__Achromobacter;s__	0.9999921547628579
9bdf46258440215f1cca1c7ea4ad17ff	ASV34d__Bacteria;p__Bacteroidota;c__Bacteroidia;o__Flavobacteriales;f__Weeksellaceae;g__Elizabethkingia;s__Elizabethkingia_miricola	0.9999999999817248
f156f09f7deb8c52b7711f55cda3981f	ASV14d__Bacteria;p__Proteobacteria;c__Gammaproteobacteria;o__Pseudomonadales;f__Pseudomonadaceae;g__Pseudomonas_E;s__Pseudomonas_E fluorescens_AP	0.9999999998911591
a2d8f7c321576d7280749d2430aa454a	ASV34d__Bacteria;p__Bacteroidota;c__Bacteroidia;o__Flavobacteriales;f__Weeksellaceae;g__Elizabethkingia;s__Elizabethkingia_miricola	0.9999999999800053
1d3c65a3b5440575e82594c93a6c659b	ASV14d__Bacteria;p__Proteobacteria;c__Gammaproteobacteria;o__Pseudomonadales;f__Pseudomonadaceae;g__Pseudomonas_E;s__Pseudomonas_E fluorescens_AP	0.9999999998433537
90f6d28b3a8d9cf6ae29ee16d13dac8b	ASV29d__Bacteria;p__Proteobacteria;c__Gammaproteobacteria;o__Enterobacterales;f__Enterobacteriaceae;g__Citrobacter;s__Citrobacter_braakii	0.9996228234776035
949584d3df4c2bb2c88098f0060923b1	ASV31d__Bacteria;p__Proteobacteria;c__Gammaproteobacteria;o__Burkholderiales;f__Burkholderiaceae;g__Delftia;s__Delftia_acidovorans	0.9998239357972727
8805c52c90b2b87fcf7a764a0ae657fd	ASV29d__Bacteria;p__Proteobacteria;c__Gammaproteobacteria;o__Enterobacterales;f__Enterobacteriaceae;g__Citrobacter;s__Citrobacter_braakii	0.9997654241589647
f6b84ee2be8115397a3925c25cc116e8	ASV14d__Bacteria;p__Proteobacteria;c__Gammaproteobacteria;o__Pseudomonadales;f__Pseudomonadaceae;g__Pseudomonas_E;s__Pseudomonas_E fluorescens_AP	0.9999999998976818
08f914784dcaf63cee63029a21f32f51	ASV14d__Bacteria;p__Proteobacteria;c__Gammaproteobacteria;o__Pseudomonadales;f__Pseudomonadaceae;g__Pseudomonas_E;s__Pseudomonas_E fluorescens_AP	0.9999999999413802
b56af7ac8913120fa42e931ad9e52b52	ASV7d__Bacteria;p__Proteobacteria;c__Gammaproteobacteria;o__Burkholderiales;f__Burkholderiaceae;g__Herbaspirillum;s__	0.9991754210561714
e2f9c155cb3bda94e786e8b51d3adba0	ASV14d__Bacteria;p__Proteobacteria;c__Gammaproteobacteria;o__Pseudomonadales;f__Pseudomonadaceae;g__Pseudomonas_E;s__Pseudomonas_E fluorescens_AP	0.9999999999044462
256a3f4956def03262bf1985ce97e19f	ASV29d__Bacteria;p__Proteobacteria;c__Gammaproteobacteria;o__Enterobacterales;f__Enterobacteriaceae;g__Citrobacter;s__Citrobacter_braakii	0.9997792622150687
da5b91202599f57075deb1ce4e56ddb7	Unassigned	0.8476767700694934
ff9c5a5ad77dc271c91387e80a9c0ec2	ASV31d__Bacteria;p__Proteobacteria;c__Gammaproteobacteria;o__Burkholderiales;f__Burkholderiaceae;g__Delftia;s__Delftia_acidovorans	0.9997344474006316
d1bb4cf0857bca1edf363cdedaebad47	ASV34d__Bacteria;p__Bacteroidota;c__Bacteroidia;o__Flavobacteriales;f__Weeksellaceae;g__Elizabethkingia;s__Elizabethkingia_miricola	0.9999999999814975
e431a8800a20c1feca882da49a04f047	ASV5d__Bacteria;p__Proteobacteria;c__Gammaproteobacteria;o__Burkholderiales;f__Chromobacteriaceae;g__Chromobacterium;s__Chromobacteriumsp002213445	0.9996411643738784
710dc373b5162dd61b5b96c06a569144	Unassigned	0.3730431810883069
e004308b2a4ba0cb26d769781af942b0	Unassigned	0.7962427257262888
101531779b62ad1a6402065344e3c410	ASV34d__Bacteria;p__Bacteroidota;c__Bacteroidia;o__Flavobacteriales;f__Weeksellaceae;g__Elizabethkingia;s__Elizabethkingia_miricola	0.999999999941295
96c4023814af709a2ebde169eddd6324	ASV16d__Bacteria;p__Proteobacteria;c__Gammaproteobacteria;o__Burkholderiales;f__Chromobacteriaceae;g__Aquitalea;s__	0.9933971621066008
f50efa2420b925351aa2994572af7d54	ASV34d__Bacteria;p__Bacteroidota;c__Bacteroidia;o__Flavobacteriales;f__Weeksellaceae;g__Elizabethkingia;s__Elizabethkingia_miricola	0.9999999999923403
b513bd0e8773533f4766b9adc32b8282	Unassigned	0.5973805808902064
7c5cba687730c2a5f32097ff58a7795c	ASV31d__Bacteria;p__Proteobacteria;c__Gammaproteobacteria;o__Burkholderiales;f__Burkholderiaceae;g__Delftia;s__Delftia_acidovorans	0.9997788930546686
a543eca79f57138fb36cea90ff074dc5	ASV32d__Bacteria;p__Proteobacteria;c__Gammaproteobacteria;o__Burkholderiales;f__Burkholderiaceae;g__Achromobacter;s__	0.9999997661043654
7cd9023706c1a0566e73c929d68a7dcc	Unassigned	0.7708385299145031
bfd6959cd5415e7cc33e07e7d329007b	ASV32d__Bacteria;p__Proteobacteria;c__Gammaproteobacteria;o__Burkholderiales;f__Burkholderiaceae;g__Achromobacter;s__	0.9999997736609857
aae2178c1750d9da2e48ac4e687239d2	ASV32d__Bacteria;p__Proteobacteria;c__Gammaproteobacteria;o__Burkholderiales;f__Burkholderiaceae;g__Achromobacter;s__	0.9999992714001945
c7e9bcd729d8bfc35b3b907e9fb0deb8	ASV31d__Bacteria;p__Proteobacteria;c__Gammaproteobacteria;o__Burkholderiales;f__Burkholderiaceae;g__Delftia;s__Delftia_acidovorans	0.9996484226406553
64515139a2c5b3fff2b4d08556a4b4b5	ASV29d__Bacteria;p__Proteobacteria;c__Gammaproteobacteria;o__Enterobacterales;f__Enterobacteriaceae;g__Citrobacter;s__Citrobacter_braakii	0.999857646316853
b6a4040025a619d12ac28784175b8ecd	ASV14d__Bacteria;p__Proteobacteria;c__Gammaproteobacteria;o__Pseudomonadales;f__Pseudomonadaceae;g__Pseudomonas_E;s__Pseudomonas_E fluorescens_AP	0.9999999998849631
fbc061f4b88d126ae20349b734cc7fea	ASV32d__Bacteria;p__Proteobacteria;c__Gammaproteobacteria;o__Burkholderiales;f__Burkholderiaceae;g__Achromobacter;s__	0.9999956405080139
7304bee3f2bcef9aad0214097ca3162b	ASV7d__Bacteria;p__Proteobacteria;c__Gammaproteobacteria;o__Burkholderiales;f__Burkholderiaceae;g__Herbaspirillum;s__	0.9992129929060791
0b34f9adb6e3efb2c901e9da56be00c7	ASV22d__Bacteria;p__Proteobacteria;c__Gammaproteobacteria;o__Burkholderiales;f__Burkholderiaceae;g__Paraburkholderia_B;s__	0.9990608353674756
d25083144cd73b3ce7bcc1c722f4fe4c	ASV34d__Bacteria;p__Bacteroidota;c__Bacteroidia;o__Flavobacteriales;f__Weeksellaceae;g__Elizabethkingia;s__Elizabethkingia_miricola	0.9999999997905462
d7c488cde11e28566f311b42d5fc6845	ASV32d__Bacteria;p__Proteobacteria;c__Gammaproteobacteria;o__Burkholderiales;f__Burkholderiaceae;g__Achromobacter;s__	0.9999991464400698
e711f09075d71d335cff6f9337ed62d9	Unassigned	0.8011275646468451
9d9d53a7aaa37de44274ce57dc510295	ASV34d__Bacteria;p__Bacteroidota;c__Bacteroidia;o__Flavobacteriales;f__Weeksellaceae;g__Elizabethkingia;s__Elizabethkingia_miricola	0.9999999999835865
60b8ddd357c4aaba6fe2870b6a92fccb	Unassigned	0.8581900522919906
16c62ca0af57c6c88f6088c831da6616	Unassigned	0.8540458970247515
a468845703ebe9e067dcd3ed3a4ba3c5	ASV17d__Bacteria;p__Bacteroidota;c__Bacteroidia;o__Sphingobacteriales;f__Sphingobacteriaceae;g__Pedobacter;s__	0.9172595283624915
97da20026036670df43b0bc6ce30decf	ASV31d__Bacteria;p__Proteobacteria;c__Gammaproteobacteria;o__Burkholderiales;f__Burkholderiaceae;g__Delftia;s__Delftia_acidovorans	0.9998196833715874
5d5a990e56b5c89ac4f8bcf0125f09a4	ASV14d__Bacteria;p__Proteobacteria;c__Gammaproteobacteria;o__Pseudomonadales;f__Pseudomonadaceae;g__Pseudomonas_E;s__Pseudomonas_E fluorescens_AP	0.9999999998883595
dcf6c793ff475a3bbbac3efae4f69c18	ASV32d__Bacteria;p__Proteobacteria;c__Gammaproteobacteria;o__Burkholderiales;f__Burkholderiaceae;g__Achromobacter;s__	0.9999997698470774
5f15d7f49e1789a15d53b975c92afc4e	ASV32d__Bacteria;p__Proteobacteria;c__Gammaproteobacteria;o__Burkholderiales;f__Burkholderiaceae;g__Achromobacter;s__	0.9999993671127938
c560eb6faa122850aa06a1d08009fc98	Unassigned	0.847517047575118
4d310cd1055f708cddba848103478dd0	Unassigned	0.9121706221168767
e58ca51a3a299f71b364f3194fc4b64e	ASV34d__Bacteria;p__Bacteroidota;c__Bacteroidia;o__Flavobacteriales;f__Weeksellaceae;g__Elizabethkingia;s__Elizabethkingia_miricola	0.9999999999939888
7022974f2a1029c0e81f0adc3a586a9c	ASV31d__Bacteria;p__Proteobacteria;c__Gammaproteobacteria;o__Burkholderiales;f__Burkholderiaceae;g__Delftia;s__Delftia_acidovorans	0.9997332755744273
fc8d5025f2586c3d4cc1af5a41f6058f	ASV29d__Bacteria;p__Proteobacteria;c__Gammaproteobacteria;o__Enterobacterales;f__Enterobacteriaceae;g__Citrobacter;s__Citrobacter_braakii	0.9996133379499429
ecd705d6f435b2b83dce06cc6e05d0b5	ASV5d__Bacteria;p__Proteobacteria;c__Gammaproteobacteria;o__Burkholderiales;f__Chromobacteriaceae;g__Chromobacterium;s__Chromobacteriumsp002213445	0.9997973218994143
754059b618d444151ab9a27dab0f1617	Unassigned	0.7539897544561671
559d553be92fc2fa210f44cf4ab02112	ASV14d__Bacteria;p__Proteobacteria;c__Gammaproteobacteria;o__Pseudomonadales;f__Pseudomonadaceae;g__Pseudomonas_E;s__Pseudomonas_E fluorescens_AP	0.9999999999476614
344e6df543d4f176808d94b17e19868a	ASV32d__Bacteria;p__Proteobacteria;c__Gammaproteobacteria;o__Burkholderiales;f__Burkholderiaceae;g__Achromobacter;s__	0.9999997602768506
8fd096f91f5347c314cc1c0c74a8189a	Unassigned	0.8317368737871007
bcb3ae7075f3aa3a4c9d4c7b3e2aa685	ASV17d__Bacteria;p__Bacteroidota;c__Bacteroidia;o__Sphingobacteriales;f__Sphingobacteriaceae;g__Pedobacter;s__	0.9734634366946261
7ba7ff6b5cd24756cba6827c0d551d82	Unassigned	0.846400810576494
ec787496fb3b41e3c00d201fd4bb7990	ASV14d__Bacteria;p__Proteobacteria;c__Gammaproteobacteria;o__Pseudomonadales;f__Pseudomonadaceae;g__Pseudomonas_E;s__Pseudomonas_E fluorescens_AP	0.9999999999047304
d2a2f0cd525fedd26110395018f1078b	ASV29d__Bacteria;p__Proteobacteria;c__Gammaproteobacteria;o__Enterobacterales;f__Enterobacteriaceae;g__Citrobacter;s__Citrobacter_braakii	0.999763176938598
6c786ca5ecec5db89d1d77b2c316ae37	ASV14d__Bacteria;p__Proteobacteria;c__Gammaproteobacteria;o__Pseudomonadales;f__Pseudomonadaceae;g__Pseudomonas_E;s__Pseudomonas_E fluorescens_AP	0.9999999992378719
a6870e487f70475dae69b233baad7553	ASV5d__Bacteria;p__Proteobacteria;c__Gammaproteobacteria;o__Burkholderiales;f__Chromobacteriaceae;g__Chromobacterium;s__Chromobacteriumsp002213445	0.9998670212883283
4333eb4c3d7331b43357699c8dc5c425	Unassigned	0.8310542150753679
1978569e5923ec98470519738482a586	ASV14d__Bacteria;p__Proteobacteria;c__Gammaproteobacteria;o__Pseudomonadales;f__Pseudomonadaceae;g__Pseudomonas_E;s__Pseudomonas_E fluorescens_AP	0.999999999924924
1d3e6be518f0c8b7825e6262196aa5e5	ASV29d__Bacteria;p__Proteobacteria;c__Gammaproteobacteria;o__Enterobacterales;f__Enterobacteriaceae;g__Citrobacter;s__Citrobacter_braakii	0.9996152422158097
89dae612b3ae9cf72bf083ce86605ee7	ASV14d__Bacteria;p__Proteobacteria;c__Gammaproteobacteria;o__Pseudomonadales;f__Pseudomonadaceae;g__Pseudomonas_E;s__Pseudomonas_E fluorescens_AP	0.9999999996542783
4689c4dbeb1066212781df215d40f35a	Unassigned	0.7406765384486902
e12f4344eda56ee3e9a7207a06856ca1	Unassigned	0.4981119897833878
1d851b393061138fa123f85a2c3429ea	ASV34d__Bacteria;p__Bacteroidota;c__Bacteroidia;o__Flavobacteriales;f__Weeksellaceae;g__Elizabethkingia;s__Elizabethkingia_miricola	0.9999999999867129
1abfc7408bce88d9652b819ec58eae9d	ASV31d__Bacteria;p__Proteobacteria;c__Gammaproteobacteria;o__Burkholderiales;f__Burkholderiaceae;g__Delftia;s__Delftia_acidovorans	0.9997832909974719
cd54c8c8c60c2f5da1ce3c270fd53f5f	Unassigned	0.600794512570181
1b8e3ce523d25fa026c5a4403f277a3c	Unassigned	0.8798493604120482
f676c4c2a7291035b6b07574001b3ead	ASV32d__Bacteria;p__Proteobacteria;c__Gammaproteobacteria;o__Burkholderiales;f__Burkholderiaceae;g__Achromobacter;s__	0.9999990843017983
f3c2000a295a7858c1f1e06349a475ef	Unassigned	0.6688986886181243
6abd5537e15177c6ff285780560e5189	ASV5d__Bacteria;p__Proteobacteria;c__Gammaproteobacteria;o__Burkholderiales;f__Chromobacteriaceae;g__Chromobacterium;s__Chromobacteriumsp002213445	0.9998139245698234
931f119f74e13496844315e2e85e5988	ASV10d__Bacteria;p__Proteobacteria;c__Gammaproteobacteria;o__Burkholderiales;f__Burkholderiaceae;g__Comamonas_B;s__	0.9971723768943861
3d2fa5a8ed1bba6e44284d042f875cc5	ASV34d__Bacteria;p__Bacteroidota;c__Bacteroidia;o__Flavobacteriales;f__Weeksellaceae;g__Elizabethkingia;s__Elizabethkingia_miricola	0.9999999999811422
0e056909fcf924b70859d53dae975c53	ASV29d__Bacteria;p__Proteobacteria;c__Gammaproteobacteria;o__Enterobacterales;f__Enterobacteriaceae;g__Citrobacter;s__Citrobacter_braakii	0.9998096851988825
f16218e20cc7e972a8d1083cd185c9a3	ASV17d__Bacteria;p__Bacteroidota;c__Bacteroidia;o__Sphingobacteriales;f__Sphingobacteriaceae;g__Pedobacter;s__	0.9129094876142206
59ce57ce9c4c1e70e7e2f83cbaa89e8d	Unassigned	0.7116056237086017
c70fc8c833e682763b130d45373f862c	ASV32d__Bacteria;p__Proteobacteria;c__Gammaproteobacteria;o__Burkholderiales;f__Burkholderiaceae;g__Achromobacter;s__	0.999999802032809
4bc94160c124a3f85c7cb038ee306391	ASV31d__Bacteria;p__Proteobacteria;c__Gammaproteobacteria;o__Burkholderiales;f__Burkholderiaceae;g__Delftia;s__Delftia_acidovorans	0.999794002429466
8327dd0bd342d50f1402d754b2b66187	ASV5d__Bacteria;p__Proteobacteria;c__Gammaproteobacteria;o__Burkholderiales;f__Chromobacteriaceae;g__Chromobacterium;s__Chromobacteriumsp002213445	0.9996525764480927
4d29576a844cfebcd160254a6a970886	ASV34d__Bacteria;p__Bacteroidota;c__Bacteroidia;o__Flavobacteriales;f__Weeksellaceae;g__Elizabethkingia;s__Elizabethkingia_miricola	0.9999999999332942
57645f8a814c4ed2d3fb5d69c94b6131	ASV29d__Bacteria;p__Proteobacteria;c__Gammaproteobacteria;o__Enterobacterales;f__Enterobacteriaceae;g__Citrobacter;s__Citrobacter_braakii	0.9996646024020168
1c3803bb0762682b8fc513408f8d2c4a	ASV10d__Bacteria;p__Proteobacteria;c__Gammaproteobacteria;o__Burkholderiales;f__Burkholderiaceae;g__Comamonas_B;s__	0.9970064970441885
3b2105198c9b1838cf9d5de7339b8303	ASV5d__Bacteria;p__Proteobacteria;c__Gammaproteobacteria;o__Burkholderiales;f__Chromobacteriaceae;g__Chromobacterium;s__Chromobacteriumsp002213445	0.9993891103668495
a12204817eb2bba2d8dce82e24c17a7b	ASV14d__Bacteria;p__Proteobacteria;c__Gammaproteobacteria;o__Pseudomonadales;f__Pseudomonadaceae;g__Pseudomonas_E;s__Pseudomonas_E fluorescens_AP	0.9999999997771596
0c8808ba80ba5c4aa6f1a377c17af7c7	ASV16d__Bacteria;p__Proteobacteria;c__Gammaproteobacteria;o__Burkholderiales;f__Chromobacteriaceae;g__Aquitalea;s__	0.9841991250651589
05c1142dbf3e794587c86739f493ef72	ASV32d__Bacteria;p__Proteobacteria;c__Gammaproteobacteria;o__Burkholderiales;f__Burkholderiaceae;g__Achromobacter;s__	0.9999991504825287
cab582e138ba6c799376d8712e90610a	ASV32d__Bacteria;p__Proteobacteria;c__Gammaproteobacteria;o__Burkholderiales;f__Burkholderiaceae;g__Achromobacter;s__	0.9999947779662146
644a3e3f74de8f317208649ad8b1b69c	ASV29d__Bacteria;p__Proteobacteria;c__Gammaproteobacteria;o__Enterobacterales;f__Enterobacteriaceae;g__Citrobacter;s__Citrobacter_braakii	0.9995790048569569
8b4439bed519eaec4d44d6441bfbb43c	ASV31d__Bacteria;p__Proteobacteria;c__Gammaproteobacteria;o__Burkholderiales;f__Burkholderiaceae;g__Delftia;s__Delftia_acidovorans	0.9996819320457063
6311e8abf7e183ead064b41e4d513c7d	ASV14d__Bacteria;p__Proteobacteria;c__Gammaproteobacteria;o__Pseudomonadales;f__Pseudomonadaceae;g__Pseudomonas_E;s__Pseudomonas_E fluorescens_AP	0.9999999998558025
1e94e80426c54dc02f9cd4aba2f7885b	ASV29d__Bacteria;p__Proteobacteria;c__Gammaproteobacteria;o__Enterobacterales;f__Enterobacteriaceae;g__Citrobacter;s__Citrobacter_braakii	0.9998366983061033
73814954e4b3f946954876cc05e95021	ASV2d__Bacteria;p__Bacteroidota;c__Bacteroidia;o__Sphingobacteriales;f__Sphingobacteriaceae;g__Pedobacter;s__	0.9997356608795562
a66a1b95b068a2574b62c99ca58368f3	ASV29d__Bacteria;p__Proteobacteria;c__Gammaproteobacteria;o__Enterobacterales;f__Enterobacteriaceae;g__Citrobacter;s__Citrobacter_braakii	0.9993348317997515
fef908fb2428213dac6a75da8c5525e1	ASV32d__Bacteria;p__Proteobacteria;c__Gammaproteobacteria;o__Burkholderiales;f__Burkholderiaceae;g__Achromobacter;s__	0.9999995196885453
4ddfdf3afd912cc8f9718d14507f7f5a	ASV14d__Bacteria;p__Proteobacteria;c__Gammaproteobacteria;o__Pseudomonadales;f__Pseudomonadaceae;g__Pseudomonas_E;s__Pseudomonas_E fluorescens_AP	0.9999999999359375
51bd32d78624f4d01400040d9542e959	Unassigned	0.7531267730162648
e414e0f863839315b49886805587b83f	ASV31d__Bacteria;p__Proteobacteria;c__Gammaproteobacteria;o__Burkholderiales;f__Burkholderiaceae;g__Delftia;s__Delftia_acidovorans	0.9997551520479783
b31861ee40325d53d3c53be694b3d629	ASV7d__Bacteria;p__Proteobacteria;c__Gammaproteobacteria;o__Burkholderiales;f__Burkholderiaceae;g__Herbaspirillum;s__	0.9944618694528103
964d3811a804958d6198402549f17901	ASV29d__Bacteria;p__Proteobacteria;c__Gammaproteobacteria;o__Enterobacterales;f__Enterobacteriaceae;g__Citrobacter;s__Citrobacter_braakii	0.999718240354969
d6a4f3915133308ca1d32ca954e246b9	ASV5d__Bacteria;p__Proteobacteria;c__Gammaproteobacteria;o__Burkholderiales;f__Chromobacteriaceae;g__Chromobacterium;s__Chromobacteriumsp002213445	0.999782702088337
aba8b73f62f7c85248621e3c5487283a	ASV31d__Bacteria;p__Proteobacteria;c__Gammaproteobacteria;o__Burkholderiales;f__Burkholderiaceae;g__Delftia;s__Delftia_acidovorans	0.9997844551022566
9b3bc054456f77fbb7809cd1cb0dcdc8	Unassigned	0.5983939188938658
12e8f52479ac2fb9225a538af6d7632a	ASV32d__Bacteria;p__Proteobacteria;c__Gammaproteobacteria;o__Burkholderiales;f__Burkholderiaceae;g__Achromobacter;s__	0.9999994879841158
b5c52da0f4e7c59cc6109d5af982463e	ASV29d__Bacteria;p__Proteobacteria;c__Gammaproteobacteria;o__Enterobacterales;f__Enterobacteriaceae;g__Citrobacter;s__Citrobacter_braakii	0.9998522850554427
acfc24c5542a44ff2dadbba2afc9eca0	ASV5d__Bacteria;p__Proteobacteria;c__Gammaproteobacteria;o__Burkholderiales;f__Chromobacteriaceae;g__Chromobacterium;s__Chromobacteriumsp002213445	0.9997460570325227
0fd7965792a3cc1e8d790547ab515a8e	ASV10d__Bacteria;p__Proteobacteria;c__Gammaproteobacteria;o__Burkholderiales;f__Burkholderiaceae;g__Comamonas_B;s__	0.9888632512652046
caffb30c28c545002e49678729d82cdd	ASV16d__Bacteria;p__Proteobacteria;c__Gammaproteobacteria;o__Burkholderiales;f__Chromobacteriaceae;g__Aquitalea;s__	0.9930966943223646
2b4b7b1714f1d10c1b7594860b6fc672	ASV14d__Bacteria;p__Proteobacteria;c__Gammaproteobacteria;o__Pseudomonadales;f__Pseudomonadaceae;g__Pseudomonas_E;s__Pseudomonas_E fluorescens_AP	0.9999999999219824
5ea7f31ca03359f031d5107f8787a42b	Unassigned	0.6817023690369002
7c2ff5e24ef5fcd1afc979db88d2998f	ASV30d__Bacteria;p__Proteobacteria;c__Gammaproteobacteria;o__Enterobacterales;f__Enterobacteriaceae;g__Serratia_A;s__Serratia_Afonticola	0.9993540091486298
1a3de2028c4bb09df2591fc182207a58	ASV29d__Bacteria;p__Proteobacteria;c__Gammaproteobacteria;o__Enterobacterales;f__Enterobacteriaceae;g__Citrobacter;s__Citrobacter_braakii	0.9998089502023371
3793c08b8104b3ab1fbea28502abb327	ASV34d__Bacteria;p__Bacteroidota;c__Bacteroidia;o__Flavobacteriales;f__Weeksellaceae;g__Elizabethkingia;s__Elizabethkingia_miricola	0.9999999999942588
32352b0a5f5abd30aece6e3da29de42f	Unassigned	0.8548765974766338
6501ed93106db5e584e84ad2879c17dc	Unassigned	0.8819606420561183
03bbe52e15714054a933a63d229622e4	ASV29d__Bacteria;p__Proteobacteria;c__Gammaproteobacteria;o__Enterobacterales;f__Enterobacteriaceae;g__Citrobacter;s__Citrobacter_braakii	0.9996034788515855
e6befa9df09456c82ecbf56f4092aafe	ASV10d__Bacteria;p__Proteobacteria;c__Gammaproteobacteria;o__Burkholderiales;f__Burkholderiaceae;g__Comamonas_B;s__	0.9979809093871818
7025ea895734d6f068505732443578ea	ASV34d__Bacteria;p__Bacteroidota;c__Bacteroidia;o__Flavobacteriales;f__Weeksellaceae;g__Elizabethkingia;s__Elizabethkingia_miricola	0.9999999999760547
6f7d2470078b07944be2306459151b76	ASV14d__Bacteria;p__Proteobacteria;c__Gammaproteobacteria;o__Pseudomonadales;f__Pseudomonadaceae;g__Pseudomonas_E;s__Pseudomonas_E fluorescens_AP	0.9999999998324114
10d915064972673c5dc1084220438218	ASV31d__Bacteria;p__Proteobacteria;c__Gammaproteobacteria;o__Burkholderiales;f__Burkholderiaceae;g__Delftia;s__Delftia_acidovorans	0.9996360805555219
2c73e3bf68b73673fbb5c4557ca4a91a	Unassigned	0.8663730930289391
8c101778ade1bdf1074cd9b770f652d7	ASV32d__Bacteria;p__Proteobacteria;c__Gammaproteobacteria;o__Burkholderiales;f__Burkholderiaceae;g__Achromobacter;s__	0.9999996817115084
43174e8216264784859fb68492424e61	ASV31d__Bacteria;p__Proteobacteria;c__Gammaproteobacteria;o__Burkholderiales;f__Burkholderiaceae;g__Delftia;s__Delftia_acidovorans	0.9990808149756868
22bf4c3da4ecaaa216ce602f4fd663ac	ASV17d__Bacteria;p__Bacteroidota;c__Bacteroidia;o__Sphingobacteriales;f__Sphingobacteriaceae;g__Pedobacter;s__	0.9520418911920878
1e280c48c3ac94439468564e13727865	ASV32d__Bacteria;p__Proteobacteria;c__Gammaproteobacteria;o__Burkholderiales;f__Burkholderiaceae;g__Achromobacter;s__	0.9999993105418629
89d0203e1c72611cc6c3305bb2927ff7	ASV10d__Bacteria;p__Proteobacteria;c__Gammaproteobacteria;o__Burkholderiales;f__Burkholderiaceae;g__Comamonas_B;s__	0.99586748511018
42d02cefc4d99298c2d7eba33a46f1dd	ASV29d__Bacteria;p__Proteobacteria;c__Gammaproteobacteria;o__Enterobacterales;f__Enterobacteriaceae;g__Citrobacter;s__Citrobacter_braakii	0.9998448679142543
27d59d1b3028a5ad47c9a79efa2efe77	ASV22d__Bacteria;p__Proteobacteria;c__Gammaproteobacteria;o__Burkholderiales;f__Burkholderiaceae;g__Paraburkholderia_B;s__	0.9986063239014199
364b5cc00f11e4a984dc89540d52e461	ASV29d__Bacteria;p__Proteobacteria;c__Gammaproteobacteria;o__Enterobacterales;f__Enterobacteriaceae;g__Citrobacter;s__Citrobacter_braakii	0.9994184057154112
17743ccf3873c07caad0d0252776a2d9	ASV28d__Bacteria;p__Bacteroidota;c__Bacteroidia;o__Sphingobacteriales;f__Sphingobacteriaceae;g__Pedobacter;s__	0.9977294665711278
92469e3ff3b88b82bcdb2292de008330	ASV32d__Bacteria;p__Proteobacteria;c__Gammaproteobacteria;o__Burkholderiales;f__Burkholderiaceae;g__Achromobacter;s__	0.9999994093946082
0492280775909ec8d56026986eaddb56	ASV17d__Bacteria;p__Bacteroidota;c__Bacteroidia;o__Sphingobacteriales;f__Sphingobacteriaceae;g__Pedobacter;s__	0.9641120832060777
c83f8357b04b259421eaecffa0bce1f8	ASV34d__Bacteria;p__Bacteroidota;c__Bacteroidia;o__Flavobacteriales;f__Weeksellaceae;g__Elizabethkingia;s__Elizabethkingia_miricola	0.9999999999927525
277dd1e7d98ca6b3fb6c662f2aa6dba9	Unassigned	0.7622691102699624
e3b9fdf6870e88c96c1339cdf2dece0e	Unassigned	0.8238560191503421
8350854e1dc864e3705556e912addbe6	ASV5d__Bacteria;p__Proteobacteria;c__Gammaproteobacteria;o__Burkholderiales;f__Chromobacteriaceae;g__Chromobacterium;s__Chromobacteriumsp002213445	0.9998056838212221
5167eaf2133e4e4a1468e2dd02424588	Unassigned	0.7836448832723732
aefb2055f15ea83eeb3907a68fad68bb	ASV10d__Bacteria;p__Proteobacteria;c__Gammaproteobacteria;o__Burkholderiales;f__Burkholderiaceae;g__Comamonas_B;s__	0.9969248997262381
ba841462545d7d8432eef4e10ed65aa1	ASV14d__Bacteria;p__Proteobacteria;c__Gammaproteobacteria;o__Pseudomonadales;f__Pseudomonadaceae;g__Pseudomonas_E;s__Pseudomonas_E fluorescens_AP	0.9999999993480913
b4edbe03e295dc56fd3cd64efae5774f	ASV34d__Bacteria;p__Bacteroidota;c__Bacteroidia;o__Flavobacteriales;f__Weeksellaceae;g__Elizabethkingia;s__Elizabethkingia_miricola	0.9999999999309495
de800ea2b4ad330a82d207ea1d499ba4	ASV16d__Bacteria;p__Proteobacteria;c__Gammaproteobacteria;o__Burkholderiales;f__Chromobacteriaceae;g__Aquitalea;s__	0.9945989465632568
d0f6c2ccca8b32897ef27aa6f764497c	Unassigned	0.7304528182443761
79e85b8e48a5299d4f1d885e260226bf	ASV29d__Bacteria;p__Proteobacteria;c__Gammaproteobacteria;o__Enterobacterales;f__Enterobacteriaceae;g__Citrobacter;s__Citrobacter_braakii	0.999312596588137
0f18144d308ada95632ab5193d92073f	ASV14d__Bacteria;p__Proteobacteria;c__Gammaproteobacteria;o__Pseudomonadales;f__Pseudomonadaceae;g__Pseudomonas_E;s__Pseudomonas_E fluorescens_AP	0.9999999991356958
675738589839c15f27478a9d0f5f8d4b	ASV34d__Bacteria;p__Bacteroidota;c__Bacteroidia;o__Flavobacteriales;f__Weeksellaceae;g__Elizabethkingia;s__Elizabethkingia_miricola	0.9999999999763389
f676f05a61fc9c0a3e9c201b40e7e8ed	ASV32d__Bacteria;p__Proteobacteria;c__Gammaproteobacteria;o__Burkholderiales;f__Burkholderiaceae;g__Achromobacter;s__	0.9999996929609881
4e461e6ae3395b54dc129fc5f129a9e5	ASV9d__Bacteria;p__Proteobacteria;c__Alphaproteobacteria;o__Caulobacterales;f__Caulobacteraceae;g__Brevundimonas;s__	0.9999999858746095
fdcb884a530318146cb1e11ab1af8c33	Unassigned	0.7967585214436579
dab2a192d5e467a4d7a58b809a814a0f	Unassigned	0.7815665772994926
6857cff955b7bcc71cdb29833504d83e	ASV10d__Bacteria;p__Proteobacteria;c__Gammaproteobacteria;o__Burkholderiales;f__Burkholderiaceae;g__Comamonas_B;s__	0.9967731182145584
b848d68bf1cdb0ed6143e90a4555b5a3	Unassigned	0.833340817185205
89667a0823865633cf85c7ebc8b46762	ASV31d__Bacteria;p__Proteobacteria;c__Gammaproteobacteria;o__Burkholderiales;f__Burkholderiaceae;g__Delftia;s__Delftia_acidovorans	0.9988423816391668
5f238dac7707b3e9538937c228c02810	ASV31d__Bacteria;p__Proteobacteria;c__Gammaproteobacteria;o__Burkholderiales;f__Burkholderiaceae;g__Delftia;s__Delftia_acidovorans	0.9997741603930071
a7dffeac7795fa7a2ffa32e8e6095518	ASV29d__Bacteria;p__Proteobacteria;c__Gammaproteobacteria;o__Enterobacterales;f__Enterobacteriaceae;g__Citrobacter;s__Citrobacter_braakii	0.9996011923639224
34f21d3b720a52689b209ab7c710498e	ASV5d__Bacteria;p__Proteobacteria;c__Gammaproteobacteria;o__Burkholderiales;f__Chromobacteriaceae;g__Chromobacterium;s__Chromobacteriumsp002213445	0.999851343278695
726f1559637336d8682d03b59102a25e	ASV14d__Bacteria;p__Proteobacteria;c__Gammaproteobacteria;o__Pseudomonadales;f__Pseudomonadaceae;g__Pseudomonas_E;s__Pseudomonas_E fluorescens_AP	0.9999999997487379
7b02726cbcd063fce2627a4e5f4c4b84	ASV29d__Bacteria;p__Proteobacteria;c__Gammaproteobacteria;o__Enterobacterales;f__Enterobacteriaceae;g__Citrobacter;s__Citrobacter_braakii	0.9994938059489615
925be75b0593c323064009c0339a2991	ASV10d__Bacteria;p__Proteobacteria;c__Gammaproteobacteria;o__Burkholderiales;f__Burkholderiaceae;g__Comamonas_B;s__	0.9992772249827551
f19e468d59b8ea0545fe8f2debb7a62f	ASV32d__Bacteria;p__Proteobacteria;c__Gammaproteobacteria;o__Burkholderiales;f__Burkholderiaceae;g__Achromobacter;s__	0.9999996816495349
be6921b5726543e17780b32b06ad89eb	ASV31d__Bacteria;p__Proteobacteria;c__Gammaproteobacteria;o__Burkholderiales;f__Burkholderiaceae;g__Delftia;s__Delftia_acidovorans	0.9995290279887992
9985f9f2e11ed90936e2ba4bbfc89700	ASV29d__Bacteria;p__Proteobacteria;c__Gammaproteobacteria;o__Enterobacterales;f__Enterobacteriaceae;g__Citrobacter;s__Citrobacter_braakii	0.9998451743314861
95896e6826dec792864a41d6f932687a	ASV31d__Bacteria;p__Proteobacteria;c__Gammaproteobacteria;o__Burkholderiales;f__Burkholderiaceae;g__Delftia;s__Delftia_acidovorans	0.999762455816117
c6808de01df4ada18ae1d4fbd5504a33	Unassigned	0.687587006274798
eb8b8b138655572bc948364bf937b6a7	Unassigned	0.8933030907957293
3784db4eef130eeabfb3a7eee9786f39	ASV10d__Bacteria;p__Proteobacteria;c__Gammaproteobacteria;o__Burkholderiales;f__Burkholderiaceae;g__Comamonas_B;s__	0.9968766130395397
e62e8db1ade0e03e12a3e0961ea83098	Unassigned	0.7855100051220252
97da604ab21bcb931825539c6c19f349	Unassigned	0.9077106355479361
27b31fe894a2520d0a00d30bf942a37d	ASV5d__Bacteria;p__Proteobacteria;c__Gammaproteobacteria;o__Burkholderiales;f__Chromobacteriaceae;g__Chromobacterium;s__Chromobacteriumsp002213445	0.9996411296276952
b1da02006c7f99313618bcc0652f28d5	ASV16d__Bacteria;p__Proteobacteria;c__Gammaproteobacteria;o__Burkholderiales;f__Chromobacteriaceae;g__Aquitalea;s__	0.9934066215093528
2751a81efef038ac7143a6cbbad5c3f1	ASV14d__Bacteria;p__Proteobacteria;c__Gammaproteobacteria;o__Pseudomonadales;f__Pseudomonadaceae;g__Pseudomonas_E;s__Pseudomonas_E fluorescens_AP	0.999999999671374
3fc0019478ac426948d1026947a1fe92	ASV29d__Bacteria;p__Proteobacteria;c__Gammaproteobacteria;o__Enterobacterales;f__Enterobacteriaceae;g__Citrobacter;s__Citrobacter_braakii	0.9997653812903704
a36dce7b4aa53db99d97e97fe4178418	ASV5d__Bacteria;p__Proteobacteria;c__Gammaproteobacteria;o__Burkholderiales;f__Chromobacteriaceae;g__Chromobacterium;s__Chromobacteriumsp002213445	0.9996819797659222
c5e4f7b5b2352ec7ecec5a4dff1049ec	Unassigned	0.4512742895048607
fbcded6903b492ec6cd3ea6303d3c8bd	Unassigned	0.8140093758142765
48bb024cb63978e262ad65db55de7918	ASV16d__Bacteria;p__Proteobacteria;c__Gammaproteobacteria;o__Burkholderiales;f__Chromobacteriaceae;g__Aquitalea;s__	0.9907309723122524
a1d7b167813952604d2555e1ab01d408	ASV14d__Bacteria;p__Proteobacteria;c__Gammaproteobacteria;o__Pseudomonadales;f__Pseudomonadaceae;g__Pseudomonas_E;s__Pseudomonas_E fluorescens_AP	0.999999999954909
03504e15f53cc2997df33ffceae0b29b	ASV29d__Bacteria;p__Proteobacteria;c__Gammaproteobacteria;o__Enterobacterales;f__Enterobacteriaceae;g__Citrobacter;s__Citrobacter_braakii	0.9996129002280812
06f825b512d903b9230e1a55d87359ee	Unassigned	0.7456208925121213
c4ae9cb769291a3f322d559f52a359ce	Unassigned	0.6932247502167599
2fed6d564dcdce3458b62a7108b7b10b	Unassigned	0.7100645663449872
59e8b28784ca7fe8e6947b03ea78d4d1	Unassigned	0.7289130033548801
4d78e6d10e3903151ecc3e2280d71c93	ASV10d__Bacteria;p__Proteobacteria;c__Gammaproteobacteria;o__Burkholderiales;f__Burkholderiaceae;g__Comamonas_B;s__	0.9977172543648675
aa7d4d9caddd9f2d38b64ce44f75c258	Unassigned	0.7975046578592455
d2fe3dd7c6b715ff22b8b390dc855f4e	ASV29d__Bacteria;p__Proteobacteria;c__Gammaproteobacteria;o__Enterobacterales;f__Enterobacteriaceae;g__Citrobacter;s__Citrobacter_braakii	0.999883502183185
eabdef85aeff97a8276c032708243bc7	ASV17d__Bacteria;p__Bacteroidota;c__Bacteroidia;o__Sphingobacteriales;f__Sphingobacteriaceae;g__Pedobacter;s__	0.9670718633584362
9d3fdff33bf63b3c8c9150e1433a99e5	ASV16d__Bacteria;p__Proteobacteria;c__Gammaproteobacteria;o__Burkholderiales;f__Chromobacteriaceae;g__Aquitalea;s__	0.9932960150207122
50e205e191769bb63db2c1532c067e37	ASV29d__Bacteria;p__Proteobacteria;c__Gammaproteobacteria;o__Enterobacterales;f__Enterobacteriaceae;g__Citrobacter;s__Citrobacter_braakii	0.9998529591451351
aa46e0e695e90b95a45c2692b21286f6	ASV30d__Bacteria;p__Proteobacteria;c__Gammaproteobacteria;o__Enterobacterales;f__Enterobacteriaceae;g__Serratia_A;s__Serratia_Afonticola	0.9989963662647879
fbd67349783ebeacc69814257b694d56	Unassigned	0.5396243451194206
79f790b752bdce72085d4d5a6af3bdc2	ASV14d__Bacteria;p__Proteobacteria;c__Gammaproteobacteria;o__Pseudomonadales;f__Pseudomonadaceae;g__Pseudomonas_E;s__Pseudomonas_E fluorescens_AP	0.9999999999138254
25ebf937c9c702a9f8303f4db7d69bfe	ASV14d__Bacteria;p__Proteobacteria;c__Gammaproteobacteria;o__Pseudomonadales;f__Pseudomonadaceae;g__Pseudomonas_E;s__Pseudomonas_E fluorescens_AP	0.9999999999194387
6e51edc6d66eb050269517edac245bf6	ASV16d__Bacteria;p__Proteobacteria;c__Gammaproteobacteria;o__Burkholderiales;f__Chromobacteriaceae;g__Aquitalea;s__	0.994306668312314
ef2272e5a394ac4d1a9aeb3fc2853b9f	ASV32d__Bacteria;p__Proteobacteria;c__Gammaproteobacteria;o__Burkholderiales;f__Burkholderiaceae;g__Achromobacter;s__	0.9999997596827233
67313cf8d28c420316ba7ba5b185c8fe	ASV14d__Bacteria;p__Proteobacteria;c__Gammaproteobacteria;o__Pseudomonadales;f__Pseudomonadaceae;g__Pseudomonas_E;s__Pseudomonas_E fluorescens_AP	0.9999999999015046
c87316905bc3736ed108a338f8f31948	ASV29d__Bacteria;p__Proteobacteria;c__Gammaproteobacteria;o__Enterobacterales;f__Enterobacteriaceae;g__Citrobacter;s__Citrobacter_braakii	0.9995241158184481
a327e01139eb4bd37fc3dcf88be9a314	ASV31d__Bacteria;p__Proteobacteria;c__Gammaproteobacteria;o__Burkholderiales;f__Burkholderiaceae;g__Delftia;s__Delftia_acidovorans	0.9995795361343545
a4be2d67f735ecee4d5293746bd37c30	ASV34d__Bacteria;p__Bacteroidota;c__Bacteroidia;o__Flavobacteriales;f__Weeksellaceae;g__Elizabethkingia;s__Elizabethkingia_miricola	0.9999999999892282
647d8153cd0e0a7772fa615bc7ca2957	ASV10d__Bacteria;p__Proteobacteria;c__Gammaproteobacteria;o__Burkholderiales;f__Burkholderiaceae;g__Comamonas_B;s__	0.9968524134296398
60e08f74d83de2b2dfa5b9b2fd0e21f0	ASV29d__Bacteria;p__Proteobacteria;c__Gammaproteobacteria;o__Enterobacterales;f__Enterobacteriaceae;g__Citrobacter;s__Citrobacter_braakii	0.9998519729738585
77d5c0780f64e7c5607ad83a675cd3de	ASV14d__Bacteria;p__Proteobacteria;c__Gammaproteobacteria;o__Pseudomonadales;f__Pseudomonadaceae;g__Pseudomonas_E;s__Pseudomonas_E fluorescens_AP	0.9999999999412239
cf711baf23921d42f53935553354ba32	ASV14d__Bacteria;p__Proteobacteria;c__Gammaproteobacteria;o__Pseudomonadales;f__Pseudomonadaceae;g__Pseudomonas_E;s__Pseudomonas_E fluorescens_AP	0.999999999850715
8ae4e6df6cbdf536952ad0481ea0cccc	ASV2d__Bacteria;p__Bacteroidota;c__Bacteroidia;o__Sphingobacteriales;f__Sphingobacteriaceae;g__Pedobacter;s__	0.9997476847210085
77cd73de284db8e65861191cc2200158	ASV31d__Bacteria;p__Proteobacteria;c__Gammaproteobacteria;o__Burkholderiales;f__Burkholderiaceae;g__Delftia;s__Delftia_acidovorans	0.9996826607450646
0d1c21a7d8f197c5d21eff5863a36cd5	ASV5d__Bacteria;p__Proteobacteria;c__Gammaproteobacteria;o__Burkholderiales;f__Chromobacteriaceae;g__Chromobacterium;s__Chromobacteriumsp002213445	0.999821056019405
251e4ab2ab59b8c0f7edff464a4f3b27	ASV14d__Bacteria;p__Proteobacteria;c__Gammaproteobacteria;o__Pseudomonadales;f__Pseudomonadaceae;g__Pseudomonas_E;s__Pseudomonas_E fluorescens_AP	0.9999999997672262
8c2cf54168dd2cd4825aac399dde7255	ASV5d__Bacteria;p__Proteobacteria;c__Gammaproteobacteria;o__Burkholderiales;f__Chromobacteriaceae;g__Chromobacterium;s__Chromobacteriumsp002213445	0.9998131949603972
edbd230787e4fcc19993578d327cd567	Unassigned	0.7538293346670595
9640866c86d69c4c7c1307c818b7738f	ASV14d__Bacteria;p__Proteobacteria;c__Gammaproteobacteria;o__Pseudomonadales;f__Pseudomonadaceae;g__Pseudomonas_E;s__Pseudomonas_E fluorescens_AP	0.9999999997706794
2a7d48bedc11abedfd9d3a6923eab245	ASV34d__Bacteria;p__Bacteroidota;c__Bacteroidia;o__Flavobacteriales;f__Weeksellaceae;g__Elizabethkingia;s__Elizabethkingia_miricola	0.999999999968054
763b0da3faa11298553e47118b90f9e0	ASV34d__Bacteria;p__Bacteroidota;c__Bacteroidia;o__Flavobacteriales;f__Weeksellaceae;g__Elizabethkingia;s__Elizabethkingia_miricola	0.9999999999898819
5f036b8b7c009c6c43d5354bacaf1354	Unassigned	0.8160985259410407
9c828e07796f32c52f38f86b8df6c8af	ASV14d__Bacteria;p__Proteobacteria;c__Gammaproteobacteria;o__Pseudomonadales;f__Pseudomonadaceae;g__Pseudomonas_E;s__Pseudomonas_E fluorescens_AP	0.999999999754948
df0f4a770217dbc5bab79a3ed909aaa6	ASV5d__Bacteria;p__Proteobacteria;c__Gammaproteobacteria;o__Burkholderiales;f__Chromobacteriaceae;g__Chromobacterium;s__Chromobacteriumsp002213445	0.9989737556836907
27a787bdce25115c2e657957a463c1cb	ASV5d__Bacteria;p__Proteobacteria;c__Gammaproteobacteria;o__Burkholderiales;f__Chromobacteriaceae;g__Chromobacterium;s__Chromobacteriumsp002213445	0.9998296736843689
bbc58965ae6cb43698335b07fd7cdf29	Unassigned	0.8636058477490993
dbdc21dd68e3925af15b8b5256233735	Unassigned	0.7630529942790366
eb3e3611130791bb120fa2965fa6685a	ASV31d__Bacteria;p__Proteobacteria;c__Gammaproteobacteria;o__Burkholderiales;f__Burkholderiaceae;g__Delftia;s__Delftia_acidovorans	0.9997977352021462
b7f51bbe90f8b614db29eaf583d7f7b9	Unassigned	0.8597030132758194
b967359dff51b72aef7ff75afe69792b	ASV17d__Bacteria;p__Bacteroidota;c__Bacteroidia;o__Sphingobacteriales;f__Sphingobacteriaceae;g__Pedobacter;s__	0.9699727234397199
fe082fa9d13df7a42e20297c57f656fc	ASV34d__Bacteria;p__Bacteroidota;c__Bacteroidia;o__Flavobacteriales;f__Weeksellaceae;g__Elizabethkingia;s__Elizabethkingia_miricola	0.9999999999819806
a7edb04fc38f3c1343dc7028c3c8b16c	Unassigned	0.8540122536314749
641e48439c7dd1d183440ae52eacf6e4	ASV10d__Bacteria;p__Proteobacteria;c__Gammaproteobacteria;o__Burkholderiales;f__Burkholderiaceae;g__Comamonas_B;s__	0.9978233649922381
6d20ad1fb6990abb1d3972c9136aa628	Unassigned	0.751003398346692
c1f1301ab846db15b3edab70e8b09681	ASV14d__Bacteria;p__Proteobacteria;c__Gammaproteobacteria;o__Pseudomonadales;f__Pseudomonadaceae;g__Pseudomonas_E;s__Pseudomonas_E fluorescens_AP	0.9999999999068336
7043b06b4156470a5bc99f690e958378	ASV11d__Bacteria;p__Proteobacteria;c__Gammaproteobacteria;o__Burkholderiales;f__Chromobacteriaceae;g__Aquitalea;s__Aquitaleapelogenes	0.995394943030764
2d8aa756f335e6cdea96d5817747123f	ASV31d__Bacteria;p__Proteobacteria;c__Gammaproteobacteria;o__Burkholderiales;f__Burkholderiaceae;g__Delftia;s__Delftia_acidovorans	0.9991709742815048
95a10c104077f4810ba5ec51c2866dc2	ASV16d__Bacteria;p__Proteobacteria;c__Gammaproteobacteria;o__Burkholderiales;f__Chromobacteriaceae;g__Aquitalea;s__	0.9855623775960451
a2efc08e2853f060e0055a008f321b20	ASV32d__Bacteria;p__Proteobacteria;c__Gammaproteobacteria;o__Burkholderiales;f__Burkholderiaceae;g__Achromobacter;s__	0.9999997226041261
b60d040013327bb9811b02e9ca939f86	ASV29d__Bacteria;p__Proteobacteria;c__Gammaproteobacteria;o__Enterobacterales;f__Enterobacteriaceae;g__Citrobacter;s__Citrobacter_braakii	0.9997358238035885
a5d521773ff1cdfc13a29b9270b28ae9	ASV14d__Bacteria;p__Proteobacteria;c__Gammaproteobacteria;o__Pseudomonadales;f__Pseudomonadaceae;g__Pseudomonas_E;s__Pseudomonas_E fluorescens_AP	0.9999999999372022
b946dc8c9213d6193d607a5f690d0a11	ASV17d__Bacteria;p__Bacteroidota;c__Bacteroidia;o__Sphingobacteriales;f__Sphingobacteriaceae;g__Pedobacter;s__	0.9682932097445739
05569381b6c09f1bf43e1fa0138d4f58	ASV17d__Bacteria;p__Bacteroidota;c__Bacteroidia;o__Sphingobacteriales;f__Sphingobacteriaceae;g__Pedobacter;s__	0.967175803731318
b42cd269d5481723127d0ca444e5e016	ASV32d__Bacteria;p__Proteobacteria;c__Gammaproteobacteria;o__Burkholderiales;f__Burkholderiaceae;g__Achromobacter;s__	0.9999991176727916
60d21e855b4333164235e9ba41d49f46	ASV34d__Bacteria;p__Bacteroidota;c__Bacteroidia;o__Flavobacteriales;f__Weeksellaceae;g__Elizabethkingia;s__Elizabethkingia_miricola	0.9999999997554596
7d46342abcde626efb2bf59880300d21	Unassigned	0.8003325283427962
a0c5fdc931e0887680446f9886deae1c	ASV14d__Bacteria;p__Proteobacteria;c__Gammaproteobacteria;o__Pseudomonadales;f__Pseudomonadaceae;g__Pseudomonas_E;s__Pseudomonas_E fluorescens_AP	0.9999999997854871
4d2ec816ab48b781e20a62406ef8fcd3	Unassigned	0.6703097031681042
84b7b87c674dd96969aa9f9452bc11f8	ASV14d__Bacteria;p__Proteobacteria;c__Gammaproteobacteria;o__Pseudomonadales;f__Pseudomonadaceae;g__Pseudomonas_E;s__Pseudomonas_E fluorescens_AP	0.9999999997375681
8158b75b679f2543831f38a3fa734adc	Unassigned	0.8197868244999805
758461a30e340165232c76ee9f6e9f4e	ASV14d__Bacteria;p__Proteobacteria;c__Gammaproteobacteria;o__Pseudomonadales;f__Pseudomonadaceae;g__Pseudomonas_E;s__Pseudomonas_E fluorescens_AP	0.9999999998967297
7210d4c8b866989110034116ee74c196	ASV16d__Bacteria;p__Proteobacteria;c__Gammaproteobacteria;o__Burkholderiales;f__Chromobacteriaceae;g__Aquitalea;s__	0.993271928763578
f64fa29e2053f970cf3939db5c0983ce	ASV16d__Bacteria;p__Proteobacteria;c__Gammaproteobacteria;o__Burkholderiales;f__Chromobacteriaceae;g__Aquitalea;s__	0.9928047143573796
2be090b238fc6330fd2dce77e445cd34	ASV5d__Bacteria;p__Proteobacteria;c__Gammaproteobacteria;o__Burkholderiales;f__Chromobacteriaceae;g__Chromobacterium;s__Chromobacteriumsp002213445	0.9998059207993741
4081ace27d5f9648562b77a0fb9b99a5	ASV28d__Bacteria;p__Bacteroidota;c__Bacteroidia;o__Sphingobacteriales;f__Sphingobacteriaceae;g__Pedobacter;s__	0.9984586313978905
fd6eeb20fdd78610ca655b4433489706	ASV32d__Bacteria;p__Proteobacteria;c__Gammaproteobacteria;o__Burkholderiales;f__Burkholderiaceae;g__Achromobacter;s__	0.9999995129629631
4d54471fb15becd13d5990ce183a30dc	ASV34d__Bacteria;p__Bacteroidota;c__Bacteroidia;o__Flavobacteriales;f__Weeksellaceae;g__Elizabethkingia;s__Elizabethkingia_miricola	0.9999999999797637
e838f1eb519aaef1fbf2752c2c3f890d	ASV14d__Bacteria;p__Proteobacteria;c__Gammaproteobacteria;o__Pseudomonadales;f__Pseudomonadaceae;g__Pseudomonas_E;s__Pseudomonas_E fluorescens_AP	0.9999999999385949
2d235c5ae5e6719898809d600da51b62	ASV16d__Bacteria;p__Proteobacteria;c__Gammaproteobacteria;o__Burkholderiales;f__Chromobacteriaceae;g__Aquitalea;s__	0.9953056657705289
357bb0eba284c7ee50afd1aa3cbe0495	Unassigned	0.7249036042246505
fd44d4cb468fd7dc9b3227867714ed87	Unassigned	0.5212072909042449
2602d4a443b2e643b0727645d22baff9	ASV5d__Bacteria;p__Proteobacteria;c__Gammaproteobacteria;o__Burkholderiales;f__Chromobacteriaceae;g__Chromobacterium;s__Chromobacteriumsp002213445	0.999634667123938
3640b4e37d2950a8db5920f712a5d973	ASV32d__Bacteria;p__Proteobacteria;c__Gammaproteobacteria;o__Burkholderiales;f__Burkholderiaceae;g__Achromobacter;s__	0.9999995632220434
82b34885095d776b32a77587bd17699b	ASV14d__Bacteria;p__Proteobacteria;c__Gammaproteobacteria;o__Pseudomonadales;f__Pseudomonadaceae;g__Pseudomonas_E;s__Pseudomonas_E fluorescens_AP	0.9999999991262172
98b7d7634ae227b3b64df2dff2dfb726	Unassigned	0.7932891005736229
e53d8f88f2973cd37a6a299a8178c8a8	Unassigned	0.8834209697360644
e2a8a44d4707e3250426c13eafcc84e4	Unassigned	0.7859543729049308
87d83d39b912be4edc1b52d115557fb9	ASV28d__Bacteria;p__Bacteroidota;c__Bacteroidia;o__Sphingobacteriales;f__Sphingobacteriaceae;g__Pedobacter;s__	0.9991312186721703
96cfd2208e6d8f7fd572de9f37a78aca	ASV31d__Bacteria;p__Proteobacteria;c__Gammaproteobacteria;o__Burkholderiales;f__Burkholderiaceae;g__Delftia;s__Delftia_acidovorans	0.9996332235377334
218b566e15ab5ff34c9bd855a914879d	Unassigned	0.8426708734871976
6b986ed5ddc55fcf7603e400539f2d09	Unassigned	0.7781364488994373
56a0a4467c5afae5d9e0b133b6018ae0	ASV32d__Bacteria;p__Proteobacteria;c__Gammaproteobacteria;o__Burkholderiales;f__Burkholderiaceae;g__Achromobacter;s__	0.9999970443957176
0caf153a5a8ab2aa0877c5ccee837b3f	ASV10d__Bacteria;p__Proteobacteria;c__Gammaproteobacteria;o__Burkholderiales;f__Burkholderiaceae;g__Comamonas_B;s__	0.9969683705460524
baa77e1b442d9fa980dd1c06e0a7b16e	ASV9d__Bacteria;p__Proteobacteria;c__Alphaproteobacteria;o__Caulobacterales;f__Caulobacteraceae;g__Brevundimonas;s__	0.9999999930899435
780d31bd867872ba5a9896be05574c6d	Unassigned	0.8898845790626599
b03d2e5ac94c7a0d115e5c542e9315e8	Unassigned	0.3791688035142132
82febf3688b9001e430ebccac61e67f1	ASV31d__Bacteria;p__Proteobacteria;c__Gammaproteobacteria;o__Burkholderiales;f__Burkholderiaceae;g__Delftia;s__Delftia_acidovorans	0.9998306034437745
99deb3c5ecb022ec05609ebd1112a557	Unassigned	0.48173593833646566
ced17d8f3b2fd5393a63c7b6dbaaecac	Unassigned	0.5453359916323803
24cf52465a5f042638377804bb1bc018	ASV28d__Bacteria;p__Bacteroidota;c__Bacteroidia;o__Sphingobacteriales;f__Sphingobacteriaceae;g__Pedobacter;s__	0.9985848084942138
c5ea8998400dc95145e8e5cf6459ccb9	Unassigned	0.7015245544540757
709c5e9fabc6d86731aef1708f949faf	ASV32d__Bacteria;p__Proteobacteria;c__Gammaproteobacteria;o__Burkholderiales;f__Burkholderiaceae;g__Achromobacter;s__	0.9999953443973568
905aa4dacfb4672c2a2f4bc363897835	ASV14d__Bacteria;p__Proteobacteria;c__Gammaproteobacteria;o__Pseudomonadales;f__Pseudomonadaceae;g__Pseudomonas_E;s__Pseudomonas_E fluorescens_AP	0.9999999999095479
cb5bb0392b139d4aa5ac190ca96aa8b0	ASV11d__Bacteria;p__Proteobacteria;c__Gammaproteobacteria;o__Burkholderiales;f__Chromobacteriaceae;g__Aquitalea;s__Aquitaleapelogenes	0.9938825636668518
377fe8695ae9df4f7b34111e7f18c24f	ASV5d__Bacteria;p__Proteobacteria;c__Gammaproteobacteria;o__Burkholderiales;f__Chromobacteriaceae;g__Chromobacterium;s__Chromobacteriumsp002213445	0.9996903307898004
d38aafa84d47424864249f2f288f7f0c	ASV16d__Bacteria;p__Proteobacteria;c__Gammaproteobacteria;o__Burkholderiales;f__Chromobacteriaceae;g__Aquitalea;s__	0.9928546010117173
5403a3b7b3bdb27b61c03aa7aed631d2	Unassigned	0.6392313591299865
1cb9af50e31bcd9b706d70ee00074df8	ASV29d__Bacteria;p__Proteobacteria;c__Gammaproteobacteria;o__Enterobacterales;f__Enterobacteriaceae;g__Citrobacter;s__Citrobacter_braakii	0.9998558825412553
e87332f72dce31607ae026db89d0a1a3	ASV10d__Bacteria;p__Proteobacteria;c__Gammaproteobacteria;o__Burkholderiales;f__Burkholderiaceae;g__Comamonas_B;s__	0.9961849706455823
e2bb9297b6afc19b3831dabcb42d8c91	ASV16d__Bacteria;p__Proteobacteria;c__Gammaproteobacteria;o__Burkholderiales;f__Chromobacteriaceae;g__Aquitalea;s__	0.9876606496926282
9fcb95eddbc9e05444a0ea715df09b4e	ASV17d__Bacteria;p__Bacteroidota;c__Bacteroidia;o__Sphingobacteriales;f__Sphingobacteriaceae;g__Pedobacter;s__	0.8500408369232383
a3517d3eb8936e70eb51906a5a508f09	ASV10d__Bacteria;p__Proteobacteria;c__Gammaproteobacteria;o__Burkholderiales;f__Burkholderiaceae;g__Comamonas_B;s__	0.9970166300400939
b09874823156ccba5488d6992b3aa1a1	ASV10d__Bacteria;p__Proteobacteria;c__Gammaproteobacteria;o__Burkholderiales;f__Burkholderiaceae;g__Comamonas_B;s__	0.9968789804679739
9ae620a3684e332b97e8af422c31a12f	ASV16d__Bacteria;p__Proteobacteria;c__Gammaproteobacteria;o__Burkholderiales;f__Chromobacteriaceae;g__Aquitalea;s__	0.9784245558356615
030a1dc6008557a9ec7a090fbdefc297	Unassigned	0.6723495032668759
2c17d00bdd2bcb266ea0dacfa2d21fed	ASV10d__Bacteria;p__Proteobacteria;c__Gammaproteobacteria;o__Burkholderiales;f__Burkholderiaceae;g__Comamonas_B;s__	0.9969526923520872
c8c79d20ed4f05f5e48a0cb798c4006f	ASV31d__Bacteria;p__Proteobacteria;c__Gammaproteobacteria;o__Burkholderiales;f__Burkholderiaceae;g__Delftia;s__Delftia_acidovorans	0.9997883794637078
ae9d5bb62d99647f145ba2265762232b	Unassigned	0.8692119629306889
d5c976bc942cd298175598e2ae2b13fa	ASV29d__Bacteria;p__Proteobacteria;c__Gammaproteobacteria;o__Enterobacterales;f__Enterobacteriaceae;g__Citrobacter;s__Citrobacter_braakii	0.9998611640597981
01c122d38777fe6604afdd72bb961a56	ASV17d__Bacteria;p__Bacteroidota;c__Bacteroidia;o__Sphingobacteriales;f__Sphingobacteriaceae;g__Pedobacter;s__	0.9493473469574143
7fca52ff90fe74fc524279c06e0b03a5	ASV32d__Bacteria;p__Proteobacteria;c__Gammaproteobacteria;o__Burkholderiales;f__Burkholderiaceae;g__Achromobacter;s__	0.9999997452643794
bbc784042b9cada71db9fc673d4c9297	ASV9d__Bacteria;p__Proteobacteria;c__Alphaproteobacteria;o__Caulobacterales;f__Caulobacteraceae;g__Brevundimonas;s__	0.9999999873269162
6ea8228cb56f8a62f932f0e613bca40e	Unassigned	0.5927867993683371
780def74083821a3f0a595c2929defca	ASV14d__Bacteria;p__Proteobacteria;c__Gammaproteobacteria;o__Pseudomonadales;f__Pseudomonadaceae;g__Pseudomonas_E;s__Pseudomonas_E fluorescens_AP	0.9999999987757207
137dceb3fbf16ec5052707cf033760b2	ASV17d__Bacteria;p__Bacteroidota;c__Bacteroidia;o__Sphingobacteriales;f__Sphingobacteriaceae;g__Pedobacter;s__	0.972626333983843
dc2940de598e62f99f3f340ce7793a7a	ASV17d__Bacteria;p__Bacteroidota;c__Bacteroidia;o__Sphingobacteriales;f__Sphingobacteriaceae;g__Pedobacter;s__	0.9743592085374833
f47d9ab320c17989671b14f2017886b8	ASV17d__Bacteria;p__Bacteroidota;c__Bacteroidia;o__Sphingobacteriales;f__Sphingobacteriaceae;g__Pedobacter;s__	0.9674069729206439
427c2db613ed3592554427e647b669f5	ASV32d__Bacteria;p__Proteobacteria;c__Gammaproteobacteria;o__Burkholderiales;f__Burkholderiaceae;g__Achromobacter;s__	0.9999996261758058
ed7a31594c6c7b248933ffb6fe969834	ASV9d__Bacteria;p__Proteobacteria;c__Alphaproteobacteria;o__Caulobacterales;f__Caulobacteraceae;g__Brevundimonas;s__	0.9999999856918153
95ada833caa818d99f1d3c0b91dd46ee	ASV32d__Bacteria;p__Proteobacteria;c__Gammaproteobacteria;o__Burkholderiales;f__Burkholderiaceae;g__Achromobacter;s__	0.9999995572922543
6502339eba36bf1dec4177f4e3c5d3fc	Unassigned	0.8322555481666247
2c36c6bf909a03f7ef842717aed1c8a0	Unassigned	0.8601087275811732
5c617be6fe32a16a5a42dcf45d8a1f34	ASV29d__Bacteria;p__Proteobacteria;c__Gammaproteobacteria;o__Enterobacterales;f__Enterobacteriaceae;g__Citrobacter;s__Citrobacter_braakii	0.9996558340638884
f3357a2a8e044a5dcf25f17daf809c6e	ASV31d__Bacteria;p__Proteobacteria;c__Gammaproteobacteria;o__Burkholderiales;f__Burkholderiaceae;g__Delftia;s__Delftia_acidovorans	0.9997157233961537
2694a6541d3abe68dec254dbd89ca270	ASV34d__Bacteria;p__Bacteroidota;c__Bacteroidia;o__Flavobacteriales;f__Weeksellaceae;g__Elizabethkingia;s__Elizabethkingia_miricola	0.9999999999824922
ff3350266161773c15f8f7a9024a3a19	Unassigned	0.8236203354244327
6a42bf1f0f4f17020d02926208d9a329	ASV9d__Bacteria;p__Proteobacteria;c__Alphaproteobacteria;o__Caulobacterales;f__Caulobacteraceae;g__Brevundimonas;s__	0.9999999873082147
8a8a4a37e166d75e1a555bf3a2340362	ASV5d__Bacteria;p__Proteobacteria;c__Gammaproteobacteria;o__Burkholderiales;f__Chromobacteriaceae;g__Chromobacterium;s__Chromobacteriumsp002213445	0.9997249092702643
45b7c71cd40fc5d93242630ada2fd7d6	ASV34d__Bacteria;p__Bacteroidota;c__Bacteroidia;o__Flavobacteriales;f__Weeksellaceae;g__Elizabethkingia;s__Elizabethkingia_miricola	0.9999999999735394
78ec8a3be246d3ce729308e453c7c81e	ASV10d__Bacteria;p__Proteobacteria;c__Gammaproteobacteria;o__Burkholderiales;f__Burkholderiaceae;g__Comamonas_B;s__	0.9974425787996242
7f197a56eed835a528e4f66b541bdd3d	ASV34d__Bacteria;p__Bacteroidota;c__Bacteroidia;o__Flavobacteriales;f__Weeksellaceae;g__Elizabethkingia;s__Elizabethkingia_miricola	0.9999999999824922
cab43d679f689c74935b7d4cb03dbdf2	ASV34d__Bacteria;p__Bacteroidota;c__Bacteroidia;o__Flavobacteriales;f__Weeksellaceae;g__Elizabethkingia;s__Elizabethkingia_miricola	0.9999999999868265
5fbf8aa554efd558441f7ac13a540a62	ASV14d__Bacteria;p__Proteobacteria;c__Gammaproteobacteria;o__Pseudomonadales;f__Pseudomonadaceae;g__Pseudomonas_E;s__Pseudomonas_E fluorescens_AP	0.9999999995683595
7749e3aaf87515dea4a5d821b7eefc07	Unassigned	0.40273442463001496
6bef8e28ef9411ef88a540affead8402	ASV32d__Bacteria;p__Proteobacteria;c__Gammaproteobacteria;o__Burkholderiales;f__Burkholderiaceae;g__Achromobacter;s__	0.9999994889145851
6b7cd3b3f0bbd8c7ecd631ffd5a99448	ASV29d__Bacteria;p__Proteobacteria;c__Gammaproteobacteria;o__Enterobacterales;f__Enterobacteriaceae;g__Citrobacter;s__Citrobacter_braakii	0.9998515492370342
a0ac9a979643ab6fa6d7ed7d37f17aff	Unassigned	0.6979655460132945
9a036f23d21858e15daf00e9423d16ad	ASV29d__Bacteria;p__Proteobacteria;c__Gammaproteobacteria;o__Enterobacterales;f__Enterobacteriaceae;g__Citrobacter;s__Citrobacter_braakii	0.9997642620916449
5774cff6c669df44a115f045da39e3ca	ASV29d__Bacteria;p__Proteobacteria;c__Gammaproteobacteria;o__Enterobacterales;f__Enterobacteriaceae;g__Citrobacter;s__Citrobacter_braakii	0.9998515339425138
534c9349678d522ba9189f563d2767b1	ASV16d__Bacteria;p__Proteobacteria;c__Gammaproteobacteria;o__Burkholderiales;f__Chromobacteriaceae;g__Aquitalea;s__	0.9942824733326198
37ba825e9a44e77034d5cd6fc824c752	Unassigned	0.5589358233532011
d524a31814c0e5a712ddd1fd3afb2554	Unassigned	0.8178952124013776
1b473fd76d16a1dd9bd298fb895b0244	Unassigned	0.8440671988714408
0aa2858d7780a3a600661b189456a715	ASV29d__Bacteria;p__Proteobacteria;c__Gammaproteobacteria;o__Enterobacterales;f__Enterobacteriaceae;g__Citrobacter;s__Citrobacter_braakii	0.9996274863784071
16234c6c3febd5b45a659e548c688d19	Unassigned	0.6697352100205661
fe110f98627fcb007145c59252a8c43a	Unassigned	0.7358664368937471
80e7eeea6b4e2f25911c1167d39bb15b	Unassigned	0.8048413639274941
91b996289ebad8fd3b9a7468df6a63e3	ASV10d__Bacteria;p__Proteobacteria;c__Gammaproteobacteria;o__Burkholderiales;f__Burkholderiaceae;g__Comamonas_B;s__	0.9980875078096699
e6990e6e7bce9766db6e5e172f9ab120	ASV34d__Bacteria;p__Bacteroidota;c__Bacteroidia;o__Flavobacteriales;f__Weeksellaceae;g__Elizabethkingia;s__Elizabethkingia_miricola	0.9999999999924825
ba6c2bebed69c290cfeef79293850d7d	ASV5d__Bacteria;p__Proteobacteria;c__Gammaproteobacteria;o__Burkholderiales;f__Chromobacteriaceae;g__Chromobacterium;s__Chromobacteriumsp002213445	0.9995959442708184
c145b4c52d8bf70e086a086a448c2940	Unassigned	0.8814824212425956
b61a633f0c6daa9d28883d8c5a7efed0	Unassigned	0.8525739789145848
4a0b292ba716582f9af46694458c0b9b	Unassigned	0.5609370584820403
31f9500b8347352fa155b625d5385764	Unassigned	0.7024258714001559
2df2dca6710e1c59ff2a501bdc877b62	ASV32d__Bacteria;p__Proteobacteria;c__Gammaproteobacteria;o__Burkholderiales;f__Burkholderiaceae;g__Achromobacter;s__	0.9999996373250841
0772fb4a6563594cb17413a2809c3078	Unassigned	0.8423981901731433
4ed47604827a475e1cf98ee2ab7c6801	ASV5d__Bacteria;p__Proteobacteria;c__Gammaproteobacteria;o__Burkholderiales;f__Chromobacteriaceae;g__Chromobacterium;s__Chromobacteriumsp002213445	0.9993320082516902
33ee7441725a2973597cd64efa589cef	ASV32d__Bacteria;p__Proteobacteria;c__Gammaproteobacteria;o__Burkholderiales;f__Burkholderiaceae;g__Achromobacter;s__	0.9999997709036683
5d76151392564f03d1de7b452f03bda2	ASV17d__Bacteria;p__Bacteroidota;c__Bacteroidia;o__Sphingobacteriales;f__Sphingobacteriaceae;g__Pedobacter;s__	0.9583944311276523
85c7e99e883f1e9b8d9a822c265da718	Unassigned	0.8747023783965857
3466498c5bcf6771fb9586778b6dee87	ASV31d__Bacteria;p__Proteobacteria;c__Gammaproteobacteria;o__Burkholderiales;f__Burkholderiaceae;g__Delftia;s__Delftia_acidovorans	0.9997307452707449
7478b8e063c16e98ef9c440f8ee4a91f	ASV9d__Bacteria;p__Proteobacteria;c__Alphaproteobacteria;o__Caulobacterales;f__Caulobacteraceae;g__Brevundimonas;s__	0.9999999808808442
dad325c1e4307b58212167e7e0db888b	ASV28d__Bacteria;p__Bacteroidota;c__Bacteroidia;o__Sphingobacteriales;f__Sphingobacteriaceae;g__Pedobacter;s__	0.9978020953372786
ee4ca56f17f71587fe08ccc5caaddf29	X391_Actinobacteria;Actinomycetales;Microbacteriaceae;Leifsonia	0.9999999999998721
6d92a15f86796185eca50cfefb5cf55f	ASV11d__Bacteria;p__Proteobacteria;c__Gammaproteobacteria;o__Burkholderiales;f__Chromobacteriaceae;g__Aquitalea;s__Aquitaleapelogenes	0.9955541005589913
0f03d9d69845337ca157ab13a123423b	ASV34d__Bacteria;p__Bacteroidota;c__Bacteroidia;o__Flavobacteriales;f__Weeksellaceae;g__Elizabethkingia;s__Elizabethkingia_miricola	0.9999999999869402
2b7c7db3cd77fd2deca7fb4fd2d522ed	Unassigned	0.3406551138938795
6181baf3ad8a5d6fceda6c4cd3c59279	ASV29d__Bacteria;p__Proteobacteria;c__Gammaproteobacteria;o__Enterobacterales;f__Enterobacteriaceae;g__Citrobacter;s__Citrobacter_braakii	0.999003782641441
1ab75f81f06d896defe1a2a976e99bcd	Unassigned	0.5012291155593348
1e3948937ebbac6e4d400ddd52d3e809	ASV14d__Bacteria;p__Proteobacteria;c__Gammaproteobacteria;o__Pseudomonadales;f__Pseudomonadaceae;g__Pseudomonas_E;s__Pseudomonas_E fluorescens_AP	0.999999999770651
f384576536b35608356f408b77a2963f	ASV29d__Bacteria;p__Proteobacteria;c__Gammaproteobacteria;o__Enterobacterales;f__Enterobacteriaceae;g__Citrobacter;s__Citrobacter_braakii	0.999841298200061
7b28c20e72c6c95b3e604f0849245770	ASV21d__Bacteria;p__Proteobacteria;c__Gammaproteobacteria;o__Xanthomonadales;f__Rhodanobacteraceae;g__Dyella;s__	0.7903553520646
f171e96cccf9dcd22dd3bf46844b1cce	Unassigned	0.8581333155484572
277c1be830759e21af21cebdffd7386e	ASV16d__Bacteria;p__Proteobacteria;c__Gammaproteobacteria;o__Burkholderiales;f__Chromobacteriaceae;g__Aquitalea;s__	0.9918634360453582
5b5008f3d943b97bb5987fcdc72b1a25	Unassigned	0.73734632094891
8dd6553e581f495e8884c7f78bea9577	ASV14d__Bacteria;p__Proteobacteria;c__Gammaproteobacteria;o__Pseudomonadales;f__Pseudomonadaceae;g__Pseudomonas_E;s__Pseudomonas_E fluorescens_AP	0.9999999998711502
8954acd5c2b3cd5dcf29f2e42688f82d	ASV29d__Bacteria;p__Proteobacteria;c__Gammaproteobacteria;o__Enterobacterales;f__Enterobacteriaceae;g__Citrobacter;s__Citrobacter_braakii	0.9994938063883518
20a7aa268cdc6443e94e5b35773e1a22	Unassigned	0.7872344647957835
1be0971ed9fc8e1af6b3b4b1b41d1e9e	X391_Actinobacteria;Actinomycetales;Microbacteriaceae;Leifsonia	0.999999999999801
5c316f2014b3dbe6847768a8a96fa33c	ASV32d__Bacteria;p__Proteobacteria;c__Gammaproteobacteria;o__Burkholderiales;f__Burkholderiaceae;g__Achromobacter;s__	0.9999989635185613
aa245ffa3b8090c89696678193352059	ASV34d__Bacteria;p__Bacteroidota;c__Bacteroidia;o__Flavobacteriales;f__Weeksellaceae;g__Elizabethkingia;s__Elizabethkingia_miricola	0.9999999999862865
73b97b610a9ac02b874f86785ebb9612	Unassigned	0.852974082120957
2c90aa13e4fb4cc42f1762d9decff415	Unassigned	0.5810029423842631
22b7088442ec7e860dc4bf72666c1003	ASV17d__Bacteria;p__Bacteroidota;c__Bacteroidia;o__Sphingobacteriales;f__Sphingobacteriaceae;g__Pedobacter;s__	0.9510986673131928
71636b2300c3546b7b683b60c29e11bb	Unassigned	0.3728728999289276
40ac849a211391ac99f22c71020251bf	ASV11d__Bacteria;p__Proteobacteria;c__Gammaproteobacteria;o__Burkholderiales;f__Chromobacteriaceae;g__Aquitalea;s__Aquitaleapelogenes	0.9939383980775209
478990460a436f73f61581cd87f4d1bd	Unassigned	0.8692336258215441
0dab0343914523cd209d15ea09590181	ASV9d__Bacteria;p__Proteobacteria;c__Alphaproteobacteria;o__Caulobacterales;f__Caulobacteraceae;g__Brevundimonas;s__	0.9999999853178566
1812d57ce0e00f7c589462ed1305a25f	ASV29d__Bacteria;p__Proteobacteria;c__Gammaproteobacteria;o__Enterobacterales;f__Enterobacteriaceae;g__Citrobacter;s__Citrobacter_braakii	0.9998159266162896
d0cb0b3c314b59da15602d3d8e1cc506	ASV29d__Bacteria;p__Proteobacteria;c__Gammaproteobacteria;o__Enterobacterales;f__Enterobacteriaceae;g__Citrobacter;s__Citrobacter_braakii	0.9997739507184604
e7771645cff97ebf784c3cad9338e3bc	ASV9d__Bacteria;p__Proteobacteria;c__Alphaproteobacteria;o__Caulobacterales;f__Caulobacteraceae;g__Brevundimonas;s__	0.9999999897113696
5c7588ed4b9bc4343ee462466ead1be0	ASV14d__Bacteria;p__Proteobacteria;c__Gammaproteobacteria;o__Pseudomonadales;f__Pseudomonadaceae;g__Pseudomonas_E;s__Pseudomonas_E fluorescens_AP	0.9999999993219433
b9c619245508842b816b72aca1706451	ASV10d__Bacteria;p__Proteobacteria;c__Gammaproteobacteria;o__Burkholderiales;f__Burkholderiaceae;g__Comamonas_B;s__	0.9962759496893702
256c1146473e5f9115072467eb3be862	Unassigned	0.8034373313455583
53c131b7dbdf37462efd676d25eb2d74	ASV31d__Bacteria;p__Proteobacteria;c__Gammaproteobacteria;o__Burkholderiales;f__Burkholderiaceae;g__Delftia;s__Delftia_acidovorans	0.9998305061373832
190bbf1e21feb6d6a40c5e34d4448e39	Unassigned	0.8544933867096943
0c78301520f7f97fe70172a140a05790	ASV14d__Bacteria;p__Proteobacteria;c__Gammaproteobacteria;o__Pseudomonadales;f__Pseudomonadaceae;g__Pseudomonas_E;s__Pseudomonas_E fluorescens_AP	0.9999999996939124
429febd89f6f8ef7ac3cb9b9aad56159	ASV16d__Bacteria;p__Proteobacteria;c__Gammaproteobacteria;o__Burkholderiales;f__Chromobacteriaceae;g__Aquitalea;s__	0.994072970800525
2de3ef4793ef46adc20e96cd8c56654b	ASV14d__Bacteria;p__Proteobacteria;c__Gammaproteobacteria;o__Pseudomonadales;f__Pseudomonadaceae;g__Pseudomonas_E;s__Pseudomonas_E fluorescens_AP	0.9999999999522089
fda854ec311d48785edcebc3cdb1e9dc	ASV5d__Bacteria;p__Proteobacteria;c__Gammaproteobacteria;o__Burkholderiales;f__Chromobacteriaceae;g__Chromobacterium;s__Chromobacteriumsp002213445	0.999726287530692
50b624004c35023bbd839c39fe3c25cc	Unassigned	0.5841279824567799
ae3e47f8ab5955495dffa7f708d54007	Unassigned	0.6707260512045724
db47778f9a52fd24aa3a3754423bffcf	ASV29d__Bacteria;p__Proteobacteria;c__Gammaproteobacteria;o__Enterobacterales;f__Enterobacteriaceae;g__Citrobacter;s__Citrobacter_braakii	0.9995183025476023
0ad27bf7e96891c6a358c21abecbaaaa	ASV29d__Bacteria;p__Proteobacteria;c__Gammaproteobacteria;o__Enterobacterales;f__Enterobacteriaceae;g__Citrobacter;s__Citrobacter_braakii	0.9998735626813826
07043e867745462d5cc74299f30779e2	Unassigned	0.6253525452555728
8488baa261c8da82ac4ea1c1d2e403fd	ASV10d__Bacteria;p__Proteobacteria;c__Gammaproteobacteria;o__Burkholderiales;f__Burkholderiaceae;g__Comamonas_B;s__	0.9933111085197507
4f3bc821913e47dc04073588deccd2ec	Unassigned	0.7617864098851218
04f23fcea09901b71666d543cd7fe955	Unassigned	0.8330004182217481
34946d16b6ad71e402e02b60ae3878f0	ASV17d__Bacteria;p__Bacteroidota;c__Bacteroidia;o__Sphingobacteriales;f__Sphingobacteriaceae;g__Pedobacter;s__	0.9607900270531436
b306818336e7658f6f481e3140a2373e	Unassigned	0.834580511336017
1cd19f5e07b062f1cea089edb2288d72	ASV29d__Bacteria;p__Proteobacteria;c__Gammaproteobacteria;o__Enterobacterales;f__Enterobacteriaceae;g__Citrobacter;s__Citrobacter_braakii	0.9998451705137059
96e3539dc830991a2951e0be72b48aac	ASV17d__Bacteria;p__Bacteroidota;c__Bacteroidia;o__Sphingobacteriales;f__Sphingobacteriaceae;g__Pedobacter;s__	0.9738122245818238
35ffcc3b809d667286737d79670b8de5	X391_Actinobacteria;Actinomycetales;Microbacteriaceae;Leifsonia	0.99640582793237
4d1ab296863273187dbb3c6538ce0edb	Unassigned	0.8149062981935297
222ceda4a20c165555186b00b46658dd	Unassigned	0.7053992696869136
23f0be841e6ab5bc2795327943eee574	Unassigned	0.8691057941389759
f364f8073d6330e0a802c13be9cb389b	Unassigned	0.6843940181694489
80f8f610727472000c451b8c21507926	ASV17d__Bacteria;p__Bacteroidota;c__Bacteroidia;o__Sphingobacteriales;f__Sphingobacteriaceae;g__Pedobacter;s__	0.8712877688638899
f1340c2ae1eff3184a570f25a6e0719b	ASV29d__Bacteria;p__Proteobacteria;c__Gammaproteobacteria;o__Enterobacterales;f__Enterobacteriaceae;g__Citrobacter;s__Citrobacter_braakii	0.9998573080064878
76929876e0962c86244ec9a0977d799e	ASV16d__Bacteria;p__Proteobacteria;c__Gammaproteobacteria;o__Burkholderiales;f__Chromobacteriaceae;g__Aquitalea;s__	0.9891398725549081
807db3610902837f042d6b17f0b06187	ASV14d__Bacteria;p__Proteobacteria;c__Gammaproteobacteria;o__Pseudomonadales;f__Pseudomonadaceae;g__Pseudomonas_E;s__Pseudomonas_E fluorescens_AP	0.999999999779476
169729dda30e7d01141f2155cdd984c2	ASV2d__Bacteria;p__Bacteroidota;c__Bacteroidia;o__Sphingobacteriales;f__Sphingobacteriaceae;g__Pedobacter;s__	0.9997542453716795
c73664da38f91b17c09b10ba263986df	Unassigned	0.8607644821456826
4b49ef7b608d576dfa3ce6366af3fde4	ASV17d__Bacteria;p__Bacteroidota;c__Bacteroidia;o__Sphingobacteriales;f__Sphingobacteriaceae;g__Pedobacter;s__	0.9655157399052048
1f3edac59aaf7f4d67c8aab5fe7ca2cc	Unassigned	0.6144262463609378
0ccdaf6bbf7e0c647eeff46ab2815396	ASV5d__Bacteria;p__Proteobacteria;c__Gammaproteobacteria;o__Burkholderiales;f__Chromobacteriaceae;g__Chromobacterium;s__Chromobacteriumsp002213445	0.999788864840606
ec80193fca463f91bbf4fcff8711781c	Unassigned	0.8957231336938626
d14fb19f13e613d4941fa00b2c43b2ef	ASV14d__Bacteria;p__Proteobacteria;c__Gammaproteobacteria;o__Pseudomonadales;f__Pseudomonadaceae;g__Pseudomonas_E;s__Pseudomonas_E fluorescens_AP	0.9999999998318003
6928971040e6116b9a3f5c9c9bf41adb	Unassigned	0.4161663857881601
39d7bd48e8149d28964f8724762fa7ab	ASV17d__Bacteria;p__Bacteroidota;c__Bacteroidia;o__Sphingobacteriales;f__Sphingobacteriaceae;g__Pedobacter;s__	0.9543315681914801
1ecac09af7c7c637f34051585f95584f	ASV9d__Bacteria;p__Proteobacteria;c__Alphaproteobacteria;o__Caulobacterales;f__Caulobacteraceae;g__Brevundimonas;s__	0.7230357881598047
f756c8d2d92b897c1f70cab7fb9a17ee	ASV5d__Bacteria;p__Proteobacteria;c__Gammaproteobacteria;o__Burkholderiales;f__Chromobacteriaceae;g__Chromobacterium;s__Chromobacteriumsp002213445	0.9997157100078503
a3026304c28d8d4c4823ad159369be21	Unassigned	0.7420556806445912
b33de084e7ec52f485c7f640cd92fd84	Unassigned	0.812231086240144
fe0ccf08a8c6cba312f26704d1862d5f	ASV28d__Bacteria;p__Bacteroidota;c__Bacteroidia;o__Sphingobacteriales;f__Sphingobacteriaceae;g__Pedobacter;s__	0.9988828724127083
63588349c89d6fe0bdb2ff6865ccff23	ASV14d__Bacteria;p__Proteobacteria;c__Gammaproteobacteria;o__Pseudomonadales;f__Pseudomonadaceae;g__Pseudomonas_E;s__Pseudomonas_E fluorescens_AP	0.9999999997468336
b12a76e70dbc3ff102f80c982caec79c	ASV31d__Bacteria;p__Proteobacteria;c__Gammaproteobacteria;o__Burkholderiales;f__Burkholderiaceae;g__Delftia;s__Delftia_acidovorans	0.9997431301079566
9adc5ead2263e7e73189a16ebffb1279	ASV16d__Bacteria;p__Proteobacteria;c__Gammaproteobacteria;o__Burkholderiales;f__Chromobacteriaceae;g__Aquitalea;s__	0.9938629269104645
44e60ab17c024871521031e23c21a900	ASV34d__Bacteria;p__Bacteroidota;c__Bacteroidia;o__Flavobacteriales;f__Weeksellaceae;g__Elizabethkingia;s__Elizabethkingia_miricola	0.9999999999856328
0920dcf0f62fb2b3ab9e32f1c4edec37	ASV31d__Bacteria;p__Proteobacteria;c__Gammaproteobacteria;o__Burkholderiales;f__Burkholderiaceae;g__Delftia;s__Delftia_acidovorans	0.9943138047835738
0df024f53308312cfe4e30ae54635c77	Unassigned	0.6094718758497031
801de3401adeb9b6ea50e950580f6faf	Unassigned	0.7781457007660276
c7edc3f1d3f2e998fba81e47e8bcea31	Unassigned	0.6449906177224034
2862068795edec102cec44a24e007f19	ASV2d__Bacteria;p__Bacteroidota;c__Bacteroidia;o__Sphingobacteriales;f__Sphingobacteriaceae;g__Pedobacter;s__	0.9996083669883866
416ff08eb54cd34ab75ae946c1ea4a85	ASV5d__Bacteria;p__Proteobacteria;c__Gammaproteobacteria;o__Burkholderiales;f__Chromobacteriaceae;g__Chromobacterium;s__Chromobacteriumsp002213445	0.99947363355491
e7a73aab791c9e4bb474dda56652d419	ASV34d__Bacteria;p__Bacteroidota;c__Bacteroidia;o__Flavobacteriales;f__Weeksellaceae;g__Elizabethkingia;s__Elizabethkingia_miricola	0.9999999999888729
ee7a2690ebbf185ddffa5ac08e6ef9c9	ASV14d__Bacteria;p__Proteobacteria;c__Gammaproteobacteria;o__Pseudomonadales;f__Pseudomonadaceae;g__Pseudomonas_E;s__Pseudomonas_E fluorescens_AP	0.9999999997441904
5326b6d9c29d43150029caf8e8a5cfa4	ASV16d__Bacteria;p__Proteobacteria;c__Gammaproteobacteria;o__Burkholderiales;f__Chromobacteriaceae;g__Aquitalea;s__	0.9889453933379861
ac60790e44c33e5890a52b7c494ad5e5	ASV16d__Bacteria;p__Proteobacteria;c__Gammaproteobacteria;o__Burkholderiales;f__Chromobacteriaceae;g__Aquitalea;s__	0.9882972995565624
829b29a210fbd7232ceb63cd1d378fcb	Unassigned	0.4812696550257317
209b0f9c375da503e050c43a24e70855	Unassigned	0.3727554213865403
9f02839251e1419ee447381f263b14ed	Unassigned	0.6591457615651855
56585f35ebd5628fcff532018a7c9529	ASV14d__Bacteria;p__Proteobacteria;c__Gammaproteobacteria;o__Pseudomonadales;f__Pseudomonadaceae;g__Pseudomonas_E;s__Pseudomonas_E fluorescens_AP	0.999999999822208
ce4578078331bde2e24dcf2b54886050	ASV34d__Bacteria;p__Bacteroidota;c__Bacteroidia;o__Flavobacteriales;f__Weeksellaceae;g__Elizabethkingia;s__Elizabethkingia_miricola	0.999999999983487
0e36614badd0bba795101c695df8aab8	ASV31d__Bacteria;p__Proteobacteria;c__Gammaproteobacteria;o__Burkholderiales;f__Burkholderiaceae;g__Delftia;s__Delftia_acidovorans	0.999776277054172
f8f834a8ec3d05c9b5374b73ca2fd0ef	ASV28d__Bacteria;p__Bacteroidota;c__Bacteroidia;o__Sphingobacteriales;f__Sphingobacteriaceae;g__Pedobacter;s__	0.9992484267177479
e93b890f5370906d19e27cdeee4e8f05	Unassigned	0.3673306912016645
f11585f399e4d3157e95b7440bb76853	ASV14d__Bacteria;p__Proteobacteria;c__Gammaproteobacteria;o__Pseudomonadales;f__Pseudomonadaceae;g__Pseudomonas_E;s__Pseudomonas_E fluorescens_AP	0.9999999998631637
9cfbb69162a6bf213212cb5a8e0277e2	ASV5d__Bacteria;p__Proteobacteria;c__Gammaproteobacteria;o__Burkholderiales;f__Chromobacteriaceae;g__Chromobacterium;s__Chromobacteriumsp002213445	0.9997833494337399
3079db6ec325f4a8af878d1b73f08d38	ASV14d__Bacteria;p__Proteobacteria;c__Gammaproteobacteria;o__Pseudomonadales;f__Pseudomonadaceae;g__Pseudomonas_E;s__Pseudomonas_E fluorescens_AP	0.9999999998686349
5718916b89bccd0a5dd366c0eac86f2c	Unassigned	0.6958352390895923
bbb4fdd1ccd8c51ca8bcf1cfea6bdd86	ASV14d__Bacteria;p__Proteobacteria;c__Gammaproteobacteria;o__Pseudomonadales;f__Pseudomonadaceae;g__Pseudomonas_E;s__Pseudomonas_E fluorescens_AP	0.9999999996115889
6aaac37f56d07ffcea4fe9ef1cd00d2f	Unassigned	0.6886477446077283
3fe308f1d52515a1b1a36ebf2e9b00d3	ASV14d__Bacteria;p__Proteobacteria;c__Gammaproteobacteria;o__Pseudomonadales;f__Pseudomonadaceae;g__Pseudomonas_E;s__Pseudomonas_E fluorescens_AP	0.9999999997716174
83f44f5fc1a38e2d588c124c0bc4c56c	ASV29d__Bacteria;p__Proteobacteria;c__Gammaproteobacteria;o__Enterobacterales;f__Enterobacteriaceae;g__Citrobacter;s__Citrobacter_braakii	0.9998805313162694
f9b855a2bb593684fbaf3f7ba867410f	Unassigned	0.37023651883057995
9580aa8a52ec18a4e92e701cdb595faa	Unassigned	0.7811097706590912
af3bf555aea0465ed4aa9e1e89a57119	ASV34d__Bacteria;p__Bacteroidota;c__Bacteroidia;o__Flavobacteriales;f__Weeksellaceae;g__Elizabethkingia;s__Elizabethkingia_miricola	0.9999999999852065
035063922946fe25a2e6fc8c9f634065	ASV29d__Bacteria;p__Proteobacteria;c__Gammaproteobacteria;o__Enterobacterales;f__Enterobacteriaceae;g__Citrobacter;s__Citrobacter_braakii	0.9996646210613022
f9c043ef38507bdb31ce4b74c46799cd	Unassigned	0.748657539465023
b362bb297798950fd74d89e5a8979544	Unassigned	0.5039323007700764
04b4c261c1d2839b8b7f5bf754417841	Unassigned	0.7650141380484261
635cf77d4b7b5cae1152716d2818f32e	ASV29d__Bacteria;p__Proteobacteria;c__Gammaproteobacteria;o__Enterobacterales;f__Enterobacteriaceae;g__Citrobacter;s__Citrobacter_braakii	0.9996716676252978
ac42f2fcabc3311276e9048c49f9d4ef	ASV31d__Bacteria;p__Proteobacteria;c__Gammaproteobacteria;o__Burkholderiales;f__Burkholderiaceae;g__Delftia;s__Delftia_acidovorans	0.9995019431997701
e17e059c7efe97b940ef5985581e403e	Unassigned	0.6995665441990626
ed5f370d700cfcfa212dc5745d3d94b7	Unassigned	0.8843421095650968
9a11519b456ae008597904edb15a28c1	ASV9d__Bacteria;p__Proteobacteria;c__Alphaproteobacteria;o__Caulobacterales;f__Caulobacteraceae;g__Brevundimonas;s__	0.99999999309928
a3ec92d9b2e4e604ede45b0933f4528f	Unassigned	0.8201317774555474
753a64677754057e21e84836e1acd7f1	Unassigned	0.7925086971748753
e8c8a2e53437bb9f72f2060141a895d9	ASV14d__Bacteria;p__Proteobacteria;c__Gammaproteobacteria;o__Pseudomonadales;f__Pseudomonadaceae;g__Pseudomonas_E;s__Pseudomonas_E fluorescens_AP	0.9999999997350955
1c7f44add6209f735a9879e558ff600d	ASV31d__Bacteria;p__Proteobacteria;c__Gammaproteobacteria;o__Burkholderiales;f__Burkholderiaceae;g__Delftia;s__Delftia_acidovorans	0.9994148422758014
18a88158fe726d720f82034fba7c35de	ASV5d__Bacteria;p__Proteobacteria;c__Gammaproteobacteria;o__Burkholderiales;f__Chromobacteriaceae;g__Chromobacterium;s__Chromobacteriumsp002213445	0.9994476469325969
2c6f36af32f4195494aa2f0c72eccb9b	ASV11d__Bacteria;p__Proteobacteria;c__Gammaproteobacteria;o__Burkholderiales;f__Chromobacteriaceae;g__Aquitalea;s__Aquitaleapelogenes	0.9944460194264293
98c28b66f530f0855721850d65b8b294	X491_Betaproteobacteria;Burkholderiales;Burkholderiaceae;Pandoraea	0.9967104583863514
4982f2f7fda4d79f70a791359365f047	X391_Actinobacteria;Actinomycetales;Microbacteriaceae;Leifsonia	0.9999999999998579
65129e835428fe597874a78b0569f9e3	ASV31d__Bacteria;p__Proteobacteria;c__Gammaproteobacteria;o__Burkholderiales;f__Burkholderiaceae;g__Delftia;s__Delftia_acidovorans	0.9997797420006657
fb753fb8b0281d621acdc48285194985	ASV16d__Bacteria;p__Proteobacteria;c__Gammaproteobacteria;o__Burkholderiales;f__Chromobacteriaceae;g__Aquitalea;s__	0.9938813312977806
9cc051d1639e5ce153c9882308617a9f	ASV34d__Bacteria;p__Bacteroidota;c__Bacteroidia;o__Flavobacteriales;f__Weeksellaceae;g__Elizabethkingia;s__Elizabethkingia_miricola	0.9999999999070184
675e722c16cdd67b0b3e3dbb3d2a26b2	Unassigned	0.7046332980564278
c99b355be14d1a70270d6661885b2608	ASV32d__Bacteria;p__Proteobacteria;c__Gammaproteobacteria;o__Burkholderiales;f__Burkholderiaceae;g__Achromobacter;s__	0.999999703066878
87535691a87301f3b3f597488ff16630	Unassigned	0.8470662223275182
11ea7e15ce718221c8be5d1eea7e2b9b	ASV29d__Bacteria;p__Proteobacteria;c__Gammaproteobacteria;o__Enterobacterales;f__Enterobacteriaceae;g__Citrobacter;s__Citrobacter_braakii	0.9995217990625237
177bb5fa708b9055076666af1756e6ca	ASV32d__Bacteria;p__Proteobacteria;c__Gammaproteobacteria;o__Burkholderiales;f__Burkholderiaceae;g__Achromobacter;s__	0.9999997680000219
83981f97d175332308a2b3ea45010702	Unassigned	0.8533278757196521
f46d8fb8e04a13ede8209f59d8a792ce	Unassigned	0.806074516105761
a927fa934cf9d977992764c4dcba0b7d	Unassigned	0.8122974026299676
65d43491988bfe557da4d86a5ba25dae	Unassigned	0.3530026139774113
a91ad127d11eb80400f915f3eeaf3175	Unassigned	0.8195647678107245
512b99e88c1c3e14215e3f6a802928c7	Unassigned	0.6385369672056422
b492eb2920fa577084b68ece90113a45	ASV11d__Bacteria;p__Proteobacteria;c__Gammaproteobacteria;o__Burkholderiales;f__Chromobacteriaceae;g__Aquitalea;s__Aquitaleapelogenes	0.9948189375730745
58787fdb8dfa3708aa3c2cf5be04ad34	ASV28d__Bacteria;p__Bacteroidota;c__Bacteroidia;o__Sphingobacteriales;f__Sphingobacteriaceae;g__Pedobacter;s__	0.9990632284660376
2b33752353804e5616919765189fded9	Unassigned	0.6856083563519417
c88e749977f3af1b20c46ddde7898aa9	Unassigned	0.8292198132395177
5d98e8d4ca945fd2aad8c7b250565559	ASV29d__Bacteria;p__Proteobacteria;c__Gammaproteobacteria;o__Enterobacterales;f__Enterobacteriaceae;g__Citrobacter;s__Citrobacter_braakii	0.9998726496411706
5e8726e70de9dcd6669b7d5d54da0515	Unassigned	0.6684001336258725
76086e61a677a996c76e4c0462f23c28	Unassigned	0.8817694290879391
7ffe17bca48ea926dd5f33390fade703	ASV32d__Bacteria;p__Proteobacteria;c__Gammaproteobacteria;o__Burkholderiales;f__Burkholderiaceae;g__Achromobacter;s__	0.9999985610926082
75006d1b016bedbd6f7107fb21ee695a	ASV14d__Bacteria;p__Proteobacteria;c__Gammaproteobacteria;o__Pseudomonadales;f__Pseudomonadaceae;g__Pseudomonas_E;s__Pseudomonas_E fluorescens_AP	0.9999999999404281
d21b284f553c9338001e60e99930d0eb	ASV2d__Bacteria;p__Bacteroidota;c__Bacteroidia;o__Sphingobacteriales;f__Sphingobacteriaceae;g__Pedobacter;s__	0.9995577112535527
a1262ddd2decbbc49fa1c198500878e5	Unassigned	0.8597336115801494
f2f2eae899c6c7cd5f3bfd5b737b166f	ASV29d__Bacteria;p__Proteobacteria;c__Gammaproteobacteria;o__Enterobacterales;f__Enterobacteriaceae;g__Citrobacter;s__Citrobacter_braakii	0.9998105891302168
ed3dbb7ca6baf88a9a20f80148832285	ASV32d__Bacteria;p__Proteobacteria;c__Gammaproteobacteria;o__Burkholderiales;f__Burkholderiaceae;g__Achromobacter;s__	0.9999997945308008
88f86681b2cd2f38639ec0ea743e10c2	Unassigned	0.881424507727539
fbc69f25aa2a30faae49ed0dc8ff7931	ASV14d__Bacteria;p__Proteobacteria;c__Gammaproteobacteria;o__Pseudomonadales;f__Pseudomonadaceae;g__Pseudomonas_E;s__Pseudomonas_E fluorescens_AP	0.9999999991899386
8149bc7639be6543a9bab772d9d6d6be	Unassigned	0.756701534798171
516a67156dacfa4341327a7e2a22f877	Unassigned	0.6263273320484337
8236bace1e8fed4ace409ce1a012b759	Unassigned	0.842448691766331
451c6380efb2e573034e61c7c456ae39	ASV32d__Bacteria;p__Proteobacteria;c__Gammaproteobacteria;o__Burkholderiales;f__Burkholderiaceae;g__Achromobacter;s__	0.9999993118319376
b68d9934992a2611da2d34ab726e1118	ASV14d__Bacteria;p__Proteobacteria;c__Gammaproteobacteria;o__Pseudomonadales;f__Pseudomonadaceae;g__Pseudomonas_E;s__Pseudomonas_E fluorescens_AP	0.9999999997257589
09f1c31c24403891f3cd248752255dc8	ASV9d__Bacteria;p__Proteobacteria;c__Alphaproteobacteria;o__Caulobacterales;f__Caulobacteraceae;g__Brevundimonas;s__	0.9999999945854512
14746703dac62889497bd6727e01db14	Unassigned	0.4253241969626118
62628e9d7abdf9410879ea3d28050934	ASV5d__Bacteria;p__Proteobacteria;c__Gammaproteobacteria;o__Burkholderiales;f__Chromobacteriaceae;g__Chromobacterium;s__Chromobacteriumsp002213445	0.9993858651647195
62164cb059aaca5b0d54db1ff09b9268	ASV16d__Bacteria;p__Proteobacteria;c__Gammaproteobacteria;o__Burkholderiales;f__Chromobacteriaceae;g__Aquitalea;s__	0.9938404351892288
62753f82764250f331661bc8999a0a6d	Unassigned	0.8029870289745649
0838914cf8494c1f46478ed10d73afeb	Unassigned	0.8484144243144565
17ba61f3a14497138924d819d0e2243f	ASV17d__Bacteria;p__Bacteroidota;c__Bacteroidia;o__Sphingobacteriales;f__Sphingobacteriaceae;g__Pedobacter;s__	0.9696565561019678
68f67af70cdf3f708db017f65899cc1d	X391_Actinobacteria;Actinomycetales;Microbacteriaceae;Leifsonia	0.9999806261316807
cceca90da9b5eee6f30b9c2b50e678c2	ASV5d__Bacteria;p__Proteobacteria;c__Gammaproteobacteria;o__Burkholderiales;f__Chromobacteriaceae;g__Chromobacterium;s__Chromobacteriumsp002213445	0.9998050259012706
36d4cd6e3867a3bea5b613a529155e70	ASV14d__Bacteria;p__Proteobacteria;c__Gammaproteobacteria;o__Pseudomonadales;f__Pseudomonadaceae;g__Pseudomonas_E;s__Pseudomonas_E fluorescens_AP	0.9999999999027267
2b39e663c2d2613f606ac576e64b3459	ASV5d__Bacteria;p__Proteobacteria;c__Gammaproteobacteria;o__Burkholderiales;f__Chromobacteriaceae;g__Chromobacterium;s__Chromobacteriumsp002213445	0.9998018924788997
be575e29dfecc79ac7f16f9656167656	ASV29d__Bacteria;p__Proteobacteria;c__Gammaproteobacteria;o__Enterobacterales;f__Enterobacteriaceae;g__Citrobacter;s__Citrobacter_braakii	0.9998515467458718
d8902e110bd0fb3ca8dd45bcd77241ad	ASV34d__Bacteria;p__Bacteroidota;c__Bacteroidia;o__Flavobacteriales;f__Weeksellaceae;g__Elizabethkingia;s__Elizabethkingia_miricola	0.9999999999906493
8bfa3392cea8f8f65bcb46ee4a95d91d	ASV17d__Bacteria;p__Bacteroidota;c__Bacteroidia;o__Sphingobacteriales;f__Sphingobacteriaceae;g__Pedobacter;s__	0.985635376008777
f862846eeec23cee3e3ed61748793d8f	Unassigned	0.5813622074770881
b02dcbcaca10130a98da72c1d6a0322c	Unassigned	0.773372601522583
08f254ac9c8279355d5f2c027b10c0e0	Unassigned	0.7418144503072996
2089b958cd98d80601d3abb4d36fbebf	ASV5d__Bacteria;p__Proteobacteria;c__Gammaproteobacteria;o__Burkholderiales;f__Chromobacteriaceae;g__Chromobacterium;s__Chromobacteriumsp002213445	0.9995331109038049
2a49725bcf3117e363c934215e1b3021	ASV32d__Bacteria;p__Proteobacteria;c__Gammaproteobacteria;o__Burkholderiales;f__Burkholderiaceae;g__Achromobacter;s__	0.9999993122872246
d6dbee23690614f762166a1a09f11c89	X263_Sphingobacteriia;Sphingobacteriales;Chitinophagaceae; Chitinophaga	0.9999999999722178
cd45e92fe180bd1166765031e640903b	X391_Actinobacteria;Actinomycetales;Microbacteriaceae;Leifsonia	0.9999999999998721
03154888bbb6133227bc5c8cc8b19916	ASV2d__Bacteria;p__Bacteroidota;c__Bacteroidia;o__Sphingobacteriales;f__Sphingobacteriaceae;g__Pedobacter;s__	0.9997573412853379
7fe430a0cb83f4964a1dcd1d7fad6abf	Unassigned	0.8673650533334569
7386c040c949ab8a3465997f70549693	ASV34d__Bacteria;p__Bacteroidota;c__Bacteroidia;o__Flavobacteriales;f__Weeksellaceae;g__Elizabethkingia;s__Elizabethkingia_miricola	0.9999999999759694
ab9cbdd059ddcaf98e75b05fc880d8e6	ASV34d__Bacteria;p__Bacteroidota;c__Bacteroidia;o__Flavobacteriales;f__Weeksellaceae;g__Elizabethkingia;s__Elizabethkingia_miricola	0.9999999999773763
1689d4dd206069863dd77ae65ca3d0a4	Unassigned	0.7681969472746517
76200b14000c2891ed9696a3cde0608a	Unassigned	0.8722569847407872
e68bff3e5c0f5a800f73368a7ab1d8da	ASV29d__Bacteria;p__Proteobacteria;c__Gammaproteobacteria;o__Enterobacterales;f__Enterobacteriaceae;g__Citrobacter;s__Citrobacter_braakii	0.9988554477959924
9511950849d9a72d27e589a98f1e8a2f	ASV2d__Bacteria;p__Bacteroidota;c__Bacteroidia;o__Sphingobacteriales;f__Sphingobacteriaceae;g__Pedobacter;s__	0.9994608433616129
0c579d21280801f02a641e1608606927	X391_Actinobacteria;Actinomycetales;Microbacteriaceae;Leifsonia	0.9999999647428559
ba35512dba200345b9afeb7e042c3fa8	ASV11d__Bacteria;p__Proteobacteria;c__Gammaproteobacteria;o__Burkholderiales;f__Chromobacteriaceae;g__Aquitalea;s__Aquitaleapelogenes	0.9958208674392767
6ccded8a6908ab1f5eff07b773ba7145	ASV32d__Bacteria;p__Proteobacteria;c__Gammaproteobacteria;o__Burkholderiales;f__Burkholderiaceae;g__Achromobacter;s__	0.9999997054826658
158d4cd98a6dee75e7168cf5c1f5d740	ASV34d__Bacteria;p__Bacteroidota;c__Bacteroidia;o__Flavobacteriales;f__Weeksellaceae;g__Elizabethkingia;s__Elizabethkingia_miricola	0.9999999999901803
7c18faac64120ddbd81f5d6da4e774cb	ASV29d__Bacteria;p__Proteobacteria;c__Gammaproteobacteria;o__Enterobacterales;f__Enterobacteriaceae;g__Citrobacter;s__Citrobacter_braakii	0.9996994339933645
07018a09f28056f5e6dde1bf7e5d9fce	Unassigned	0.89541567720046
7358777d39b88afa2fb397655841daf5	ASV32d__Bacteria;p__Proteobacteria;c__Gammaproteobacteria;o__Burkholderiales;f__Burkholderiaceae;g__Achromobacter;s__	0.9999997185860791
9cbadd42d0f24944c18f0033d3107d36	Unassigned	0.8464931133650478
1c08647163416428c95999293ecf8eb4	ASV16d__Bacteria;p__Proteobacteria;c__Gammaproteobacteria;o__Burkholderiales;f__Chromobacteriaceae;g__Aquitalea;s__	0.9956310442901432
6812650403d89a110fdcc879348adf21	Unassigned	0.8247222710556017
fcd43ff114903770df74de79184bfb35	Unassigned	0.5918713886583048
ce3f8da4374d65307b6dec62c75fad3f	Unassigned	0.6710005549634802
c045761cfe0fc4e591166fefed6a198f	X391_Actinobacteria;Actinomycetales;Microbacteriaceae;Leifsonia	0.9999999999998437
9151099e8e7b4448f4749fc535220cfd	ASV16d__Bacteria;p__Proteobacteria;c__Gammaproteobacteria;o__Burkholderiales;f__Chromobacteriaceae;g__Aquitalea;s__	0.9942940494755639
69617cf843982cdeecd2e44720dd00d0	ASV17d__Bacteria;p__Bacteroidota;c__Bacteroidia;o__Sphingobacteriales;f__Sphingobacteriaceae;g__Pedobacter;s__	0.971340359929122
959b9a53f413963f0de2b48bc4ceaece	Unassigned	0.5770019025903469
31d714db6711d44a7c92207297d894e9	Unassigned	0.8188078577674187
bcf2b2be1e0f1ce1aae9aa9f9809b195	ASV32d__Bacteria;p__Proteobacteria;c__Gammaproteobacteria;o__Burkholderiales;f__Burkholderiaceae;g__Achromobacter;s__	0.9999996069863277
4833e3e37bfcd4191d9f6e70e23e82d7	ASV8d__Bacteria;p__Proteobacteria;c__Alphaproteobacteria;o__Rhizobiales;f__Rhizobiaceae;g__Rhizobium;s__	0.9999999850405034
bc610d8b866fc187111bb168e37e727c	ASV32d__Bacteria;p__Proteobacteria;c__Gammaproteobacteria;o__Burkholderiales;f__Burkholderiaceae;g__Achromobacter;s__	0.9999997241415838
9e365bab9321f25de2fe398913c7687c	ASV8d__Bacteria;p__Proteobacteria;c__Alphaproteobacteria;o__Rhizobiales;f__Rhizobiaceae;g__Rhizobium;s__	0.9999999539724922
c3ce1f959643e12d5454978228a08857	Unassigned	0.8233440594072193
fddadfa1ae7787af215faf048468ce86	ASV34d__Bacteria;p__Bacteroidota;c__Bacteroidia;o__Flavobacteriales;f__Weeksellaceae;g__Elizabethkingia;s__Elizabethkingia_miricola	0.9999999999860165
9e701e82d552ee66d9007fa3883b6560	Unassigned	0.6155226008466717
21a44a9ade31b4744d738fef9c943f28	Unassigned	0.7331611967029787
b6285d957fcd814ddb7d13648fc7ac8b	Unassigned	0.6752181289585857
f2ee5c8060c97d7f52ef04227a1636b8	ASV29d__Bacteria;p__Proteobacteria;c__Gammaproteobacteria;o__Enterobacterales;f__Enterobacteriaceae;g__Citrobacter;s__Citrobacter_braakii	0.9996472973436412
55cab9edf8e54c9b1fe9aa937794694b	Unassigned	0.8326805156197992
a68f36ae60cf200bae2a739b13505663	ASV14d__Bacteria;p__Proteobacteria;c__Gammaproteobacteria;o__Pseudomonadales;f__Pseudomonadaceae;g__Pseudomonas_E;s__Pseudomonas_E fluorescens_AP	0.9999999997847624
6f567f260954ad4b028730297e797089	ASV14d__Bacteria;p__Proteobacteria;c__Gammaproteobacteria;o__Pseudomonadales;f__Pseudomonadaceae;g__Pseudomonas_E;s__Pseudomonas_E fluorescens_AP	0.9999999997609734
9d479bbc7f1dfa0bec202faef1d24bc6	Unassigned	0.8681834953434868
256642b346c1fe39ec698ed36bcf8d08	ASV34d__Bacteria;p__Bacteroidota;c__Bacteroidia;o__Flavobacteriales;f__Weeksellaceae;g__Elizabethkingia;s__Elizabethkingia_miricola	0.9999999999901803
8bf033667c7cf994b61242e78a9098a7	ASV28d__Bacteria;p__Bacteroidota;c__Bacteroidia;o__Sphingobacteriales;f__Sphingobacteriaceae;g__Pedobacter;s__	0.9989869359998576
52ba389d7b1a5ab9ba6cf0ca72dd9bd6	Unassigned	0.8635321109218503
e06b863198391a4b62f74f73c550e74d	ASV14d__Bacteria;p__Proteobacteria;c__Gammaproteobacteria;o__Pseudomonadales;f__Pseudomonadaceae;g__Pseudomonas_E;s__Pseudomonas_E fluorescens_AP	0.9999999999221103
a0a0ea4aa3081d7fc9a84e0b70ee856e	ASV34d__Bacteria;p__Bacteroidota;c__Bacteroidia;o__Flavobacteriales;f__Weeksellaceae;g__Elizabethkingia;s__Elizabethkingia_miricola	0.9999999999757847
dece2342a75a2197d719828b408a1b33	ASV28d__Bacteria;p__Bacteroidota;c__Bacteroidia;o__Sphingobacteriales;f__Sphingobacteriaceae;g__Pedobacter;s__	0.9991372133804042
eb7263ffe4b2f40286d0aee90e57ee51	ASV2d__Bacteria;p__Bacteroidota;c__Bacteroidia;o__Sphingobacteriales;f__Sphingobacteriaceae;g__Pedobacter;s__	0.9998116159724176
5328bc3fa40912ff2a09f9a53ac20c93	Unassigned	0.5492504386488002
42c4c3938958f3c703e5d1038e6976a1	Unassigned	0.8438615013556349
ef83bd3ccffad68e2b7cb3c5e23633d3	ASV14d__Bacteria;p__Proteobacteria;c__Gammaproteobacteria;o__Pseudomonadales;f__Pseudomonadaceae;g__Pseudomonas_E;s__Pseudomonas_E fluorescens_AP	0.9999999999264446
37f7d713ae7196eec03a22702b5eed1a	Unassigned	0.8641986346061669
868e0165fe32a8925b7f20afa5e1dbfc	Unassigned	0.4743505233017469
49dee18096361475f6e332c4669b0fff	Unassigned	0.8053449412581726
14e206d5db673f4fd9f5e73dd6e602da	ASV14d__Bacteria;p__Proteobacteria;c__Gammaproteobacteria;o__Pseudomonadales;f__Pseudomonadaceae;g__Pseudomonas_E;s__Pseudomonas_E fluorescens_AP	0.999999999942716
5017e942ed7c032366e161e5ed86a505	ASV32d__Bacteria;p__Proteobacteria;c__Gammaproteobacteria;o__Burkholderiales;f__Burkholderiaceae;g__Achromobacter;s__	0.9999997932546522
52aa8bcde18f2479294de3373b422d4f	Unassigned	0.8904883075607057
eacbf97529a8e625e47eafaa21679557	ASV9d__Bacteria;p__Proteobacteria;c__Alphaproteobacteria;o__Caulobacterales;f__Caulobacteraceae;g__Brevundimonas;s__	0.9091869481435492
e2f869eb50b4a702c65f0c60102fe3d2	Unassigned	0.7801874968099518
9b9801c247da9fc067b6b6ed97991365	Unassigned	0.8566004156184334
fc9ec76146a385d4cb0423edfcd950f7	Unassigned	0.7760431085225769
e12f2282a41efd98e27390dc950deb77	ASV10d__Bacteria;p__Proteobacteria;c__Gammaproteobacteria;o__Burkholderiales;f__Burkholderiaceae;g__Comamonas_B;s__	0.9935054309172674
ebdf4e57980dc4da984c20ce21a0c8cd	ASV16d__Bacteria;p__Proteobacteria;c__Gammaproteobacteria;o__Burkholderiales;f__Chromobacteriaceae;g__Aquitalea;s__	0.9954151897724127
0e43616d867b5002edcb231627c3fce7	ASV34d__Bacteria;p__Bacteroidota;c__Bacteroidia;o__Flavobacteriales;f__Weeksellaceae;g__Elizabethkingia;s__Elizabethkingia_miricola	0.9999999999922409
ddf5939d7546d550aa592c35042caa76	Unassigned	0.8804699017944476
f0a1591f21311f40cb3f823527cda6da	Unassigned	0.8360307479370301
758cee8eee8e1c085b11e2cc2769e8b4	Unassigned	0.7103968798428386
4fc28863290c09d72982116a3f1f40a2	Unassigned	0.8059274208505363
a4cf9aa08eb63c4e35c00f32cdab46f6	Unassigned	0.7934388296440359
ea67297ac8e28d276bfc0975d68ad663	Unassigned	0.8699810523538372
0779f88b9d57f596ec5821785bb14af1	ASV31d__Bacteria;p__Proteobacteria;c__Gammaproteobacteria;o__Burkholderiales;f__Burkholderiaceae;g__Delftia;s__Delftia_acidovorans	0.9997771109630604
cfb302f03446524ad6e231f7e66adb5d	ASV17d__Bacteria;p__Bacteroidota;c__Bacteroidia;o__Sphingobacteriales;f__Sphingobacteriaceae;g__Pedobacter;s__	0.9691189699198497
48e183bbc2f5b77871edafae19995407	Unassigned	0.6784525463674035
4cf20ec9bfe1064973f5188da1b4f82b	Unassigned	0.7870816244923393
71f04d8e3b6fca861996b7434fcd3b55	ASV32d__Bacteria;p__Proteobacteria;c__Gammaproteobacteria;o__Burkholderiales;f__Burkholderiaceae;g__Achromobacter;s__	0.9999996270303184
8a1e5e3f755215aa30743d124b47aeda	ASV29d__Bacteria;p__Proteobacteria;c__Gammaproteobacteria;o__Enterobacterales;f__Enterobacteriaceae;g__Citrobacter;s__Citrobacter_braakii	0.9998456289251858
0e6a309729bcf4f8ffb40168cdc557cb	Unassigned	0.5206287352546946
f72866e05006690f61c810b775b3aa01	Unassigned	0.7992059719995522
6af5df949d6a2012cc1ee6072e10d672	Unassigned	0.8401510839806742
bddbd9a0fd6e2b760df185f9d574bac5	Unassigned	0.5152051349935552
83eff91fb575cda700cbae3a3c170d15	ASV17d__Bacteria;p__Bacteroidota;c__Bacteroidia;o__Sphingobacteriales;f__Sphingobacteriaceae;g__Pedobacter;s__	0.9687149255099193
b8044f66c99a486dc8ab0548fd8ad8c9	ASV10d__Bacteria;p__Proteobacteria;c__Gammaproteobacteria;o__Burkholderiales;f__Burkholderiaceae;g__Comamonas_B;s__	0.996690132076184
8b65be54baa31f693730e763095c0817	ASV32d__Bacteria;p__Proteobacteria;c__Gammaproteobacteria;o__Burkholderiales;f__Burkholderiaceae;g__Achromobacter;s__	0.9999975986031288
364622e9e167eb843010ea2d07e48f11	Unassigned	0.7859707617412827
8f23455c1a47a09ae5c12c29912c789a	Unassigned	0.8602712346185345
917fe36865d7de6d4618422af903e518	Unassigned	0.43238266277767834
6e92aa353ae787cd712d22c7bf72e33e	Unassigned	0.8693571187307507
bcb99e47b2761773673253513b4540b4	ASV30d__Bacteria;p__Proteobacteria;c__Gammaproteobacteria;o__Enterobacterales;f__Enterobacteriaceae;g__Serratia_A;s__Serratia_Afonticola	0.998177260982027
55a273b5e53961ce9bd1dd5ba8357fde	Unassigned	0.6642382910547175
dd9c81dcdabc4d51cd1b8d709c20ee1d	X263_Sphingobacteriia;Sphingobacteriales;Chitinophagaceae; Chitinophaga	0.999999999925052
0690c73cf91a3cff17173e5521cfc34c	ASV34d__Bacteria;p__Bacteroidota;c__Bacteroidia;o__Flavobacteriales;f__Weeksellaceae;g__Elizabethkingia;s__Elizabethkingia_miricola	0.999999999955179
aa715de92622887d5f87bae2464be0f3	ASV10d__Bacteria;p__Proteobacteria;c__Gammaproteobacteria;o__Burkholderiales;f__Burkholderiaceae;g__Comamonas_B;s__	0.9895945368280953
4b6eb579e6ad37b2cfd0a27e5c093764	Unassigned	0.6450267768124761
a753e5ad56554a92faa8068ea3a722ce	Unassigned	0.6396994451268554
45a235e49878bd3d1639e24a5d65b4be	ASV10d__Bacteria;p__Proteobacteria;c__Gammaproteobacteria;o__Burkholderiales;f__Burkholderiaceae;g__Comamonas_B;s__	0.9968160325496157
fe7170af9a3e1de9663c765902c4bebd	ASV2d__Bacteria;p__Bacteroidota;c__Bacteroidia;o__Sphingobacteriales;f__Sphingobacteriaceae;g__Pedobacter;s__	0.9997051773941312
54e22ac8f3ef254a32705cc4d4f39990	ASV32d__Bacteria;p__Proteobacteria;c__Gammaproteobacteria;o__Burkholderiales;f__Burkholderiaceae;g__Achromobacter;s__	0.9999997714293419
1c6e70d6521af5a7f3b07487d29c0762	ASV34d__Bacteria;p__Bacteroidota;c__Bacteroidia;o__Flavobacteriales;f__Weeksellaceae;g__Elizabethkingia;s__Elizabethkingia_miricola	0.9999999999694325
ef33980e4b13b01dcd2074a6d3452438	Unassigned	0.7839650951211519
674c7fb9028ba67926859eca8fe4467b	Unassigned	0.7597311907265538
8b042f5967d7ad26013245b0f088c19e	X263_Sphingobacteriia;Sphingobacteriales;Chitinophagaceae; Chitinophaga	0.9999999998528608
5b5210d00bc9f9831f219af74f9af7f8	Unassigned	0.799639874182272
63c134d101a04b2bc2ab52081bf32f05	ASV29d__Bacteria;p__Proteobacteria;c__Gammaproteobacteria;o__Enterobacterales;f__Enterobacteriaceae;g__Citrobacter;s__Citrobacter_braakii	0.9998527043601271
5277127e2d897cab9d2f03c05bbac62f	Unassigned	0.6859142816933883
a48435f77796bbb0c5da57d665c19fc1	ASV10d__Bacteria;p__Proteobacteria;c__Gammaproteobacteria;o__Burkholderiales;f__Burkholderiaceae;g__Comamonas_B;s__	0.9944912668868819
942d528f82479f988d0f85cfd579911d	ASV10d__Bacteria;p__Proteobacteria;c__Gammaproteobacteria;o__Burkholderiales;f__Burkholderiaceae;g__Comamonas_B;s__	0.996278785929527
34187d2c03cddac8f34b8546d883db41	ASV32d__Bacteria;p__Proteobacteria;c__Gammaproteobacteria;o__Burkholderiales;f__Burkholderiaceae;g__Achromobacter;s__	0.9999996060673547
98cc4c34adbed48a35791b8d4a62a358	ASV14d__Bacteria;p__Proteobacteria;c__Gammaproteobacteria;o__Pseudomonadales;f__Pseudomonadaceae;g__Pseudomonas_E;s__Pseudomonas_E fluorescens_AP	0.9999999999418208
8d50a6148184bf90ec95cf95f012a668	ASV32d__Bacteria;p__Proteobacteria;c__Gammaproteobacteria;o__Burkholderiales;f__Burkholderiaceae;g__Achromobacter;s__	0.9999997750585661
a8e53bd66879cd51ecb4e7daf552accb	X391_Actinobacteria;Actinomycetales;Microbacteriaceae;Leifsonia	0.9975294480507311
188852aca9aa0621b8269c8e80cde89c	Unassigned	0.8410285639449357
1dc38f7aaf125d542189a8864e9893ad	ASV17d__Bacteria;p__Bacteroidota;c__Bacteroidia;o__Sphingobacteriales;f__Sphingobacteriaceae;g__Pedobacter;s__	0.9675617474182477
4d1977831de9cfcbbe946f8c4c4b74b4	Unassigned	0.8490721301640926
7fc793ef2ea4979df7b6ae2d8e004168	ASV28d__Bacteria;p__Bacteroidota;c__Bacteroidia;o__Sphingobacteriales;f__Sphingobacteriaceae;g__Pedobacter;s__	0.999091437354618
b6734547bab5d89aaa8df969d0695b60	ASV17d__Bacteria;p__Bacteroidota;c__Bacteroidia;o__Sphingobacteriales;f__Sphingobacteriaceae;g__Pedobacter;s__	0.972790642294571
ac69e065da323e87d7956f1c13610223	Unassigned	0.8745059326922309
0fcf9fe00d753a83aed35a8f83f871b1	ASV28d__Bacteria;p__Bacteroidota;c__Bacteroidia;o__Sphingobacteriales;f__Sphingobacteriaceae;g__Pedobacter;s__	0.999207681738423
533613cadb117a4e2eaea129c9640255	ASV17d__Bacteria;p__Bacteroidota;c__Bacteroidia;o__Sphingobacteriales;f__Sphingobacteriaceae;g__Pedobacter;s__	0.9743722155026419
37a5890b751807b8b2ec8a33a882e88e	ASV29d__Bacteria;p__Proteobacteria;c__Gammaproteobacteria;o__Enterobacterales;f__Enterobacteriaceae;g__Citrobacter;s__Citrobacter_braakii	0.9998607953745235
341108178d8dab765f9036365a838250	X263_Sphingobacteriia;Sphingobacteriales;Chitinophagaceae; Chitinophaga	0.9999999995952464
1b8486303b5ee0efe882b632ba8b5617	ASV34d__Bacteria;p__Bacteroidota;c__Bacteroidia;o__Flavobacteriales;f__Weeksellaceae;g__Elizabethkingia;s__Elizabethkingia_miricola	0.9999999999851212
8373d3d142d2780be6c250de9920500d	Unassigned	0.7272024368269508
b40e6a6e46048830c34a62b99dbed426	ASV34d__Bacteria;p__Bacteroidota;c__Bacteroidia;o__Flavobacteriales;f__Weeksellaceae;g__Elizabethkingia;s__Elizabethkingia_miricola	0.9999999999920277
1a31eda859193db6c4986709e9f9112c	Unassigned	0.8746127385354027
92af4806b486081db84f6dd2d7482918	Unassigned	0.7218414070371394
a3aa1aa8ec6af119401198151fbb6277	Unassigned	0.8666860709247461
6288f9718e81b02dded603c107144c8d	ASV5d__Bacteria;p__Proteobacteria;c__Gammaproteobacteria;o__Burkholderiales;f__Chromobacteriaceae;g__Chromobacterium;s__Chromobacteriumsp002213445	0.9998141297923834
402f591f97538ce3b7b2890dbcef01f6	ASV29d__Bacteria;p__Proteobacteria;c__Gammaproteobacteria;o__Enterobacterales;f__Enterobacteriaceae;g__Citrobacter;s__Citrobacter_braakii	0.9996249360996446
8855475f43b67dbc28503f0a237dfbc4	X263_Sphingobacteriia;Sphingobacteriales;Chitinophagaceae; Chitinophaga	0.9999999999003677
72d1c6bd44ac03d0ee26c92adb441b06	Unassigned	0.43915511312983224
5445179ba77c8c2a4b4fda4514dae488	ASV16d__Bacteria;p__Proteobacteria;c__Gammaproteobacteria;o__Burkholderiales;f__Chromobacteriaceae;g__Aquitalea;s__	0.9891475210889861
82b1fe2cdb3f5ce4ffccbafb5788cb0e	Unassigned	0.6737693973244634
c0a89fcd5cb539d33ee7d7dd349c9980	Unassigned	0.7620131968594857
214cb6cd03ead299de16e58a4e41ece2	ASV32d__Bacteria;p__Proteobacteria;c__Gammaproteobacteria;o__Burkholderiales;f__Burkholderiaceae;g__Achromobacter;s__	0.9999996921852604
43d0cbd8d7e393bfc3868c0875df335a	ASV19d__Bacteria;p__Bacteroidota;c__Bacteroidia;o__Sphingobacteriales;f__Sphingobacteriaceae;g__Pedobacter;s__	0.9996809570832745
0b8b1329fd9385a3ab49534beac2109b	ASV34d__Bacteria;p__Bacteroidota;c__Bacteroidia;o__Flavobacteriales;f__Weeksellaceae;g__Elizabethkingia;s__Elizabethkingia_miricola	0.99999999997533
8e967507e86ed58d5985d051990049f0	Unassigned	0.7498265286021786
efe8ae3975433b8a4759bb4e8e3b3bda	Unassigned	0.7749361709924573
606cb46c6cd5df409da8d29e78d306b0	Unassigned	0.5833802817189909
b96a9b7b7568f24f5cf72dff55cb7245	Unassigned	0.7062835213687519
c7e3aa7c353b66165b0a45c45c94d4c0	ASV14d__Bacteria;p__Proteobacteria;c__Gammaproteobacteria;o__Pseudomonadales;f__Pseudomonadaceae;g__Pseudomonas_E;s__Pseudomonas_E fluorescens_AP	0.9999999998134541
fb5c69062b6d5f3727027b39dacbcfe3	ASV2d__Bacteria;p__Bacteroidota;c__Bacteroidia;o__Sphingobacteriales;f__Sphingobacteriaceae;g__Pedobacter;s__	0.9991696107280792
aeaa23afa23fa7565209582c7135aa60	Unassigned	0.8433734167348501
6a2d63587d10f7e1ab67ba26c663d220	ASV5d__Bacteria;p__Proteobacteria;c__Gammaproteobacteria;o__Burkholderiales;f__Chromobacteriaceae;g__Chromobacterium;s__Chromobacteriumsp002213445	0.9997494359613083
1b5e24e3c082b425529e2416a61e2e23	Unassigned	0.8017610499204356
03c173eea468626427fcb6cc21ea18a2	ASV32d__Bacteria;p__Proteobacteria;c__Gammaproteobacteria;o__Burkholderiales;f__Burkholderiaceae;g__Achromobacter;s__	0.9999998205855453
5d135e2f2fa3f5d6f26bbe98984adabb	ASV2d__Bacteria;p__Bacteroidota;c__Bacteroidia;o__Sphingobacteriales;f__Sphingobacteriaceae;g__Pedobacter;s__	0.9997820636895236
9accf562e07f174249c0f57b8fe1d3ae	ASV10d__Bacteria;p__Proteobacteria;c__Gammaproteobacteria;o__Burkholderiales;f__Burkholderiaceae;g__Comamonas_B;s__	0.9970553641120821
29c922cb5732871ccb6d860b9a2dc4df	ASV2d__Bacteria;p__Bacteroidota;c__Bacteroidia;o__Sphingobacteriales;f__Sphingobacteriaceae;g__Pedobacter;s__	0.999811719161842
d108ef16eaedff80af30146a911fd4ab	ASV9d__Bacteria;p__Proteobacteria;c__Alphaproteobacteria;o__Caulobacterales;f__Caulobacteraceae;g__Brevundimonas;s__	0.9999999972561255
3f766659b537a64dc93215026ec9c44e	ASV14d__Bacteria;p__Proteobacteria;c__Gammaproteobacteria;o__Pseudomonadales;f__Pseudomonadaceae;g__Pseudomonas_E;s__Pseudomonas_E fluorescens_AP	0.9999999995732907
15d701e54707a31eac394fe20bdd0c4f	Unassigned	0.8591164337299223
8fb2bd3d5224c9a71844c1381058fd0d	ASV32d__Bacteria;p__Proteobacteria;c__Gammaproteobacteria;o__Burkholderiales;f__Burkholderiaceae;g__Achromobacter;s__	0.9999998110669318
dedcd3e9c5faf4408eb2a51c8d943b51	ASV19d__Bacteria;p__Bacteroidota;c__Bacteroidia;o__Sphingobacteriales;f__Sphingobacteriaceae;g__Pedobacter;s__	0.9995449585570164
a35704be2dee0606c70b5d52ec6bd1f3	ASV9d__Bacteria;p__Proteobacteria;c__Alphaproteobacteria;o__Caulobacterales;f__Caulobacteraceae;g__Brevundimonas;s__	0.9999999852786489
3c908fdd9276b04ee11ed1f83a242671	Unassigned	0.6825926311973673
7f59819d81baa001e419d37e6cc30999	ASV5d__Bacteria;p__Proteobacteria;c__Gammaproteobacteria;o__Burkholderiales;f__Chromobacteriaceae;g__Chromobacterium;s__Chromobacteriumsp002213445	0.9998203315704585
36c77612bd703bf4fe3a604961913b25	Unassigned	0.8758448893331554
22b7e1a5ae58da34b524f05b99569a61	ASV6d__Bacteria;p__Proteobacteria;c__Gammaproteobacteria;o__Burkholderiales;f__Burkholderiaceae;g__Ralstonia;s__	0.9970893092148928
78b24923cb12198c0604c2343bc3f145	ASV14d__Bacteria;p__Proteobacteria;c__Gammaproteobacteria;o__Pseudomonadales;f__Pseudomonadaceae;g__Pseudomonas_E;s__Pseudomonas_E fluorescens_AP	0.9999999999476472
4dc10f8d48527a49ec832ce0e01d9d31	ASV34d__Bacteria;p__Bacteroidota;c__Bacteroidia;o__Flavobacteriales;f__Weeksellaceae;g__Elizabethkingia;s__Elizabethkingia_miricola	0.9999999999661924
fde60e9ff1309db0547763f2090d949d	X391_Actinobacteria;Actinomycetales;Microbacteriaceae;Leifsonia	0.9999999999997868
d9f01db30bf2ebdf42708534e359a153	ASV2d__Bacteria;p__Bacteroidota;c__Bacteroidia;o__Sphingobacteriales;f__Sphingobacteriaceae;g__Pedobacter;s__	0.9996222691663411
49c7efbac6c255f00d7b0bcfe40d8a99	ASV17d__Bacteria;p__Bacteroidota;c__Bacteroidia;o__Sphingobacteriales;f__Sphingobacteriaceae;g__Pedobacter;s__	0.9445231883694856
5b1f44642a05120644b13e463be1ada3	Unassigned	0.5944832230043178
6cf2d9f084d8209e550729e8afa2ac41	ASV29d__Bacteria;p__Proteobacteria;c__Gammaproteobacteria;o__Enterobacterales;f__Enterobacteriaceae;g__Citrobacter;s__Citrobacter_braakii	0.999709091374521
3c6eeef8c82d3b0cf64a8e9cca19fe8f	ASV2d__Bacteria;p__Bacteroidota;c__Bacteroidia;o__Sphingobacteriales;f__Sphingobacteriaceae;g__Pedobacter;s__	0.9998383660856285
aa6d3988cac85ccfda1162bc2db84a01	X491_Betaproteobacteria;Burkholderiales;Burkholderiaceae;Pandoraea	0.9976081007938887
6630c5f3617a7f28f5920a950beb7342	ASV14d__Bacteria;p__Proteobacteria;c__Gammaproteobacteria;o__Pseudomonadales;f__Pseudomonadaceae;g__Pseudomonas_E;s__Pseudomonas_E fluorescens_AP	0.9999999998227054
df3a3f2670a44b8a54b93d6b3cd2b80b	Unassigned	0.8075492798847205
55b2530d2b364e18cdef2cef26254943	Unassigned	0.7149113904475867
653c11235a30a30af2f1f062123a25cd	Unassigned	0.8300779892806018
0b2fbbd12c5a99d523eecfbdebf9a4d5	Unassigned	0.8818152928971367
9273e7a40b0cf7e4ee29127cc755f100	Unassigned	0.6889919965668477
102cd004b86d2209c14cabfaed71e891	ASV32d__Bacteria;p__Proteobacteria;c__Gammaproteobacteria;o__Burkholderiales;f__Burkholderiaceae;g__Achromobacter;s__	0.9999992593672615
1bb3c3e52f8064824b0c43532351d927	Unassigned	0.7253207739686411
96a4d46950e05b6f6c48be6cc092a976	ASV2d__Bacteria;p__Bacteroidota;c__Bacteroidia;o__Sphingobacteriales;f__Sphingobacteriaceae;g__Pedobacter;s__	0.9996986963155569
3e7cee2e8190ffb568ce4047c0068435	ASV9d__Bacteria;p__Proteobacteria;c__Alphaproteobacteria;o__Caulobacterales;f__Caulobacteraceae;g__Brevundimonas;s__	0.9999999958571664
d36b0e70614be2074071d430f34138be	X263_Sphingobacteriia;Sphingobacteriales;Chitinophagaceae; Chitinophaga	0.9999999999677698
da51df598c6e859f39a64e85b7ce9f8b	X263_Sphingobacteriia;Sphingobacteriales;Chitinophagaceae; Chitinophaga	0.9999999999739089
02eea1a6eb3a7cdf00590248ac664c58	ASV10d__Bacteria;p__Proteobacteria;c__Gammaproteobacteria;o__Burkholderiales;f__Burkholderiaceae;g__Comamonas_B;s__	0.9968042943411739
026a7f09d4948e80116b2aa65d531853	ASV34d__Bacteria;p__Bacteroidota;c__Bacteroidia;o__Flavobacteriales;f__Weeksellaceae;g__Elizabethkingia;s__Elizabethkingia_miricola	0.9999999999852776
6784361768143947a7eac0d17ce113f3	ASV34d__Bacteria;p__Bacteroidota;c__Bacteroidia;o__Flavobacteriales;f__Weeksellaceae;g__Elizabethkingia;s__Elizabethkingia_miricola	0.9999999999801901
44cbd57caa23113e6620a2f6da1793d9	Unassigned	0.8279427635250849
ec60b5169d5dae6cce4d3cab77013e6a	Unassigned	0.8566574208607908
c42bfa8c70a02ababefc7d36c6d4ff72	Unassigned	0.8415061589649062
4ba79a6bd8f75b26caf0ddfec0ccfef0	Unassigned	0.6942210473406868
8db9575399e0f1532f764e83db01e495	Unassigned	0.8052179797307075
04a3baf53698838f79ca056023f8ffbb	X120_Alphaproteobacteria;Sphingomonadales;Sphingomonadaceae;Sphingomonas	0.9999998919979932
cc935a665c2dc2c75be4326ea30792e6	Unassigned	0.8200933506304032
6fbf9e0c1f035243be2c868dfaa2bf8e	Unassigned	0.7154444072492504
d36c0f692d37e966c1e927608303ab07	ASV31d__Bacteria;p__Proteobacteria;c__Gammaproteobacteria;o__Burkholderiales;f__Burkholderiaceae;g__Delftia;s__Delftia_acidovorans	0.9997829719672467
5cc74a11208edfe557eca0d5ed827645	Unassigned	0.818676468801764
8dde1c25ac710477628c36e00b66d6a5	ASV8d__Bacteria;p__Proteobacteria;c__Alphaproteobacteria;o__Rhizobiales;f__Rhizobiaceae;g__Rhizobium;s__	0.9999999893529293
542bb801b1d20bcace5035b2cc25a949	Unassigned	0.6678943947440193
8f8848f5f3202e5fd0330f555f790621	ASV14d__Bacteria;p__Proteobacteria;c__Gammaproteobacteria;o__Pseudomonadales;f__Pseudomonadaceae;g__Pseudomonas_E;s__Pseudomonas_E fluorescens_AP	0.9999999998959339
7fc2e0fedfcfe16b731f57373edf9ca7	Unassigned	0.7517474079028491
bc54d14e631db96dcdff305ef9f63663	Unassigned	0.6158839508257358
e1b58d21c532901931054ef9e6d4b57a	Unassigned	0.7697165493141327
3ea50a050714ba7a97fc2c25df28283e	ASV34d__Bacteria;p__Bacteroidota;c__Bacteroidia;o__Flavobacteriales;f__Weeksellaceae;g__Elizabethkingia;s__Elizabethkingia_miricola	0.9999999999872955
c8572b93270379baf9cfc027fc97c535	ASV5d__Bacteria;p__Proteobacteria;c__Gammaproteobacteria;o__Burkholderiales;f__Chromobacteriaceae;g__Chromobacterium;s__Chromobacteriumsp002213445	0.999805119790965
0b69e1ff66b63c1fa6dd03b865909cd3	Unassigned	0.8136663267732478
48190d08c490c24fa5eee5fcc1cc0df8	ASV34d__Bacteria;p__Bacteroidota;c__Bacteroidia;o__Flavobacteriales;f__Weeksellaceae;g__Elizabethkingia;s__Elizabethkingia_miricola	0.9999999999941593
827aa300ad8f2bffb13133818f6e9dc5	ASV19d__Bacteria;p__Bacteroidota;c__Bacteroidia;o__Sphingobacteriales;f__Sphingobacteriaceae;g__Pedobacter;s__	0.9991694948118212
1abba47aaf5e6053ef01ef0319564bc2	ASV29d__Bacteria;p__Proteobacteria;c__Gammaproteobacteria;o__Enterobacterales;f__Enterobacteriaceae;g__Citrobacter;s__Citrobacter_braakii	0.9994760267760583
224cf37644f99b11d8395d29434df662	ASV8d__Bacteria;p__Proteobacteria;c__Alphaproteobacteria;o__Rhizobiales;f__Rhizobiaceae;g__Rhizobium;s__	0.9999999800941455
8a9007905747c8a1aa7bdace7d505838	Unassigned	0.6653431883192413
ffa5f7ce62308fc61d3ce0434f55ffac	Unassigned	0.8833314994032039
46dd66776926a8737e4642bd2b44ca25	Unassigned	0.9047167356477656
a70435a8e3a63d045ea73beb03b236cc	Unassigned	0.5204449965349358
acd52901ad4e46d1b0762a5f3120110d	ASV29d__Bacteria;p__Proteobacteria;c__Gammaproteobacteria;o__Enterobacterales;f__Enterobacteriaceae;g__Citrobacter;s__Citrobacter_braakii	0.9997750750551354
514a2509fb5a8da87094c7ba22ebfaab	ASV2d__Bacteria;p__Bacteroidota;c__Bacteroidia;o__Sphingobacteriales;f__Sphingobacteriaceae;g__Pedobacter;s__	0.9998461536356147
9a1bc353fa5474a4a405be6b46ad2871	Unassigned	0.8224002343276826
3cfbb1a123a903dc397102a107375f15	ASV9d__Bacteria;p__Proteobacteria;c__Alphaproteobacteria;o__Caulobacterales;f__Caulobacteraceae;g__Brevundimonas;s__	0.999999995549274
2c7700b2d086dbe5d13226bf298b540d	ASV31d__Bacteria;p__Proteobacteria;c__Gammaproteobacteria;o__Burkholderiales;f__Burkholderiaceae;g__Delftia;s__Delftia_acidovorans	0.9997792283613739
39f7b849879331c19f99dfc6d41caeb7	ASV14d__Bacteria;p__Proteobacteria;c__Gammaproteobacteria;o__Pseudomonadales;f__Pseudomonadaceae;g__Pseudomonas_E;s__Pseudomonas_E fluorescens_AP	0.9999999989658619
b50f98fc2deb1dd5d185619970be9d37	ASV34d__Bacteria;p__Bacteroidota;c__Bacteroidia;o__Flavobacteriales;f__Weeksellaceae;g__Elizabethkingia;s__Elizabethkingia_miricola	0.9999999999705977
69d502f05cb1d9c5b8ef2cbc1a48bd35	ASV17d__Bacteria;p__Bacteroidota;c__Bacteroidia;o__Sphingobacteriales;f__Sphingobacteriaceae;g__Pedobacter;s__	0.9661680629131284
fa09a0708a3491ca5dfff25fa5ad6518	ASV27d__Bacteria;p__Proteobacteria;c__Gammaproteobacteria;o__Burkholderiales;f__Burkholderiaceae;g__Xylophilus;s__	0.9971722822169158
6b6c92be426f8ff4ba65c0f447d534f7	ASV32d__Bacteria;p__Proteobacteria;c__Gammaproteobacteria;o__Burkholderiales;f__Burkholderiaceae;g__Achromobacter;s__	0.999999839298225
f7bd0bb84ad4864c19d5dcca8f01ed25	Unassigned	0.9116554769957
1c7cb3eeb0bbd096f1f2ffb80cb210d2	ASV14d__Bacteria;p__Proteobacteria;c__Gammaproteobacteria;o__Pseudomonadales;f__Pseudomonadaceae;g__Pseudomonas_E;s__Pseudomonas_E fluorescens_AP	0.999999999890349
caab8211599bb4cdb1ef7504a2438b70	Unassigned	0.8747542998807557
2f84e36e96b0e292b9f2ea8ec115b400	Unassigned	0.8035592635312911
4a205f10037bc04b7db02d26e803c3c2	ASV34d__Bacteria;p__Bacteroidota;c__Bacteroidia;o__Flavobacteriales;f__Weeksellaceae;g__Elizabethkingia;s__Elizabethkingia_miricola	0.999999999953161
bd96a435452960c87020f117d2e5e895	ASV34d__Bacteria;p__Bacteroidota;c__Bacteroidia;o__Flavobacteriales;f__Weeksellaceae;g__Elizabethkingia;s__Elizabethkingia_miricola	0.9999999999819522
318b6e092970d49620d772de00e317ae	X491_Betaproteobacteria;Burkholderiales;Burkholderiaceae;Pandoraea	0.9972137930056812
2fd6d577ae4ed8148f84e0b2bca09fe0	Unassigned	0.8030111021507123
36e19d8b13d986b8cc1afd108ae6135a	ASV11d__Bacteria;p__Proteobacteria;c__Gammaproteobacteria;o__Burkholderiales;f__Chromobacteriaceae;g__Aquitalea;s__Aquitaleapelogenes	0.99419683492848
1eca2a88c944ec711bff9617b175726a	ASV32d__Bacteria;p__Proteobacteria;c__Gammaproteobacteria;o__Burkholderiales;f__Burkholderiaceae;g__Achromobacter;s__	0.9999996417128261
c7dc8bebbbfd2f15d122766be5e999f9	Unassigned	0.8377440014016181
10fd74026d1f9ebc5cd66d663a187106	Unassigned	0.7453126812028399
be6d8e0779d52b5b753bff8d44e8a797	ASV29d__Bacteria;p__Proteobacteria;c__Gammaproteobacteria;o__Enterobacterales;f__Enterobacteriaceae;g__Citrobacter;s__Citrobacter_braakii	0.9998785185077612
86eecd1f87042ec5d5f532944d22484d	ASV29d__Bacteria;p__Proteobacteria;c__Gammaproteobacteria;o__Enterobacterales;f__Enterobacteriaceae;g__Citrobacter;s__Citrobacter_braakii	0.9998267769414927
581e36b865d932f01c9f739d225f626f	ASV31d__Bacteria;p__Proteobacteria;c__Gammaproteobacteria;o__Burkholderiales;f__Burkholderiaceae;g__Delftia;s__Delftia_acidovorans	0.9997889843360844
b86c41291b82a774e80215c408b88e46	Unassigned	0.7743903136466785
6bc03066360bbbea1baa5ac25a8936f1	ASV2d__Bacteria;p__Bacteroidota;c__Bacteroidia;o__Sphingobacteriales;f__Sphingobacteriaceae;g__Pedobacter;s__	0.9993837085558178
52b7f673ce72edf3816709e424a3b725	ASV29d__Bacteria;p__Proteobacteria;c__Gammaproteobacteria;o__Enterobacterales;f__Enterobacteriaceae;g__Citrobacter;s__Citrobacter_braakii	0.9994111153692636
d59f953916a7bbec48d3985309080a5a	ASV31d__Bacteria;p__Proteobacteria;c__Gammaproteobacteria;o__Burkholderiales;f__Burkholderiaceae;g__Delftia;s__Delftia_acidovorans	0.9996415523658767
91c9c505e16755c0093ab97f1f22e70c	ASV14d__Bacteria;p__Proteobacteria;c__Gammaproteobacteria;o__Pseudomonadales;f__Pseudomonadaceae;g__Pseudomonas_E;s__Pseudomonas_E fluorescens_AP	0.9999999998223927
1d02b64e19ff79d463e77f9e5f189e5c	Unassigned	0.7577047939180113
90d36a6a5ee9ce2c2f0fe2d69ffdc125	Unassigned	0.8309484039433533
d5a27322262e35d4b120ac73c93ff12d	Unassigned	0.5550410509138319
1178b13901a84a8c5282f1868a5f3090	X391_Actinobacteria;Actinomycetales;Microbacteriaceae;Leifsonia	0.9999999999997868
ae9c9d8a9f62773baeffa299a167e2f0	Unassigned	0.6679812052576934
ad8078492e6da217ac07e4b1f898c8c8	ASV31d__Bacteria;p__Proteobacteria;c__Gammaproteobacteria;o__Burkholderiales;f__Burkholderiaceae;g__Delftia;s__Delftia_acidovorans	0.9997690508923838
9b664bd98192b0159061f5e3893bb7b8	ASV29d__Bacteria;p__Proteobacteria;c__Gammaproteobacteria;o__Enterobacterales;f__Enterobacteriaceae;g__Citrobacter;s__Citrobacter_braakii	0.9998895781904876
7b7719dce8938933576b81d4711070a8	X263_Sphingobacteriia;Sphingobacteriales;Chitinophagaceae; Chitinophaga	0.999999999970882
0156eac829dc30ea81720a6d038bd28e	ASV14d__Bacteria;p__Proteobacteria;c__Gammaproteobacteria;o__Pseudomonadales;f__Pseudomonadaceae;g__Pseudomonas_E;s__Pseudomonas_E fluorescens_AP	0.9999999991433128
1198eca207f58ab8f66ec0d74d6d3066	Unassigned	0.8588991947228686
e592d37257abe9113ad4f2896ec23b8d	Unassigned	0.8531732200364086
34ec039f21007276e48d5077320eaedb	Unassigned	0.8713946886210603
6acdc15c4a096eaf1a336939131e901d	Unassigned	0.7655247531942625
1d8a136d1b69d281fb18c217e5b6d49d	ASV9d__Bacteria;p__Proteobacteria;c__Alphaproteobacteria;o__Caulobacterales;f__Caulobacteraceae;g__Brevundimonas;s__	0.9999999950926366
b9fd70fd70dc0ef493050f87c4409540	ASV28d__Bacteria;p__Bacteroidota;c__Bacteroidia;o__Sphingobacteriales;f__Sphingobacteriaceae;g__Pedobacter;s__	0.998936170112748
a228c74e6d37a0b2cbb6db88720be357	ASV31d__Bacteria;p__Proteobacteria;c__Gammaproteobacteria;o__Burkholderiales;f__Burkholderiaceae;g__Delftia;s__Delftia_acidovorans	0.9997388014792983
0916a835fee9059a3314f23608eef8c8	ASV14d__Bacteria;p__Proteobacteria;c__Gammaproteobacteria;o__Pseudomonadales;f__Pseudomonadaceae;g__Pseudomonas_E;s__Pseudomonas_E fluorescens_AP	0.9999999998536282
4e54106cbe368f48553c1e45ecf9ad94	ASV11d__Bacteria;p__Proteobacteria;c__Gammaproteobacteria;o__Burkholderiales;f__Chromobacteriaceae;g__Aquitalea;s__Aquitaleapelogenes	0.9942085392381784
023359cf049258bf1226dd481c137984	ASV14d__Bacteria;p__Proteobacteria;c__Gammaproteobacteria;o__Pseudomonadales;f__Pseudomonadaceae;g__Pseudomonas_E;s__Pseudomonas_E fluorescens_AP	0.9999999992991064
321e10711d4b2eace17193de013bd8f0	Unassigned	0.8161453327820665
5a6b4994b0dfcd05f391658cdb48f0d9	ASV34d__Bacteria;p__Bacteroidota;c__Bacteroidia;o__Flavobacteriales;f__Weeksellaceae;g__Elizabethkingia;s__Elizabethkingia_miricola	0.9999999999787264
04615f19fdf2999869e053abab31679a	ASV14d__Bacteria;p__Proteobacteria;c__Gammaproteobacteria;o__Pseudomonadales;f__Pseudomonadaceae;g__Pseudomonas_E;s__Pseudomonas_E fluorescens_AP	0.9999999999403286
67451ab258d83c11162c4854039dc91e	ASV34d__Bacteria;p__Bacteroidota;c__Bacteroidia;o__Flavobacteriales;f__Weeksellaceae;g__Elizabethkingia;s__Elizabethkingia_miricola	0.9999999999612612
85f43f2d372e239f35810286edfa7d27	Unassigned	0.8519266129557107
d728b6c894a22391dac2c86ded1b32f4	ASV14d__Bacteria;p__Proteobacteria;c__Gammaproteobacteria;o__Pseudomonadales;f__Pseudomonadaceae;g__Pseudomonas_E;s__Pseudomonas_E fluorescens_AP	0.9999999995745554
2cf4ca114f38eb13314827cd5b6265b9	ASV28d__Bacteria;p__Bacteroidota;c__Bacteroidia;o__Sphingobacteriales;f__Sphingobacteriaceae;g__Pedobacter;s__	0.9991327565893837
deae58a28dfdbe600e3cd9441a92a37c	X263_Sphingobacteriia;Sphingobacteriales;Chitinophagaceae; Chitinophaga	0.9999999999497078
d100810e69a6730d5fecfdd1a978dc3e	ASV14d__Bacteria;p__Proteobacteria;c__Gammaproteobacteria;o__Pseudomonadales;f__Pseudomonadaceae;g__Pseudomonas_E;s__Pseudomonas_E fluorescens_AP	0.9999999989376249
dc1a578fc3901ccd15ad37658aa1689e	Unassigned	0.7592118574809742
054aa7cae40407ae25931284fae08ddc	Unassigned	0.780021870611354
063073f3085d89d0e4350f47dfed3bb2	Unassigned	0.5103802265688566
1e6ded5a554b7b6a7184ad0a214760a1	ASV14d__Bacteria;p__Proteobacteria;c__Gammaproteobacteria;o__Pseudomonadales;f__Pseudomonadaceae;g__Pseudomonas_E;s__Pseudomonas_E fluorescens_AP	0.999999999699952
1835779e85f15cf2abc48b2e857b1ddd	ASV34d__Bacteria;p__Bacteroidota;c__Bacteroidia;o__Flavobacteriales;f__Weeksellaceae;g__Elizabethkingia;s__Elizabethkingia_miricola	0.999999999990365
7127f043b0a1574c03c7a6b93b066592	Unassigned	0.8826951501389313
6fb1b388d2b57e939799f97cd94dcdce	Unassigned	0.7333648341566563
d4da250719592e1eb08bca384fcb8b41	X263_Sphingobacteriia;Sphingobacteriales;Chitinophagaceae; Chitinophaga	0.9999999999876508
1d252ddcf4c3f92422a1a8e4653c7588	Unassigned	0.8444966237129742
22556c1b08bd3a59bc82bdb4a7f33a9c	Unassigned	0.813474696288308
a13b2ff7d09d1ddca03b5d70418980a3	ASV19d__Bacteria;p__Bacteroidota;c__Bacteroidia;o__Sphingobacteriales;f__Sphingobacteriaceae;g__Pedobacter;s__	0.9997188692384174
e1501ecb0958d763712ba542baa07c37	X120_Alphaproteobacteria;Sphingomonadales;Sphingomonadaceae;Sphingomonas	0.9999998125587017
0426f0b1a85f23ab664d11c896f513a4	ASV34d__Bacteria;p__Bacteroidota;c__Bacteroidia;o__Flavobacteriales;f__Weeksellaceae;g__Elizabethkingia;s__Elizabethkingia_miricola	0.9999999999517968
a46bae9e2e18de7a4e8f7d807bc7ee70	ASV34d__Bacteria;p__Bacteroidota;c__Bacteroidia;o__Flavobacteriales;f__Weeksellaceae;g__Elizabethkingia;s__Elizabethkingia_miricola	0.9999999999623981
78ba26bc4b67e4ee06873190d17b1d01	ASV34d__Bacteria;p__Bacteroidota;c__Bacteroidia;o__Flavobacteriales;f__Weeksellaceae;g__Elizabethkingia;s__Elizabethkingia_miricola	0.9999999999796643
baa301be637278a8ec75d37cae4ad9bb	Unassigned	0.8846122886751518
af8f568f6528f8b3b32600c43cd95e94	Unassigned	0.7551208566791647
4b9d5acdb60c694a1cf50b708324646e	X263_Sphingobacteriia;Sphingobacteriales;Chitinophagaceae; Chitinophaga	0.9999999994144275
a3a77b0501bc05133724d5f3160e1be4	ASV32d__Bacteria;p__Proteobacteria;c__Gammaproteobacteria;o__Burkholderiales;f__Burkholderiaceae;g__Achromobacter;s__	0.9999993860152794
21892113b882b3b337622d23cba90443	Unassigned	0.7466721549103281
5505815d841026e20cd7eab07aa5187f	Unassigned	0.8972761093847417
f117ce3ce9e80ba2d9a022380b133fe4	ASV19d__Bacteria;p__Bacteroidota;c__Bacteroidia;o__Sphingobacteriales;f__Sphingobacteriaceae;g__Pedobacter;s__	0.9997123590514411
4394853094b7d5bf4c0da92bc5df96e9	ASV14d__Bacteria;p__Proteobacteria;c__Gammaproteobacteria;o__Pseudomonadales;f__Pseudomonadaceae;g__Pseudomonas_E;s__Pseudomonas_E fluorescens_AP	0.9999999831766361
f4cfdc16c070e22d83a56761fb9054f3	ASV17d__Bacteria;p__Bacteroidota;c__Bacteroidia;o__Sphingobacteriales;f__Sphingobacteriaceae;g__Pedobacter;s__	0.8624654655239812
9ad8ff15153e4677719e102420a2ae93	ASV16d__Bacteria;p__Proteobacteria;c__Gammaproteobacteria;o__Burkholderiales;f__Chromobacteriaceae;g__Aquitalea;s__	0.99290818915967
bd71f5cbb6016c30abd9b0792571dce3	Unassigned	0.7002614408336928
5656d6403688b283b6ed77808dad5b2e	ASV30d__Bacteria;p__Proteobacteria;c__Gammaproteobacteria;o__Enterobacterales;f__Enterobacteriaceae;g__Serratia_A;s__Serratia_Afonticola	0.9994653342287819
f852177b87f9002f90c3ae5ce06186be	Unassigned	0.47078337401907
07219e7f4d9f86a4d6040f9e147f7960	ASV2d__Bacteria;p__Bacteroidota;c__Bacteroidia;o__Sphingobacteriales;f__Sphingobacteriaceae;g__Pedobacter;s__	0.9928866801959984
d3df3620433600b9c8c9a6fc47ffa8ea	ASV14d__Bacteria;p__Proteobacteria;c__Gammaproteobacteria;o__Pseudomonadales;f__Pseudomonadaceae;g__Pseudomonas_E;s__Pseudomonas_E fluorescens_AP	0.9999999998436238
990a9a68fc784a169c68649f4ebfbde5	ASV14d__Bacteria;p__Proteobacteria;c__Gammaproteobacteria;o__Pseudomonadales;f__Pseudomonadaceae;g__Pseudomonas_E;s__Pseudomonas_E fluorescens_AP	0.999999999810754
2bf9be7fcb2345605a77fe70b6858bde	ASV29d__Bacteria;p__Proteobacteria;c__Gammaproteobacteria;o__Enterobacterales;f__Enterobacteriaceae;g__Citrobacter;s__Citrobacter_braakii	0.9998530274281716
b89b8b2fc4f0810e318739cf159f018a	ASV34d__Bacteria;p__Bacteroidota;c__Bacteroidia;o__Flavobacteriales;f__Weeksellaceae;g__Elizabethkingia;s__Elizabethkingia_miricola	0.999999999722121
b1259e97e597e9c1e80ff38ba57dee2d	ASV31d__Bacteria;p__Proteobacteria;c__Gammaproteobacteria;o__Burkholderiales;f__Burkholderiaceae;g__Delftia;s__Delftia_acidovorans	0.9997836444504363
7d83634822ebedf17053087732fb0e36	ASV14d__Bacteria;p__Proteobacteria;c__Gammaproteobacteria;o__Pseudomonadales;f__Pseudomonadaceae;g__Pseudomonas_E;s__Pseudomonas_E fluorescens_AP	0.9999999983436112
27d22d37ee9c4b88ef804090ba668cad	ASV34d__Bacteria;p__Bacteroidota;c__Bacteroidia;o__Flavobacteriales;f__Weeksellaceae;g__Elizabethkingia;s__Elizabethkingia_miricola	0.9999999999583622
9238fcae50f518c6f08edc9aba77434f	ASV14d__Bacteria;p__Proteobacteria;c__Gammaproteobacteria;o__Pseudomonadales;f__Pseudomonadaceae;g__Pseudomonas_E;s__Pseudomonas_E fluorescens_AP	0.9999999989623802
aaeab53dd6dd54a93bac5b4d4102eb7f	Unassigned	0.6540923821392236
5ea749318f8b4542cb29beeb535e1ecf	Unassigned	0.46087903414287934
37ff4a82858ad7b6f0e9e5eeb58d0818	Unassigned	0.7163112709832236
80cc859e394eaff6273b26cf320a1ab9	ASV17d__Bacteria;p__Bacteroidota;c__Bacteroidia;o__Sphingobacteriales;f__Sphingobacteriaceae;g__Pedobacter;s__	0.9675841320926488
59777186ad2e0947e97615b5d6225136	Unassigned	0.6225300826671851
67ebf43238f958f74d5fb147de18a7f2	ASV11d__Bacteria;p__Proteobacteria;c__Gammaproteobacteria;o__Burkholderiales;f__Chromobacteriaceae;g__Aquitalea;s__Aquitaleapelogenes	0.9928181748531616
bc9231a9e3826de17491bc6c47f7af39	ASV14d__Bacteria;p__Proteobacteria;c__Gammaproteobacteria;o__Pseudomonadales;f__Pseudomonadaceae;g__Pseudomonas_E;s__Pseudomonas_E fluorescens_AP	0.9999999994925162
8905c6fb3c23811c45aa201899862bc6	ASV32d__Bacteria;p__Proteobacteria;c__Gammaproteobacteria;o__Burkholderiales;f__Burkholderiaceae;g__Achromobacter;s__	0.999999766020152
cbe37f10524db3a715266a69749b2a18	ASV2d__Bacteria;p__Bacteroidota;c__Bacteroidia;o__Sphingobacteriales;f__Sphingobacteriaceae;g__Pedobacter;s__	0.9997667150993591
c5cebbda990f1fb037ec629326a19b37	ASV28d__Bacteria;p__Bacteroidota;c__Bacteroidia;o__Sphingobacteriales;f__Sphingobacteriaceae;g__Pedobacter;s__	0.9991475775168399
8b239c9e28468d0e9e00681a79de453c	ASV16d__Bacteria;p__Proteobacteria;c__Gammaproteobacteria;o__Burkholderiales;f__Chromobacteriaceae;g__Aquitalea;s__	0.9933126291688434
57a5a420706657b4e594c6b73e65615b	Unassigned	0.7107136647874462
a67596638d6a0194c3a2710b793a12fb	ASV14d__Bacteria;p__Proteobacteria;c__Gammaproteobacteria;o__Pseudomonadales;f__Pseudomonadaceae;g__Pseudomonas_E;s__Pseudomonas_E fluorescens_AP	0.9999999996852722
7bd353e127bf38229c91a804e5f58d2c	ASV16d__Bacteria;p__Proteobacteria;c__Gammaproteobacteria;o__Burkholderiales;f__Chromobacteriaceae;g__Aquitalea;s__	0.9924733780667593
506a92a2d8e29a728bb55ebc4ce80897	ASV11d__Bacteria;p__Proteobacteria;c__Gammaproteobacteria;o__Burkholderiales;f__Chromobacteriaceae;g__Aquitalea;s__Aquitaleapelogenes	0.9953833885335444
dadfd360cd5fbdcfc268c46e07b97ee5	ASV14d__Bacteria;p__Proteobacteria;c__Gammaproteobacteria;o__Pseudomonadales;f__Pseudomonadaceae;g__Pseudomonas_E;s__Pseudomonas_E fluorescens_AP	0.9999999941381503
cc12ec409775ebf464ef1e0a36ab22ab	ASV34d__Bacteria;p__Bacteroidota;c__Bacteroidia;o__Flavobacteriales;f__Weeksellaceae;g__Elizabethkingia;s__Elizabethkingia_miricola	0.9999999997196056
9b52bc55f25f12b4dbefeb2b52a4d441	ASV14d__Bacteria;p__Proteobacteria;c__Gammaproteobacteria;o__Pseudomonadales;f__Pseudomonadaceae;g__Pseudomonas_E;s__Pseudomonas_E fluorescens_AP	0.9999999998198206
90a5ef63c1802e0d97e682022f7fdf03	ASV34d__Bacteria;p__Bacteroidota;c__Bacteroidia;o__Flavobacteriales;f__Weeksellaceae;g__Elizabethkingia;s__Elizabethkingia_miricola	0.9999999997110223
cc9920f75072315612b336748f88b9bd	Unassigned	0.662796550299181
8b0d0bbff77ecf69132855097e2afd40	ASV17d__Bacteria;p__Bacteroidota;c__Bacteroidia;o__Sphingobacteriales;f__Sphingobacteriaceae;g__Pedobacter;s__	0.9668460063029547
1f9efbf3689c022e79a883238aaae903	Unassigned	0.6693383472873468
382d98e24843261e56ad5e1b5002530f	Unassigned	0.8799844902039489
117646edce94ad71c9722e18bf78b2ad	Unassigned	0.7865242342628783
1e134cd6143cec5daaebb65fc710d5dd	ASV2d__Bacteria;p__Bacteroidota;c__Bacteroidia;o__Sphingobacteriales;f__Sphingobacteriaceae;g__Pedobacter;s__	0.9997733420297737
17c13e3c7ec5a5f43c9c4d882dad5378	Unassigned	0.8525047298117427
ae61934cbb90ff9fa9848bae050023cf	ASV31d__Bacteria;p__Proteobacteria;c__Gammaproteobacteria;o__Burkholderiales;f__Burkholderiaceae;g__Delftia;s__Delftia_acidovorans	0.9985489489999059
ce831a30fa927c59a08d1ac2f5d5cec7	ASV5d__Bacteria;p__Proteobacteria;c__Gammaproteobacteria;o__Burkholderiales;f__Chromobacteriaceae;g__Chromobacterium;s__Chromobacteriumsp002213445	0.9997734052365403
8a8ae3c13a06fe04b33559085406716e	Unassigned	0.7203449729300047
778691af06328867264d64a0b367a2c0	ASV2d__Bacteria;p__Bacteroidota;c__Bacteroidia;o__Sphingobacteriales;f__Sphingobacteriaceae;g__Pedobacter;s__	0.9997179291861037
9e9603c293718b027e58b840f66d5333	ASV14d__Bacteria;p__Proteobacteria;c__Gammaproteobacteria;o__Pseudomonadales;f__Pseudomonadaceae;g__Pseudomonas_E;s__Pseudomonas_E fluorescens_AP	0.9999999997645119
42ddb1b030aaa540cac68b8c853b2bd9	ASV30d__Bacteria;p__Proteobacteria;c__Gammaproteobacteria;o__Enterobacterales;f__Enterobacteriaceae;g__Serratia_A;s__Serratia_Afonticola	0.998913805607381
1b062e411549a08aa801e3fe6d199622	ASV29d__Bacteria;p__Proteobacteria;c__Gammaproteobacteria;o__Enterobacterales;f__Enterobacteriaceae;g__Citrobacter;s__Citrobacter_braakii	0.9998638858419081
13f6667a4256a9480a5e6651bea1bcb2	Unassigned	0.8504403341599218
f212a3f67906e269b1deb6e4c817b80f	ASV16d__Bacteria;p__Proteobacteria;c__Gammaproteobacteria;o__Burkholderiales;f__Chromobacteriaceae;g__Aquitalea;s__	0.9938446906033581
573091d7ddd85f9c5f14a7e53d2ba0bf	ASV9d__Bacteria;p__Proteobacteria;c__Alphaproteobacteria;o__Caulobacterales;f__Caulobacteraceae;g__Brevundimonas;s__	0.9988784493470578
734ab6fc1e81822fe24f5959ccb98ef9	ASV32d__Bacteria;p__Proteobacteria;c__Gammaproteobacteria;o__Burkholderiales;f__Burkholderiaceae;g__Achromobacter;s__	0.9999977549036223
86dc433efa4a8c03c0ea1b2321dcde81	ASV14d__Bacteria;p__Proteobacteria;c__Gammaproteobacteria;o__Pseudomonadales;f__Pseudomonadaceae;g__Pseudomonas_E;s__Pseudomonas_E fluorescens_AP	0.9999999996281872
604b010954ec2bfceba3069094d22bd0	ASV34d__Bacteria;p__Bacteroidota;c__Bacteroidia;o__Flavobacteriales;f__Weeksellaceae;g__Elizabethkingia;s__Elizabethkingia_miricola	0.9999999998368168
958c3c511ab358ec729072aa5ed60dcb	ASV14d__Bacteria;p__Proteobacteria;c__Gammaproteobacteria;o__Pseudomonadales;f__Pseudomonadaceae;g__Pseudomonas_E;s__Pseudomonas_E fluorescens_AP	0.9999999988281445
c0ab308542ac1d5cbce323d6d85238ee	ASV34d__Bacteria;p__Bacteroidota;c__Bacteroidia;o__Flavobacteriales;f__Weeksellaceae;g__Elizabethkingia;s__Elizabethkingia_miricola	0.9999999999825633
085edceb093eb08516b0bba419aae320	ASV14d__Bacteria;p__Proteobacteria;c__Gammaproteobacteria;o__Pseudomonadales;f__Pseudomonadaceae;g__Pseudomonas_E;s__Pseudomonas_E fluorescens_AP	0.9999999999659792
a217dc681bcdc71823521e9b2a57a49b	Unassigned	0.7988202975797423
41b3478a33a438d63e55e7be1af58a55	ASV29d__Bacteria;p__Proteobacteria;c__Gammaproteobacteria;o__Enterobacterales;f__Enterobacteriaceae;g__Citrobacter;s__Citrobacter_braakii	0.9990468535109859
c4382840fb01cce4f4514550543c7dd5	ASV9d__Bacteria;p__Proteobacteria;c__Alphaproteobacteria;o__Caulobacterales;f__Caulobacteraceae;g__Brevundimonas;s__	0.9999999873493125
969a7f78764af8d5dcdf395147cd0345	Unassigned	0.6107760278203895
1c6c5acfcc51b739ad7264528e8df694	ASV31d__Bacteria;p__Proteobacteria;c__Gammaproteobacteria;o__Burkholderiales;f__Burkholderiaceae;g__Delftia;s__Delftia_acidovorans	0.9990955307148932
1b8d5ad2bc36eeea94459dee2ef37b1f	ASV10d__Bacteria;p__Proteobacteria;c__Gammaproteobacteria;o__Burkholderiales;f__Burkholderiaceae;g__Comamonas_B;s__	0.996871260163537
2f332a38d8840f72f440cf5bd8074bc3	ASV34d__Bacteria;p__Bacteroidota;c__Bacteroidia;o__Flavobacteriales;f__Weeksellaceae;g__Elizabethkingia;s__Elizabethkingia_miricola	0.9999999996713598
03f513154a0330aa87f74d91c90de145	ASV34d__Bacteria;p__Bacteroidota;c__Bacteroidia;o__Flavobacteriales;f__Weeksellaceae;g__Elizabethkingia;s__Elizabethkingia_miricola	0.999999999834273
62072051874de09ee8cd3a21d6b81019	ASV2d__Bacteria;p__Bacteroidota;c__Bacteroidia;o__Sphingobacteriales;f__Sphingobacteriaceae;g__Pedobacter;s__	0.9991599157917546
888125c8cc98492df354703d5d4799f1	ASV14d__Bacteria;p__Proteobacteria;c__Gammaproteobacteria;o__Pseudomonadales;f__Pseudomonadaceae;g__Pseudomonas_E;s__Pseudomonas_E fluorescens_AP	0.9999999989891108
805d756d86884e93bd3165e105d6bc6d	ASV34d__Bacteria;p__Bacteroidota;c__Bacteroidia;o__Flavobacteriales;f__Weeksellaceae;g__Elizabethkingia;s__Elizabethkingia_miricola	0.9999999999424745
c8e24afd9d5e2f1c421211b6ae5caa82	ASV34d__Bacteria;p__Bacteroidota;c__Bacteroidia;o__Flavobacteriales;f__Weeksellaceae;g__Elizabethkingia;s__Elizabethkingia_miricola	0.9999999996666986
6a2951efbc065b9836e60f42f0ab4e50	ASV34d__Bacteria;p__Bacteroidota;c__Bacteroidia;o__Flavobacteriales;f__Weeksellaceae;g__Elizabethkingia;s__Elizabethkingia_miricola	0.9999999999777742
a5132caddb75eccf2754d9405767d9a7	ASV34d__Bacteria;p__Bacteroidota;c__Bacteroidia;o__Flavobacteriales;f__Weeksellaceae;g__Elizabethkingia;s__Elizabethkingia_miricola	0.9999999999678977
912e33ca1575a52edba9e5562874dd33	ASV32d__Bacteria;p__Proteobacteria;c__Gammaproteobacteria;o__Burkholderiales;f__Burkholderiaceae;g__Achromobacter;s__	0.9999990602456005
15fdade975f5388f1783f31e222540c3	Unassigned	0.48533400950025496
b69804f78c324295e14f2916aba7caa3	ASV5d__Bacteria;p__Proteobacteria;c__Gammaproteobacteria;o__Burkholderiales;f__Chromobacteriaceae;g__Chromobacterium;s__Chromobacteriumsp002213445	0.9995557762662243
1069f4f4abed5132b63a77fcafbd2a7d	ASV2d__Bacteria;p__Bacteroidota;c__Bacteroidia;o__Sphingobacteriales;f__Sphingobacteriaceae;g__Pedobacter;s__	0.9993254814767338
065c2cc689de1acfce8518b073b3b632	Unassigned	0.8134780757186587
6f5372dd0614297fcad1cbfd3bc7fc88	Unassigned	0.8414228617264587
dd70f59612347f90a2a48d7550652a19	Unassigned	0.689275240711794
fdf50e72722237f25f20034778b825a0	Unassigned	0.8605484653875984
9cfa02db360d8f347cd878637b0dc0df	ASV34d__Bacteria;p__Bacteroidota;c__Bacteroidia;o__Flavobacteriales;f__Weeksellaceae;g__Elizabethkingia;s__Elizabethkingia_miricola	0.9999999999682814
db69ff0e80f4992848ab1b026ed052e9	ASV9d__Bacteria;p__Proteobacteria;c__Alphaproteobacteria;o__Caulobacterales;f__Caulobacteraceae;g__Brevundimonas;s__	0.9999999891265078
2d447f0568708d11161ac4b2162b6220	Unassigned	0.8941959714591484
12cbfd2ba8e143ba8dbcc941d6a858e1	Unassigned	0.8457747929255622
bd67ff6da8243f5c515efafe9076d5c5	ASV29d__Bacteria;p__Proteobacteria;c__Gammaproteobacteria;o__Enterobacterales;f__Enterobacteriaceae;g__Citrobacter;s__Citrobacter_braakii	0.9995767326223167
3c5f137abb955cc827a895ed7b5c4736	ASV10d__Bacteria;p__Proteobacteria;c__Gammaproteobacteria;o__Burkholderiales;f__Burkholderiaceae;g__Comamonas_B;s__	0.9967910307879233
1a7daeaa20acf288cab5edc9159ebb3d	ASV28d__Bacteria;p__Bacteroidota;c__Bacteroidia;o__Sphingobacteriales;f__Sphingobacteriaceae;g__Pedobacter;s__	0.9991318750024352
a6e35d29a3cc125b82be3f0dd6efe2d7	X263_Sphingobacteriia;Sphingobacteriales;Chitinophagaceae; Chitinophaga	0.9999999999590585
e26c54f5d390dffe01f35bfae795df94	ASV29d__Bacteria;p__Proteobacteria;c__Gammaproteobacteria;o__Enterobacterales;f__Enterobacteriaceae;g__Citrobacter;s__Citrobacter_braakii	0.99968696577594
d962752fdf9497986fd567388661197b	ASV2d__Bacteria;p__Bacteroidota;c__Bacteroidia;o__Sphingobacteriales;f__Sphingobacteriaceae;g__Pedobacter;s__	0.9996930818595899
399b339bd200f3e284b27eb55b437673	X391_Actinobacteria;Actinomycetales;Microbacteriaceae;Leifsonia	0.9999999999998863
1a1e702d4f9954b5c699c823234d19bb	Unassigned	0.6161104096413454
4ef7b2efb054c9fcd8c6fef6ba787cf0	ASV29d__Bacteria;p__Proteobacteria;c__Gammaproteobacteria;o__Enterobacterales;f__Enterobacteriaceae;g__Citrobacter;s__Citrobacter_braakii	0.9997944742226861
5ccb73b9646c65d1a9203ace0b019df3	ASV34d__Bacteria;p__Bacteroidota;c__Bacteroidia;o__Flavobacteriales;f__Weeksellaceae;g__Elizabethkingia;s__Elizabethkingia_miricola	0.9999999998906759
00ad57b1b755e2a115a37ee1538b1c45	ASV14d__Bacteria;p__Proteobacteria;c__Gammaproteobacteria;o__Pseudomonadales;f__Pseudomonadaceae;g__Pseudomonas_E;s__Pseudomonas_E fluorescens_AP	0.9999999995324913
7fb08fa9b7b2eef6a3db57d0de769227	Unassigned	0.7478538448613239
b9a88bc477cd67f952e82d2c3a6245ce	Unassigned	0.8271842746442368
07a6e7f6f2fd6a7a6c426f7037dacd9c	Unassigned	0.8308386528401634
2fe9d3f686f01d2e25bd932c42acde93	ASV14d__Bacteria;p__Proteobacteria;c__Gammaproteobacteria;o__Pseudomonadales;f__Pseudomonadaceae;g__Pseudomonas_E;s__Pseudomonas_E fluorescens_AP	0.9999999988901607
ba39e3814fb52f2fea786b24b22645c0	ASV14d__Bacteria;p__Proteobacteria;c__Gammaproteobacteria;o__Pseudomonadales;f__Pseudomonadaceae;g__Pseudomonas_E;s__Pseudomonas_E fluorescens_AP	0.9999999998095461
d1f45c6332e90d74db106482e52a86a7	ASV32d__Bacteria;p__Proteobacteria;c__Gammaproteobacteria;o__Burkholderiales;f__Burkholderiaceae;g__Achromobacter;s__	0.9999963932576563
84a637f4d60587abd139b0e4d3a3dcd5	ASV10d__Bacteria;p__Proteobacteria;c__Gammaproteobacteria;o__Burkholderiales;f__Burkholderiaceae;g__Comamonas_B;s__	0.9968745460087189
bdf32b73ae2abd2ccc21a4b3ef9bb98d	ASV11d__Bacteria;p__Proteobacteria;c__Gammaproteobacteria;o__Burkholderiales;f__Chromobacteriaceae;g__Aquitalea;s__Aquitaleapelogenes	0.9950783596318344
20650eaafdd7a349c7d2fd4536323edf	ASV14d__Bacteria;p__Proteobacteria;c__Gammaproteobacteria;o__Pseudomonadales;f__Pseudomonadaceae;g__Pseudomonas_E;s__Pseudomonas_E fluorescens_AP	0.9999999976758289
60a6ecc0f70498511d783bc28f0e8c99	ASV14d__Bacteria;p__Proteobacteria;c__Gammaproteobacteria;o__Pseudomonadales;f__Pseudomonadaceae;g__Pseudomonas_E;s__Pseudomonas_E fluorescens_AP	0.9999999996677076
9e3863cdeb4db7590e288b04163578bb	Unassigned	0.8437151618174142
ce793ab613465c46d52d83da871d4fae	ASV5d__Bacteria;p__Proteobacteria;c__Gammaproteobacteria;o__Burkholderiales;f__Chromobacteriaceae;g__Chromobacterium;s__Chromobacteriumsp002213445	0.99981268465252
3e11d42326713ece366ee1d994b07be2	Unassigned	0.6975278676269112
a71c75435a1158ac0bb3cf7808737a12	Unassigned	0.7839291967644972
2be35b0eb62af8c340eca1ac36832f87	Unassigned	0.8759248062322986
e0d7a3bf75f33a5436effb91f1079541	Unassigned	0.8943731993015526
bb6b889f5af0d434a4295aaf3e7bc82d	Unassigned	0.7719622100229027
7f97805380af3fd9c09b9c06086d6a17	Unassigned	0.39427427906655843
438fba060d748580b063b5b3c9c1e290	ASV14d__Bacteria;p__Proteobacteria;c__Gammaproteobacteria;o__Pseudomonadales;f__Pseudomonadaceae;g__Pseudomonas_E;s__Pseudomonas_E fluorescens_AP	0.9999999998498055
f4b8fa01b1996a4f9ef98441ce08f550	ASV34d__Bacteria;p__Bacteroidota;c__Bacteroidia;o__Flavobacteriales;f__Weeksellaceae;g__Elizabethkingia;s__Elizabethkingia_miricola	0.999999999948443
7b34e5e16293e608ecaa81918728b3fa	ASV30d__Bacteria;p__Proteobacteria;c__Gammaproteobacteria;o__Enterobacterales;f__Enterobacteriaceae;g__Serratia_A;s__Serratia_Afonticola	0.9990171089683706
e08731ad0ed3692f5dd868a2e76f762f	ASV14d__Bacteria;p__Proteobacteria;c__Gammaproteobacteria;o__Pseudomonadales;f__Pseudomonadaceae;g__Pseudomonas_E;s__Pseudomonas_E fluorescens_AP	0.9999999951726011
282b1a8267814bd0992fcb5b5d9a19a7	ASV14d__Bacteria;p__Proteobacteria;c__Gammaproteobacteria;o__Pseudomonadales;f__Pseudomonadaceae;g__Pseudomonas_E;s__Pseudomonas_E fluorescens_AP	0.9999999988354489
5979e9d1269e83cf8d6883d0ab829325	ASV32d__Bacteria;p__Proteobacteria;c__Gammaproteobacteria;o__Burkholderiales;f__Burkholderiaceae;g__Achromobacter;s__	0.9999997012433275
7849b10bb7b0fb00a24e46623fc37781	ASV34d__Bacteria;p__Bacteroidota;c__Bacteroidia;o__Flavobacteriales;f__Weeksellaceae;g__Elizabethkingia;s__Elizabethkingia_miricola	0.9999999999053699
2770b2e0f51f36138aaacc5743bd2da6	ASV34d__Bacteria;p__Bacteroidota;c__Bacteroidia;o__Flavobacteriales;f__Weeksellaceae;g__Elizabethkingia;s__Elizabethkingia_miricola	0.9999999998634195
b3fa37849b8cbff1724a32860b308de9	ASV16d__Bacteria;p__Proteobacteria;c__Gammaproteobacteria;o__Burkholderiales;f__Chromobacteriaceae;g__Aquitalea;s__	0.9934651948795108
9383e589ec191ffbe698641cfb4cf3ef	X263_Sphingobacteriia;Sphingobacteriales;Chitinophagaceae; Chitinophaga	0.9999999999116369
c3dd16a416b9d86f41f4fb709f7f8392	ASV5d__Bacteria;p__Proteobacteria;c__Gammaproteobacteria;o__Burkholderiales;f__Chromobacteriaceae;g__Chromobacterium;s__Chromobacteriumsp002213445	0.9998055604164943
56d3df0dfb13512960a81bb37859fdf2	ASV34d__Bacteria;p__Bacteroidota;c__Bacteroidia;o__Flavobacteriales;f__Weeksellaceae;g__Elizabethkingia;s__Elizabethkingia_miricola	0.9999999999289031
a69e7f933903e893f6d55f17286f9f02	ASV34d__Bacteria;p__Bacteroidota;c__Bacteroidia;o__Flavobacteriales;f__Weeksellaceae;g__Elizabethkingia;s__Elizabethkingia_miricola	0.9999999992474642
cba47a5a4e9a6906976fd21838a7dddc	ASV14d__Bacteria;p__Proteobacteria;c__Gammaproteobacteria;o__Pseudomonadales;f__Pseudomonadaceae;g__Pseudomonas_E;s__Pseudomonas_E fluorescens_AP	0.9999999987577866
d5d2613de16da35bffe853b587b403ec	ASV34d__Bacteria;p__Bacteroidota;c__Bacteroidia;o__Flavobacteriales;f__Weeksellaceae;g__Elizabethkingia;s__Elizabethkingia_miricola	0.999999999870667
9bc72a6161959cab40e925e41db915af	ASV10d__Bacteria;p__Proteobacteria;c__Gammaproteobacteria;o__Burkholderiales;f__Burkholderiaceae;g__Comamonas_B;s__	0.9954227857477872
3c15dd51142e0d52895a5b2a68844b04	Unassigned	0.524007309182159
895d3582d3ac9b037e192be48eec4a36	ASV14d__Bacteria;p__Proteobacteria;c__Gammaproteobacteria;o__Pseudomonadales;f__Pseudomonadaceae;g__Pseudomonas_E;s__Pseudomonas_E fluorescens_AP	0.9999999997922515
565875ad3ada00613f0c4c4ce22cb620	ASV14d__Bacteria;p__Proteobacteria;c__Gammaproteobacteria;o__Pseudomonadales;f__Pseudomonadaceae;g__Pseudomonas_E;s__Pseudomonas_E fluorescens_AP	0.99999999990807
81f2fbfbf0f4a39ff682fd88abedbad7	Unassigned	0.7004433620777137
06f5052c0ac79e86402e490eef7851c3	Unassigned	0.8023292544387398
ca6c2b3b469c08212142e8821c65882a	Unassigned	0.7142562606368048
65549f9c79a6ce55ae550c6444d90629	Unassigned	0.8325776287552805
dd6bad8e438f8f96538a975215129b01	ASV5d__Bacteria;p__Proteobacteria;c__Gammaproteobacteria;o__Burkholderiales;f__Chromobacteriaceae;g__Chromobacterium;s__Chromobacteriumsp002213445	0.9998274670453855
9f25dd777a79bf870de9b332daf7a8fc	ASV30d__Bacteria;p__Proteobacteria;c__Gammaproteobacteria;o__Enterobacterales;f__Enterobacteriaceae;g__Serratia_A;s__Serratia_Afonticola	0.9993803207302738
85bee0c5d77bd6258dbc55d4414f484e	ASV29d__Bacteria;p__Proteobacteria;c__Gammaproteobacteria;o__Enterobacterales;f__Enterobacteriaceae;g__Citrobacter;s__Citrobacter_braakii	0.9998522644898605
2a6d23bbea62fcabde9daded2d013b2c	ASV9d__Bacteria;p__Proteobacteria;c__Alphaproteobacteria;o__Caulobacterales;f__Caulobacteraceae;g__Brevundimonas;s__	0.9999999959064354
c0e090512eb6077eeee0e657b9f36db5	ASV29d__Bacteria;p__Proteobacteria;c__Gammaproteobacteria;o__Enterobacterales;f__Enterobacteriaceae;g__Citrobacter;s__Citrobacter_braakii	0.9995894849603675
21bc1090858286e41e493ca0c6659d87	ASV14d__Bacteria;p__Proteobacteria;c__Gammaproteobacteria;o__Pseudomonadales;f__Pseudomonadaceae;g__Pseudomonas_E;s__Pseudomonas_E fluorescens_AP	0.9999999994852686
86990e876424ccd521205b66aadcbb11	ASV14d__Bacteria;p__Proteobacteria;c__Gammaproteobacteria;o__Pseudomonadales;f__Pseudomonadaceae;g__Pseudomonas_E;s__Pseudomonas_E fluorescens_AP	0.9999999992455884
379e914f26791ea2d1559e48ef0dcc81	ASV14d__Bacteria;p__Proteobacteria;c__Gammaproteobacteria;o__Pseudomonadales;f__Pseudomonadaceae;g__Pseudomonas_E;s__Pseudomonas_E fluorescens_AP	0.9999999851975049
cd5d0cb2795fb4d9cf53349bf2c05109	ASV14d__Bacteria;p__Proteobacteria;c__Gammaproteobacteria;o__Pseudomonadales;f__Pseudomonadaceae;g__Pseudomonas_E;s__Pseudomonas_E fluorescens_AP	0.9999999990445616
7e66b580319622284ec91479f30484d4	Unassigned	0.7804412385647268
bd065d14eb7a138fae1fa269df78c364	ASV19d__Bacteria;p__Bacteroidota;c__Bacteroidia;o__Sphingobacteriales;f__Sphingobacteriaceae;g__Pedobacter;s__	0.9996171371755018
be6586b8daa9acdbbc490e0c90863592	Unassigned	0.8062312215863078
4ef69a40f06a2b3b0cd2047121befec4	ASV34d__Bacteria;p__Bacteroidota;c__Bacteroidia;o__Flavobacteriales;f__Weeksellaceae;g__Elizabethkingia;s__Elizabethkingia_miricola	0.9999999999776463
63b2282f4a905bbe6e994eb2d59bc2e6	ASV17d__Bacteria;p__Bacteroidota;c__Bacteroidia;o__Sphingobacteriales;f__Sphingobacteriaceae;g__Pedobacter;s__	0.9145936326966628
f1a389d257db609659212fe12f4198a6	ASV10d__Bacteria;p__Proteobacteria;c__Gammaproteobacteria;o__Burkholderiales;f__Burkholderiaceae;g__Comamonas_B;s__	0.996123322088342
6a3c6e442e770b29a312ed7b440048e2	ASV34d__Bacteria;p__Bacteroidota;c__Bacteroidia;o__Flavobacteriales;f__Weeksellaceae;g__Elizabethkingia;s__Elizabethkingia_miricola	0.9999999999727152
ca45edb89e0083b142bc94c3225865b0	ASV34d__Bacteria;p__Bacteroidota;c__Bacteroidia;o__Flavobacteriales;f__Weeksellaceae;g__Elizabethkingia;s__Elizabethkingia_miricola	0.999999999604853
d917ed07a8e50d74f23fff961011e545	ASV8d__Bacteria;p__Proteobacteria;c__Alphaproteobacteria;o__Rhizobiales;f__Rhizobiaceae;g__Rhizobium;s__	0.9999999914876128
b3ba8a43310d4dcd9d18b4332159ad28	ASV14d__Bacteria;p__Proteobacteria;c__Gammaproteobacteria;o__Pseudomonadales;f__Pseudomonadaceae;g__Pseudomonas_E;s__Pseudomonas_E fluorescens_AP	0.9999999996623927
d7e067b1188e00db1bc2dda0e3b44434	ASV34d__Bacteria;p__Bacteroidota;c__Bacteroidia;o__Flavobacteriales;f__Weeksellaceae;g__Elizabethkingia;s__Elizabethkingia_miricola	0.9999999998255475
4f6d391b9927b3ff284cd662fa4935fd	ASV34d__Bacteria;p__Bacteroidota;c__Bacteroidia;o__Flavobacteriales;f__Weeksellaceae;g__Elizabethkingia;s__Elizabethkingia_miricola	0.9999999996040998
b2929a7bfa4cdbf0050d76a10584a6bd	ASV30d__Bacteria;p__Proteobacteria;c__Gammaproteobacteria;o__Enterobacterales;f__Enterobacteriaceae;g__Serratia_A;s__Serratia_Afonticola	0.9978689309912654
d436ce7270d328b3b1600dc705f5b776	ASV14d__Bacteria;p__Proteobacteria;c__Gammaproteobacteria;o__Pseudomonadales;f__Pseudomonadaceae;g__Pseudomonas_E;s__Pseudomonas_E fluorescens_AP	0.9999999997875477
1a8b3eacbebf7c1afbdee93c09b134da	ASV34d__Bacteria;p__Bacteroidota;c__Bacteroidia;o__Flavobacteriales;f__Weeksellaceae;g__Elizabethkingia;s__Elizabethkingia_miricola	0.9999999996992557
4a8106d8107bd318236965fd3756421d	ASV14d__Bacteria;p__Proteobacteria;c__Gammaproteobacteria;o__Pseudomonadales;f__Pseudomonadaceae;g__Pseudomonas_E;s__Pseudomonas_E fluorescens_AP	0.9999999943754574
768d87e91318188e596cce62ce881b3a	ASV34d__Bacteria;p__Bacteroidota;c__Bacteroidia;o__Flavobacteriales;f__Weeksellaceae;g__Elizabethkingia;s__Elizabethkingia_miricola	0.9999999999209876
9b3b139417840b601ef58ad2f78e727b	ASV29d__Bacteria;p__Proteobacteria;c__Gammaproteobacteria;o__Enterobacterales;f__Enterobacteriaceae;g__Citrobacter;s__Citrobacter_braakii	0.9998505812002743
b74bb412a90b927e38ed38f0a67f8903	ASV34d__Bacteria;p__Bacteroidota;c__Bacteroidia;o__Flavobacteriales;f__Weeksellaceae;g__Elizabethkingia;s__Elizabethkingia_miricola	0.9999731940978109
35fbba476fd9bd153ada5cc43e2972b5	ASV2d__Bacteria;p__Bacteroidota;c__Bacteroidia;o__Sphingobacteriales;f__Sphingobacteriaceae;g__Pedobacter;s__	0.9993304131012961
85cbef9e0237ea541537750e499fb99b	ASV32d__Bacteria;p__Proteobacteria;c__Gammaproteobacteria;o__Burkholderiales;f__Burkholderiaceae;g__Achromobacter;s__	0.9999997272666493
d2c4b660cbe390e2ebb73ef87a91cc1e	ASV29d__Bacteria;p__Proteobacteria;c__Gammaproteobacteria;o__Enterobacterales;f__Enterobacteriaceae;g__Citrobacter;s__Citrobacter_braakii	0.9998723479973297
07d4a83063134c034b67b998f8b8726b	ASV9d__Bacteria;p__Proteobacteria;c__Alphaproteobacteria;o__Caulobacterales;f__Caulobacteraceae;g__Brevundimonas;s__	0.999999987369364
869a64218b020faf9b621a704d54e49c	ASV29d__Bacteria;p__Proteobacteria;c__Gammaproteobacteria;o__Enterobacterales;f__Enterobacteriaceae;g__Citrobacter;s__Citrobacter_braakii	0.9998829231897461
b0cbfd469ed636dca6d94f464983255c	Unassigned	0.8573576620461468
4aacc65cdc75773844c2a2fe3460ae8d	ASV19d__Bacteria;p__Bacteroidota;c__Bacteroidia;o__Sphingobacteriales;f__Sphingobacteriaceae;g__Pedobacter;s__	0.9996951007777943
6e080f59cbf89510615a998943ef993a	ASV14d__Bacteria;p__Proteobacteria;c__Gammaproteobacteria;o__Pseudomonadales;f__Pseudomonadaceae;g__Pseudomonas_E;s__Pseudomonas_E fluorescens_AP	0.9999999998072155
79558b3684bb9727648a9e832c33bf65	ASV14d__Bacteria;p__Proteobacteria;c__Gammaproteobacteria;o__Pseudomonadales;f__Pseudomonadaceae;g__Pseudomonas_E;s__Pseudomonas_E fluorescens_AP	0.9999999993902406
caa23e71e95bdf83712b884356092d89	ASV14d__Bacteria;p__Proteobacteria;c__Gammaproteobacteria;o__Pseudomonadales;f__Pseudomonadaceae;g__Pseudomonas_E;s__Pseudomonas_E fluorescens_AP	0.9999999995036859
89547cacd94cb9768b7c5edbdb4f0f08	ASV14d__Bacteria;p__Proteobacteria;c__Gammaproteobacteria;o__Pseudomonadales;f__Pseudomonadaceae;g__Pseudomonas_E;s__Pseudomonas_E fluorescens_AP	0.9999999991631938
399aa5d94b9bd338ad31a5e7553bbf38	Unassigned	0.852768557907358
3e311656e09aae06a5657c4367d8af82	Unassigned	0.6538715357060761
6e094a796b68e338cb8374f3f899fdcb	ASV16d__Bacteria;p__Proteobacteria;c__Gammaproteobacteria;o__Burkholderiales;f__Chromobacteriaceae;g__Aquitalea;s__	0.9944436011507328
29153753dca530816a70ce95fedf4479	ASV5d__Bacteria;p__Proteobacteria;c__Gammaproteobacteria;o__Burkholderiales;f__Chromobacteriaceae;g__Chromobacterium;s__Chromobacteriumsp002213445	0.9997313649075955
c50dde5eb4cb7be8a7d29602f49f3e8c	ASV17d__Bacteria;p__Bacteroidota;c__Bacteroidia;o__Sphingobacteriales;f__Sphingobacteriaceae;g__Pedobacter;s__	0.9612557258118688
dbe8286b98a0e70ed1e34be9a5361b21	X391_Actinobacteria;Actinomycetales;Microbacteriaceae;Leifsonia	0.9999999610766971
7e4e4ee85e855eb33d19a868abeb7db4	ASV34d__Bacteria;p__Bacteroidota;c__Bacteroidia;o__Flavobacteriales;f__Weeksellaceae;g__Elizabethkingia;s__Elizabethkingia_miricola	0.9999999999843823
cf060066ebfc30b45676088ddc2fc994	ASV34d__Bacteria;p__Bacteroidota;c__Bacteroidia;o__Flavobacteriales;f__Weeksellaceae;g__Elizabethkingia;s__Elizabethkingia_miricola	0.9999999985289065
3ccd8d0b75fb1b464368adebd80a5a70	ASV11d__Bacteria;p__Proteobacteria;c__Gammaproteobacteria;o__Burkholderiales;f__Chromobacteriaceae;g__Aquitalea;s__Aquitaleapelogenes	0.9947590346469876
9c5f27279a71db81a922baca37181a23	ASV30d__Bacteria;p__Proteobacteria;c__Gammaproteobacteria;o__Enterobacterales;f__Enterobacteriaceae;g__Serratia_A;s__Serratia_Afonticola	0.9993540263964502
9c9acc9c5edb2f7e9cc7cda55e0a1337	ASV14d__Bacteria;p__Proteobacteria;c__Gammaproteobacteria;o__Pseudomonadales;f__Pseudomonadaceae;g__Pseudomonas_E;s__Pseudomonas_E fluorescens_AP	0.9999999830601781
d84136335737fd770944223ca6c592cf	ASV14d__Bacteria;p__Proteobacteria;c__Gammaproteobacteria;o__Pseudomonadales;f__Pseudomonadaceae;g__Pseudomonas_E;s__Pseudomonas_E fluorescens_AP	0.9999999999659082
620d1ca4251a8befac747ea9bf31d583	ASV14d__Bacteria;p__Proteobacteria;c__Gammaproteobacteria;o__Pseudomonadales;f__Pseudomonadaceae;g__Pseudomonas_E;s__Pseudomonas_E fluorescens_AP	0.9999999997476436
2a3d43d6b42d604de03e1d4cb8e7cf3f	Unassigned	0.6911244899101946
39ff76f7ea7edc0de28d35347aa11680	ASV14d__Bacteria;p__Proteobacteria;c__Gammaproteobacteria;o__Pseudomonadales;f__Pseudomonadaceae;g__Pseudomonas_E;s__Pseudomonas_E fluorescens_AP	0.9999999999324984
eae2526406301c8df845dc7a1d173c23	ASV9d__Bacteria;p__Proteobacteria;c__Alphaproteobacteria;o__Caulobacterales;f__Caulobacteraceae;g__Brevundimonas;s__	0.999999995303213
b90e8ef51d7dd96793c774cebb0c2657	ASV28d__Bacteria;p__Bacteroidota;c__Bacteroidia;o__Sphingobacteriales;f__Sphingobacteriaceae;g__Pedobacter;s__	0.9993433066267597
2c9540e2e07eb79335a603a04442bc20	ASV14d__Bacteria;p__Proteobacteria;c__Gammaproteobacteria;o__Pseudomonadales;f__Pseudomonadaceae;g__Pseudomonas_E;s__Pseudomonas_E fluorescens_AP	0.9999999999311484
ebb92634f3a189afd3b40dbd9cb52e18	ASV34d__Bacteria;p__Bacteroidota;c__Bacteroidia;o__Flavobacteriales;f__Weeksellaceae;g__Elizabethkingia;s__Elizabethkingia_miricola	0.9999999999843681
4895629e912a4a24b7d7ec48f56f5bbf	ASV14d__Bacteria;p__Proteobacteria;c__Gammaproteobacteria;o__Pseudomonadales;f__Pseudomonadaceae;g__Pseudomonas_E;s__Pseudomonas_E fluorescens_AP	0.9999999998970992
ffd91298dc247ff86a0295f863bf0924	ASV29d__Bacteria;p__Proteobacteria;c__Gammaproteobacteria;o__Enterobacterales;f__Enterobacteriaceae;g__Citrobacter;s__Citrobacter_braakii	0.9997734401622456
2c27fd4a114c321745eee5e4bf712c84	ASV32d__Bacteria;p__Proteobacteria;c__Gammaproteobacteria;o__Burkholderiales;f__Burkholderiaceae;g__Achromobacter;s__	0.9999989413202206
51bd9966944378586a7c044cbaa13df4	ASV14d__Bacteria;p__Proteobacteria;c__Gammaproteobacteria;o__Pseudomonadales;f__Pseudomonadaceae;g__Pseudomonas_E;s__Pseudomonas_E fluorescens_AP	0.9999999997381224
7d09169726918a388fcccb9ed9a38ca6	ASV14d__Bacteria;p__Proteobacteria;c__Gammaproteobacteria;o__Pseudomonadales;f__Pseudomonadaceae;g__Pseudomonas_E;s__Pseudomonas_E fluorescens_AP	0.9999999992257642
71fda8dd712828886022a0ec4b2ad96f	Unassigned	0.8850537016715976
6faf025d61e54fb3be2f52bd61ad7d78	ASV31d__Bacteria;p__Proteobacteria;c__Gammaproteobacteria;o__Burkholderiales;f__Burkholderiaceae;g__Delftia;s__Delftia_acidovorans	0.8856060762852006
07531b11776a8e2b78ff4fe9a03fa20a	ASV10d__Bacteria;p__Proteobacteria;c__Gammaproteobacteria;o__Burkholderiales;f__Burkholderiaceae;g__Comamonas_B;s__	0.9892485759879686
12e5ea96b2b4f0557abcb459f181397a	ASV14d__Bacteria;p__Proteobacteria;c__Gammaproteobacteria;o__Pseudomonadales;f__Pseudomonadaceae;g__Pseudomonas_E;s__Pseudomonas_E fluorescens_AP	0.9260890985438978
c37e837052583c351bfc236dee24be4e	ASV10d__Bacteria;p__Proteobacteria;c__Gammaproteobacteria;o__Burkholderiales;f__Burkholderiaceae;g__Comamonas_B;s__	0.9973453944150504
5729b8d4ffaf13562500032eb52b8c92	ASV34d__Bacteria;p__Bacteroidota;c__Bacteroidia;o__Flavobacteriales;f__Weeksellaceae;g__Elizabethkingia;s__Elizabethkingia_miricola	0.9999999989762927
9122ae20a4a90b690b56f8fae835df5c	ASV34d__Bacteria;p__Bacteroidota;c__Bacteroidia;o__Flavobacteriales;f__Weeksellaceae;g__Elizabethkingia;s__Elizabethkingia_miricola	0.9999999999776605
a66c40177d790bece6892b586d1f7c5c	ASV14d__Bacteria;p__Proteobacteria;c__Gammaproteobacteria;o__Pseudomonadales;f__Pseudomonadaceae;g__Pseudomonas_E;s__Pseudomonas_E fluorescens_AP	0.9999999997944258
94c7128a0d71c494325e43355622c0e9	ASV14d__Bacteria;p__Proteobacteria;c__Gammaproteobacteria;o__Pseudomonadales;f__Pseudomonadaceae;g__Pseudomonas_E;s__Pseudomonas_E fluorescens_AP	0.9999999966225346
5d1d2b35c6a61a3e2d8538d13f16e99a	ASV14d__Bacteria;p__Proteobacteria;c__Gammaproteobacteria;o__Pseudomonadales;f__Pseudomonadaceae;g__Pseudomonas_E;s__Pseudomonas_E fluorescens_AP	0.9999999995257554
f775837d9613eb52cfc25615a662bf20	ASV8d__Bacteria;p__Proteobacteria;c__Alphaproteobacteria;o__Rhizobiales;f__Rhizobiaceae;g__Rhizobium;s__	0.9999999892460779
4e4e6d1d85121a457a85be94592cf166	ASV29d__Bacteria;p__Proteobacteria;c__Gammaproteobacteria;o__Enterobacterales;f__Enterobacteriaceae;g__Citrobacter;s__Citrobacter_braakii	0.9986726922440538
01f8928ead1878f24cd65ad22adf9057	Unassigned	0.5626650861225679
d11e44d13fa66fe7a4488df17fe42e22	ASV34d__Bacteria;p__Bacteroidota;c__Bacteroidia;o__Flavobacteriales;f__Weeksellaceae;g__Elizabethkingia;s__Elizabethkingia_miricola	0.9999999999032667
90152120e820707672f146627e18ec87	ASV5d__Bacteria;p__Proteobacteria;c__Gammaproteobacteria;o__Burkholderiales;f__Chromobacteriaceae;g__Chromobacterium;s__Chromobacteriumsp002213445	0.9998274530082366
b646f5dc2fa478aae372db2482d2b416	X263_Sphingobacteriia;Sphingobacteriales;Chitinophagaceae; Chitinophaga	0.9999999999183586
f57f01018524552e1e7711726e6046bf	Unassigned	0.732951796049762
7ed5d0fc796055380457b71fd8971118	Unassigned	0.8078267410963578
eb97dd8eb8e512120ef9303936a8f970	Unassigned	0.8045904074171714
86b62aada38ea56dc864dcab1c19781d	Unassigned	0.538448323495953
97e5fae96e5791c48ccb214e3c2bceb2	ASV2d__Bacteria;p__Bacteroidota;c__Bacteroidia;o__Sphingobacteriales;f__Sphingobacteriaceae;g__Pedobacter;s__	0.9953683949742329
e0366dd6df27f95da6ec532ebcf7fc8b	X491_Betaproteobacteria;Burkholderiales;Burkholderiaceae;Pandoraea	0.9924878712612896
f9cfde8568ebca92f45b9e1d5a21dcf4	ASV10d__Bacteria;p__Proteobacteria;c__Gammaproteobacteria;o__Burkholderiales;f__Burkholderiaceae;g__Comamonas_B;s__	0.9951491574980272
1d70d55d6910f331473a152226947e90	ASV17d__Bacteria;p__Bacteroidota;c__Bacteroidia;o__Sphingobacteriales;f__Sphingobacteriaceae;g__Pedobacter;s__	0.9811976261704711
bd53e06cbe5036fe561c43f8bd5b3275	ASV30d__Bacteria;p__Proteobacteria;c__Gammaproteobacteria;o__Enterobacterales;f__Enterobacteriaceae;g__Serratia_A;s__Serratia_Afonticola	0.9995029113705654
b7fb9f7d5294659b53de34c7916aac76	ASV14d__Bacteria;p__Proteobacteria;c__Gammaproteobacteria;o__Pseudomonadales;f__Pseudomonadaceae;g__Pseudomonas_E;s__Pseudomonas_E fluorescens_AP	0.9999999990245811
1e0e76279b91dea4846f502128132a78	ASV5d__Bacteria;p__Proteobacteria;c__Gammaproteobacteria;o__Burkholderiales;f__Chromobacteriaceae;g__Chromobacterium;s__Chromobacteriumsp002213445	0.9993419350223149
3883fe567d3c90a5d932e625bca8691d	ASV16d__Bacteria;p__Proteobacteria;c__Gammaproteobacteria;o__Burkholderiales;f__Chromobacteriaceae;g__Aquitalea;s__	0.9943658974775417
5470197d73c5d3b19880ee2111842c3a	ASV32d__Bacteria;p__Proteobacteria;c__Gammaproteobacteria;o__Burkholderiales;f__Burkholderiaceae;g__Achromobacter;s__	0.999999128377137
e81a728ed72909264f296c70da62e855	Unassigned	0.8306043096597786
7af16faf619c2cca228300dc07f0722d	Unassigned	0.6821276172763315
8ce4afa9f841467e9a35a413e9b71101	Unassigned	0.6980562013301943
87d9e208ae5aed18483bce66ace3f4f5	Unassigned	0.5385759196209237
1fb3c9a8e28ce5bb95a7a470cdaaa3dd	ASV28d__Bacteria;p__Bacteroidota;c__Bacteroidia;o__Sphingobacteriales;f__Sphingobacteriaceae;g__Pedobacter;s__	0.998566541053948
cc4109c77321cb57c89f13e49da42514	ASV31d__Bacteria;p__Proteobacteria;c__Gammaproteobacteria;o__Burkholderiales;f__Burkholderiaceae;g__Delftia;s__Delftia_acidovorans	0.9996204401125577
0d353c5d375e92a8819273fe78847dcf	ASV28d__Bacteria;p__Bacteroidota;c__Bacteroidia;o__Sphingobacteriales;f__Sphingobacteriaceae;g__Pedobacter;s__	0.999124676929788
9be9ba3782b05c83277e1db2158322d7	ASV29d__Bacteria;p__Proteobacteria;c__Gammaproteobacteria;o__Enterobacterales;f__Enterobacteriaceae;g__Citrobacter;s__Citrobacter_braakii	0.9998632021061207
02829075d4b01e4258331454341d5e61	ASV14d__Bacteria;p__Proteobacteria;c__Gammaproteobacteria;o__Pseudomonadales;f__Pseudomonadaceae;g__Pseudomonas_E;s__Pseudomonas_E fluorescens_AP	0.9999999997342712
2e2f896810edee8ea5f788629748249d	ASV14d__Bacteria;p__Proteobacteria;c__Gammaproteobacteria;o__Pseudomonadales;f__Pseudomonadaceae;g__Pseudomonas_E;s__Pseudomonas_E fluorescens_AP	0.9999999986545731
d0d7eb67452131ceadef97bf20d898bc	ASV14d__Bacteria;p__Proteobacteria;c__Gammaproteobacteria;o__Pseudomonadales;f__Pseudomonadaceae;g__Pseudomonas_E;s__Pseudomonas_E fluorescens_AP	0.99999999651493
c46a5ff1b92c281f993603ce44568cd5	ASV34d__Bacteria;p__Bacteroidota;c__Bacteroidia;o__Flavobacteriales;f__Weeksellaceae;g__Elizabethkingia;s__Elizabethkingia_miricola	0.9999999999376854
8c2d84906cb8831371ed0c2ce90ffdd3	ASV14d__Bacteria;p__Proteobacteria;c__Gammaproteobacteria;o__Pseudomonadales;f__Pseudomonadaceae;g__Pseudomonas_E;s__Pseudomonas_E fluorescens_AP	0.999999997887528
a9df3d250608e2cbcf4214f32e2ee5dd	ASV34d__Bacteria;p__Bacteroidota;c__Bacteroidia;o__Flavobacteriales;f__Weeksellaceae;g__Elizabethkingia;s__Elizabethkingia_miricola	0.9999999998888853
bcd8a3cd105ca4900cd57462741b936a	ASV34d__Bacteria;p__Bacteroidota;c__Bacteroidia;o__Flavobacteriales;f__Weeksellaceae;g__Elizabethkingia;s__Elizabethkingia_miricola	0.999999999962526
f168709296bd3ca801b58cebcc802131	Unassigned	0.8978760629701635
6dec24e038af34bfd60b9ca4e679d022	ASV5d__Bacteria;p__Proteobacteria;c__Gammaproteobacteria;o__Burkholderiales;f__Chromobacteriaceae;g__Chromobacterium;s__Chromobacteriumsp002213445	0.9997685890002944
9d30c0f9e2edc5456a444acb0620cdc5	ASV32d__Bacteria;p__Proteobacteria;c__Gammaproteobacteria;o__Burkholderiales;f__Burkholderiaceae;g__Achromobacter;s__	0.9999978645392736
7f30f77f7653d529deb1b5b6a2bf6298	Unassigned	0.8832190474485582
8427372ddb5a2907a734789fb9595ea4	Unassigned	0.8490791061454785
379f4d8801f5f40a509e18d9b53f2728	Unassigned	0.5527877454922633
d4738e9d81b2dd5ac0e9caf010f9c8f1	Unassigned	0.8571087252579253
787b4a69d2e78695551aed2a89820925	Unassigned	0.8449679281481958
aadf7db1e32a393b8002fb1c0ce568cc	ASV30d__Bacteria;p__Proteobacteria;c__Gammaproteobacteria;o__Enterobacterales;f__Enterobacteriaceae;g__Serratia_A;s__Serratia_Afonticola	0.9993110900545257
7fc1a6af5e7ce658d48b414bae4975f1	Unassigned	0.7964449152718402
57efc29eaa7b1f4e707247c1ecc1c6fd	Unassigned	0.8573180252950485
479be76ae5675148268be94cec31552b	ASV28d__Bacteria;p__Bacteroidota;c__Bacteroidia;o__Sphingobacteriales;f__Sphingobacteriaceae;g__Pedobacter;s__	0.999193248722955
c45321f29c1936ae4572a5a055624e70	Unassigned	0.8072588833594875
e2b89b6a8fda960008f23c925cee7dfa	ASV17d__Bacteria;p__Bacteroidota;c__Bacteroidia;o__Sphingobacteriales;f__Sphingobacteriaceae;g__Pedobacter;s__	0.923278332599607
d8e2cad2a75a73081a45297b9fa95478	Unassigned	0.7939153633403573
5b4bded9635111d1bc9ea6864d4fe5c4	ASV32d__Bacteria;p__Proteobacteria;c__Gammaproteobacteria;o__Burkholderiales;f__Burkholderiaceae;g__Achromobacter;s__	0.9999992163147284
8879500a7a42d715299b62ed7370912b	ASV32d__Bacteria;p__Proteobacteria;c__Gammaproteobacteria;o__Burkholderiales;f__Burkholderiaceae;g__Achromobacter;s__	0.9999996904026514
98924de3f5060e42c6485b8a8b059a93	ASV34d__Bacteria;p__Bacteroidota;c__Bacteroidia;o__Flavobacteriales;f__Weeksellaceae;g__Elizabethkingia;s__Elizabethkingia_miricola	0.9999999999556906
ebdc86e55979efb563ccf59eeae60d68	ASV32d__Bacteria;p__Proteobacteria;c__Gammaproteobacteria;o__Burkholderiales;f__Burkholderiaceae;g__Achromobacter;s__	0.9999983670369491
7e877f9337b60af7c1310f68ae9d4b8a	ASV14d__Bacteria;p__Proteobacteria;c__Gammaproteobacteria;o__Pseudomonadales;f__Pseudomonadaceae;g__Pseudomonas_E;s__Pseudomonas_E fluorescens_AP	0.9999999973037177
4d03e0b13d845b48296d501ea7ae4e85	ASV14d__Bacteria;p__Proteobacteria;c__Gammaproteobacteria;o__Pseudomonadales;f__Pseudomonadaceae;g__Pseudomonas_E;s__Pseudomonas_E fluorescens_AP	0.999999999499039
718b4b3486ece57d85a08823d4780b69	Unassigned	0.7310289985397409
fb3a9ecfaacafb4b424ff854479b739d	ASV10d__Bacteria;p__Proteobacteria;c__Gammaproteobacteria;o__Burkholderiales;f__Burkholderiaceae;g__Comamonas_B;s__	0.9978083242201942
4c43059f617d0ba643f2b1fd19f58fbb	ASV10d__Bacteria;p__Proteobacteria;c__Gammaproteobacteria;o__Burkholderiales;f__Burkholderiaceae;g__Comamonas_B;s__	0.9979674672162527
6f3f68e5c8e2a11b388ddbbea9fa182d	ASV14d__Bacteria;p__Proteobacteria;c__Gammaproteobacteria;o__Pseudomonadales;f__Pseudomonadaceae;g__Pseudomonas_E;s__Pseudomonas_E fluorescens_AP	0.9999999788088163
baf8a93a559647e8f131efb3bd0e3029	Unassigned	0.7832466076966933
78530f28204127afc750898ba64bd939	ASV5d__Bacteria;p__Proteobacteria;c__Gammaproteobacteria;o__Burkholderiales;f__Chromobacteriaceae;g__Chromobacterium;s__Chromobacteriumsp002213445	0.9997568432656612
80e0a9837e53ff5f0075fd4d84b64483	ASV34d__Bacteria;p__Bacteroidota;c__Bacteroidia;o__Flavobacteriales;f__Weeksellaceae;g__Elizabethkingia;s__Elizabethkingia_miricola	0.9999999999283631
4d31034dcc53b3345f5f335c0fd53781	ASV34d__Bacteria;p__Bacteroidota;c__Bacteroidia;o__Flavobacteriales;f__Weeksellaceae;g__Elizabethkingia;s__Elizabethkingia_miricola	0.9999999999565574
e666f71c710cbb05a9869f28cfec4b59	ASV14d__Bacteria;p__Proteobacteria;c__Gammaproteobacteria;o__Pseudomonadales;f__Pseudomonadaceae;g__Pseudomonas_E;s__Pseudomonas_E fluorescens_AP	0.9999999993968629
f81357ec399cb2ae2cee7509c756c3f7	ASV34d__Bacteria;p__Bacteroidota;c__Bacteroidia;o__Flavobacteriales;f__Weeksellaceae;g__Elizabethkingia;s__Elizabethkingia_miricola	0.9999999999649134
72618940529be371a8b61a1051abee74	ASV34d__Bacteria;p__Bacteroidota;c__Bacteroidia;o__Flavobacteriales;f__Weeksellaceae;g__Elizabethkingia;s__Elizabethkingia_miricola	0.9999999999435119
01f7bc7fb0bf9adb9bae46c6ba91eecc	ASV14d__Bacteria;p__Proteobacteria;c__Gammaproteobacteria;o__Pseudomonadales;f__Pseudomonadaceae;g__Pseudomonas_E;s__Pseudomonas_E fluorescens_AP	0.9999999998703544
8bb269076f175acb00c2e15022202c5a	ASV14d__Bacteria;p__Proteobacteria;c__Gammaproteobacteria;o__Pseudomonadales;f__Pseudomonadaceae;g__Pseudomonas_E;s__Pseudomonas_E fluorescens_AP	0.9999999994869029
e0773c2af5e7073e3388afe133007225	Unassigned	0.6322094707521524
33735cfe3018ca784833e77d4648c4b7	ASV29d__Bacteria;p__Proteobacteria;c__Gammaproteobacteria;o__Enterobacterales;f__Enterobacteriaceae;g__Citrobacter;s__Citrobacter_braakii	0.999852283966853
e8f8f16afb32fda28fe54fab42088aea	Unassigned	0.8006544800155649
12b15666703e022057d66785e7e45b08	Unassigned	0.7796227075696234
3f89b3e9facea4556e9df1bdf4e98fb0	Unassigned	0.8343419368696672
55ba8eaaf2a14296b13a9da5bacd8eae	Unassigned	0.8633505087806373
d2472d4beb89a2f75c13363f72510b2c	ASV10d__Bacteria;p__Proteobacteria;c__Gammaproteobacteria;o__Burkholderiales;f__Burkholderiaceae;g__Comamonas_B;s__	0.9969359708203869
cae136698c15bc43506173267ccf5e9a	ASV28d__Bacteria;p__Bacteroidota;c__Bacteroidia;o__Sphingobacteriales;f__Sphingobacteriaceae;g__Pedobacter;s__	0.9991227639880553
1d18b2df020813e48f83b36a47186f3b	X120_Alphaproteobacteria;Sphingomonadales;Sphingomonadaceae;Sphingomonas	0.9999998488694758
e8f73ba19d3664d1849717e6bd28d860	Unassigned	0.894316139358404
112f0f8fe043684b83427dfa01afef3f	X491_Betaproteobacteria;Burkholderiales;Burkholderiaceae;Pandoraea	0.9945688887469911
9db1c89fbd431dd94002440e28787b7c	ASV28d__Bacteria;p__Bacteroidota;c__Bacteroidia;o__Sphingobacteriales;f__Sphingobacteriaceae;g__Pedobacter;s__	0.9990416286759835
3653ff8d3e97cfee8b6f17d610cccfe4	ASV21d__Bacteria;p__Proteobacteria;c__Gammaproteobacteria;o__Xanthomonadales;f__Rhodanobacteraceae;g__Dyella;s__	0.999999999643336
3c5143c12537e7e2d0f9eae13a1fff8a	Unassigned	0.7539498637580309
7c61871a55d6083b3cea719569b8db6a	Unassigned	0.48374149432379476
937fd95e9837c094cad96d6b49b571a6	Unassigned	0.8279041956077009
12f5ca7c633862bf0bd2b47d831ca685	ASV32d__Bacteria;p__Proteobacteria;c__Gammaproteobacteria;o__Burkholderiales;f__Burkholderiaceae;g__Achromobacter;s__	0.9999994069794038
18cab44435838cf7be5a410b88c2d8ab	Unassigned	0.8158422772092508
2486dfb172ecf96bb19015799d09e130	ASV32d__Bacteria;p__Proteobacteria;c__Gammaproteobacteria;o__Burkholderiales;f__Burkholderiaceae;g__Achromobacter;s__	0.9999987783115005
44ebc45458f5c34704ab9a8e2c282d98	ASV14d__Bacteria;p__Proteobacteria;c__Gammaproteobacteria;o__Pseudomonadales;f__Pseudomonadaceae;g__Pseudomonas_E;s__Pseudomonas_E fluorescens_AP	0.9999999989288284
ecba2675a420bc382d3ab1eeb40f5197	ASV34d__Bacteria;p__Bacteroidota;c__Bacteroidia;o__Flavobacteriales;f__Weeksellaceae;g__Elizabethkingia;s__Elizabethkingia_miricola	0.9999999999579643
1ba5ee1b696b89336eee4b9678c6b1a6	ASV34d__Bacteria;p__Bacteroidota;c__Bacteroidia;o__Flavobacteriales;f__Weeksellaceae;g__Elizabethkingia;s__Elizabethkingia_miricola	0.9999999994686704
1118fb5406722297062c8387b604a717	ASV14d__Bacteria;p__Proteobacteria;c__Gammaproteobacteria;o__Pseudomonadales;f__Pseudomonadaceae;g__Pseudomonas_E;s__Pseudomonas_E fluorescens_AP	0.9999999997631903
af5fef71875e2c56187af97a144fc4ff	ASV14d__Bacteria;p__Proteobacteria;c__Gammaproteobacteria;o__Pseudomonadales;f__Pseudomonadaceae;g__Pseudomonas_E;s__Pseudomonas_E fluorescens_AP	0.9999999995439168
5fd8eb7f72b48e176664020bcf143612	ASV14d__Bacteria;p__Proteobacteria;c__Gammaproteobacteria;o__Pseudomonadales;f__Pseudomonadaceae;g__Pseudomonas_E;s__Pseudomonas_E fluorescens_AP	0.9999999997281037
ec3442ffc285be3795437676fba18e90	ASV14d__Bacteria;p__Proteobacteria;c__Gammaproteobacteria;o__Pseudomonadales;f__Pseudomonadaceae;g__Pseudomonas_E;s__Pseudomonas_E fluorescens_AP	0.9999999980154399
c220c3f2350ce0030a6279c72682da48	ASV32d__Bacteria;p__Proteobacteria;c__Gammaproteobacteria;o__Burkholderiales;f__Burkholderiaceae;g__Achromobacter;s__	0.9999989397000001
cc4b00024b39745eb22a95c97c1b08e8	Unassigned	0.7579503487450698
21b5d2b29164ff7b3abde9a17727279b	ASV28d__Bacteria;p__Bacteroidota;c__Bacteroidia;o__Sphingobacteriales;f__Sphingobacteriaceae;g__Pedobacter;s__	0.9990470413339714
56b14418e979a9d6c6bf55539d01d0d1	ASV10d__Bacteria;p__Proteobacteria;c__Gammaproteobacteria;o__Burkholderiales;f__Burkholderiaceae;g__Comamonas_B;s__	0.997456630875965
5d09f800c0ec25a66bf1f5f2a8df93d1	ASV10d__Bacteria;p__Proteobacteria;c__Gammaproteobacteria;o__Burkholderiales;f__Burkholderiaceae;g__Comamonas_B;s__	0.9961687148239531
c3a104226c22c1f7b30b12bc0c2ef6c3	ASV31d__Bacteria;p__Proteobacteria;c__Gammaproteobacteria;o__Burkholderiales;f__Burkholderiaceae;g__Delftia;s__Delftia_acidovorans	0.9997793922398912
f5880ed5070f4ab9863d2fe945369022	X263_Sphingobacteriia;Sphingobacteriales;Chitinophagaceae; Chitinophaga	0.9999999999662776
3c4b8d128959c78278e88b2fe3d5b958	ASV31d__Bacteria;p__Proteobacteria;c__Gammaproteobacteria;o__Burkholderiales;f__Burkholderiaceae;g__Delftia;s__Delftia_acidovorans	0.9998152754821403
29dd024e9037a13b929bbab50e8ecc79	ASV10d__Bacteria;p__Proteobacteria;c__Gammaproteobacteria;o__Burkholderiales;f__Burkholderiaceae;g__Comamonas_B;s__	0.9980015690592161
219db6e11d64f6854eea24596c6cc035	ASV5d__Bacteria;p__Proteobacteria;c__Gammaproteobacteria;o__Burkholderiales;f__Chromobacteriaceae;g__Chromobacterium;s__Chromobacteriumsp002213445	0.9998476888842978
4f90d56ca17fc37be1228c15cd791ac9	ASV34d__Bacteria;p__Bacteroidota;c__Bacteroidia;o__Flavobacteriales;f__Weeksellaceae;g__Elizabethkingia;s__Elizabethkingia_miricola	0.9999999996168896
a7cd5a53ef129383853ff1e7c295d285	ASV29d__Bacteria;p__Proteobacteria;c__Gammaproteobacteria;o__Enterobacterales;f__Enterobacteriaceae;g__Citrobacter;s__Citrobacter_braakii	0.999390835175195
92f1079d093b6ce50b8fb1dd9c2281aa	ASV29d__Bacteria;p__Proteobacteria;c__Gammaproteobacteria;o__Enterobacterales;f__Enterobacteriaceae;g__Citrobacter;s__Citrobacter_braakii	0.9990999008071756
8cbf707cadf6a50417b677270d2417cb	ASV34d__Bacteria;p__Bacteroidota;c__Bacteroidia;o__Flavobacteriales;f__Weeksellaceae;g__Elizabethkingia;s__Elizabethkingia_miricola	0.9999999999532889
010877981bdc4dbec2d54e97ae8cd906	ASV14d__Bacteria;p__Proteobacteria;c__Gammaproteobacteria;o__Pseudomonadales;f__Pseudomonadaceae;g__Pseudomonas_E;s__Pseudomonas_E fluorescens_AP	0.9999999994714841
dee7af8280f975b43d7b2926bd12296f	ASV34d__Bacteria;p__Bacteroidota;c__Bacteroidia;o__Flavobacteriales;f__Weeksellaceae;g__Elizabethkingia;s__Elizabethkingia_miricola	0.999999999742414
02406180a8afefa5b01c2c0e26624b90	ASV34d__Bacteria;p__Bacteroidota;c__Bacteroidia;o__Flavobacteriales;f__Weeksellaceae;g__Elizabethkingia;s__Elizabethkingia_miricola	0.9999999998468923
fa805cdca2fe42174dc75d84d02f606a	ASV14d__Bacteria;p__Proteobacteria;c__Gammaproteobacteria;o__Pseudomonadales;f__Pseudomonadaceae;g__Pseudomonas_E;s__Pseudomonas_E fluorescens_AP	0.9999999960765678
31d6ba95f32629d111c338d3b99b2a52	ASV34d__Bacteria;p__Bacteroidota;c__Bacteroidia;o__Flavobacteriales;f__Weeksellaceae;g__Elizabethkingia;s__Elizabethkingia_miricola	0.9999999997493916
abcb9fbabeb78a8d2b590814620d637a	ASV29d__Bacteria;p__Proteobacteria;c__Gammaproteobacteria;o__Enterobacterales;f__Enterobacteriaceae;g__Citrobacter;s__Citrobacter_braakii	0.9998252312342539
21bfbbe64f9329e9761f6ce6cd7c1fc5	ASV29d__Bacteria;p__Proteobacteria;c__Gammaproteobacteria;o__Enterobacterales;f__Enterobacteriaceae;g__Citrobacter;s__Citrobacter_braakii	0.9993616793553904
f1c03e5ad258d85fe22d2cfcc0d38caa	ASV34d__Bacteria;p__Bacteroidota;c__Bacteroidia;o__Flavobacteriales;f__Weeksellaceae;g__Elizabethkingia;s__Elizabethkingia_miricola	0.9999999999884892
6e12282237eaf6f2482b4c21cb476f7f	Unassigned	0.7901265157163095
1b0747a73ddb901a3250102045af02e7	Unassigned	0.7511951835331115
87c8df665f1b4c053d0d8e30d9be36ae	Unassigned	0.7652059566154189
3b39c52d992421d8368bea1f156f5f01	Unassigned	0.8511379667376815
06193ddb1204234b78e417f872dedc53	X263_Sphingobacteriia;Sphingobacteriales;Chitinophagaceae; Chitinophaga	0.9999999998829452
54f0fbdc21720ca11afbf6e0a32ef9d7	ASV5d__Bacteria;p__Proteobacteria;c__Gammaproteobacteria;o__Burkholderiales;f__Chromobacteriaceae;g__Chromobacterium;s__Chromobacteriumsp002213445	0.9998133181272987
32f24cbe26bf89db77bfe97bf415dd71	Unassigned	0.8262716771257393
272cc87a38d1111726227a7a64580914	Unassigned	0.8524040807753424
07b782aed03cfef8e0f1b612c4c9e940	ASV22d__Bacteria;p__Proteobacteria;c__Gammaproteobacteria;o__Burkholderiales;f__Burkholderiaceae;g__Paraburkholderia_B;s__	0.9984969363730102
47a3417621853388b987b7bbe906c517	Unassigned	0.7837644324230472
15759a709f668640a9d3a994f85eccf0	Unassigned	0.7859338601176664
c930eeae5fc7e9b2effe7acf292913f3	ASV28d__Bacteria;p__Bacteroidota;c__Bacteroidia;o__Sphingobacteriales;f__Sphingobacteriaceae;g__Pedobacter;s__	0.999184136621481
7e3255284b4f46cbb5db8b30c57d4377	Unassigned	0.6232760930546017
30f0742b31fa0f65a2f4ef28861dfb7b	Unassigned	0.7882944134895933
ecc0c9d994f1e9aea5d195ea093cdf7e	ASV14d__Bacteria;p__Proteobacteria;c__Gammaproteobacteria;o__Pseudomonadales;f__Pseudomonadaceae;g__Pseudomonas_E;s__Pseudomonas_E fluorescens_AP	0.9999999997707647
449d80f2fa4cd97cb40e7d926d226bcd	ASV34d__Bacteria;p__Bacteroidota;c__Bacteroidia;o__Flavobacteriales;f__Weeksellaceae;g__Elizabethkingia;s__Elizabethkingia_miricola	0.999999999979579
0ed7edf88cac05930d1febaa854528ba	ASV32d__Bacteria;p__Proteobacteria;c__Gammaproteobacteria;o__Burkholderiales;f__Burkholderiaceae;g__Achromobacter;s__	0.9999995533091951
2b2ba68099cf5a7fd07e434586b9476a	ASV14d__Bacteria;p__Proteobacteria;c__Gammaproteobacteria;o__Pseudomonadales;f__Pseudomonadaceae;g__Pseudomonas_E;s__Pseudomonas_E fluorescens_AP	0.9999999998769482
c39c9f7ccc7bf60dbed1df9082f3429a	ASV2d__Bacteria;p__Bacteroidota;c__Bacteroidia;o__Sphingobacteriales;f__Sphingobacteriaceae;g__Pedobacter;s__	0.9993506580135455
f37fda516db1513338b2a7fbbf4fcdbc	ASV32d__Bacteria;p__Proteobacteria;c__Gammaproteobacteria;o__Burkholderiales;f__Burkholderiaceae;g__Achromobacter;s__	0.9999997334890693
b1f5742fde481714a8532597358bcbb3	ASV14d__Bacteria;p__Proteobacteria;c__Gammaproteobacteria;o__Pseudomonadales;f__Pseudomonadaceae;g__Pseudomonas_E;s__Pseudomonas_E fluorescens_AP	0.9999999992472937
dd6e0daa98bcad8b893621ac9d090d56	ASV17d__Bacteria;p__Bacteroidota;c__Bacteroidia;o__Sphingobacteriales;f__Sphingobacteriaceae;g__Pedobacter;s__	0.9668130900652013
193c27992e02f03d353d34e96abb5fc0	ASV34d__Bacteria;p__Bacteroidota;c__Bacteroidia;o__Flavobacteriales;f__Weeksellaceae;g__Elizabethkingia;s__Elizabethkingia_miricola	0.9999999999729425
287926f9053592f9d07a5eed480334f4	Unassigned	0.7457282718516383
3061ca18d1e8ee5d7232d8e784081912	Unassigned	0.8767141624374045
a8994e0afdf81fb8e2a1eabbfe45483c	ASV32d__Bacteria;p__Proteobacteria;c__Gammaproteobacteria;o__Burkholderiales;f__Burkholderiaceae;g__Achromobacter;s__	0.9999997846405596
c9b7e1e98943b3c356f01f5d07727407	ASV28d__Bacteria;p__Bacteroidota;c__Bacteroidia;o__Sphingobacteriales;f__Sphingobacteriaceae;g__Pedobacter;s__	0.999501027332843
6aae9a17fbd9c7a4f55a65ef18d63320	ASV9d__Bacteria;p__Proteobacteria;c__Alphaproteobacteria;o__Caulobacterales;f__Caulobacteraceae;g__Brevundimonas;s__	0.8060594785864987
cbe520e659972e800ac7224eabca8f2e	ASV31d__Bacteria;p__Proteobacteria;c__Gammaproteobacteria;o__Burkholderiales;f__Burkholderiaceae;g__Delftia;s__Delftia_acidovorans	0.9995832699002993
e38d3db92cd30a88418d5cc92c7020e3	ASV32d__Bacteria;p__Proteobacteria;c__Gammaproteobacteria;o__Burkholderiales;f__Burkholderiaceae;g__Achromobacter;s__	0.9999997129133916
b5fb93a166578f9118a987efdf87d006	ASV29d__Bacteria;p__Proteobacteria;c__Gammaproteobacteria;o__Enterobacterales;f__Enterobacteriaceae;g__Citrobacter;s__Citrobacter_braakii	0.9995850253411785
37131b0398f2d3ae88e8e00d9e490e2d	ASV14d__Bacteria;p__Proteobacteria;c__Gammaproteobacteria;o__Pseudomonadales;f__Pseudomonadaceae;g__Pseudomonas_E;s__Pseudomonas_E fluorescens_AP	0.9999999998101998
eb1a958cddbab6fbb81b474de83edae1	ASV29d__Bacteria;p__Proteobacteria;c__Gammaproteobacteria;o__Enterobacterales;f__Enterobacteriaceae;g__Citrobacter;s__Citrobacter_braakii	0.9998319862928473
bce1c605f7d1534c0975e56e43ffafac	ASV34d__Bacteria;p__Bacteroidota;c__Bacteroidia;o__Flavobacteriales;f__Weeksellaceae;g__Elizabethkingia;s__Elizabethkingia_miricola	0.9999999994284678
57a384f07d60a34b26bd34e93a558774	ASV14d__Bacteria;p__Proteobacteria;c__Gammaproteobacteria;o__Pseudomonadales;f__Pseudomonadaceae;g__Pseudomonas_E;s__Pseudomonas_E fluorescens_AP	0.9999999978838474
233d55e206c8743bac2e1bac3b87d4e1	ASV34d__Bacteria;p__Bacteroidota;c__Bacteroidia;o__Flavobacteriales;f__Weeksellaceae;g__Elizabethkingia;s__Elizabethkingia_miricola	0.9999999999872102
89338096fe6049f78d5314e77d8430fe	ASV14d__Bacteria;p__Proteobacteria;c__Gammaproteobacteria;o__Pseudomonadales;f__Pseudomonadaceae;g__Pseudomonas_E;s__Pseudomonas_E fluorescens_AP	0.9999999984572412
b179dce4af60c0ec55443ff6effa4fb4	ASV34d__Bacteria;p__Bacteroidota;c__Bacteroidia;o__Flavobacteriales;f__Weeksellaceae;g__Elizabethkingia;s__Elizabethkingia_miricola	0.9999999999142517
eadf1850d15b8e7ecc3b78808d8fbbda	ASV34d__Bacteria;p__Bacteroidota;c__Bacteroidia;o__Flavobacteriales;f__Weeksellaceae;g__Elizabethkingia;s__Elizabethkingia_miricola	0.9999999991496935
1101239521a1ca99d3d2ef68b0ccd001	ASV14d__Bacteria;p__Proteobacteria;c__Gammaproteobacteria;o__Pseudomonadales;f__Pseudomonadaceae;g__Pseudomonas_E;s__Pseudomonas_E fluorescens_AP	0.9999999886699699
7889773d37bf85a371f45c5854e1a8f1	ASV29d__Bacteria;p__Proteobacteria;c__Gammaproteobacteria;o__Enterobacterales;f__Enterobacteriaceae;g__Citrobacter;s__Citrobacter_braakii	0.9998655682139432
4fde5de249b7b49a4e90f6a329a7c60e	ASV8d__Bacteria;p__Proteobacteria;c__Alphaproteobacteria;o__Rhizobiales;f__Rhizobiaceae;g__Rhizobium;s__	0.9999999876220472
1aff2be3a65768da4f5ef4d2738cb9b9	ASV34d__Bacteria;p__Bacteroidota;c__Bacteroidia;o__Flavobacteriales;f__Weeksellaceae;g__Elizabethkingia;s__Elizabethkingia_miricola	0.9999999999756
8096556584f4607e2edd3e1bf3257a7e	X491_Betaproteobacteria;Burkholderiales;Burkholderiaceae;Pandoraea	0.9932656330587614
384bcfc9ed383270f17a2a5ebfbef68d	Unassigned	0.7031751120264821
1919c3c7046ecb67196c43ae5cda7d86	Unassigned	0.7284706651291303
512980ddb7f79fc39d3953f541445a22	X263_Sphingobacteriia;Sphingobacteriales;Chitinophagaceae; Chitinophaga	0.9999999999515268
e2c2c654b4fa1ae486ac39d310c6ed02	X263_Sphingobacteriia;Sphingobacteriales;Chitinophagaceae; Chitinophaga	0.9999999999585185
8d10f31add148b9b9c66b43c7e43a470	Unassigned	0.7118994416396852
d0e6406c39efa6338118bb72235a282a	Unassigned	0.6729531290512065
be07c4c792519def3e823fcaea1af3f4	ASV32d__Bacteria;p__Proteobacteria;c__Gammaproteobacteria;o__Burkholderiales;f__Burkholderiaceae;g__Achromobacter;s__	0.9999994190445118
2ffffc8cdcc7f167f2db542a48a22b8c	ASV14d__Bacteria;p__Proteobacteria;c__Gammaproteobacteria;o__Pseudomonadales;f__Pseudomonadaceae;g__Pseudomonas_E;s__Pseudomonas_E fluorescens_AP	0.9999999996265814
a0dad1fc22baefb706ae342352dc4af9	ASV14d__Bacteria;p__Proteobacteria;c__Gammaproteobacteria;o__Pseudomonadales;f__Pseudomonadaceae;g__Pseudomonas_E;s__Pseudomonas_E fluorescens_AP	0.9999999997280611
191923c1d069b7bd70323254f1b4f873	ASV34d__Bacteria;p__Bacteroidota;c__Bacteroidia;o__Flavobacteriales;f__Weeksellaceae;g__Elizabethkingia;s__Elizabethkingia_miricola	0.9999999999335927
96a344867655f8c5c4fa069028bfee83	ASV29d__Bacteria;p__Proteobacteria;c__Gammaproteobacteria;o__Enterobacterales;f__Enterobacteriaceae;g__Citrobacter;s__Citrobacter_braakii	0.999771071041032
d92b866a93f60d9e8bfeaa6463c85f53	ASV14d__Bacteria;p__Proteobacteria;c__Gammaproteobacteria;o__Pseudomonadales;f__Pseudomonadaceae;g__Pseudomonas_E;s__Pseudomonas_E fluorescens_AP	0.9999999996450981
98a5adb708ae6ffb496107ec0eee161d	ASV34d__Bacteria;p__Bacteroidota;c__Bacteroidia;o__Flavobacteriales;f__Weeksellaceae;g__Elizabethkingia;s__Elizabethkingia_miricola	0.9999999996291109
c19b6ca15cc01f4936f89deed7163c9e	ASV34d__Bacteria;p__Bacteroidota;c__Bacteroidia;o__Flavobacteriales;f__Weeksellaceae;g__Elizabethkingia;s__Elizabethkingia_miricola	0.9999999999352127
54d6867e681852d2c80c50c5f85ba490	ASV32d__Bacteria;p__Proteobacteria;c__Gammaproteobacteria;o__Burkholderiales;f__Burkholderiaceae;g__Achromobacter;s__	0.9999982489941441
6956d4e03105ef4ff8863a3f979071b0	ASV34d__Bacteria;p__Bacteroidota;c__Bacteroidia;o__Flavobacteriales;f__Weeksellaceae;g__Elizabethkingia;s__Elizabethkingia_miricola	0.9999999999842117
4309db94922abe6e44676f2c8d95f257	Unassigned	0.8248937898041093
ab0ac539c6dd3e60e997d466b1ac78af	Unassigned	0.8232920575682664
6315fc329814eca2e82b21aa714de0af	ASV16d__Bacteria;p__Proteobacteria;c__Gammaproteobacteria;o__Burkholderiales;f__Chromobacteriaceae;g__Aquitalea;s__	0.9959142657152498
fa21d65a1f2b5a5ff63d93462a5817f9	Unassigned	0.675026522514321
6d8ecd35b523aa33aaff1f24bf44a9ae	ASV5d__Bacteria;p__Proteobacteria;c__Gammaproteobacteria;o__Burkholderiales;f__Chromobacteriaceae;g__Chromobacterium;s__Chromobacteriumsp002213445	0.9998331897390411
f9ce55bc3e4cac14d4c1c2e009ae529f	ASV29d__Bacteria;p__Proteobacteria;c__Gammaproteobacteria;o__Enterobacterales;f__Enterobacteriaceae;g__Citrobacter;s__Citrobacter_braakii	0.9999116833648317
a0641f9cf933f647f49a77c5d6cadd07	ASV34d__Bacteria;p__Bacteroidota;c__Bacteroidia;o__Flavobacteriales;f__Weeksellaceae;g__Elizabethkingia;s__Elizabethkingia_miricola	0.999999999966974
3d0ad8554d2fbe6cd8aa06df1f729902	ASV5d__Bacteria;p__Proteobacteria;c__Gammaproteobacteria;o__Burkholderiales;f__Chromobacteriaceae;g__Chromobacterium;s__Chromobacteriumsp002213445	0.99947554523422
77c86a98c6e5c4dc1dc34b51c63c6959	ASV32d__Bacteria;p__Proteobacteria;c__Gammaproteobacteria;o__Burkholderiales;f__Burkholderiaceae;g__Achromobacter;s__	0.9999995617563365
d5a0bb651080b8657ca93d383f570e46	ASV29d__Bacteria;p__Proteobacteria;c__Gammaproteobacteria;o__Enterobacterales;f__Enterobacteriaceae;g__Citrobacter;s__Citrobacter_braakii	0.9989937892181936
b84da474766af8b8f8eb0a3052eeda24	ASV14d__Bacteria;p__Proteobacteria;c__Gammaproteobacteria;o__Pseudomonadales;f__Pseudomonadaceae;g__Pseudomonas_E;s__Pseudomonas_E fluorescens_AP	0.9999999995902726
57057e049012c6beb4ed8c9190c9f960	ASV5d__Bacteria;p__Proteobacteria;c__Gammaproteobacteria;o__Burkholderiales;f__Chromobacteriaceae;g__Chromobacterium;s__Chromobacteriumsp002213445	0.999237668812082
b1a8417d8a7c3948b9c312e8e595ae07	ASV14d__Bacteria;p__Proteobacteria;c__Gammaproteobacteria;o__Pseudomonadales;f__Pseudomonadaceae;g__Pseudomonas_E;s__Pseudomonas_E fluorescens_AP	0.9999999995128519
70b02bce396d9c2665e1f5468b6dd159	ASV14d__Bacteria;p__Proteobacteria;c__Gammaproteobacteria;o__Pseudomonadales;f__Pseudomonadaceae;g__Pseudomonas_E;s__Pseudomonas_E fluorescens_AP	0.9999999998839684
506fd3c8d9fa850bc83865f4b5e566f0	ASV14d__Bacteria;p__Proteobacteria;c__Gammaproteobacteria;o__Pseudomonadales;f__Pseudomonadaceae;g__Pseudomonas_E;s__Pseudomonas_E fluorescens_AP	0.9999999989245083
0f32a087c36088b80fda4e6d61410603	ASV14d__Bacteria;p__Proteobacteria;c__Gammaproteobacteria;o__Pseudomonadales;f__Pseudomonadaceae;g__Pseudomonas_E;s__Pseudomonas_E fluorescens_AP	0.9999999965541804
69b261a33e25704cedf3a48ca18d7704	ASV14d__Bacteria;p__Proteobacteria;c__Gammaproteobacteria;o__Pseudomonadales;f__Pseudomonadaceae;g__Pseudomonas_E;s__Pseudomonas_E fluorescens_AP	0.9999999999176481
db40a1e2e748e43bafbfec4181832aea	Unassigned	0.8734230804540102
b794272d47e27323a65fc743e8d3085b	Unassigned	0.8564613341569541
a5aebd74304d7b55aa963f6ed2732225	Unassigned	0.7953319702599707
88ffcdc8647f7f004bcc0c9a9d905f6f	Unassigned	0.7339949943713947
091231430de119a5f214b12909d8e765	Unassigned	0.7962429629408966
c30fd4c915e8582c157e0517279656f5	Unassigned	0.660563470801063
86fda55b21ed39f0691e1ad015008876	Unassigned	0.8777576247918386
886a1ee603b389dfe6e93418fd94c680	Unassigned	0.812724017958184
1ffbf22d212f255507b8f720535b9e8e	ASV28d__Bacteria;p__Bacteroidota;c__Bacteroidia;o__Sphingobacteriales;f__Sphingobacteriaceae;g__Pedobacter;s__	0.9989574155955223
b555d316ddadd073041e184267e92331	ASV8d__Bacteria;p__Proteobacteria;c__Alphaproteobacteria;o__Rhizobiales;f__Rhizobiaceae;g__Rhizobium;s__	0.9999999844687865
f180bff68043d2fcfaa914be2eeb3957	ASV30d__Bacteria;p__Proteobacteria;c__Gammaproteobacteria;o__Enterobacterales;f__Enterobacteriaceae;g__Serratia_A;s__Serratia_Afonticola	0.9985637064302403
366f8ef6529b549a47c0c2fb6a938ff1	ASV14d__Bacteria;p__Proteobacteria;c__Gammaproteobacteria;o__Pseudomonadales;f__Pseudomonadaceae;g__Pseudomonas_E;s__Pseudomonas_E fluorescens_AP	0.9999999998306066
55df12a9a5f0c83590b82d2126787bc0	ASV34d__Bacteria;p__Bacteroidota;c__Bacteroidia;o__Flavobacteriales;f__Weeksellaceae;g__Elizabethkingia;s__Elizabethkingia_miricola	0.9999999998292992
23b2fb19b7c4436208b9ceebd5cdba70	ASV14d__Bacteria;p__Proteobacteria;c__Gammaproteobacteria;o__Pseudomonadales;f__Pseudomonadaceae;g__Pseudomonas_E;s__Pseudomonas_E fluorescens_AP	0.9999999997107523
6e857eef9bbbf52cf6dd03fc2b5442b8	ASV14d__Bacteria;p__Proteobacteria;c__Gammaproteobacteria;o__Pseudomonadales;f__Pseudomonadaceae;g__Pseudomonas_E;s__Pseudomonas_E fluorescens_AP	0.999999999447482
a1e70469a7a869677103039d7ca82edf	ASV34d__Bacteria;p__Bacteroidota;c__Bacteroidia;o__Flavobacteriales;f__Weeksellaceae;g__Elizabethkingia;s__Elizabethkingia_miricola	0.9999999999049294
224d59b17a690492e432e37609ea4668	ASV34d__Bacteria;p__Bacteroidota;c__Bacteroidia;o__Flavobacteriales;f__Weeksellaceae;g__Elizabethkingia;s__Elizabethkingia_miricola	0.9999999992845119
b2125c8a9683277e07cbe6334668e27d	ASV14d__Bacteria;p__Proteobacteria;c__Gammaproteobacteria;o__Pseudomonadales;f__Pseudomonadaceae;g__Pseudomonas_E;s__Pseudomonas_E fluorescens_AP	0.999999998665146
9146d128a778eba8741dd25a013e4a10	Unassigned	0.7209574724518493
3e7c1b8b682e5efc4fd0cb04fb23f300	ASV17d__Bacteria;p__Bacteroidota;c__Bacteroidia;o__Sphingobacteriales;f__Sphingobacteriaceae;g__Pedobacter;s__	0.9701118551419302
f1c8916b7c73663798ce8017af0acbe9	ASV19d__Bacteria;p__Bacteroidota;c__Bacteroidia;o__Sphingobacteriales;f__Sphingobacteriaceae;g__Pedobacter;s__	0.9997135643522845
28d083fe3fb5b943c97a8f31ac5af093	ASV34d__Bacteria;p__Bacteroidota;c__Bacteroidia;o__Flavobacteriales;f__Weeksellaceae;g__Elizabethkingia;s__Elizabethkingia_miricola	0.9999999999705693
3cc76d9dd8dacd03d5b4ac693d151181	ASV16d__Bacteria;p__Proteobacteria;c__Gammaproteobacteria;o__Burkholderiales;f__Chromobacteriaceae;g__Aquitalea;s__	0.9890992437099158
e8d74ef8e96090d842bba2783327e87d	ASV17d__Bacteria;p__Bacteroidota;c__Bacteroidia;o__Sphingobacteriales;f__Sphingobacteriaceae;g__Pedobacter;s__	0.9547445542262359
c41fdaf5aedc8c8b3813cda042990abc	ASV14d__Bacteria;p__Proteobacteria;c__Gammaproteobacteria;o__Pseudomonadales;f__Pseudomonadaceae;g__Pseudomonas_E;s__Pseudomonas_E fluorescens_AP	0.9999999996139337
c22257376d560524d767d6071005b9ce	ASV14d__Bacteria;p__Proteobacteria;c__Gammaproteobacteria;o__Pseudomonadales;f__Pseudomonadaceae;g__Pseudomonas_E;s__Pseudomonas_E fluorescens_AP	0.9999999994536495
7c77ec12242c369b5c226150adf12823	ASV34d__Bacteria;p__Bacteroidota;c__Bacteroidia;o__Flavobacteriales;f__Weeksellaceae;g__Elizabethkingia;s__Elizabethkingia_miricola	0.9999999995240643
eea0118944b194f02df38a3ef46d4f4c	ASV14d__Bacteria;p__Proteobacteria;c__Gammaproteobacteria;o__Pseudomonadales;f__Pseudomonadaceae;g__Pseudomonas_E;s__Pseudomonas_E fluorescens_AP	0.999999999920206
28597bacb190165e1f59bebff9e6e9ee	ASV14d__Bacteria;p__Proteobacteria;c__Gammaproteobacteria;o__Pseudomonadales;f__Pseudomonadaceae;g__Pseudomonas_E;s__Pseudomonas_E fluorescens_AP	0.9999999987981738
1eeafcbb6c47005319222a94ecb2ef4c	ASV30d__Bacteria;p__Proteobacteria;c__Gammaproteobacteria;o__Enterobacterales;f__Enterobacteriaceae;g__Serratia_A;s__Serratia_Afonticola	0.999140566202578
a1d18475bb9d3007593066d4e4f27f30	ASV14d__Bacteria;p__Proteobacteria;c__Gammaproteobacteria;o__Pseudomonadales;f__Pseudomonadaceae;g__Pseudomonas_E;s__Pseudomonas_E fluorescens_AP	0.9999999984368912
4ac3abb3f0d3a0a59757d6325acf075d	ASV14d__Bacteria;p__Proteobacteria;c__Gammaproteobacteria;o__Pseudomonadales;f__Pseudomonadaceae;g__Pseudomonas_E;s__Pseudomonas_E fluorescens_AP	0.9999999998958486
ba80b744b25d7297fea85beec2301978	ASV14d__Bacteria;p__Proteobacteria;c__Gammaproteobacteria;o__Pseudomonadales;f__Pseudomonadaceae;g__Pseudomonas_E;s__Pseudomonas_E fluorescens_AP	0.9999999952266165
5d1f12b976e34bfe6d3ba37a426ca444	ASV34d__Bacteria;p__Bacteroidota;c__Bacteroidia;o__Flavobacteriales;f__Weeksellaceae;g__Elizabethkingia;s__Elizabethkingia_miricola	0.9999999998779145
a3b3144c35c8bcdaae7619f1a4e39909	Unassigned	0.7977506869231655
d114a7d61cf313388b04f91598e558e4	Unassigned	0.6154091641614434
36044ff19bd323d08be44aa0961db6b7	Unassigned	0.8284461131767034
5082e47387b7ca41550ff8e7f39412db	Unassigned	0.834882718813869
e2462f7810dd5280986912050dd778ce	ASV14d__Bacteria;p__Proteobacteria;c__Gammaproteobacteria;o__Pseudomonadales;f__Pseudomonadaceae;g__Pseudomonas_E;s__Pseudomonas_E fluorescens_AP	0.9999999999175486
137ba698561754b04398231b4a1459aa	Unassigned	0.8442718267720564
fea0796557804ce657fe62ac7b34ebc9	X263_Sphingobacteriia;Sphingobacteriales;Chitinophagaceae; Chitinophaga	0.9999999998902211
c20dc520221381cc8c3daa401ca640af	ASV11d__Bacteria;p__Proteobacteria;c__Gammaproteobacteria;o__Burkholderiales;f__Chromobacteriaceae;g__Aquitalea;s__Aquitaleapelogenes	0.9926340912670277
0730fbc1642c8afabe63620bb9d60607	ASV14d__Bacteria;p__Proteobacteria;c__Gammaproteobacteria;o__Pseudomonadales;f__Pseudomonadaceae;g__Pseudomonas_E;s__Pseudomonas_E fluorescens_AP	0.9999999998169784
036353f6f7f12c0dfc29948c766d9684	ASV17d__Bacteria;p__Bacteroidota;c__Bacteroidia;o__Sphingobacteriales;f__Sphingobacteriaceae;g__Pedobacter;s__	0.9706723380577906
c0009653d8d1fcc1773df5471f095f89	ASV17d__Bacteria;p__Bacteroidota;c__Bacteroidia;o__Sphingobacteriales;f__Sphingobacteriaceae;g__Pedobacter;s__	0.9546119662483323
3f36ff66510ca39683d061abc80c1dd7	ASV19d__Bacteria;p__Bacteroidota;c__Bacteroidia;o__Sphingobacteriales;f__Sphingobacteriaceae;g__Pedobacter;s__	0.999655686477516
cd4fd9842f3a99b4c311c3a96eed812b	ASV17d__Bacteria;p__Bacteroidota;c__Bacteroidia;o__Sphingobacteriales;f__Sphingobacteriaceae;g__Pedobacter;s__	0.969368722455082
84dc8e0b7960ebd3fe8daec74afb26db	Unassigned	0.7058178562863235
63a528835339299bdde6a3a32904f8d9	Unassigned	0.7752168879011189
eca79a8583f86beed12fc9758a452210	ASV14d__Bacteria;p__Proteobacteria;c__Gammaproteobacteria;o__Pseudomonadales;f__Pseudomonadaceae;g__Pseudomonas_E;s__Pseudomonas_E fluorescens_AP	0.9999999998564135
488a7d6f8e5dd9518ff7322616f700f3	X491_Betaproteobacteria;Burkholderiales;Burkholderiaceae;Pandoraea	0.9976590125218185
777d15bac80e93322ec8ab3b4187ef22	ASV34d__Bacteria;p__Bacteroidota;c__Bacteroidia;o__Flavobacteriales;f__Weeksellaceae;g__Elizabethkingia;s__Elizabethkingia_miricola	0.9999999999766942
916a795354e429a3396fd2785b9de6ac	ASV31d__Bacteria;p__Proteobacteria;c__Gammaproteobacteria;o__Burkholderiales;f__Burkholderiaceae;g__Delftia;s__Delftia_acidovorans	0.9995251641402465
8fa7da98ef3a637db6d7f55692c6f423	ASV34d__Bacteria;p__Bacteroidota;c__Bacteroidia;o__Flavobacteriales;f__Weeksellaceae;g__Elizabethkingia;s__Elizabethkingia_miricola	0.9999999997457962
840d9bec22dbe05358e373b7b587610c	ASV34d__Bacteria;p__Bacteroidota;c__Bacteroidia;o__Flavobacteriales;f__Weeksellaceae;g__Elizabethkingia;s__Elizabethkingia_miricola	0.9999999995212505
30eff2da5c201723d46d94b3cda30a31	ASV14d__Bacteria;p__Proteobacteria;c__Gammaproteobacteria;o__Pseudomonadales;f__Pseudomonadaceae;g__Pseudomonas_E;s__Pseudomonas_E fluorescens_AP	0.9999999988390158
d91aeee95e4c36b58e48599bd830653a	Unassigned	0.549257562682621
a5de54df4442090122a3a763750896ea	Unassigned	0.8114557579237387
ab17a0b51786b1f1831c9cb7198f4d99	Unassigned	0.8829600510604182
0fb9ac9ed690bc82c6789e99e90747ce	X263_Sphingobacteriia;Sphingobacteriales;Chitinophagaceae; Chitinophaga	0.9999999998786109
158be9025e0077616273c62aa8ffa883	ASV29d__Bacteria;p__Proteobacteria;c__Gammaproteobacteria;o__Enterobacterales;f__Enterobacteriaceae;g__Citrobacter;s__Citrobacter_braakii	0.9998279351983745
7ea30bd640a3e41de37cbc98f491ca30	ASV31d__Bacteria;p__Proteobacteria;c__Gammaproteobacteria;o__Burkholderiales;f__Burkholderiaceae;g__Delftia;s__Delftia_acidovorans	0.9997819975797496
3549fe52492492a3cabc31e36780f3f3	Unassigned	0.7679210714601202
9d0cf37728109c0a335a53deb3f2258a	ASV29d__Bacteria;p__Proteobacteria;c__Gammaproteobacteria;o__Enterobacterales;f__Enterobacteriaceae;g__Citrobacter;s__Citrobacter_braakii	0.9998197553312764
3f334e28d2ffc154d902dd646e3b2426	ASV32d__Bacteria;p__Proteobacteria;c__Gammaproteobacteria;o__Burkholderiales;f__Burkholderiaceae;g__Achromobacter;s__	0.9999997801419156
1706ef20df7636f529cf816904831fe9	ASV5d__Bacteria;p__Proteobacteria;c__Gammaproteobacteria;o__Burkholderiales;f__Chromobacteriaceae;g__Chromobacterium;s__Chromobacteriumsp002213445	0.9995554538841407
39c1851d84719435f72d0971375c8733	ASV34d__Bacteria;p__Bacteroidota;c__Bacteroidia;o__Flavobacteriales;f__Weeksellaceae;g__Elizabethkingia;s__Elizabethkingia_miricola	0.9999999999794227
3cc18b357a16e7efdc80febaeb0b097c	ASV14d__Bacteria;p__Proteobacteria;c__Gammaproteobacteria;o__Pseudomonadales;f__Pseudomonadaceae;g__Pseudomonas_E;s__Pseudomonas_E fluorescens_AP	0.9999999996539088
f16a446f996b64e73abb45d09e659dfd	ASV16d__Bacteria;p__Proteobacteria;c__Gammaproteobacteria;o__Burkholderiales;f__Chromobacteriaceae;g__Aquitalea;s__	0.9924371993457922
80e54f3956b6f2f84e2e50d00716d4c3	ASV14d__Bacteria;p__Proteobacteria;c__Gammaproteobacteria;o__Pseudomonadales;f__Pseudomonadaceae;g__Pseudomonas_E;s__Pseudomonas_E fluorescens_AP	0.9999999995481517
fdb16de2c9c1965816fc1ec52d491a3a	ASV29d__Bacteria;p__Proteobacteria;c__Gammaproteobacteria;o__Enterobacterales;f__Enterobacteriaceae;g__Citrobacter;s__Citrobacter_braakii	0.9997675844223548
09411796a6cde27bbcf25fe5cf288b1d	ASV14d__Bacteria;p__Proteobacteria;c__Gammaproteobacteria;o__Pseudomonadales;f__Pseudomonadaceae;g__Pseudomonas_E;s__Pseudomonas_E fluorescens_AP	0.9999999990661621
6d634ab029aee05644d915c109884cb9	ASV32d__Bacteria;p__Proteobacteria;c__Gammaproteobacteria;o__Burkholderiales;f__Burkholderiaceae;g__Achromobacter;s__	0.9999981428060261
6430a4e4c3d9d2ea6647ba0dbeae5820	ASV14d__Bacteria;p__Proteobacteria;c__Gammaproteobacteria;o__Pseudomonadales;f__Pseudomonadaceae;g__Pseudomonas_E;s__Pseudomonas_E fluorescens_AP	0.9999999993600852
d86c59729486120e5cb2f856e9604ee0	ASV34d__Bacteria;p__Bacteroidota;c__Bacteroidia;o__Flavobacteriales;f__Weeksellaceae;g__Elizabethkingia;s__Elizabethkingia_miricola	0.9999999998228617
0a534fddde39ebfd6e63ec19d8acf960	X120_Alphaproteobacteria;Sphingomonadales;Sphingomonadaceae;Sphingomonas	0.9999997437579866
b100f47b67e886599cbffb07994f345a	ASV14d__Bacteria;p__Proteobacteria;c__Gammaproteobacteria;o__Pseudomonadales;f__Pseudomonadaceae;g__Pseudomonas_E;s__Pseudomonas_E fluorescens_AP	0.9999999993751203
46dcef9d632ec1940d13e967cb3826d8	ASV34d__Bacteria;p__Bacteroidota;c__Bacteroidia;o__Flavobacteriales;f__Weeksellaceae;g__Elizabethkingia;s__Elizabethkingia_miricola	0.9999999998478444
e274b2641e95c42dacb953cdcbb32afd	ASV14d__Bacteria;p__Proteobacteria;c__Gammaproteobacteria;o__Pseudomonadales;f__Pseudomonadaceae;g__Pseudomonas_E;s__Pseudomonas_E fluorescens_AP	0.9999999997440767
ae26426b354bc099b549747c7e3eb76f	ASV14d__Bacteria;p__Proteobacteria;c__Gammaproteobacteria;o__Pseudomonadales;f__Pseudomonadaceae;g__Pseudomonas_E;s__Pseudomonas_E fluorescens_AP	0.9999999995891642
40c6daca51464e20a700a67478dc22e9	ASV5d__Bacteria;p__Proteobacteria;c__Gammaproteobacteria;o__Burkholderiales;f__Chromobacteriaceae;g__Chromobacterium;s__Chromobacteriumsp002213445	0.999716064236511
26efe7a00240bf07e9796eef6bdb68ef	ASV34d__Bacteria;p__Bacteroidota;c__Bacteroidia;o__Flavobacteriales;f__Weeksellaceae;g__Elizabethkingia;s__Elizabethkingia_miricola	0.999999999819039
869c80f00ddcd0adf646f64adf9420b2	Unassigned	0.7881840104786945
f45421a56725f753ffb5a218a48cbaf2	ASV14d__Bacteria;p__Proteobacteria;c__Gammaproteobacteria;o__Pseudomonadales;f__Pseudomonadaceae;g__Pseudomonas_E;s__Pseudomonas_E fluorescens_AP	0.9999999997883293
57708d486f1e1fcd3d80abebfc2c1dfd	ASV14d__Bacteria;p__Proteobacteria;c__Gammaproteobacteria;o__Pseudomonadales;f__Pseudomonadaceae;g__Pseudomonas_E;s__Pseudomonas_E fluorescens_AP	0.9999999998656932
7d8b2f01ffa06b5d829e9175ceeaeb07	ASV17d__Bacteria;p__Bacteroidota;c__Bacteroidia;o__Sphingobacteriales;f__Sphingobacteriaceae;g__Pedobacter;s__	0.9732854608043036
b7f54b159824ee27873ac10c931c3bcd	ASV8d__Bacteria;p__Proteobacteria;c__Alphaproteobacteria;o__Rhizobiales;f__Rhizobiaceae;g__Rhizobium;s__	0.9999999815033507
08f474b9dbe5b2b8f53bd60295576408	ASV19d__Bacteria;p__Bacteroidota;c__Bacteroidia;o__Sphingobacteriales;f__Sphingobacteriaceae;g__Pedobacter;s__	0.9996800473552823
b016db02845508b887c1973f917e0eda	ASV9d__Bacteria;p__Proteobacteria;c__Alphaproteobacteria;o__Caulobacterales;f__Caulobacteraceae;g__Brevundimonas;s__	0.9999999947450107
2bf4df4b89a7d0dd79f6a906bebd51d5	ASV17d__Bacteria;p__Bacteroidota;c__Bacteroidia;o__Sphingobacteriales;f__Sphingobacteriaceae;g__Pedobacter;s__	0.9568721557344148
3b8ef984fb6399a19b1179a84b025eb1	Unassigned	0.4407126932413853
fc4b8d30348856f740de7c040933e78a	ASV14d__Bacteria;p__Proteobacteria;c__Gammaproteobacteria;o__Pseudomonadales;f__Pseudomonadaceae;g__Pseudomonas_E;s__Pseudomonas_E fluorescens_AP	0.9999999993588773
51900c60be93a9840bd0e0717463347b	ASV34d__Bacteria;p__Bacteroidota;c__Bacteroidia;o__Flavobacteriales;f__Weeksellaceae;g__Elizabethkingia;s__Elizabethkingia_miricola	0.9999999999396323
a61e47cc07f17885f7ad4752bef3e00e	ASV34d__Bacteria;p__Bacteroidota;c__Bacteroidia;o__Flavobacteriales;f__Weeksellaceae;g__Elizabethkingia;s__Elizabethkingia_miricola	0.9999999998957492
7fee33de3660fa8580f2ebf719fe71b0	ASV14d__Bacteria;p__Proteobacteria;c__Gammaproteobacteria;o__Pseudomonadales;f__Pseudomonadaceae;g__Pseudomonas_E;s__Pseudomonas_E fluorescens_AP	0.9999999997540385
86af5b0acd752e5e116cec66759d42ca	ASV14d__Bacteria;p__Proteobacteria;c__Gammaproteobacteria;o__Pseudomonadales;f__Pseudomonadaceae;g__Pseudomonas_E;s__Pseudomonas_E fluorescens_AP	0.9999999998590425
3f1e838304fa81d46a31c944833611b5	ASV14d__Bacteria;p__Proteobacteria;c__Gammaproteobacteria;o__Pseudomonadales;f__Pseudomonadaceae;g__Pseudomonas_E;s__Pseudomonas_E fluorescens_AP	0.9999999998898801
d08320e5a1c32ed6a25feb4d9b137e33	Unassigned	0.7769431013450504
e247fe342ee6325c76700390c02525ff	Unassigned	0.6905627349487466
f2b9ba52a4f5d1c5118ca3a8049fd7e5	ASV9d__Bacteria;p__Proteobacteria;c__Alphaproteobacteria;o__Caulobacterales;f__Caulobacteraceae;g__Brevundimonas;s__	0.8206328453225755
38ed60dbd3d514e89f0ac1cb30fe7fb2	ASV32d__Bacteria;p__Proteobacteria;c__Gammaproteobacteria;o__Burkholderiales;f__Burkholderiaceae;g__Achromobacter;s__	0.999999327952166
dc970401c2b0f60f6bcfde01fbafb347	ASV31d__Bacteria;p__Proteobacteria;c__Gammaproteobacteria;o__Burkholderiales;f__Burkholderiaceae;g__Delftia;s__Delftia_acidovorans	0.9994553288627155
007c4fa7b4ef9caa2ad424ef3f7fa63d	ASV31d__Bacteria;p__Proteobacteria;c__Gammaproteobacteria;o__Burkholderiales;f__Burkholderiaceae;g__Delftia;s__Delftia_acidovorans	0.9995814138576842
22f55f22ce4ed003b3f1241bc5b05ffc	ASV31d__Bacteria;p__Proteobacteria;c__Gammaproteobacteria;o__Burkholderiales;f__Burkholderiaceae;g__Delftia;s__Delftia_acidovorans	0.9997801608115713
f540d8fdd0c3c3113dff7670b2a26a29	ASV14d__Bacteria;p__Proteobacteria;c__Gammaproteobacteria;o__Pseudomonadales;f__Pseudomonadaceae;g__Pseudomonas_E;s__Pseudomonas_E fluorescens_AP	0.99999999929274
ea71ee0cae5c80a39f1c53bb0ce748b7	ASV14d__Bacteria;p__Proteobacteria;c__Gammaproteobacteria;o__Pseudomonadales;f__Pseudomonadaceae;g__Pseudomonas_E;s__Pseudomonas_E fluorescens_AP	0.9999999997951932
6bc57315cda40fdc28694c75832bddc7	ASV34d__Bacteria;p__Bacteroidota;c__Bacteroidia;o__Flavobacteriales;f__Weeksellaceae;g__Elizabethkingia;s__Elizabethkingia_miricola	0.9999999998999272
03e62776f12777d9b9f7a01c241f9843	ASV29d__Bacteria;p__Proteobacteria;c__Gammaproteobacteria;o__Enterobacterales;f__Enterobacteriaceae;g__Citrobacter;s__Citrobacter_braakii	0.9994472230533958
675a5203dd1db000c2dc4b1980a73b5f	ASV14d__Bacteria;p__Proteobacteria;c__Gammaproteobacteria;o__Pseudomonadales;f__Pseudomonadaceae;g__Pseudomonas_E;s__Pseudomonas_E fluorescens_AP	0.9999999995899884
ff5c679cd91fdf73a22b8bf0555db25f	ASV29d__Bacteria;p__Proteobacteria;c__Gammaproteobacteria;o__Enterobacterales;f__Enterobacteriaceae;g__Citrobacter;s__Citrobacter_braakii	0.9992916704195172
fda9d586ec0bc1d469489df0716ecc1e	ASV30d__Bacteria;p__Proteobacteria;c__Gammaproteobacteria;o__Enterobacterales;f__Enterobacteriaceae;g__Serratia_A;s__Serratia_Afonticola	0.9972790384191924
dfeb24ef70c457865a6f17f669600dfe	ASV30d__Bacteria;p__Proteobacteria;c__Gammaproteobacteria;o__Enterobacterales;f__Enterobacteriaceae;g__Serratia_A;s__Serratia_Afonticola	0.9976574261868983
158d04e42c77431e9680e3b2e427fccd	ASV30d__Bacteria;p__Proteobacteria;c__Gammaproteobacteria;o__Enterobacterales;f__Enterobacteriaceae;g__Serratia_A;s__Serratia_Afonticola	0.9975665902149443
1fcd4db6dd8af95699bf677f5811d61e	ASV34d__Bacteria;p__Bacteroidota;c__Bacteroidia;o__Flavobacteriales;f__Weeksellaceae;g__Elizabethkingia;s__Elizabethkingia_miricola	0.9999999997914841
205c6279b7f377ec12220f84e630a156	Unassigned	0.6170816318762821
dfba0291312ee6987057a59263cc1212	ASV14d__Bacteria;p__Proteobacteria;c__Gammaproteobacteria;o__Pseudomonadales;f__Pseudomonadaceae;g__Pseudomonas_E;s__Pseudomonas_E fluorescens_AP	0.9999999994383586
d70180a00d487879dfab2d7ac88b8922	Unassigned	0.7206276362094465
0e311d700b2d60cdffa2d7911be70a9a	Unassigned	0.8481794607289577
0ba5b364ed1e4a9e81f2ef53faacde3b	ASV14d__Bacteria;p__Proteobacteria;c__Gammaproteobacteria;o__Pseudomonadales;f__Pseudomonadaceae;g__Pseudomonas_E;s__Pseudomonas_E fluorescens_AP	0.9999999997148876
c77c9993d9005bfbb6f0a42722fc69af	X120_Alphaproteobacteria;Sphingomonadales;Sphingomonadaceae;Sphingomonas	0.9999995604647125
a46cc82b4f773d134ff081ea1fff7956	ASV27d__Bacteria;p__Proteobacteria;c__Gammaproteobacteria;o__Burkholderiales;f__Burkholderiaceae;g__Xylophilus;s__	0.9960430793715647
c91a5a48b0b40a9cad1d6ba3f26927ec	X391_Actinobacteria;Actinomycetales;Microbacteriaceae;Leifsonia	0.9999999999939462
c67ccfb0ca2ad6958589c651c7e02407	ASV32d__Bacteria;p__Proteobacteria;c__Gammaproteobacteria;o__Burkholderiales;f__Burkholderiaceae;g__Achromobacter;s__	0.9999993715437497
ab80f485728b5407e2aa182252175c21	ASV5d__Bacteria;p__Proteobacteria;c__Gammaproteobacteria;o__Burkholderiales;f__Chromobacteriaceae;g__Chromobacterium;s__Chromobacteriumsp002213445	0.9995290584248667
64f8f16789b9e2127f2e473b0165e618	ASV34d__Bacteria;p__Bacteroidota;c__Bacteroidia;o__Flavobacteriales;f__Weeksellaceae;g__Elizabethkingia;s__Elizabethkingia_miricola	0.9999999996838937
a14e06b259e366740e863168aba2a6af	ASV34d__Bacteria;p__Bacteroidota;c__Bacteroidia;o__Flavobacteriales;f__Weeksellaceae;g__Elizabethkingia;s__Elizabethkingia_miricola	0.9999999999654108
2c2dc8efa423a4eec495e3b4cc74fad7	ASV29d__Bacteria;p__Proteobacteria;c__Gammaproteobacteria;o__Enterobacterales;f__Enterobacteriaceae;g__Citrobacter;s__Citrobacter_braakii	0.9998533644908799
fd99a39955d1d34151f3e4c4bc32b893	ASV34d__Bacteria;p__Bacteroidota;c__Bacteroidia;o__Flavobacteriales;f__Weeksellaceae;g__Elizabethkingia;s__Elizabethkingia_miricola	0.9999999998084093
001b7ab561e0d86fe9f2ab3002a4c221	ASV34d__Bacteria;p__Bacteroidota;c__Bacteroidia;o__Flavobacteriales;f__Weeksellaceae;g__Elizabethkingia;s__Elizabethkingia_miricola	0.9999999999642597
74d40300959b3d841706cde3d645385e	Unassigned	0.7146845472394578
72e61c5f0e3a3513cb5c5ac84e131f79	ASV29d__Bacteria;p__Proteobacteria;c__Gammaproteobacteria;o__Enterobacterales;f__Enterobacteriaceae;g__Citrobacter;s__Citrobacter_braakii	0.9976714366011237
3d19ea6b74e41151874a004141b3e6a4	Unassigned	0.7304974583706321
aa614ece4684e03dde6bcd7e1135d5f6	Unassigned	0.6345942950530243
5117af929b2499c2a124ada9db14892b	ASV14d__Bacteria;p__Proteobacteria;c__Gammaproteobacteria;o__Pseudomonadales;f__Pseudomonadaceae;g__Pseudomonas_E;s__Pseudomonas_E fluorescens_AP	0.9999999998166942
144dae78825316fab1667ab0cf36d360	ASV10d__Bacteria;p__Proteobacteria;c__Gammaproteobacteria;o__Burkholderiales;f__Burkholderiaceae;g__Comamonas_B;s__	0.9974526755341181
59a9c30a6c6ba5b56a735517c9c5edb0	ASV17d__Bacteria;p__Bacteroidota;c__Bacteroidia;o__Sphingobacteriales;f__Sphingobacteriaceae;g__Pedobacter;s__	0.9719282051685854
3e4982fb1a321b9565618630d65a0e5a	ASV17d__Bacteria;p__Bacteroidota;c__Bacteroidia;o__Sphingobacteriales;f__Sphingobacteriaceae;g__Pedobacter;s__	0.9705993975526587
d15380960d082ff3e68950a3ef3f7ed6	X491_Betaproteobacteria;Burkholderiales;Burkholderiaceae;Pandoraea	0.9967635093467503
58f166ed198f4f38be2eb8f9c6f62b37	ASV34d__Bacteria;p__Bacteroidota;c__Bacteroidia;o__Flavobacteriales;f__Weeksellaceae;g__Elizabethkingia;s__Elizabethkingia_miricola	0.9999999999888018
8b7a6c7981a31065fe6d0ddff3551879	ASV34d__Bacteria;p__Bacteroidota;c__Bacteroidia;o__Flavobacteriales;f__Weeksellaceae;g__Elizabethkingia;s__Elizabethkingia_miricola	0.9999999999838849
8c8b97c09735ef4654d2f6461b81db64	ASV29d__Bacteria;p__Proteobacteria;c__Gammaproteobacteria;o__Enterobacterales;f__Enterobacteriaceae;g__Citrobacter;s__Citrobacter_braakii	0.99985657679665
dfc5fa2748183184c213020019eac1a5	ASV34d__Bacteria;p__Bacteroidota;c__Bacteroidia;o__Flavobacteriales;f__Weeksellaceae;g__Elizabethkingia;s__Elizabethkingia_miricola	0.9999999999659224
bef1fcf323876b7d248d9166a42a805d	ASV5d__Bacteria;p__Proteobacteria;c__Gammaproteobacteria;o__Burkholderiales;f__Chromobacteriaceae;g__Chromobacterium;s__Chromobacteriumsp002213445	0.9996782170517761
e2c97392dc1454843759ca298aa53f6c	ASV34d__Bacteria;p__Bacteroidota;c__Bacteroidia;o__Flavobacteriales;f__Weeksellaceae;g__Elizabethkingia;s__Elizabethkingia_miricola	0.9999999998888427
7e71d1bd805b09b6f30e2eac720cd8d5	ASV32d__Bacteria;p__Proteobacteria;c__Gammaproteobacteria;o__Burkholderiales;f__Burkholderiaceae;g__Achromobacter;s__	0.9999984649396638
8946bd04b3c749f070bbc8350d432bed	ASV14d__Bacteria;p__Proteobacteria;c__Gammaproteobacteria;o__Pseudomonadales;f__Pseudomonadaceae;g__Pseudomonas_E;s__Pseudomonas_E fluorescens_AP	0.9999999978392538
01a98cad44801ddec7b3a602809766b7	ASV14d__Bacteria;p__Proteobacteria;c__Gammaproteobacteria;o__Pseudomonadales;f__Pseudomonadaceae;g__Pseudomonas_E;s__Pseudomonas_E fluorescens_AP	0.9999999976158165
b1b8a89dfa8bb633f8fc2cd66a94e64f	ASV14d__Bacteria;p__Proteobacteria;c__Gammaproteobacteria;o__Pseudomonadales;f__Pseudomonadaceae;g__Pseudomonas_E;s__Pseudomonas_E fluorescens_AP	0.9999999997375539
70ccdd6423874a8b323bcfc5be7ce12f	Unassigned	0.8229662331631444
ae793eb0a61d2e088f75c2acf695d85a	Unassigned	0.8387217161001133
96e5c0ce7bbd39d30b5f4f664b023bd2	Unassigned	0.5807386325238932
851d69afbebdc44fc3b43a05b1e81e92	Unassigned	0.7222150904550392
3def1ec89cd2661b5a031b8b0be16e56	X120_Alphaproteobacteria;Sphingomonadales;Sphingomonadaceae;Sphingomonas	0.999999708050268
4e54e2730aabedf149c9d9afb18c6952	Unassigned	0.673856506985899
d25886896c41e240c0d654464f71e1db	ASV16d__Bacteria;p__Proteobacteria;c__Gammaproteobacteria;o__Burkholderiales;f__Chromobacteriaceae;g__Aquitalea;s__	0.9843075136953157
297cef4d5feba54a4c21643cc03f239c	ASV14d__Bacteria;p__Proteobacteria;c__Gammaproteobacteria;o__Pseudomonadales;f__Pseudomonadaceae;g__Pseudomonas_E;s__Pseudomonas_E fluorescens_AP	0.999999997663366
499a4738bd1960067df209780d160bb6	ASV34d__Bacteria;p__Bacteroidota;c__Bacteroidia;o__Flavobacteriales;f__Weeksellaceae;g__Elizabethkingia;s__Elizabethkingia_miricola	0.9999999998500897
4fc9c7774e63982074e89f9e241c25ca	ASV31d__Bacteria;p__Proteobacteria;c__Gammaproteobacteria;o__Burkholderiales;f__Burkholderiaceae;g__Delftia;s__Delftia_acidovorans	0.9997798640354093
4b6758852a22a2bfd2470cedce429e6f	ASV34d__Bacteria;p__Bacteroidota;c__Bacteroidia;o__Flavobacteriales;f__Weeksellaceae;g__Elizabethkingia;s__Elizabethkingia_miricola	0.9999999999785416
cb85741b8dc7dcf64e9f806d38212cb9	ASV34d__Bacteria;p__Bacteroidota;c__Bacteroidia;o__Flavobacteriales;f__Weeksellaceae;g__Elizabethkingia;s__Elizabethkingia_miricola	0.9999999999770921
7f4d11b8e764f56986ff9836b37e1c01	ASV14d__Bacteria;p__Proteobacteria;c__Gammaproteobacteria;o__Pseudomonadales;f__Pseudomonadaceae;g__Pseudomonas_E;s__Pseudomonas_E fluorescens_AP	0.9999999995118856
23f47530c89eee58d3effbf5c1e7c665	ASV14d__Bacteria;p__Proteobacteria;c__Gammaproteobacteria;o__Pseudomonadales;f__Pseudomonadaceae;g__Pseudomonas_E;s__Pseudomonas_E fluorescens_AP	0.9999999954852399
1f395d369c50d0275ed04246620a44cc	ASV14d__Bacteria;p__Proteobacteria;c__Gammaproteobacteria;o__Pseudomonadales;f__Pseudomonadaceae;g__Pseudomonas_E;s__Pseudomonas_E fluorescens_AP	0.9999999975360652
ac00e5f6dcfd1c68efd128d06c2301dc	ASV14d__Bacteria;p__Proteobacteria;c__Gammaproteobacteria;o__Pseudomonadales;f__Pseudomonadaceae;g__Pseudomonas_E;s__Pseudomonas_E fluorescens_AP	0.9999999995334292
5349acc3ece4723e49b59ec6c8ebc962	ASV14d__Bacteria;p__Proteobacteria;c__Gammaproteobacteria;o__Pseudomonadales;f__Pseudomonadaceae;g__Pseudomonas_E;s__Pseudomonas_E fluorescens_AP	0.9999999969926137
877926342715e88416f8821f74a2a8e7	ASV30d__Bacteria;p__Proteobacteria;c__Gammaproteobacteria;o__Enterobacterales;f__Enterobacteriaceae;g__Serratia_A;s__Serratia_Afonticola	0.9991852154881741
429dd7f555da0f25090484ca2a14272d	ASV34d__Bacteria;p__Bacteroidota;c__Bacteroidia;o__Flavobacteriales;f__Weeksellaceae;g__Elizabethkingia;s__Elizabethkingia_miricola	0.999999999889269
497f72ffc2a43f20e680f58c3bef9117	ASV2d__Bacteria;p__Bacteroidota;c__Bacteroidia;o__Sphingobacteriales;f__Sphingobacteriaceae;g__Pedobacter;s__	0.9988849015719822
f64ef2345f0f992802f83e4c43cb7a36	ASV34d__Bacteria;p__Bacteroidota;c__Bacteroidia;o__Flavobacteriales;f__Weeksellaceae;g__Elizabethkingia;s__Elizabethkingia_miricola	0.9999999999486135
a19fdc27b4fbbc1a90bf907d6c89e8f1	ASV14d__Bacteria;p__Proteobacteria;c__Gammaproteobacteria;o__Pseudomonadales;f__Pseudomonadaceae;g__Pseudomonas_E;s__Pseudomonas_E fluorescens_AP	0.9999999980300487
90ccaa87d5f2629ee72cbd49d09d7716	ASV34d__Bacteria;p__Bacteroidota;c__Bacteroidia;o__Flavobacteriales;f__Weeksellaceae;g__Elizabethkingia;s__Elizabethkingia_miricola	0.9999999998846931
cee05d5208699063314c9312e07a9236	ASV32d__Bacteria;p__Proteobacteria;c__Gammaproteobacteria;o__Burkholderiales;f__Burkholderiaceae;g__Achromobacter;s__	0.9999994016269881
8612a638846acf832935cb932a1f0398	ASV34d__Bacteria;p__Bacteroidota;c__Bacteroidia;o__Flavobacteriales;f__Weeksellaceae;g__Elizabethkingia;s__Elizabethkingia_miricola	0.9999991134600159
2310f828069fc981fba43b5102a900cb	Unassigned	0.8397478113388293
eced1c5bea777a1675027c5df4685b53	ASV8d__Bacteria;p__Proteobacteria;c__Alphaproteobacteria;o__Rhizobiales;f__Rhizobiaceae;g__Rhizobium;s__	0.9999999777786999
ea86dd4e9075dd89dc142c1f8e5cdb47	ASV16d__Bacteria;p__Proteobacteria;c__Gammaproteobacteria;o__Burkholderiales;f__Chromobacteriaceae;g__Aquitalea;s__	0.9937351373121437
4b424babf55a78e9dfaaab2c1e54afae	ASV14d__Bacteria;p__Proteobacteria;c__Gammaproteobacteria;o__Pseudomonadales;f__Pseudomonadaceae;g__Pseudomonas_E;s__Pseudomonas_E fluorescens_AP	0.999999989984218
e921c5918aab99a679e59b007e11ffa5	ASV14d__Bacteria;p__Proteobacteria;c__Gammaproteobacteria;o__Pseudomonadales;f__Pseudomonadaceae;g__Pseudomonas_E;s__Pseudomonas_E fluorescens_AP	0.9999999998030802
ebe0505a38db0c87b2a00bdd13fac1ba	Unassigned	0.87993127906088
233ba3992f39a4f8e131c49cfe8d4139	ASV28d__Bacteria;p__Bacteroidota;c__Bacteroidia;o__Sphingobacteriales;f__Sphingobacteriaceae;g__Pedobacter;s__	0.999158764845023
043cde5ebb86fba17bfb35a9cabe81ca	Unassigned	0.761830898088728
8fe702658890b75cb173e89b3923f3f3	Unassigned	0.7828717779723905
239c615ba04678109ca74f6e5617710a	ASV34d__Bacteria;p__Bacteroidota;c__Bacteroidia;o__Flavobacteriales;f__Weeksellaceae;g__Elizabethkingia;s__Elizabethkingia_miricola	0.9999999998494786
d76e2b39839c3b0e77ca710dcfc52682	ASV32d__Bacteria;p__Proteobacteria;c__Gammaproteobacteria;o__Burkholderiales;f__Burkholderiaceae;g__Achromobacter;s__	0.9999998627093399
979b4d3f74d42c79034e15a4e4e14587	ASV14d__Bacteria;p__Proteobacteria;c__Gammaproteobacteria;o__Pseudomonadales;f__Pseudomonadaceae;g__Pseudomonas_E;s__Pseudomonas_E fluorescens_AP	0.9999999987062154
82d94d2c2c16f247d49000a8a3a53ba0	ASV14d__Bacteria;p__Proteobacteria;c__Gammaproteobacteria;o__Pseudomonadales;f__Pseudomonadaceae;g__Pseudomonas_E;s__Pseudomonas_E fluorescens_AP	0.9999999998923528
d6ba3139944ad93b24ae8f16f7500386	ASV2d__Bacteria;p__Bacteroidota;c__Bacteroidia;o__Sphingobacteriales;f__Sphingobacteriaceae;g__Pedobacter;s__	0.9991803384042733
5fbfdc207b1dba73fae189f50894b92f	ASV2d__Bacteria;p__Bacteroidota;c__Bacteroidia;o__Sphingobacteriales;f__Sphingobacteriaceae;g__Pedobacter;s__	0.9995775473431914
c6a0dcc925b1ba1d99faa8ed3d0a93b4	ASV17d__Bacteria;p__Bacteroidota;c__Bacteroidia;o__Sphingobacteriales;f__Sphingobacteriaceae;g__Pedobacter;s__	0.9144278730503697
cf88aa674c595539a04e689a323428ef	ASV9d__Bacteria;p__Proteobacteria;c__Alphaproteobacteria;o__Caulobacterales;f__Caulobacteraceae;g__Brevundimonas;s__	0.9999999937988093
db458dba99764246dae2de14ac42c892	ASV34d__Bacteria;p__Bacteroidota;c__Bacteroidia;o__Flavobacteriales;f__Weeksellaceae;g__Elizabethkingia;s__Elizabethkingia_miricola	0.9999999999262741
8768b3dbd41e41ce9e03249db69a669f	ASV34d__Bacteria;p__Bacteroidota;c__Bacteroidia;o__Flavobacteriales;f__Weeksellaceae;g__Elizabethkingia;s__Elizabethkingia_miricola	0.9999999999511573
0533d40f30bc51963af8be5250ed7930	X263_Sphingobacteriia;Sphingobacteriales;Chitinophagaceae; Chitinophaga	0.9999999999770637
2e4b40a548369aaf8852caeb59f7a4c6	ASV5d__Bacteria;p__Proteobacteria;c__Gammaproteobacteria;o__Burkholderiales;f__Chromobacteriaceae;g__Chromobacterium;s__Chromobacteriumsp002213445	0.9997271891851982
241a4d5adbf83ac4740eef88f7594ed9	X491_Betaproteobacteria;Burkholderiales;Burkholderiaceae;Pandoraea	0.988648558038097
c4739c6bc0a5848ab3d6d994ed36ac38	ASV16d__Bacteria;p__Proteobacteria;c__Gammaproteobacteria;o__Burkholderiales;f__Chromobacteriaceae;g__Aquitalea;s__	0.9968906636786842
2ddc05d58ad98e3889d301ed42b44c1e	X120_Alphaproteobacteria;Sphingomonadales;Sphingomonadaceae;Sphingomonas	0.9999999196257822
6e1e9be465e807959002c00442eb5b97	Unassigned	0.8205727033222806
56d20adde1e03bfc6c5e7d0efd27ada9	Unassigned	0.7745367860391282
faa438f11cb951cd9de01fa704112ee3	Unassigned	0.8265902962591498
e4356e22efaeae715d3481dfc733f18e	Unassigned	0.663152532512044
365370f469b6114ec172ae015af096f7	Unassigned	0.6213708483911474
b0b47385834c6808252af85ae73e991f	ASV32d__Bacteria;p__Proteobacteria;c__Gammaproteobacteria;o__Burkholderiales;f__Burkholderiaceae;g__Achromobacter;s__	0.9999992073321822
154c366e8b5b382a8f2d0e7f8dd85ebf	X491_Betaproteobacteria;Burkholderiales;Burkholderiaceae;Pandoraea	0.9971475723495449
3445c7c71451e0eb4ddb7382614083a6	ASV14d__Bacteria;p__Proteobacteria;c__Gammaproteobacteria;o__Pseudomonadales;f__Pseudomonadaceae;g__Pseudomonas_E;s__Pseudomonas_E fluorescens_AP	0.9999999995815472
aa4b769ea23778613fc45a26c85696ff	ASV30d__Bacteria;p__Proteobacteria;c__Gammaproteobacteria;o__Enterobacterales;f__Enterobacteriaceae;g__Serratia_A;s__Serratia_Afonticola	0.9994308247917847
eb38a7b3117840a28f8799e1e0d7a17f	ASV32d__Bacteria;p__Proteobacteria;c__Gammaproteobacteria;o__Burkholderiales;f__Burkholderiaceae;g__Achromobacter;s__	0.9999977016717715
93d9ebff2a357416e8d80c1ad3f8e57c	ASV34d__Bacteria;p__Bacteroidota;c__Bacteroidia;o__Flavobacteriales;f__Weeksellaceae;g__Elizabethkingia;s__Elizabethkingia_miricola	0.999999999992383
37e3d176d118c1923bb14f60a04e7eea	ASV34d__Bacteria;p__Bacteroidota;c__Bacteroidia;o__Flavobacteriales;f__Weeksellaceae;g__Elizabethkingia;s__Elizabethkingia_miricola	0.9999999995076365
31e6946aa42591de971ca00a617809ef	ASV14d__Bacteria;p__Proteobacteria;c__Gammaproteobacteria;o__Pseudomonadales;f__Pseudomonadaceae;g__Pseudomonas_E;s__Pseudomonas_E fluorescens_AP	0.9999999993960529
48ded2441a230d4e692d30cf48be16f2	ASV14d__Bacteria;p__Proteobacteria;c__Gammaproteobacteria;o__Pseudomonadales;f__Pseudomonadaceae;g__Pseudomonas_E;s__Pseudomonas_E fluorescens_AP	0.999999994543316
f350dfc6aaf7379b3491f430feac0254	ASV32d__Bacteria;p__Proteobacteria;c__Gammaproteobacteria;o__Burkholderiales;f__Burkholderiaceae;g__Achromobacter;s__	0.9999973160040762
90868a5ca3c9304f7bd903111fb306ee	ASV14d__Bacteria;p__Proteobacteria;c__Gammaproteobacteria;o__Pseudomonadales;f__Pseudomonadaceae;g__Pseudomonas_E;s__Pseudomonas_E fluorescens_AP	0.9999999998734097
a47e5a55a432900e3bf3ad43bbd535ed	ASV34d__Bacteria;p__Bacteroidota;c__Bacteroidia;o__Flavobacteriales;f__Weeksellaceae;g__Elizabethkingia;s__Elizabethkingia_miricola	0.9999999999432418
b5dcb9c7fc6772197e9af4dfcc721e1f	ASV31d__Bacteria;p__Proteobacteria;c__Gammaproteobacteria;o__Burkholderiales;f__Burkholderiaceae;g__Delftia;s__Delftia_acidovorans	0.9998076220843286
a6a34cfeff6a460b783fe0f3ca86a421	ASV34d__Bacteria;p__Bacteroidota;c__Bacteroidia;o__Flavobacteriales;f__Weeksellaceae;g__Elizabethkingia;s__Elizabethkingia_miricola	0.9999999999172786
8fc7cb1b9627680ebdf1c5944cd43bf9	ASV14d__Bacteria;p__Proteobacteria;c__Gammaproteobacteria;o__Pseudomonadales;f__Pseudomonadaceae;g__Pseudomonas_E;s__Pseudomonas_E fluorescens_AP	0.9999999991162696
f8b2514396461c31a84610d63c9e0aba	ASV14d__Bacteria;p__Proteobacteria;c__Gammaproteobacteria;o__Pseudomonadales;f__Pseudomonadaceae;g__Pseudomonas_E;s__Pseudomonas_E fluorescens_AP	0.9999999981859702
cd842c4f3b687e5c1c6b34505bb620eb	ASV32d__Bacteria;p__Proteobacteria;c__Gammaproteobacteria;o__Burkholderiales;f__Burkholderiaceae;g__Achromobacter;s__	0.9999985829345328
dad0b808ddecaa3ec6180f425d73feee	Unassigned	0.7228052127398884
09d18ecf3270b4477594d6caacb1c1c5	Unassigned	0.7465312474251788
bf32dd37f41367506e91e51a1c6d9591	ASV31d__Bacteria;p__Proteobacteria;c__Gammaproteobacteria;o__Burkholderiales;f__Burkholderiaceae;g__Delftia;s__Delftia_acidovorans	0.9997139875791106
80c7b6af241660e3a197ea478b9c4b34	ASV9d__Bacteria;p__Proteobacteria;c__Alphaproteobacteria;o__Caulobacterales;f__Caulobacteraceae;g__Brevundimonas;s__	0.9999999941461084
9c0efc40b513f1f865896bdee110685e	ASV19d__Bacteria;p__Bacteroidota;c__Bacteroidia;o__Sphingobacteriales;f__Sphingobacteriaceae;g__Pedobacter;s__	0.9995175296556361
cf286d159e7b996bd7f931dfacec1282	ASV11d__Bacteria;p__Proteobacteria;c__Gammaproteobacteria;o__Burkholderiales;f__Chromobacteriaceae;g__Aquitalea;s__Aquitaleapelogenes	0.9888076546079597
d3a6acb728ad08c7b21490c336321044	ASV32d__Bacteria;p__Proteobacteria;c__Gammaproteobacteria;o__Burkholderiales;f__Burkholderiaceae;g__Achromobacter;s__	0.9999985666823972
09a4a533afd159359b14f90d01b7f2a4	ASV31d__Bacteria;p__Proteobacteria;c__Gammaproteobacteria;o__Burkholderiales;f__Burkholderiaceae;g__Delftia;s__Delftia_acidovorans	0.9997129831274809
137a945b6954c75c5de9507e796527b3	ASV29d__Bacteria;p__Proteobacteria;c__Gammaproteobacteria;o__Enterobacterales;f__Enterobacteriaceae;g__Citrobacter;s__Citrobacter_braakii	0.9997825709010595
852d8cd99ee60d9e20ac0ed635e5a51b	ASV29d__Bacteria;p__Proteobacteria;c__Gammaproteobacteria;o__Enterobacterales;f__Enterobacteriaceae;g__Citrobacter;s__Citrobacter_braakii	0.999693590182563
f09e09ead2bd3304c3a503036cc0de1c	ASV32d__Bacteria;p__Proteobacteria;c__Gammaproteobacteria;o__Burkholderiales;f__Burkholderiaceae;g__Achromobacter;s__	0.9999993312072737
599ba508a6627795474948bc35eda922	ASV34d__Bacteria;p__Bacteroidota;c__Bacteroidia;o__Flavobacteriales;f__Weeksellaceae;g__Elizabethkingia;s__Elizabethkingia_miricola	0.9999999998929354
4d97ca5524a3df5b505773aa4092dbb5	ASV14d__Bacteria;p__Proteobacteria;c__Gammaproteobacteria;o__Pseudomonadales;f__Pseudomonadaceae;g__Pseudomonas_E;s__Pseudomonas_E fluorescens_AP	0.9999999987861656
881a0f31c56dc11aa32e171459a9e667	ASV14d__Bacteria;p__Proteobacteria;c__Gammaproteobacteria;o__Pseudomonadales;f__Pseudomonadaceae;g__Pseudomonas_E;s__Pseudomonas_E fluorescens_AP	0.9999999993133599
f94951f8a47cffb51985e933ec737914	ASV14d__Bacteria;p__Proteobacteria;c__Gammaproteobacteria;o__Pseudomonadales;f__Pseudomonadaceae;g__Pseudomonas_E;s__Pseudomonas_E fluorescens_AP	0.9999999915291369
1f96d342ec9f5935b28f6766aca91a15	ASV14d__Bacteria;p__Proteobacteria;c__Gammaproteobacteria;o__Pseudomonadales;f__Pseudomonadaceae;g__Pseudomonas_E;s__Pseudomonas_E fluorescens_AP	0.9999999996232702
5e890e691ba9699e72597b425dc56132	ASV34d__Bacteria;p__Bacteroidota;c__Bacteroidia;o__Flavobacteriales;f__Weeksellaceae;g__Elizabethkingia;s__Elizabethkingia_miricola	0.9999999999121485
3a1cdd2f539ab2c6171271f95e681093	X491_Betaproteobacteria;Burkholderiales;Burkholderiaceae;Pandoraea	0.9946412743752758
b2d1f09b8d8208af260ef5ce1519a401	ASV34d__Bacteria;p__Bacteroidota;c__Bacteroidia;o__Flavobacteriales;f__Weeksellaceae;g__Elizabethkingia;s__Elizabethkingia_miricola	0.9999999999753868
fcfd52c9beeed5ccb89778738139042c	ASV14d__Bacteria;p__Proteobacteria;c__Gammaproteobacteria;o__Pseudomonadales;f__Pseudomonadaceae;g__Pseudomonas_E;s__Pseudomonas_E fluorescens_AP	0.9999999991567847
b204550e7bad2949e7089ea878c53703	ASV34d__Bacteria;p__Bacteroidota;c__Bacteroidia;o__Flavobacteriales;f__Weeksellaceae;g__Elizabethkingia;s__Elizabethkingia_miricola	0.9999999995926032
f8b77267ca4f46845545e841cdfbd974	ASV31d__Bacteria;p__Proteobacteria;c__Gammaproteobacteria;o__Burkholderiales;f__Burkholderiaceae;g__Delftia;s__Delftia_acidovorans	0.9995577666196136
911685003e8cdf893bc0ed4b9c67066f	ASV8d__Bacteria;p__Proteobacteria;c__Alphaproteobacteria;o__Rhizobiales;f__Rhizobiaceae;g__Rhizobium;s__	0.9999999906740555
8d97bcadc300e2329f9414dc6ef600a6	Unassigned	0.6222157075770265
8b0623be2efd49a6958c61b758f10697	Unassigned	0.8260046522500597
ef2b0269f32b13c675cac66595efc11c	ASV11d__Bacteria;p__Proteobacteria;c__Gammaproteobacteria;o__Burkholderiales;f__Chromobacteriaceae;g__Aquitalea;s__Aquitaleapelogenes	0.9923364386842528
196eda146b653567aa6561221c4be89e	Unassigned	0.8364390202215228
b95067a8019d20a59b49e77e6b145598	Unassigned	0.524862723508017
a86b1f622e5b64045e29bb5d1bedb15d	X491_Betaproteobacteria;Burkholderiales;Burkholderiaceae;Pandoraea	0.9616956315646675
f42e8d6b9496a5af464151a10db9b1bd	ASV34d__Bacteria;p__Bacteroidota;c__Bacteroidia;o__Flavobacteriales;f__Weeksellaceae;g__Elizabethkingia;s__Elizabethkingia_miricola	0.9999999999786127
3592688e40cc7cbaae87e4b18f4ff661	ASV32d__Bacteria;p__Proteobacteria;c__Gammaproteobacteria;o__Burkholderiales;f__Burkholderiaceae;g__Achromobacter;s__	0.9999994294480878
0899e3bd5a98ff48a4a6ebb43db3b980	ASV10d__Bacteria;p__Proteobacteria;c__Gammaproteobacteria;o__Burkholderiales;f__Burkholderiaceae;g__Comamonas_B;s__	0.9967295309504468
6ec9d1968d6ffe6695555b83b19175ca	ASV30d__Bacteria;p__Proteobacteria;c__Gammaproteobacteria;o__Enterobacterales;f__Enterobacteriaceae;g__Serratia_A;s__Serratia_Afonticola	0.9990625180014776
ba6dc74050074ad7f4bcc9beb81ae854	ASV5d__Bacteria;p__Proteobacteria;c__Gammaproteobacteria;o__Burkholderiales;f__Chromobacteriaceae;g__Chromobacterium;s__Chromobacteriumsp002213445	0.999416428658215
a17aa6831e1237afa2fb4f648588d040	ASV29d__Bacteria;p__Proteobacteria;c__Gammaproteobacteria;o__Enterobacterales;f__Enterobacteriaceae;g__Citrobacter;s__Citrobacter_braakii	0.9998152510717913
d70ae5a9bed41e40f45c511af870d17e	Unassigned	0.7884513754902566
f0f57538aec49522d376d3bae6c0abbc	Unassigned	0.7632786068594614
db0aaf59a84549b193d06925e253d5e6	X263_Sphingobacteriia;Sphingobacteriales;Chitinophagaceae; Chitinophaga	0.9999999998913012
7efa059d5550f2f6b6ee55e0cdf0d3ab	ASV10d__Bacteria;p__Proteobacteria;c__Gammaproteobacteria;o__Burkholderiales;f__Burkholderiaceae;g__Comamonas_B;s__	0.9968834359190818
33472815f33ac529f49c2fadcaffeba8	ASV14d__Bacteria;p__Proteobacteria;c__Gammaproteobacteria;o__Pseudomonadales;f__Pseudomonadaceae;g__Pseudomonas_E;s__Pseudomonas_E fluorescens_AP	0.9999999996252171
0c08ae1029c7efbd95dfe586b81f77b6	Unassigned	0.8891083412223745
49329967e291ce9f40f683f8f499d4c8	ASV31d__Bacteria;p__Proteobacteria;c__Gammaproteobacteria;o__Burkholderiales;f__Burkholderiaceae;g__Delftia;s__Delftia_acidovorans	0.9998248692283539
745ae01b30d833e69c2550641404c8f4	ASV14d__Bacteria;p__Proteobacteria;c__Gammaproteobacteria;o__Pseudomonadales;f__Pseudomonadaceae;g__Pseudomonas_E;s__Pseudomonas_E fluorescens_AP	0.9999999995409183
40c08ea539132554275b693c1e7857f0	ASV17d__Bacteria;p__Bacteroidota;c__Bacteroidia;o__Sphingobacteriales;f__Sphingobacteriaceae;g__Pedobacter;s__	0.966954354858816
8b16f3d700d8e4ec06a71a8e8541b16e	X391_Actinobacteria;Actinomycetales;Microbacteriaceae;Leifsonia	0.9999999999992752
506564bf2e2b3b8c3c1e032083611680	ASV8d__Bacteria;p__Proteobacteria;c__Alphaproteobacteria;o__Rhizobiales;f__Rhizobiaceae;g__Rhizobium;s__	0.9999999801531632
4b567b1bf5e00d313e53abed83ee35eb	ASV34d__Bacteria;p__Bacteroidota;c__Bacteroidia;o__Flavobacteriales;f__Weeksellaceae;g__Elizabethkingia;s__Elizabethkingia_miricola	0.9999999999409255
19ede0faa63e2dd19dd10b5e3d27838c	ASV14d__Bacteria;p__Proteobacteria;c__Gammaproteobacteria;o__Pseudomonadales;f__Pseudomonadaceae;g__Pseudomonas_E;s__Pseudomonas_E fluorescens_AP	0.999999999860222
5990fb4508bb04a4878fe80abd6fc9a1	ASV34d__Bacteria;p__Bacteroidota;c__Bacteroidia;o__Flavobacteriales;f__Weeksellaceae;g__Elizabethkingia;s__Elizabethkingia_miricola	0.9999999999759694
81354d84b3c72d7fc4cbc5ec56c02841	ASV34d__Bacteria;p__Bacteroidota;c__Bacteroidia;o__Flavobacteriales;f__Weeksellaceae;g__Elizabethkingia;s__Elizabethkingia_miricola	0.9999999980623073
321180c2c603b06659e1e24cead7fd48	ASV34d__Bacteria;p__Bacteroidota;c__Bacteroidia;o__Flavobacteriales;f__Weeksellaceae;g__Elizabethkingia;s__Elizabethkingia_miricola	0.9999999999706546
350a80413cbc8ea71c1d6fbd4fa7b00b	ASV11d__Bacteria;p__Proteobacteria;c__Gammaproteobacteria;o__Burkholderiales;f__Chromobacteriaceae;g__Aquitalea;s__Aquitaleapelogenes	0.987841995334349
2fa1e904bd6cde0df08b19f51e6bb57b	ASV32d__Bacteria;p__Proteobacteria;c__Gammaproteobacteria;o__Burkholderiales;f__Burkholderiaceae;g__Achromobacter;s__	0.9999944263005325
e7f0413767f8fd81afbf76dd558bdb79	ASV34d__Bacteria;p__Bacteroidota;c__Bacteroidia;o__Flavobacteriales;f__Weeksellaceae;g__Elizabethkingia;s__Elizabethkingia_miricola	0.9999999999733831
d920d37d56c612d47a2ef5fb65c661c1	ASV34d__Bacteria;p__Bacteroidota;c__Bacteroidia;o__Flavobacteriales;f__Weeksellaceae;g__Elizabethkingia;s__Elizabethkingia_miricola	0.9999999999600107
98a581ccfdab3e05830aeb6c80edc4b6	ASV2d__Bacteria;p__Bacteroidota;c__Bacteroidia;o__Sphingobacteriales;f__Sphingobacteriaceae;g__Pedobacter;s__	0.9997631411439376
5901830f2d3b128924a72effd47484a2	ASV29d__Bacteria;p__Proteobacteria;c__Gammaproteobacteria;o__Enterobacterales;f__Enterobacteriaceae;g__Citrobacter;s__Citrobacter_braakii	0.999121753601783
1e593c0dfd53f5e65479b25206f0fb5a	ASV30d__Bacteria;p__Proteobacteria;c__Gammaproteobacteria;o__Enterobacterales;f__Enterobacteriaceae;g__Serratia_A;s__Serratia_Afonticola	0.9985926809576198
3ca5f808d2dabb91e366cc76571c9af8	Unassigned	0.7215613087844446
b025719ff8452784007a562bbcd13fa6	Unassigned	0.7259620565406506
cbd0d5c056928faae9bd087311b9accf	Unassigned	0.730273621694624
8bff5d097e2a9a1c55103f95df067622	ASV11d__Bacteria;p__Proteobacteria;c__Gammaproteobacteria;o__Burkholderiales;f__Chromobacteriaceae;g__Aquitalea;s__Aquitaleapelogenes	0.9953891076439446
453aeacdb6ae57aa12c1c44ce0e759e2	ASV10d__Bacteria;p__Proteobacteria;c__Gammaproteobacteria;o__Burkholderiales;f__Burkholderiaceae;g__Comamonas_B;s__	0.9942248211268098
4fcf5bbbde6c8ead6cebf1036bc25154	ASV2d__Bacteria;p__Bacteroidota;c__Bacteroidia;o__Sphingobacteriales;f__Sphingobacteriaceae;g__Pedobacter;s__	0.9996871180242313
1ffd43ca21669cb59372947bbf16ddd8	ASV9d__Bacteria;p__Proteobacteria;c__Alphaproteobacteria;o__Caulobacterales;f__Caulobacteraceae;g__Brevundimonas;s__	0.9999999765067431
c9c963faba9f8357e99b5ade5468e472	ASV31d__Bacteria;p__Proteobacteria;c__Gammaproteobacteria;o__Burkholderiales;f__Burkholderiaceae;g__Delftia;s__Delftia_acidovorans	0.9997699877987181
159eeef7a8a77d40ef1fc14f35c098c9	X491_Betaproteobacteria;Burkholderiales;Burkholderiaceae;Pandoraea	0.9970175117925503
deaaa9bf6a912a463771072c1fa438a3	X491_Betaproteobacteria;Burkholderiales;Burkholderiaceae;Pandoraea	0.9980378736531427
6191481ac17c83e67546634b88071788	ASV27d__Bacteria;p__Proteobacteria;c__Gammaproteobacteria;o__Burkholderiales;f__Burkholderiaceae;g__Xylophilus;s__	0.9974548233436247
2d81ea4bbf8dd944b1e5e8e1c465b8c8	ASV29d__Bacteria;p__Proteobacteria;c__Gammaproteobacteria;o__Enterobacterales;f__Enterobacteriaceae;g__Citrobacter;s__Citrobacter_braakii	0.9997171025166292
28436c52dc9a0502f897e52a70a3e74f	ASV5d__Bacteria;p__Proteobacteria;c__Gammaproteobacteria;o__Burkholderiales;f__Chromobacteriaceae;g__Chromobacterium;s__Chromobacteriumsp002213445	0.9996236235382472
91364f3bdab09fa1b7f5713afc4559a4	ASV14d__Bacteria;p__Proteobacteria;c__Gammaproteobacteria;o__Pseudomonadales;f__Pseudomonadaceae;g__Pseudomonas_E;s__Pseudomonas_E fluorescens_AP	0.9999999997085922
c925035a01d6fc4abf7cf29bd3e9152f	ASV34d__Bacteria;p__Bacteroidota;c__Bacteroidia;o__Flavobacteriales;f__Weeksellaceae;g__Elizabethkingia;s__Elizabethkingia_miricola	0.9999999999791669
760ecb5f93f713cfc0c781f459348919	ASV34d__Bacteria;p__Bacteroidota;c__Bacteroidia;o__Flavobacteriales;f__Weeksellaceae;g__Elizabethkingia;s__Elizabethkingia_miricola	0.9999999999673577
43a3dc5f471ae5e47cb3cb2a99a7e7bb	ASV14d__Bacteria;p__Proteobacteria;c__Gammaproteobacteria;o__Pseudomonadales;f__Pseudomonadaceae;g__Pseudomonas_E;s__Pseudomonas_E fluorescens_AP	0.9999999994688977
07b6c4cf1d4734709c0ae963cc101153	ASV14d__Bacteria;p__Proteobacteria;c__Gammaproteobacteria;o__Pseudomonadales;f__Pseudomonadaceae;g__Pseudomonas_E;s__Pseudomonas_E fluorescens_AP	0.9999999998401137
6b855f2477b9b6f6ed7123b0b01ddd38	ASV14d__Bacteria;p__Proteobacteria;c__Gammaproteobacteria;o__Pseudomonadales;f__Pseudomonadaceae;g__Pseudomonas_E;s__Pseudomonas_E fluorescens_AP	0.9999999984034105
5fc1dfdfc3d60deb1307f3b92e8582a3	ASV34d__Bacteria;p__Bacteroidota;c__Bacteroidia;o__Flavobacteriales;f__Weeksellaceae;g__Elizabethkingia;s__Elizabethkingia_miricola	0.9999999998525197
a0552eb902fb90cf3c5e04af04d5ceeb	ASV34d__Bacteria;p__Bacteroidota;c__Bacteroidia;o__Flavobacteriales;f__Weeksellaceae;g__Elizabethkingia;s__Elizabethkingia_miricola	0.9999999999375575
42cd0edc8aeb69729fbda12f9299c5db	ASV14d__Bacteria;p__Proteobacteria;c__Gammaproteobacteria;o__Pseudomonadales;f__Pseudomonadaceae;g__Pseudomonas_E;s__Pseudomonas_E fluorescens_AP	0.9999999997002647
a4a3fbf3aa5a04239844da42134eb014	ASV14d__Bacteria;p__Proteobacteria;c__Gammaproteobacteria;o__Pseudomonadales;f__Pseudomonadaceae;g__Pseudomonas_E;s__Pseudomonas_E fluorescens_AP	0.9999999995092992
ff39d894754043228efbf0b7d8402b32	Unassigned	0.860074522528575
ddfd49f939f92958b1ec816741055348	ASV6d__Bacteria;p__Proteobacteria;c__Gammaproteobacteria;o__Burkholderiales;f__Burkholderiaceae;g__Ralstonia;s__	0.9979880227836485
edd7b3fc9f6756ad5faecec2944c58bc	ASV8d__Bacteria;p__Proteobacteria;c__Alphaproteobacteria;o__Rhizobiales;f__Rhizobiaceae;g__Rhizobium;s__	0.9999999824101594
c2a97457cb77635e3ef1cefd1067e02b	ASV5d__Bacteria;p__Proteobacteria;c__Gammaproteobacteria;o__Burkholderiales;f__Chromobacteriaceae;g__Chromobacterium;s__Chromobacteriumsp002213445	0.9997901991000712
d8648e4ffd1fba4007ccfdea38064b7b	ASV22d__Bacteria;p__Proteobacteria;c__Gammaproteobacteria;o__Burkholderiales;f__Burkholderiaceae;g__Paraburkholderia_B;s__	0.9996600199754441
7b0d8e59dcec2c6c1d8d2b9322b9eb4c	Unassigned	0.7254801054553577
bf316a11eb1d91b9fa7cae536cc2a0a7	Unassigned	0.5191236344968453
4d3dd7e81330c7a101f8133b37b017aa	X263_Sphingobacteriia;Sphingobacteriales;Chitinophagaceae; Chitinophaga	0.9999999999574953
d3d48eab2f7d6c64c597e18eb4f1327e	Unassigned	0.730827962791565
2e2cfe149a70c820d5fbdbe60002bf46	Unassigned	0.7484307354747601
35d987d7a387c10af407391e08fb69bc	Unassigned	0.8380725937903829
e1e7b8a2912ef287d17c0b4b20e3f423	ASV32d__Bacteria;p__Proteobacteria;c__Gammaproteobacteria;o__Burkholderiales;f__Burkholderiaceae;g__Achromobacter;s__	0.9999991865983486
57a4d0d2ee55698675d172c55b304f77	Unassigned	0.8292305582960844
c0fd585f8aca343ebe6c58333d6569d8	ASV34d__Bacteria;p__Bacteroidota;c__Bacteroidia;o__Flavobacteriales;f__Weeksellaceae;g__Elizabethkingia;s__Elizabethkingia_miricola	0.9999999999187139
0473144aa9051cd854201207be889ef2	ASV14d__Bacteria;p__Proteobacteria;c__Gammaproteobacteria;o__Pseudomonadales;f__Pseudomonadaceae;g__Pseudomonas_E;s__Pseudomonas_E fluorescens_AP	0.9999999931218184
8b1d3a946216b44dec707d42a5a74386	ASV16d__Bacteria;p__Proteobacteria;c__Gammaproteobacteria;o__Burkholderiales;f__Chromobacteriaceae;g__Aquitalea;s__	0.9836308333715015
76d301ba5cc31565abd29b61605c3a70	ASV34d__Bacteria;p__Bacteroidota;c__Bacteroidia;o__Flavobacteriales;f__Weeksellaceae;g__Elizabethkingia;s__Elizabethkingia_miricola	0.9999999999696314
d06b88931df69f0b21a671340f850c9b	ASV31d__Bacteria;p__Proteobacteria;c__Gammaproteobacteria;o__Burkholderiales;f__Burkholderiaceae;g__Delftia;s__Delftia_acidovorans	0.9996617187226422
1163f9610b31042fa87ffa7f78650f39	ASV28d__Bacteria;p__Bacteroidota;c__Bacteroidia;o__Sphingobacteriales;f__Sphingobacteriaceae;g__Pedobacter;s__	0.9991645365234725
6f3833792a5f5ca8da453f23df750588	ASV17d__Bacteria;p__Bacteroidota;c__Bacteroidia;o__Sphingobacteriales;f__Sphingobacteriaceae;g__Pedobacter;s__	0.8509232311695001
d07fe7962c3c4b3678d397ebe0ceccd9	ASV34d__Bacteria;p__Bacteroidota;c__Bacteroidia;o__Flavobacteriales;f__Weeksellaceae;g__Elizabethkingia;s__Elizabethkingia_miricola	0.9999999996972377
01e9bdef53c6eb7a60f45f2e718f13ce	X491_Betaproteobacteria;Burkholderiales;Burkholderiaceae;Pandoraea	0.9973704514922324
f8e841e7bb614f6cc0645db823f9e807	ASV21d__Bacteria;p__Proteobacteria;c__Gammaproteobacteria;o__Xanthomonadales;f__Rhodanobacteraceae;g__Dyella;s__	0.7371906308446889
f7bbd756decead981ce1823cffaa6d27	ASV19d__Bacteria;p__Bacteroidota;c__Bacteroidia;o__Sphingobacteriales;f__Sphingobacteriaceae;g__Pedobacter;s__	0.9997187564895184
d1d5d6061551dc01f9c84a4309348185	Unassigned	0.7821442987915335
c8f0bd726d2c99ec04f07d8fb7a8080d	Unassigned	0.7734611698171505
39183f3e7bff724ded10fea9e721d5c3	ASV30d__Bacteria;p__Proteobacteria;c__Gammaproteobacteria;o__Enterobacterales;f__Enterobacteriaceae;g__Serratia_A;s__Serratia_Afonticola	0.9995973348853315
3e956fd070b07547deeb2176a0810c9b	ASV14d__Bacteria;p__Proteobacteria;c__Gammaproteobacteria;o__Pseudomonadales;f__Pseudomonadaceae;g__Pseudomonas_E;s__Pseudomonas_E fluorescens_AP	0.9999999994247446
096ba02821c73434e7a8cbea85d381b6	ASV31d__Bacteria;p__Proteobacteria;c__Gammaproteobacteria;o__Burkholderiales;f__Burkholderiaceae;g__Delftia;s__Delftia_acidovorans	0.99974669979904
9837afc0c5236f0c3240fd9d2d086016	ASV14d__Bacteria;p__Proteobacteria;c__Gammaproteobacteria;o__Pseudomonadales;f__Pseudomonadaceae;g__Pseudomonas_E;s__Pseudomonas_E fluorescens_AP	0.9999999988275334
4c0c962e4a4a63467feffb4b5de0cb21	ASV32d__Bacteria;p__Proteobacteria;c__Gammaproteobacteria;o__Burkholderiales;f__Burkholderiaceae;g__Achromobacter;s__	0.999997786136695
1870b46256696f69c19b10e9b777c172	ASV14d__Bacteria;p__Proteobacteria;c__Gammaproteobacteria;o__Pseudomonadales;f__Pseudomonadaceae;g__Pseudomonas_E;s__Pseudomonas_E fluorescens_AP	0.9999999997715889
d2420c96c93d80f931007a86dd8bd822	ASV30d__Bacteria;p__Proteobacteria;c__Gammaproteobacteria;o__Enterobacterales;f__Enterobacteriaceae;g__Serratia_A;s__Serratia_Afonticola	0.999588947026213
f2081e733483e63ff748af2e42f7d29f	ASV14d__Bacteria;p__Proteobacteria;c__Gammaproteobacteria;o__Pseudomonadales;f__Pseudomonadaceae;g__Pseudomonas_E;s__Pseudomonas_E fluorescens_AP	0.9999999998681943
f911390f1898d7614c122c65280950f5	ASV8d__Bacteria;p__Proteobacteria;c__Alphaproteobacteria;o__Rhizobiales;f__Rhizobiaceae;g__Rhizobium;s__	0.9999999857614769
96718e38c39bda1963dce1386723bf56	ASV34d__Bacteria;p__Bacteroidota;c__Bacteroidia;o__Flavobacteriales;f__Weeksellaceae;g__Elizabethkingia;s__Elizabethkingia_miricola	0.9999999998988613
1c2da485c254ae004da56f3bc5791f45	X263_Sphingobacteriia;Sphingobacteriales;Chitinophagaceae; Chitinophaga	0.9999999999647713
d27afdb0687142759be0096a0eedcb3f	Unassigned	0.8660212907038164
a3f86ec7528980afc3b704ec73dd416b	X263_Sphingobacteriia;Sphingobacteriales;Chitinophagaceae; Chitinophaga	0.9999999999580496
1dc318a81fa0260d15e6bf93ef70b617	ASV17d__Bacteria;p__Bacteroidota;c__Bacteroidia;o__Sphingobacteriales;f__Sphingobacteriaceae;g__Pedobacter;s__	0.9744306700998226
5aaefb493860076c05b82b4daa23caa0	X263_Sphingobacteriia;Sphingobacteriales;Chitinophagaceae; Chitinophaga	0.999999999982208
d8761793bc6123f008ad0db6081a1445	X263_Sphingobacteriia;Sphingobacteriales;Chitinophagaceae; Chitinophaga	0.9999999999663771
2030ce6fda43271ef6d47135b45a1b4f	Unassigned	0.7916357969705844
2a3ac5dec2584a9a37930734212750ec	ASV28d__Bacteria;p__Bacteroidota;c__Bacteroidia;o__Sphingobacteriales;f__Sphingobacteriaceae;g__Pedobacter;s__	0.9991138030652658
db93301f8abade01af7bea06beabcdab	ASV14d__Bacteria;p__Proteobacteria;c__Gammaproteobacteria;o__Pseudomonadales;f__Pseudomonadaceae;g__Pseudomonas_E;s__Pseudomonas_E fluorescens_AP	0.999999999622446
d078ec6e8293af13d2cdb6cdeae641dc	ASV32d__Bacteria;p__Proteobacteria;c__Gammaproteobacteria;o__Burkholderiales;f__Burkholderiaceae;g__Achromobacter;s__	0.9999993990638487
2343342b450e73b5388d8175eb22ce47	ASV14d__Bacteria;p__Proteobacteria;c__Gammaproteobacteria;o__Pseudomonadales;f__Pseudomonadaceae;g__Pseudomonas_E;s__Pseudomonas_E fluorescens_AP	0.9999999998130562
c8fcbc17dc34d8c1eeefc3a0a8635bc9	ASV14d__Bacteria;p__Proteobacteria;c__Gammaproteobacteria;o__Pseudomonadales;f__Pseudomonadaceae;g__Pseudomonas_E;s__Pseudomonas_E fluorescens_AP	0.9999999992482742
a2a587f5bf9002a021e2ab20465d1bfa	ASV34d__Bacteria;p__Bacteroidota;c__Bacteroidia;o__Flavobacteriales;f__Weeksellaceae;g__Elizabethkingia;s__Elizabethkingia_miricola	0.9999999998153299
71cf676eec29f95f84bc59ca8a0de9d0	ASV16d__Bacteria;p__Proteobacteria;c__Gammaproteobacteria;o__Burkholderiales;f__Chromobacteriaceae;g__Aquitalea;s__	0.991244161998372
13ee55b50c0be4df556cba69734f5688	ASV31d__Bacteria;p__Proteobacteria;c__Gammaproteobacteria;o__Burkholderiales;f__Burkholderiaceae;g__Delftia;s__Delftia_acidovorans	0.9988713678429375
3d3713ef22cf189dc452c745f1303873	ASV34d__Bacteria;p__Bacteroidota;c__Bacteroidia;o__Flavobacteriales;f__Weeksellaceae;g__Elizabethkingia;s__Elizabethkingia_miricola	0.9999999997104823
f97d6ffccc14408775d830cd5a62c34e	ASV14d__Bacteria;p__Proteobacteria;c__Gammaproteobacteria;o__Pseudomonadales;f__Pseudomonadaceae;g__Pseudomonas_E;s__Pseudomonas_E fluorescens_AP	0.9999999998022702
0a081b92ba791281a207f3a00a12f9fb	ASV14d__Bacteria;p__Proteobacteria;c__Gammaproteobacteria;o__Pseudomonadales;f__Pseudomonadaceae;g__Pseudomonas_E;s__Pseudomonas_E fluorescens_AP	0.9999999998327098
d0b2126c9a1e9926cb98031ee978629b	ASV14d__Bacteria;p__Proteobacteria;c__Gammaproteobacteria;o__Pseudomonadales;f__Pseudomonadaceae;g__Pseudomonas_E;s__Pseudomonas_E fluorescens_AP	0.9999999972847746
0ccb8ca10d8f4430abfd79cf95fd0c64	ASV14d__Bacteria;p__Proteobacteria;c__Gammaproteobacteria;o__Pseudomonadales;f__Pseudomonadaceae;g__Pseudomonas_E;s__Pseudomonas_E fluorescens_AP	0.9999999852794589
63eefd7ef0ef8ef50df80dc40e350c3c	ASV34d__Bacteria;p__Bacteroidota;c__Bacteroidia;o__Flavobacteriales;f__Weeksellaceae;g__Elizabethkingia;s__Elizabethkingia_miricola	0.9999999997848903
9c618abe79024781896eb5f8ce4159b2	ASV14d__Bacteria;p__Proteobacteria;c__Gammaproteobacteria;o__Pseudomonadales;f__Pseudomonadaceae;g__Pseudomonas_E;s__Pseudomonas_E fluorescens_AP	0.9999999993123367
3d9a983e28561a83e3bb001466414149	ASV14d__Bacteria;p__Proteobacteria;c__Gammaproteobacteria;o__Pseudomonadales;f__Pseudomonadaceae;g__Pseudomonas_E;s__Pseudomonas_E fluorescens_AP	0.9999999984691073
fd46ac2c4342d496e53c919b09dbaee1	ASV34d__Bacteria;p__Bacteroidota;c__Bacteroidia;o__Flavobacteriales;f__Weeksellaceae;g__Elizabethkingia;s__Elizabethkingia_miricola	0.9999999997891109
db4c0229398fc69af21c16232b1b3e5e	ASV34d__Bacteria;p__Bacteroidota;c__Bacteroidia;o__Flavobacteriales;f__Weeksellaceae;g__Elizabethkingia;s__Elizabethkingia_miricola	0.9999999999074305
c7a97f2a87fd59ca6d8b026ea5ee5980	ASV14d__Bacteria;p__Proteobacteria;c__Gammaproteobacteria;o__Pseudomonadales;f__Pseudomonadaceae;g__Pseudomonas_E;s__Pseudomonas_E fluorescens_AP	0.9999999877062892
0b0462eb05a52684a4c11254171371e9	ASV14d__Bacteria;p__Proteobacteria;c__Gammaproteobacteria;o__Pseudomonadales;f__Pseudomonadaceae;g__Pseudomonas_E;s__Pseudomonas_E fluorescens_AP	0.999999998045368
4d549695e246ce01b043c85110d0d0d7	ASV14d__Bacteria;p__Proteobacteria;c__Gammaproteobacteria;o__Pseudomonadales;f__Pseudomonadaceae;g__Pseudomonas_E;s__Pseudomonas_E fluorescens_AP	0.9999999965589694
e8734104203c38aa74ca66cad494395c	ASV32d__Bacteria;p__Proteobacteria;c__Gammaproteobacteria;o__Burkholderiales;f__Burkholderiaceae;g__Achromobacter;s__	0.9999989285286033
e4287f095601c0ec5329fb5d8d91fc1f	ASV14d__Bacteria;p__Proteobacteria;c__Gammaproteobacteria;o__Pseudomonadales;f__Pseudomonadaceae;g__Pseudomonas_E;s__Pseudomonas_E fluorescens_AP	0.9999999999414371
3ac7476577611c352965d8420ca24286	ASV14d__Bacteria;p__Proteobacteria;c__Gammaproteobacteria;o__Pseudomonadales;f__Pseudomonadaceae;g__Pseudomonas_E;s__Pseudomonas_E fluorescens_AP	0.9999999990105266
f41aca971f109bc7d2b5781d8d45eace	ASV29d__Bacteria;p__Proteobacteria;c__Gammaproteobacteria;o__Enterobacterales;f__Enterobacteriaceae;g__Citrobacter;s__Citrobacter_braakii	0.9993748707234494
9786c621f10edc2e303a2401a1998242	ASV34d__Bacteria;p__Bacteroidota;c__Bacteroidia;o__Flavobacteriales;f__Weeksellaceae;g__Elizabethkingia;s__Elizabethkingia_miricola	0.999999999990905
8f87d6d0bcdd9fce0a9a9f1312a0934b	ASV14d__Bacteria;p__Proteobacteria;c__Gammaproteobacteria;o__Pseudomonadales;f__Pseudomonadaceae;g__Pseudomonas_E;s__Pseudomonas_E fluorescens_AP	0.9999999971448688
e621f11a87c4ebac57bbb0cb682cb293	ASV14d__Bacteria;p__Proteobacteria;c__Gammaproteobacteria;o__Pseudomonadales;f__Pseudomonadaceae;g__Pseudomonas_E;s__Pseudomonas_E fluorescens_AP	0.9999999988889385
efb243a3069e47f7d432f172a49f2b66	ASV34d__Bacteria;p__Bacteroidota;c__Bacteroidia;o__Flavobacteriales;f__Weeksellaceae;g__Elizabethkingia;s__Elizabethkingia_miricola	0.999999999978229
d39954bfd4ae51e5fef0f117b4592c23	ASV5d__Bacteria;p__Proteobacteria;c__Gammaproteobacteria;o__Burkholderiales;f__Chromobacteriaceae;g__Chromobacterium;s__Chromobacteriumsp002213445	0.9995259505197985
9a38cde06c91859b631e49d946e09531	ASV29d__Bacteria;p__Proteobacteria;c__Gammaproteobacteria;o__Enterobacterales;f__Enterobacteriaceae;g__Citrobacter;s__Citrobacter_braakii	0.9998576371067736
f9f50d481d65a4758c4068e03299cbaf	Unassigned	0.8528214572380923
0236d94d250b74f211e1b5c14c1c4c3c	Unassigned	0.746304939408521
88e21692151308c1aeaff7068d5f53a5	Unassigned	0.8867357251467115
0c2bac3abdcbc31161734048740d4dc6	Unassigned	0.837600384284108
a504a9b62c8bdc12d634dc0ef529950b	Unassigned	0.7868503855732227
1e3a7a4afae5ada1d031c7ff9a13233e	Unassigned	0.7667571964006747
af68a97aecee87b46dead4db782076a5	X263_Sphingobacteriia;Sphingobacteriales;Chitinophagaceae; Chitinophaga	0.9999999998788525
9b070cec6e376dc79137b9143406fba8	Unassigned	0.7481851422483614
22b1f1050bec1b9b00ef0fb866a59a2c	ASV14d__Bacteria;p__Proteobacteria;c__Gammaproteobacteria;o__Pseudomonadales;f__Pseudomonadaceae;g__Pseudomonas_E;s__Pseudomonas_E fluorescens_AP	0.9999999997546212
c0e39bb6f4b02b2d6164b3936c9867e5	Unassigned	0.7806321917199437
5047e3506f54e0615943e70777414719	ASV9d__Bacteria;p__Proteobacteria;c__Alphaproteobacteria;o__Caulobacterales;f__Caulobacteraceae;g__Brevundimonas;s__	0.999999928029342
b73d51a01b83cf3a13a0241ef91bd435	ASV16d__Bacteria;p__Proteobacteria;c__Gammaproteobacteria;o__Burkholderiales;f__Chromobacteriaceae;g__Aquitalea;s__	0.9863397187329845
f6310ee4288418b9c9ed29b32df86b4a	ASV5d__Bacteria;p__Proteobacteria;c__Gammaproteobacteria;o__Burkholderiales;f__Chromobacteriaceae;g__Chromobacterium;s__Chromobacteriumsp002213445	0.9930479482821257
bf4b693fd9cc2fcd984de375e8e20d97	X491_Betaproteobacteria;Burkholderiales;Burkholderiaceae;Pandoraea	0.9964372166830083
2deaa4f7986550940aabba49e1a1fc44	ASV32d__Bacteria;p__Proteobacteria;c__Gammaproteobacteria;o__Burkholderiales;f__Burkholderiaceae;g__Achromobacter;s__	0.9999988790410471
4e0877a9a09b8c29bb40bfa2aa6505f5	ASV21d__Bacteria;p__Proteobacteria;c__Gammaproteobacteria;o__Xanthomonadales;f__Rhodanobacteraceae;g__Dyella;s__	0.9999999998554898
a5da095febc6176b2f56930a2eb58302	ASV14d__Bacteria;p__Proteobacteria;c__Gammaproteobacteria;o__Pseudomonadales;f__Pseudomonadaceae;g__Pseudomonas_E;s__Pseudomonas_E fluorescens_AP	0.9999999986217318
380ba9868b3fee13c04b7b573ae02eec	ASV14d__Bacteria;p__Proteobacteria;c__Gammaproteobacteria;o__Pseudomonadales;f__Pseudomonadaceae;g__Pseudomonas_E;s__Pseudomonas_E fluorescens_AP	0.9999999999140954
be72911e0b7884a0c6307d3d00008f55	ASV10d__Bacteria;p__Proteobacteria;c__Gammaproteobacteria;o__Burkholderiales;f__Burkholderiaceae;g__Comamonas_B;s__	0.9974502084016874
a83d7bc6c11790b664ac78369b83686b	ASV14d__Bacteria;p__Proteobacteria;c__Gammaproteobacteria;o__Pseudomonadales;f__Pseudomonadaceae;g__Pseudomonas_E;s__Pseudomonas_E fluorescens_AP	0.9999999969587918
27843d479fe1fcaeee1b70e6f114be52	ASV31d__Bacteria;p__Proteobacteria;c__Gammaproteobacteria;o__Burkholderiales;f__Burkholderiaceae;g__Delftia;s__Delftia_acidovorans	0.9997823350936204
d4286ac74b7e6370cd4ab3d80d1a12cb	X120_Alphaproteobacteria;Sphingomonadales;Sphingomonadaceae;Sphingomonas	0.9999999136227198
42c55ffc65e1812d8e7a9010a8f511c3	X491_Betaproteobacteria;Burkholderiales;Burkholderiaceae;Pandoraea	0.9924767884623785
ef5a4ccfdb813617d2452d39d977cbdd	ASV32d__Bacteria;p__Proteobacteria;c__Gammaproteobacteria;o__Burkholderiales;f__Burkholderiaceae;g__Achromobacter;s__	0.9999994574677993
2868ed4c998d544869240fe3a22d997f	ASV30d__Bacteria;p__Proteobacteria;c__Gammaproteobacteria;o__Enterobacterales;f__Enterobacteriaceae;g__Serratia_A;s__Serratia_Afonticola	0.9995251062322066
21c86dcf16871eeb4a3917f5b152ae5d	X263_Sphingobacteriia;Sphingobacteriales;Chitinophagaceae; Chitinophaga	0.9999999999667608
6e939cdbf6fdf7c37aa8fd0a2a24c5d6	Unassigned	0.7465819288884252
5e4f4c5c9bd1e00d8c919b74b83810f4	Unassigned	0.8353392113380712
3804740afc449af76bb982e943e2eb21	Unassigned	0.7906257236485426
ac6989f0934e2a25c5d23278ed137dac	Unassigned	0.8182338779069149
69a11f927915e2a3ba1f7b9c84486527	Unassigned	0.48025148690332
74bf1cb9508217c6b6f0c69b838b7731	ASV31d__Bacteria;p__Proteobacteria;c__Gammaproteobacteria;o__Burkholderiales;f__Burkholderiaceae;g__Delftia;s__Delftia_acidovorans	0.9995623298477948
087304ac67a6a8bb51c091eb25b5db1b	ASV27d__Bacteria;p__Proteobacteria;c__Gammaproteobacteria;o__Burkholderiales;f__Burkholderiaceae;g__Xylophilus;s__	0.996787206013104
9e933b620eddb011f3435d4b46bc1f3a	ASV14d__Bacteria;p__Proteobacteria;c__Gammaproteobacteria;o__Pseudomonadales;f__Pseudomonadaceae;g__Pseudomonas_E;s__Pseudomonas_E fluorescens_AP	0.9999999998820925
e96a51a641560a592815cc22c3c62a75	Unassigned	0.6707819798172558
9218fcd456479486a21e99846c4770aa	ASV10d__Bacteria;p__Proteobacteria;c__Gammaproteobacteria;o__Burkholderiales;f__Burkholderiaceae;g__Comamonas_B;s__	0.9988932261341711
8147a01454b65761b4f3935a67507654	ASV14d__Bacteria;p__Proteobacteria;c__Gammaproteobacteria;o__Pseudomonadales;f__Pseudomonadaceae;g__Pseudomonas_E;s__Pseudomonas_E fluorescens_AP	0.9999999991695603
abacc829169a40a2eb723d96eaabddf9	ASV29d__Bacteria;p__Proteobacteria;c__Gammaproteobacteria;o__Enterobacterales;f__Enterobacteriaceae;g__Citrobacter;s__Citrobacter_braakii	0.999333904118797
474e1903f19cb392ad79d3871edfc99e	ASV34d__Bacteria;p__Bacteroidota;c__Bacteroidia;o__Flavobacteriales;f__Weeksellaceae;g__Elizabethkingia;s__Elizabethkingia_miricola	0.9999999999184297
06f3143914500e3004b82a204b40b31d	ASV14d__Bacteria;p__Proteobacteria;c__Gammaproteobacteria;o__Pseudomonadales;f__Pseudomonadaceae;g__Pseudomonas_E;s__Pseudomonas_E fluorescens_AP	0.9999999998706954
43d4f070d4c3b0afc5655898f7a62c7d	ASV32d__Bacteria;p__Proteobacteria;c__Gammaproteobacteria;o__Burkholderiales;f__Burkholderiaceae;g__Achromobacter;s__	0.999998269542848
65b760cb33833dece6b93df7d2278003	ASV32d__Bacteria;p__Proteobacteria;c__Gammaproteobacteria;o__Burkholderiales;f__Burkholderiaceae;g__Achromobacter;s__	0.9999992526555509
8e94f52b3501a7b5836cc7176f3eacb5	ASV5d__Bacteria;p__Proteobacteria;c__Gammaproteobacteria;o__Burkholderiales;f__Chromobacteriaceae;g__Chromobacterium;s__Chromobacteriumsp002213445	0.9997806455989219
f380fe10ea8bae5f1d2af70c5c08aa15	ASV32d__Bacteria;p__Proteobacteria;c__Gammaproteobacteria;o__Burkholderiales;f__Burkholderiaceae;g__Achromobacter;s__	0.9999988351890428
65488b8fd5eeb35366902eb6413f6037	ASV19d__Bacteria;p__Bacteroidota;c__Bacteroidia;o__Sphingobacteriales;f__Sphingobacteriaceae;g__Pedobacter;s__	0.9996945393941289
fe7dbd9b809b0080c44b9a7c70f831cc	ASV14d__Bacteria;p__Proteobacteria;c__Gammaproteobacteria;o__Pseudomonadales;f__Pseudomonadaceae;g__Pseudomonas_E;s__Pseudomonas_E fluorescens_AP	0.9999999999035509
670c45a8b45378c685693f5b56d04e12	ASV14d__Bacteria;p__Proteobacteria;c__Gammaproteobacteria;o__Pseudomonadales;f__Pseudomonadaceae;g__Pseudomonas_E;s__Pseudomonas_E fluorescens_AP	0.9999999998101288
d14daccff97c5154371afec3b3e5ec0c	ASV34d__Bacteria;p__Bacteroidota;c__Bacteroidia;o__Flavobacteriales;f__Weeksellaceae;g__Elizabethkingia;s__Elizabethkingia_miricola	0.9999999998095888
c4c75c730097839835097efa4f392408	ASV17d__Bacteria;p__Bacteroidota;c__Bacteroidia;o__Sphingobacteriales;f__Sphingobacteriaceae;g__Pedobacter;s__	0.9068207664241861
4c60153973c91e5d4dc54667f5c3c65e	ASV34d__Bacteria;p__Bacteroidota;c__Bacteroidia;o__Flavobacteriales;f__Weeksellaceae;g__Elizabethkingia;s__Elizabethkingia_miricola	0.9999999999659082
8717973a72bcc74c052a8f4e24206e9b	ASV14d__Bacteria;p__Proteobacteria;c__Gammaproteobacteria;o__Pseudomonadales;f__Pseudomonadaceae;g__Pseudomonas_E;s__Pseudomonas_E fluorescens_AP	0.9999999991479456
4501394bb1b4561375c7717f3616e19c	ASV14d__Bacteria;p__Proteobacteria;c__Gammaproteobacteria;o__Pseudomonadales;f__Pseudomonadaceae;g__Pseudomonas_E;s__Pseudomonas_E fluorescens_AP	0.9999999987314254
7cd9fd27261ee6eceaa65727eaa919c9	Unassigned	0.8217100802031446
bcf9a9552b76dcb947dddb07ab022b8b	X263_Sphingobacteriia;Sphingobacteriales;Chitinophagaceae; Chitinophaga	0.9999999999808722
606ec956a6a2cd1848472bee20dcb6f5	ASV17d__Bacteria;p__Bacteroidota;c__Bacteroidia;o__Sphingobacteriales;f__Sphingobacteriaceae;g__Pedobacter;s__	0.97401769489754
f027bd543b8424cf8a1e331fee5961ba	ASV30d__Bacteria;p__Proteobacteria;c__Gammaproteobacteria;o__Enterobacterales;f__Enterobacteriaceae;g__Serratia_A;s__Serratia_Afonticola	0.9965109638258646
b3ff63a4dd49fd28276f54eac82f0380	ASV29d__Bacteria;p__Proteobacteria;c__Gammaproteobacteria;o__Enterobacterales;f__Enterobacteriaceae;g__Citrobacter;s__Citrobacter_braakii	0.9998451680988882
13e99414faa1aae45f2a283d2c7de35a	ASV34d__Bacteria;p__Bacteroidota;c__Bacteroidia;o__Flavobacteriales;f__Weeksellaceae;g__Elizabethkingia;s__Elizabethkingia_miricola	0.9999999999895692
b4761a9cc2c1e76abe317b1ee748e367	ASV14d__Bacteria;p__Proteobacteria;c__Gammaproteobacteria;o__Pseudomonadales;f__Pseudomonadaceae;g__Pseudomonas_E;s__Pseudomonas_E fluorescens_AP	0.9999999981244514
45d50766d6bc5eb155b31dad5f373183	ASV11d__Bacteria;p__Proteobacteria;c__Gammaproteobacteria;o__Burkholderiales;f__Chromobacteriaceae;g__Aquitalea;s__Aquitaleapelogenes	0.990257221937776
0b7b730f3079d7460f64f8239a3c4b23	ASV14d__Bacteria;p__Proteobacteria;c__Gammaproteobacteria;o__Pseudomonadales;f__Pseudomonadaceae;g__Pseudomonas_E;s__Pseudomonas_E fluorescens_AP	0.9999999978144558
d8ce360a788814abf69514b4565c8b7f	ASV30d__Bacteria;p__Proteobacteria;c__Gammaproteobacteria;o__Enterobacterales;f__Enterobacteriaceae;g__Serratia_A;s__Serratia_Afonticola	0.9995250702069864
c75418eef0a163fc053ec618f1f7aa66	ASV29d__Bacteria;p__Proteobacteria;c__Gammaproteobacteria;o__Enterobacterales;f__Enterobacteriaceae;g__Citrobacter;s__Citrobacter_braakii	0.9996179841079506
27f368d04fe899ec94ced1b0484e8082	ASV14d__Bacteria;p__Proteobacteria;c__Gammaproteobacteria;o__Pseudomonadales;f__Pseudomonadaceae;g__Pseudomonas_E;s__Pseudomonas_E fluorescens_AP	0.9999999850503941
3581ffac2b3541f772a5dfe33d6785ad	ASV34d__Bacteria;p__Bacteroidota;c__Bacteroidia;o__Flavobacteriales;f__Weeksellaceae;g__Elizabethkingia;s__Elizabethkingia_miricola	0.9999999998497486
7c9e3e8cf32956e072748fd0bf2d3ea3	ASV34d__Bacteria;p__Bacteroidota;c__Bacteroidia;o__Flavobacteriales;f__Weeksellaceae;g__Elizabethkingia;s__Elizabethkingia_miricola	0.999999999617657
38d94988518fcf66bba97da21b1b315b	ASV14d__Bacteria;p__Proteobacteria;c__Gammaproteobacteria;o__Pseudomonadales;f__Pseudomonadaceae;g__Pseudomonas_E;s__Pseudomonas_E fluorescens_AP	0.9999999999537721
263227670f29581b3adb78747fbdff82	ASV14d__Bacteria;p__Proteobacteria;c__Gammaproteobacteria;o__Pseudomonadales;f__Pseudomonadaceae;g__Pseudomonas_E;s__Pseudomonas_E fluorescens_AP	0.9999999990091908
ce06ed098f7c105d57e5d826ab33b2c4	ASV30d__Bacteria;p__Proteobacteria;c__Gammaproteobacteria;o__Enterobacterales;f__Enterobacteriaceae;g__Serratia_A;s__Serratia_Afonticola	0.997831873975176
01bc90d034b70758f16033dffbd511fc	ASV34d__Bacteria;p__Bacteroidota;c__Bacteroidia;o__Flavobacteriales;f__Weeksellaceae;g__Elizabethkingia;s__Elizabethkingia_miricola	0.9999999998249365
357dfdde0f04af89dd3a36ab9363eeef	ASV10d__Bacteria;p__Proteobacteria;c__Gammaproteobacteria;o__Burkholderiales;f__Burkholderiaceae;g__Comamonas_B;s__	0.9930399808590816
276e12aa8eddbf80d5ddab57b0e8e971	ASV14d__Bacteria;p__Proteobacteria;c__Gammaproteobacteria;o__Pseudomonadales;f__Pseudomonadaceae;g__Pseudomonas_E;s__Pseudomonas_E fluorescens_AP	0.9999999984205061
e6e0ab12842f2bd99a7ba0df180cbf0a	ASV16d__Bacteria;p__Proteobacteria;c__Gammaproteobacteria;o__Burkholderiales;f__Chromobacteriaceae;g__Aquitalea;s__	0.9965277247870868
ad30ae2bcf6e69f61db4fecd844efa83	ASV34d__Bacteria;p__Bacteroidota;c__Bacteroidia;o__Flavobacteriales;f__Weeksellaceae;g__Elizabethkingia;s__Elizabethkingia_miricola	0.9999999999733973
3369ca4315e1271a40f2fbb3e9d3f752	ASV14d__Bacteria;p__Proteobacteria;c__Gammaproteobacteria;o__Pseudomonadales;f__Pseudomonadaceae;g__Pseudomonas_E;s__Pseudomonas_E fluorescens_AP	0.9999999995263096
1dfaa3ef1859d922e297311bc95ca322	ASV14d__Bacteria;p__Proteobacteria;c__Gammaproteobacteria;o__Pseudomonadales;f__Pseudomonadaceae;g__Pseudomonas_E;s__Pseudomonas_E fluorescens_AP	0.9999999995799982
71fb390f333257674b4d358e18049dba	ASV29d__Bacteria;p__Proteobacteria;c__Gammaproteobacteria;o__Enterobacterales;f__Enterobacteriaceae;g__Citrobacter;s__Citrobacter_braakii	0.9998642327339903
a96953f280da2fed2673ac111b2cefd2	ASV30d__Bacteria;p__Proteobacteria;c__Gammaproteobacteria;o__Enterobacterales;f__Enterobacteriaceae;g__Serratia_A;s__Serratia_Afonticola	0.9984549082981605
f88ae035a12aabab4a3e0f13d22151e1	ASV30d__Bacteria;p__Proteobacteria;c__Gammaproteobacteria;o__Enterobacterales;f__Enterobacteriaceae;g__Serratia_A;s__Serratia_Afonticola	0.9953926747838099
7ba9e1da8c640bc9faa983b1556d1f8c	ASV32d__Bacteria;p__Proteobacteria;c__Gammaproteobacteria;o__Burkholderiales;f__Burkholderiaceae;g__Achromobacter;s__	0.9999992819231684
1dd56c7de9f3c60cef52f3b07d15736e	Unassigned	0.7664167771636498
33ec9204b6a4cc71c51f973e9b2a5a62	Unassigned	0.8194895884998721
dd3f5d0842b81f00c70d82d2579cc3e0	Unassigned	0.7933190798842937
78db9d8042e59165376f0b235228e194	Unassigned	0.7656163882799212
3e4598c9bf0bf1caf6e568ab602999f5	ASV30d__Bacteria;p__Proteobacteria;c__Gammaproteobacteria;o__Enterobacterales;f__Enterobacteriaceae;g__Serratia_A;s__Serratia_Afonticola	0.9994573631742015
c6ea626d51771c497a7f78e6663b725c	ASV14d__Bacteria;p__Proteobacteria;c__Gammaproteobacteria;o__Pseudomonadales;f__Pseudomonadaceae;g__Pseudomonas_E;s__Pseudomonas_E fluorescens_AP	0.9999999967473912
fc05572187913c40f6343742b71d6183	ASV5d__Bacteria;p__Proteobacteria;c__Gammaproteobacteria;o__Burkholderiales;f__Chromobacteriaceae;g__Chromobacterium;s__Chromobacteriumsp002213445	0.9997391132618028
e1ffe0accd35789a95c379d74f9e8284	ASV8d__Bacteria;p__Proteobacteria;c__Alphaproteobacteria;o__Rhizobiales;f__Rhizobiaceae;g__Rhizobium;s__	0.9999999808802615
df6b2a1c8b0ebc58b14706fdd4c1083e	ASV32d__Bacteria;p__Proteobacteria;c__Gammaproteobacteria;o__Burkholderiales;f__Burkholderiaceae;g__Achromobacter;s__	0.9999987632810816
440239995eaa382ce6f530fee13b7e7d	ASV5d__Bacteria;p__Proteobacteria;c__Gammaproteobacteria;o__Burkholderiales;f__Chromobacteriaceae;g__Chromobacterium;s__Chromobacteriumsp002213445	0.9998777909953681
446d29c2ebd1284b6abfd54275a41f57	X491_Betaproteobacteria;Burkholderiales;Burkholderiaceae;Pandoraea	0.9937734213651459
4a4cc54ad0d4c0050d705682ca14543e	ASV14d__Bacteria;p__Proteobacteria;c__Gammaproteobacteria;o__Pseudomonadales;f__Pseudomonadaceae;g__Pseudomonas_E;s__Pseudomonas_E fluorescens_AP	0.9999999994000888
a5ba5bb9052d9e9b42a8bbc123059281	ASV14d__Bacteria;p__Proteobacteria;c__Gammaproteobacteria;o__Pseudomonadales;f__Pseudomonadaceae;g__Pseudomonas_E;s__Pseudomonas_E fluorescens_AP	0.9999999998051408
8e232cd73fe1e6aabc3a63b8463e9891	ASV11d__Bacteria;p__Proteobacteria;c__Gammaproteobacteria;o__Burkholderiales;f__Chromobacteriaceae;g__Aquitalea;s__Aquitaleapelogenes	0.9965538465543702
fa5f3adc2353e5a4327f8012e35e2e79	ASV17d__Bacteria;p__Bacteroidota;c__Bacteroidia;o__Sphingobacteriales;f__Sphingobacteriaceae;g__Pedobacter;s__	0.9675917810930884
2bab1b8c0808ed70c8f877a792091f1d	ASV14d__Bacteria;p__Proteobacteria;c__Gammaproteobacteria;o__Pseudomonadales;f__Pseudomonadaceae;g__Pseudomonas_E;s__Pseudomonas_E fluorescens_AP	0.9999999996498161
9a6b0a959165da90f538f9afe090d87e	Unassigned	0.6299729848102491
e522ae54da8b93beed9737166c2c4c7d	ASV16d__Bacteria;p__Proteobacteria;c__Gammaproteobacteria;o__Burkholderiales;f__Chromobacteriaceae;g__Aquitalea;s__	0.9800055228841912
5961e5aaa20114ebce548d1aee9709ca	ASV11d__Bacteria;p__Proteobacteria;c__Gammaproteobacteria;o__Burkholderiales;f__Chromobacteriaceae;g__Aquitalea;s__Aquitaleapelogenes	0.995244888962993
7e085a6935dbdf730f0206d6500aae84	ASV28d__Bacteria;p__Bacteroidota;c__Bacteroidia;o__Sphingobacteriales;f__Sphingobacteriaceae;g__Pedobacter;s__	0.9978321318452471
36d54547fe9abcf5c4721470903a15bd	ASV32d__Bacteria;p__Proteobacteria;c__Gammaproteobacteria;o__Burkholderiales;f__Burkholderiaceae;g__Achromobacter;s__	0.9999997601465939
5ef472332853f407dd455a3f4d2b27b4	Unassigned	0.8017019937457512
8125666f51394321856ceb4406cc2fe3	Unassigned	0.8271258167428043
7d33d04cf0ec14502d4db28bff152d08	ASV17d__Bacteria;p__Bacteroidota;c__Bacteroidia;o__Sphingobacteriales;f__Sphingobacteriaceae;g__Pedobacter;s__	0.9605033898424711
3413053216cf776d7ac7401ad6e57e0e	ASV14d__Bacteria;p__Proteobacteria;c__Gammaproteobacteria;o__Pseudomonadales;f__Pseudomonadaceae;g__Pseudomonas_E;s__Pseudomonas_E fluorescens_AP	0.9999999996758788
a0f7c3222608f2e292f768735780a9ee	ASV34d__Bacteria;p__Bacteroidota;c__Bacteroidia;o__Flavobacteriales;f__Weeksellaceae;g__Elizabethkingia;s__Elizabethkingia_miricola	0.9999999999839702
3b02a3d1055a3da3b82b1cc39030f20b	ASV14d__Bacteria;p__Proteobacteria;c__Gammaproteobacteria;o__Pseudomonadales;f__Pseudomonadaceae;g__Pseudomonas_E;s__Pseudomonas_E fluorescens_AP	0.9999999995556834
38d97d22ec6c932a916ca47831c420dc	ASV14d__Bacteria;p__Proteobacteria;c__Gammaproteobacteria;o__Pseudomonadales;f__Pseudomonadaceae;g__Pseudomonas_E;s__Pseudomonas_E fluorescens_AP	0.9999999988636006
e4ca918ebc397fad182834adc6bdff2c	ASV32d__Bacteria;p__Proteobacteria;c__Gammaproteobacteria;o__Burkholderiales;f__Burkholderiaceae;g__Achromobacter;s__	0.999998233526935
b926b3523c0cc8f4e8e29321f0fff085	ASV34d__Bacteria;p__Bacteroidota;c__Bacteroidia;o__Flavobacteriales;f__Weeksellaceae;g__Elizabethkingia;s__Elizabethkingia_miricola	0.9999999999753584
d165e975b10581e87e4cf0b7550cde76	ASV14d__Bacteria;p__Proteobacteria;c__Gammaproteobacteria;o__Pseudomonadales;f__Pseudomonadaceae;g__Pseudomonas_E;s__Pseudomonas_E fluorescens_AP	0.9999999992781596
5c0ce27317d535373fab9d216a5c3f58	ASV14d__Bacteria;p__Proteobacteria;c__Gammaproteobacteria;o__Pseudomonadales;f__Pseudomonadaceae;g__Pseudomonas_E;s__Pseudomonas_E fluorescens_AP	0.9999999996612559
96d711ebdac5086e952856f6279e4d79	ASV34d__Bacteria;p__Bacteroidota;c__Bacteroidia;o__Flavobacteriales;f__Weeksellaceae;g__Elizabethkingia;s__Elizabethkingia_miricola	0.9999999997927915
81766d3021490338c77aadbf33c5111a	ASV34d__Bacteria;p__Bacteroidota;c__Bacteroidia;o__Flavobacteriales;f__Weeksellaceae;g__Elizabethkingia;s__Elizabethkingia_miricola	0.9999999998842242
906c3c17defcab8c6b5880012536e6a4	ASV34d__Bacteria;p__Bacteroidota;c__Bacteroidia;o__Flavobacteriales;f__Weeksellaceae;g__Elizabethkingia;s__Elizabethkingia_miricola	0.9999999996835953
c4b68fe41da13960b802d81f114f7250	ASV32d__Bacteria;p__Proteobacteria;c__Gammaproteobacteria;o__Burkholderiales;f__Burkholderiaceae;g__Achromobacter;s__	0.9999995004794724
0daa5472e76affd4dd97692aea2520f3	ASV14d__Bacteria;p__Proteobacteria;c__Gammaproteobacteria;o__Pseudomonadales;f__Pseudomonadaceae;g__Pseudomonas_E;s__Pseudomonas_E fluorescens_AP	0.9999999997733369
6d88cb3e9c72f72def90e6c9deb02cc8	Unassigned	0.7879078002188477
9b9108d258c381f8c6c3d0e53e60cf1b	Unassigned	0.5813033996898895
4c989341ecc852cddd99316a83d4cf7b	X263_Sphingobacteriia;Sphingobacteriales;Chitinophagaceae; Chitinophaga	0.999999999926743
ef36b6e6e3db576b1cad1d87e74ed9bb	ASV9d__Bacteria;p__Proteobacteria;c__Alphaproteobacteria;o__Caulobacterales;f__Caulobacteraceae;g__Brevundimonas;s__	0.9999999618744518
8052bfcc596c1e6b97680dcb05d6050c	X491_Betaproteobacteria;Burkholderiales;Burkholderiaceae;Pandoraea	0.9925375766785484
93fc5d22db316648af49cb20a4052d86	ASV7d__Bacteria;p__Proteobacteria;c__Gammaproteobacteria;o__Burkholderiales;f__Burkholderiaceae;g__Herbaspirillum;s__	0.9977334440709799
346adb1306571f6f3c2fbcc04e422e1d	Unassigned	0.6048533104024134
4b54b829040005b2d8f7b1b59b9e9903	ASV17d__Bacteria;p__Bacteroidota;c__Bacteroidia;o__Sphingobacteriales;f__Sphingobacteriaceae;g__Pedobacter;s__	0.8455760698101482
8ff9afdb06682cfe65774f066c5e305b	Unassigned	0.8275929374948726
c1a43deee48928ac520ceb7a8df8bdba	ASV29d__Bacteria;p__Proteobacteria;c__Gammaproteobacteria;o__Enterobacterales;f__Enterobacteriaceae;g__Citrobacter;s__Citrobacter_braakii	0.9978682456667257
6b095d8a35456f6266ef7515e54dbc16	ASV34d__Bacteria;p__Bacteroidota;c__Bacteroidia;o__Flavobacteriales;f__Weeksellaceae;g__Elizabethkingia;s__Elizabethkingia_miricola	0.9999999999471498
6de239e3d8cb49ba579d2d7b426cb62f	ASV5d__Bacteria;p__Proteobacteria;c__Gammaproteobacteria;o__Burkholderiales;f__Chromobacteriaceae;g__Chromobacterium;s__Chromobacteriumsp002213445	0.9995677288550939
ecff123a0756807817bb7894d459ea8b	ASV5d__Bacteria;p__Proteobacteria;c__Gammaproteobacteria;o__Burkholderiales;f__Chromobacteriaceae;g__Chromobacterium;s__Chromobacteriumsp002213445	0.999292232549633
7ea95e138e5b884d6dba3e5bef8eb12b	ASV5d__Bacteria;p__Proteobacteria;c__Gammaproteobacteria;o__Burkholderiales;f__Chromobacteriaceae;g__Chromobacterium;s__Chromobacteriumsp002213445	0.9985041500819685
c2a15ca161a7e0b369017e43825cbc36	ASV31d__Bacteria;p__Proteobacteria;c__Gammaproteobacteria;o__Burkholderiales;f__Burkholderiaceae;g__Delftia;s__Delftia_acidovorans	0.9996310531913871
6c8e4f5f9b1cca53b91c7094f4fee849	ASV5d__Bacteria;p__Proteobacteria;c__Gammaproteobacteria;o__Burkholderiales;f__Chromobacteriaceae;g__Chromobacterium;s__Chromobacteriumsp002213445	0.9996401345658481
19df9afa516a38444b537a622ffaa98c	ASV29d__Bacteria;p__Proteobacteria;c__Gammaproteobacteria;o__Enterobacterales;f__Enterobacteriaceae;g__Citrobacter;s__Citrobacter_braakii	0.9995357602115522
cc8815e4dbd0f0745538eddb4478732f	ASV29d__Bacteria;p__Proteobacteria;c__Gammaproteobacteria;o__Enterobacterales;f__Enterobacteriaceae;g__Citrobacter;s__Citrobacter_braakii	0.9997292123908553
247f6ed3f793a0dc8dc54f50de2dccc5	ASV14d__Bacteria;p__Proteobacteria;c__Gammaproteobacteria;o__Pseudomonadales;f__Pseudomonadaceae;g__Pseudomonas_E;s__Pseudomonas_E fluorescens_AP	0.9999999992714521
5cfe8e01d9f3cb1dc5b1442b8b26226e	ASV14d__Bacteria;p__Proteobacteria;c__Gammaproteobacteria;o__Pseudomonadales;f__Pseudomonadaceae;g__Pseudomonas_E;s__Pseudomonas_E fluorescens_AP	0.9999999994788737
201cf79339c7ec57849127e10abd1d0a	ASV14d__Bacteria;p__Proteobacteria;c__Gammaproteobacteria;o__Pseudomonadales;f__Pseudomonadaceae;g__Pseudomonas_E;s__Pseudomonas_E fluorescens_AP	0.9999999939126099
69da6a6dd491f343a419d11644057f11	ASV34d__Bacteria;p__Bacteroidota;c__Bacteroidia;o__Flavobacteriales;f__Weeksellaceae;g__Elizabethkingia;s__Elizabethkingia_miricola	0.9999999999464677
dd53316303148b662e9130d990e19e69	ASV29d__Bacteria;p__Proteobacteria;c__Gammaproteobacteria;o__Enterobacterales;f__Enterobacteriaceae;g__Citrobacter;s__Citrobacter_braakii	0.999628409924302
1785be6a4e450915b7fa0332ff6f1ae9	ASV32d__Bacteria;p__Proteobacteria;c__Gammaproteobacteria;o__Burkholderiales;f__Burkholderiaceae;g__Achromobacter;s__	0.9999993368182981
0645c68e25d0dc22904a3d82a4e45c4d	ASV14d__Bacteria;p__Proteobacteria;c__Gammaproteobacteria;o__Pseudomonadales;f__Pseudomonadaceae;g__Pseudomonas_E;s__Pseudomonas_E fluorescens_AP	0.9999999999007656
45ef83c03d72185b6a7160dc2f415a35	ASV29d__Bacteria;p__Proteobacteria;c__Gammaproteobacteria;o__Enterobacterales;f__Enterobacteriaceae;g__Citrobacter;s__Citrobacter_braakii	0.9994510216429582
6f25a0fc1809cecf5269493c764b655e	ASV10d__Bacteria;p__Proteobacteria;c__Gammaproteobacteria;o__Burkholderiales;f__Burkholderiaceae;g__Comamonas_B;s__	0.9970077295797667
a85013e53fa2f2de5e9b97502c10a6f1	ASV29d__Bacteria;p__Proteobacteria;c__Gammaproteobacteria;o__Enterobacterales;f__Enterobacteriaceae;g__Citrobacter;s__Citrobacter_braakii	0.9997493272778168
7a9d9ec663e2b95d3f84fa593024f7c8	ASV14d__Bacteria;p__Proteobacteria;c__Gammaproteobacteria;o__Pseudomonadales;f__Pseudomonadaceae;g__Pseudomonas_E;s__Pseudomonas_E fluorescens_AP	0.9999999943954805
42e54552976d1649f6bb2d0db5a841ac	ASV29d__Bacteria;p__Proteobacteria;c__Gammaproteobacteria;o__Enterobacterales;f__Enterobacteriaceae;g__Citrobacter;s__Citrobacter_braakii	0.9989290192279358
160a69323615331354b8cf831df2b7f9	ASV30d__Bacteria;p__Proteobacteria;c__Gammaproteobacteria;o__Enterobacterales;f__Enterobacteriaceae;g__Serratia_A;s__Serratia_Afonticola	0.9947849006541806
4862c1785e3377198f86b1275a9615b5	ASV14d__Bacteria;p__Proteobacteria;c__Gammaproteobacteria;o__Pseudomonadales;f__Pseudomonadaceae;g__Pseudomonas_E;s__Pseudomonas_E fluorescens_AP	0.9999999987570902
63f5eee92f44ab1261dd1bb2ecd4f79c	ASV14d__Bacteria;p__Proteobacteria;c__Gammaproteobacteria;o__Pseudomonadales;f__Pseudomonadaceae;g__Pseudomonas_E;s__Pseudomonas_E fluorescens_AP	0.9999999998600657
e50762ebfae0f355d89d130d6fb88422	ASV14d__Bacteria;p__Proteobacteria;c__Gammaproteobacteria;o__Pseudomonadales;f__Pseudomonadaceae;g__Pseudomonas_E;s__Pseudomonas_E fluorescens_AP	0.9999999997510258
fa5c7930322422db47cb62b4af9cc62e	ASV34d__Bacteria;p__Bacteroidota;c__Bacteroidia;o__Flavobacteriales;f__Weeksellaceae;g__Elizabethkingia;s__Elizabethkingia_miricola	0.9999999997344702
e3382a7b66c2edece5e2fd5ffb1e36be	ASV5d__Bacteria;p__Proteobacteria;c__Gammaproteobacteria;o__Burkholderiales;f__Chromobacteriaceae;g__Chromobacterium;s__Chromobacteriumsp002213445	0.9996415657454875
bcb9dd397e376eb385559e20f32d308b	ASV14d__Bacteria;p__Proteobacteria;c__Gammaproteobacteria;o__Pseudomonadales;f__Pseudomonadaceae;g__Pseudomonas_E;s__Pseudomonas_E fluorescens_AP	0.9999999998768487
944107ef121aef8b377c2ec6ab382b88	ASV14d__Bacteria;p__Proteobacteria;c__Gammaproteobacteria;o__Pseudomonadales;f__Pseudomonadaceae;g__Pseudomonas_E;s__Pseudomonas_E fluorescens_AP	0.9999999955115868
ab837a3551cb386270a2d8a993509716	X491_Betaproteobacteria;Burkholderiales;Burkholderiaceae;Pandoraea	0.9967165308552736
ea0ae8fe4077fde4152dc8a016959564	ASV8d__Bacteria;p__Proteobacteria;c__Alphaproteobacteria;o__Rhizobiales;f__Rhizobiaceae;g__Rhizobium;s__	0.9999999792419063
9336ed8e5396e30f02b586291904c828	Unassigned	0.6270124474126908
e1984a48de3e4b7abaaa36a9365c381d	ASV29d__Bacteria;p__Proteobacteria;c__Gammaproteobacteria;o__Enterobacterales;f__Enterobacteriaceae;g__Citrobacter;s__Citrobacter_braakii	0.9996008504313999
b538646a65fdc9b5363b4b8cb51b57b0	ASV29d__Bacteria;p__Proteobacteria;c__Gammaproteobacteria;o__Enterobacterales;f__Enterobacteriaceae;g__Citrobacter;s__Citrobacter_braakii	0.9998476400554813
2f9fed4e9b562ac7ab2fcc4a501f64d6	Unassigned	0.7894570187504952
2e059466489e85c7ce643f821a349e97	Unassigned	0.6539341064141695
920861f979873d156417aeaa039522bc	Unassigned	0.8239583312458999
0c8ee5670e8c605325037b4eecc4c96a	Unassigned	0.8294034498067511
9ad73e3a7df20898ad33a84b12d99ade	Unassigned	0.7691003545172551
01d7906d23399d61552c5d6410dbbbae	Unassigned	0.3395692979747761
3a3b915d6cf0d45b52c6d558ba95a6cb	ASV16d__Bacteria;p__Proteobacteria;c__Gammaproteobacteria;o__Burkholderiales;f__Chromobacteriaceae;g__Aquitalea;s__	0.9835114136121091
3d77d1a5c6a438f309c71da5eb3b857b	ASV30d__Bacteria;p__Proteobacteria;c__Gammaproteobacteria;o__Enterobacterales;f__Enterobacteriaceae;g__Serratia_A;s__Serratia_Afonticola	0.9984160984802048
6966f5baef88af3bc892578fd9fe0d03	Unassigned	0.8650542325656234
9b033ae8d17540d05fb0242f36da2013	Unassigned	0.7972857784784346
182148de42c01e222253d05a969d88fe	ASV34d__Bacteria;p__Bacteroidota;c__Bacteroidia;o__Flavobacteriales;f__Weeksellaceae;g__Elizabethkingia;s__Elizabethkingia_miricola	0.999999999914067
bbeba36342bb4823d6673d17a04c7f68	ASV16d__Bacteria;p__Proteobacteria;c__Gammaproteobacteria;o__Burkholderiales;f__Chromobacteriaceae;g__Aquitalea;s__	0.9914763126707089
00cf2ce4e16664a6d043ff28eb3a8ea4	ASV34d__Bacteria;p__Bacteroidota;c__Bacteroidia;o__Flavobacteriales;f__Weeksellaceae;g__Elizabethkingia;s__Elizabethkingia_miricola	0.9999999996183675
3e42a5a8f5f6f5ea7d7cf4b342e375e7	ASV17d__Bacteria;p__Bacteroidota;c__Bacteroidia;o__Sphingobacteriales;f__Sphingobacteriaceae;g__Pedobacter;s__	0.9719752509865071
c047bfe709192219c729ce9563e4c7ed	ASV34d__Bacteria;p__Bacteroidota;c__Bacteroidia;o__Flavobacteriales;f__Weeksellaceae;g__Elizabethkingia;s__Elizabethkingia_miricola	0.9999999999087237
3de12368d6df1dec6bdb448ad2db410f	ASV10d__Bacteria;p__Proteobacteria;c__Gammaproteobacteria;o__Burkholderiales;f__Burkholderiaceae;g__Comamonas_B;s__	0.9886068464499335
35a104671610e8d083ca0d2e956fcdfc	ASV34d__Bacteria;p__Bacteroidota;c__Bacteroidia;o__Flavobacteriales;f__Weeksellaceae;g__Elizabethkingia;s__Elizabethkingia_miricola	0.9999999981721999
1fc4cb9ab47516093b900ec6a2dc4d75	ASV14d__Bacteria;p__Proteobacteria;c__Gammaproteobacteria;o__Pseudomonadales;f__Pseudomonadaceae;g__Pseudomonas_E;s__Pseudomonas_E fluorescens_AP	0.9999999990639452
b5db96a4957af5195728ec2452398700	ASV34d__Bacteria;p__Bacteroidota;c__Bacteroidia;o__Flavobacteriales;f__Weeksellaceae;g__Elizabethkingia;s__Elizabethkingia_miricola	0.9999999998957634
66c26b083fb0f8b1c294956de2153277	ASV32d__Bacteria;p__Proteobacteria;c__Gammaproteobacteria;o__Burkholderiales;f__Burkholderiaceae;g__Achromobacter;s__	0.9999991682214548
e4d641ab35e97ed44c7ab970a2994ba1	ASV2d__Bacteria;p__Bacteroidota;c__Bacteroidia;o__Sphingobacteriales;f__Sphingobacteriaceae;g__Pedobacter;s__	0.9997423926805008
cc488ff5106963e6f59216e838978b97	ASV34d__Bacteria;p__Bacteroidota;c__Bacteroidia;o__Flavobacteriales;f__Weeksellaceae;g__Elizabethkingia;s__Elizabethkingia_miricola	0.9999999999485141
a0903b625cf8c29c080a52600a83fdda	ASV34d__Bacteria;p__Bacteroidota;c__Bacteroidia;o__Flavobacteriales;f__Weeksellaceae;g__Elizabethkingia;s__Elizabethkingia_miricola	0.9999999999695746
82513cf3eb807e0597c50471142a037c	ASV9d__Bacteria;p__Proteobacteria;c__Alphaproteobacteria;o__Caulobacterales;f__Caulobacteraceae;g__Brevundimonas;s__	0.9999999910854172
41ddabb4fb936cb3780d985eb985cf6d	X491_Betaproteobacteria;Burkholderiales;Burkholderiaceae;Pandoraea	0.9898110354854042
857bcdc41169355175ceec9c141dcf45	ASV32d__Bacteria;p__Proteobacteria;c__Gammaproteobacteria;o__Burkholderiales;f__Burkholderiaceae;g__Achromobacter;s__	0.9999991311467733
9bd2640bfe44fe6d47287db0b7b07077	ASV9d__Bacteria;p__Proteobacteria;c__Alphaproteobacteria;o__Caulobacterales;f__Caulobacteraceae;g__Brevundimonas;s__	0.9999999970740276
3c7541d1454139579542262e1728e2a6	ASV34d__Bacteria;p__Bacteroidota;c__Bacteroidia;o__Flavobacteriales;f__Weeksellaceae;g__Elizabethkingia;s__Elizabethkingia_miricola	0.9999999998609894
428c11f61a407f5f31cf098dd596da61	ASV28d__Bacteria;p__Bacteroidota;c__Bacteroidia;o__Sphingobacteriales;f__Sphingobacteriaceae;g__Pedobacter;s__	0.9981956408896507
1496bbb022aea7d6de65b33c4c9309cd	ASV8d__Bacteria;p__Proteobacteria;c__Alphaproteobacteria;o__Rhizobiales;f__Rhizobiaceae;g__Rhizobium;s__	0.9999999746375042
b1d1733097e1f4a2dac9d0de0515f75f	ASV30d__Bacteria;p__Proteobacteria;c__Gammaproteobacteria;o__Enterobacterales;f__Enterobacteriaceae;g__Serratia_A;s__Serratia_Afonticola	0.999747834852358
e0634e8a61e19bb3b92bf2b708da6ce7	Unassigned	0.799113886341595
07b71b6b706fb7c6c41af8e5695b8e4d	Unassigned	0.8968693591085221
5bdc8e9af9da88850936a327591c5b54	Unassigned	0.7698528064176303
e3f2fb5f9699fa93242e422e44fef359	Unassigned	0.8333411487413888
5edc9881cc194c897986a03543ddfd15	Unassigned	0.8005153142438411
ee4109c1b283b492c8da164c50a65da8	Unassigned	0.8193324975595352
d3db2bc0c0cb4e6ba549b476708ce7e9	Unassigned	0.8273376827804835
17ead73503740868d72403007fd2e208	Unassigned	0.841684071610349
5e59d9e9dc5e2b9910ca6559ef8360f8	X263_Sphingobacteriia;Sphingobacteriales;Chitinophagaceae; Chitinophaga	0.9999999999523084
a018e5d758697f973ae229f304a65235	ASV29d__Bacteria;p__Proteobacteria;c__Gammaproteobacteria;o__Enterobacterales;f__Enterobacteriaceae;g__Citrobacter;s__Citrobacter_braakii	0.9996073395856714
ea403646ed22d679fa4586263d8fc32f	Unassigned	0.42622087719095725
e0d40ea9f745e896f96a5dbfe780eb8d	ASV34d__Bacteria;p__Bacteroidota;c__Bacteroidia;o__Flavobacteriales;f__Weeksellaceae;g__Elizabethkingia;s__Elizabethkingia_miricola	0.999999999982137
85a6861d020ee18242dfd93fb3cc1ff7	ASV10d__Bacteria;p__Proteobacteria;c__Gammaproteobacteria;o__Burkholderiales;f__Burkholderiaceae;g__Comamonas_B;s__	0.9959418305123281
d6f8ad17de73780cd5b1686d3183a321	ASV31d__Bacteria;p__Proteobacteria;c__Gammaproteobacteria;o__Burkholderiales;f__Burkholderiaceae;g__Delftia;s__Delftia_acidovorans	0.9997347959466187
c1e773b4ca98a5f231343236a0f4aa49	ASV34d__Bacteria;p__Bacteroidota;c__Bacteroidia;o__Flavobacteriales;f__Weeksellaceae;g__Elizabethkingia;s__Elizabethkingia_miricola	0.99999999972529
7242a5dc50b0ef0972d7975f9fa52173	ASV14d__Bacteria;p__Proteobacteria;c__Gammaproteobacteria;o__Pseudomonadales;f__Pseudomonadaceae;g__Pseudomonas_E;s__Pseudomonas_E fluorescens_AP	0.9999999998582467
5affac0ad29b9d91a11524687b10ca6a	ASV14d__Bacteria;p__Proteobacteria;c__Gammaproteobacteria;o__Pseudomonadales;f__Pseudomonadaceae;g__Pseudomonas_E;s__Pseudomonas_E fluorescens_AP	0.9999999990357793
cfb0623879d240cc33dab7cdd7694288	ASV34d__Bacteria;p__Bacteroidota;c__Bacteroidia;o__Flavobacteriales;f__Weeksellaceae;g__Elizabethkingia;s__Elizabethkingia_miricola	0.9999999999662919
f5d94b267c900d5a6927a0aa87507099	ASV19d__Bacteria;p__Bacteroidota;c__Bacteroidia;o__Sphingobacteriales;f__Sphingobacteriaceae;g__Pedobacter;s__	0.9996296582200889
e7f2e506f092cf7a7387dfd79c891c85	ASV31d__Bacteria;p__Proteobacteria;c__Gammaproteobacteria;o__Burkholderiales;f__Burkholderiaceae;g__Delftia;s__Delftia_acidovorans	0.9980224638196497
fb22cba034dc09b3d3c7ee67dd3dd700	ASV14d__Bacteria;p__Proteobacteria;c__Gammaproteobacteria;o__Pseudomonadales;f__Pseudomonadaceae;g__Pseudomonas_E;s__Pseudomonas_E fluorescens_AP	0.9999999996446576
1cbd18ee95091f8d52ed89f996d8aa04	ASV29d__Bacteria;p__Proteobacteria;c__Gammaproteobacteria;o__Enterobacterales;f__Enterobacteriaceae;g__Citrobacter;s__Citrobacter_braakii	0.9998332211882852
d7b57e4f02b7454bb2de5b7eacaabe63	ASV14d__Bacteria;p__Proteobacteria;c__Gammaproteobacteria;o__Pseudomonadales;f__Pseudomonadaceae;g__Pseudomonas_E;s__Pseudomonas_E fluorescens_AP	0.9999999998083382
d1581dd945ecb6f2eb2b710daeee0ef7	ASV17d__Bacteria;p__Bacteroidota;c__Bacteroidia;o__Sphingobacteriales;f__Sphingobacteriaceae;g__Pedobacter;s__	0.9526535955405535
f3fad08ff8960d60510b5b46fb7f387a	Unassigned	0.8646033886089559
1081b43e921defb24142140472e961e7	Unassigned	0.8179815471893198
20e380f778b57cd73ce1d45afcc6cc38	ASV29d__Bacteria;p__Proteobacteria;c__Gammaproteobacteria;o__Enterobacterales;f__Enterobacteriaceae;g__Citrobacter;s__Citrobacter_braakii	0.9990303419904784
426b85a264a37f22eaeabfaaff27478a	Unassigned	0.880254339056675
04f6ef9c24055cdc06f75bf411935162	ASV16d__Bacteria;p__Proteobacteria;c__Gammaproteobacteria;o__Burkholderiales;f__Chromobacteriaceae;g__Aquitalea;s__	0.995547741724478
8c0bf85e2173effc18d326d3ad6fdb50	ASV29d__Bacteria;p__Proteobacteria;c__Gammaproteobacteria;o__Enterobacterales;f__Enterobacteriaceae;g__Citrobacter;s__Citrobacter_braakii	0.9997378464411589
d86988ffcf4dfeeb731401b61539c520	ASV5d__Bacteria;p__Proteobacteria;c__Gammaproteobacteria;o__Burkholderiales;f__Chromobacteriaceae;g__Chromobacterium;s__Chromobacteriumsp002213445	0.9994778759448603
dd4f72c6405810381b3912e24c9c139f	ASV29d__Bacteria;p__Proteobacteria;c__Gammaproteobacteria;o__Enterobacterales;f__Enterobacteriaceae;g__Citrobacter;s__Citrobacter_braakii	0.9997829283210902
65be9c1eee035dd146967aaafaf569fd	X263_Sphingobacteriia;Sphingobacteriales;Chitinophagaceae; Chitinophaga	0.9999999999698588
46af84b0c7a462112e36d7f82d7041b2	ASV14d__Bacteria;p__Proteobacteria;c__Gammaproteobacteria;o__Pseudomonadales;f__Pseudomonadaceae;g__Pseudomonas_E;s__Pseudomonas_E fluorescens_AP	0.9999999993090825
cf311809b608e98667a56e33e8bb1f92	ASV10d__Bacteria;p__Proteobacteria;c__Gammaproteobacteria;o__Burkholderiales;f__Burkholderiaceae;g__Comamonas_B;s__	0.9944346249123195
8506476ca6fa7eee5a37300bb31091f0	ASV34d__Bacteria;p__Bacteroidota;c__Bacteroidia;o__Flavobacteriales;f__Weeksellaceae;g__Elizabethkingia;s__Elizabethkingia_miricola	0.9999999999355964
dfd179190c0bb05c1082b811c3adb5d2	ASV34d__Bacteria;p__Bacteroidota;c__Bacteroidia;o__Flavobacteriales;f__Weeksellaceae;g__Elizabethkingia;s__Elizabethkingia_miricola	0.9999999992350013
b769a471248c9017f7bd5ad53182fd8f	ASV30d__Bacteria;p__Proteobacteria;c__Gammaproteobacteria;o__Enterobacterales;f__Enterobacteriaceae;g__Serratia_A;s__Serratia_Afonticola	0.9972482272382508
c3570427e2ee833a1038cc040d2cdccd	ASV34d__Bacteria;p__Bacteroidota;c__Bacteroidia;o__Flavobacteriales;f__Weeksellaceae;g__Elizabethkingia;s__Elizabethkingia_miricola	0.9999999999837001
facd8ac49cc8813a0f98826faf0537f4	ASV14d__Bacteria;p__Proteobacteria;c__Gammaproteobacteria;o__Pseudomonadales;f__Pseudomonadaceae;g__Pseudomonas_E;s__Pseudomonas_E fluorescens_AP	0.9999999992109849
2a5320155fe2b81db9bff6c6ccdef26b	ASV14d__Bacteria;p__Proteobacteria;c__Gammaproteobacteria;o__Pseudomonadales;f__Pseudomonadaceae;g__Pseudomonas_E;s__Pseudomonas_E fluorescens_AP	0.9999999998867821
c158f249bcf87cd0da5abda1e05a7b24	ASV29d__Bacteria;p__Proteobacteria;c__Gammaproteobacteria;o__Enterobacterales;f__Enterobacteriaceae;g__Citrobacter;s__Citrobacter_braakii	0.9979608136000203
2da78615cbff13e08f66a2fdcbb31526	ASV34d__Bacteria;p__Bacteroidota;c__Bacteroidia;o__Flavobacteriales;f__Weeksellaceae;g__Elizabethkingia;s__Elizabethkingia_miricola	0.9999999999294715
ecc5985a9cf3c9a2dd31c19e56c4e43b	ASV34d__Bacteria;p__Bacteroidota;c__Bacteroidia;o__Flavobacteriales;f__Weeksellaceae;g__Elizabethkingia;s__Elizabethkingia_miricola	0.9999999999406981
5c4a7545c1a7ac1eea98307f66c0ba6d	ASV29d__Bacteria;p__Proteobacteria;c__Gammaproteobacteria;o__Enterobacterales;f__Enterobacteriaceae;g__Citrobacter;s__Citrobacter_braakii	0.9967982994714449
742716074995e8c895bc1672bb0cfdde	ASV29d__Bacteria;p__Proteobacteria;c__Gammaproteobacteria;o__Enterobacterales;f__Enterobacteriaceae;g__Citrobacter;s__Citrobacter_braakii	0.9997847687732911
1cc98870cfa935dcbba51d3a147f840a	ASV14d__Bacteria;p__Proteobacteria;c__Gammaproteobacteria;o__Pseudomonadales;f__Pseudomonadaceae;g__Pseudomonas_E;s__Pseudomonas_E fluorescens_AP	0.9999999996716866
0a77585375df79e0d28f08db056b2550	ASV14d__Bacteria;p__Proteobacteria;c__Gammaproteobacteria;o__Pseudomonadales;f__Pseudomonadaceae;g__Pseudomonas_E;s__Pseudomonas_E fluorescens_AP	0.9999999977209768
90f58f53b89081bf16481a055bcb73c6	ASV8d__Bacteria;p__Proteobacteria;c__Alphaproteobacteria;o__Rhizobiales;f__Rhizobiaceae;g__Rhizobium;s__	0.9999999861712042
80db7d1627b0204e54ca1e12f978ab09	ASV29d__Bacteria;p__Proteobacteria;c__Gammaproteobacteria;o__Enterobacterales;f__Enterobacteriaceae;g__Citrobacter;s__Citrobacter_braakii	0.9995124526256737
fcf3e4d3f44d968ee1e5b29d40a655bb	ASV29d__Bacteria;p__Proteobacteria;c__Gammaproteobacteria;o__Enterobacterales;f__Enterobacteriaceae;g__Citrobacter;s__Citrobacter_braakii	0.9984255164136783
169cbe10ddaecc305ba51d440c912ed7	ASV14d__Bacteria;p__Proteobacteria;c__Gammaproteobacteria;o__Pseudomonadales;f__Pseudomonadaceae;g__Pseudomonas_E;s__Pseudomonas_E fluorescens_AP	0.9999999998824336
48108c291064f155ec97511490521894	Unassigned	0.8655484555381678
0ebb830ca75e36c3a1aaca296fa3e260	Unassigned	0.780157163203468
c67fd08a095d6d113aaa56b3a6706a05	Unassigned	0.5620293578032103
6cae82acda8832cb8750601e9e8a91dc	Unassigned	0.764281251463228
0a9b0d8b5a65b5d8017d13580971e529	Unassigned	0.7040905023719928
a440a02afd88aec84c111315c4760829	Unassigned	0.7721007560055286
d690f5e97d6c1714a4f6ccb0c99f107f	ASV29d__Bacteria;p__Proteobacteria;c__Gammaproteobacteria;o__Enterobacterales;f__Enterobacteriaceae;g__Citrobacter;s__Citrobacter_braakii	0.9983176014788202
4cc23c5deeb0915236c171febe938310	Unassigned	0.7673484808734994
5195521ea968edd3a06e83a19b90e981	Unassigned	0.7931191884565723
203f1fb8c659ac3e49b7788ffafcd758	Unassigned	0.8134797118461464
f3ac23bd869b199bcaef2b721df404af	Unassigned	0.6706444372620114
b6c331fe1a74f077a06f4a3c61ea69b5	X391_Actinobacteria;Actinomycetales;Microbacteriaceae;Leifsonia	0.9999999999995737
6e3e1b680e6fc56879983e51ca03ca89	ASV34d__Bacteria;p__Bacteroidota;c__Bacteroidia;o__Flavobacteriales;f__Weeksellaceae;g__Elizabethkingia;s__Elizabethkingia_miricola	0.9999999998778009
d3b50f7dc77347025c30d39406cc7b47	X263_Sphingobacteriia;Sphingobacteriales;Chitinophagaceae; Chitinophaga	0.9999999986334274
b626c6c8aa137e7aa1b7b0c7b0845686	ASV34d__Bacteria;p__Bacteroidota;c__Bacteroidia;o__Flavobacteriales;f__Weeksellaceae;g__Elizabethkingia;s__Elizabethkingia_miricola	0.9999999987463184
d217ced62f4a910b742c52b94764ebac	ASV19d__Bacteria;p__Bacteroidota;c__Bacteroidia;o__Sphingobacteriales;f__Sphingobacteriaceae;g__Pedobacter;s__	0.998808806334489
c0e55f4be099f722297bc7d3e61f7d95	ASV5d__Bacteria;p__Proteobacteria;c__Gammaproteobacteria;o__Burkholderiales;f__Chromobacteriaceae;g__Chromobacterium;s__Chromobacteriumsp002213445	0.9997820749473103
899fae8a69fd6e021140562af7969aaf	ASV34d__Bacteria;p__Bacteroidota;c__Bacteroidia;o__Flavobacteriales;f__Weeksellaceae;g__Elizabethkingia;s__Elizabethkingia_miricola	0.9999999999601812
6f5689cbdcd5356c739aee16f4aca891	ASV34d__Bacteria;p__Bacteroidota;c__Bacteroidia;o__Flavobacteriales;f__Weeksellaceae;g__Elizabethkingia;s__Elizabethkingia_miricola	0.9999999992113544
24f23cdabca057447a1b13fd284cde48	ASV16d__Bacteria;p__Proteobacteria;c__Gammaproteobacteria;o__Burkholderiales;f__Chromobacteriaceae;g__Aquitalea;s__	0.9850777627198984
70e5b46e9ceba3fb12a74b53dc9af8f8	ASV32d__Bacteria;p__Proteobacteria;c__Gammaproteobacteria;o__Burkholderiales;f__Burkholderiaceae;g__Achromobacter;s__	0.9999987042655231
a3556f3e928efca04760abf78b7a3b29	ASV8d__Bacteria;p__Proteobacteria;c__Alphaproteobacteria;o__Rhizobiales;f__Rhizobiaceae;g__Rhizobium;s__	0.9999999501392848
19ca56e22340d1e64de23d06060ef184	ASV31d__Bacteria;p__Proteobacteria;c__Gammaproteobacteria;o__Burkholderiales;f__Burkholderiaceae;g__Delftia;s__Delftia_acidovorans	0.9996660989713949
ee5703c33295f474732b00bedfc420f7	ASV17d__Bacteria;p__Bacteroidota;c__Bacteroidia;o__Sphingobacteriales;f__Sphingobacteriaceae;g__Pedobacter;s__	0.9738171433115882
05077e21be64d8601d5e72e895ce4760	X120_Alphaproteobacteria;Sphingomonadales;Sphingomonadaceae;Sphingomonas	0.9999999677583707
6b3451df6bf3bdda811104f6e413b595	ASV14d__Bacteria;p__Proteobacteria;c__Gammaproteobacteria;o__Pseudomonadales;f__Pseudomonadaceae;g__Pseudomonas_E;s__Pseudomonas_E fluorescens_AP	0.9999999993278408
a64d69e4fbaf3f210b0e14ffe57573b3	ASV34d__Bacteria;p__Bacteroidota;c__Bacteroidia;o__Flavobacteriales;f__Weeksellaceae;g__Elizabethkingia;s__Elizabethkingia_miricola	0.9999999999862581
79e64519178770dfba11a79e88280635	ASV17d__Bacteria;p__Bacteroidota;c__Bacteroidia;o__Sphingobacteriales;f__Sphingobacteriaceae;g__Pedobacter;s__	0.9200522869096631
3a928fdc1820872d66e3d48bc7302148	ASV17d__Bacteria;p__Bacteroidota;c__Bacteroidia;o__Sphingobacteriales;f__Sphingobacteriaceae;g__Pedobacter;s__	0.9740574797621903
0f329977cc5a223ce713e346fd56de1b	ASV28d__Bacteria;p__Bacteroidota;c__Bacteroidia;o__Sphingobacteriales;f__Sphingobacteriaceae;g__Pedobacter;s__	0.9957308138179797
46afd4253bf909d89f1eb4bbcfd2b723	Unassigned	0.7819350773632507
90b195473ebd8d832f18104f1f6f3a6c	Unassigned	0.6568455914685043
f42c123477b2249ec08ea840066ebbdb	Unassigned	0.6502956764545644
75a536fbc76295e92cd339728ce64d7c	Unassigned	0.8484686829767643
27f7ed9d9bca79be9739cf1bfa4b683e	Unassigned	0.6403667785680358
d1e8336267fcd32e82159c7010f40c02	Unassigned	0.7045656981674958
154ce28ba533650ca10359856ec810ff	Unassigned	0.7625766923240199
027a63b50842fea68f5332b48bc5edcd	ASV2d__Bacteria;p__Bacteroidota;c__Bacteroidia;o__Sphingobacteriales;f__Sphingobacteriaceae;g__Pedobacter;s__	0.9994261468409223
f49ecdb3e983630762f1aff93d9c7d2c	Unassigned	0.8274765938186944
3e64178b802b5ee0918f24c9224e8389	ASV9d__Bacteria;p__Proteobacteria;c__Alphaproteobacteria;o__Caulobacterales;f__Caulobacteraceae;g__Brevundimonas;s__	0.718004946102731
b3f242bcaeefec9e5218365d70ced98a	ASV17d__Bacteria;p__Bacteroidota;c__Bacteroidia;o__Sphingobacteriales;f__Sphingobacteriaceae;g__Pedobacter;s__	0.9563094963305929
9be0eb9cc636abbe10dee7f830d8ea8e	ASV17d__Bacteria;p__Bacteroidota;c__Bacteroidia;o__Sphingobacteriales;f__Sphingobacteriaceae;g__Pedobacter;s__	0.9571945627439327
827663d966f6dc032b7e1bbc6bca54b0	ASV32d__Bacteria;p__Proteobacteria;c__Gammaproteobacteria;o__Burkholderiales;f__Burkholderiaceae;g__Achromobacter;s__	0.9999994549099605
4e79e15f1a697a76281e3f33db3142ab	ASV32d__Bacteria;p__Proteobacteria;c__Gammaproteobacteria;o__Burkholderiales;f__Burkholderiaceae;g__Achromobacter;s__	0.9999994138406135
c6a8812cb0318dbbb4ec0fd8adbbffc3	ASV34d__Bacteria;p__Bacteroidota;c__Bacteroidia;o__Flavobacteriales;f__Weeksellaceae;g__Elizabethkingia;s__Elizabethkingia_miricola	0.9999999999720472
c350720c7aea059e43134519f263e1d8	ASV14d__Bacteria;p__Proteobacteria;c__Gammaproteobacteria;o__Pseudomonadales;f__Pseudomonadaceae;g__Pseudomonas_E;s__Pseudomonas_E fluorescens_AP	0.9999999994595896
4deb73cfffc052ae6e2b3dd52b5e8b94	ASV30d__Bacteria;p__Proteobacteria;c__Gammaproteobacteria;o__Enterobacterales;f__Enterobacteriaceae;g__Serratia_A;s__Serratia_Afonticola	0.9947566932725981
d219700ce8415850f973072264fd9c14	ASV34d__Bacteria;p__Bacteroidota;c__Bacteroidia;o__Flavobacteriales;f__Weeksellaceae;g__Elizabethkingia;s__Elizabethkingia_miricola	0.9999999988308161
f4922128dbeb30d99c23e71efa42c8c6	ASV14d__Bacteria;p__Proteobacteria;c__Gammaproteobacteria;o__Pseudomonadales;f__Pseudomonadaceae;g__Pseudomonas_E;s__Pseudomonas_E fluorescens_AP	0.9999999999191971
1ddc97d465a2e3f5bafbf148cd501d86	ASV14d__Bacteria;p__Proteobacteria;c__Gammaproteobacteria;o__Pseudomonadales;f__Pseudomonadaceae;g__Pseudomonas_E;s__Pseudomonas_E fluorescens_AP	0.9999999852644522
56d7d3876e890129d8e3a3c683ec555b	ASV32d__Bacteria;p__Proteobacteria;c__Gammaproteobacteria;o__Burkholderiales;f__Burkholderiaceae;g__Achromobacter;s__	0.9999992263652054
fff425972b7acc475949c933110111d1	ASV14d__Bacteria;p__Proteobacteria;c__Gammaproteobacteria;o__Pseudomonadales;f__Pseudomonadaceae;g__Pseudomonas_E;s__Pseudomonas_E fluorescens_AP	0.9999999964686879
db09797530216e64296bec07f7abe0cf	ASV34d__Bacteria;p__Bacteroidota;c__Bacteroidia;o__Flavobacteriales;f__Weeksellaceae;g__Elizabethkingia;s__Elizabethkingia_miricola	0.9999999999842686
5f92e7d3355128147c0840d8e4035636	Unassigned	0.8794407721239418
e45e249daae5dee5f5898c95de358fae	Unassigned	0.713890080924924
b70e8d907778952d23bd4876542a2140	Unassigned	0.608244402263275
1f7e61e3085e5a92d9a132d14e7d55ca	Unassigned	0.47491128337174027
8d9a7863a298e9c7f9d31bbf62b1082b	Unassigned	0.7596758233174722
a1af016fbc8e330ba1f461389aef4f2c	Unassigned	0.7877999746419997
d8da371683232fd99762eb124e0afc73	Unassigned	0.7119795087453815
81c9663921e68400c494f0926db04194	X263_Sphingobacteriia;Sphingobacteriales;Chitinophagaceae; Chitinophaga	0.9999999999568701
ff54a71d2dfbe4bc20d3c76b273cab99	ASV5d__Bacteria;p__Proteobacteria;c__Gammaproteobacteria;o__Burkholderiales;f__Chromobacteriaceae;g__Chromobacterium;s__Chromobacteriumsp002213445	0.999708441808501
970f45a81e5a3cb47db9dea1e44b04d9	ASV17d__Bacteria;p__Bacteroidota;c__Bacteroidia;o__Sphingobacteriales;f__Sphingobacteriaceae;g__Pedobacter;s__	0.9610102527348992
6cc4706e159596a26524c2645de1f94c	ASV17d__Bacteria;p__Bacteroidota;c__Bacteroidia;o__Sphingobacteriales;f__Sphingobacteriaceae;g__Pedobacter;s__	0.9642771329675673
9ee774e0beb4f0f0f3fcd08e014683e1	ASV28d__Bacteria;p__Bacteroidota;c__Bacteroidia;o__Sphingobacteriales;f__Sphingobacteriaceae;g__Pedobacter;s__	0.9985141409874733
560b693d089d34eddaaf21e7795c5959	ASV2d__Bacteria;p__Bacteroidota;c__Bacteroidia;o__Sphingobacteriales;f__Sphingobacteriaceae;g__Pedobacter;s__	0.9998263175239641
28367746ffe110549f565102d82b91fc	ASV28d__Bacteria;p__Bacteroidota;c__Bacteroidia;o__Sphingobacteriales;f__Sphingobacteriaceae;g__Pedobacter;s__	0.9991624283954316
32ea30f3ed2c254a3d23233bbf38b060	ASV30d__Bacteria;p__Proteobacteria;c__Gammaproteobacteria;o__Enterobacterales;f__Enterobacteriaceae;g__Serratia_A;s__Serratia_Afonticola	0.9960719512705085
ac60404d17f71ab68628be8198dcc148	ASV14d__Bacteria;p__Proteobacteria;c__Gammaproteobacteria;o__Pseudomonadales;f__Pseudomonadaceae;g__Pseudomonas_E;s__Pseudomonas_E fluorescens_AP	0.9999999991949267
338f20c22bed94ecae2bd7d840b023c1	ASV14d__Bacteria;p__Proteobacteria;c__Gammaproteobacteria;o__Pseudomonadales;f__Pseudomonadaceae;g__Pseudomonas_E;s__Pseudomonas_E fluorescens_AP	0.9999999983482866
7547582daa1656e2409206d0c664a94a	ASV29d__Bacteria;p__Proteobacteria;c__Gammaproteobacteria;o__Enterobacterales;f__Enterobacteriaceae;g__Citrobacter;s__Citrobacter_braakii	0.9990931268765951
55a15ccdb6f4c5fc6874f25fdd807eda	ASV31d__Bacteria;p__Proteobacteria;c__Gammaproteobacteria;o__Burkholderiales;f__Burkholderiaceae;g__Delftia;s__Delftia_acidovorans	0.9984717673143807
9970a3242fcd952b6833e46393d190f4	X263_Sphingobacteriia;Sphingobacteriales;Chitinophagaceae; Chitinophaga	0.9999999999915445
67c273beb0932fad2c10bbff945c356b	ASV32d__Bacteria;p__Proteobacteria;c__Gammaproteobacteria;o__Burkholderiales;f__Burkholderiaceae;g__Achromobacter;s__	0.999998914748395
dddfd31103aad8b652a252d47539bbbe	ASV29d__Bacteria;p__Proteobacteria;c__Gammaproteobacteria;o__Enterobacterales;f__Enterobacteriaceae;g__Citrobacter;s__Citrobacter_braakii	0.9998604926079215
de6c495efd3f6def7aca3e7c3c45d75d	ASV34d__Bacteria;p__Bacteroidota;c__Bacteroidia;o__Flavobacteriales;f__Weeksellaceae;g__Elizabethkingia;s__Elizabethkingia_miricola	0.9999999998713349
29507aad7aa6d3f27dca4c8b3b980d08	ASV32d__Bacteria;p__Proteobacteria;c__Gammaproteobacteria;o__Burkholderiales;f__Burkholderiaceae;g__Achromobacter;s__	0.9999994238845556
4157769209114a1b704f94722d6df55a	ASV34d__Bacteria;p__Bacteroidota;c__Bacteroidia;o__Flavobacteriales;f__Weeksellaceae;g__Elizabethkingia;s__Elizabethkingia_miricola	0.9999999998870521
9c4556174e536f7f0d8153703054f601	ASV29d__Bacteria;p__Proteobacteria;c__Gammaproteobacteria;o__Enterobacterales;f__Enterobacteriaceae;g__Citrobacter;s__Citrobacter_braakii	0.9995148428922144
46c07d9fdb282c5383ddeefc0e1c7291	ASV29d__Bacteria;p__Proteobacteria;c__Gammaproteobacteria;o__Enterobacterales;f__Enterobacteriaceae;g__Citrobacter;s__Citrobacter_braakii	0.9924868620738463
f32fe0a4544865281e5d4c2d35d165c4	ASV5d__Bacteria;p__Proteobacteria;c__Gammaproteobacteria;o__Burkholderiales;f__Chromobacteriaceae;g__Chromobacterium;s__Chromobacteriumsp002213445	0.9992577181187137
3d14a18a1b8636063115d0562b4200ce	ASV14d__Bacteria;p__Proteobacteria;c__Gammaproteobacteria;o__Pseudomonadales;f__Pseudomonadaceae;g__Pseudomonas_E;s__Pseudomonas_E fluorescens_AP	0.9999999986168575
4454472d8a3e95b1fdb923c19ea9c856	ASV14d__Bacteria;p__Proteobacteria;c__Gammaproteobacteria;o__Pseudomonadales;f__Pseudomonadaceae;g__Pseudomonas_E;s__Pseudomonas_E fluorescens_AP	0.9999999992926831
c09866c9ecc49722da0da53ac27e2b15	ASV14d__Bacteria;p__Proteobacteria;c__Gammaproteobacteria;o__Pseudomonadales;f__Pseudomonadaceae;g__Pseudomonas_E;s__Pseudomonas_E fluorescens_AP	0.9999999985386552
f85de13e98cafd433716216805ddfec6	ASV14d__Bacteria;p__Proteobacteria;c__Gammaproteobacteria;o__Pseudomonadales;f__Pseudomonadaceae;g__Pseudomonas_E;s__Pseudomonas_E fluorescens_AP	0.9999999993031281
072ceab66155819a3e9f289b666e0fa9	ASV34d__Bacteria;p__Bacteroidota;c__Bacteroidia;o__Flavobacteriales;f__Weeksellaceae;g__Elizabethkingia;s__Elizabethkingia_miricola	0.999999999873296
a6d37b05dfcdcdd2e86c45b24b88f9ef	ASV34d__Bacteria;p__Bacteroidota;c__Bacteroidia;o__Flavobacteriales;f__Weeksellaceae;g__Elizabethkingia;s__Elizabethkingia_miricola	0.9999999964234121
414de61c0da52ba3f7560acd2aed3568	ASV34d__Bacteria;p__Bacteroidota;c__Bacteroidia;o__Flavobacteriales;f__Weeksellaceae;g__Elizabethkingia;s__Elizabethkingia_miricola	0.9999999999289884
dc1b1e3cc32d0f5db99b093488d4673c	ASV14d__Bacteria;p__Proteobacteria;c__Gammaproteobacteria;o__Pseudomonadales;f__Pseudomonadaceae;g__Pseudomonas_E;s__Pseudomonas_E fluorescens_AP	0.9999999993116404
b2aff73a272a0a64cb3065c7e02f878a	ASV34d__Bacteria;p__Bacteroidota;c__Bacteroidia;o__Flavobacteriales;f__Weeksellaceae;g__Elizabethkingia;s__Elizabethkingia_miricola	0.9999999995500559
74d287a2af55599ecb74e11fbec31aa2	Unassigned	0.6505819738645746
4a4f6b856eb2c09c9a45b6e7bd015e30	ASV29d__Bacteria;p__Proteobacteria;c__Gammaproteobacteria;o__Enterobacterales;f__Enterobacteriaceae;g__Citrobacter;s__Citrobacter_braakii	0.9996134281737847
16456549c55afcdaa9f8eb5997f84b69	Unassigned	0.735815070135472
59270c7512ba3fc20c262e68d220d6d0	Unassigned	0.8030898475076432
6937e611be473beee0e4abc5d150e25e	Unassigned	0.8542090885935048
96141016798f087c88c4cb912ff6de7e	ASV28d__Bacteria;p__Bacteroidota;c__Bacteroidia;o__Sphingobacteriales;f__Sphingobacteriaceae;g__Pedobacter;s__	0.9995369694440597
79b3b6c751c001ddeb49b14eb3cba615	Unassigned	0.5162582767988801
910cc8cd23d51ef1c548271abc3d9745	Unassigned	0.769693602455939
dc5b03c1589258b65e7498e0a17a5329	ASV7d__Bacteria;p__Proteobacteria;c__Gammaproteobacteria;o__Burkholderiales;f__Burkholderiaceae;g__Herbaspirillum;s__	0.9995327677705796
c5c7741512bc9565547ff1a83026c5ba	ASV29d__Bacteria;p__Proteobacteria;c__Gammaproteobacteria;o__Enterobacterales;f__Enterobacteriaceae;g__Citrobacter;s__Citrobacter_braakii	0.9988473443878823
1b3da0875aae1702c78e08a0729d489c	Unassigned	0.8016192799214624
df1be5f7a81c2630ebdee6b78e85491e	Unassigned	0.7364867826793873
2fdb725c06df72db7d07ea663620a219	Unassigned	0.7944928542189431
ee41c14114e62f9d84cad10670b8294a	Unassigned	0.72583310830831
3f74498754eb13414f6b92d637ea0000	Unassigned	0.8221232749628848
b11e4b59aa1604c47c2bfbe03ff47c22	Unassigned	0.6564704427472866
5629e63ea111506efb9087a84a1981f4	Unassigned	0.905916211971198
ccafb9e18c77f3485dcfade5ec975c91	ASV14d__Bacteria;p__Proteobacteria;c__Gammaproteobacteria;o__Pseudomonadales;f__Pseudomonadaceae;g__Pseudomonas_E;s__Pseudomonas_E fluorescens_AP	0.999999998572136
6a59b82438be4e285d5118e21db4dfbe	ASV14d__Bacteria;p__Proteobacteria;c__Gammaproteobacteria;o__Pseudomonadales;f__Pseudomonadaceae;g__Pseudomonas_E;s__Pseudomonas_E fluorescens_AP	0.9999999996750404
471dbb63a19b6d47acc8a17d9126f84e	Unassigned	0.8017000444084792
58aca0bbeecd167d5212d257462686e3	ASV32d__Bacteria;p__Proteobacteria;c__Gammaproteobacteria;o__Burkholderiales;f__Burkholderiaceae;g__Achromobacter;s__	0.9999996753029977
f51f9f42f905d26a2d4d63e18ef0fd80	ASV29d__Bacteria;p__Proteobacteria;c__Gammaproteobacteria;o__Enterobacterales;f__Enterobacteriaceae;g__Citrobacter;s__Citrobacter_braakii	0.9996419830154427
99094a77a544b185f459f5fdef86b088	ASV10d__Bacteria;p__Proteobacteria;c__Gammaproteobacteria;o__Burkholderiales;f__Burkholderiaceae;g__Comamonas_B;s__	0.9934863543307529
c5e71e4a8c433b4de801ef4808f214ef	ASV11d__Bacteria;p__Proteobacteria;c__Gammaproteobacteria;o__Burkholderiales;f__Chromobacteriaceae;g__Aquitalea;s__Aquitaleapelogenes	0.9931429093177914
49c31724fd07a96c5dc781514099c425	ASV34d__Bacteria;p__Bacteroidota;c__Bacteroidia;o__Flavobacteriales;f__Weeksellaceae;g__Elizabethkingia;s__Elizabethkingia_miricola	0.9999999988478407
137d29e1b7546309878878225719581c	ASV14d__Bacteria;p__Proteobacteria;c__Gammaproteobacteria;o__Pseudomonadales;f__Pseudomonadaceae;g__Pseudomonas_E;s__Pseudomonas_E fluorescens_AP	0.9999999998674411
3cc861a2db042099b62b5c983a357b58	ASV14d__Bacteria;p__Proteobacteria;c__Gammaproteobacteria;o__Pseudomonadales;f__Pseudomonadaceae;g__Pseudomonas_E;s__Pseudomonas_E fluorescens_AP	0.9999999952862595
e1536c0505fbf71405b8432563b06361	ASV32d__Bacteria;p__Proteobacteria;c__Gammaproteobacteria;o__Burkholderiales;f__Burkholderiaceae;g__Achromobacter;s__	0.9999975082943201
1d01d4e759f805b5d4a9958c556cb3e2	ASV34d__Bacteria;p__Bacteroidota;c__Bacteroidia;o__Flavobacteriales;f__Weeksellaceae;g__Elizabethkingia;s__Elizabethkingia_miricola	0.9999999999488409
a2c469ff79283afd5ef9bd0593092e86	ASV32d__Bacteria;p__Proteobacteria;c__Gammaproteobacteria;o__Burkholderiales;f__Burkholderiaceae;g__Achromobacter;s__	0.9999968995271363
1cc47a9dce506154f9a114346968710b	ASV16d__Bacteria;p__Proteobacteria;c__Gammaproteobacteria;o__Burkholderiales;f__Chromobacteriaceae;g__Aquitalea;s__	0.99782624347669
e07e41b2bcc1dc7d4fa3e3f5b6e7029a	ASV32d__Bacteria;p__Proteobacteria;c__Gammaproteobacteria;o__Burkholderiales;f__Burkholderiaceae;g__Achromobacter;s__	0.9999991670713002
a51413bcafd9f1a8a94dd6a63814e055	ASV34d__Bacteria;p__Bacteroidota;c__Bacteroidia;o__Flavobacteriales;f__Weeksellaceae;g__Elizabethkingia;s__Elizabethkingia_miricola	0.9999999995519033
f225489544d966cbaebf3c341f76b2c9	ASV32d__Bacteria;p__Proteobacteria;c__Gammaproteobacteria;o__Burkholderiales;f__Burkholderiaceae;g__Achromobacter;s__	0.9999963521511886
a8f11eb819087d71f2aa0daa23b47138	ASV28d__Bacteria;p__Bacteroidota;c__Bacteroidia;o__Sphingobacteriales;f__Sphingobacteriaceae;g__Pedobacter;s__	0.9929897235685431
1d0050268f4ac444cdfe7d6ba17e205a	ASV5d__Bacteria;p__Proteobacteria;c__Gammaproteobacteria;o__Burkholderiales;f__Chromobacteriaceae;g__Chromobacterium;s__Chromobacteriumsp002213445	0.9886117563183072
26ed0b8292db752eea53f6994ca6fe04	ASV5d__Bacteria;p__Proteobacteria;c__Gammaproteobacteria;o__Burkholderiales;f__Chromobacteriaceae;g__Chromobacterium;s__Chromobacteriumsp002213445	0.9997835978122341
568672c3441c6b6ec48669e206e17172	ASV11d__Bacteria;p__Proteobacteria;c__Gammaproteobacteria;o__Burkholderiales;f__Chromobacteriaceae;g__Aquitalea;s__Aquitaleapelogenes	0.9941354626582534
77fc69a3ae0a6bb77686d8df393b4d07	ASV14d__Bacteria;p__Proteobacteria;c__Gammaproteobacteria;o__Pseudomonadales;f__Pseudomonadaceae;g__Pseudomonas_E;s__Pseudomonas_E fluorescens_AP	0.9999999992075885
fad2fc0182ef00b3dfc00b55cc224121	ASV32d__Bacteria;p__Proteobacteria;c__Gammaproteobacteria;o__Burkholderiales;f__Burkholderiaceae;g__Achromobacter;s__	0.9999997690503459
446928cd7eaf2153f0d345fe694fe1c8	ASV14d__Bacteria;p__Proteobacteria;c__Gammaproteobacteria;o__Pseudomonadales;f__Pseudomonadaceae;g__Pseudomonas_E;s__Pseudomonas_E fluorescens_AP	0.9999999997911857
8d96ef95642f88760e9c3bc5dc33e19c	Unassigned	0.7959645789086979
f405ef3c1030ee9442babe4c9867568d	ASV32d__Bacteria;p__Proteobacteria;c__Gammaproteobacteria;o__Burkholderiales;f__Burkholderiaceae;g__Achromobacter;s__	0.9999974395560068
22b2e5a658effd4fa56bf429bc5cef86	ASV32d__Bacteria;p__Proteobacteria;c__Gammaproteobacteria;o__Burkholderiales;f__Burkholderiaceae;g__Achromobacter;s__	0.9999986974706402
548c43b513eab0c07f8257f3a15a6827	ASV14d__Bacteria;p__Proteobacteria;c__Gammaproteobacteria;o__Pseudomonadales;f__Pseudomonadaceae;g__Pseudomonas_E;s__Pseudomonas_E fluorescens_AP	0.9999999996325641
a229fd1b185d030ada0ce75b8b121081	ASV32d__Bacteria;p__Proteobacteria;c__Gammaproteobacteria;o__Burkholderiales;f__Burkholderiaceae;g__Achromobacter;s__	0.9999996724656025
ff6e36932bfdfe25ef3a490192af2485	ASV17d__Bacteria;p__Bacteroidota;c__Bacteroidia;o__Sphingobacteriales;f__Sphingobacteriaceae;g__Pedobacter;s__	0.9748072332569572
9313a09975f4fbab91f5fa10525c64c0	ASV11d__Bacteria;p__Proteobacteria;c__Gammaproteobacteria;o__Burkholderiales;f__Chromobacteriaceae;g__Aquitalea;s__Aquitaleapelogenes	0.9912408451861228
d75292aef9cb35e3d04815f541009caf	ASV17d__Bacteria;p__Bacteroidota;c__Bacteroidia;o__Sphingobacteriales;f__Sphingobacteriaceae;g__Pedobacter;s__	0.9372851816066062
d6c1a155a76ce5021603b93e60c69bc2	ASV28d__Bacteria;p__Bacteroidota;c__Bacteroidia;o__Sphingobacteriales;f__Sphingobacteriaceae;g__Pedobacter;s__	0.9985079956757655
b0c6099d44854ba36f44c19d4f5b2081	ASV34d__Bacteria;p__Bacteroidota;c__Bacteroidia;o__Flavobacteriales;f__Weeksellaceae;g__Elizabethkingia;s__Elizabethkingia_miricola	0.9999999999635776
85de1a397c2d4cbd88fb7106eb7666f3	Unassigned	0.8649826669746559
fb673d379df58ebcab4faacb6a252c7f	Unassigned	0.8871639245669177
d75ad4edfefb1f26cbe0fe919b1c949a	Unassigned	0.8144643188553551
3fc2f23d630315f8b97e476eb0a14a2e	ASV14d__Bacteria;p__Proteobacteria;c__Gammaproteobacteria;o__Pseudomonadales;f__Pseudomonadaceae;g__Pseudomonas_E;s__Pseudomonas_E fluorescens_AP	0.9999999998411653
fc7a4615eae77023b2c90f8842e4145f	ASV34d__Bacteria;p__Bacteroidota;c__Bacteroidia;o__Flavobacteriales;f__Weeksellaceae;g__Elizabethkingia;s__Elizabethkingia_miricola	0.9999999999868976
6bc426f6d3060af4a56c24dbc8ae90b3	ASV34d__Bacteria;p__Bacteroidota;c__Bacteroidia;o__Flavobacteriales;f__Weeksellaceae;g__Elizabethkingia;s__Elizabethkingia_miricola	0.9999999999680682
94d26930c5a227bc211658a904fd9729	ASV31d__Bacteria;p__Proteobacteria;c__Gammaproteobacteria;o__Burkholderiales;f__Burkholderiaceae;g__Delftia;s__Delftia_acidovorans	0.9997459375779205
32c3124598001de73c817555c911c080	ASV34d__Bacteria;p__Bacteroidota;c__Bacteroidia;o__Flavobacteriales;f__Weeksellaceae;g__Elizabethkingia;s__Elizabethkingia_miricola	0.9999999999592717
7ffa1ab11ac9690ea9ae13e701c1ceb7	ASV34d__Bacteria;p__Bacteroidota;c__Bacteroidia;o__Flavobacteriales;f__Weeksellaceae;g__Elizabethkingia;s__Elizabethkingia_miricola	0.9999999999803038
a13d339137239add41a22895c59206b5	ASV14d__Bacteria;p__Proteobacteria;c__Gammaproteobacteria;o__Pseudomonadales;f__Pseudomonadaceae;g__Pseudomonas_E;s__Pseudomonas_E fluorescens_AP	0.9999999998525908
7f52c90f1fb7d7fe0b86b290785dc6f8	ASV34d__Bacteria;p__Bacteroidota;c__Bacteroidia;o__Flavobacteriales;f__Weeksellaceae;g__Elizabethkingia;s__Elizabethkingia_miricola	0.9999999999703277
83e41aa682a3bf9b00a132658a36f59e	ASV14d__Bacteria;p__Proteobacteria;c__Gammaproteobacteria;o__Pseudomonadales;f__Pseudomonadaceae;g__Pseudomonas_E;s__Pseudomonas_E fluorescens_AP	0.9999999996996678
1ce6a3430fe0eddb26e793115a857630	ASV32d__Bacteria;p__Proteobacteria;c__Gammaproteobacteria;o__Burkholderiales;f__Burkholderiaceae;g__Achromobacter;s__	0.9999923013019496
6a03b8b2f0f02b6b3e97363defdada98	ASV14d__Bacteria;p__Proteobacteria;c__Gammaproteobacteria;o__Pseudomonadales;f__Pseudomonadaceae;g__Pseudomonas_E;s__Pseudomonas_E fluorescens_AP	0.9999999999347722
a605204b5d9b76fa06a24d0409e9a7fd	ASV14d__Bacteria;p__Proteobacteria;c__Gammaproteobacteria;o__Pseudomonadales;f__Pseudomonadaceae;g__Pseudomonas_E;s__Pseudomonas_E fluorescens_AP	0.9999999953090679
b19b1bd103842169e814f8b263edf401	ASV14d__Bacteria;p__Proteobacteria;c__Gammaproteobacteria;o__Pseudomonadales;f__Pseudomonadaceae;g__Pseudomonas_E;s__Pseudomonas_E fluorescens_AP	0.9999999989997121
32851f8157caa4f8b58c9f4c9434b8c0	ASV14d__Bacteria;p__Proteobacteria;c__Gammaproteobacteria;o__Pseudomonadales;f__Pseudomonadaceae;g__Pseudomonas_E;s__Pseudomonas_E fluorescens_AP	0.9999999983782857
248bca33aba01f53cfadf8d49c51f336	ASV32d__Bacteria;p__Proteobacteria;c__Gammaproteobacteria;o__Burkholderiales;f__Burkholderiaceae;g__Achromobacter;s__	0.9999981467290673
663872967c6730e320b566ffac3315e2	ASV34d__Bacteria;p__Bacteroidota;c__Bacteroidia;o__Flavobacteriales;f__Weeksellaceae;g__Elizabethkingia;s__Elizabethkingia_miricola	0.9999999995391988
dbcf4e1eb4877626641ac9c3b5462193	ASV32d__Bacteria;p__Proteobacteria;c__Gammaproteobacteria;o__Burkholderiales;f__Burkholderiaceae;g__Achromobacter;s__	0.999997606231952
8dfe4036dfb238c87edd61b3216a98f1	Unassigned	0.7032081403846737
20f46f61bd9e18e28449411f16962984	Unassigned	0.7392785814219449
c80e0503d324b56bffeeaf5c3b28f1fd	Unassigned	0.8571167099439695
81642e98780bf4a54cd252ec820484ba	Unassigned	0.8211805533322446
5a19e54f5d9a8286f52cc969411a8ef0	Unassigned	0.5484079592464883
bbaf737800f6674b10c46740e2bda592	X391_Actinobacteria;Actinomycetales;Microbacteriaceae;Leifsonia	0.9999999999998579
eb45fa067bca4411941f9d2ef63163be	ASV29d__Bacteria;p__Proteobacteria;c__Gammaproteobacteria;o__Enterobacterales;f__Enterobacteriaceae;g__Citrobacter;s__Citrobacter_braakii	0.9997119825003689
5b1ddd264f23efad5b7f314586c7a44f	ASV34d__Bacteria;p__Bacteroidota;c__Bacteroidia;o__Flavobacteriales;f__Weeksellaceae;g__Elizabethkingia;s__Elizabethkingia_miricola	0.9999999999371596
c81a5a2f26ab9c6f6ddd3f68daf34050	ASV34d__Bacteria;p__Bacteroidota;c__Bacteroidia;o__Flavobacteriales;f__Weeksellaceae;g__Elizabethkingia;s__Elizabethkingia_miricola	0.9999999998647553
ac2c8210c132be564135ff9987f112bd	ASV17d__Bacteria;p__Bacteroidota;c__Bacteroidia;o__Sphingobacteriales;f__Sphingobacteriaceae;g__Pedobacter;s__	0.9696979049132415
4ef5f5f5ceabbb2ba5b1f5522be04420	ASV28d__Bacteria;p__Bacteroidota;c__Bacteroidia;o__Sphingobacteriales;f__Sphingobacteriaceae;g__Pedobacter;s__	0.9976464213368607
903d05844ed4e30120b41644dd2c9472	X263_Sphingobacteriia;Sphingobacteriales;Chitinophagaceae; Chitinophaga	0.9999999998798756
72ff069788def3b98c4a6b33fda1d7d1	ASV17d__Bacteria;p__Bacteroidota;c__Bacteroidia;o__Sphingobacteriales;f__Sphingobacteriaceae;g__Pedobacter;s__	0.9706579740960536
53b74ab4902895046c965148e1590232	ASV32d__Bacteria;p__Proteobacteria;c__Gammaproteobacteria;o__Burkholderiales;f__Burkholderiaceae;g__Achromobacter;s__	0.9999993179277505
8e38d1b45ef021d7382808aad25b37a1	ASV8d__Bacteria;p__Proteobacteria;c__Alphaproteobacteria;o__Rhizobiales;f__Rhizobiaceae;g__Rhizobium;s__	0.9999999735461816
882a67cef8ffe42285251a601b49ad4d	ASV2d__Bacteria;p__Bacteroidota;c__Bacteroidia;o__Sphingobacteriales;f__Sphingobacteriaceae;g__Pedobacter;s__	0.9993140834663639
e43957c39edb784c2e6fcdead504c507	ASV28d__Bacteria;p__Bacteroidota;c__Bacteroidia;o__Sphingobacteriales;f__Sphingobacteriaceae;g__Pedobacter;s__	0.998593458090891
8382d23557a93dce415eb0c2cedd5c23	ASV2d__Bacteria;p__Bacteroidota;c__Bacteroidia;o__Sphingobacteriales;f__Sphingobacteriaceae;g__Pedobacter;s__	0.9998142678658352
fe11a14a8e2894e184a1775c94e5cb85	Unassigned	0.8404678857703287
ed46b5669c7041df8bd99df6aa548e3b	Unassigned	0.6109646749143111
12804b05e6fa57e77bed493e1b0e1e5b	Unassigned	0.8832742250045638
3abe649d630f34026865f1393a640d14	Unassigned	0.8527209191717107
59976edd299489f422054c57d0e07250	ASV5d__Bacteria;p__Proteobacteria;c__Gammaproteobacteria;o__Burkholderiales;f__Chromobacteriaceae;g__Chromobacterium;s__Chromobacteriumsp002213445	0.9997986610211014
ff0a4fad2eea7f9d5e69e8dccbce1db3	ASV31d__Bacteria;p__Proteobacteria;c__Gammaproteobacteria;o__Burkholderiales;f__Burkholderiaceae;g__Delftia;s__Delftia_acidovorans	0.9995233184035558
fbbdb11470dd7cdb8967749488833d93	ASV34d__Bacteria;p__Bacteroidota;c__Bacteroidia;o__Flavobacteriales;f__Weeksellaceae;g__Elizabethkingia;s__Elizabethkingia_miricola	0.9999999999559037
0181ac65be8dbf41e6f57c520376fc36	ASV29d__Bacteria;p__Proteobacteria;c__Gammaproteobacteria;o__Enterobacterales;f__Enterobacteriaceae;g__Citrobacter;s__Citrobacter_braakii	0.9989918366158361
09bf22a0e92f08820b5f16dffa1094e3	ASV5d__Bacteria;p__Proteobacteria;c__Gammaproteobacteria;o__Burkholderiales;f__Chromobacteriaceae;g__Chromobacterium;s__Chromobacteriumsp002213445	0.9975985848966595
dc4b2ae873fffed0c40ad42db47053dc	ASV14d__Bacteria;p__Proteobacteria;c__Gammaproteobacteria;o__Pseudomonadales;f__Pseudomonadaceae;g__Pseudomonas_E;s__Pseudomonas_E fluorescens_AP	0.9999999973408933
c4e4993a6318e77f05b621489f1c3160	ASV5d__Bacteria;p__Proteobacteria;c__Gammaproteobacteria;o__Burkholderiales;f__Chromobacteriaceae;g__Chromobacterium;s__Chromobacteriumsp002213445	0.9998764938091375
44bac97285e178f72ecb7c265392b9e8	ASV14d__Bacteria;p__Proteobacteria;c__Gammaproteobacteria;o__Pseudomonadales;f__Pseudomonadaceae;g__Pseudomonas_E;s__Pseudomonas_E fluorescens_AP	0.9999999988737045
b6d8a6b1b6b34e285b9a1d855561c538	ASV29d__Bacteria;p__Proteobacteria;c__Gammaproteobacteria;o__Enterobacterales;f__Enterobacteriaceae;g__Citrobacter;s__Citrobacter_braakii	0.9998147968437414
0bf2c7453088caed981d4fc75044ad71	ASV30d__Bacteria;p__Proteobacteria;c__Gammaproteobacteria;o__Enterobacterales;f__Enterobacteriaceae;g__Serratia_A;s__Serratia_Afonticola	0.999048327534165
7a48aee7b86fe5adab6f042f9204bb27	ASV5d__Bacteria;p__Proteobacteria;c__Gammaproteobacteria;o__Burkholderiales;f__Chromobacteriaceae;g__Chromobacterium;s__Chromobacteriumsp002213445	0.9997280313316833
d6373277d8ad66352c7d6a1edd6779ca	ASV10d__Bacteria;p__Proteobacteria;c__Gammaproteobacteria;o__Burkholderiales;f__Burkholderiaceae;g__Comamonas_B;s__	0.9973374805135229
bbe85f503d858cead30adafe5a53ef88	ASV14d__Bacteria;p__Proteobacteria;c__Gammaproteobacteria;o__Pseudomonadales;f__Pseudomonadaceae;g__Pseudomonas_E;s__Pseudomonas_E fluorescens_AP	0.9999999999358664
c8efef9e6346f1d245bd13b7d3d66578	ASV14d__Bacteria;p__Proteobacteria;c__Gammaproteobacteria;o__Pseudomonadales;f__Pseudomonadaceae;g__Pseudomonas_E;s__Pseudomonas_E fluorescens_AP	0.9999999995158788
da91d9a04b04eb3ea3b9cac6fdc339f6	ASV32d__Bacteria;p__Proteobacteria;c__Gammaproteobacteria;o__Burkholderiales;f__Burkholderiaceae;g__Achromobacter;s__	0.9999965713320565
2b60ffe9069b6232ff6fc8891c55d1b5	ASV14d__Bacteria;p__Proteobacteria;c__Gammaproteobacteria;o__Pseudomonadales;f__Pseudomonadaceae;g__Pseudomonas_E;s__Pseudomonas_E fluorescens_AP	0.9999999996683044
37ace922e174de6c666d09d20ac331c8	ASV34d__Bacteria;p__Bacteroidota;c__Bacteroidia;o__Flavobacteriales;f__Weeksellaceae;g__Elizabethkingia;s__Elizabethkingia_miricola	0.9999999999269136
7cd42f7ff8eaf225c61fc5ea4b23f526	ASV14d__Bacteria;p__Proteobacteria;c__Gammaproteobacteria;o__Pseudomonadales;f__Pseudomonadaceae;g__Pseudomonas_E;s__Pseudomonas_E fluorescens_AP	0.9999999961454051
2c0baa4f20c5e6c86bdbe8fb5d7027e2	ASV34d__Bacteria;p__Bacteroidota;c__Bacteroidia;o__Flavobacteriales;f__Weeksellaceae;g__Elizabethkingia;s__Elizabethkingia_miricola	0.9999999996520046
03ef0b8c8aea5a098fdc916023384172	ASV14d__Bacteria;p__Proteobacteria;c__Gammaproteobacteria;o__Pseudomonadales;f__Pseudomonadaceae;g__Pseudomonas_E;s__Pseudomonas_E fluorescens_AP	0.9999999999135696
8dbe113deb8666cdca89ff17fdc763b6	ASV34d__Bacteria;p__Bacteroidota;c__Bacteroidia;o__Flavobacteriales;f__Weeksellaceae;g__Elizabethkingia;s__Elizabethkingia_miricola	0.9999999998873506
07f5f47b7d180ee4970a25e534c0993f	ASV34d__Bacteria;p__Bacteroidota;c__Bacteroidia;o__Flavobacteriales;f__Weeksellaceae;g__Elizabethkingia;s__Elizabethkingia_miricola	0.9999999999629665
7dc8444adcee49ef7f1b7100a38e3fcf	ASV34d__Bacteria;p__Bacteroidota;c__Bacteroidia;o__Flavobacteriales;f__Weeksellaceae;g__Elizabethkingia;s__Elizabethkingia_miricola	0.9999999999534737
c5302bcb3858a4f20bb9eb30d3be631e	ASV14d__Bacteria;p__Proteobacteria;c__Gammaproteobacteria;o__Pseudomonadales;f__Pseudomonadaceae;g__Pseudomonas_E;s__Pseudomonas_E fluorescens_AP	0.9999999998132836
8da18ed943e4b57719d867d6eb62c794	Unassigned	0.8755614627740274
157ebcec2a794f0c37c6292d75ba1954	ASV8d__Bacteria;p__Proteobacteria;c__Alphaproteobacteria;o__Rhizobiales;f__Rhizobiaceae;g__Rhizobium;s__	0.9999999762399913
46d00a8dd30b9cd74bd97168c0ba9f0b	ASV17d__Bacteria;p__Bacteroidota;c__Bacteroidia;o__Sphingobacteriales;f__Sphingobacteriaceae;g__Pedobacter;s__	0.972108908506381
5b38ced914726199691bf8ddaa8f567c	Unassigned	0.8489183670127622
e7e53482517c2e43fa8c1e3dea85d6d5	Unassigned	0.8837776760067012
06b6063b80673ef6214cea5ce116c500	Unassigned	0.8222758843578579
430f8a38ba80a6b46287fca7b76d704a	Unassigned	0.7705921260515273
59f7d8a7f37d6eeec95eb556f33da267	Unassigned	0.6247182825142406
a2a1d9e4688102fbd3dfc2952810ffa4	ASV34d__Bacteria;p__Bacteroidota;c__Bacteroidia;o__Flavobacteriales;f__Weeksellaceae;g__Elizabethkingia;s__Elizabethkingia_miricola	0.9999999999606644
e1a716c09122c8511748c113e47b6bce	ASV29d__Bacteria;p__Proteobacteria;c__Gammaproteobacteria;o__Enterobacterales;f__Enterobacteriaceae;g__Citrobacter;s__Citrobacter_braakii	0.9980845582408447
a77d9989f8726b96a91fa327cc464e89	ASV2d__Bacteria;p__Bacteroidota;c__Bacteroidia;o__Sphingobacteriales;f__Sphingobacteriaceae;g__Pedobacter;s__	0.9984735021205984
3545f4f5477323e54c9c5c128a79a312	ASV5d__Bacteria;p__Proteobacteria;c__Gammaproteobacteria;o__Burkholderiales;f__Chromobacteriaceae;g__Chromobacterium;s__Chromobacteriumsp002213445	0.9977718908703238
f7fec9361d0baffa13eb0d2a60c8e96e	ASV34d__Bacteria;p__Bacteroidota;c__Bacteroidia;o__Flavobacteriales;f__Weeksellaceae;g__Elizabethkingia;s__Elizabethkingia_miricola	0.9999999999347011
4e4577a54b4ac68c4b4ce9df996eea23	ASV14d__Bacteria;p__Proteobacteria;c__Gammaproteobacteria;o__Pseudomonadales;f__Pseudomonadaceae;g__Pseudomonas_E;s__Pseudomonas_E fluorescens_AP	0.9999999993934239
3c8f35f524443ba80945c9a1579febc7	ASV32d__Bacteria;p__Proteobacteria;c__Gammaproteobacteria;o__Burkholderiales;f__Burkholderiaceae;g__Achromobacter;s__	0.9999995780008428
a13c3e04b77ce7954503a573ef5688c4	ASV34d__Bacteria;p__Bacteroidota;c__Bacteroidia;o__Flavobacteriales;f__Weeksellaceae;g__Elizabethkingia;s__Elizabethkingia_miricola	0.9999999999185292
0410d50ea371c91ba2e35a8b59149e68	ASV34d__Bacteria;p__Bacteroidota;c__Bacteroidia;o__Flavobacteriales;f__Weeksellaceae;g__Elizabethkingia;s__Elizabethkingia_miricola	0.9999999995272049
38b301654e40184d265fbfcf860659bf	ASV34d__Bacteria;p__Bacteroidota;c__Bacteroidia;o__Flavobacteriales;f__Weeksellaceae;g__Elizabethkingia;s__Elizabethkingia_miricola	0.9999999999555058
40ff1bb65c07556db8a8e9d47b8bf8d5	ASV32d__Bacteria;p__Proteobacteria;c__Gammaproteobacteria;o__Burkholderiales;f__Burkholderiaceae;g__Achromobacter;s__	0.999998850307911
db19d4f57a5d39620776609f8ba3b904	ASV14d__Bacteria;p__Proteobacteria;c__Gammaproteobacteria;o__Pseudomonadales;f__Pseudomonadaceae;g__Pseudomonas_E;s__Pseudomonas_E fluorescens_AP	0.9999999996772999
c850e4ddb5fa4d90727495c08db070f5	ASV14d__Bacteria;p__Proteobacteria;c__Gammaproteobacteria;o__Pseudomonadales;f__Pseudomonadaceae;g__Pseudomonas_E;s__Pseudomonas_E fluorescens_AP	0.9999999997052385
cece603cf91299339b9a9f5b157a1ac5	ASV34d__Bacteria;p__Bacteroidota;c__Bacteroidia;o__Flavobacteriales;f__Weeksellaceae;g__Elizabethkingia;s__Elizabethkingia_miricola	0.9999999959169656
6acc42a4e99f3024d6b28ec4d6f03a2f	ASV34d__Bacteria;p__Bacteroidota;c__Bacteroidia;o__Flavobacteriales;f__Weeksellaceae;g__Elizabethkingia;s__Elizabethkingia_miricola	0.9999999999762252
da4b7b1c7898c7ff4b4cae8454c0733a	ASV34d__Bacteria;p__Bacteroidota;c__Bacteroidia;o__Flavobacteriales;f__Weeksellaceae;g__Elizabethkingia;s__Elizabethkingia_miricola	0.9999999974851193
0d024145f2685e9811d7f440338febff	ASV17d__Bacteria;p__Bacteroidota;c__Bacteroidia;o__Sphingobacteriales;f__Sphingobacteriaceae;g__Pedobacter;s__	0.9304417215408266
d10fca624610d77c3d4202dfdfa0e25e	ASV34d__Bacteria;p__Bacteroidota;c__Bacteroidia;o__Flavobacteriales;f__Weeksellaceae;g__Elizabethkingia;s__Elizabethkingia_miricola	0.9999999998269544
b11c2e78dfd5e3e53f3762fbf19482f7	ASV34d__Bacteria;p__Bacteroidota;c__Bacteroidia;o__Flavobacteriales;f__Weeksellaceae;g__Elizabethkingia;s__Elizabethkingia_miricola	0.9999999992659667
7b6951b53e659cdc2cea012ba1883565	ASV2d__Bacteria;p__Bacteroidota;c__Bacteroidia;o__Sphingobacteriales;f__Sphingobacteriaceae;g__Pedobacter;s__	0.9998252115644408
7a3b88cf5d307c1e6762f241d709a1f3	ASV14d__Bacteria;p__Proteobacteria;c__Gammaproteobacteria;o__Pseudomonadales;f__Pseudomonadaceae;g__Pseudomonas_E;s__Pseudomonas_E fluorescens_AP	0.9999999993365662
4825c5cc0146f9bcb805bc3029efce0b	ASV14d__Bacteria;p__Proteobacteria;c__Gammaproteobacteria;o__Pseudomonadales;f__Pseudomonadaceae;g__Pseudomonas_E;s__Pseudomonas_E fluorescens_AP	0.9999999996832543
a71e9ab3241939b01ba4ebcb6485c46d	ASV34d__Bacteria;p__Bacteroidota;c__Bacteroidia;o__Flavobacteriales;f__Weeksellaceae;g__Elizabethkingia;s__Elizabethkingia_miricola	0.9999999998303224
a0456d6a5bd520655f7c285645a7efd1	ASV2d__Bacteria;p__Bacteroidota;c__Bacteroidia;o__Sphingobacteriales;f__Sphingobacteriaceae;g__Pedobacter;s__	0.9980181553663222
17f2b3ce386fc99b4918ee47f3ed5802	ASV34d__Bacteria;p__Bacteroidota;c__Bacteroidia;o__Flavobacteriales;f__Weeksellaceae;g__Elizabethkingia;s__Elizabethkingia_miricola	0.9999999999194387
1fa80d9fdf471f5c34c511ad950a6f12	ASV28d__Bacteria;p__Bacteroidota;c__Bacteroidia;o__Sphingobacteriales;f__Sphingobacteriaceae;g__Pedobacter;s__	0.9987393412261804
bfc87c6aa858b18ee0dd468e3f7c359b	ASV14d__Bacteria;p__Proteobacteria;c__Gammaproteobacteria;o__Pseudomonadales;f__Pseudomonadaceae;g__Pseudomonas_E;s__Pseudomonas_E fluorescens_AP	0.9999999995139177
f4bef7e895f78a4c79bcb6fc33af3c05	ASV9d__Bacteria;p__Proteobacteria;c__Alphaproteobacteria;o__Caulobacterales;f__Caulobacteraceae;g__Brevundimonas;s__	0.9999999549775832
6aa46ca6bede92055df197249cc06319	ASV2d__Bacteria;p__Bacteroidota;c__Bacteroidia;o__Sphingobacteriales;f__Sphingobacteriaceae;g__Pedobacter;s__	0.9976932132657071
813ddec8039dfacab1c23dfebeb9f99b	ASV31d__Bacteria;p__Proteobacteria;c__Gammaproteobacteria;o__Burkholderiales;f__Burkholderiaceae;g__Delftia;s__Delftia_acidovorans	0.9997138079308971
8b184d883d283295456aaa421d37897b	ASV34d__Bacteria;p__Bacteroidota;c__Bacteroidia;o__Flavobacteriales;f__Weeksellaceae;g__Elizabethkingia;s__Elizabethkingia_miricola	0.999999999832923
e48ce42843e73d7e4056e5015bfe7eb9	ASV14d__Bacteria;p__Proteobacteria;c__Gammaproteobacteria;o__Pseudomonadales;f__Pseudomonadaceae;g__Pseudomonas_E;s__Pseudomonas_E fluorescens_AP	0.9999999986949462
5ff8220a31224a9a5201113a83f3e2c2	ASV32d__Bacteria;p__Proteobacteria;c__Gammaproteobacteria;o__Burkholderiales;f__Burkholderiaceae;g__Achromobacter;s__	0.9999988376493937
924f892041a0833eef0d05ee3b489d73	ASV30d__Bacteria;p__Proteobacteria;c__Gammaproteobacteria;o__Enterobacterales;f__Enterobacteriaceae;g__Serratia_A;s__Serratia_Afonticola	0.9991038466219618
1d1d2353344dc04457aada16ff23d37c	ASV34d__Bacteria;p__Bacteroidota;c__Bacteroidia;o__Flavobacteriales;f__Weeksellaceae;g__Elizabethkingia;s__Elizabethkingia_miricola	0.999999999966974
37f55ecb937a57adfc9001c6c28eb7a5	ASV11d__Bacteria;p__Proteobacteria;c__Gammaproteobacteria;o__Burkholderiales;f__Chromobacteriaceae;g__Aquitalea;s__Aquitaleapelogenes	0.9933091814185935
abccc9487d7a00b9f36231f68b0f5573	ASV17d__Bacteria;p__Bacteroidota;c__Bacteroidia;o__Sphingobacteriales;f__Sphingobacteriaceae;g__Pedobacter;s__	0.9785973638015489
357f537070136c3303188f3d1a891ec4	Unassigned	0.8629925757605399
dcf1c68ad176e8bd7922a3e9cf9f3cb3	ASV31d__Bacteria;p__Proteobacteria;c__Gammaproteobacteria;o__Burkholderiales;f__Burkholderiaceae;g__Delftia;s__Delftia_acidovorans	0.9997818583690901
1375c00a07db3b0a5f063deae24e736e	ASV32d__Bacteria;p__Proteobacteria;c__Gammaproteobacteria;o__Burkholderiales;f__Burkholderiaceae;g__Achromobacter;s__	0.9999997705460949
cda2be8b66ecd92f93445ea62259bf2f	ASV32d__Bacteria;p__Proteobacteria;c__Gammaproteobacteria;o__Burkholderiales;f__Burkholderiaceae;g__Achromobacter;s__	0.9999998032632129
97c55870e4b36ae0f043b5bdc63ea110	ASV8d__Bacteria;p__Proteobacteria;c__Alphaproteobacteria;o__Rhizobiales;f__Rhizobiaceae;g__Rhizobium;s__	0.999999989555846
313b1ec6eadb3be97fc4e3394c49ce32	ASV29d__Bacteria;p__Proteobacteria;c__Gammaproteobacteria;o__Enterobacterales;f__Enterobacteriaceae;g__Citrobacter;s__Citrobacter_braakii	0.9995906487912524
7e7aea82f262e3b2ebe525542334ed81	ASV8d__Bacteria;p__Proteobacteria;c__Alphaproteobacteria;o__Rhizobiales;f__Rhizobiaceae;g__Rhizobium;s__	0.9999999438958314
c847b568704f735cb1ba008fb4905d3f	ASV30d__Bacteria;p__Proteobacteria;c__Gammaproteobacteria;o__Enterobacterales;f__Enterobacteriaceae;g__Serratia_A;s__Serratia_Afonticola	0.999250107732122
6a9087be725147ff70d1bbf7d8038672	ASV14d__Bacteria;p__Proteobacteria;c__Gammaproteobacteria;o__Pseudomonadales;f__Pseudomonadaceae;g__Pseudomonas_E;s__Pseudomonas_E fluorescens_AP	0.9999999998918128
c799cdface98e7f8b456861216527987	ASV32d__Bacteria;p__Proteobacteria;c__Gammaproteobacteria;o__Burkholderiales;f__Burkholderiaceae;g__Achromobacter;s__	0.9999973678164163
25188e199bac000687a59e9a24d4f4b6	ASV10d__Bacteria;p__Proteobacteria;c__Gammaproteobacteria;o__Burkholderiales;f__Burkholderiaceae;g__Comamonas_B;s__	0.9964678544560678
076744abb80f6ff78d02ca819986d1a3	ASV10d__Bacteria;p__Proteobacteria;c__Gammaproteobacteria;o__Burkholderiales;f__Burkholderiaceae;g__Comamonas_B;s__	0.9958031478663051
84af01fe8cf1c50a277881c0ad8d21b7	ASV14d__Bacteria;p__Proteobacteria;c__Gammaproteobacteria;o__Pseudomonadales;f__Pseudomonadaceae;g__Pseudomonas_E;s__Pseudomonas_E fluorescens_AP	0.9999999994821991
ba03356a2ee291a96942f355aba63f30	ASV34d__Bacteria;p__Bacteroidota;c__Bacteroidia;o__Flavobacteriales;f__Weeksellaceae;g__Elizabethkingia;s__Elizabethkingia_miricola	0.9999999999657518
e28c7881e37f739e67ebbe46dbf633b8	ASV34d__Bacteria;p__Bacteroidota;c__Bacteroidia;o__Flavobacteriales;f__Weeksellaceae;g__Elizabethkingia;s__Elizabethkingia_miricola	0.999999999672653
aea72b118defc4702ad35342f899860d	ASV29d__Bacteria;p__Proteobacteria;c__Gammaproteobacteria;o__Enterobacterales;f__Enterobacteriaceae;g__Citrobacter;s__Citrobacter_braakii	0.9997763320599562
55e6e9dc56d0cbf09832b66805778139	Unassigned	0.8765818491216492
eea26ff43b1a57ec26e13e4d4760f64c	Unassigned	0.8523968925879447
454809eed7ba1308d008ed34e0aaa1e6	Unassigned	0.8518042206480584
2ac6a9acf8ca38c22280b1b6d61eca20	ASV34d__Bacteria;p__Bacteroidota;c__Bacteroidia;o__Flavobacteriales;f__Weeksellaceae;g__Elizabethkingia;s__Elizabethkingia_miricola	0.9999999999581064
53fb03e43a92ee7b71087f8d2a93b381	ASV9d__Bacteria;p__Proteobacteria;c__Alphaproteobacteria;o__Caulobacterales;f__Caulobacteraceae;g__Brevundimonas;s__	0.9999999907939809
a8de31f51f12ba0992415d4b2669ef62	ASV10d__Bacteria;p__Proteobacteria;c__Gammaproteobacteria;o__Burkholderiales;f__Burkholderiaceae;g__Comamonas_B;s__	0.9948429185510484
4488801b490d00cf7398f6f619a8e8a8	X391_Actinobacteria;Actinomycetales;Microbacteriaceae;Leifsonia	0.9999999999992752
7459012d284db6fc53b5ec6e0c7ba67c	ASV17d__Bacteria;p__Bacteroidota;c__Bacteroidia;o__Sphingobacteriales;f__Sphingobacteriaceae;g__Pedobacter;s__	0.9724660791118721
0577b7ddef9a474681b832e819d9e432	ASV28d__Bacteria;p__Bacteroidota;c__Bacteroidia;o__Sphingobacteriales;f__Sphingobacteriaceae;g__Pedobacter;s__	0.9988189176297544
f2ef6af013e4dee2e04bc4c5707d7a51	ASV34d__Bacteria;p__Bacteroidota;c__Bacteroidia;o__Flavobacteriales;f__Weeksellaceae;g__Elizabethkingia;s__Elizabethkingia_miricola	0.9999999999640465
b9c680f3de36737f920d3efe2ee6790e	ASV29d__Bacteria;p__Proteobacteria;c__Gammaproteobacteria;o__Enterobacterales;f__Enterobacteriaceae;g__Citrobacter;s__Citrobacter_braakii	0.9997763171520406
04354e9194be2f6d1432430453b8c80e	ASV34d__Bacteria;p__Bacteroidota;c__Bacteroidia;o__Flavobacteriales;f__Weeksellaceae;g__Elizabethkingia;s__Elizabethkingia_miricola	0.9999999999660787
246b53b5200ef4ba26ea1bd03bbf18d2	ASV31d__Bacteria;p__Proteobacteria;c__Gammaproteobacteria;o__Burkholderiales;f__Burkholderiaceae;g__Delftia;s__Delftia_acidovorans	0.9997447363651039
ee4831c9037e170d497fffd67ba60d49	ASV31d__Bacteria;p__Proteobacteria;c__Gammaproteobacteria;o__Burkholderiales;f__Burkholderiaceae;g__Delftia;s__Delftia_acidovorans	0.9989241601165665
5b431cb57a00405d9c744817fa452b6a	ASV34d__Bacteria;p__Bacteroidota;c__Bacteroidia;o__Flavobacteriales;f__Weeksellaceae;g__Elizabethkingia;s__Elizabethkingia_miricola	0.9999999999555627
a894fed33a9ef2bbb833fba3274120af	ASV30d__Bacteria;p__Proteobacteria;c__Gammaproteobacteria;o__Enterobacterales;f__Enterobacteriaceae;g__Serratia_A;s__Serratia_Afonticola	0.9990492977264606
3869a68003b72f1d85d7de14e98d4fb6	Unassigned	0.7990967710292608
1b60c5d3a758ed06f496d917f17016e4	ASV14d__Bacteria;p__Proteobacteria;c__Gammaproteobacteria;o__Pseudomonadales;f__Pseudomonadaceae;g__Pseudomonas_E;s__Pseudomonas_E fluorescens_AP	0.9999999984288337
7cf21997491b9e17d7123c5ab751c0b7	ASV14d__Bacteria;p__Proteobacteria;c__Gammaproteobacteria;o__Pseudomonadales;f__Pseudomonadaceae;g__Pseudomonas_E;s__Pseudomonas_E fluorescens_AP	0.9999999995178399
d657888445869a686e0a7de6a43cfeaa	ASV14d__Bacteria;p__Proteobacteria;c__Gammaproteobacteria;o__Pseudomonadales;f__Pseudomonadaceae;g__Pseudomonas_E;s__Pseudomonas_E fluorescens_AP	0.9999999987602166
6c47f62454611d93ca3d072825f91981	ASV34d__Bacteria;p__Bacteroidota;c__Bacteroidia;o__Flavobacteriales;f__Weeksellaceae;g__Elizabethkingia;s__Elizabethkingia_miricola	0.9999999999457714
bd0e9af18b08524f412e31cf70f9d3be	ASV14d__Bacteria;p__Proteobacteria;c__Gammaproteobacteria;o__Pseudomonadales;f__Pseudomonadaceae;g__Pseudomonas_E;s__Pseudomonas_E fluorescens_AP	0.9999999993554951
e39afa3b875b55661f71be546e33d732	ASV14d__Bacteria;p__Proteobacteria;c__Gammaproteobacteria;o__Pseudomonadales;f__Pseudomonadaceae;g__Pseudomonas_E;s__Pseudomonas_E fluorescens_AP	0.9999999983809147
9c24551877cae25ddc69865b53c35083	ASV14d__Bacteria;p__Proteobacteria;c__Gammaproteobacteria;o__Pseudomonadales;f__Pseudomonadaceae;g__Pseudomonas_E;s__Pseudomonas_E fluorescens_AP	0.9999999991922977
8ab749c92bb8446c923a6f068c92ba14	ASV14d__Bacteria;p__Proteobacteria;c__Gammaproteobacteria;o__Pseudomonadales;f__Pseudomonadaceae;g__Pseudomonas_E;s__Pseudomonas_E fluorescens_AP	0.9999999997873772
a439384dec91020101e0846e11d04fea	ASV34d__Bacteria;p__Bacteroidota;c__Bacteroidia;o__Flavobacteriales;f__Weeksellaceae;g__Elizabethkingia;s__Elizabethkingia_miricola	0.9999999998961897
50793c07e256a5a53a139a179621ce96	ASV14d__Bacteria;p__Proteobacteria;c__Gammaproteobacteria;o__Pseudomonadales;f__Pseudomonadaceae;g__Pseudomonas_E;s__Pseudomonas_E fluorescens_AP	0.9999999991935624
eda6a803f8b59b859cf94b80a3bc6646	ASV14d__Bacteria;p__Proteobacteria;c__Gammaproteobacteria;o__Pseudomonadales;f__Pseudomonadaceae;g__Pseudomonas_E;s__Pseudomonas_E fluorescens_AP	0.9999999947319083
08eb01dbc528425fea78699658765cc6	ASV10d__Bacteria;p__Proteobacteria;c__Gammaproteobacteria;o__Burkholderiales;f__Burkholderiaceae;g__Comamonas_B;s__	0.9960891442993255
d2cc403017135b5baee8136a84bb2ea9	ASV14d__Bacteria;p__Proteobacteria;c__Gammaproteobacteria;o__Pseudomonadales;f__Pseudomonadaceae;g__Pseudomonas_E;s__Pseudomonas_E fluorescens_AP	0.9999999993476933
020ed13c07beb3a56e6767a18cc52953	ASV34d__Bacteria;p__Bacteroidota;c__Bacteroidia;o__Flavobacteriales;f__Weeksellaceae;g__Elizabethkingia;s__Elizabethkingia_miricola	0.9999999999836859
47eed168d29c04244671f579554e13a6	Unassigned	0.8438776102188638
80cad49b1cea2222ae142454922482ad	ASV22d__Bacteria;p__Proteobacteria;c__Gammaproteobacteria;o__Burkholderiales;f__Burkholderiaceae;g__Paraburkholderia_B;s__	0.9995252736157786
140be6645eb33346be2ab48dce946c48	ASV29d__Bacteria;p__Proteobacteria;c__Gammaproteobacteria;o__Enterobacterales;f__Enterobacteriaceae;g__Citrobacter;s__Citrobacter_braakii	0.9996191280091234
afc86a615ffbb37028ebbd2d6d0b5f88	ASV29d__Bacteria;p__Proteobacteria;c__Gammaproteobacteria;o__Enterobacterales;f__Enterobacteriaceae;g__Citrobacter;s__Citrobacter_braakii	0.9997265719792903
419f3e7d005d4cc31b06de172f695d49	ASV34d__Bacteria;p__Bacteroidota;c__Bacteroidia;o__Flavobacteriales;f__Weeksellaceae;g__Elizabethkingia;s__Elizabethkingia_miricola	0.9999999999218403
222bd0ecadbc6c9cfba22f6a58238638	Unassigned	0.8245391744335904
1fe272c3979cfb969b81154f0e79088f	Unassigned	0.7660128313577352
3d16317d8df3eef0330641583941d98a	Unassigned	0.8073186754104922
14b606fbb2dbf351f63b4493fd39ed7a	Unassigned	0.8294071120269778
f50dd614c84fd892efdc3c374eaea206	Unassigned	0.5610130562055662
8f397db54a2817ac6f7a03f69a2729be	Unassigned	0.8712668108038679
5ebda12cb37a9cf230c26c2c08510cb4	ASV34d__Bacteria;p__Bacteroidota;c__Bacteroidia;o__Flavobacteriales;f__Weeksellaceae;g__Elizabethkingia;s__Elizabethkingia_miricola	0.9999999999781295
2b674638cb1003d8dc8c93e7a1089ef1	ASV5d__Bacteria;p__Proteobacteria;c__Gammaproteobacteria;o__Burkholderiales;f__Chromobacteriaceae;g__Chromobacterium;s__Chromobacteriumsp002213445	0.9997030327847166
9a4797fde53c721be71e1f4aaa52d3db	ASV9d__Bacteria;p__Proteobacteria;c__Alphaproteobacteria;o__Caulobacterales;f__Caulobacteraceae;g__Brevundimonas;s__	0.9999999380851411
d5660098bbd525ec467f9aa1c102eda6	ASV34d__Bacteria;p__Bacteroidota;c__Bacteroidia;o__Flavobacteriales;f__Weeksellaceae;g__Elizabethkingia;s__Elizabethkingia_miricola	0.9999999998091198
891160b812894e4e1c2eb8a7804aae97	ASV32d__Bacteria;p__Proteobacteria;c__Gammaproteobacteria;o__Burkholderiales;f__Burkholderiaceae;g__Achromobacter;s__	0.9999996574182594
ccc659866c69d3d07b1234529f57b80b	ASV19d__Bacteria;p__Bacteroidota;c__Bacteroidia;o__Sphingobacteriales;f__Sphingobacteriaceae;g__Pedobacter;s__	0.9996736682610065
ad8bb7ac764b54e1db976c2de19eb051	ASV17d__Bacteria;p__Bacteroidota;c__Bacteroidia;o__Sphingobacteriales;f__Sphingobacteriaceae;g__Pedobacter;s__	0.9718219850822792
17a0751c5d105665ed8112bdbdda6235	ASV32d__Bacteria;p__Proteobacteria;c__Gammaproteobacteria;o__Burkholderiales;f__Burkholderiaceae;g__Achromobacter;s__	0.999999101655041
110ca75ee9df60b4171c027da8d88f3a	ASV5d__Bacteria;p__Proteobacteria;c__Gammaproteobacteria;o__Burkholderiales;f__Chromobacteriaceae;g__Chromobacterium;s__Chromobacteriumsp002213445	0.9991936035965181
822edc88c2e685b39c4b39ede9776f08	ASV9d__Bacteria;p__Proteobacteria;c__Alphaproteobacteria;o__Caulobacterales;f__Caulobacteraceae;g__Brevundimonas;s__	0.9999999554260636
82f2713c02c4dea290c8bb8049c49ddd	ASV34d__Bacteria;p__Bacteroidota;c__Bacteroidia;o__Flavobacteriales;f__Weeksellaceae;g__Elizabethkingia;s__Elizabethkingia_miricola	0.9999999996646807
a1d2bc8fa11628cf64ac4e98376b4454	ASV34d__Bacteria;p__Bacteroidota;c__Bacteroidia;o__Flavobacteriales;f__Weeksellaceae;g__Elizabethkingia;s__Elizabethkingia_miricola	0.9999999999947136
4af119296923e7618c465e2de60e24bf	X263_Sphingobacteriia;Sphingobacteriales;Chitinophagaceae; Chitinophaga	0.9999999999637339
69fc50aaef5958dfc84437eb618e719c	ASV28d__Bacteria;p__Bacteroidota;c__Bacteroidia;o__Sphingobacteriales;f__Sphingobacteriaceae;g__Pedobacter;s__	0.9988292289507498
efe50815ea097c266f09d959034dfeb1	ASV17d__Bacteria;p__Bacteroidota;c__Bacteroidia;o__Sphingobacteriales;f__Sphingobacteriaceae;g__Pedobacter;s__	0.966126202667708
dcda9b0cd95ece057f54a9633ec2d4b1	ASV14d__Bacteria;p__Proteobacteria;c__Gammaproteobacteria;o__Pseudomonadales;f__Pseudomonadaceae;g__Pseudomonas_E;s__Pseudomonas_E fluorescens_AP	0.9999999955689134
44ab92b3f777ce8e17870a9e3c7d0f4c	ASV5d__Bacteria;p__Proteobacteria;c__Gammaproteobacteria;o__Burkholderiales;f__Chromobacteriaceae;g__Chromobacterium;s__Chromobacteriumsp002213445	0.999850372052829
8546b14dedb41bcc3a65b334826404a0	ASV34d__Bacteria;p__Bacteroidota;c__Bacteroidia;o__Flavobacteriales;f__Weeksellaceae;g__Elizabethkingia;s__Elizabethkingia_miricola	0.9999999997880735
f906a4211da8bb42abeed579e6eee0ef	X263_Sphingobacteriia;Sphingobacteriales;Chitinophagaceae; Chitinophaga	0.9999999999366764
e1c022cf2aca5f2ddfd48af16fc6b738	ASV34d__Bacteria;p__Bacteroidota;c__Bacteroidia;o__Flavobacteriales;f__Weeksellaceae;g__Elizabethkingia;s__Elizabethkingia_miricola	0.9999999999372733
8588c6a3b640b701aa4ed5ea019f5287	Unassigned	0.647497570238182
9aad22ea1d013973200b37dc0dfde6c4	ASV34d__Bacteria;p__Bacteroidota;c__Bacteroidia;o__Flavobacteriales;f__Weeksellaceae;g__Elizabethkingia;s__Elizabethkingia_miricola	0.999999999514074
7bb6d64aabbf7b968dbd7e1ae008b99a	ASV29d__Bacteria;p__Proteobacteria;c__Gammaproteobacteria;o__Enterobacterales;f__Enterobacteriaceae;g__Citrobacter;s__Citrobacter_braakii	0.9998522322675727
18994955dbf261f0c668c3afa78f27db	X263_Sphingobacteriia;Sphingobacteriales;Chitinophagaceae; Chitinophaga	0.99999999988502
efc4568f3daea67e76156d671238d3ed	X263_Sphingobacteriia;Sphingobacteriales;Chitinophagaceae; Chitinophaga	0.9999999999816538
cfcb7413e04053ddb6119e974db40b17	ASV31d__Bacteria;p__Proteobacteria;c__Gammaproteobacteria;o__Burkholderiales;f__Burkholderiaceae;g__Delftia;s__Delftia_acidovorans	0.9997271257714453
7b9664475a8455f76570235ead8c9c38	ASV28d__Bacteria;p__Bacteroidota;c__Bacteroidia;o__Sphingobacteriales;f__Sphingobacteriaceae;g__Pedobacter;s__	0.9981606013628772
3a836dd9af766080979ecfede5ee1106	ASV17d__Bacteria;p__Bacteroidota;c__Bacteroidia;o__Sphingobacteriales;f__Sphingobacteriaceae;g__Pedobacter;s__	0.9685566837014171
418e996816c069bfe097b51feba71fbf	ASV28d__Bacteria;p__Bacteroidota;c__Bacteroidia;o__Sphingobacteriales;f__Sphingobacteriaceae;g__Pedobacter;s__	0.9980088280026044
3a49ecf8f3054d56a2905a61c8b925c4	X491_Betaproteobacteria;Burkholderiales;Burkholderiaceae;Pandoraea	0.9966530013840971
12d8520c3fd01eb37dc8e39245bb8b8a	X263_Sphingobacteriia;Sphingobacteriales;Chitinophagaceae; Chitinophaga	0.9999999999517541
ef97b8e601de459e45d5e46767c4c2ca	Unassigned	0.851629094440667
9ddc7a7309cbc1b7c18e3e9eaa5957f8	ASV9d__Bacteria;p__Proteobacteria;c__Alphaproteobacteria;o__Caulobacterales;f__Caulobacteraceae;g__Brevundimonas;s__	0.9999994004476157
8a74364135aced4c79c54db475a8800f	Unassigned	0.6195808379895213
e865f29a716e8d51f83931befa951240	Unassigned	0.6361850997358132
f6c7eb4ca7cc42dc7c5c02e538186594	Unassigned	0.45743223304335545
1186decafc2a0c51bc1f1d3272522ede	Unassigned	0.8120500327294482
e1565deb33a545cd044892dd425fb9e3	ASV34d__Bacteria;p__Bacteroidota;c__Bacteroidia;o__Flavobacteriales;f__Weeksellaceae;g__Elizabethkingia;s__Elizabethkingia_miricola	0.9999999994546016
1d9edb9421252aef3d851a579a86f9b2	Unassigned	0.8501075403963976
16962dbd7bf358c3733a273d6763b049	ASV2d__Bacteria;p__Bacteroidota;c__Bacteroidia;o__Sphingobacteriales;f__Sphingobacteriaceae;g__Pedobacter;s__	0.9995629132739886
7496ebd851f05064ab19dd6c17afb513	ASV14d__Bacteria;p__Proteobacteria;c__Gammaproteobacteria;o__Pseudomonadales;f__Pseudomonadaceae;g__Pseudomonas_E;s__Pseudomonas_E fluorescens_AP	0.9999999999406839
33da106dd0acfb3a9ef2971734c958c3	ASV32d__Bacteria;p__Proteobacteria;c__Gammaproteobacteria;o__Burkholderiales;f__Burkholderiaceae;g__Achromobacter;s__	0.9999993189207191
d4a68e40f8f9cd208f4622c3cf36d123	ASV31d__Bacteria;p__Proteobacteria;c__Gammaproteobacteria;o__Burkholderiales;f__Burkholderiaceae;g__Delftia;s__Delftia_acidovorans	0.9997827103149466
696d6c54494492bf94650465ca033ac3	ASV14d__Bacteria;p__Proteobacteria;c__Gammaproteobacteria;o__Pseudomonadales;f__Pseudomonadaceae;g__Pseudomonas_E;s__Pseudomonas_E fluorescens_AP	0.9999999531134744
c361dc3eff21ec12b11df1b96330ac7b	ASV34d__Bacteria;p__Bacteroidota;c__Bacteroidia;o__Flavobacteriales;f__Weeksellaceae;g__Elizabethkingia;s__Elizabethkingia_miricola	0.9999999999464819
0a0a40a97a2546174076e750f2dd757d	ASV34d__Bacteria;p__Bacteroidota;c__Bacteroidia;o__Flavobacteriales;f__Weeksellaceae;g__Elizabethkingia;s__Elizabethkingia_miricola	0.999999999927752
dab2301adadfd730a65dbd026f403fe4	ASV14d__Bacteria;p__Proteobacteria;c__Gammaproteobacteria;o__Pseudomonadales;f__Pseudomonadaceae;g__Pseudomonas_E;s__Pseudomonas_E fluorescens_AP	0.999999997052214
01f7bd8570524359e37e562659f15f9b	ASV30d__Bacteria;p__Proteobacteria;c__Gammaproteobacteria;o__Enterobacterales;f__Enterobacteriaceae;g__Serratia_A;s__Serratia_Afonticola	0.9971487523826176
7d124e46e1046f811ac25dee407c2273	ASV29d__Bacteria;p__Proteobacteria;c__Gammaproteobacteria;o__Enterobacterales;f__Enterobacteriaceae;g__Citrobacter;s__Citrobacter_braakii	0.9994262715990072
ece92f0a8bd509ea20e9caed7a4e352e	ASV10d__Bacteria;p__Proteobacteria;c__Gammaproteobacteria;o__Burkholderiales;f__Burkholderiaceae;g__Comamonas_B;s__	0.9946759700216777
64e18205b38f5405655473b825379753	ASV32d__Bacteria;p__Proteobacteria;c__Gammaproteobacteria;o__Burkholderiales;f__Burkholderiaceae;g__Achromobacter;s__	0.9999992016274949
2ce9635af69fcaccf9eb8ac48ff8f5e9	ASV14d__Bacteria;p__Proteobacteria;c__Gammaproteobacteria;o__Pseudomonadales;f__Pseudomonadaceae;g__Pseudomonas_E;s__Pseudomonas_E fluorescens_AP	0.9999999979927168
3bebc7a022f5abdc3edcd0aa5752fe1f	Unassigned	0.5332951753486279
cca9da3e03bac557ccba323df253ea41	Unassigned	0.5826980264754011
99af45eea414bab2eb533cbcfdc255a0	Unassigned	0.844087577559684
5d166ba831037e5859b0b0bd308fe06a	Unassigned	0.8054628836307411
f851f81e6c6ed20651bb52dee63ad066	Unassigned	0.756723040214996
8a998cf71ddb6dc0ff05b216eba68b05	Unassigned	0.8663818480906802
65b1235ee2b4cc77350ca2ff22652732	ASV2d__Bacteria;p__Bacteroidota;c__Bacteroidia;o__Sphingobacteriales;f__Sphingobacteriaceae;g__Pedobacter;s__	0.9974869330603354
f2eea62ae04308634416a4b467744862	X391_Actinobacteria;Actinomycetales;Microbacteriaceae;Leifsonia	0.9999999999995453
0c0875b854d711596278f74782808823	ASV9d__Bacteria;p__Proteobacteria;c__Alphaproteobacteria;o__Caulobacterales;f__Caulobacteraceae;g__Brevundimonas;s__	0.9999999772910828
0deb806210cf34218e21944426e70676	ASV19d__Bacteria;p__Bacteroidota;c__Bacteroidia;o__Sphingobacteriales;f__Sphingobacteriaceae;g__Pedobacter;s__	0.9996736743185091
4ab121e78f956cfb34f4279c3ca9636c	ASV31d__Bacteria;p__Proteobacteria;c__Gammaproteobacteria;o__Burkholderiales;f__Burkholderiaceae;g__Delftia;s__Delftia_acidovorans	0.9994910834193085
28299e3ae3d7775c7b00170d15815185	X263_Sphingobacteriia;Sphingobacteriales;Chitinophagaceae; Chitinophaga	0.9999999999144222
9015122e1a9c37da2d08e6efe923094a	ASV28d__Bacteria;p__Bacteroidota;c__Bacteroidia;o__Sphingobacteriales;f__Sphingobacteriaceae;g__Pedobacter;s__	0.9972888989238005
981bc28471ac034a680c6af9e3609450	ASV8d__Bacteria;p__Proteobacteria;c__Alphaproteobacteria;o__Rhizobiales;f__Rhizobiaceae;g__Rhizobium;s__	0.9999999681610922
7252939d4e8539bc018fa8032545a3e5	Unassigned	0.721065179135161
3e1ae3616843da087138ed8a35505b61	X120_Alphaproteobacteria;Sphingomonadales;Sphingomonadaceae;Sphingomonas	0.9999998653690716
34586f6cc849bde7a12de34381f44f75	ASV9d__Bacteria;p__Proteobacteria;c__Alphaproteobacteria;o__Caulobacterales;f__Caulobacteraceae;g__Brevundimonas;s__	0.9999998814930179
236ce9464cea36f68f59e1ec4022ab90	ASV2d__Bacteria;p__Bacteroidota;c__Bacteroidia;o__Sphingobacteriales;f__Sphingobacteriaceae;g__Pedobacter;s__	0.9993204410785718
35b32e01a196fd1385f12426948e19ac	ASV34d__Bacteria;p__Bacteroidota;c__Bacteroidia;o__Flavobacteriales;f__Weeksellaceae;g__Elizabethkingia;s__Elizabethkingia_miricola	0.9999999996092725
55d4150f38ba18ef74d70742441315f5	Unassigned	0.8444616840445273
228bd3db039857c3b91a4aedbb4d78a7	ASV14d__Bacteria;p__Proteobacteria;c__Gammaproteobacteria;o__Pseudomonadales;f__Pseudomonadaceae;g__Pseudomonas_E;s__Pseudomonas_E fluorescens_AP	0.9999999998499902
9f8854fd2667d0e220e01f82ac5afda0	ASV5d__Bacteria;p__Proteobacteria;c__Gammaproteobacteria;o__Burkholderiales;f__Chromobacteriaceae;g__Chromobacterium;s__Chromobacteriumsp002213445	0.9997181542678082
9ff09b597fb8907035f818b362a52b83	ASV30d__Bacteria;p__Proteobacteria;c__Gammaproteobacteria;o__Enterobacterales;f__Enterobacteriaceae;g__Serratia_A;s__Serratia_Afonticola	0.9995632521699894
4f2bb5938742540de776a7c0beb67cd7	ASV34d__Bacteria;p__Bacteroidota;c__Bacteroidia;o__Flavobacteriales;f__Weeksellaceae;g__Elizabethkingia;s__Elizabethkingia_miricola	0.9999999999192255
f3a62dc08109f5511b0ebda6f5ee5275	ASV10d__Bacteria;p__Proteobacteria;c__Gammaproteobacteria;o__Burkholderiales;f__Burkholderiaceae;g__Comamonas_B;s__	0.9964932109694532
56af1e6056cc096ff6a26bf2c90ec8da	ASV16d__Bacteria;p__Proteobacteria;c__Gammaproteobacteria;o__Burkholderiales;f__Chromobacteriaceae;g__Aquitalea;s__	0.9952753538549081
7d8bd81b10042359321aebb9dda2c2ab	ASV30d__Bacteria;p__Proteobacteria;c__Gammaproteobacteria;o__Enterobacterales;f__Enterobacteriaceae;g__Serratia_A;s__Serratia_Afonticola	0.9991403432172699
3550776cad44e0fdb9ac2f825944bfd3	ASV14d__Bacteria;p__Proteobacteria;c__Gammaproteobacteria;o__Pseudomonadales;f__Pseudomonadaceae;g__Pseudomonas_E;s__Pseudomonas_E fluorescens_AP	0.9999999998601936
afeb9ab4ead9470838420b4cd16591b0	ASV14d__Bacteria;p__Proteobacteria;c__Gammaproteobacteria;o__Pseudomonadales;f__Pseudomonadaceae;g__Pseudomonas_E;s__Pseudomonas_E fluorescens_AP	0.9999999997011741
4e70f3bc88d8281c7e1f45dfc7fd9cb6	ASV34d__Bacteria;p__Bacteroidota;c__Bacteroidia;o__Flavobacteriales;f__Weeksellaceae;g__Elizabethkingia;s__Elizabethkingia_miricola	0.9999999998733671
d1f1de1da1d77be038db5919fe235705	ASV29d__Bacteria;p__Proteobacteria;c__Gammaproteobacteria;o__Enterobacterales;f__Enterobacteriaceae;g__Citrobacter;s__Citrobacter_braakii	0.999748029315368
ca38b23e398476fa65e7bacda7ac5b57	ASV14d__Bacteria;p__Proteobacteria;c__Gammaproteobacteria;o__Pseudomonadales;f__Pseudomonadaceae;g__Pseudomonas_E;s__Pseudomonas_E fluorescens_AP	0.9999999998045155
d48dde23bd0a617570052854ed272d70	ASV14d__Bacteria;p__Proteobacteria;c__Gammaproteobacteria;o__Pseudomonadales;f__Pseudomonadaceae;g__Pseudomonas_E;s__Pseudomonas_E fluorescens_AP	0.9999999995671516
f892df3811735801ba0b25404dc47643	ASV14d__Bacteria;p__Proteobacteria;c__Gammaproteobacteria;o__Pseudomonadales;f__Pseudomonadaceae;g__Pseudomonas_E;s__Pseudomonas_E fluorescens_AP	0.9999999993749924
86250b9eedf6577d09d7a83dab274bb4	ASV30d__Bacteria;p__Proteobacteria;c__Gammaproteobacteria;o__Enterobacterales;f__Enterobacteriaceae;g__Serratia_A;s__Serratia_Afonticola	0.998002140639885
0bcf67c414d481bae027fda574f1d76d	ASV14d__Bacteria;p__Proteobacteria;c__Gammaproteobacteria;o__Pseudomonadales;f__Pseudomonadaceae;g__Pseudomonas_E;s__Pseudomonas_E fluorescens_AP	0.9999999975756282
489c388d9d96469f353aebe3390cf1a1	ASV14d__Bacteria;p__Proteobacteria;c__Gammaproteobacteria;o__Pseudomonadales;f__Pseudomonadaceae;g__Pseudomonas_E;s__Pseudomonas_E fluorescens_AP	0.9999999997732516
2dee6e464993798222566ba69fc55cee	ASV34d__Bacteria;p__Bacteroidota;c__Bacteroidia;o__Flavobacteriales;f__Weeksellaceae;g__Elizabethkingia;s__Elizabethkingia_miricola	0.9999999999108127
0d7d5ac0f189d6ff5c93703e14b50137	ASV14d__Bacteria;p__Proteobacteria;c__Gammaproteobacteria;o__Pseudomonadales;f__Pseudomonadaceae;g__Pseudomonas_E;s__Pseudomonas_E fluorescens_AP	0.9999999985079882
bf6cfe645c9c29af6259f621a4e80c91	ASV14d__Bacteria;p__Proteobacteria;c__Gammaproteobacteria;o__Pseudomonadales;f__Pseudomonadaceae;g__Pseudomonas_E;s__Pseudomonas_E fluorescens_AP	0.9999999987425809
d151f7b71a6c6bf8fe17128fdf1b8e93	ASV34d__Bacteria;p__Bacteroidota;c__Bacteroidia;o__Flavobacteriales;f__Weeksellaceae;g__Elizabethkingia;s__Elizabethkingia_miricola	0.9999999996591384
40b2da5d6265e60dd498b35721e4d620	ASV34d__Bacteria;p__Bacteroidota;c__Bacteroidia;o__Flavobacteriales;f__Weeksellaceae;g__Elizabethkingia;s__Elizabethkingia_miricola	0.9999999991416217
429d216e561b2100e69b05a16db96c80	ASV14d__Bacteria;p__Proteobacteria;c__Gammaproteobacteria;o__Pseudomonadales;f__Pseudomonadaceae;g__Pseudomonas_E;s__Pseudomonas_E fluorescens_AP	0.9999999994050484
bfecd2f4d3d51426b2d132feeaf2956f	ASV14d__Bacteria;p__Proteobacteria;c__Gammaproteobacteria;o__Pseudomonadales;f__Pseudomonadaceae;g__Pseudomonas_E;s__Pseudomonas_E fluorescens_AP	0.9999999963702209
bc3c02f68e5bed6df794d1648c27f135	ASV14d__Bacteria;p__Proteobacteria;c__Gammaproteobacteria;o__Pseudomonadales;f__Pseudomonadaceae;g__Pseudomonas_E;s__Pseudomonas_E fluorescens_AP	0.999999996755804
f22503e02c2b9eeb89e43e964a25f133	ASV14d__Bacteria;p__Proteobacteria;c__Gammaproteobacteria;o__Pseudomonadales;f__Pseudomonadaceae;g__Pseudomonas_E;s__Pseudomonas_E fluorescens_AP	0.999999997087869
0149bc2f9848f1c8b5ca6298ddf419f1	ASV29d__Bacteria;p__Proteobacteria;c__Gammaproteobacteria;o__Enterobacterales;f__Enterobacteriaceae;g__Citrobacter;s__Citrobacter_braakii	0.9998361223847392
753a03f70d5e064961203f6afaf62890	ASV29d__Bacteria;p__Proteobacteria;c__Gammaproteobacteria;o__Enterobacterales;f__Enterobacteriaceae;g__Citrobacter;s__Citrobacter_braakii	0.9998927931634917
9f62f759193ffd6d1682ddbc56bbc77b	Unassigned	0.6235528328351226
0b5fff363d877b192844a38a6017aec4	Unassigned	0.8229610833563218
186fe69e5269de8f9365d687e4c855d6	Unassigned	0.7316290192241722
e244f0b43537346aa1644cba24168f62	Unassigned	0.6685357721987928
3437b8a5ca65f1cc8e80a342da8c9459	Unassigned	0.51110769064321
b40cc0a5a3b36f506067963ce40c55ee	Unassigned	0.8781653333700709
50482070cf2796803e28a5bad7748254	Unassigned	0.347602361466572
00225068253e9f9ca88107ebb22338ad	Unassigned	0.7682811937924872
4d0a337d5019cee3006a98057ae88db6	Unassigned	0.8484287345806963
b2f09d676307d89535bd775c9d5982ac	ASV8d__Bacteria;p__Proteobacteria;c__Alphaproteobacteria;o__Rhizobiales;f__Rhizobiaceae;g__Rhizobium;s__	0.8488584994183928
fa9ad37a1fc07913c4245176e9c70c50	Unassigned	0.7123644620792959
579c43d17104937cf409669cef00592a	ASV34d__Bacteria;p__Bacteroidota;c__Bacteroidia;o__Flavobacteriales;f__Weeksellaceae;g__Elizabethkingia;s__Elizabethkingia_miricola	0.9999999999686793
ae5e0ff573dadf0f40f4ec6d83e85519	ASV29d__Bacteria;p__Proteobacteria;c__Gammaproteobacteria;o__Enterobacterales;f__Enterobacteriaceae;g__Citrobacter;s__Citrobacter_braakii	0.9998281431665312
4490c3ed1940f22d51be5fc97a4cca50	X491_Betaproteobacteria;Burkholderiales;Burkholderiaceae;Pandoraea	0.9906808736720165
83cc30be69d923ca84d239d270a49da1	ASV34d__Bacteria;p__Bacteroidota;c__Bacteroidia;o__Flavobacteriales;f__Weeksellaceae;g__Elizabethkingia;s__Elizabethkingia_miricola	0.9999999995968096
30ed1a7d7e754336cb7373afc43bb5c2	ASV14d__Bacteria;p__Proteobacteria;c__Gammaproteobacteria;o__Pseudomonadales;f__Pseudomonadaceae;g__Pseudomonas_E;s__Pseudomonas_E fluorescens_AP	0.9999999919496219
f2514d5b53a38aaa38984d91c2662d60	ASV34d__Bacteria;p__Bacteroidota;c__Bacteroidia;o__Flavobacteriales;f__Weeksellaceae;g__Elizabethkingia;s__Elizabethkingia_miricola	0.9999999999470077
a136f8a25d1d3d9818e9aa5f7b09e994	ASV31d__Bacteria;p__Proteobacteria;c__Gammaproteobacteria;o__Burkholderiales;f__Burkholderiaceae;g__Delftia;s__Delftia_acidovorans	0.9996140826297204
c08bc1653f58d6c3b86cc1f61127c0e3	ASV34d__Bacteria;p__Bacteroidota;c__Bacteroidia;o__Flavobacteriales;f__Weeksellaceae;g__Elizabethkingia;s__Elizabethkingia_miricola	0.9999999999580211
3447b2b954278c8bb1fc7e1a3bdf7ead	ASV5d__Bacteria;p__Proteobacteria;c__Gammaproteobacteria;o__Burkholderiales;f__Chromobacteriaceae;g__Chromobacterium;s__Chromobacteriumsp002213445	0.9980281426396985
a732890de6f67468b6b0fa667b9f52cd	ASV34d__Bacteria;p__Bacteroidota;c__Bacteroidia;o__Flavobacteriales;f__Weeksellaceae;g__Elizabethkingia;s__Elizabethkingia_miricola	0.9999999999911608
b1042c833f2d22e466d2d8e6e7710011	ASV29d__Bacteria;p__Proteobacteria;c__Gammaproteobacteria;o__Enterobacterales;f__Enterobacteriaceae;g__Citrobacter;s__Citrobacter_braakii	0.9994090605253844
07d7b0ad8a28f349e24ec23b4da28ffa	ASV34d__Bacteria;p__Bacteroidota;c__Bacteroidia;o__Flavobacteriales;f__Weeksellaceae;g__Elizabethkingia;s__Elizabethkingia_miricola	0.9999999996911981
5df67e4c9d68c2f9047509246e719f94	ASV14d__Bacteria;p__Proteobacteria;c__Gammaproteobacteria;o__Pseudomonadales;f__Pseudomonadaceae;g__Pseudomonas_E;s__Pseudomonas_E fluorescens_AP	0.9999999996933013
315bcb4e2e7bb4b393bb51789686f5d9	X391_Actinobacteria;Actinomycetales;Microbacteriaceae;Leifsonia	0.9999999999998721
0e5f953d449565f26ca8811ba3bd8cdd	ASV32d__Bacteria;p__Proteobacteria;c__Gammaproteobacteria;o__Burkholderiales;f__Burkholderiaceae;g__Achromobacter;s__	0.9999971314458735
4cbdb684e3bb4d8d1dfa8840abe3c100	ASV14d__Bacteria;p__Proteobacteria;c__Gammaproteobacteria;o__Pseudomonadales;f__Pseudomonadaceae;g__Pseudomonas_E;s__Pseudomonas_E fluorescens_AP	0.9999999998692601
725ade0f7a9ee3bac36e539140d9d23a	ASV14d__Bacteria;p__Proteobacteria;c__Gammaproteobacteria;o__Pseudomonadales;f__Pseudomonadaceae;g__Pseudomonas_E;s__Pseudomonas_E fluorescens_AP	0.999999970467059
2d64b5a83f059299b8363b5b317f5906	ASV34d__Bacteria;p__Bacteroidota;c__Bacteroidia;o__Flavobacteriales;f__Weeksellaceae;g__Elizabethkingia;s__Elizabethkingia_miricola	0.9999999998372573
272372cd8dee695318b6f1c962d7977f	ASV34d__Bacteria;p__Bacteroidota;c__Bacteroidia;o__Flavobacteriales;f__Weeksellaceae;g__Elizabethkingia;s__Elizabethkingia_miricola	0.99999999990942
53d68c9f382498dbfa4d07ac8bc4dd70	ASV17d__Bacteria;p__Bacteroidota;c__Bacteroidia;o__Sphingobacteriales;f__Sphingobacteriaceae;g__Pedobacter;s__	0.9496313652042172
bbf47a362dae02f2b7c15ffb317d798d	ASV29d__Bacteria;p__Proteobacteria;c__Gammaproteobacteria;o__Enterobacterales;f__Enterobacteriaceae;g__Citrobacter;s__Citrobacter_braakii	0.999414997218414
1ceee71951665ec8a3bd4b253aebe489	ASV30d__Bacteria;p__Proteobacteria;c__Gammaproteobacteria;o__Enterobacterales;f__Enterobacteriaceae;g__Serratia_A;s__Serratia_Afonticola	0.9995828526499514
90eac7063759d24ab05415ecb01ded24	ASV14d__Bacteria;p__Proteobacteria;c__Gammaproteobacteria;o__Pseudomonadales;f__Pseudomonadaceae;g__Pseudomonas_E;s__Pseudomonas_E fluorescens_AP	0.9999999989750279
112e0151a92c89c23767eda9ea578bbe	ASV32d__Bacteria;p__Proteobacteria;c__Gammaproteobacteria;o__Burkholderiales;f__Burkholderiaceae;g__Achromobacter;s__	0.9999988519163931
797eb2fa5b559248e88df7358c19612e	X263_Sphingobacteriia;Sphingobacteriales;Chitinophagaceae; Chitinophaga	0.9999999996097984
2ccc39b52c032803743babb642cfed03	ASV34d__Bacteria;p__Bacteroidota;c__Bacteroidia;o__Flavobacteriales;f__Weeksellaceae;g__Elizabethkingia;s__Elizabethkingia_miricola	0.9999999997775291
0af559ab189c7b7aa78cee3c29c306ec	ASV34d__Bacteria;p__Bacteroidota;c__Bacteroidia;o__Flavobacteriales;f__Weeksellaceae;g__Elizabethkingia;s__Elizabethkingia_miricola	0.9999999971747968
aced4d17ad1127ef608e76a770e7dded	ASV29d__Bacteria;p__Proteobacteria;c__Gammaproteobacteria;o__Enterobacterales;f__Enterobacteriaceae;g__Citrobacter;s__Citrobacter_braakii	0.9998482060202842
faf1fafb16dd48493de46fb230e8ad30	ASV34d__Bacteria;p__Bacteroidota;c__Bacteroidia;o__Flavobacteriales;f__Weeksellaceae;g__Elizabethkingia;s__Elizabethkingia_miricola	0.9999999998240554
8b9926f9c345084ff0fe9cfcff3b2160	ASV32d__Bacteria;p__Proteobacteria;c__Gammaproteobacteria;o__Burkholderiales;f__Burkholderiaceae;g__Achromobacter;s__	0.9999989507414957
1d50935c151447319595fb9d502a27de	ASV14d__Bacteria;p__Proteobacteria;c__Gammaproteobacteria;o__Pseudomonadales;f__Pseudomonadaceae;g__Pseudomonas_E;s__Pseudomonas_E fluorescens_AP	0.9999999969230373
5ed5c57efcb9b41c342dbec717858a9c	ASV14d__Bacteria;p__Proteobacteria;c__Gammaproteobacteria;o__Pseudomonadales;f__Pseudomonadaceae;g__Pseudomonas_E;s__Pseudomonas_E fluorescens_AP	0.9999999994429345
27bcb9035aaeb6aceb635dd997151edc	Unassigned	0.816836651505001
2ab82c0691a29b3e7a85aa151a14a90e	X391_Actinobacteria;Actinomycetales;Microbacteriaceae;Leifsonia	0.9999999999998579
dcc25f8d40504cc95bc2e1e9e29741f3	ASV14d__Bacteria;p__Proteobacteria;c__Gammaproteobacteria;o__Pseudomonadales;f__Pseudomonadaceae;g__Pseudomonas_E;s__Pseudomonas_E fluorescens_AP	0.9999999993843431
9aa2502fd6d96efaabc6688ff6a00e7d	ASV34d__Bacteria;p__Bacteroidota;c__Bacteroidia;o__Flavobacteriales;f__Weeksellaceae;g__Elizabethkingia;s__Elizabethkingia_miricola	0.9999999998267981
fb436dfd3ec7add6f1cf6c03fde918d8	ASV34d__Bacteria;p__Bacteroidota;c__Bacteroidia;o__Flavobacteriales;f__Weeksellaceae;g__Elizabethkingia;s__Elizabethkingia_miricola	0.9999999999850075
7d15c37b188679f02887f7250b420473	ASV22d__Bacteria;p__Proteobacteria;c__Gammaproteobacteria;o__Burkholderiales;f__Burkholderiaceae;g__Paraburkholderia_B;s__	0.9992281255989672
84fc97bc3996099a9f5018b76f6bbcbb	ASV9d__Bacteria;p__Proteobacteria;c__Alphaproteobacteria;o__Caulobacterales;f__Caulobacteraceae;g__Brevundimonas;s__	0.999999986427497
b634f31d680e4f6b22119260463a5f2c	ASV34d__Bacteria;p__Bacteroidota;c__Bacteroidia;o__Flavobacteriales;f__Weeksellaceae;g__Elizabethkingia;s__Elizabethkingia_miricola	0.999999999676703
e2fee583893ce611a2f153e88c713d93	ASV22d__Bacteria;p__Proteobacteria;c__Gammaproteobacteria;o__Burkholderiales;f__Burkholderiaceae;g__Paraburkholderia_B;s__	0.9992176918373715
d3c95844d67ec822d24943fd7a35a213	ASV31d__Bacteria;p__Proteobacteria;c__Gammaproteobacteria;o__Burkholderiales;f__Burkholderiaceae;g__Delftia;s__Delftia_acidovorans	0.9997503182387742
dacda8b1fa1789a387b559788e720aae	ASV17d__Bacteria;p__Bacteroidota;c__Bacteroidia;o__Sphingobacteriales;f__Sphingobacteriaceae;g__Pedobacter;s__	0.9112564793855423
54856b53a9d39cbd904d3c9da21a275d	ASV32d__Bacteria;p__Proteobacteria;c__Gammaproteobacteria;o__Burkholderiales;f__Burkholderiaceae;g__Achromobacter;s__	0.9999972114598079
047d314ae2b84b5c09f4cf0e5d446161	ASV34d__Bacteria;p__Bacteroidota;c__Bacteroidia;o__Flavobacteriales;f__Weeksellaceae;g__Elizabethkingia;s__Elizabethkingia_miricola	0.9999999998447038
f2aadcc717099f68cde4904eb8effc5c	ASV14d__Bacteria;p__Proteobacteria;c__Gammaproteobacteria;o__Pseudomonadales;f__Pseudomonadaceae;g__Pseudomonas_E;s__Pseudomonas_E fluorescens_AP	0.9999999994780495
0dd7fceefdb4538060a32430f71a93c1	ASV32d__Bacteria;p__Proteobacteria;c__Gammaproteobacteria;o__Burkholderiales;f__Burkholderiaceae;g__Achromobacter;s__	0.9999984469230138
61aed6eadb441651122481ed1a091ec5	ASV34d__Bacteria;p__Bacteroidota;c__Bacteroidia;o__Flavobacteriales;f__Weeksellaceae;g__Elizabethkingia;s__Elizabethkingia_miricola	0.9999999997825455
5b8916b740086fe3d2cf465971b9e7c0	ASV7d__Bacteria;p__Proteobacteria;c__Gammaproteobacteria;o__Burkholderiales;f__Burkholderiaceae;g__Herbaspirillum;s__	0.9997196456331401
5b45a933c0f4c0bd13a3e846bea0d60d	ASV19d__Bacteria;p__Bacteroidota;c__Bacteroidia;o__Sphingobacteriales;f__Sphingobacteriaceae;g__Pedobacter;s__	0.9996745552980747
a98ee76ec0763d1330faa2fa2202aa00	ASV32d__Bacteria;p__Proteobacteria;c__Gammaproteobacteria;o__Burkholderiales;f__Burkholderiaceae;g__Achromobacter;s__	0.9999994307319809
43456e381ab2ca481b0b09b563f5ca2e	ASV5d__Bacteria;p__Proteobacteria;c__Gammaproteobacteria;o__Burkholderiales;f__Chromobacteriaceae;g__Chromobacterium;s__Chromobacteriumsp002213445	0.9997553752613397
5654b8e26430438d67de702b1698d7e0	Unassigned	0.6496681734851296
b8c0b3b5101395738ad96bf35094039f	Unassigned	0.7505333982258499
ae689fc2567b391d83bc5b924705c6ef	Unassigned	0.792138684030062
40dcc5f6c6b7f21c9548085a9dce621c	Unassigned	0.7769832608530596
2025c57082058328e420a0e088d93abd	ASV16d__Bacteria;p__Proteobacteria;c__Gammaproteobacteria;o__Burkholderiales;f__Chromobacteriaceae;g__Aquitalea;s__	0.9938890270045185
8433d28352153e6b0d0b13141d0f1247	Unassigned	0.8042825288816134
c936bd4fe496a75a8338aef7bc79e34d	ASV34d__Bacteria;p__Bacteroidota;c__Bacteroidia;o__Flavobacteriales;f__Weeksellaceae;g__Elizabethkingia;s__Elizabethkingia_miricola	0.9999999999795364
02a8e7e414f9d238245a3db2a04ebfb0	Unassigned	0.6578068114880788
5ae3b3bf746354d2345977099af561c5	ASV29d__Bacteria;p__Proteobacteria;c__Gammaproteobacteria;o__Enterobacterales;f__Enterobacteriaceae;g__Citrobacter;s__Citrobacter_braakii	0.9998228662089816
aaa5f58c2d90f5ab8f90fe834641eb33	ASV29d__Bacteria;p__Proteobacteria;c__Gammaproteobacteria;o__Enterobacterales;f__Enterobacteriaceae;g__Citrobacter;s__Citrobacter_braakii	0.9998956623709562
4e13798f20bfbf59d0f4f0ea5f4d51bd	ASV14d__Bacteria;p__Proteobacteria;c__Gammaproteobacteria;o__Pseudomonadales;f__Pseudomonadaceae;g__Pseudomonas_E;s__Pseudomonas_E fluorescens_AP	0.9999999998949392
58cae80ee00f2511db97cbe4beead89c	ASV32d__Bacteria;p__Proteobacteria;c__Gammaproteobacteria;o__Burkholderiales;f__Burkholderiaceae;g__Achromobacter;s__	0.9999990011935594
00f7e87059a91ffa2096489fb49d0555	ASV29d__Bacteria;p__Proteobacteria;c__Gammaproteobacteria;o__Enterobacterales;f__Enterobacteriaceae;g__Citrobacter;s__Citrobacter_braakii	0.9998326131826609
5f6282101d22b55c0dc33e8b382a8545	ASV5d__Bacteria;p__Proteobacteria;c__Gammaproteobacteria;o__Burkholderiales;f__Chromobacteriaceae;g__Chromobacterium;s__Chromobacteriumsp002213445	0.9997588879179288
db5b110c0ba32efb217588aa5d97d797	ASV34d__Bacteria;p__Bacteroidota;c__Bacteroidia;o__Flavobacteriales;f__Weeksellaceae;g__Elizabethkingia;s__Elizabethkingia_miricola	0.9999999999079137
0cd729268167e32e36a435c6036552b4	Unassigned	0.763499715250703
2fc3f79ded752453e1f2862401189df2	ASV14d__Bacteria;p__Proteobacteria;c__Gammaproteobacteria;o__Pseudomonadales;f__Pseudomonadaceae;g__Pseudomonas_E;s__Pseudomonas_E fluorescens_AP	0.9999999998424727
cf487ab9f1972f20fc0ead3598066b49	ASV34d__Bacteria;p__Bacteroidota;c__Bacteroidia;o__Flavobacteriales;f__Weeksellaceae;g__Elizabethkingia;s__Elizabethkingia_miricola	0.9999999999825917
8d4f711e0d30e784f93325513dfa913e	ASV29d__Bacteria;p__Proteobacteria;c__Gammaproteobacteria;o__Enterobacterales;f__Enterobacteriaceae;g__Citrobacter;s__Citrobacter_braakii	0.999822168821822
d374aed814b7fbe86892f263c584d309	ASV31d__Bacteria;p__Proteobacteria;c__Gammaproteobacteria;o__Burkholderiales;f__Burkholderiaceae;g__Delftia;s__Delftia_acidovorans	0.9997045683015675
ff87cae33ae2fa74a4490d9c01759703	ASV14d__Bacteria;p__Proteobacteria;c__Gammaproteobacteria;o__Pseudomonadales;f__Pseudomonadaceae;g__Pseudomonas_E;s__Pseudomonas_E fluorescens_AP	0.9999999998350546
2712211b10d27c7f702afc209786c980	ASV29d__Bacteria;p__Proteobacteria;c__Gammaproteobacteria;o__Enterobacterales;f__Enterobacteriaceae;g__Citrobacter;s__Citrobacter_braakii	0.9998523672561234
ac40cb954598191ec925376fd1306915	ASV30d__Bacteria;p__Proteobacteria;c__Gammaproteobacteria;o__Enterobacterales;f__Enterobacteriaceae;g__Serratia_A;s__Serratia_Afonticola	0.9984006672651123
cc5e59232c07ae1a7d2cd8ed576d0332	ASV14d__Bacteria;p__Proteobacteria;c__Gammaproteobacteria;o__Pseudomonadales;f__Pseudomonadaceae;g__Pseudomonas_E;s__Pseudomonas_E fluorescens_AP	0.9999999998920828
dc90c1bf2415a4b6b037edff974d1b65	ASV34d__Bacteria;p__Bacteroidota;c__Bacteroidia;o__Flavobacteriales;f__Weeksellaceae;g__Elizabethkingia;s__Elizabethkingia_miricola	0.9999999998214264
d1b4e2f7c69e482853abf558199a4375	ASV31d__Bacteria;p__Proteobacteria;c__Gammaproteobacteria;o__Burkholderiales;f__Burkholderiaceae;g__Delftia;s__Delftia_acidovorans	0.9984367190545691
0a641d85b0da2bc501e25bf8947afe7f	ASV16d__Bacteria;p__Proteobacteria;c__Gammaproteobacteria;o__Burkholderiales;f__Chromobacteriaceae;g__Aquitalea;s__	0.993801394036653
bbd0a97a37e2877c55eaf418be91703b	ASV14d__Bacteria;p__Proteobacteria;c__Gammaproteobacteria;o__Pseudomonadales;f__Pseudomonadaceae;g__Pseudomonas_E;s__Pseudomonas_E fluorescens_AP	0.9999999958725709
ec91067cc610bbfe4736e7e1afda668b	Unassigned	0.6258834063193123
d36f79fa532d34b2c389911bddb21cd1	Unassigned	0.7819564780354882
687d767b0136fd398ae52fa1583d2da9	Unassigned	0.7758305529524657
41601b0270a035bcc054dd28ebd1b27b	Unassigned	0.8343374659087262
7d920080e02b30e5170ef597c7c44c44	Unassigned	0.7210805095959877
93d9411fde58ccab8c4969840649116c	Unassigned	0.6663604511742182
6b0c54ac3259bbb46f1907a638cec129	ASV17d__Bacteria;p__Bacteroidota;c__Bacteroidia;o__Sphingobacteriales;f__Sphingobacteriaceae;g__Pedobacter;s__	0.9706100473781414
b72d9894501c3fdd0dc40e10353fc1fe	ASV9d__Bacteria;p__Proteobacteria;c__Alphaproteobacteria;o__Caulobacterales;f__Caulobacteraceae;g__Brevundimonas;s__	0.9999997099217376
5b059d9d836b98abfe1f50b6bae3ad41	ASV10d__Bacteria;p__Proteobacteria;c__Gammaproteobacteria;o__Burkholderiales;f__Burkholderiaceae;g__Comamonas_B;s__	0.9883558520556117
52f54c5b5d5df30fe42a0fb887acf2c0	ASV34d__Bacteria;p__Bacteroidota;c__Bacteroidia;o__Flavobacteriales;f__Weeksellaceae;g__Elizabethkingia;s__Elizabethkingia_miricola	0.9999999999542695
8a1a4cfc784acd98f954f0554651583a	X391_Actinobacteria;Actinomycetales;Microbacteriaceae;Leifsonia	0.9999999999996021
1a82d68115af40aeee0cfa823da20044	X491_Betaproteobacteria;Burkholderiales;Burkholderiaceae;Pandoraea	0.998101372995564
90421b55e5242fa6fffb7eee63abf99a	ASV22d__Bacteria;p__Proteobacteria;c__Gammaproteobacteria;o__Burkholderiales;f__Burkholderiaceae;g__Paraburkholderia_B;s__	0.9994972964898844
48eab809a19d10c3bced0c0c7019592f	ASV32d__Bacteria;p__Proteobacteria;c__Gammaproteobacteria;o__Burkholderiales;f__Burkholderiaceae;g__Achromobacter;s__	0.9999993449367409
932621226e90bda0fbcb31cb4d8e86be	ASV11d__Bacteria;p__Proteobacteria;c__Gammaproteobacteria;o__Burkholderiales;f__Chromobacteriaceae;g__Aquitalea;s__Aquitaleapelogenes	0.9956158749759272
35169efe9aa725a6657cc0ea9458c3d6	ASV14d__Bacteria;p__Proteobacteria;c__Gammaproteobacteria;o__Pseudomonadales;f__Pseudomonadaceae;g__Pseudomonas_E;s__Pseudomonas_E fluorescens_AP	0.9999999940703219
57b0b037d975807e4788c07b5dfd7481	ASV30d__Bacteria;p__Proteobacteria;c__Gammaproteobacteria;o__Enterobacterales;f__Enterobacteriaceae;g__Serratia_A;s__Serratia_Afonticola	0.9935275542358173
805fc4905c3c0c5c6901eb0727f3da91	ASV5d__Bacteria;p__Proteobacteria;c__Gammaproteobacteria;o__Burkholderiales;f__Chromobacteriaceae;g__Chromobacterium;s__Chromobacteriumsp002213445	0.9997879354364367
4fd28651d50762cee551b148b4b6243d	ASV32d__Bacteria;p__Proteobacteria;c__Gammaproteobacteria;o__Burkholderiales;f__Burkholderiaceae;g__Achromobacter;s__	0.9999976022192
d576045aff3e6980d09e5d8a4ab44e6c	ASV5d__Bacteria;p__Proteobacteria;c__Gammaproteobacteria;o__Burkholderiales;f__Chromobacteriaceae;g__Chromobacterium;s__Chromobacteriumsp002213445	0.9995164540369738
0d82d904851326c2a58b7147a4982b36	ASV34d__Bacteria;p__Bacteroidota;c__Bacteroidia;o__Flavobacteriales;f__Weeksellaceae;g__Elizabethkingia;s__Elizabethkingia_miricola	0.9999999998666596
849c0e1fad33734d5cbab1121aafacea	Unassigned	0.8654140960753273
a0d05a05671660f9caaa581553c10948	ASV29d__Bacteria;p__Proteobacteria;c__Gammaproteobacteria;o__Enterobacterales;f__Enterobacteriaceae;g__Citrobacter;s__Citrobacter_braakii	0.999851177848057
c9c234aa963c640c7ce4c28418967319	Unassigned	0.8211281720589854
7a0bec8c93d2338938d0341bdd884ef1	ASV29d__Bacteria;p__Proteobacteria;c__Gammaproteobacteria;o__Enterobacterales;f__Enterobacteriaceae;g__Citrobacter;s__Citrobacter_braakii	0.999706399187264
41ff4222c71b3e0983365c3573afecd2	ASV14d__Bacteria;p__Proteobacteria;c__Gammaproteobacteria;o__Pseudomonadales;f__Pseudomonadaceae;g__Pseudomonas_E;s__Pseudomonas_E fluorescens_AP	0.999999999481787
04f94b05b082aa2711cd7e9cb9b25f76	ASV30d__Bacteria;p__Proteobacteria;c__Gammaproteobacteria;o__Enterobacterales;f__Enterobacteriaceae;g__Serratia_A;s__Serratia_Afonticola	0.999090067554844
6784c5cc1713e4035d9e6fde547640ee	ASV14d__Bacteria;p__Proteobacteria;c__Gammaproteobacteria;o__Pseudomonadales;f__Pseudomonadaceae;g__Pseudomonas_E;s__Pseudomonas_E fluorescens_AP	0.9999999941901905
fafd7c8bc6888615fe96d49d6c11fe37	ASV14d__Bacteria;p__Proteobacteria;c__Gammaproteobacteria;o__Pseudomonadales;f__Pseudomonadaceae;g__Pseudomonas_E;s__Pseudomonas_E fluorescens_AP	0.9999999996136779
098e6d96f22695dbf4638d4032689ddc	ASV14d__Bacteria;p__Proteobacteria;c__Gammaproteobacteria;o__Pseudomonadales;f__Pseudomonadaceae;g__Pseudomonas_E;s__Pseudomonas_E fluorescens_AP	0.9999999995254285
9de3f1f7cce1acc0ef1eefc701b7b54d	ASV5d__Bacteria;p__Proteobacteria;c__Gammaproteobacteria;o__Burkholderiales;f__Chromobacteriaceae;g__Chromobacterium;s__Chromobacteriumsp002213445	0.9996658882097016
bacf141cf8b7376bd7199711b45d0e1f	ASV29d__Bacteria;p__Proteobacteria;c__Gammaproteobacteria;o__Enterobacterales;f__Enterobacteriaceae;g__Citrobacter;s__Citrobacter_braakii	0.9996859183386687
30c3a1a02706a4886cca4b4b54ccc2b5	ASV34d__Bacteria;p__Bacteroidota;c__Bacteroidia;o__Flavobacteriales;f__Weeksellaceae;g__Elizabethkingia;s__Elizabethkingia_miricola	0.9999999999109832
802f1ae5c5cc564749374428dacd126d	ASV14d__Bacteria;p__Proteobacteria;c__Gammaproteobacteria;o__Pseudomonadales;f__Pseudomonadaceae;g__Pseudomonas_E;s__Pseudomonas_E fluorescens_AP	0.9999999988448707
18c6562ee545ab2529be1f685125d5f8	ASV34d__Bacteria;p__Bacteroidota;c__Bacteroidia;o__Flavobacteriales;f__Weeksellaceae;g__Elizabethkingia;s__Elizabethkingia_miricola	0.9999999999832028
da5bb564da021688506e97cd0b508a7f	ASV14d__Bacteria;p__Proteobacteria;c__Gammaproteobacteria;o__Pseudomonadales;f__Pseudomonadaceae;g__Pseudomonas_E;s__Pseudomonas_E fluorescens_AP	0.9999999996374811
8acdea63c59230a29f6550ea53e6d30c	ASV14d__Bacteria;p__Proteobacteria;c__Gammaproteobacteria;o__Pseudomonadales;f__Pseudomonadaceae;g__Pseudomonas_E;s__Pseudomonas_E fluorescens_AP	0.9999999982094749
e3b4202997f628a03181daf882b59e98	ASV34d__Bacteria;p__Bacteroidota;c__Bacteroidia;o__Flavobacteriales;f__Weeksellaceae;g__Elizabethkingia;s__Elizabethkingia_miricola	0.9999999999581917
f7d0aa70330582627cc31f6280cda58f	Unassigned	0.38852145514630176
b0058b2865561505465c57613e30c312	ASV34d__Bacteria;p__Bacteroidota;c__Bacteroidia;o__Flavobacteriales;f__Weeksellaceae;g__Elizabethkingia;s__Elizabethkingia_miricola	0.9999999999910472
85c44c83eddc5d3028261a1000b7d0e1	ASV14d__Bacteria;p__Proteobacteria;c__Gammaproteobacteria;o__Pseudomonadales;f__Pseudomonadaceae;g__Pseudomonas_E;s__Pseudomonas_E fluorescens_AP	0.8949825478920621
cd9ad3e5035866d9658128dd4c9228eb	Unassigned	0.7410923771620852
35f16aa99c6c32fe7aaf8076d15e186d	ASV5d__Bacteria;p__Proteobacteria;c__Gammaproteobacteria;o__Burkholderiales;f__Chromobacteriaceae;g__Chromobacterium;s__Chromobacteriumsp002213445	0.9997529929270834
a28e45b6603e4a7dc41d1c2743fb5226	ASV8d__Bacteria;p__Proteobacteria;c__Alphaproteobacteria;o__Rhizobiales;f__Rhizobiaceae;g__Rhizobium;s__	0.9999999693755801
69f94c86bb5f77dcd6b0b98943d8821f	ASV30d__Bacteria;p__Proteobacteria;c__Gammaproteobacteria;o__Enterobacterales;f__Enterobacteriaceae;g__Serratia_A;s__Serratia_Afonticola	0.9995501799581
820f6693f569e339f183638cd73a7fe6	X391_Actinobacteria;Actinomycetales;Microbacteriaceae;Leifsonia	0.9988916977405042
65598af5cab0a485ac4ae0bd7ad126b2	ASV34d__Bacteria;p__Bacteroidota;c__Bacteroidia;o__Flavobacteriales;f__Weeksellaceae;g__Elizabethkingia;s__Elizabethkingia_miricola	0.9999999999683808
a4ef3ab7ef9d0e8845a2700723f77c94	Unassigned	0.5068801487575347
1c87d63d4b7b70e01d96547b3af37a56	Unassigned	0.5976249043487833
b607b00f7ade95b30affbdb7a196ae3f	Unassigned	0.827158251264895
a6dd05d22af1eaf142f6a9fb6731d32f	Unassigned	0.8324942615885884
25dee5a277de6e0b4133d6e12f993b72	Unassigned	0.45024815882248037
7bdbfbb6c4f9a4afdd69f36ea54cb182	Unassigned	0.7064683503522586
3dad98a41cef02ce4221e87c345d02d1	ASV31d__Bacteria;p__Proteobacteria;c__Gammaproteobacteria;o__Burkholderiales;f__Burkholderiaceae;g__Delftia;s__Delftia_acidovorans	0.9997548523589717
8c21200d1736a3148ff018a56ecf165a	ASV30d__Bacteria;p__Proteobacteria;c__Gammaproteobacteria;o__Enterobacterales;f__Enterobacteriaceae;g__Serratia_A;s__Serratia_Afonticola	0.9990265913249052
dac42ace15c4db93d39d8c71d47080d6	Unassigned	0.8109211636978666
239da0217d7ff2340a9eb6054cf21a8b	Unassigned	0.7157900877106416
615d80eee48e81c0c5c740a5dd973214	Unassigned	0.851515850039948
c4e1f1572d3f68e1a6cf1b018e922892	Unassigned	0.6625211506169032
8a2e68440998147d0749bbb2ff99d7d8	ASV9d__Bacteria;p__Proteobacteria;c__Alphaproteobacteria;o__Caulobacterales;f__Caulobacteraceae;g__Brevundimonas;s__	0.762614663890125
fac54fffc3590462dcdb5d93230fbb44	X391_Actinobacteria;Actinomycetales;Microbacteriaceae;Leifsonia	0.9999072534927745
fd0f73734d3cc397fdf83ae0a67a41fc	Unassigned	0.7774201395457755
2e861da69a83041b19a3370d6db296cb	Unassigned	0.8846209250141552
87291354559fd5f74999a268f37d972e	X263_Sphingobacteriia;Sphingobacteriales;Chitinophagaceae; Chitinophaga	0.7880856797533654
2e263a886fa98df118009bbbdd4912ad	Unassigned	0.47096266981800006
069b7bbb3adf6b81ac30bf569f5da0d5	ASV32d__Bacteria;p__Proteobacteria;c__Gammaproteobacteria;o__Burkholderiales;f__Burkholderiaceae;g__Achromobacter;s__	0.9999987152980206
0df93aa1aa3b33cfadd5918fca13e4d5	ASV10d__Bacteria;p__Proteobacteria;c__Gammaproteobacteria;o__Burkholderiales;f__Burkholderiaceae;g__Comamonas_B;s__	0.9966604434712878
20273ef83cdfe1ba6304c292006e4634	ASV31d__Bacteria;p__Proteobacteria;c__Gammaproteobacteria;o__Burkholderiales;f__Burkholderiaceae;g__Delftia;s__Delftia_acidovorans	0.9997651414297735
302b83c1cd6b99e43f76e82b2a4ff683	ASV34d__Bacteria;p__Bacteroidota;c__Bacteroidia;o__Flavobacteriales;f__Weeksellaceae;g__Elizabethkingia;s__Elizabethkingia_miricola	0.9999999999468088
ae22a5514d4ff91651c79c9eaa4091c7	ASV14d__Bacteria;p__Proteobacteria;c__Gammaproteobacteria;o__Pseudomonadales;f__Pseudomonadaceae;g__Pseudomonas_E;s__Pseudomonas_E fluorescens_AP	0.9999999997838103
a4ae481be72c87ac22305c38e4cf0588	ASV32d__Bacteria;p__Proteobacteria;c__Gammaproteobacteria;o__Burkholderiales;f__Burkholderiaceae;g__Achromobacter;s__	0.9999986597183466
280268d7b6f067b25d2c6488c6f2ad26	ASV14d__Bacteria;p__Proteobacteria;c__Gammaproteobacteria;o__Pseudomonadales;f__Pseudomonadaceae;g__Pseudomonas_E;s__Pseudomonas_E fluorescens_AP	0.9999999939896469
aaff78268065a5f3c74524062da5bad6	ASV31d__Bacteria;p__Proteobacteria;c__Gammaproteobacteria;o__Burkholderiales;f__Burkholderiaceae;g__Delftia;s__Delftia_acidovorans	0.9997101197809191
13343b5c615d5bb37fb33328164dfcb5	ASV34d__Bacteria;p__Bacteroidota;c__Bacteroidia;o__Flavobacteriales;f__Weeksellaceae;g__Elizabethkingia;s__Elizabethkingia_miricola	0.9999999999908056
9f656f35dbec708bd860b2737cab32f2	ASV34d__Bacteria;p__Bacteroidota;c__Bacteroidia;o__Flavobacteriales;f__Weeksellaceae;g__Elizabethkingia;s__Elizabethkingia_miricola	0.9999999997132392
b9a8e357f0b1b0b7b79c639aa4fba9a7	ASV14d__Bacteria;p__Proteobacteria;c__Gammaproteobacteria;o__Pseudomonadales;f__Pseudomonadaceae;g__Pseudomonas_E;s__Pseudomonas_E fluorescens_AP	0.9999999997159676
6b3d4fbec461e5c7803c94f5e1ad5c99	ASV34d__Bacteria;p__Bacteroidota;c__Bacteroidia;o__Flavobacteriales;f__Weeksellaceae;g__Elizabethkingia;s__Elizabethkingia_miricola	0.9999999996025934
0b3b3ccd9f436d3d9f881adc8a1eb896	ASV32d__Bacteria;p__Proteobacteria;c__Gammaproteobacteria;o__Burkholderiales;f__Burkholderiaceae;g__Achromobacter;s__	0.9999994244631787
c06c125a3524b820b83e0ccaa6fff386	ASV34d__Bacteria;p__Bacteroidota;c__Bacteroidia;o__Flavobacteriales;f__Weeksellaceae;g__Elizabethkingia;s__Elizabethkingia_miricola	0.9999999999293863
13444bbdb96782cd0f76c294c5b405d8	ASV14d__Bacteria;p__Proteobacteria;c__Gammaproteobacteria;o__Pseudomonadales;f__Pseudomonadaceae;g__Pseudomonas_E;s__Pseudomonas_E fluorescens_AP	0.9999999984370476
50f4af19ef60729cee37575eb0be74d2	ASV29d__Bacteria;p__Proteobacteria;c__Gammaproteobacteria;o__Enterobacterales;f__Enterobacteriaceae;g__Citrobacter;s__Citrobacter_braakii	0.9999226949321132
621f9b643854738fdd0cdb3d95412e52	ASV5d__Bacteria;p__Proteobacteria;c__Gammaproteobacteria;o__Burkholderiales;f__Chromobacteriaceae;g__Chromobacterium;s__Chromobacteriumsp002213445	0.9996115877850358
f73fbee83137cc84896b5f8f62e0b455	ASV28d__Bacteria;p__Bacteroidota;c__Bacteroidia;o__Sphingobacteriales;f__Sphingobacteriaceae;g__Pedobacter;s__	0.9987617418324138
05e2783910ef0b16c6bed5016c7c7f8f	ASV34d__Bacteria;p__Bacteroidota;c__Bacteroidia;o__Flavobacteriales;f__Weeksellaceae;g__Elizabethkingia;s__Elizabethkingia_miricola	0.9999999982267695
0818a1e9d4c987b8d3385daff9a0280b	X491_Betaproteobacteria;Burkholderiales;Burkholderiaceae;Pandoraea	0.9902308120235322
d7c7fc1ca77a3cccb4e92ad6123d618f	ASV34d__Bacteria;p__Bacteroidota;c__Bacteroidia;o__Flavobacteriales;f__Weeksellaceae;g__Elizabethkingia;s__Elizabethkingia_miricola	0.999999999625615
8f5399e3a963ebc993907262c2dce4f5	ASV14d__Bacteria;p__Proteobacteria;c__Gammaproteobacteria;o__Pseudomonadales;f__Pseudomonadaceae;g__Pseudomonas_E;s__Pseudomonas_E fluorescens_AP	0.9999999995807087
5f00fb3bb1a3abdb8fc44747ef8ff4ef	ASV29d__Bacteria;p__Proteobacteria;c__Gammaproteobacteria;o__Enterobacterales;f__Enterobacteriaceae;g__Citrobacter;s__Citrobacter_braakii	0.9998763585117202
b1eeb8ba238cca7e1f74f277a65a55c2	ASV34d__Bacteria;p__Bacteroidota;c__Bacteroidia;o__Flavobacteriales;f__Weeksellaceae;g__Elizabethkingia;s__Elizabethkingia_miricola	0.9999999999197087
2a57f400d1f5699305bd925136dc89a3	ASV34d__Bacteria;p__Bacteroidota;c__Bacteroidia;o__Flavobacteriales;f__Weeksellaceae;g__Elizabethkingia;s__Elizabethkingia_miricola	0.9999999999316316
080f9483e7a6047ca20fbef38f28c25b	ASV34d__Bacteria;p__Bacteroidota;c__Bacteroidia;o__Flavobacteriales;f__Weeksellaceae;g__Elizabethkingia;s__Elizabethkingia_miricola	0.9999999999507878
aab5d23371b93ab80db8351a208f8831	Unassigned	0.8446788147032745
7d469698373b21f1c56af62a4c342084	ASV9d__Bacteria;p__Proteobacteria;c__Alphaproteobacteria;o__Caulobacterales;f__Caulobacteraceae;g__Brevundimonas;s__	0.9999999602262201
5a416bca378c9588c4840bde94c23918	ASV11d__Bacteria;p__Proteobacteria;c__Gammaproteobacteria;o__Burkholderiales;f__Chromobacteriaceae;g__Aquitalea;s__Aquitaleapelogenes	0.9924784920605809
07f9bc3ff42f17b02057bf1c9545473b	ASV8d__Bacteria;p__Proteobacteria;c__Alphaproteobacteria;o__Rhizobiales;f__Rhizobiaceae;g__Rhizobium;s__	0.9999999575246088
d3dc5e1e953c6ce0b549bb9e0719287a	ASV17d__Bacteria;p__Bacteroidota;c__Bacteroidia;o__Sphingobacteriales;f__Sphingobacteriaceae;g__Pedobacter;s__	0.9243013069526962
c3842c3cd7b835a7fc8db097c82821ae	ASV17d__Bacteria;p__Bacteroidota;c__Bacteroidia;o__Sphingobacteriales;f__Sphingobacteriaceae;g__Pedobacter;s__	0.9747855067332354
b13c7ae2a4966e0f36c05e0b247c9458	ASV34d__Bacteria;p__Bacteroidota;c__Bacteroidia;o__Flavobacteriales;f__Weeksellaceae;g__Elizabethkingia;s__Elizabethkingia_miricola	0.9999999997972395
d9d0c1a8dbbc36abd3326efdb4e24a6b	ASV32d__Bacteria;p__Proteobacteria;c__Gammaproteobacteria;o__Burkholderiales;f__Burkholderiaceae;g__Achromobacter;s__	0.9999996090599463
79c728f754913d6ac45340297b1ef7ad	ASV14d__Bacteria;p__Proteobacteria;c__Gammaproteobacteria;o__Pseudomonadales;f__Pseudomonadaceae;g__Pseudomonas_E;s__Pseudomonas_E fluorescens_AP	0.999999998825146
db8f7c144dce3a320b2de4a331eb5588	ASV14d__Bacteria;p__Proteobacteria;c__Gammaproteobacteria;o__Pseudomonadales;f__Pseudomonadaceae;g__Pseudomonas_E;s__Pseudomonas_E fluorescens_AP	0.99999999977247
8e3afd1d9dcee2855f7cc1169e4f2249	ASV32d__Bacteria;p__Proteobacteria;c__Gammaproteobacteria;o__Burkholderiales;f__Burkholderiaceae;g__Achromobacter;s__	0.9999993613689547
bf126e128fe9235841a0bac48fd225b0	ASV32d__Bacteria;p__Proteobacteria;c__Gammaproteobacteria;o__Burkholderiales;f__Burkholderiaceae;g__Achromobacter;s__	0.9999989400137044
70aaf102f5cf10277abb85c5356a74ec	ASV8d__Bacteria;p__Proteobacteria;c__Alphaproteobacteria;o__Rhizobiales;f__Rhizobiaceae;g__Rhizobium;s__	0.9999999887952528
f8f078e2e572611edc4c5f789af2049d	Unassigned	0.886711284190299
19d42058f3d2549040afb8a6b7ba1518	Unassigned	0.8494904864648266
0eb96b447e7b032361ecffd72b88fe9f	Unassigned	0.8685109795518184
3835ddc2690a76fc01d6f308e4f00eee	ASV29d__Bacteria;p__Proteobacteria;c__Gammaproteobacteria;o__Enterobacterales;f__Enterobacteriaceae;g__Citrobacter;s__Citrobacter_braakii	0.9998796813612508
1a4e3b3a313757e1f6e82d7d1eca699d	ASV31d__Bacteria;p__Proteobacteria;c__Gammaproteobacteria;o__Burkholderiales;f__Burkholderiaceae;g__Delftia;s__Delftia_acidovorans	0.9996609083416078
901631deca7535396f10bd240e268b2f	ASV17d__Bacteria;p__Bacteroidota;c__Bacteroidia;o__Sphingobacteriales;f__Sphingobacteriaceae;g__Pedobacter;s__	0.9518322095218777
55d1647842c8fd1b26190b709dae5457	ASV17d__Bacteria;p__Bacteroidota;c__Bacteroidia;o__Sphingobacteriales;f__Sphingobacteriaceae;g__Pedobacter;s__	0.9727200880269837
4d47f73d23f5310fc84afbd7cb09be83	ASV2d__Bacteria;p__Bacteroidota;c__Bacteroidia;o__Sphingobacteriales;f__Sphingobacteriaceae;g__Pedobacter;s__	0.9997272613486496
e0fa6a8225370ed9fa47444cacf3d632	ASV14d__Bacteria;p__Proteobacteria;c__Gammaproteobacteria;o__Pseudomonadales;f__Pseudomonadaceae;g__Pseudomonas_E;s__Pseudomonas_E fluorescens_AP	0.9999999994159054
848903673cb401830c8c4560d7c3f5d2	ASV32d__Bacteria;p__Proteobacteria;c__Gammaproteobacteria;o__Burkholderiales;f__Burkholderiaceae;g__Achromobacter;s__	0.999999468935157
7bbf899ff4c64fe59e638fa8a1ce1518	ASV31d__Bacteria;p__Proteobacteria;c__Gammaproteobacteria;o__Burkholderiales;f__Burkholderiaceae;g__Delftia;s__Delftia_acidovorans	0.9997797355182776
a400609adde9a8129e0cfaf27819ccf4	ASV34d__Bacteria;p__Bacteroidota;c__Bacteroidia;o__Flavobacteriales;f__Weeksellaceae;g__Elizabethkingia;s__Elizabethkingia_miricola	0.9999999999319158
b8bd4791a44eb2160250e3569583a891	ASV30d__Bacteria;p__Proteobacteria;c__Gammaproteobacteria;o__Enterobacterales;f__Enterobacteriaceae;g__Serratia_A;s__Serratia_Afonticola	0.9969260803733553
576d5bc18a2a665d579afe49bd93c5b0	ASV30d__Bacteria;p__Proteobacteria;c__Gammaproteobacteria;o__Enterobacterales;f__Enterobacteriaceae;g__Serratia_A;s__Serratia_Afonticola	0.9965395293699467
fb39ec97543b6bd06f8f0e1d6d4c9d06	ASV5d__Bacteria;p__Proteobacteria;c__Gammaproteobacteria;o__Burkholderiales;f__Chromobacteriaceae;g__Chromobacterium;s__Chromobacteriumsp002213445	0.9996291819508305
868a7b9bb4143b754cfd3a8415678ea9	ASV34d__Bacteria;p__Bacteroidota;c__Bacteroidia;o__Flavobacteriales;f__Weeksellaceae;g__Elizabethkingia;s__Elizabethkingia_miricola	0.9999999999932072
db7a1b1e1554439a1723b814a8ff1bd2	ASV29d__Bacteria;p__Proteobacteria;c__Gammaproteobacteria;o__Enterobacterales;f__Enterobacteriaceae;g__Citrobacter;s__Citrobacter_braakii	0.9995459310764238
189e900ff7eb6659416e73e66edcc3d8	ASV32d__Bacteria;p__Proteobacteria;c__Gammaproteobacteria;o__Burkholderiales;f__Burkholderiaceae;g__Achromobacter;s__	0.9999991284281823
dfdec143bc8cc73098622643896906e8	Unassigned	0.7561595682568866
26167b3f38ecda1518b85f18a3a52e7d	Unassigned	0.7746870248003359
e0fb10bd17a571cd6284beb98dbf3627	Unassigned	0.8413532980873859
38ed4381f6ab6b1c8b30c8fb2564865f	Unassigned	0.6486247432848359
36c14012d3d8ca40b0113656c3044de6	ASV28d__Bacteria;p__Bacteroidota;c__Bacteroidia;o__Sphingobacteriales;f__Sphingobacteriaceae;g__Pedobacter;s__	0.9990447184696043
83091625742cd99040eb5ce57a3757e7	ASV34d__Bacteria;p__Bacteroidota;c__Bacteroidia;o__Flavobacteriales;f__Weeksellaceae;g__Elizabethkingia;s__Elizabethkingia_miricola	0.9999999997523474
da601e41200498cf0f1ff20aa8f01545	ASV10d__Bacteria;p__Proteobacteria;c__Gammaproteobacteria;o__Burkholderiales;f__Burkholderiaceae;g__Comamonas_B;s__	0.9971031167311885
5f34b70f3682cecefaec2d4122d12d6d	ASV2d__Bacteria;p__Bacteroidota;c__Bacteroidia;o__Sphingobacteriales;f__Sphingobacteriaceae;g__Pedobacter;s__	0.9997496275209993
c159923ff813ec9587edd724e7d5cf94	ASV17d__Bacteria;p__Bacteroidota;c__Bacteroidia;o__Sphingobacteriales;f__Sphingobacteriaceae;g__Pedobacter;s__	0.9643779699106634
2a219e790ef1251d100e133de3248c8e	ASV19d__Bacteria;p__Bacteroidota;c__Bacteroidia;o__Sphingobacteriales;f__Sphingobacteriaceae;g__Pedobacter;s__	0.999623045201379
441b7bf6833fb900aa1a89c9ae094884	ASV34d__Bacteria;p__Bacteroidota;c__Bacteroidia;o__Flavobacteriales;f__Weeksellaceae;g__Elizabethkingia;s__Elizabethkingia_miricola	0.9999999999008935
b95d5cfad919a119c8c8d34dad339a31	X263_Sphingobacteriia;Sphingobacteriales;Chitinophagaceae; Chitinophaga	0.9999999999403713
628bd9dead9ac31c86fd126704a902f4	ASV8d__Bacteria;p__Proteobacteria;c__Alphaproteobacteria;o__Rhizobiales;f__Rhizobiaceae;g__Rhizobium;s__	0.9999999890878827
db86d83f457619034a3e7439ac2b9285	ASV31d__Bacteria;p__Proteobacteria;c__Gammaproteobacteria;o__Burkholderiales;f__Burkholderiaceae;g__Delftia;s__Delftia_acidovorans	0.998355094177364
1d81cdd099ead37614308fd7cf53a15c	ASV31d__Bacteria;p__Proteobacteria;c__Gammaproteobacteria;o__Burkholderiales;f__Burkholderiaceae;g__Delftia;s__Delftia_acidovorans	0.9997791001873265
3705ed3a86ff079d4d1074b14afebde6	ASV28d__Bacteria;p__Bacteroidota;c__Bacteroidia;o__Sphingobacteriales;f__Sphingobacteriaceae;g__Pedobacter;s__	0.9991924197673498
857ca9dedce3ba3cdb590e67f06dca9b	ASV32d__Bacteria;p__Proteobacteria;c__Gammaproteobacteria;o__Burkholderiales;f__Burkholderiaceae;g__Achromobacter;s__	0.9999996392090449
8a8ca1f053917cf96a083d3d1ddeeb67	ASV31d__Bacteria;p__Proteobacteria;c__Gammaproteobacteria;o__Burkholderiales;f__Burkholderiaceae;g__Delftia;s__Delftia_acidovorans	0.9988299998974133
43796d64d11c294b38f0faaadcdab4de	ASV5d__Bacteria;p__Proteobacteria;c__Gammaproteobacteria;o__Burkholderiales;f__Chromobacteriaceae;g__Chromobacterium;s__Chromobacteriumsp002213445	0.999867044056092
70e3acd976eb429b5aea70ff7e50c7e2	ASV14d__Bacteria;p__Proteobacteria;c__Gammaproteobacteria;o__Pseudomonadales;f__Pseudomonadaceae;g__Pseudomonas_E;s__Pseudomonas_E fluorescens_AP	0.9999999993952002
f3a2131d8a1c1cd1b02e246aff37675d	ASV14d__Bacteria;p__Proteobacteria;c__Gammaproteobacteria;o__Pseudomonadales;f__Pseudomonadaceae;g__Pseudomonas_E;s__Pseudomonas_E fluorescens_AP	0.9999999980105088
5854c8ca5fd1c59945dc2a69340a92c8	ASV14d__Bacteria;p__Proteobacteria;c__Gammaproteobacteria;o__Pseudomonadales;f__Pseudomonadaceae;g__Pseudomonas_E;s__Pseudomonas_E fluorescens_AP	0.9999999965718018
412f698265eae5d365b46dee9c9f3834	ASV29d__Bacteria;p__Proteobacteria;c__Gammaproteobacteria;o__Enterobacterales;f__Enterobacteriaceae;g__Citrobacter;s__Citrobacter_braakii	0.9994913601905682
ecfb5d56cae4c687ad27d922ba6bd864	ASV16d__Bacteria;p__Proteobacteria;c__Gammaproteobacteria;o__Burkholderiales;f__Chromobacteriaceae;g__Aquitalea;s__	0.9924060609050193
fa9f83e4df5fb81640ed8e31d2859619	ASV14d__Bacteria;p__Proteobacteria;c__Gammaproteobacteria;o__Pseudomonadales;f__Pseudomonadaceae;g__Pseudomonas_E;s__Pseudomonas_E fluorescens_AP	0.999999999731159
84be0b395b995b2f117435e22fd192f5	ASV14d__Bacteria;p__Proteobacteria;c__Gammaproteobacteria;o__Pseudomonadales;f__Pseudomonadaceae;g__Pseudomonas_E;s__Pseudomonas_E fluorescens_AP	0.9999999988634869
8c61fed033db762f5b538fc3b8906ccc	ASV34d__Bacteria;p__Bacteroidota;c__Bacteroidia;o__Flavobacteriales;f__Weeksellaceae;g__Elizabethkingia;s__Elizabethkingia_miricola	0.999999999879492
db2cf926f939a6fc556acaf13465565b	ASV14d__Bacteria;p__Proteobacteria;c__Gammaproteobacteria;o__Pseudomonadales;f__Pseudomonadaceae;g__Pseudomonas_E;s__Pseudomonas_E fluorescens_AP	0.9999999991298552
c7ec626fde1c911119d2f276e272e872	ASV29d__Bacteria;p__Proteobacteria;c__Gammaproteobacteria;o__Enterobacterales;f__Enterobacteriaceae;g__Citrobacter;s__Citrobacter_braakii	0.9995952133951792
8b9dd84dad373af0011dd92c9a3742cb	ASV14d__Bacteria;p__Proteobacteria;c__Gammaproteobacteria;o__Pseudomonadales;f__Pseudomonadaceae;g__Pseudomonas_E;s__Pseudomonas_E fluorescens_AP	0.9999999993731308
9d08eb925e4483d779d991ad60b00691	ASV5d__Bacteria;p__Proteobacteria;c__Gammaproteobacteria;o__Burkholderiales;f__Chromobacteriaceae;g__Chromobacterium;s__Chromobacteriumsp002213445	0.9996480157603319
6dd9b8e16218df6b0d8499ee02567eaf	ASV14d__Bacteria;p__Proteobacteria;c__Gammaproteobacteria;o__Pseudomonadales;f__Pseudomonadaceae;g__Pseudomonas_E;s__Pseudomonas_E fluorescens_AP	0.9999999995777245
4b399acb194040ca4c2d0a3079ef2424	ASV16d__Bacteria;p__Proteobacteria;c__Gammaproteobacteria;o__Burkholderiales;f__Chromobacteriaceae;g__Aquitalea;s__	0.9909744155541628
938069197cc7fbccaf4b454d128580c1	ASV19d__Bacteria;p__Bacteroidota;c__Bacteroidia;o__Sphingobacteriales;f__Sphingobacteriaceae;g__Pedobacter;s__	0.9994448423668476
745e33556a1758ec0a03060dff880df8	ASV29d__Bacteria;p__Proteobacteria;c__Gammaproteobacteria;o__Enterobacterales;f__Enterobacteriaceae;g__Citrobacter;s__Citrobacter_braakii	0.9998445542285558
15c8b199eb365362a47442cfb76f6ce1	Unassigned	0.7635049209212684
1b8d1851630a47c3346a352160823e16	ASV14d__Bacteria;p__Proteobacteria;c__Gammaproteobacteria;o__Pseudomonadales;f__Pseudomonadaceae;g__Pseudomonas_E;s__Pseudomonas_E fluorescens_AP	0.9999999997791349
b53ac8f6f0eb40e9ba244ba1af7d69a4	ASV30d__Bacteria;p__Proteobacteria;c__Gammaproteobacteria;o__Enterobacterales;f__Enterobacteriaceae;g__Serratia_A;s__Serratia_Afonticola	0.9996664456829129
311b1eb83ad1731b13536e31b139f913	ASV34d__Bacteria;p__Bacteroidota;c__Bacteroidia;o__Flavobacteriales;f__Weeksellaceae;g__Elizabethkingia;s__Elizabethkingia_miricola	0.999999999928292
36dd86a00e433923dec1612ea52b51a9	ASV14d__Bacteria;p__Proteobacteria;c__Gammaproteobacteria;o__Pseudomonadales;f__Pseudomonadaceae;g__Pseudomonas_E;s__Pseudomonas_E fluorescens_AP	0.9999999979162908
935ac26706191bbb585bbd57e66f86b8	ASV14d__Bacteria;p__Proteobacteria;c__Gammaproteobacteria;o__Pseudomonadales;f__Pseudomonadaceae;g__Pseudomonas_E;s__Pseudomonas_E fluorescens_AP	0.9999999958698425
5039e14d12d5bea217b9c193029e3eeb	ASV29d__Bacteria;p__Proteobacteria;c__Gammaproteobacteria;o__Enterobacterales;f__Enterobacteriaceae;g__Citrobacter;s__Citrobacter_braakii	0.9990015108872791
9ed23ed92c3ef26a77640e287ddc03dd	Unassigned	0.7686945449865159
44800da171e7516c0b552943318166d0	Unassigned	0.8293881741031648
b03929dfbaa430482fb716c862da3521	ASV34d__Bacteria;p__Bacteroidota;c__Bacteroidia;o__Flavobacteriales;f__Weeksellaceae;g__Elizabethkingia;s__Elizabethkingia_miricola	0.9999999999745199
e45e47a8ff54a927e87b2a02b57b0b3a	ASV32d__Bacteria;p__Proteobacteria;c__Gammaproteobacteria;o__Burkholderiales;f__Burkholderiaceae;g__Achromobacter;s__	0.9999939156800152
0bb966a24886f414d0c293236866121c	ASV31d__Bacteria;p__Proteobacteria;c__Gammaproteobacteria;o__Burkholderiales;f__Burkholderiaceae;g__Delftia;s__Delftia_acidovorans	0.999788258378529
df84aa496b7c8a0c9738f65cf2af8d0d	ASV5d__Bacteria;p__Proteobacteria;c__Gammaproteobacteria;o__Burkholderiales;f__Chromobacteriaceae;g__Chromobacterium;s__Chromobacteriumsp002213445	0.9997324993481423
a798c57eb6e523fc1782b4b360f339cd	ASV28d__Bacteria;p__Bacteroidota;c__Bacteroidia;o__Sphingobacteriales;f__Sphingobacteriaceae;g__Pedobacter;s__	0.9995340884841447
4f337e50ca20a5990c07e5f763656efc	ASV32d__Bacteria;p__Proteobacteria;c__Gammaproteobacteria;o__Burkholderiales;f__Burkholderiaceae;g__Achromobacter;s__	0.9999988859445874
94672bef2ca0f2d07cc5b18fefc1bf1c	ASV30d__Bacteria;p__Proteobacteria;c__Gammaproteobacteria;o__Enterobacterales;f__Enterobacteriaceae;g__Serratia_A;s__Serratia_Afonticola	0.9964178126984712
67d9ff175eb011fbd1952f2116df879e	Unassigned	0.7943596628773839
9f0d1512f89b4654575e74bddbeacb79	ASV34d__Bacteria;p__Bacteroidota;c__Bacteroidia;o__Flavobacteriales;f__Weeksellaceae;g__Elizabethkingia;s__Elizabethkingia_miricola	0.9999999999606928
ff6a0e4659cc0007632313ab0c340ff8	Unassigned	0.8374019841929472
16ee0d84dd74d47986596e2546c0ee08	Unassigned	0.8295779789932975
80f216fe24177148f4c196014cd549c2	Unassigned	0.7410186110661167
59fb96b02e9b9629aa332f9958bb662e	Unassigned	0.9023463974993373
90d01326a1a75a5a5ec78a117a1b3d22	ASV2d__Bacteria;p__Bacteroidota;c__Bacteroidia;o__Sphingobacteriales;f__Sphingobacteriaceae;g__Pedobacter;s__	0.9995452925157895
571433cfacd7edbb40a2ec20e26b85bf	ASV7d__Bacteria;p__Proteobacteria;c__Gammaproteobacteria;o__Burkholderiales;f__Burkholderiaceae;g__Herbaspirillum;s__	0.9955390020428554
a5db08c5897b7c32c425e865219869c3	Unassigned	0.8019265796878605
826c4a0b46f6eb935cffac198681a192	Unassigned	0.7673637246050802
017b121c74fc22483eec798a09bc3483	Unassigned	0.8276488543686165
3617d587234f573fdd4e97dc9c4053be	Unassigned	0.7505117410037226
d281b1aa6811167d5d9368fed77b36a7	Unassigned	0.7514850156683155
a16ea966dd55a1ff8ebea6716abc0e99	Unassigned	0.7664881803961446
3128beb86261e4f874b3fcaac0cf304d	ASV29d__Bacteria;p__Proteobacteria;c__Gammaproteobacteria;o__Enterobacterales;f__Enterobacteriaceae;g__Citrobacter;s__Citrobacter_braakii	0.9998122224945414
d5391a38923ee9d6c695fa6c4f20f0b5	X263_Sphingobacteriia;Sphingobacteriales;Chitinophagaceae; Chitinophaga	0.9999999999504325
7a2d80fbbac260a8483caa53bd5f7bac	ASV30d__Bacteria;p__Proteobacteria;c__Gammaproteobacteria;o__Enterobacterales;f__Enterobacteriaceae;g__Serratia_A;s__Serratia_Afonticola	0.9997768933315349
943ba4ffe9c6263a38610221b24da7d1	ASV14d__Bacteria;p__Proteobacteria;c__Gammaproteobacteria;o__Pseudomonadales;f__Pseudomonadaceae;g__Pseudomonas_E;s__Pseudomonas_E fluorescens_AP	0.999999999764583
5aeae3d28db8458930abac4f1056e8bc	ASV32d__Bacteria;p__Proteobacteria;c__Gammaproteobacteria;o__Burkholderiales;f__Burkholderiaceae;g__Achromobacter;s__	0.9999978286168825
fa621e18fbbece4965ac040e92a42ae2	ASV9d__Bacteria;p__Proteobacteria;c__Alphaproteobacteria;o__Caulobacterales;f__Caulobacteraceae;g__Brevundimonas;s__	0.9999999853965563
7a2976dafb6219e14d84b8baccf025c5	ASV9d__Bacteria;p__Proteobacteria;c__Alphaproteobacteria;o__Caulobacterales;f__Caulobacteraceae;g__Brevundimonas;s__	0.9999999947774114
55ca1d3d5aba9581de5c1b896c5a3a63	ASV14d__Bacteria;p__Proteobacteria;c__Gammaproteobacteria;o__Pseudomonadales;f__Pseudomonadaceae;g__Pseudomonas_E;s__Pseudomonas_E fluorescens_AP	0.999999998396774
cd4a8df7c966ac8824e14ab6600cba27	ASV14d__Bacteria;p__Proteobacteria;c__Gammaproteobacteria;o__Pseudomonadales;f__Pseudomonadaceae;g__Pseudomonas_E;s__Pseudomonas_E fluorescens_AP	0.9999999999260893
3d99170152c9ded63e7e5b392ffeafb0	ASV5d__Bacteria;p__Proteobacteria;c__Gammaproteobacteria;o__Burkholderiales;f__Chromobacteriaceae;g__Chromobacterium;s__Chromobacteriumsp002213445	0.999607279483497
8d40a19b0dab53df130301cb3c21ed75	ASV28d__Bacteria;p__Bacteroidota;c__Bacteroidia;o__Sphingobacteriales;f__Sphingobacteriaceae;g__Pedobacter;s__	0.9985164192603888
15e4a18ae862c8efa47f1ad2d84b59f8	ASV32d__Bacteria;p__Proteobacteria;c__Gammaproteobacteria;o__Burkholderiales;f__Burkholderiaceae;g__Achromobacter;s__	0.9999922471656336
03639ec626ffe54739c58ccf2fa95940	ASV34d__Bacteria;p__Bacteroidota;c__Bacteroidia;o__Flavobacteriales;f__Weeksellaceae;g__Elizabethkingia;s__Elizabethkingia_miricola	0.9999999998811404
a87b72dd8e1fae2cc8270caea0c97d9f	ASV5d__Bacteria;p__Proteobacteria;c__Gammaproteobacteria;o__Burkholderiales;f__Chromobacteriaceae;g__Chromobacterium;s__Chromobacteriumsp002213445	0.9989026208514453
8d888cb23a1a6d736885f073bc4c0f18	ASV14d__Bacteria;p__Proteobacteria;c__Gammaproteobacteria;o__Pseudomonadales;f__Pseudomonadaceae;g__Pseudomonas_E;s__Pseudomonas_E fluorescens_AP	0.9999999982311323
3941801be148fe0f0b23608dff9174ab	ASV34d__Bacteria;p__Bacteroidota;c__Bacteroidia;o__Flavobacteriales;f__Weeksellaceae;g__Elizabethkingia;s__Elizabethkingia_miricola	0.999999999703391
5f6d9bad399e2c916d96bf75580ca09b	ASV31d__Bacteria;p__Proteobacteria;c__Gammaproteobacteria;o__Burkholderiales;f__Burkholderiaceae;g__Delftia;s__Delftia_acidovorans	0.9997788776248088
42d80f2a2a603d521e89a424508f2295	ASV10d__Bacteria;p__Proteobacteria;c__Gammaproteobacteria;o__Burkholderiales;f__Burkholderiaceae;g__Comamonas_B;s__	0.9987063190275617
f4a03d2d2f71b84a7350df3e881423d7	ASV14d__Bacteria;p__Proteobacteria;c__Gammaproteobacteria;o__Pseudomonadales;f__Pseudomonadaceae;g__Pseudomonas_E;s__Pseudomonas_E fluorescens_AP	0.9999999961518427
53727a0a2f52963df2f793be04103284	ASV14d__Bacteria;p__Proteobacteria;c__Gammaproteobacteria;o__Pseudomonadales;f__Pseudomonadaceae;g__Pseudomonas_E;s__Pseudomonas_E fluorescens_AP	0.9999999998187263
3623fe01f3abf58543e6777fee12b244	ASV16d__Bacteria;p__Proteobacteria;c__Gammaproteobacteria;o__Burkholderiales;f__Chromobacteriaceae;g__Aquitalea;s__	0.9943632478683752
105962272a4281ba60a85d2365fb8995	ASV14d__Bacteria;p__Proteobacteria;c__Gammaproteobacteria;o__Pseudomonadales;f__Pseudomonadaceae;g__Pseudomonas_E;s__Pseudomonas_E fluorescens_AP	0.999999999400984
bea8c50254f34a7a7088e3afd5507ca5	ASV32d__Bacteria;p__Proteobacteria;c__Gammaproteobacteria;o__Burkholderiales;f__Burkholderiaceae;g__Achromobacter;s__	0.9999979275204414
ac09f512b0a9a644293552b5b2b8f019	ASV17d__Bacteria;p__Bacteroidota;c__Bacteroidia;o__Sphingobacteriales;f__Sphingobacteriaceae;g__Pedobacter;s__	0.9039882081639591
db06f5ab741b93d5a6f9fd1fd73abbd3	ASV34d__Bacteria;p__Bacteroidota;c__Bacteroidia;o__Flavobacteriales;f__Weeksellaceae;g__Elizabethkingia;s__Elizabethkingia_miricola	0.9999999999625402
dbef790be7d184478a6d580f083ff12a	ASV34d__Bacteria;p__Bacteroidota;c__Bacteroidia;o__Flavobacteriales;f__Weeksellaceae;g__Elizabethkingia;s__Elizabethkingia_miricola	0.9999999995904147
e0607a0d218c64b8d348cc8ac4adaff8	ASV32d__Bacteria;p__Proteobacteria;c__Gammaproteobacteria;o__Burkholderiales;f__Burkholderiaceae;g__Achromobacter;s__	0.9999993697433919
79d8554c3fcc1cf6c59ae23486c29df9	ASV29d__Bacteria;p__Proteobacteria;c__Gammaproteobacteria;o__Enterobacterales;f__Enterobacteriaceae;g__Citrobacter;s__Citrobacter_braakii	0.9998403740842783
bee9f3059c72c4314da519e4373235b4	ASV11d__Bacteria;p__Proteobacteria;c__Gammaproteobacteria;o__Burkholderiales;f__Chromobacteriaceae;g__Aquitalea;s__Aquitaleapelogenes	0.9928826376064667
9352d424daa22b0bfdc7e2625e3a209c	ASV29d__Bacteria;p__Proteobacteria;c__Gammaproteobacteria;o__Enterobacterales;f__Enterobacteriaceae;g__Citrobacter;s__Citrobacter_braakii	0.999665034741753
8e6180aebe408877fdedd7f6905aa7bf	ASV14d__Bacteria;p__Proteobacteria;c__Gammaproteobacteria;o__Pseudomonadales;f__Pseudomonadaceae;g__Pseudomonas_E;s__Pseudomonas_E fluorescens_AP	0.9999999970547577
77cf49f6007011f028a1b85ad3d06a02	ASV14d__Bacteria;p__Proteobacteria;c__Gammaproteobacteria;o__Pseudomonadales;f__Pseudomonadaceae;g__Pseudomonas_E;s__Pseudomonas_E fluorescens_AP	0.9999999982634904
d5af2c0225db636ee71b7c4b46f3eced	ASV8d__Bacteria;p__Proteobacteria;c__Alphaproteobacteria;o__Rhizobiales;f__Rhizobiaceae;g__Rhizobium;s__	0.9999999517088453
862e721ff29bda970f8a69031693454b	ASV29d__Bacteria;p__Proteobacteria;c__Gammaproteobacteria;o__Enterobacterales;f__Enterobacteriaceae;g__Citrobacter;s__Citrobacter_braakii	0.9997212682096057
075afede3da9336e2376437abbe70ada	ASV14d__Bacteria;p__Proteobacteria;c__Gammaproteobacteria;o__Pseudomonadales;f__Pseudomonadaceae;g__Pseudomonas_E;s__Pseudomonas_E fluorescens_AP	0.9999999934787525
d5664e94daac7602ee2dc8729228e0e3	ASV14d__Bacteria;p__Proteobacteria;c__Gammaproteobacteria;o__Pseudomonadales;f__Pseudomonadaceae;g__Pseudomonas_E;s__Pseudomonas_E fluorescens_AP	0.9999999990074144
c90f188923aeb5bd4e00e6b19e1bf3d5	ASV10d__Bacteria;p__Proteobacteria;c__Gammaproteobacteria;o__Burkholderiales;f__Burkholderiaceae;g__Comamonas_B;s__	0.9995459866687191
115a60880389ff147c59a0db837b346e	ASV29d__Bacteria;p__Proteobacteria;c__Gammaproteobacteria;o__Enterobacterales;f__Enterobacteriaceae;g__Citrobacter;s__Citrobacter_braakii	0.9991259979386997
a2358d11a5c5e756d79fbe6aafc3125e	ASV34d__Bacteria;p__Bacteroidota;c__Bacteroidia;o__Flavobacteriales;f__Weeksellaceae;g__Elizabethkingia;s__Elizabethkingia_miricola	0.9999999999098605
10f156c2ad21df804760b29f00adc946	ASV14d__Bacteria;p__Proteobacteria;c__Gammaproteobacteria;o__Pseudomonadales;f__Pseudomonadaceae;g__Pseudomonas_E;s__Pseudomonas_E fluorescens_AP	0.9999999992682689
0fabcc0158c12ef202896f0beb4c5119	ASV14d__Bacteria;p__Proteobacteria;c__Gammaproteobacteria;o__Pseudomonadales;f__Pseudomonadaceae;g__Pseudomonas_E;s__Pseudomonas_E fluorescens_AP	0.9999999997406093
772368ead427475350cbc163497baf57	ASV34d__Bacteria;p__Bacteroidota;c__Bacteroidia;o__Flavobacteriales;f__Weeksellaceae;g__Elizabethkingia;s__Elizabethkingia_miricola	0.9999999997697273
2c43305497cc8c9fe4f6f7ac7aceeaa8	ASV11d__Bacteria;p__Proteobacteria;c__Gammaproteobacteria;o__Burkholderiales;f__Chromobacteriaceae;g__Aquitalea;s__Aquitaleapelogenes	0.9953803610978395
6e349c31679e3dd4cd6699d487041e8b	X263_Sphingobacteriia;Sphingobacteriales;Chitinophagaceae; Chitinophaga	0.9999999981322816
399dad148486944dbdaf35c6d196a82d	ASV16d__Bacteria;p__Proteobacteria;c__Gammaproteobacteria;o__Burkholderiales;f__Chromobacteriaceae;g__Aquitalea;s__	0.9941328775590754
b4fa9b7c1b2409a04cb3d9f9d74c7d6b	ASV31d__Bacteria;p__Proteobacteria;c__Gammaproteobacteria;o__Burkholderiales;f__Burkholderiaceae;g__Delftia;s__Delftia_acidovorans	0.9996337331000844
35ae21733deb4a22a79aaebe6e52ed33	ASV10d__Bacteria;p__Proteobacteria;c__Gammaproteobacteria;o__Burkholderiales;f__Burkholderiaceae;g__Comamonas_B;s__	0.9964657779574996
bd5abff5d7ccf179f664cace768cb6fc	ASV10d__Bacteria;p__Proteobacteria;c__Gammaproteobacteria;o__Burkholderiales;f__Burkholderiaceae;g__Comamonas_B;s__	0.9959428775664844
b378315975e5f16485a9c9a3f7999114	ASV14d__Bacteria;p__Proteobacteria;c__Gammaproteobacteria;o__Pseudomonadales;f__Pseudomonadaceae;g__Pseudomonas_E;s__Pseudomonas_E fluorescens_AP	0.9999999995286828
2b2e5ba5f33ec03e15f64ef46faa3b65	ASV34d__Bacteria;p__Bacteroidota;c__Bacteroidia;o__Flavobacteriales;f__Weeksellaceae;g__Elizabethkingia;s__Elizabethkingia_miricola	0.9999999997485247
2e00167f033f974dbf4246e92fd0c864	ASV34d__Bacteria;p__Bacteroidota;c__Bacteroidia;o__Flavobacteriales;f__Weeksellaceae;g__Elizabethkingia;s__Elizabethkingia_miricola	0.9999999999492104
396b369ade1e4fd7a1864a1119ef993d	ASV8d__Bacteria;p__Proteobacteria;c__Alphaproteobacteria;o__Rhizobiales;f__Rhizobiaceae;g__Rhizobium;s__	0.9999996569365825
fe8f9c7aaebebb376527c51523516a1f	ASV34d__Bacteria;p__Bacteroidota;c__Bacteroidia;o__Flavobacteriales;f__Weeksellaceae;g__Elizabethkingia;s__Elizabethkingia_miricola	0.9999999997022684
a3dbcfde6cd828630069c645b214ce21	ASV32d__Bacteria;p__Proteobacteria;c__Gammaproteobacteria;o__Burkholderiales;f__Burkholderiaceae;g__Achromobacter;s__	0.9999988027378697
c55a8d3bbb700ced1a811c923e09191b	ASV9d__Bacteria;p__Proteobacteria;c__Alphaproteobacteria;o__Caulobacterales;f__Caulobacteraceae;g__Brevundimonas;s__	0.999999989611382
84fe001fdec1e154fa296fa15e05bc40	Unassigned	0.7830187911866449
72ab8f27575e18437ed6cdf2b2c8ac41	Unassigned	0.6471119676299997
fddd5915bbc4fbbd6bbbeb47834ba910	Unassigned	0.8904689376168752
eea5ab23a0c9e3a85b6aec04a7cab41f	Unassigned	0.8670397634636168
00f96280cef00c16ac168a7a12fcabaf	Unassigned	0.8273094718236592
c6c3ab4e828fb40d6e05967b7aac9338	Unassigned	0.7170810805967527
5b30bcf0966d6b689b14e18157e2c491	ASV16d__Bacteria;p__Proteobacteria;c__Gammaproteobacteria;o__Burkholderiales;f__Chromobacteriaceae;g__Aquitalea;s__	0.9916528523327601
3363d8ed9d7fe65c4a850d386ac63268	ASV17d__Bacteria;p__Bacteroidota;c__Bacteroidia;o__Sphingobacteriales;f__Sphingobacteriaceae;g__Pedobacter;s__	0.9518287494073729
fb0022d35c7ee0f2ced4fd97d01fba43	ASV17d__Bacteria;p__Bacteroidota;c__Bacteroidia;o__Sphingobacteriales;f__Sphingobacteriaceae;g__Pedobacter;s__	0.970290577349879
dcc5e7a49ad9f3a72eb570bffcd2b9ae	ASV8d__Bacteria;p__Proteobacteria;c__Alphaproteobacteria;o__Rhizobiales;f__Rhizobiaceae;g__Rhizobium;s__	0.9999997364396399
f8d009971711d0f3c2c505b8fa3adde5	Unassigned	0.7009594935615084
d1191cc3e2a6fe87d088236cb2fccafb	ASV31d__Bacteria;p__Proteobacteria;c__Gammaproteobacteria;o__Burkholderiales;f__Burkholderiaceae;g__Delftia;s__Delftia_acidovorans	0.9998545596085213
a9221f648a9c8fdff238af7bb618e8e7	ASV32d__Bacteria;p__Proteobacteria;c__Gammaproteobacteria;o__Burkholderiales;f__Burkholderiaceae;g__Achromobacter;s__	0.999999370238313
59c1cb0d3585246876f99e18dc65cc14	ASV14d__Bacteria;p__Proteobacteria;c__Gammaproteobacteria;o__Pseudomonadales;f__Pseudomonadaceae;g__Pseudomonas_E;s__Pseudomonas_E fluorescens_AP	0.9999999997873488
459eae958c0f2ccd913f80f618d21b62	ASV31d__Bacteria;p__Proteobacteria;c__Gammaproteobacteria;o__Burkholderiales;f__Burkholderiaceae;g__Delftia;s__Delftia_acidovorans	0.9996417075053695
32347f9420c4a42263c3b35f2b9db68e	ASV30d__Bacteria;p__Proteobacteria;c__Gammaproteobacteria;o__Enterobacterales;f__Enterobacteriaceae;g__Serratia_A;s__Serratia_Afonticola	0.9991525553192528
fcfc67639715c4eda30561fecd60313f	ASV34d__Bacteria;p__Bacteroidota;c__Bacteroidia;o__Flavobacteriales;f__Weeksellaceae;g__Elizabethkingia;s__Elizabethkingia_miricola	0.9999999999567706
776d18b1f983501a19e8174eb702fe9b	ASV29d__Bacteria;p__Proteobacteria;c__Gammaproteobacteria;o__Enterobacterales;f__Enterobacteriaceae;g__Citrobacter;s__Citrobacter_braakii	0.9992671310592923
43223b8ba0e7272f5d0134076bc16f8c	X120_Alphaproteobacteria;Sphingomonadales;Sphingomonadaceae;Sphingomonas	0.9999995408279065
4695f9bc8af7a560f237cd89006bf009	ASV31d__Bacteria;p__Proteobacteria;c__Gammaproteobacteria;o__Burkholderiales;f__Burkholderiaceae;g__Delftia;s__Delftia_acidovorans	0.999691326889347
dc9d80ddcef20ba57140581ebc7ea538	Unassigned	0.8050198173149539
7f25a40dac261bdcac8e08c8876267a5	Unassigned	0.6162024924762032
0aeba44c7fba2c68f59710c23fc9ad0d	Unassigned	0.824715525940263
97e131de1eed67431d21a74f011c3ca2	Unassigned	0.7017010912062642
ca449ffc0581bee81cc5f8ff6004333a	Unassigned	0.6749393355520675
08957720a32c4aa80628ebab1265178e	Unassigned	0.8330601997696268
edc9e5c16e40aff1eadce6597940f08f	Unassigned	0.7101369035150411
4c34aa083ceae1269aa3870cc4af0896	Unassigned	0.6886519797547179
889bb25a63adaa6a0468522b22dbbf92	Unassigned	0.7910856246597342
925b22205b9c096ebc16e30122bbacd5	Unassigned	0.8599914226533169
4673f637a612595aada4c48cf8955975	Unassigned	0.8928836050321353
5b1ee64f950240f4b372d47102832514	Unassigned	0.8648263670888613
4f4d355ad4e5c8b57287d8210d5f6556	ASV28d__Bacteria;p__Bacteroidota;c__Bacteroidia;o__Sphingobacteriales;f__Sphingobacteriaceae;g__Pedobacter;s__	0.9988497307231161
ffd1167e06a723c1a14ff6db836730d3	ASV17d__Bacteria;p__Bacteroidota;c__Bacteroidia;o__Sphingobacteriales;f__Sphingobacteriaceae;g__Pedobacter;s__	0.9187260255650018
5e403f0dcdc6a77472288e1ba71be0d8	ASV29d__Bacteria;p__Proteobacteria;c__Gammaproteobacteria;o__Enterobacterales;f__Enterobacteriaceae;g__Citrobacter;s__Citrobacter_braakii	0.9999065285683428
d734baa62326076349d1df7f2c2cd350	ASV17d__Bacteria;p__Bacteroidota;c__Bacteroidia;o__Sphingobacteriales;f__Sphingobacteriaceae;g__Pedobacter;s__	0.9803794806625645
775646857a21e2bc1be7a770fa8beaf6	ASV32d__Bacteria;p__Proteobacteria;c__Gammaproteobacteria;o__Burkholderiales;f__Burkholderiaceae;g__Achromobacter;s__	0.999996300192743
fafb0e0515cecf4a96fec05ccd482cf4	ASV9d__Bacteria;p__Proteobacteria;c__Alphaproteobacteria;o__Caulobacterales;f__Caulobacteraceae;g__Brevundimonas;s__	0.999999991082845
63d0fa1696288f428cf96932cb5d222f	ASV14d__Bacteria;p__Proteobacteria;c__Gammaproteobacteria;o__Pseudomonadales;f__Pseudomonadaceae;g__Pseudomonas_E;s__Pseudomonas_E fluorescens_AP	0.9999999990684785
641d017eeb709b95270c5cab0402861d	ASV21d__Bacteria;p__Proteobacteria;c__Gammaproteobacteria;o__Xanthomonadales;f__Rhodanobacteraceae;g__Dyella;s__	0.9999999964834245
b03a0295aa58773a4ccb418e3dbc2936	ASV11d__Bacteria;p__Proteobacteria;c__Gammaproteobacteria;o__Burkholderiales;f__Chromobacteriaceae;g__Aquitalea;s__Aquitaleapelogenes	0.9902781319036285
adf79b726578292c94d00f5d785bd4d6	ASV19d__Bacteria;p__Bacteroidota;c__Bacteroidia;o__Sphingobacteriales;f__Sphingobacteriaceae;g__Pedobacter;s__	0.9996823721081453
e2b0c522b8c8810696573ca72194f5a5	ASV34d__Bacteria;p__Bacteroidota;c__Bacteroidia;o__Flavobacteriales;f__Weeksellaceae;g__Elizabethkingia;s__Elizabethkingia_miricola	0.9999999998200195
70592d05da9a13a16bb82c30ced791c9	ASV28d__Bacteria;p__Bacteroidota;c__Bacteroidia;o__Sphingobacteriales;f__Sphingobacteriaceae;g__Pedobacter;s__	0.9992036951824064
0acc58c0e65398d017b64acf4ebe3d9b	ASV17d__Bacteria;p__Bacteroidota;c__Bacteroidia;o__Sphingobacteriales;f__Sphingobacteriaceae;g__Pedobacter;s__	0.9741889362627135
6a93501f9a86e0f3bd6959eb0489ed80	ASV28d__Bacteria;p__Bacteroidota;c__Bacteroidia;o__Sphingobacteriales;f__Sphingobacteriaceae;g__Pedobacter;s__	0.9922426584554599
bb2b9c3ec542b406145890da2f5fea21	ASV28d__Bacteria;p__Bacteroidota;c__Bacteroidia;o__Sphingobacteriales;f__Sphingobacteriaceae;g__Pedobacter;s__	0.9992824364911487
9836edf01538a5c283c96af67b51b857	ASV17d__Bacteria;p__Bacteroidota;c__Bacteroidia;o__Sphingobacteriales;f__Sphingobacteriaceae;g__Pedobacter;s__	0.9751203060365798
a565d1949d4e52d962d041ada8ac9663	ASV19d__Bacteria;p__Bacteroidota;c__Bacteroidia;o__Sphingobacteriales;f__Sphingobacteriaceae;g__Pedobacter;s__	0.9994334514091928
34d3dd6ef9e638ecfd612630e8864938	ASV9d__Bacteria;p__Proteobacteria;c__Alphaproteobacteria;o__Caulobacterales;f__Caulobacteraceae;g__Brevundimonas;s__	0.9999999955973919
48fd10ca045a4a95e2fcb4e18dcce218	Unassigned	0.7719279701526697
31d5600eb1b7d74dae0388ff015f93eb	ASV29d__Bacteria;p__Proteobacteria;c__Gammaproteobacteria;o__Enterobacterales;f__Enterobacteriaceae;g__Citrobacter;s__Citrobacter_braakii	0.9998832074875776
1fa68a3c9c8b5058883caa9cb076732f	ASV16d__Bacteria;p__Proteobacteria;c__Gammaproteobacteria;o__Burkholderiales;f__Chromobacteriaceae;g__Aquitalea;s__	0.996113347262896
a7f17edd0f69abd83823a1626524d637	ASV34d__Bacteria;p__Bacteroidota;c__Bacteroidia;o__Flavobacteriales;f__Weeksellaceae;g__Elizabethkingia;s__Elizabethkingia_miricola	0.999999999279126
4a2da9a9e803f64152253cb6cd51baac	Unassigned	0.8660481856404837
857779cb7dce29a58e8a1031a297388e	Unassigned	0.8218464176902182
8988b1b43d71718dbccfc702e0855ea6	ASV29d__Bacteria;p__Proteobacteria;c__Gammaproteobacteria;o__Enterobacterales;f__Enterobacteriaceae;g__Citrobacter;s__Citrobacter_braakii	0.9996760265489139
25fa43049d2b19070bdfa76d58156330	ASV29d__Bacteria;p__Proteobacteria;c__Gammaproteobacteria;o__Enterobacterales;f__Enterobacteriaceae;g__Citrobacter;s__Citrobacter_braakii	0.9998832171238985
87f0dfeef2cd738df61e1c3cc779ecd7	ASV34d__Bacteria;p__Bacteroidota;c__Bacteroidia;o__Flavobacteriales;f__Weeksellaceae;g__Elizabethkingia;s__Elizabethkingia_miricola	0.9999999997507274
ae60e5415e8b73f9d21e3853b0851c8e	Unassigned	0.6761836557523033
4e30803d2d2082ec338f048712bca5e1	ASV10d__Bacteria;p__Proteobacteria;c__Gammaproteobacteria;o__Burkholderiales;f__Burkholderiaceae;g__Comamonas_B;s__	0.9758387847158388
b5e9c8d2504202813468854c0b3198a3	ASV16d__Bacteria;p__Proteobacteria;c__Gammaproteobacteria;o__Burkholderiales;f__Chromobacteriaceae;g__Aquitalea;s__	0.9940874421571284
d084d1fbf7846b0a9b5fddf1384ef301	ASV14d__Bacteria;p__Proteobacteria;c__Gammaproteobacteria;o__Pseudomonadales;f__Pseudomonadaceae;g__Pseudomonas_E;s__Pseudomonas_E fluorescens_AP	0.9999999997463647
1d3b34d2833d3d2374503828f69752a3	ASV34d__Bacteria;p__Bacteroidota;c__Bacteroidia;o__Flavobacteriales;f__Weeksellaceae;g__Elizabethkingia;s__Elizabethkingia_miricola	0.9999999999257483
43fb5796b48577d332bcadd1f385be53	ASV5d__Bacteria;p__Proteobacteria;c__Gammaproteobacteria;o__Burkholderiales;f__Chromobacteriaceae;g__Chromobacterium;s__Chromobacteriumsp002213445	0.9996848476031002
c98a1a75dff9029f59d42f7a6a020467	ASV29d__Bacteria;p__Proteobacteria;c__Gammaproteobacteria;o__Enterobacterales;f__Enterobacteriaceae;g__Citrobacter;s__Citrobacter_braakii	0.99831483520523
2d9c7f4b414784017b0f43a63cb3bfae	ASV5d__Bacteria;p__Proteobacteria;c__Gammaproteobacteria;o__Burkholderiales;f__Chromobacteriaceae;g__Chromobacterium;s__Chromobacteriumsp002213445	0.9998519109720994
42f798af0bd57671abf7f118592266c6	ASV34d__Bacteria;p__Bacteroidota;c__Bacteroidia;o__Flavobacteriales;f__Weeksellaceae;g__Elizabethkingia;s__Elizabethkingia_miricola	0.9999999999631797
ea123be2be895554e689880523a6d6c2	ASV14d__Bacteria;p__Proteobacteria;c__Gammaproteobacteria;o__Pseudomonadales;f__Pseudomonadaceae;g__Pseudomonas_E;s__Pseudomonas_E fluorescens_AP	0.9999999992037658
267328b1b439b50914ad84b129d0f479	ASV34d__Bacteria;p__Bacteroidota;c__Bacteroidia;o__Flavobacteriales;f__Weeksellaceae;g__Elizabethkingia;s__Elizabethkingia_miricola	0.9999999996463913
9be8f87a87b35ee3e1e93e9663249fc8	ASV14d__Bacteria;p__Proteobacteria;c__Gammaproteobacteria;o__Pseudomonadales;f__Pseudomonadaceae;g__Pseudomonas_E;s__Pseudomonas_E fluorescens_AP	0.9999999996710045
480ef3ddd521ce438bccb45a64a284a8	ASV30d__Bacteria;p__Proteobacteria;c__Gammaproteobacteria;o__Enterobacterales;f__Enterobacteriaceae;g__Serratia_A;s__Serratia_Afonticola	0.9943799201191803
725ea72c38b219f5c8297527e3ff38bc	ASV34d__Bacteria;p__Bacteroidota;c__Bacteroidia;o__Flavobacteriales;f__Weeksellaceae;g__Elizabethkingia;s__Elizabethkingia_miricola	0.9999999997541948
09bd076d601a31eae2d23416d0c24ba4	ASV31d__Bacteria;p__Proteobacteria;c__Gammaproteobacteria;o__Burkholderiales;f__Burkholderiaceae;g__Delftia;s__Delftia_acidovorans	0.9991068699179437
5508515e432d2c32eec6da413a091fbd	ASV14d__Bacteria;p__Proteobacteria;c__Gammaproteobacteria;o__Pseudomonadales;f__Pseudomonadaceae;g__Pseudomonas_E;s__Pseudomonas_E fluorescens_AP	0.9999999974768201
8dc59d9ab37bbfd5fcd0aaef7ae5e9e0	Unassigned	0.8429376878488823
51aff60697de7e1979f17a43bbedb7f2	Unassigned	0.8659329251225023
7a4270b8e64b47ecbb82f6fbb20fc057	Unassigned	0.793551869397917
4f4ea2896e8b35a9e617ea73b184254d	Unassigned	0.6819073327262837
6f8d3f9ee72d0492d1b24a2619a7ed76	ASV34d__Bacteria;p__Bacteroidota;c__Bacteroidia;o__Flavobacteriales;f__Weeksellaceae;g__Elizabethkingia;s__Elizabethkingia_miricola	0.9999999999343743
8b51785e5601bc2916d037935cac8f1c	ASV22d__Bacteria;p__Proteobacteria;c__Gammaproteobacteria;o__Burkholderiales;f__Burkholderiaceae;g__Paraburkholderia_B;s__	0.9996068703290079
bd133d1972a2445160e0527df3bb49af	ASV22d__Bacteria;p__Proteobacteria;c__Gammaproteobacteria;o__Burkholderiales;f__Burkholderiaceae;g__Paraburkholderia_B;s__	0.9993458462354756
71df2796fc359d93079e689779dc09ac	ASV14d__Bacteria;p__Proteobacteria;c__Gammaproteobacteria;o__Pseudomonadales;f__Pseudomonadaceae;g__Pseudomonas_E;s__Pseudomonas_E fluorescens_AP	0.9999999996457234
2e15a8a7a1eccac9464cf0ecbd8ab3b2	ASV5d__Bacteria;p__Proteobacteria;c__Gammaproteobacteria;o__Burkholderiales;f__Chromobacteriaceae;g__Chromobacterium;s__Chromobacteriumsp002213445	0.9994251000577873
793780974c71444418813788551c2ae0	ASV14d__Bacteria;p__Proteobacteria;c__Gammaproteobacteria;o__Pseudomonadales;f__Pseudomonadaceae;g__Pseudomonas_E;s__Pseudomonas_E fluorescens_AP	0.9999999997507132
4dc1bca8baf918c9b90b81aca27c6fc6	ASV5d__Bacteria;p__Proteobacteria;c__Gammaproteobacteria;o__Burkholderiales;f__Chromobacteriaceae;g__Chromobacterium;s__Chromobacteriumsp002213445	0.9998075012950194
46e46ec0ae79ccceb33fdd7b1f0a76f4	Unassigned	0.8257583727613895
97a7d9845077bd6f89517572aa0d3858	Unassigned	0.4951138834835823
890e2b8490b1fefd532e7a48f0a47596	Unassigned	0.7728487954896521
343ea10aef9d79890ec2f1733e75d791	Unassigned	0.8289771099518808
3ea4a4dfa76385a1c9fd46d341a17567	Unassigned	0.6943074206906832
b53feae4508330908fcc0d503cce947e	Unassigned	0.8108838247061387
b08f34959b1343fb4c59f45820fc6c55	ASV29d__Bacteria;p__Proteobacteria;c__Gammaproteobacteria;o__Enterobacterales;f__Enterobacteriaceae;g__Citrobacter;s__Citrobacter_braakii	0.9992082017965599
30bf2826bd7a27c07e1ade556044baee	Unassigned	0.8607986218084289
a7af94f8b349dbb83c0e8849bda43e2a	Unassigned	0.8853640201546509
e3c5f0f91de3162ee9e135139e2e23af	Unassigned	0.5325808006323995
4ba7c349b2a7ae87ddd17c0cd5913b5b	Unassigned	0.8394655723748985
7010af1575a2e11665e61c6ee956fd99	Unassigned	0.7055280738685014
37fc23b025dbf74f79a5eb61b2d67059	Unassigned	0.7955977407618411
46e6206a852e0ad54a05f250f1708965	Unassigned	0.8373234924161896
b622a26d703f6e27e07a5140bb6f7c27	Unassigned	0.7727400946262847
94acabfa39462a67cc7aafc4628fcced	ASV29d__Bacteria;p__Proteobacteria;c__Gammaproteobacteria;o__Enterobacterales;f__Enterobacteriaceae;g__Citrobacter;s__Citrobacter_braakii	0.9998163826699302
f2eb1ebc762b3eed1085334bbf91ab46	ASV34d__Bacteria;p__Bacteroidota;c__Bacteroidia;o__Flavobacteriales;f__Weeksellaceae;g__Elizabethkingia;s__Elizabethkingia_miricola	0.9999999997004068
660d3552ea52590ee8eeb125bf0adc7e	ASV5d__Bacteria;p__Proteobacteria;c__Gammaproteobacteria;o__Burkholderiales;f__Chromobacteriaceae;g__Chromobacterium;s__Chromobacteriumsp002213445	0.9996748756051669
8819eba5d8ca020420675ca86109ca95	ASV34d__Bacteria;p__Bacteroidota;c__Bacteroidia;o__Flavobacteriales;f__Weeksellaceae;g__Elizabethkingia;s__Elizabethkingia_miricola	0.9999999999648139
e8fa165455ca445af388e46b5b45c563	ASV16d__Bacteria;p__Proteobacteria;c__Gammaproteobacteria;o__Burkholderiales;f__Chromobacteriaceae;g__Aquitalea;s__	0.9887872779216772
96839afa6b191064dfd8df0454a79e37	ASV30d__Bacteria;p__Proteobacteria;c__Gammaproteobacteria;o__Enterobacterales;f__Enterobacteriaceae;g__Serratia_A;s__Serratia_Afonticola	0.9996324220614435
c033a9d0553b1abb48ef570683f9e260	ASV32d__Bacteria;p__Proteobacteria;c__Gammaproteobacteria;o__Burkholderiales;f__Burkholderiaceae;g__Achromobacter;s__	0.99999976289979
9b29e6f4fa9b270a5203a345e447bb89	ASV31d__Bacteria;p__Proteobacteria;c__Gammaproteobacteria;o__Burkholderiales;f__Burkholderiaceae;g__Delftia;s__Delftia_acidovorans	0.9997769876639272
f8fd9307968a68818a372a170efd976c	ASV22d__Bacteria;p__Proteobacteria;c__Gammaproteobacteria;o__Burkholderiales;f__Burkholderiaceae;g__Paraburkholderia_B;s__	0.9995121911058301
776c1fcadc18161ea9f24ebfab3a1b74	ASV34d__Bacteria;p__Bacteroidota;c__Bacteroidia;o__Flavobacteriales;f__Weeksellaceae;g__Elizabethkingia;s__Elizabethkingia_miricola	0.9999999995280575
d8c6c0a41fa6d31caed6b7a65cb6f7e9	ASV30d__Bacteria;p__Proteobacteria;c__Gammaproteobacteria;o__Enterobacterales;f__Enterobacteriaceae;g__Serratia_A;s__Serratia_Afonticola	0.9978782409481293
4ba47a78d156767cded93b4979d3bc7b	ASV10d__Bacteria;p__Proteobacteria;c__Gammaproteobacteria;o__Burkholderiales;f__Burkholderiaceae;g__Comamonas_B;s__	0.9942676369138298
6bc5cdb3eecb628388995e82a0852b65	ASV19d__Bacteria;p__Bacteroidota;c__Bacteroidia;o__Sphingobacteriales;f__Sphingobacteriaceae;g__Pedobacter;s__	0.9997283240907183
312f9937ce758b935e5e5c30e59e10cb	ASV32d__Bacteria;p__Proteobacteria;c__Gammaproteobacteria;o__Burkholderiales;f__Burkholderiaceae;g__Achromobacter;s__	0.9999985377027405
b3ce6f4649771507fea04c9b8e2ddb09	ASV10d__Bacteria;p__Proteobacteria;c__Gammaproteobacteria;o__Burkholderiales;f__Burkholderiaceae;g__Comamonas_B;s__	0.9967206862279218
2564ac02feadf7d3806b32a504fc03ae	ASV34d__Bacteria;p__Bacteroidota;c__Bacteroidia;o__Flavobacteriales;f__Weeksellaceae;g__Elizabethkingia;s__Elizabethkingia_miricola	0.999999999986457
42b111bca1475934a06397aeec247af6	ASV11d__Bacteria;p__Proteobacteria;c__Gammaproteobacteria;o__Burkholderiales;f__Chromobacteriaceae;g__Aquitalea;s__Aquitaleapelogenes	0.9936839750916338
d64788f107f37e7954b9c04fead36eb0	ASV30d__Bacteria;p__Proteobacteria;c__Gammaproteobacteria;o__Enterobacterales;f__Enterobacteriaceae;g__Serratia_A;s__Serratia_Afonticola	0.9989852704530641
de1291bd891c0bf0f4365ffe8e0a4787	ASV32d__Bacteria;p__Proteobacteria;c__Gammaproteobacteria;o__Burkholderiales;f__Burkholderiaceae;g__Achromobacter;s__	0.9999953838998256
1ad1681673d2c66c5c6cef8260cd0a43	ASV5d__Bacteria;p__Proteobacteria;c__Gammaproteobacteria;o__Burkholderiales;f__Chromobacteriaceae;g__Chromobacterium;s__Chromobacteriumsp002213445	0.997785439559876
c7d46cf249f380a171934c5a9550699e	ASV32d__Bacteria;p__Proteobacteria;c__Gammaproteobacteria;o__Burkholderiales;f__Burkholderiaceae;g__Achromobacter;s__	0.9999993193774557
221f13fcf33da9328137d4acecda4f9d	ASV30d__Bacteria;p__Proteobacteria;c__Gammaproteobacteria;o__Enterobacterales;f__Enterobacteriaceae;g__Serratia_A;s__Serratia_Afonticola	0.9997138001502232
76b490d8cfb51c2671e4bd7bd559fc67	ASV5d__Bacteria;p__Proteobacteria;c__Gammaproteobacteria;o__Burkholderiales;f__Chromobacteriaceae;g__Chromobacterium;s__Chromobacteriumsp002213445	0.9986214550675677
db5cc23bbee28dcb40b67343034ad9fb	ASV30d__Bacteria;p__Proteobacteria;c__Gammaproteobacteria;o__Enterobacterales;f__Enterobacteriaceae;g__Serratia_A;s__Serratia_Afonticola	0.9885340412654591
f29043e2204c536f017d16d2ae6b3cad	ASV9d__Bacteria;p__Proteobacteria;c__Alphaproteobacteria;o__Caulobacterales;f__Caulobacteraceae;g__Brevundimonas;s__	0.9999999851085734
9ae31737c21dbe96933829da82e704db	ASV34d__Bacteria;p__Bacteroidota;c__Bacteroidia;o__Flavobacteriales;f__Weeksellaceae;g__Elizabethkingia;s__Elizabethkingia_miricola	0.9999999999828049
8377812686b18891a0be4b4b702fa468	ASV34d__Bacteria;p__Bacteroidota;c__Bacteroidia;o__Flavobacteriales;f__Weeksellaceae;g__Elizabethkingia;s__Elizabethkingia_miricola	0.9999999999910472
6f674cabb08dc675b0a795fbf53b9c73	ASV32d__Bacteria;p__Proteobacteria;c__Gammaproteobacteria;o__Burkholderiales;f__Burkholderiaceae;g__Achromobacter;s__	0.9999997018035192
a3347955ee77fd4145d2d803dbcd4f2a	ASV32d__Bacteria;p__Proteobacteria;c__Gammaproteobacteria;o__Burkholderiales;f__Burkholderiaceae;g__Achromobacter;s__	0.9999994235953364
eef3188735b8b1bc2dfb090bad8a4709	ASV29d__Bacteria;p__Proteobacteria;c__Gammaproteobacteria;o__Enterobacterales;f__Enterobacteriaceae;g__Citrobacter;s__Citrobacter_braakii	0.9998302783493068
02036c470444bd8c555ea2c7f5930408	ASV11d__Bacteria;p__Proteobacteria;c__Gammaproteobacteria;o__Burkholderiales;f__Chromobacteriaceae;g__Aquitalea;s__Aquitaleapelogenes	0.993723614517024
08e6192be87a55bd875b58562e7052dc	ASV14d__Bacteria;p__Proteobacteria;c__Gammaproteobacteria;o__Pseudomonadales;f__Pseudomonadaceae;g__Pseudomonas_E;s__Pseudomonas_E fluorescens_AP	0.9999999997513669
af726fa59ad84740b306744f28f1e3d5	ASV29d__Bacteria;p__Proteobacteria;c__Gammaproteobacteria;o__Enterobacterales;f__Enterobacteriaceae;g__Citrobacter;s__Citrobacter_braakii	0.9987811351410033
b7ad50bde986d94134e516845f81b67c	ASV14d__Bacteria;p__Proteobacteria;c__Gammaproteobacteria;o__Pseudomonadales;f__Pseudomonadaceae;g__Pseudomonas_E;s__Pseudomonas_E fluorescens_AP	0.9999999994784616
754ac18c87a44ff26a5b4c3c221926f4	ASV32d__Bacteria;p__Proteobacteria;c__Gammaproteobacteria;o__Burkholderiales;f__Burkholderiaceae;g__Achromobacter;s__	0.9999993715979072
f7cfb4eed4681182aeaeec8a919254ee	X120_Alphaproteobacteria;Sphingomonadales;Sphingomonadaceae;Sphingomonas	0.999999464366526
1301b441b42f86c3d01bae7f4247da10	ASV34d__Bacteria;p__Bacteroidota;c__Bacteroidia;o__Flavobacteriales;f__Weeksellaceae;g__Elizabethkingia;s__Elizabethkingia_miricola	0.9999999999309352
11c55b1876b1a3b04795903590b813f2	X491_Betaproteobacteria;Burkholderiales;Burkholderiaceae;Pandoraea	0.9766715506147566
073ad3b4b398ebaed9f42ef0e98077b2	X263_Sphingobacteriia;Sphingobacteriales;Chitinophagaceae; Chitinophaga	0.9999999999600959
fb6d9a366152abb3790d65f6805fff81	ASV5d__Bacteria;p__Proteobacteria;c__Gammaproteobacteria;o__Burkholderiales;f__Chromobacteriaceae;g__Chromobacterium;s__Chromobacteriumsp002213445	0.9993051601232875
b4c1b678eddc9f89be719cb0c3749e85	ASV31d__Bacteria;p__Proteobacteria;c__Gammaproteobacteria;o__Burkholderiales;f__Burkholderiaceae;g__Delftia;s__Delftia_acidovorans	0.9997502803824975
0d1aff3c15f2302a29e7bd826ce0d471	ASV5d__Bacteria;p__Proteobacteria;c__Gammaproteobacteria;o__Burkholderiales;f__Chromobacteriaceae;g__Chromobacterium;s__Chromobacteriumsp002213445	0.9995544724908226
eb1f6e2383f5a7c078e3acd83a5558fc	X391_Actinobacteria;Actinomycetales;Microbacteriaceae;Leifsonia	0.9999999999983515
de079f2a06c9019f1f98862f1cefc94a	ASV34d__Bacteria;p__Bacteroidota;c__Bacteroidia;o__Flavobacteriales;f__Weeksellaceae;g__Elizabethkingia;s__Elizabethkingia_miricola	0.9999999999410676
94f1abdddb0e7fc82a0299ed0afb12e5	ASV34d__Bacteria;p__Bacteroidota;c__Bacteroidia;o__Flavobacteriales;f__Weeksellaceae;g__Elizabethkingia;s__Elizabethkingia_miricola	0.9999999999451745
aa049db1e51d34c7cb911b0a0626b065	ASV34d__Bacteria;p__Bacteroidota;c__Bacteroidia;o__Flavobacteriales;f__Weeksellaceae;g__Elizabethkingia;s__Elizabethkingia_miricola	0.999999999798348
104747d3b83d97b3ea5e9d947caf344d	ASV34d__Bacteria;p__Bacteroidota;c__Bacteroidia;o__Flavobacteriales;f__Weeksellaceae;g__Elizabethkingia;s__Elizabethkingia_miricola	0.9999999996404085
49f184a95f06cf37629645924ab924dc	ASV34d__Bacteria;p__Bacteroidota;c__Bacteroidia;o__Flavobacteriales;f__Weeksellaceae;g__Elizabethkingia;s__Elizabethkingia_miricola	0.9999999998974545
1cb5f356dec1f1abe3ed89258a37ea01	ASV34d__Bacteria;p__Bacteroidota;c__Bacteroidia;o__Flavobacteriales;f__Weeksellaceae;g__Elizabethkingia;s__Elizabethkingia_miricola	0.9999999999597549
4e54a874bfe6b007d32ec41d6fe89538	ASV32d__Bacteria;p__Proteobacteria;c__Gammaproteobacteria;o__Burkholderiales;f__Burkholderiaceae;g__Achromobacter;s__	0.9999997791836068
e0740040d91452f0165ca4dfeefc3267	ASV31d__Bacteria;p__Proteobacteria;c__Gammaproteobacteria;o__Burkholderiales;f__Burkholderiaceae;g__Delftia;s__Delftia_acidovorans	0.9987660206668908
acab769454ed5b4120425e92b975551e	ASV32d__Bacteria;p__Proteobacteria;c__Gammaproteobacteria;o__Burkholderiales;f__Burkholderiaceae;g__Achromobacter;s__	0.9999995251846475
7ee4597cef50626597c3904609dfcdb1	Unassigned	0.6382971653548977
c4e24eb9f27fbe83ef2d8974e3eb2cb8	Unassigned	0.7890804997509832
b39a4a81283ea7a933b58c8caba5140f	Unassigned	0.8770580200373479
5103be768b42aa5fd3b2e540d6e8ab54	Unassigned	0.4404616939071191
6650421ea3836490054fc8fb5c4a092c	Unassigned	0.730456472819098
e77e5a81fe87617871b820f701354d0f	Unassigned	0.6937420582791916
7d2797d22aacda29bbc19882e973c904	Unassigned	0.5586946136622066
1d67a8fd769a61a6a617279ab8a88125	Unassigned	0.7577495859520091
ecf77e662bc9fe7042db61b2c4c8605b	X263_Sphingobacteriia;Sphingobacteriales;Chitinophagaceae; Chitinophaga	0.9999999999190265
2e4f2b53b856c4def6d021d01f5abb70	Unassigned	0.6293122883418429
7a7578a9cef0e67a05f53d701b9c6469	Unassigned	0.6663491156140785
f5f5e0da89730462abaf6301a9557193	Unassigned	0.5204374654276591
33ce845b1e1ee3e8ab418625ab2ee956	ASV34d__Bacteria;p__Bacteroidota;c__Bacteroidia;o__Flavobacteriales;f__Weeksellaceae;g__Elizabethkingia;s__Elizabethkingia_miricola	0.99999999997641
7ef7d0329a09d5b7cfb312d96f35ba6c	ASV14d__Bacteria;p__Proteobacteria;c__Gammaproteobacteria;o__Pseudomonadales;f__Pseudomonadaceae;g__Pseudomonas_E;s__Pseudomonas_E fluorescens_AP	0.9999999996651354
6e8a84418719c3e0695d1a691daca40f	ASV17d__Bacteria;p__Bacteroidota;c__Bacteroidia;o__Sphingobacteriales;f__Sphingobacteriaceae;g__Pedobacter;s__	0.9673859391468389
0a6e534166a846880cd27f200c908864	ASV21d__Bacteria;p__Proteobacteria;c__Gammaproteobacteria;o__Xanthomonadales;f__Rhodanobacteraceae;g__Dyella;s__	0.999999999540691
3be85e1f62bbd2f29bc884c5889e838c	ASV31d__Bacteria;p__Proteobacteria;c__Gammaproteobacteria;o__Burkholderiales;f__Burkholderiaceae;g__Delftia;s__Delftia_acidovorans	0.998863885602594
b88ac1ab4c9619963752712241028259	ASV2d__Bacteria;p__Bacteroidota;c__Bacteroidia;o__Sphingobacteriales;f__Sphingobacteriaceae;g__Pedobacter;s__	0.9977713925417322
9049d84727a73441c039351de7125d14	ASV31d__Bacteria;p__Proteobacteria;c__Gammaproteobacteria;o__Burkholderiales;f__Burkholderiaceae;g__Delftia;s__Delftia_acidovorans	0.9997349482364903
7210a50394df9766d3b961c3543ba4b3	ASV5d__Bacteria;p__Proteobacteria;c__Gammaproteobacteria;o__Burkholderiales;f__Chromobacteriaceae;g__Chromobacterium;s__Chromobacteriumsp002213445	0.9997314263581477
6354afeaedaad29b0adfea8145e03333	ASV14d__Bacteria;p__Proteobacteria;c__Gammaproteobacteria;o__Pseudomonadales;f__Pseudomonadaceae;g__Pseudomonas_E;s__Pseudomonas_E fluorescens_AP	0.9999999998001101
77ccd6a32d0e9d1f258ef157da48cd7f	ASV29d__Bacteria;p__Proteobacteria;c__Gammaproteobacteria;o__Enterobacterales;f__Enterobacteriaceae;g__Citrobacter;s__Citrobacter_braakii	0.9987709010856097
232c779a4d87a79a3849de962668540d	ASV14d__Bacteria;p__Proteobacteria;c__Gammaproteobacteria;o__Pseudomonadales;f__Pseudomonadaceae;g__Pseudomonas_E;s__Pseudomonas_E fluorescens_AP	0.9999999990682085
e9c7607ac1b8dd59f623525caa46310a	ASV14d__Bacteria;p__Proteobacteria;c__Gammaproteobacteria;o__Pseudomonadales;f__Pseudomonadaceae;g__Pseudomonas_E;s__Pseudomonas_E fluorescens_AP	0.999999998744812
cb306289fcdcfb74ae73d7200c7fb152	ASV34d__Bacteria;p__Bacteroidota;c__Bacteroidia;o__Flavobacteriales;f__Weeksellaceae;g__Elizabethkingia;s__Elizabethkingia_miricola	0.9999999999375859
93142ab7b139ad4346a36a60553de954	X120_Alphaproteobacteria;Sphingomonadales;Sphingomonadaceae;Sphingomonas	0.9999998386739991
616ee106ea6044bf9cb8f0b013e0191a	ASV29d__Bacteria;p__Proteobacteria;c__Gammaproteobacteria;o__Enterobacterales;f__Enterobacteriaceae;g__Citrobacter;s__Citrobacter_braakii	0.9997547180860271
653c2923314b1f082d6c16841c22eca7	ASV14d__Bacteria;p__Proteobacteria;c__Gammaproteobacteria;o__Pseudomonadales;f__Pseudomonadaceae;g__Pseudomonas_E;s__Pseudomonas_E fluorescens_AP	0.9999999994447677
41f3f39a0335a7392afa80327caf0f77	X391_Actinobacteria;Actinomycetales;Microbacteriaceae;Leifsonia	0.9570125434000197
24a8526febf82e4d7950837e984b7aaf	Unassigned	0.9208052448204157
55f49b0718894aa8aa93ae3ef4e52508	Unassigned	0.7936537833447035
724511687d4fc7476691ecf8fb8dfd4a	Unassigned	0.8056887012465539
cf9f3cf2a13d62c09d45772e94063982	Unassigned	0.6976618492643496
49b222d0e1ab5611ce30ddc3853649bb	Unassigned	0.8666962216211545
01dcea525e300a300bc9ec951660583e	Unassigned	0.7759829903032294
1ef5f6cc1cca7a7e2385d87f32808e37	X391_Actinobacteria;Actinomycetales;Microbacteriaceae;Leifsonia	0.9999999877348246
1e0b8f8c931d9f0420a35cd16ea08dc8	ASV16d__Bacteria;p__Proteobacteria;c__Gammaproteobacteria;o__Burkholderiales;f__Chromobacteriaceae;g__Aquitalea;s__	0.9789112968269382
73177710fdeb8067039199d4c87b3104	ASV16d__Bacteria;p__Proteobacteria;c__Gammaproteobacteria;o__Burkholderiales;f__Chromobacteriaceae;g__Aquitalea;s__	0.9926620170856866
86d477b915836e895ab00c903bdc9821	ASV10d__Bacteria;p__Proteobacteria;c__Gammaproteobacteria;o__Burkholderiales;f__Burkholderiaceae;g__Comamonas_B;s__	0.9952447821052672
aecf16f92e692ca5dafb8c0aa3a9c467	ASV5d__Bacteria;p__Proteobacteria;c__Gammaproteobacteria;o__Burkholderiales;f__Chromobacteriaceae;g__Chromobacterium;s__Chromobacteriumsp002213445	0.9998388603240811
0f7e50f2c0a7c9776236d99c56c79eb8	ASV28d__Bacteria;p__Bacteroidota;c__Bacteroidia;o__Sphingobacteriales;f__Sphingobacteriaceae;g__Pedobacter;s__	0.9980105525389277
ca864a83c8066a6c9ed761810073d529	ASV32d__Bacteria;p__Proteobacteria;c__Gammaproteobacteria;o__Burkholderiales;f__Burkholderiaceae;g__Achromobacter;s__	0.9999996909794697
ad9eb95b48e4b01957fb74f81fc83a5c	ASV10d__Bacteria;p__Proteobacteria;c__Gammaproteobacteria;o__Burkholderiales;f__Burkholderiaceae;g__Comamonas_B;s__	0.9849098006145155
382fea5cd5fe10f7acada3ea94953c7e	ASV17d__Bacteria;p__Bacteroidota;c__Bacteroidia;o__Sphingobacteriales;f__Sphingobacteriaceae;g__Pedobacter;s__	0.8525582544412391
4cfbbf7acfeff70319a85bb2ef80bfdf	ASV32d__Bacteria;p__Proteobacteria;c__Gammaproteobacteria;o__Burkholderiales;f__Burkholderiaceae;g__Achromobacter;s__	0.9999984670037021
7ee463647a72c6699280118b23e3aeef	ASV17d__Bacteria;p__Bacteroidota;c__Bacteroidia;o__Sphingobacteriales;f__Sphingobacteriaceae;g__Pedobacter;s__	0.969878344980114
e0b079e100bd57130730f1fdd4c69102	ASV17d__Bacteria;p__Bacteroidota;c__Bacteroidia;o__Sphingobacteriales;f__Sphingobacteriaceae;g__Pedobacter;s__	0.8586377014063595
a5fd9c8c4d7205f08ce2738c0111ced6	ASV28d__Bacteria;p__Bacteroidota;c__Bacteroidia;o__Sphingobacteriales;f__Sphingobacteriaceae;g__Pedobacter;s__	0.9965335212578016
b732299a49d71312b364e1dbb44d4405	ASV17d__Bacteria;p__Bacteroidota;c__Bacteroidia;o__Sphingobacteriales;f__Sphingobacteriaceae;g__Pedobacter;s__	0.9550068297401931
f554cdaa29f77a02eb25af777bbfb042	ASV34d__Bacteria;p__Bacteroidota;c__Bacteroidia;o__Flavobacteriales;f__Weeksellaceae;g__Elizabethkingia;s__Elizabethkingia_miricola	0.9999999999385238
f6226347aa6baed9ef6a0f991949ff83	ASV34d__Bacteria;p__Bacteroidota;c__Bacteroidia;o__Flavobacteriales;f__Weeksellaceae;g__Elizabethkingia;s__Elizabethkingia_miricola	0.9999999999765095
2e9fec59b2dfb03dc37294bd5362c604	ASV28d__Bacteria;p__Bacteroidota;c__Bacteroidia;o__Sphingobacteriales;f__Sphingobacteriaceae;g__Pedobacter;s__	0.999012937759202
cdeca92f39b4e883848f2dfa6d69dc08	ASV2d__Bacteria;p__Bacteroidota;c__Bacteroidia;o__Sphingobacteriales;f__Sphingobacteriaceae;g__Pedobacter;s__	0.9996077240547149
1a5a8a55e34fedce1fa196463510a468	X391_Actinobacteria;Actinomycetales;Microbacteriaceae;Leifsonia	0.9999999999994458
71ee01ceb72e31d387ef08ad6ca528e3	ASV14d__Bacteria;p__Proteobacteria;c__Gammaproteobacteria;o__Pseudomonadales;f__Pseudomonadaceae;g__Pseudomonas_E;s__Pseudomonas_E fluorescens_AP	0.9999999998897806
ccffa25b3c11711744190dcc72c62994	ASV31d__Bacteria;p__Proteobacteria;c__Gammaproteobacteria;o__Burkholderiales;f__Burkholderiaceae;g__Delftia;s__Delftia_acidovorans	0.9997736292148387
23f3d87e3faa45aa31ec426915e0f6e4	ASV14d__Bacteria;p__Proteobacteria;c__Gammaproteobacteria;o__Pseudomonadales;f__Pseudomonadaceae;g__Pseudomonas_E;s__Pseudomonas_E fluorescens_AP	0.999999999651493
5da41558cafcddfd36f37209fe76db11	ASV14d__Bacteria;p__Proteobacteria;c__Gammaproteobacteria;o__Pseudomonadales;f__Pseudomonadaceae;g__Pseudomonas_E;s__Pseudomonas_E fluorescens_AP	0.9999999997585292
18834ae2daeac265f601352783ad403f	ASV5d__Bacteria;p__Proteobacteria;c__Gammaproteobacteria;o__Burkholderiales;f__Chromobacteriaceae;g__Chromobacterium;s__Chromobacteriumsp002213445	0.9993527892644217
a0acdd655a3b3f9ae9488b190ce22712	ASV29d__Bacteria;p__Proteobacteria;c__Gammaproteobacteria;o__Enterobacterales;f__Enterobacteriaceae;g__Citrobacter;s__Citrobacter_braakii	0.9998303627518512
35f0fc07c521fe9fd0f85a38d49f03a4	ASV14d__Bacteria;p__Proteobacteria;c__Gammaproteobacteria;o__Pseudomonadales;f__Pseudomonadaceae;g__Pseudomonas_E;s__Pseudomonas_E fluorescens_AP	0.9999999991505888
e13286e55ec4099a1f73d5b805538b79	ASV14d__Bacteria;p__Proteobacteria;c__Gammaproteobacteria;o__Pseudomonadales;f__Pseudomonadaceae;g__Pseudomonas_E;s__Pseudomonas_E fluorescens_AP	0.9999999981000371
00455b1f91d1e506929054c1708e2c2f	ASV29d__Bacteria;p__Proteobacteria;c__Gammaproteobacteria;o__Enterobacterales;f__Enterobacteriaceae;g__Citrobacter;s__Citrobacter_braakii	0.9997412895437773
67202069c9475774e91eae57780d3925	ASV29d__Bacteria;p__Proteobacteria;c__Gammaproteobacteria;o__Enterobacterales;f__Enterobacteriaceae;g__Citrobacter;s__Citrobacter_braakii	0.9995711619925081
e3f515fdb2f50d39ecb7ad698b4b7863	ASV5d__Bacteria;p__Proteobacteria;c__Gammaproteobacteria;o__Burkholderiales;f__Chromobacteriaceae;g__Chromobacterium;s__Chromobacteriumsp002213445	0.9998026758797124
c6d12104a19461e951d05c80b2ff701c	ASV34d__Bacteria;p__Bacteroidota;c__Bacteroidia;o__Flavobacteriales;f__Weeksellaceae;g__Elizabethkingia;s__Elizabethkingia_miricola	0.9999999999266009
fd1cf68ea7f0bf7c8823a8003ee6cd7f	X491_Betaproteobacteria;Burkholderiales;Burkholderiaceae;Pandoraea	0.9963527346360549
dfd1a08b4ab5f862df79df9401fbb0e8	ASV31d__Bacteria;p__Proteobacteria;c__Gammaproteobacteria;o__Burkholderiales;f__Burkholderiaceae;g__Delftia;s__Delftia_acidovorans	0.9991411145889902
4d2272a195ff258b9258ea9fbc5ee9c5	ASV30d__Bacteria;p__Proteobacteria;c__Gammaproteobacteria;o__Enterobacterales;f__Enterobacteriaceae;g__Serratia_A;s__Serratia_Afonticola	0.9985091933281838
563f17a90e9e6ebbd2bdea01cd86c8e7	ASV29d__Bacteria;p__Proteobacteria;c__Gammaproteobacteria;o__Enterobacterales;f__Enterobacteriaceae;g__Citrobacter;s__Citrobacter_braakii	0.9998644898975267
96ae4ccc5d18fa60c99de7ccb32fdaa8	ASV14d__Bacteria;p__Proteobacteria;c__Gammaproteobacteria;o__Pseudomonadales;f__Pseudomonadaceae;g__Pseudomonas_E;s__Pseudomonas_E fluorescens_AP	0.9999999989008472
8935e180d8e86fd155a97f488ef5c235	ASV5d__Bacteria;p__Proteobacteria;c__Gammaproteobacteria;o__Burkholderiales;f__Chromobacteriaceae;g__Chromobacterium;s__Chromobacteriumsp002213445	0.9996562287741424
ce1997ab39016da0f0fcb3cb106cd1a7	ASV14d__Bacteria;p__Proteobacteria;c__Gammaproteobacteria;o__Pseudomonadales;f__Pseudomonadaceae;g__Pseudomonas_E;s__Pseudomonas_E fluorescens_AP	0.999999999556394
adff1dd0dcae500795b8e5941ebb7392	ASV14d__Bacteria;p__Proteobacteria;c__Gammaproteobacteria;o__Pseudomonadales;f__Pseudomonadaceae;g__Pseudomonas_E;s__Pseudomonas_E fluorescens_AP	0.9999999997970264
1ef9c6d3d91ea9c8f727e63643debaf7	ASV14d__Bacteria;p__Proteobacteria;c__Gammaproteobacteria;o__Pseudomonadales;f__Pseudomonadaceae;g__Pseudomonas_E;s__Pseudomonas_E fluorescens_AP	0.9999999992284927
cdcc2bbd744b13d2b5c1fc7c41b33bcf	ASV14d__Bacteria;p__Proteobacteria;c__Gammaproteobacteria;o__Pseudomonadales;f__Pseudomonadaceae;g__Pseudomonas_E;s__Pseudomonas_E fluorescens_AP	0.9999999988693418
2a6adcbb38a9ec5d062a8411c6188054	ASV14d__Bacteria;p__Proteobacteria;c__Gammaproteobacteria;o__Pseudomonadales;f__Pseudomonadaceae;g__Pseudomonas_E;s__Pseudomonas_E fluorescens_AP	0.9999999991250945
edf66356a0a29dce8b7f643d9635779c	ASV31d__Bacteria;p__Proteobacteria;c__Gammaproteobacteria;o__Burkholderiales;f__Burkholderiaceae;g__Delftia;s__Delftia_acidovorans	0.9979944155509245
d766937d64db6616a2817de0ced5cf64	ASV14d__Bacteria;p__Proteobacteria;c__Gammaproteobacteria;o__Pseudomonadales;f__Pseudomonadaceae;g__Pseudomonas_E;s__Pseudomonas_E fluorescens_AP	0.9999999928570844
a63a275fdc9ed957153db288a5076042	ASV32d__Bacteria;p__Proteobacteria;c__Gammaproteobacteria;o__Burkholderiales;f__Burkholderiaceae;g__Achromobacter;s__	0.9999995736354975
698d2e194c2a2982fa54402ef8314092	ASV34d__Bacteria;p__Bacteroidota;c__Bacteroidia;o__Flavobacteriales;f__Weeksellaceae;g__Elizabethkingia;s__Elizabethkingia_miricola	0.9999999996767315
2b038874032ce1a974ea77a0d1cc7a34	ASV14d__Bacteria;p__Proteobacteria;c__Gammaproteobacteria;o__Pseudomonadales;f__Pseudomonadaceae;g__Pseudomonas_E;s__Pseudomonas_E fluorescens_AP	0.9999999991146211
e2e4f2f92c4c482531426ca3b2d7fcda	ASV14d__Bacteria;p__Proteobacteria;c__Gammaproteobacteria;o__Pseudomonadales;f__Pseudomonadaceae;g__Pseudomonas_E;s__Pseudomonas_E fluorescens_AP	0.9999999983243271
e7cac03d8a7a5a7ddf2a5ab15c79fc83	ASV34d__Bacteria;p__Bacteroidota;c__Bacteroidia;o__Flavobacteriales;f__Weeksellaceae;g__Elizabethkingia;s__Elizabethkingia_miricola	0.9999999999407692
5d51b10847bd69d2912a518e5309f48e	ASV34d__Bacteria;p__Bacteroidota;c__Bacteroidia;o__Flavobacteriales;f__Weeksellaceae;g__Elizabethkingia;s__Elizabethkingia_miricola	0.9999999999197371
6ffe2ecc4e614d1992276c45a928531b	ASV14d__Bacteria;p__Proteobacteria;c__Gammaproteobacteria;o__Pseudomonadales;f__Pseudomonadaceae;g__Pseudomonas_E;s__Pseudomonas_E fluorescens_AP	0.9999999998116635
a8feb8fffb96917c8439812a0ced8108	ASV30d__Bacteria;p__Proteobacteria;c__Gammaproteobacteria;o__Enterobacterales;f__Enterobacteriaceae;g__Serratia_A;s__Serratia_Afonticola	0.9992049765250492
ae1c733df6704741cda32e3f7788914c	ASV30d__Bacteria;p__Proteobacteria;c__Gammaproteobacteria;o__Enterobacterales;f__Enterobacteriaceae;g__Serratia_A;s__Serratia_Afonticola	0.9996456621543576
be68ca5a773a1e0133486295c9509877	ASV14d__Bacteria;p__Proteobacteria;c__Gammaproteobacteria;o__Pseudomonadales;f__Pseudomonadaceae;g__Pseudomonas_E;s__Pseudomonas_E fluorescens_AP	0.9999999705839859
a869cb49b10228e49d77bce77bf71f59	ASV34d__Bacteria;p__Bacteroidota;c__Bacteroidia;o__Flavobacteriales;f__Weeksellaceae;g__Elizabethkingia;s__Elizabethkingia_miricola	0.9999999999549658
ee386811b216d4bc816ba4c5522fa529	ASV14d__Bacteria;p__Proteobacteria;c__Gammaproteobacteria;o__Pseudomonadales;f__Pseudomonadaceae;g__Pseudomonas_E;s__Pseudomonas_E fluorescens_AP	0.9999999993623305
f09d5049967fe465603fa8dbb5f66384	ASV14d__Bacteria;p__Proteobacteria;c__Gammaproteobacteria;o__Pseudomonadales;f__Pseudomonadaceae;g__Pseudomonas_E;s__Pseudomonas_E fluorescens_AP	0.9999999989882866
557a14028615ae4cf6d409e78f78bdbb	ASV5d__Bacteria;p__Proteobacteria;c__Gammaproteobacteria;o__Burkholderiales;f__Chromobacteriaceae;g__Chromobacterium;s__Chromobacteriumsp002213445	0.999809454945506
7f1b5cf93df8b2f80ae557eba98b9b95	Unassigned	0.9085661382379076
e309ec4b058e4b77093a520b6361c214	ASV34d__Bacteria;p__Bacteroidota;c__Bacteroidia;o__Flavobacteriales;f__Weeksellaceae;g__Elizabethkingia;s__Elizabethkingia_miricola	0.9999999999804743
85976b48dc07c6a882bb3f92811264aa	ASV34d__Bacteria;p__Bacteroidota;c__Bacteroidia;o__Flavobacteriales;f__Weeksellaceae;g__Elizabethkingia;s__Elizabethkingia_miricola	0.9999999999757705
5388664e91a793d2b75e3967beff86b7	ASV31d__Bacteria;p__Proteobacteria;c__Gammaproteobacteria;o__Burkholderiales;f__Burkholderiaceae;g__Delftia;s__Delftia_acidovorans	0.9997007495340263
85dfba92965e15e59745949430b3525c	Unassigned	0.7281472647433375
78d5788214774a0edab0f2fbf10e8029	ASV29d__Bacteria;p__Proteobacteria;c__Gammaproteobacteria;o__Enterobacterales;f__Enterobacteriaceae;g__Citrobacter;s__Citrobacter_braakii	0.9995692385689959
0ecc5217a4d6a290b89f3381528ee05c	ASV8d__Bacteria;p__Proteobacteria;c__Alphaproteobacteria;o__Rhizobiales;f__Rhizobiaceae;g__Rhizobium;s__	0.9999999555180078
0280dca1020c0cd4448a800d936902d3	Unassigned	0.608574683408221
82f033873c346c850c474c5f55c4a889	Unassigned	0.7576075685462118
199926035e8dbe9a23a868e375e82ce3	Unassigned	0.8350422093333856
7f2ea900a3d5f7782941d9759a3ff590	ASV34d__Bacteria;p__Bacteroidota;c__Bacteroidia;o__Flavobacteriales;f__Weeksellaceae;g__Elizabethkingia;s__Elizabethkingia_miricola	0.9999999999659934
d1e09dd3e7437fbc0f095260aae77c2e	Unassigned	0.8545789267967385
36e7e0cd3dec525dd0ead4de2559fefa	Unassigned	0.8389273244126281
38d045e92180ca3f889733fe39d261c3	Unassigned	0.8890838205464218
9f3e8097b9a29b87fc6d93aa1f02a232	Unassigned	0.8317841671015642
1e5b8fb4db8ff2ac35c8f9cbc7995e44	Unassigned	0.8605742715302416
c2ba578dcb0b884e6ae30f6a28e6997a	Unassigned	0.7904462050030734
2ca008ae47cc37724dcf2c4f84d69df5	ASV14d__Bacteria;p__Proteobacteria;c__Gammaproteobacteria;o__Pseudomonadales;f__Pseudomonadaceae;g__Pseudomonas_E;s__Pseudomonas_E fluorescens_AP	0.9999999990279349
6430d0eaada86e4f6435eaf4637317b6	Unassigned	0.800014625598949
061087289a4e158cb36d0332aecaac12	Unassigned	0.8742270484285717
8e457e14bd2cf9ed42ced145d9f2b6dd	Unassigned	0.8656633564166651
77a734654897bfb97032b3193c8bd290	ASV30d__Bacteria;p__Proteobacteria;c__Gammaproteobacteria;o__Enterobacterales;f__Enterobacteriaceae;g__Serratia_A;s__Serratia_Afonticola	0.998842825621854
fc221f85137b801b572b0954e74764a6	ASV16d__Bacteria;p__Proteobacteria;c__Gammaproteobacteria;o__Burkholderiales;f__Chromobacteriaceae;g__Aquitalea;s__	0.9954693202156368
ca67601886191fe02d8a665125f492c5	ASV34d__Bacteria;p__Bacteroidota;c__Bacteroidia;o__Flavobacteriales;f__Weeksellaceae;g__Elizabethkingia;s__Elizabethkingia_miricola	0.9999999992057411
9b50b43122dfb1230a8c7f349fbd2ce0	ASV34d__Bacteria;p__Bacteroidota;c__Bacteroidia;o__Flavobacteriales;f__Weeksellaceae;g__Elizabethkingia;s__Elizabethkingia_miricola	0.9999999999610907
df5b3409a701231826547c2c728575f7	ASV34d__Bacteria;p__Bacteroidota;c__Bacteroidia;o__Flavobacteriales;f__Weeksellaceae;g__Elizabethkingia;s__Elizabethkingia_miricola	0.9999999999765947
f36d7c6246ec2e6edf355ea4e7575b6b	X263_Sphingobacteriia;Sphingobacteriales;Chitinophagaceae; Chitinophaga	0.9999999998205595
41c842851ec58d90e671f5d4d8fa18d2	ASV8d__Bacteria;p__Proteobacteria;c__Alphaproteobacteria;o__Rhizobiales;f__Rhizobiaceae;g__Rhizobium;s__	0.9999998463303943
7e3ed06dbd8be785bc6fe3b034d24ece	ASV29d__Bacteria;p__Proteobacteria;c__Gammaproteobacteria;o__Enterobacterales;f__Enterobacteriaceae;g__Citrobacter;s__Citrobacter_braakii	0.9998492919859902
dac10372b78c08fc6b1cd88d6d618e1b	ASV29d__Bacteria;p__Proteobacteria;c__Gammaproteobacteria;o__Enterobacterales;f__Enterobacteriaceae;g__Citrobacter;s__Citrobacter_braakii	0.9982375339349135
a1717bc46dd4bb14f76d58c7a16e9df1	ASV34d__Bacteria;p__Bacteroidota;c__Bacteroidia;o__Flavobacteriales;f__Weeksellaceae;g__Elizabethkingia;s__Elizabethkingia_miricola	0.9999999999455156
8aa351d9aa6a882faa1c51484740749a	ASV14d__Bacteria;p__Proteobacteria;c__Gammaproteobacteria;o__Pseudomonadales;f__Pseudomonadaceae;g__Pseudomonas_E;s__Pseudomonas_E fluorescens_AP	0.9999999989307042
57d974e6440c174aac5606c2277c2a07	ASV5d__Bacteria;p__Proteobacteria;c__Gammaproteobacteria;o__Burkholderiales;f__Chromobacteriaceae;g__Chromobacterium;s__Chromobacteriumsp002213445	0.99933194579832
12f36fa5a5699850501ee0a167c9bd2e	ASV5d__Bacteria;p__Proteobacteria;c__Gammaproteobacteria;o__Burkholderiales;f__Chromobacteriaceae;g__Chromobacterium;s__Chromobacteriumsp002213445	0.999630832199072
235f1a652cdfc92511e9562174d05aaf	ASV31d__Bacteria;p__Proteobacteria;c__Gammaproteobacteria;o__Burkholderiales;f__Burkholderiaceae;g__Delftia;s__Delftia_acidovorans	0.9995670311096109
f3c213e0631296564d66082bffbeda70	ASV29d__Bacteria;p__Proteobacteria;c__Gammaproteobacteria;o__Enterobacterales;f__Enterobacteriaceae;g__Citrobacter;s__Citrobacter_braakii	0.9996413348963993
397cab376fabb0e2738477801ac31eca	ASV34d__Bacteria;p__Bacteroidota;c__Bacteroidia;o__Flavobacteriales;f__Weeksellaceae;g__Elizabethkingia;s__Elizabethkingia_miricola	0.9999999997548912
76798fa60b00858b20f7adf657beafb8	ASV14d__Bacteria;p__Proteobacteria;c__Gammaproteobacteria;o__Pseudomonadales;f__Pseudomonadaceae;g__Pseudomonas_E;s__Pseudomonas_E fluorescens_AP	0.9999999994664819
4cf6bd76ceaa5dd716e572e4cad32c3b	ASV29d__Bacteria;p__Proteobacteria;c__Gammaproteobacteria;o__Enterobacterales;f__Enterobacteriaceae;g__Citrobacter;s__Citrobacter_braakii	0.9999026368160607
34c8eccb68f6a5a44339e4640abf2254	ASV29d__Bacteria;p__Proteobacteria;c__Gammaproteobacteria;o__Enterobacterales;f__Enterobacteriaceae;g__Citrobacter;s__Citrobacter_braakii	0.9997366672343251
29b717aa8109d20731c674d3a2f94011	ASV14d__Bacteria;p__Proteobacteria;c__Gammaproteobacteria;o__Pseudomonadales;f__Pseudomonadaceae;g__Pseudomonas_E;s__Pseudomonas_E fluorescens_AP	0.999999998697831
ac7a4c06b2fa1db1615db04334dd8285	ASV21d__Bacteria;p__Proteobacteria;c__Gammaproteobacteria;o__Xanthomonadales;f__Rhodanobacteraceae;g__Dyella;s__	0.9999999926932475
1b27ff9f9e04b90acee1025ccddebd3c	ASV14d__Bacteria;p__Proteobacteria;c__Gammaproteobacteria;o__Pseudomonadales;f__Pseudomonadaceae;g__Pseudomonas_E;s__Pseudomonas_E fluorescens_AP	0.999999998716163
9cd9f5a1243476633e890cb027215ddf	ASV29d__Bacteria;p__Proteobacteria;c__Gammaproteobacteria;o__Enterobacterales;f__Enterobacteriaceae;g__Citrobacter;s__Citrobacter_braakii	0.9992096101943505
baacbb97dc5fdda8b525c2813f2856b3	ASV14d__Bacteria;p__Proteobacteria;c__Gammaproteobacteria;o__Pseudomonadales;f__Pseudomonadaceae;g__Pseudomonas_E;s__Pseudomonas_E fluorescens_AP	0.9999999959851635
024f7cd3e0dc428d12559550af044bc9	ASV32d__Bacteria;p__Proteobacteria;c__Gammaproteobacteria;o__Burkholderiales;f__Burkholderiaceae;g__Achromobacter;s__	0.9999994260626237
9f38ca6b4cae976511a77ecb381ba4ee	ASV7d__Bacteria;p__Proteobacteria;c__Gammaproteobacteria;o__Burkholderiales;f__Burkholderiaceae;g__Herbaspirillum;s__	0.9994734405831233
167f5d387d88bf2b8b14337fdc18eeff	ASV14d__Bacteria;p__Proteobacteria;c__Gammaproteobacteria;o__Pseudomonadales;f__Pseudomonadaceae;g__Pseudomonas_E;s__Pseudomonas_E fluorescens_AP	0.9999999990643289
6ed17a9c91e04deb5c769973764609c6	ASV34d__Bacteria;p__Bacteroidota;c__Bacteroidia;o__Flavobacteriales;f__Weeksellaceae;g__Elizabethkingia;s__Elizabethkingia_miricola	0.9999999999438671
c77f92272d0d6881a7afbe5db025947c	ASV5d__Bacteria;p__Proteobacteria;c__Gammaproteobacteria;o__Burkholderiales;f__Chromobacteriaceae;g__Chromobacterium;s__Chromobacteriumsp002213445	0.9984021862081515
ceefd2a9d7af56060f73d5a4b388a8c2	ASV5d__Bacteria;p__Proteobacteria;c__Gammaproteobacteria;o__Burkholderiales;f__Chromobacteriaceae;g__Chromobacterium;s__Chromobacteriumsp002213445	0.9995074269936173
ad0d1cef425d06ac7c66f105a6319e6d	ASV30d__Bacteria;p__Proteobacteria;c__Gammaproteobacteria;o__Enterobacterales;f__Enterobacteriaceae;g__Serratia_A;s__Serratia_Afonticola	0.9990271307798346
5e6a66ea426f6cbcb16a4ac021ab8b4f	ASV32d__Bacteria;p__Proteobacteria;c__Gammaproteobacteria;o__Burkholderiales;f__Burkholderiaceae;g__Achromobacter;s__	0.9999988606426296
ecd0e91601d434b49c34ec72605d8d97	ASV16d__Bacteria;p__Proteobacteria;c__Gammaproteobacteria;o__Burkholderiales;f__Chromobacteriaceae;g__Aquitalea;s__	0.9912080533313954
1b0f9f87aa5d17924b2cb57b8407a3d2	ASV14d__Bacteria;p__Proteobacteria;c__Gammaproteobacteria;o__Pseudomonadales;f__Pseudomonadaceae;g__Pseudomonas_E;s__Pseudomonas_E fluorescens_AP	0.9999999965551893
c4152ebc7799925c3240dd67c50d5ab6	ASV7d__Bacteria;p__Proteobacteria;c__Gammaproteobacteria;o__Burkholderiales;f__Burkholderiaceae;g__Herbaspirillum;s__	0.9993771184682071
34facb16c01b79849cc048047e4223d6	ASV29d__Bacteria;p__Proteobacteria;c__Gammaproteobacteria;o__Enterobacterales;f__Enterobacteriaceae;g__Citrobacter;s__Citrobacter_braakii	0.9996807193305933
e8ea7c9d4a010748a0df7b85bcb7e032	ASV34d__Bacteria;p__Bacteroidota;c__Bacteroidia;o__Flavobacteriales;f__Weeksellaceae;g__Elizabethkingia;s__Elizabethkingia_miricola	0.9999999999743068
19545e4f14a7993eec2f0a25c0b96ed3	ASV34d__Bacteria;p__Bacteroidota;c__Bacteroidia;o__Flavobacteriales;f__Weeksellaceae;g__Elizabethkingia;s__Elizabethkingia_miricola	0.9999999998057945
4778e9d6ca0ae9ad851aef3a67656631	ASV30d__Bacteria;p__Proteobacteria;c__Gammaproteobacteria;o__Enterobacterales;f__Enterobacteriaceae;g__Serratia_A;s__Serratia_Afonticola	0.9997350734747218
c8bc6df52c083cce066e911d36c5846b	ASV34d__Bacteria;p__Bacteroidota;c__Bacteroidia;o__Flavobacteriales;f__Weeksellaceae;g__Elizabethkingia;s__Elizabethkingia_miricola	0.9999999999492246
08bc4b61bc7a98511eae6c5aa8b852b6	ASV34d__Bacteria;p__Bacteroidota;c__Bacteroidia;o__Flavobacteriales;f__Weeksellaceae;g__Elizabethkingia;s__Elizabethkingia_miricola	0.9999999995305302
80cacb904f25cf1572f569cc4f6e5cea	ASV14d__Bacteria;p__Proteobacteria;c__Gammaproteobacteria;o__Pseudomonadales;f__Pseudomonadaceae;g__Pseudomonas_E;s__Pseudomonas_E fluorescens_AP	0.999999999143526
a3072e5d446701794ab268e18978d73c	ASV14d__Bacteria;p__Proteobacteria;c__Gammaproteobacteria;o__Pseudomonadales;f__Pseudomonadaceae;g__Pseudomonas_E;s__Pseudomonas_E fluorescens_AP	0.999999999790731
f1129f2118eb895ab3058d68594b1578	ASV34d__Bacteria;p__Bacteroidota;c__Bacteroidia;o__Flavobacteriales;f__Weeksellaceae;g__Elizabethkingia;s__Elizabethkingia_miricola	0.9999999997140918
ac8e98275a5acb3d2ccc737757173cad	X491_Betaproteobacteria;Burkholderiales;Burkholderiaceae;Pandoraea	0.9880024531152858
4fa898b4c215a086fe8042b9be860f06	ASV14d__Bacteria;p__Proteobacteria;c__Gammaproteobacteria;o__Pseudomonadales;f__Pseudomonadaceae;g__Pseudomonas_E;s__Pseudomonas_E fluorescens_AP	0.9999999949272507
a7900e8b44aa2dcccdfe49d594585c03	ASV14d__Bacteria;p__Proteobacteria;c__Gammaproteobacteria;o__Pseudomonadales;f__Pseudomonadaceae;g__Pseudomonas_E;s__Pseudomonas_E fluorescens_AP	0.9999999967337772
75da74b12892d04e389ad7b5a92b809e	ASV14d__Bacteria;p__Proteobacteria;c__Gammaproteobacteria;o__Pseudomonadales;f__Pseudomonadaceae;g__Pseudomonas_E;s__Pseudomonas_E fluorescens_AP	0.9999999974459257
fe0c012ad5297e3a9f3bc2cbfcb8cdb1	ASV30d__Bacteria;p__Proteobacteria;c__Gammaproteobacteria;o__Enterobacterales;f__Enterobacteriaceae;g__Serratia_A;s__Serratia_Afonticola	0.9991175619992492
4cda40aa2daa35dc4ef5c4c2173fb803	ASV34d__Bacteria;p__Bacteroidota;c__Bacteroidia;o__Flavobacteriales;f__Weeksellaceae;g__Elizabethkingia;s__Elizabethkingia_miricola	0.9999999998151736
9cdbb4b02f60ddd44a38c62894881c89	ASV30d__Bacteria;p__Proteobacteria;c__Gammaproteobacteria;o__Enterobacterales;f__Enterobacteriaceae;g__Serratia_A;s__Serratia_Afonticola	0.9967162382195597
921d3ad23ebd5e13103546bd6972d9ad	Unassigned	0.8677161168322924
7d3f227d267cc963d70a7ee8273815ae	Unassigned	0.6235231764928317
a5e17f247edafbd745aad95069fb0da9	ASV32d__Bacteria;p__Proteobacteria;c__Gammaproteobacteria;o__Burkholderiales;f__Burkholderiaceae;g__Achromobacter;s__	0.9999987335412815
944628509ec59c21b151af02c3becf36	X391_Actinobacteria;Actinomycetales;Microbacteriaceae;Leifsonia	0.9999999999996732
38d066854abf8bcd534aae444aa29736	ASV34d__Bacteria;p__Bacteroidota;c__Bacteroidia;o__Flavobacteriales;f__Weeksellaceae;g__Elizabethkingia;s__Elizabethkingia_miricola	0.9999999998780993
ad39c7c85393f7dfab82f6474740a300	ASV5d__Bacteria;p__Proteobacteria;c__Gammaproteobacteria;o__Burkholderiales;f__Chromobacteriaceae;g__Chromobacterium;s__Chromobacteriumsp002213445	0.9994884500939204
84e0b94b86f677551541d369de5bb58b	ASV32d__Bacteria;p__Proteobacteria;c__Gammaproteobacteria;o__Burkholderiales;f__Burkholderiaceae;g__Achromobacter;s__	0.9999931368543754
03b14882ee8980cc50adf84d3607d309	ASV17d__Bacteria;p__Bacteroidota;c__Bacteroidia;o__Sphingobacteriales;f__Sphingobacteriaceae;g__Pedobacter;s__	0.9601019491413625
6fca3acb03175e4641252336ffefccb4	ASV16d__Bacteria;p__Proteobacteria;c__Gammaproteobacteria;o__Burkholderiales;f__Chromobacteriaceae;g__Aquitalea;s__	0.986617452818698
da002fbe4ecd9c0d46dec1da92a29dee	ASV32d__Bacteria;p__Proteobacteria;c__Gammaproteobacteria;o__Burkholderiales;f__Burkholderiaceae;g__Achromobacter;s__	0.9999990548075947
ad8c3f04e36f15afdedb88800a1a0f68	ASV5d__Bacteria;p__Proteobacteria;c__Gammaproteobacteria;o__Burkholderiales;f__Chromobacteriaceae;g__Chromobacterium;s__Chromobacteriumsp002213445	0.9996166873400624
826ae5fe2f34a6b80f8ae1cf6f328632	ASV10d__Bacteria;p__Proteobacteria;c__Gammaproteobacteria;o__Burkholderiales;f__Burkholderiaceae;g__Comamonas_B;s__	0.9953349913357782
a526464628ce9f5e563c01d20cc214a3	ASV32d__Bacteria;p__Proteobacteria;c__Gammaproteobacteria;o__Burkholderiales;f__Burkholderiaceae;g__Achromobacter;s__	0.9999977955764191
566ea27587c4ac6273ffa57664af1178	ASV14d__Bacteria;p__Proteobacteria;c__Gammaproteobacteria;o__Pseudomonadales;f__Pseudomonadaceae;g__Pseudomonas_E;s__Pseudomonas_E fluorescens_AP	0.9999999986862207
d534ee379df662d84469c514147e4c26	ASV14d__Bacteria;p__Proteobacteria;c__Gammaproteobacteria;o__Pseudomonadales;f__Pseudomonadaceae;g__Pseudomonas_E;s__Pseudomonas_E fluorescens_AP	0.9999999981107095
0fe8d4cb71703e41167ded38b8aa0b0e	ASV34d__Bacteria;p__Bacteroidota;c__Bacteroidia;o__Flavobacteriales;f__Weeksellaceae;g__Elizabethkingia;s__Elizabethkingia_miricola	0.9999999997245794
2db952e67ce743dac4a797ad9062b053	ASV11d__Bacteria;p__Proteobacteria;c__Gammaproteobacteria;o__Burkholderiales;f__Chromobacteriaceae;g__Aquitalea;s__Aquitaleapelogenes	0.9958204543309511
567eee95b863d358a4240f04864b7b69	ASV17d__Bacteria;p__Bacteroidota;c__Bacteroidia;o__Sphingobacteriales;f__Sphingobacteriaceae;g__Pedobacter;s__	0.9688809323807629
772907c51225d329054a6b0667364b3d	ASV11d__Bacteria;p__Proteobacteria;c__Gammaproteobacteria;o__Burkholderiales;f__Chromobacteriaceae;g__Aquitalea;s__Aquitaleapelogenes	0.9973569221090933
2767a73725815d9b1203ea2ca3bc3cd3	ASV11d__Bacteria;p__Proteobacteria;c__Gammaproteobacteria;o__Burkholderiales;f__Chromobacteriaceae;g__Aquitalea;s__Aquitaleapelogenes	0.9946563713823527
348a7c42b6dd65a3ad9762cfb9a6e329	ASV14d__Bacteria;p__Proteobacteria;c__Gammaproteobacteria;o__Pseudomonadales;f__Pseudomonadaceae;g__Pseudomonas_E;s__Pseudomonas_E fluorescens_AP	0.9999999979520453
14793a82097345c4356bbe3a77dc8ff0	ASV32d__Bacteria;p__Proteobacteria;c__Gammaproteobacteria;o__Burkholderiales;f__Burkholderiaceae;g__Achromobacter;s__	0.999999542635569
eda577744fb740c21ec9f9ec4572e7ff	ASV34d__Bacteria;p__Bacteroidota;c__Bacteroidia;o__Flavobacteriales;f__Weeksellaceae;g__Elizabethkingia;s__Elizabethkingia_miricola	0.9999999999574953
34ea6175c5748e32e0a40dcf39062164	ASV29d__Bacteria;p__Proteobacteria;c__Gammaproteobacteria;o__Enterobacterales;f__Enterobacteriaceae;g__Citrobacter;s__Citrobacter_braakii	0.9997625145330863
014be556c53d169e9a595208e29fe5a8	ASV34d__Bacteria;p__Bacteroidota;c__Bacteroidia;o__Flavobacteriales;f__Weeksellaceae;g__Elizabethkingia;s__Elizabethkingia_miricola	0.9999999996065299
48c5dc8215632347c3541195c5fd7447	Unassigned	0.8724875323944565
ba151d2d077814a0b293c98cc39623d0	Unassigned	0.8042210076285372
5fde0f1e2a2fea67ac5ef3f9e82b05ad	Unassigned	0.7938710257394344
4760864fa61b9582b53ff7f467eec096	ASV5d__Bacteria;p__Proteobacteria;c__Gammaproteobacteria;o__Burkholderiales;f__Chromobacteriaceae;g__Chromobacterium;s__Chromobacteriumsp002213445	0.9997189401726875
d7abaf21614f05604c314312a5eeaec2	ASV14d__Bacteria;p__Proteobacteria;c__Gammaproteobacteria;o__Pseudomonadales;f__Pseudomonadaceae;g__Pseudomonas_E;s__Pseudomonas_E fluorescens_AP	0.9999999992738964
cab67410a00577e28ae925c68e6554e1	ASV14d__Bacteria;p__Proteobacteria;c__Gammaproteobacteria;o__Pseudomonadales;f__Pseudomonadaceae;g__Pseudomonas_E;s__Pseudomonas_E fluorescens_AP	0.9999999998003801
d55f4048bec3f3421bbffc09a0e6aca4	ASV14d__Bacteria;p__Proteobacteria;c__Gammaproteobacteria;o__Pseudomonadales;f__Pseudomonadaceae;g__Pseudomonas_E;s__Pseudomonas_E fluorescens_AP	0.9999999996789484
911ca00aff206788e3edcd4a997ef38b	X391_Actinobacteria;Actinomycetales;Microbacteriaceae;Leifsonia	0.9999999999996732
fc22db2dd6884749e91d76d64e0fc454	ASV34d__Bacteria;p__Bacteroidota;c__Bacteroidia;o__Flavobacteriales;f__Weeksellaceae;g__Elizabethkingia;s__Elizabethkingia_miricola	0.9999999999653113
f3e8b73fc6a41d5dbf5ff87857f191b3	Unassigned	0.5711331130997781
1654bf288465a334ef5fef1e38a52bb2	ASV32d__Bacteria;p__Proteobacteria;c__Gammaproteobacteria;o__Burkholderiales;f__Burkholderiaceae;g__Achromobacter;s__	0.9999990939867002
53bcb58ff397b9d9650822583b232da3	ASV16d__Bacteria;p__Proteobacteria;c__Gammaproteobacteria;o__Burkholderiales;f__Chromobacteriaceae;g__Aquitalea;s__	0.9922723557910431
c54d522b83ebe4aab9ca48b55cd48c66	ASV31d__Bacteria;p__Proteobacteria;c__Gammaproteobacteria;o__Burkholderiales;f__Burkholderiaceae;g__Delftia;s__Delftia_acidovorans	0.9996528638975023
a685a84c0474394a9f65937fbc940ef9	ASV29d__Bacteria;p__Proteobacteria;c__Gammaproteobacteria;o__Enterobacterales;f__Enterobacteriaceae;g__Citrobacter;s__Citrobacter_braakii	0.9989833603067637
15e5113acdf6d3d760126635998b7588	ASV34d__Bacteria;p__Bacteroidota;c__Bacteroidia;o__Flavobacteriales;f__Weeksellaceae;g__Elizabethkingia;s__Elizabethkingia_miricola	0.999999999770111
8e17cfd1b9d534f259faab66e0d39116	ASV14d__Bacteria;p__Proteobacteria;c__Gammaproteobacteria;o__Pseudomonadales;f__Pseudomonadaceae;g__Pseudomonas_E;s__Pseudomonas_E fluorescens_AP	0.99999999915876
2bb28ccc7161bbe734edf41ec202f412	ASV14d__Bacteria;p__Proteobacteria;c__Gammaproteobacteria;o__Pseudomonadales;f__Pseudomonadaceae;g__Pseudomonas_E;s__Pseudomonas_E fluorescens_AP	0.9999999991274962
a3ccfe6caea86c516377b083f6d363ec	ASV31d__Bacteria;p__Proteobacteria;c__Gammaproteobacteria;o__Burkholderiales;f__Burkholderiaceae;g__Delftia;s__Delftia_acidovorans	0.999671255923055
c3d9d385855d9c7dea6f27bb4207c3f3	ASV29d__Bacteria;p__Proteobacteria;c__Gammaproteobacteria;o__Enterobacterales;f__Enterobacteriaceae;g__Citrobacter;s__Citrobacter_braakii	0.9997398407482649
f3b0f36477d6625a12551f7fb91913f2	ASV16d__Bacteria;p__Proteobacteria;c__Gammaproteobacteria;o__Burkholderiales;f__Chromobacteriaceae;g__Aquitalea;s__	0.99386165722442
c59eaeb5178fb9d77e288c93d147b413	Unassigned	0.7986635049825177
cdd9d592a485000ce6ae1aabb4991376	Unassigned	0.745275506653327
ebbd9f0c18c63531539b05d4478e69ec	Unassigned	0.5422317467311599
6beb3a4252e63cf1c2a82ad5b39b4270	Unassigned	0.8094166491123272
a25522e3dea5d6b213342c934c79d78d	Unassigned	0.7990015860128781
8dca34c9dfa3057be39bb0bf89c2677a	Unassigned	0.7089285835236261
ac5ee582fe9ffde83a579a89fc6331e3	Unassigned	0.8271632891746876
e0e1db39349aabb00357918cb4a320a9	Unassigned	0.8363303713563496
e84fd749a8c294f0ebe891a3791a8169	Unassigned	0.3877096510164142
145529cf86ca4060d03598712f3ba62f	Unassigned	0.8079040519762621
6cb1d978ba4ca659fbb44e2771fc1aea	Unassigned	0.6235257124317524
62186746dc0544a670aca1864b14d8aa	ASV9d__Bacteria;p__Proteobacteria;c__Alphaproteobacteria;o__Caulobacterales;f__Caulobacteraceae;g__Brevundimonas;s__	0.9999999896234044
532c07bb809fe38354daf5502c192d0e	ASV17d__Bacteria;p__Bacteroidota;c__Bacteroidia;o__Sphingobacteriales;f__Sphingobacteriaceae;g__Pedobacter;s__	0.9521273372875613
af5650ee9ba57b71b9de68826e629c7e	ASV9d__Bacteria;p__Proteobacteria;c__Alphaproteobacteria;o__Caulobacterales;f__Caulobacteraceae;g__Brevundimonas;s__	0.999999977302281
a1c69b4ba820c39b3fdfe312c677b06f	ASV17d__Bacteria;p__Bacteroidota;c__Bacteroidia;o__Sphingobacteriales;f__Sphingobacteriaceae;g__Pedobacter;s__	0.9214038617509537
7658863f2497818356345dc306f0b6ba	ASV19d__Bacteria;p__Bacteroidota;c__Bacteroidia;o__Sphingobacteriales;f__Sphingobacteriaceae;g__Pedobacter;s__	0.999648772198651
5bb2fd8cabace21d0be292800eadf62e	ASV34d__Bacteria;p__Bacteroidota;c__Bacteroidia;o__Flavobacteriales;f__Weeksellaceae;g__Elizabethkingia;s__Elizabethkingia_miricola	0.9999999999151044
5d6fa5bae790687d56bb1fce62c20319	ASV10d__Bacteria;p__Proteobacteria;c__Gammaproteobacteria;o__Burkholderiales;f__Burkholderiaceae;g__Comamonas_B;s__	0.9971980448690189
e23ac9166dc3f28ad16d9f599379aed6	ASV5d__Bacteria;p__Proteobacteria;c__Gammaproteobacteria;o__Burkholderiales;f__Chromobacteriaceae;g__Chromobacterium;s__Chromobacteriumsp002213445	0.9995156621603996
6628fa1da146a6ffeec8ae46e769eda4	ASV10d__Bacteria;p__Proteobacteria;c__Gammaproteobacteria;o__Burkholderiales;f__Burkholderiaceae;g__Comamonas_B;s__	0.9969670948750635
a22e22777a0d367a8f91374cee2d70b3	ASV31d__Bacteria;p__Proteobacteria;c__Gammaproteobacteria;o__Burkholderiales;f__Burkholderiaceae;g__Delftia;s__Delftia_acidovorans	0.9985708484029444
4da30c502dff3c4c7a7297d3ceb19b3e	ASV19d__Bacteria;p__Bacteroidota;c__Bacteroidia;o__Sphingobacteriales;f__Sphingobacteriaceae;g__Pedobacter;s__	0.9979467975473214
d6f370e92f24d50261419463c7bd50f9	ASV32d__Bacteria;p__Proteobacteria;c__Gammaproteobacteria;o__Burkholderiales;f__Burkholderiaceae;g__Achromobacter;s__	0.9999994256719675
c0786bf57069c1713b1f3a8b4f910685	ASV2d__Bacteria;p__Bacteroidota;c__Bacteroidia;o__Sphingobacteriales;f__Sphingobacteriaceae;g__Pedobacter;s__	0.9995214943233319
055396856f884a349b7e15106f9ffe3b	X263_Sphingobacteriia;Sphingobacteriales;Chitinophagaceae; Chitinophaga	0.9999999998934612
734d9fceb66ed0204a5129d0ad3eb0a1	ASV22d__Bacteria;p__Proteobacteria;c__Gammaproteobacteria;o__Burkholderiales;f__Burkholderiaceae;g__Paraburkholderia_B;s__	0.9994616925453361
5f72757e157b06c1c47279ce0d7076af	ASV5d__Bacteria;p__Proteobacteria;c__Gammaproteobacteria;o__Burkholderiales;f__Chromobacteriaceae;g__Chromobacterium;s__Chromobacteriumsp002213445	0.999717532591258
afce13aab1bfa6233eb9bc27443a5d32	ASV28d__Bacteria;p__Bacteroidota;c__Bacteroidia;o__Sphingobacteriales;f__Sphingobacteriaceae;g__Pedobacter;s__	0.9986208769966833
5b19d55bba86b7a43dadaf1b1838a080	ASV14d__Bacteria;p__Proteobacteria;c__Gammaproteobacteria;o__Pseudomonadales;f__Pseudomonadaceae;g__Pseudomonas_E;s__Pseudomonas_E fluorescens_AP	0.9999999998999556
d9ab9d0817e94a0c9cdbcbd4b6f2de0d	ASV17d__Bacteria;p__Bacteroidota;c__Bacteroidia;o__Sphingobacteriales;f__Sphingobacteriaceae;g__Pedobacter;s__	0.970439232684449
1c3af2a5dcd228fc8d0a7d91a669485d	X120_Alphaproteobacteria;Sphingomonadales;Sphingomonadaceae;Sphingomonas	0.9999995367734236
c856501b502f0682a1a2c7fb241ca668	ASV9d__Bacteria;p__Proteobacteria;c__Alphaproteobacteria;o__Caulobacterales;f__Caulobacteraceae;g__Brevundimonas;s__	0.9999999959411525
5cbfc3e03fdd27d1b547d7f6d1531da7	ASV34d__Bacteria;p__Bacteroidota;c__Bacteroidia;o__Flavobacteriales;f__Weeksellaceae;g__Elizabethkingia;s__Elizabethkingia_miricola	0.9999999999372733
f6810f6426797e783afc4153b038f343	ASV5d__Bacteria;p__Proteobacteria;c__Gammaproteobacteria;o__Burkholderiales;f__Chromobacteriaceae;g__Chromobacterium;s__Chromobacteriumsp002213445	0.9997226859391222
2d35a4a538aba0865b39b2d2748de6c3	ASV28d__Bacteria;p__Bacteroidota;c__Bacteroidia;o__Sphingobacteriales;f__Sphingobacteriaceae;g__Pedobacter;s__	0.9983395765304446
eb2fc42ddfd0eaf0c225db46b7336098	ASV34d__Bacteria;p__Bacteroidota;c__Bacteroidia;o__Flavobacteriales;f__Weeksellaceae;g__Elizabethkingia;s__Elizabethkingia_miricola	0.9999999999609628
e1a9662f6e4861f2e78963bd5a85dbf5	ASV17d__Bacteria;p__Bacteroidota;c__Bacteroidia;o__Sphingobacteriales;f__Sphingobacteriaceae;g__Pedobacter;s__	0.965752177950901
9d40f33893f3735c887dca561f267b94	ASV9d__Bacteria;p__Proteobacteria;c__Alphaproteobacteria;o__Caulobacterales;f__Caulobacteraceae;g__Brevundimonas;s__	0.9999999944678422
27b7185e56351b0ba2c6382199409442	Unassigned	0.8202437361924185
f10dbdb369895f37926ef3322ba926e5	Unassigned	0.888867995457675
3dedaab1a60eda8064138502ccea48b8	ASV5d__Bacteria;p__Proteobacteria;c__Gammaproteobacteria;o__Burkholderiales;f__Chromobacteriaceae;g__Chromobacterium;s__Chromobacteriumsp002213445	0.999704882659278
1127f25cf91ffb1a831eefc39346973f	ASV30d__Bacteria;p__Proteobacteria;c__Gammaproteobacteria;o__Enterobacterales;f__Enterobacteriaceae;g__Serratia_A;s__Serratia_Afonticola	0.9989427038992751
b4703b48aa17e0209bfe7cd9c36737f4	ASV14d__Bacteria;p__Proteobacteria;c__Gammaproteobacteria;o__Pseudomonadales;f__Pseudomonadaceae;g__Pseudomonas_E;s__Pseudomonas_E fluorescens_AP	0.9999999994288515
7c8d33ba6f41cf57d3bb046e87d990e0	ASV31d__Bacteria;p__Proteobacteria;c__Gammaproteobacteria;o__Burkholderiales;f__Burkholderiaceae;g__Delftia;s__Delftia_acidovorans	0.9989437766816209
691732df7353f6b39105db1d8731ffdc	ASV5d__Bacteria;p__Proteobacteria;c__Gammaproteobacteria;o__Burkholderiales;f__Chromobacteriaceae;g__Chromobacterium;s__Chromobacteriumsp002213445	0.9997557103919705
f779e0be9ecc5925aa9bc8cafdb33ed0	ASV14d__Bacteria;p__Proteobacteria;c__Gammaproteobacteria;o__Pseudomonadales;f__Pseudomonadaceae;g__Pseudomonas_E;s__Pseudomonas_E fluorescens_AP	0.9999999997016573
60b606c5a13e657c3bd29258b9e3f1f6	ASV5d__Bacteria;p__Proteobacteria;c__Gammaproteobacteria;o__Burkholderiales;f__Chromobacteriaceae;g__Chromobacterium;s__Chromobacteriumsp002213445	0.9997137718600202
7f9a8be941b0f58cd0fdc61cdf9e4eae	ASV14d__Bacteria;p__Proteobacteria;c__Gammaproteobacteria;o__Pseudomonadales;f__Pseudomonadaceae;g__Pseudomonas_E;s__Pseudomonas_E fluorescens_AP	0.9999999996973656
0938ad26c2c6596bb25dc4ffa6c08fb9	ASV16d__Bacteria;p__Proteobacteria;c__Gammaproteobacteria;o__Burkholderiales;f__Chromobacteriaceae;g__Aquitalea;s__	0.9916742292795548
a705817e5006c7e49f1dc2ad63ff7be0	ASV16d__Bacteria;p__Proteobacteria;c__Gammaproteobacteria;o__Burkholderiales;f__Chromobacteriaceae;g__Aquitalea;s__	0.9920547712802572
aa1f55f9ee7673b71dc0a45b186b0224	ASV34d__Bacteria;p__Bacteroidota;c__Bacteroidia;o__Flavobacteriales;f__Weeksellaceae;g__Elizabethkingia;s__Elizabethkingia_miricola	0.9999999999843396
fa161320e9da33c1e520b0522092b21e	ASV29d__Bacteria;p__Proteobacteria;c__Gammaproteobacteria;o__Enterobacterales;f__Enterobacteriaceae;g__Citrobacter;s__Citrobacter_braakii	0.9991522634562868
b6bcf4ea23f1d46a9e340da8c009cbcd	ASV29d__Bacteria;p__Proteobacteria;c__Gammaproteobacteria;o__Enterobacterales;f__Enterobacteriaceae;g__Citrobacter;s__Citrobacter_braakii	0.9997339327269076
ff0ca73154060211f9823de4923cae5a	ASV31d__Bacteria;p__Proteobacteria;c__Gammaproteobacteria;o__Burkholderiales;f__Burkholderiaceae;g__Delftia;s__Delftia_acidovorans	0.9993584461417429
7b6fe586aae9d569c1d47115d264ed9d	ASV34d__Bacteria;p__Bacteroidota;c__Bacteroidia;o__Flavobacteriales;f__Weeksellaceae;g__Elizabethkingia;s__Elizabethkingia_miricola	0.9999999999447198
68b901f40dd148b2df01e0d0d76cc982	ASV32d__Bacteria;p__Proteobacteria;c__Gammaproteobacteria;o__Burkholderiales;f__Burkholderiaceae;g__Achromobacter;s__	0.9999994147847537
9e6cd18aa06ccae2c18187d5cd8217de	ASV14d__Bacteria;p__Proteobacteria;c__Gammaproteobacteria;o__Pseudomonadales;f__Pseudomonadaceae;g__Pseudomonas_E;s__Pseudomonas_E fluorescens_AP	0.9999999937380437
0ddba20fb85d4493848a560522e1a5cb	ASV14d__Bacteria;p__Proteobacteria;c__Gammaproteobacteria;o__Pseudomonadales;f__Pseudomonadaceae;g__Pseudomonas_E;s__Pseudomonas_E fluorescens_AP	0.9999999998766214
1abf039e78d05b68edf9e5bbeb64c10b	ASV34d__Bacteria;p__Bacteroidota;c__Bacteroidia;o__Flavobacteriales;f__Weeksellaceae;g__Elizabethkingia;s__Elizabethkingia_miricola	0.9999999995934417
06630749a20703343f795880a9821723	ASV14d__Bacteria;p__Proteobacteria;c__Gammaproteobacteria;o__Pseudomonadales;f__Pseudomonadaceae;g__Pseudomonas_E;s__Pseudomonas_E fluorescens_AP	0.999999998044359
d47f81e3d574dc2e0e18d4a1d110c9eb	ASV14d__Bacteria;p__Proteobacteria;c__Gammaproteobacteria;o__Pseudomonadales;f__Pseudomonadaceae;g__Pseudomonas_E;s__Pseudomonas_E fluorescens_AP	0.9999999988174579
991882498184890da16e8450422c22b3	ASV14d__Bacteria;p__Proteobacteria;c__Gammaproteobacteria;o__Pseudomonadales;f__Pseudomonadaceae;g__Pseudomonas_E;s__Pseudomonas_E fluorescens_AP	0.9999999970114857
f65a9f0e03cc4ecdf31cbed56a3c6960	ASV14d__Bacteria;p__Proteobacteria;c__Gammaproteobacteria;o__Pseudomonadales;f__Pseudomonadaceae;g__Pseudomonas_E;s__Pseudomonas_E fluorescens_AP	0.9999999993811031
05c4355e2ba2c86d1a0a40d9137ed399	ASV16d__Bacteria;p__Proteobacteria;c__Gammaproteobacteria;o__Burkholderiales;f__Chromobacteriaceae;g__Aquitalea;s__	0.9922167508565471
c6c240efc51e0b24e3df3b133fa9a138	ASV14d__Bacteria;p__Proteobacteria;c__Gammaproteobacteria;o__Pseudomonadales;f__Pseudomonadaceae;g__Pseudomonas_E;s__Pseudomonas_E fluorescens_AP	0.9999999933363455
bc3f9473a5dc429d5ef734000fa4683e	Unassigned	0.7373428417429997
44cc2932a4346b4697f4fdac0dde2c88	Unassigned	0.831981196264733
5abffc3ed587a9c830d2859766767f50	ASV22d__Bacteria;p__Proteobacteria;c__Gammaproteobacteria;o__Burkholderiales;f__Burkholderiaceae;g__Paraburkholderia_B;s__	0.9994905036474883
b1e7c5cfb2c2b0f7b346925381dba2ee	Unassigned	0.7066663645184585
22b3c70cdfb1714224e1bf8a6314bee9	Unassigned	0.7319706957439276
6f78a97aa4cc39477ef3e2f9d3b42aec	Unassigned	0.42421586520232446
5fd552d0593f28ddc70ec4737f0a8038	Unassigned	0.5529009269855734
fd4bd7b916d80a868fca25ee3b87e334	ASV30d__Bacteria;p__Proteobacteria;c__Gammaproteobacteria;o__Enterobacterales;f__Enterobacteriaceae;g__Serratia_A;s__Serratia_Afonticola	0.9995178076831628
3e4bbd1ea3890e3a6e48d1fa4b8170ef	ASV34d__Bacteria;p__Bacteroidota;c__Bacteroidia;o__Flavobacteriales;f__Weeksellaceae;g__Elizabethkingia;s__Elizabethkingia_miricola	0.9999999998714486
1fd8b11a06a144e9f6a3488c9fd1733a	ASV29d__Bacteria;p__Proteobacteria;c__Gammaproteobacteria;o__Enterobacterales;f__Enterobacteriaceae;g__Citrobacter;s__Citrobacter_braakii	0.9989914455613945
8d8035a30371018fe3cff890f8b21ee7	ASV34d__Bacteria;p__Bacteroidota;c__Bacteroidia;o__Flavobacteriales;f__Weeksellaceae;g__Elizabethkingia;s__Elizabethkingia_miricola	0.9999999999388081
93e97e1131b9a9bc5f7c97915112a9b4	ASV34d__Bacteria;p__Bacteroidota;c__Bacteroidia;o__Flavobacteriales;f__Weeksellaceae;g__Elizabethkingia;s__Elizabethkingia_miricola	0.9999999999722178
8f8e432403d2cfae96a1bd3aeab2cdd3	ASV14d__Bacteria;p__Proteobacteria;c__Gammaproteobacteria;o__Pseudomonadales;f__Pseudomonadaceae;g__Pseudomonas_E;s__Pseudomonas_E fluorescens_AP	0.999999999596966
bfb6ba340410ced8cc33ce4c114d8c0e	ASV8d__Bacteria;p__Proteobacteria;c__Alphaproteobacteria;o__Rhizobiales;f__Rhizobiaceae;g__Rhizobium;s__	0.9999999754500383
dcb27ff9214b4bd2cdd41f4487f556fe	ASV11d__Bacteria;p__Proteobacteria;c__Gammaproteobacteria;o__Burkholderiales;f__Chromobacteriaceae;g__Aquitalea;s__Aquitaleapelogenes	0.9900987827145259
0602b1a91f8e85d3ad502cd91a6db1d7	ASV30d__Bacteria;p__Proteobacteria;c__Gammaproteobacteria;o__Enterobacterales;f__Enterobacteriaceae;g__Serratia_A;s__Serratia_Afonticola	0.9995959309720488
0289a8352e4f8593c14d5e6f8299531b	ASV30d__Bacteria;p__Proteobacteria;c__Gammaproteobacteria;o__Enterobacterales;f__Enterobacteriaceae;g__Serratia_A;s__Serratia_Afonticola	0.9979585434468924
2f8afc993ecc10f956a80a11184583f0	Unassigned	0.8121727069255745
ae414180fc9c988ee08997211af50fad	Unassigned	0.7604187944278964
4b966e004ea80c9f951a8f3cc8200201	Unassigned	0.8086158011218068
83de8b9267dc48907cb8e8051f72825d	Unassigned	0.7956746934161233
22de7eff18b101c059799bba6b597b3f	Unassigned	0.7394640527963812
2e3f213c4a4af315262785ff894d0b75	Unassigned	0.8590933863999783
909127b56c350c0fcd9ccecf96254ead	ASV14d__Bacteria;p__Proteobacteria;c__Gammaproteobacteria;o__Pseudomonadales;f__Pseudomonadaceae;g__Pseudomonas_E;s__Pseudomonas_E fluorescens_AP	0.9999999996324362
c1d52c2076e0687d540b85f2a57871ac	ASV14d__Bacteria;p__Proteobacteria;c__Gammaproteobacteria;o__Pseudomonadales;f__Pseudomonadaceae;g__Pseudomonas_E;s__Pseudomonas_E fluorescens_AP	0.9999999991013198
9ef840afdde1884da8784323e070edba	Unassigned	0.7202627624049007
f147919e1f2874f56857faca779a0d91	Unassigned	0.6715822838663521
d8c1d52fda416f1ba433b44ec3efa81e	ASV16d__Bacteria;p__Proteobacteria;c__Gammaproteobacteria;o__Burkholderiales;f__Chromobacteriaceae;g__Aquitalea;s__	0.9908081755124327
94064fd6f4bd89fa9eb358e95b73b5d0	ASV17d__Bacteria;p__Bacteroidota;c__Bacteroidia;o__Sphingobacteriales;f__Sphingobacteriaceae;g__Pedobacter;s__	0.9762619061237369
7fcac08472c9eddb69b4c45146854b3f	ASV14d__Bacteria;p__Proteobacteria;c__Gammaproteobacteria;o__Pseudomonadales;f__Pseudomonadaceae;g__Pseudomonas_E;s__Pseudomonas_E fluorescens_AP	0.9999999995094555
5fc436bcb67db2220ee0de65a4e12b8d	ASV14d__Bacteria;p__Proteobacteria;c__Gammaproteobacteria;o__Pseudomonadales;f__Pseudomonadaceae;g__Pseudomonas_E;s__Pseudomonas_E fluorescens_AP	0.9999999993956692
e4a2c1056cd82241ec18db865db899a8	ASV31d__Bacteria;p__Proteobacteria;c__Gammaproteobacteria;o__Burkholderiales;f__Burkholderiaceae;g__Delftia;s__Delftia_acidovorans	0.998830941689045
7ed09781625e2c518fe5d52842810904	ASV14d__Bacteria;p__Proteobacteria;c__Gammaproteobacteria;o__Pseudomonadales;f__Pseudomonadaceae;g__Pseudomonas_E;s__Pseudomonas_E fluorescens_AP	0.9999999995185789
3961cdce89bedd3942f9811a0de82dbf	ASV29d__Bacteria;p__Proteobacteria;c__Gammaproteobacteria;o__Enterobacterales;f__Enterobacteriaceae;g__Citrobacter;s__Citrobacter_braakii	0.9997047033827132
94de867245cc680cb9ccfc09b9098ab6	ASV34d__Bacteria;p__Bacteroidota;c__Bacteroidia;o__Flavobacteriales;f__Weeksellaceae;g__Elizabethkingia;s__Elizabethkingia_miricola	0.9999999989797459
3bae692a4215f1b394a52e58a415191c	ASV14d__Bacteria;p__Proteobacteria;c__Gammaproteobacteria;o__Pseudomonadales;f__Pseudomonadaceae;g__Pseudomonas_E;s__Pseudomonas_E fluorescens_AP	0.9999999992102602
3c8c025a8bdb35dd106e3ee7a70a8c84	ASV34d__Bacteria;p__Bacteroidota;c__Bacteroidia;o__Flavobacteriales;f__Weeksellaceae;g__Elizabethkingia;s__Elizabethkingia_miricola	0.9999999999202629
ad7c0adc37c789a579df9d79d0ddc2f4	ASV34d__Bacteria;p__Bacteroidota;c__Bacteroidia;o__Flavobacteriales;f__Weeksellaceae;g__Elizabethkingia;s__Elizabethkingia_miricola	0.9999999999257057
3e8c68a45e1a9fdb8ef03b86dec10ef1	ASV32d__Bacteria;p__Proteobacteria;c__Gammaproteobacteria;o__Burkholderiales;f__Burkholderiaceae;g__Achromobacter;s__	0.9999982622579786
570cd0e4fa8bfc40f017f72b6024451f	ASV17d__Bacteria;p__Bacteroidota;c__Bacteroidia;o__Sphingobacteriales;f__Sphingobacteriaceae;g__Pedobacter;s__	0.9891940335906941
7fb163e2001dc2037d4d61f2d37caaf3	ASV29d__Bacteria;p__Proteobacteria;c__Gammaproteobacteria;o__Enterobacterales;f__Enterobacteriaceae;g__Citrobacter;s__Citrobacter_braakii	0.9992748065509692
1556449ab9dc1ab02a2a7e71783ba524	ASV34d__Bacteria;p__Bacteroidota;c__Bacteroidia;o__Flavobacteriales;f__Weeksellaceae;g__Elizabethkingia;s__Elizabethkingia_miricola	0.9999999998541114
78aac809d9b3206eb1b4dfdb225fc590	ASV34d__Bacteria;p__Bacteroidota;c__Bacteroidia;o__Flavobacteriales;f__Weeksellaceae;g__Elizabethkingia;s__Elizabethkingia_miricola	0.9999999986236787
e397e4ecaff8a1acabd876c6bafcc5f0	ASV32d__Bacteria;p__Proteobacteria;c__Gammaproteobacteria;o__Burkholderiales;f__Burkholderiaceae;g__Achromobacter;s__	0.9999986150584659
67e21b5902abd80ffb8805fe98aee097	ASV29d__Bacteria;p__Proteobacteria;c__Gammaproteobacteria;o__Enterobacterales;f__Enterobacteriaceae;g__Citrobacter;s__Citrobacter_braakii	0.9938666491208961
370b7a3128905d763812014f3d3e5ae0	ASV14d__Bacteria;p__Proteobacteria;c__Gammaproteobacteria;o__Pseudomonadales;f__Pseudomonadaceae;g__Pseudomonas_E;s__Pseudomonas_E fluorescens_AP	0.999999996130029
89c83969435345c62049895b0b34a185	ASV14d__Bacteria;p__Proteobacteria;c__Gammaproteobacteria;o__Pseudomonadales;f__Pseudomonadaceae;g__Pseudomonas_E;s__Pseudomonas_E fluorescens_AP	0.9999999996340279
a0f518ac1eaa099283f678d1f3d32f1e	ASV14d__Bacteria;p__Proteobacteria;c__Gammaproteobacteria;o__Pseudomonadales;f__Pseudomonadaceae;g__Pseudomonas_E;s__Pseudomonas_E fluorescens_AP	0.9999999998109672
df6d6c7109826706755581193ab0dbd0	ASV29d__Bacteria;p__Proteobacteria;c__Gammaproteobacteria;o__Enterobacterales;f__Enterobacteriaceae;g__Citrobacter;s__Citrobacter_braakii	0.9988730021028955
0748536ae189bc20ae7fce421251d463	ASV29d__Bacteria;p__Proteobacteria;c__Gammaproteobacteria;o__Enterobacterales;f__Enterobacteriaceae;g__Citrobacter;s__Citrobacter_braakii	0.9988863409881028
5cfd2f3b0274bf39865699675404ef2f	ASV29d__Bacteria;p__Proteobacteria;c__Gammaproteobacteria;o__Enterobacterales;f__Enterobacteriaceae;g__Citrobacter;s__Citrobacter_braakii	0.999750002924335
5b1d980a2af479bbe4eb0587e09ee3a6	ASV14d__Bacteria;p__Proteobacteria;c__Gammaproteobacteria;o__Pseudomonadales;f__Pseudomonadaceae;g__Pseudomonas_E;s__Pseudomonas_E fluorescens_AP	0.9999999995079207
4024d7c008c57e39c44e8cd9cdc8c9c4	ASV34d__Bacteria;p__Bacteroidota;c__Bacteroidia;o__Flavobacteriales;f__Weeksellaceae;g__Elizabethkingia;s__Elizabethkingia_miricola	0.9999999999334648
19ab86a2dd8c82329ae7d8f5f33b9e77	ASV34d__Bacteria;p__Bacteroidota;c__Bacteroidia;o__Flavobacteriales;f__Weeksellaceae;g__Elizabethkingia;s__Elizabethkingia_miricola	0.9999999999580353
a89763c7e77c0e86258be2fa3f1ccf87	ASV14d__Bacteria;p__Proteobacteria;c__Gammaproteobacteria;o__Pseudomonadales;f__Pseudomonadaceae;g__Pseudomonas_E;s__Pseudomonas_E fluorescens_AP	0.9999999994152518
f87412ae030691bb6a8e69373fc7d09a	ASV10d__Bacteria;p__Proteobacteria;c__Gammaproteobacteria;o__Burkholderiales;f__Burkholderiaceae;g__Comamonas_B;s__	0.9970206148887635
729e57f476351aaa636ad7181e27b983	ASV14d__Bacteria;p__Proteobacteria;c__Gammaproteobacteria;o__Pseudomonadales;f__Pseudomonadaceae;g__Pseudomonas_E;s__Pseudomonas_E fluorescens_AP	0.9999999994020499
38271b43870e6478ffd85ac6c8b7a0a3	ASV29d__Bacteria;p__Proteobacteria;c__Gammaproteobacteria;o__Enterobacterales;f__Enterobacteriaceae;g__Citrobacter;s__Citrobacter_braakii	0.9994006551851209
251f0dc8b6d8edb9021c5a19f4bc9f2e	ASV11d__Bacteria;p__Proteobacteria;c__Gammaproteobacteria;o__Burkholderiales;f__Chromobacteriaceae;g__Aquitalea;s__Aquitaleapelogenes	0.9940371997540408
5eb0be65f9e15919004a7fcb95abc182	ASV29d__Bacteria;p__Proteobacteria;c__Gammaproteobacteria;o__Enterobacterales;f__Enterobacteriaceae;g__Citrobacter;s__Citrobacter_braakii	0.9998813515197161
38cadd805486e3a2b9dd1deba0e567f0	ASV34d__Bacteria;p__Bacteroidota;c__Bacteroidia;o__Flavobacteriales;f__Weeksellaceae;g__Elizabethkingia;s__Elizabethkingia_miricola	0.9999999999290026
47551dc1917e76044b7b2a8c50beea59	ASV29d__Bacteria;p__Proteobacteria;c__Gammaproteobacteria;o__Enterobacterales;f__Enterobacteriaceae;g__Citrobacter;s__Citrobacter_braakii	0.9997643225624948
cd15d9baad6e82ca0571b63a41664f7e	ASV28d__Bacteria;p__Bacteroidota;c__Bacteroidia;o__Sphingobacteriales;f__Sphingobacteriaceae;g__Pedobacter;s__	0.9985787149074732
27db38334991bf1bdd33120bb8864900	ASV31d__Bacteria;p__Proteobacteria;c__Gammaproteobacteria;o__Burkholderiales;f__Burkholderiaceae;g__Delftia;s__Delftia_acidovorans	0.9998307291487302
a1ff67b3e5300aa51c8cfa83a8f52550	X120_Alphaproteobacteria;Sphingomonadales;Sphingomonadaceae;Sphingomonas	0.9999997252242232
8851f795b5efa135952cfd93e7514f82	X391_Actinobacteria;Actinomycetales;Microbacteriaceae;Leifsonia	0.9999999999997442
1fdb32b6d124b2263dbc3c507f5adaf0	ASV32d__Bacteria;p__Proteobacteria;c__Gammaproteobacteria;o__Burkholderiales;f__Burkholderiaceae;g__Achromobacter;s__	0.9999994558867572
bd97288110b624aa6ecc4ad7bafc25b7	ASV34d__Bacteria;p__Bacteroidota;c__Bacteroidia;o__Flavobacteriales;f__Weeksellaceae;g__Elizabethkingia;s__Elizabethkingia_miricola	0.9999999998842242
4512e0ed9c8252be7d6b6368133bc86a	ASV29d__Bacteria;p__Proteobacteria;c__Gammaproteobacteria;o__Enterobacterales;f__Enterobacteriaceae;g__Citrobacter;s__Citrobacter_braakii	0.999912837571804
d462239899ae3ed4e07f4cdd55dbf5ec	ASV29d__Bacteria;p__Proteobacteria;c__Gammaproteobacteria;o__Enterobacterales;f__Enterobacteriaceae;g__Citrobacter;s__Citrobacter_braakii	0.9998457598684344
21219b036eab898edbff48ddc25eb5f9	ASV16d__Bacteria;p__Proteobacteria;c__Gammaproteobacteria;o__Burkholderiales;f__Chromobacteriaceae;g__Aquitalea;s__	0.9940951260722909
33ef28e704881e70d4026e6d0b4f0d0b	ASV29d__Bacteria;p__Proteobacteria;c__Gammaproteobacteria;o__Enterobacterales;f__Enterobacteriaceae;g__Citrobacter;s__Citrobacter_braakii	0.9990397475382238
115c8eed81db3cb70b0615efbfaff199	ASV30d__Bacteria;p__Proteobacteria;c__Gammaproteobacteria;o__Enterobacterales;f__Enterobacteriaceae;g__Serratia_A;s__Serratia_Afonticola	0.9996202952850964
3326c0860affe08420d84a44ae9133fa	ASV10d__Bacteria;p__Proteobacteria;c__Gammaproteobacteria;o__Burkholderiales;f__Burkholderiaceae;g__Comamonas_B;s__	0.9974152827492756
5d4690a50268d7f550eb9153382bbd4e	ASV10d__Bacteria;p__Proteobacteria;c__Gammaproteobacteria;o__Burkholderiales;f__Burkholderiaceae;g__Comamonas_B;s__	0.993138151418493
f037eff8a43b42604f977b74e1ff23d8	ASV9d__Bacteria;p__Proteobacteria;c__Alphaproteobacteria;o__Caulobacterales;f__Caulobacteraceae;g__Brevundimonas;s__	0.9999999585326842
d2a2ee05285d80d506334aa62c1b384e	ASV5d__Bacteria;p__Proteobacteria;c__Gammaproteobacteria;o__Burkholderiales;f__Chromobacteriaceae;g__Chromobacterium;s__Chromobacteriumsp002213445	0.9997269911612572
065e265f71943899c4a715892630ab3c	ASV14d__Bacteria;p__Proteobacteria;c__Gammaproteobacteria;o__Pseudomonadales;f__Pseudomonadaceae;g__Pseudomonas_E;s__Pseudomonas_E fluorescens_AP	0.9999999994763158
724e310303fd0abc3d53cfd61248c654	ASV31d__Bacteria;p__Proteobacteria;c__Gammaproteobacteria;o__Burkholderiales;f__Burkholderiaceae;g__Delftia;s__Delftia_acidovorans	0.9982694990199642
59b29c036e5ee52ff9cb449db87980e3	ASV31d__Bacteria;p__Proteobacteria;c__Gammaproteobacteria;o__Burkholderiales;f__Burkholderiaceae;g__Delftia;s__Delftia_acidovorans	0.9995314328119652
237ab360665a0f79966b701f416d805b	ASV34d__Bacteria;p__Bacteroidota;c__Bacteroidia;o__Flavobacteriales;f__Weeksellaceae;g__Elizabethkingia;s__Elizabethkingia_miricola	0.9999999996948219
43e2f05fd21b9ecaa7baea99d3e80aec	ASV30d__Bacteria;p__Proteobacteria;c__Gammaproteobacteria;o__Enterobacterales;f__Enterobacteriaceae;g__Serratia_A;s__Serratia_Afonticola	0.9982618606821447
f8c40b27616a702179ed2f882aa7daad	ASV29d__Bacteria;p__Proteobacteria;c__Gammaproteobacteria;o__Enterobacterales;f__Enterobacteriaceae;g__Citrobacter;s__Citrobacter_braakii	0.9993307531929261
5132cb7c62d6f235864c648fcb0ada62	X263_Sphingobacteriia;Sphingobacteriales;Chitinophagaceae; Chitinophaga	0.9999999999558611
f5f3ef4f41f84843d49d2faf73de59b0	ASV9d__Bacteria;p__Proteobacteria;c__Alphaproteobacteria;o__Caulobacterales;f__Caulobacteraceae;g__Brevundimonas;s__	0.9999996657515443
0c673342037ae9d07b76c11fa1cd057d	ASV32d__Bacteria;p__Proteobacteria;c__Gammaproteobacteria;o__Burkholderiales;f__Burkholderiaceae;g__Achromobacter;s__	0.9999991664880873
7919ceb00f5615dc5e0834b9e0aa1304	ASV8d__Bacteria;p__Proteobacteria;c__Alphaproteobacteria;o__Rhizobiales;f__Rhizobiaceae;g__Rhizobium;s__	0.9999999750430678
716f57718aa41cd4cc880c054e3bec3a	ASV14d__Bacteria;p__Proteobacteria;c__Gammaproteobacteria;o__Pseudomonadales;f__Pseudomonadaceae;g__Pseudomonas_E;s__Pseudomonas_E fluorescens_AP	0.999999999745171
f1b600937e3d900f5a216f855dc8478a	ASV34d__Bacteria;p__Bacteroidota;c__Bacteroidia;o__Flavobacteriales;f__Weeksellaceae;g__Elizabethkingia;s__Elizabethkingia_miricola	0.9999999999202345
b3e1d441eb30e7dba565f15642f97cb5	ASV11d__Bacteria;p__Proteobacteria;c__Gammaproteobacteria;o__Burkholderiales;f__Chromobacteriaceae;g__Aquitalea;s__Aquitaleapelogenes	0.9930725934611323
3b3d2b37d51adb03a7f83397ff1330a9	ASV34d__Bacteria;p__Bacteroidota;c__Bacteroidia;o__Flavobacteriales;f__Weeksellaceae;g__Elizabethkingia;s__Elizabethkingia_miricola	0.9999999998073861
7a38e1a613387b26238b7ccad3002b9b	ASV34d__Bacteria;p__Bacteroidota;c__Bacteroidia;o__Flavobacteriales;f__Weeksellaceae;g__Elizabethkingia;s__Elizabethkingia_miricola	0.999999999845187
6d3a8711cff656109b9a4dad0e72d317	ASV34d__Bacteria;p__Bacteroidota;c__Bacteroidia;o__Flavobacteriales;f__Weeksellaceae;g__Elizabethkingia;s__Elizabethkingia_miricola	0.9999999998907327
9195a92617cc3e6ffd5e006e805a62b7	ASV32d__Bacteria;p__Proteobacteria;c__Gammaproteobacteria;o__Burkholderiales;f__Burkholderiaceae;g__Achromobacter;s__	0.999999710183473
8f779f1ea1d500d7b5650d40fdd0fe83	ASV5d__Bacteria;p__Proteobacteria;c__Gammaproteobacteria;o__Burkholderiales;f__Chromobacteriaceae;g__Chromobacterium;s__Chromobacteriumsp002213445	0.9954924027713158
1b48568eddf6cf26d0c8504d7ae11fe2	ASV34d__Bacteria;p__Bacteroidota;c__Bacteroidia;o__Flavobacteriales;f__Weeksellaceae;g__Elizabethkingia;s__Elizabethkingia_miricola	0.9999999995827409
40db58b1e7bac6d9b9d785548b9c267b	ASV11d__Bacteria;p__Proteobacteria;c__Gammaproteobacteria;o__Burkholderiales;f__Chromobacteriaceae;g__Aquitalea;s__Aquitaleapelogenes	0.9925952229134043
85fb877f76e32da34862d3c26abf18e4	ASV34d__Bacteria;p__Bacteroidota;c__Bacteroidia;o__Flavobacteriales;f__Weeksellaceae;g__Elizabethkingia;s__Elizabethkingia_miricola	0.999999999943725
a2e0b67b5673fde707d7939cf59d1b7f	ASV14d__Bacteria;p__Proteobacteria;c__Gammaproteobacteria;o__Pseudomonadales;f__Pseudomonadaceae;g__Pseudomonas_E;s__Pseudomonas_E fluorescens_AP	0.9999999965490218
cdca5e48d0ed71b17a794160fbf2e52c	ASV29d__Bacteria;p__Proteobacteria;c__Gammaproteobacteria;o__Enterobacterales;f__Enterobacteriaceae;g__Citrobacter;s__Citrobacter_braakii	0.9989265049024286
d817d43612ef6ce85c5e870aa47f4bff	ASV32d__Bacteria;p__Proteobacteria;c__Gammaproteobacteria;o__Burkholderiales;f__Burkholderiaceae;g__Achromobacter;s__	0.9999988946421182
7510eebe5613d611cae38e4c8fe70bd8	ASV28d__Bacteria;p__Bacteroidota;c__Bacteroidia;o__Sphingobacteriales;f__Sphingobacteriaceae;g__Pedobacter;s__	0.9932941628483059
e96a21d688cc2737bd2872f2f0e28fed	ASV32d__Bacteria;p__Proteobacteria;c__Gammaproteobacteria;o__Burkholderiales;f__Burkholderiaceae;g__Achromobacter;s__	0.9999905404291303
4d0487e325dcc8469a929c1e76a3aa61	Unassigned	0.8303806546639465
9bab7ee1c59f3d707c9fb168feda76ae	Unassigned	0.8145986814131717
f7166e593df26010113e8a3eef2a5c88	Unassigned	0.6933332902164248
76ef09e958a2533a07279e8a9e9d2dd4	Unassigned	0.762757131287217
6c388fd4780e36cbb78c248656173dc8	Unassigned	0.910041899137542
bebfd5cbe92702afb0472fc787416b02	Unassigned	0.5497694974596515
d8cefcde13a1c7e59a6c97a5883bdf7e	Unassigned	0.851510541152182
effebdfd0d049a7be3bf18e4aab4f0c2	Unassigned	0.6767888012572572
57b583d15cabee396337b9b74312628f	Unassigned	0.682800623381447
7a9b61736aaa122926b441b25aba0e1c	ASV17d__Bacteria;p__Bacteroidota;c__Bacteroidia;o__Sphingobacteriales;f__Sphingobacteriaceae;g__Pedobacter;s__	0.926451546229945
16e557b936b2e76bc94800b27684efa9	ASV17d__Bacteria;p__Bacteroidota;c__Bacteroidia;o__Sphingobacteriales;f__Sphingobacteriaceae;g__Pedobacter;s__	0.9729639870439807
4e9d15bd3507edf4a781868d2e1e93e8	ASV34d__Bacteria;p__Bacteroidota;c__Bacteroidia;o__Flavobacteriales;f__Weeksellaceae;g__Elizabethkingia;s__Elizabethkingia_miricola	0.9999999999690772
3ac976146232c885d93d1ed602a8a3a0	ASV34d__Bacteria;p__Bacteroidota;c__Bacteroidia;o__Flavobacteriales;f__Weeksellaceae;g__Elizabethkingia;s__Elizabethkingia_miricola	0.9999999999925535
5e5b70daa6d4addefeb633a7840a1e25	Unassigned	0.7739840132782023
c6de870cfba46cb2970adf361a892e97	ASV17d__Bacteria;p__Bacteroidota;c__Bacteroidia;o__Sphingobacteriales;f__Sphingobacteriaceae;g__Pedobacter;s__	0.9541781959691499
95275df9f17358f01cec41dc1bb0a320	ASV31d__Bacteria;p__Proteobacteria;c__Gammaproteobacteria;o__Burkholderiales;f__Burkholderiaceae;g__Delftia;s__Delftia_acidovorans	0.9997500156180055
83c679df37efac832bf5721de07dd27c	ASV31d__Bacteria;p__Proteobacteria;c__Gammaproteobacteria;o__Burkholderiales;f__Burkholderiaceae;g__Delftia;s__Delftia_acidovorans	0.9995858271278156
0c1bbed34f41e5039eccc288d2fb20fe	ASV34d__Bacteria;p__Bacteroidota;c__Bacteroidia;o__Flavobacteriales;f__Weeksellaceae;g__Elizabethkingia;s__Elizabethkingia_miricola	0.9999999999711093
a2a54115b6e416308af4daa82ad74a14	ASV32d__Bacteria;p__Proteobacteria;c__Gammaproteobacteria;o__Burkholderiales;f__Burkholderiaceae;g__Achromobacter;s__	0.9999988333742619
2da3c176ac7071d898c234909be2fb37	ASV29d__Bacteria;p__Proteobacteria;c__Gammaproteobacteria;o__Enterobacterales;f__Enterobacteriaceae;g__Citrobacter;s__Citrobacter_braakii	0.9995730624146272
df6daeb99acac5eff17b17c48a439b0d	ASV29d__Bacteria;p__Proteobacteria;c__Gammaproteobacteria;o__Enterobacterales;f__Enterobacteriaceae;g__Citrobacter;s__Citrobacter_braakii	0.9996269768868731
5f5022f012a112ad0e64f0766a37c48d	ASV34d__Bacteria;p__Bacteroidota;c__Bacteroidia;o__Flavobacteriales;f__Weeksellaceae;g__Elizabethkingia;s__Elizabethkingia_miricola	0.9999999999703135
3cd7bfa315dd3458b1698a529b3ee141	X491_Betaproteobacteria;Burkholderiales;Burkholderiaceae;Pandoraea	0.9936896930361533
20ae861cb11fabbbf64662be16c44d7a	ASV14d__Bacteria;p__Proteobacteria;c__Gammaproteobacteria;o__Pseudomonadales;f__Pseudomonadaceae;g__Pseudomonas_E;s__Pseudomonas_E fluorescens_AP	0.9999999993448796
3a9871dee59d774e65f4e5629d86d8ba	ASV29d__Bacteria;p__Proteobacteria;c__Gammaproteobacteria;o__Enterobacterales;f__Enterobacteriaceae;g__Citrobacter;s__Citrobacter_braakii	0.9998508091713241
501f9e3b8169dd4199e08750d3b1ad0f	ASV10d__Bacteria;p__Proteobacteria;c__Gammaproteobacteria;o__Burkholderiales;f__Burkholderiaceae;g__Comamonas_B;s__	0.9958364139247363
6d3ecce693bb8712bc2fb1692dd54ce7	ASV10d__Bacteria;p__Proteobacteria;c__Gammaproteobacteria;o__Burkholderiales;f__Burkholderiaceae;g__Comamonas_B;s__	0.9850807656662444
7aeee964bdab81963f422983a9b16f43	Unassigned	0.74096390781772
e8659b0c88ef65519a1c08821e02e851	Unassigned	0.7580406277285398
2e14f746b80fc03bc7c43e816e4e1ec9	Unassigned	0.8109896261889306
949592b3ea16c9f2a8fc29f3cc2e3b7f	Unassigned	0.754620320576572
f9e3aa5145a2aab1007fff5a86d0c1e0	Unassigned	0.7143456066061888
df9d59572de462aba514edbb84e058e0	Unassigned	0.7792075584622842
2578d6f0f18ce7652bee6c11e1355632	Unassigned	0.6686838533357621
7fe2e19da1eed9f1264908d9c4a58427	Unassigned	0.7773559091616836
81b75cd3dc332243dc35a5c9c47ff878	Unassigned	0.6195954236065981
5a1f5b4fd30640cda2bf840ed07dbc19	X263_Sphingobacteriia;Sphingobacteriales;Chitinophagaceae; Chitinophaga	0.9999999998287166
526017bad13dcf8454760671e1383aa6	X391_Actinobacteria;Actinomycetales;Microbacteriaceae;Leifsonia	0.9999999999988773
5ad47fd7d51ccb33d4fa7ba50e73bdee	ASV17d__Bacteria;p__Bacteroidota;c__Bacteroidia;o__Sphingobacteriales;f__Sphingobacteriaceae;g__Pedobacter;s__	0.8460443656053148
236d60a25502f3f9a003ed310d7f204b	Unassigned	0.5898598489655016
e238b39545f8e2914fb8dadf98f10d32	ASV5d__Bacteria;p__Proteobacteria;c__Gammaproteobacteria;o__Burkholderiales;f__Chromobacteriaceae;g__Chromobacterium;s__Chromobacteriumsp002213445	0.9997114453861398
7cde5754193347d4799dfd01fe3c9128	ASV14d__Bacteria;p__Proteobacteria;c__Gammaproteobacteria;o__Pseudomonadales;f__Pseudomonadaceae;g__Pseudomonas_E;s__Pseudomonas_E fluorescens_AP	0.9999999979753653
b387a08f251a6dfa08588b96d10d64e4	ASV34d__Bacteria;p__Bacteroidota;c__Bacteroidia;o__Flavobacteriales;f__Weeksellaceae;g__Elizabethkingia;s__Elizabethkingia_miricola	0.9999999999654392
31cd0f7d24d934a3262882681a70a898	ASV34d__Bacteria;p__Bacteroidota;c__Bacteroidia;o__Flavobacteriales;f__Weeksellaceae;g__Elizabethkingia;s__Elizabethkingia_miricola	0.9999999997330491
bd45864b4263917eb51bfd73db7b4a21	X391_Actinobacteria;Actinomycetales;Microbacteriaceae;Leifsonia	0.9999999999996589
25c96db71d54e3c2fbdb9161f6059d1c	ASV32d__Bacteria;p__Proteobacteria;c__Gammaproteobacteria;o__Burkholderiales;f__Burkholderiaceae;g__Achromobacter;s__	0.9999991300831343
a339331802c0033c2a37368eafb20fc8	ASV17d__Bacteria;p__Bacteroidota;c__Bacteroidia;o__Sphingobacteriales;f__Sphingobacteriaceae;g__Pedobacter;s__	0.9667683098132208
67ccc9daf568ce5843f87bcec9d2497f	ASV28d__Bacteria;p__Bacteroidota;c__Bacteroidia;o__Sphingobacteriales;f__Sphingobacteriaceae;g__Pedobacter;s__	0.9992857329771833
18974fcf20f276e40f20803e60a73b2a	X263_Sphingobacteriia;Sphingobacteriales;Chitinophagaceae; Chitinophaga	0.9999999997257731
b23012304ec445c0e4790aaaf868a3fe	Unassigned	0.8034074167148868
33044e3ff37fe51b01f6ad49253a5326	ASV5d__Bacteria;p__Proteobacteria;c__Gammaproteobacteria;o__Burkholderiales;f__Chromobacteriaceae;g__Chromobacterium;s__Chromobacteriumsp002213445	0.9997321155623304
4ead2204a658b20f4b996ee2081ff3a3	ASV9d__Bacteria;p__Proteobacteria;c__Alphaproteobacteria;o__Caulobacterales;f__Caulobacteraceae;g__Brevundimonas;s__	0.9999999865182191
165f64213fbd99f14d000aef6d0dba8b	ASV9d__Bacteria;p__Proteobacteria;c__Alphaproteobacteria;o__Caulobacterales;f__Caulobacteraceae;g__Brevundimonas;s__	0.9999999902711636
62e0af37e34dc582e61fd79438b6246d	ASV17d__Bacteria;p__Bacteroidota;c__Bacteroidia;o__Sphingobacteriales;f__Sphingobacteriaceae;g__Pedobacter;s__	0.9691227183461752
e5e2b3e6a1595dae42eae93a64bbb0fb	Unassigned	0.734126400031174
2edcd4757835c0b7e2fb8f043d02ea06	Unassigned	0.7581421430890251
f5da36afe5ef041d78517550dc1c7f8c	Unassigned	0.7646293091451636
f76036f2eafc52227ef6990a689c7824	ASV32d__Bacteria;p__Proteobacteria;c__Gammaproteobacteria;o__Burkholderiales;f__Burkholderiaceae;g__Achromobacter;s__	0.9999993877018936
0bb96ae2da29eeebd7ac1aa2ece46cdc	ASV5d__Bacteria;p__Proteobacteria;c__Gammaproteobacteria;o__Burkholderiales;f__Chromobacteriaceae;g__Chromobacterium;s__Chromobacteriumsp002213445	0.999787843802501
9b40a358be922444b406533e1e2f2b46	ASV17d__Bacteria;p__Bacteroidota;c__Bacteroidia;o__Sphingobacteriales;f__Sphingobacteriaceae;g__Pedobacter;s__	0.9795440696466633
bd9cab4fdf18ced9d933ce44ca4a3cb9	ASV14d__Bacteria;p__Proteobacteria;c__Gammaproteobacteria;o__Pseudomonadales;f__Pseudomonadaceae;g__Pseudomonas_E;s__Pseudomonas_E fluorescens_AP	0.999999999802256
ab539fe55467b5ea3055a8e8a4bd3ca3	ASV14d__Bacteria;p__Proteobacteria;c__Gammaproteobacteria;o__Pseudomonadales;f__Pseudomonadaceae;g__Pseudomonas_E;s__Pseudomonas_E fluorescens_AP	0.9999999992428172
5a5d16ba637719bb0421ff77ead13334	ASV14d__Bacteria;p__Proteobacteria;c__Gammaproteobacteria;o__Pseudomonadales;f__Pseudomonadaceae;g__Pseudomonas_E;s__Pseudomonas_E fluorescens_AP	0.999999999524988
41e85bd8f571679fb66e0b8a3d94ec39	ASV34d__Bacteria;p__Bacteroidota;c__Bacteroidia;o__Flavobacteriales;f__Weeksellaceae;g__Elizabethkingia;s__Elizabethkingia_miricola	0.9999999999517115
c39b5e3c0e01757ce11469c08933d4f4	ASV5d__Bacteria;p__Proteobacteria;c__Gammaproteobacteria;o__Burkholderiales;f__Chromobacteriaceae;g__Chromobacterium;s__Chromobacteriumsp002213445	0.9997367223493422
c9403f1f67fcd216a893e82795ab14ec	ASV29d__Bacteria;p__Proteobacteria;c__Gammaproteobacteria;o__Enterobacterales;f__Enterobacteriaceae;g__Citrobacter;s__Citrobacter_braakii	0.9996828447821161
960f5856f6bc46a94c08244646ccba86	ASV8d__Bacteria;p__Proteobacteria;c__Alphaproteobacteria;o__Rhizobiales;f__Rhizobiaceae;g__Rhizobium;s__	0.9999998600988347
a87260af6ee48fc37230251ec334882f	ASV14d__Bacteria;p__Proteobacteria;c__Gammaproteobacteria;o__Pseudomonadales;f__Pseudomonadaceae;g__Pseudomonas_E;s__Pseudomonas_E fluorescens_AP	0.9999999998498339
7e023649531acaf53f60d20382d34da9	ASV34d__Bacteria;p__Bacteroidota;c__Bacteroidia;o__Flavobacteriales;f__Weeksellaceae;g__Elizabethkingia;s__Elizabethkingia_miricola	0.9999999999835723
8638588b095ce96e05bd49f788f520bc	ASV14d__Bacteria;p__Proteobacteria;c__Gammaproteobacteria;o__Pseudomonadales;f__Pseudomonadaceae;g__Pseudomonas_E;s__Pseudomonas_E fluorescens_AP	0.9999999944016622
0c131f0bddffb79d15bbf1ffc7bff199	Unassigned	0.8166572144540097
2caf4b95286d104818eb730f3cf7c1e4	ASV14d__Bacteria;p__Proteobacteria;c__Gammaproteobacteria;o__Pseudomonadales;f__Pseudomonadaceae;g__Pseudomonas_E;s__Pseudomonas_E fluorescens_AP	0.9999999990585167
5ecd1040c915b7318f31b4c4d06cff3b	ASV34d__Bacteria;p__Bacteroidota;c__Bacteroidia;o__Flavobacteriales;f__Weeksellaceae;g__Elizabethkingia;s__Elizabethkingia_miricola	0.9999999997537401
9a4b876dff6cd14cc345dc997003d450	ASV14d__Bacteria;p__Proteobacteria;c__Gammaproteobacteria;o__Pseudomonadales;f__Pseudomonadaceae;g__Pseudomonas_E;s__Pseudomonas_E fluorescens_AP	0.9999999969496685
b3ddbd4ca31898173e3ce7760554c32b	ASV29d__Bacteria;p__Proteobacteria;c__Gammaproteobacteria;o__Enterobacterales;f__Enterobacteriaceae;g__Citrobacter;s__Citrobacter_braakii	0.995911389232045
c0f37f17e96913b55efc1617490f5bbe	ASV34d__Bacteria;p__Bacteroidota;c__Bacteroidia;o__Flavobacteriales;f__Weeksellaceae;g__Elizabethkingia;s__Elizabethkingia_miricola	0.9999999998038049
dd99b9b3b7bc15145fd442c4c069b5e4	ASV34d__Bacteria;p__Bacteroidota;c__Bacteroidia;o__Flavobacteriales;f__Weeksellaceae;g__Elizabethkingia;s__Elizabethkingia_miricola	0.9999999998115783
2806fbafbb7146c25a78dd76b20d59e6	ASV34d__Bacteria;p__Bacteroidota;c__Bacteroidia;o__Flavobacteriales;f__Weeksellaceae;g__Elizabethkingia;s__Elizabethkingia_miricola	0.9999999998401847
c3683483a08ee10c3f092264e3464ab8	ASV29d__Bacteria;p__Proteobacteria;c__Gammaproteobacteria;o__Enterobacterales;f__Enterobacteriaceae;g__Citrobacter;s__Citrobacter_braakii	0.9998206856826406
edb372aa5f4d1ead4f78506f002fea9d	ASV14d__Bacteria;p__Proteobacteria;c__Gammaproteobacteria;o__Pseudomonadales;f__Pseudomonadaceae;g__Pseudomonas_E;s__Pseudomonas_E fluorescens_AP	0.9999999992315622
42da2441895b6abffd2d91e463f00b16	Unassigned	0.6233060910983823
7878fa8a91e89f33575bb1d424b48360	Unassigned	0.7276215848539276
fb4e5a82303d936ba9ffa599ddc81498	Unassigned	0.8562179354267937
2c4232920a72c334833ea913284f2ae5	Unassigned	0.8100336914802092
cacf3c72c6a4a686ca780530bcae8152	Unassigned	0.8183189135429254
48dfdb47ba76243b95f96004c0d9d36e	ASV14d__Bacteria;p__Proteobacteria;c__Gammaproteobacteria;o__Pseudomonadales;f__Pseudomonadaceae;g__Pseudomonas_E;s__Pseudomonas_E fluorescens_AP	0.9999999998280629
1df875372ebcd025cc3793b956e33d3a	ASV14d__Bacteria;p__Proteobacteria;c__Gammaproteobacteria;o__Pseudomonadales;f__Pseudomonadaceae;g__Pseudomonas_E;s__Pseudomonas_E fluorescens_AP	0.9999999988481818
6dc8b419f170da37c8235cc267936531	ASV29d__Bacteria;p__Proteobacteria;c__Gammaproteobacteria;o__Enterobacterales;f__Enterobacteriaceae;g__Citrobacter;s__Citrobacter_braakii	0.9997460761535154
3328f21a1c68cfd07311056d1447c72a	ASV29d__Bacteria;p__Proteobacteria;c__Gammaproteobacteria;o__Enterobacterales;f__Enterobacteriaceae;g__Citrobacter;s__Citrobacter_braakii	0.9995904351884646
59b747e5b920f29bbe52543240c5dd41	ASV34d__Bacteria;p__Bacteroidota;c__Bacteroidia;o__Flavobacteriales;f__Weeksellaceae;g__Elizabethkingia;s__Elizabethkingia_miricola	0.9999999999252793
b1e6bf6e0fec2adeffbd495df24314fa	ASV8d__Bacteria;p__Proteobacteria;c__Alphaproteobacteria;o__Rhizobiales;f__Rhizobiaceae;g__Rhizobium;s__	0.999999957290286
ccc047c03984c4055c27f15d146677b5	Unassigned	0.6479963377620148
75158e1feabae8779b4d1efd97f291fd	Unassigned	0.8708009782274222
d33715ae754fd834b910344487555703	ASV29d__Bacteria;p__Proteobacteria;c__Gammaproteobacteria;o__Enterobacterales;f__Enterobacteriaceae;g__Citrobacter;s__Citrobacter_braakii	0.9996366784649192
fae08edf11c8e6d83c99897dad5150ae	ASV14d__Bacteria;p__Proteobacteria;c__Gammaproteobacteria;o__Pseudomonadales;f__Pseudomonadaceae;g__Pseudomonas_E;s__Pseudomonas_E fluorescens_AP	0.9999999996735909
6b476d2e593801675d79877925efe45b	Unassigned	0.7695729859515372
8ecf7b6cc503290dc0b48338ab129bad	Unassigned	0.8501214294929927
8b3a955717626669dc3c436778e1bf7b	Unassigned	0.8895583752638988
d02559a592db02187fbe683e47f9f73f	Unassigned	0.7785686705154816
efeaa2c43fa692fe877036338c9cb87d	Unassigned	0.8532027501750552
86bbf972785629f3367361fedb36f44d	Unassigned	0.6950511660254417
b52442bccdbf3ed58649790b05a19633	Unassigned	0.7850843827666729
f58af67f1195add8309a0015a90a23db	Unassigned	0.8488797677747726
b7a7fe99d725629000270e7dd4e599a8	Unassigned	0.7135723205218839
753e841ed0fc55f4551b24a2a0baca70	ASV34d__Bacteria;p__Bacteroidota;c__Bacteroidia;o__Flavobacteriales;f__Weeksellaceae;g__Elizabethkingia;s__Elizabethkingia_miricola	0.7106122330778253
30004de1e0505f3c462c351a22802642	Unassigned	0.7694107563647427
dbf20b8f3352cee3295ec02a463e9503	Unassigned	0.8436377916646116
efae1281d8c7cec39dbe510e4eb20622	ASV30d__Bacteria;p__Proteobacteria;c__Gammaproteobacteria;o__Enterobacterales;f__Enterobacteriaceae;g__Serratia_A;s__Serratia_Afonticola	0.9990123441035387
ee6a74320b342ce4a8b0169ea9ad79a6	ASV29d__Bacteria;p__Proteobacteria;c__Gammaproteobacteria;o__Enterobacterales;f__Enterobacteriaceae;g__Citrobacter;s__Citrobacter_braakii	0.9992960459079043
cddc396d333c0611287001a9bc9932a2	ASV32d__Bacteria;p__Proteobacteria;c__Gammaproteobacteria;o__Burkholderiales;f__Burkholderiaceae;g__Achromobacter;s__	0.9999948086044589
eb01028bbedb69a47e659361b8f56c0d	ASV30d__Bacteria;p__Proteobacteria;c__Gammaproteobacteria;o__Enterobacterales;f__Enterobacteriaceae;g__Serratia_A;s__Serratia_Afonticola	0.9996196128770225
5b5a29e8131a854b58a4c1104e3c79e7	ASV29d__Bacteria;p__Proteobacteria;c__Gammaproteobacteria;o__Enterobacterales;f__Enterobacteriaceae;g__Citrobacter;s__Citrobacter_braakii	0.9996415588648845
4b68512b640dcf8cc9c7a27fbad1bd10	ASV34d__Bacteria;p__Bacteroidota;c__Bacteroidia;o__Flavobacteriales;f__Weeksellaceae;g__Elizabethkingia;s__Elizabethkingia_miricola	0.9999999999621281
ef63959f94fdeff7e04cd0ca5959e512	ASV30d__Bacteria;p__Proteobacteria;c__Gammaproteobacteria;o__Enterobacterales;f__Enterobacteriaceae;g__Serratia_A;s__Serratia_Afonticola	0.9975550884496702
1031ffca3d6360aa5c3451eff34e57a4	ASV16d__Bacteria;p__Proteobacteria;c__Gammaproteobacteria;o__Burkholderiales;f__Chromobacteriaceae;g__Aquitalea;s__	0.9865515656367919
9cb13cacd0936a8049f9570058f211ba	ASV31d__Bacteria;p__Proteobacteria;c__Gammaproteobacteria;o__Burkholderiales;f__Burkholderiaceae;g__Delftia;s__Delftia_acidovorans	0.9983582368579779
59ef1e148deb5cf2244743b7cc27d99a	ASV29d__Bacteria;p__Proteobacteria;c__Gammaproteobacteria;o__Enterobacterales;f__Enterobacteriaceae;g__Citrobacter;s__Citrobacter_braakii	0.999779173243772
ad325b8e31be6fb5b3012d51e45c2678	ASV34d__Bacteria;p__Bacteroidota;c__Bacteroidia;o__Flavobacteriales;f__Weeksellaceae;g__Elizabethkingia;s__Elizabethkingia_miricola	0.9999999996863238
dec82b4697333a9f24a36935b091a9ed	ASV14d__Bacteria;p__Proteobacteria;c__Gammaproteobacteria;o__Pseudomonadales;f__Pseudomonadaceae;g__Pseudomonas_E;s__Pseudomonas_E fluorescens_AP	0.9999999982762375
4273a31deed47cb82e5077b118780108	ASV30d__Bacteria;p__Proteobacteria;c__Gammaproteobacteria;o__Enterobacterales;f__Enterobacteriaceae;g__Serratia_A;s__Serratia_Afonticola	0.9954916000710229
e830a1eb1960ce8b1081531d54e27477	ASV34d__Bacteria;p__Bacteroidota;c__Bacteroidia;o__Flavobacteriales;f__Weeksellaceae;g__Elizabethkingia;s__Elizabethkingia_miricola	0.9999999998725002
337b8a418e4840feac6529992648ccd6	ASV30d__Bacteria;p__Proteobacteria;c__Gammaproteobacteria;o__Enterobacterales;f__Enterobacteriaceae;g__Serratia_A;s__Serratia_Afonticola	0.9976135268776937
3c650c7bac5eac6483f16d0516fc47e4	ASV14d__Bacteria;p__Proteobacteria;c__Gammaproteobacteria;o__Pseudomonadales;f__Pseudomonadaceae;g__Pseudomonas_E;s__Pseudomonas_E fluorescens_AP	0.9999999984093506
2bf51309c2f7fcb93a4084fa9cbe3c38	ASV29d__Bacteria;p__Proteobacteria;c__Gammaproteobacteria;o__Enterobacterales;f__Enterobacteriaceae;g__Citrobacter;s__Citrobacter_braakii	0.9989868805982093
133efd18b0d94e2c4cd3494c5a039879	ASV34d__Bacteria;p__Bacteroidota;c__Bacteroidia;o__Flavobacteriales;f__Weeksellaceae;g__Elizabethkingia;s__Elizabethkingia_miricola	0.9999999997250342
aff875d222016b8a3cb1a8d4ef7c62dd	ASV29d__Bacteria;p__Proteobacteria;c__Gammaproteobacteria;o__Enterobacterales;f__Enterobacteriaceae;g__Citrobacter;s__Citrobacter_braakii	0.9998186318346736
1a7fa8e5ccf25616b39dfd8753cc99ee	ASV14d__Bacteria;p__Proteobacteria;c__Gammaproteobacteria;o__Pseudomonadales;f__Pseudomonadaceae;g__Pseudomonas_E;s__Pseudomonas_E fluorescens_AP	0.9999999991350847
3f69faf02dbb55dc27c846cb10fbfa24	ASV28d__Bacteria;p__Bacteroidota;c__Bacteroidia;o__Sphingobacteriales;f__Sphingobacteriaceae;g__Pedobacter;s__	0.9987871589884791
b5f7243734643f982756f7e28cb14ac5	ASV14d__Bacteria;p__Proteobacteria;c__Gammaproteobacteria;o__Pseudomonadales;f__Pseudomonadaceae;g__Pseudomonas_E;s__Pseudomonas_E fluorescens_AP	0.9999999996121289
f217ae245c262bb17242f2c5ce2b9c70	ASV29d__Bacteria;p__Proteobacteria;c__Gammaproteobacteria;o__Enterobacterales;f__Enterobacteriaceae;g__Citrobacter;s__Citrobacter_braakii	0.9994236562952367
42b2240021230c504b2426b4beb9ee33	ASV29d__Bacteria;p__Proteobacteria;c__Gammaproteobacteria;o__Enterobacterales;f__Enterobacteriaceae;g__Citrobacter;s__Citrobacter_braakii	0.9996238659928824
a4c82285e6716386c079fb6c0ee08651	ASV14d__Bacteria;p__Proteobacteria;c__Gammaproteobacteria;o__Pseudomonadales;f__Pseudomonadaceae;g__Pseudomonas_E;s__Pseudomonas_E fluorescens_AP	0.9999999986119121
4c672cc1ac52fa00701cc1e4a2338012	ASV5d__Bacteria;p__Proteobacteria;c__Gammaproteobacteria;o__Burkholderiales;f__Chromobacteriaceae;g__Chromobacterium;s__Chromobacteriumsp002213445	0.9983522295346582
6463574ffa9ec94b73bce8902a60898e	ASV34d__Bacteria;p__Bacteroidota;c__Bacteroidia;o__Flavobacteriales;f__Weeksellaceae;g__Elizabethkingia;s__Elizabethkingia_miricola	0.9999999998463096
c239227f336d2e7cf69d7b7e5d0d9de7	X491_Betaproteobacteria;Burkholderiales;Burkholderiaceae;Pandoraea	0.9979923825081043
f021c539772fc0526375a8d7ddfa5e80	ASV9d__Bacteria;p__Proteobacteria;c__Alphaproteobacteria;o__Caulobacterales;f__Caulobacteraceae;g__Brevundimonas;s__	0.9999999970850126
7faacfaf17cca6012361ae193a57276b	X491_Betaproteobacteria;Burkholderiales;Burkholderiaceae;Pandoraea	0.9965894271453793
8a613b931c1e264b5d02ee4423d2feea	ASV29d__Bacteria;p__Proteobacteria;c__Gammaproteobacteria;o__Enterobacterales;f__Enterobacteriaceae;g__Citrobacter;s__Citrobacter_braakii	0.999821469343116
1dbb3c12a41386407393f71c2c72f97b	ASV14d__Bacteria;p__Proteobacteria;c__Gammaproteobacteria;o__Pseudomonadales;f__Pseudomonadaceae;g__Pseudomonas_E;s__Pseudomonas_E fluorescens_AP	0.9999999982347987
1663988965fa5ca04b5482ca3d6374ec	ASV14d__Bacteria;p__Proteobacteria;c__Gammaproteobacteria;o__Pseudomonadales;f__Pseudomonadaceae;g__Pseudomonas_E;s__Pseudomonas_E fluorescens_AP	0.9999999998343156
0993a164e058b0983e0c52e98a51f8fe	ASV14d__Bacteria;p__Proteobacteria;c__Gammaproteobacteria;o__Pseudomonadales;f__Pseudomonadaceae;g__Pseudomonas_E;s__Pseudomonas_E fluorescens_AP	0.9999999980476844
d34daa2a59e3113365ab7e93fbbd82d0	ASV14d__Bacteria;p__Proteobacteria;c__Gammaproteobacteria;o__Pseudomonadales;f__Pseudomonadaceae;g__Pseudomonas_E;s__Pseudomonas_E fluorescens_AP	0.9999999986821422
7bbb6ab4d3e6f9efaa4cd89b8cf7ff2f	ASV29d__Bacteria;p__Proteobacteria;c__Gammaproteobacteria;o__Enterobacterales;f__Enterobacteriaceae;g__Citrobacter;s__Citrobacter_braakii	0.9994668850373764
b1a8f1c41f27054aef2cd2b9aa8bf01e	ASV30d__Bacteria;p__Proteobacteria;c__Gammaproteobacteria;o__Enterobacterales;f__Enterobacteriaceae;g__Serratia_A;s__Serratia_Afonticola	0.9983161816703802
2542ecd1761222b929a6fd2ee9b6193b	ASV14d__Bacteria;p__Proteobacteria;c__Gammaproteobacteria;o__Pseudomonadales;f__Pseudomonadaceae;g__Pseudomonas_E;s__Pseudomonas_E fluorescens_AP	0.999999997791619
745dd07d8ed17b00e729b939f1f13659	ASV14d__Bacteria;p__Proteobacteria;c__Gammaproteobacteria;o__Pseudomonadales;f__Pseudomonadaceae;g__Pseudomonas_E;s__Pseudomonas_E fluorescens_AP	0.9999999981829717
8ac888a230eef70c4f30891be6562edf	ASV5d__Bacteria;p__Proteobacteria;c__Gammaproteobacteria;o__Burkholderiales;f__Chromobacteriaceae;g__Chromobacterium;s__Chromobacteriumsp002213445	0.9993417215070283
84848cf8182a741f3413d52811cb3cea	ASV34d__Bacteria;p__Bacteroidota;c__Bacteroidia;o__Flavobacteriales;f__Weeksellaceae;g__Elizabethkingia;s__Elizabethkingia_miricola	0.9999999999726867
21b6ecc7b0bda872b98438c8e0b811b2	ASV11d__Bacteria;p__Proteobacteria;c__Gammaproteobacteria;o__Burkholderiales;f__Chromobacteriaceae;g__Aquitalea;s__Aquitaleapelogenes	0.9968732216533159
97abb20bd6a5efbe8ad2f48b418f9102	ASV29d__Bacteria;p__Proteobacteria;c__Gammaproteobacteria;o__Enterobacterales;f__Enterobacteriaceae;g__Citrobacter;s__Citrobacter_braakii	0.9996441519679228
bd891c3f36c8006c8ab048052b5620d2	Unassigned	0.710692847758069
9f85baa00980752cecd2b175a71d7c39	Unassigned	0.8170629121293955
d4f1334256173afd7bd74a27804eb6c0	X120_Alphaproteobacteria;Sphingomonadales;Sphingomonadaceae;Sphingomonas	0.999999925846427
9cc5f9172179e8b19294f42042a46fe7	ASV9d__Bacteria;p__Proteobacteria;c__Alphaproteobacteria;o__Caulobacterales;f__Caulobacteraceae;g__Brevundimonas;s__	0.9999999806183129
f10fd69cc93f589630756a1534036caf	ASV34d__Bacteria;p__Bacteroidota;c__Bacteroidia;o__Flavobacteriales;f__Weeksellaceae;g__Elizabethkingia;s__Elizabethkingia_miricola	0.9999999999078
1036ec6cd4767c51d2ee3d382d82dc1d	ASV14d__Bacteria;p__Proteobacteria;c__Gammaproteobacteria;o__Pseudomonadales;f__Pseudomonadaceae;g__Pseudomonas_E;s__Pseudomonas_E fluorescens_AP	0.999999999256346
e7eba1b87104f8c23c6e4b080723e5a7	ASV32d__Bacteria;p__Proteobacteria;c__Gammaproteobacteria;o__Burkholderiales;f__Burkholderiaceae;g__Achromobacter;s__	0.9999983557631413
814ae37d3b2b6a69b176dc23d78ede0d	ASV14d__Bacteria;p__Proteobacteria;c__Gammaproteobacteria;o__Pseudomonadales;f__Pseudomonadaceae;g__Pseudomonas_E;s__Pseudomonas_E fluorescens_AP	0.9999999994527826
37f01986bf5605795a470d4fcdce6e4f	ASV6d__Bacteria;p__Proteobacteria;c__Gammaproteobacteria;o__Burkholderiales;f__Burkholderiaceae;g__Ralstonia;s__	0.9969307400062567
9064bd4d4c7925bf197ac9bcaf9c30e8	ASV34d__Bacteria;p__Bacteroidota;c__Bacteroidia;o__Flavobacteriales;f__Weeksellaceae;g__Elizabethkingia;s__Elizabethkingia_miricola	0.9999999999674856
0de3813f56bd0d0843773c4d483c69a4	ASV5d__Bacteria;p__Proteobacteria;c__Gammaproteobacteria;o__Burkholderiales;f__Chromobacteriaceae;g__Chromobacterium;s__Chromobacteriumsp002213445	0.9983820836897622
f846cacfb2cb613b7e6c0c81e08a2049	ASV2d__Bacteria;p__Bacteroidota;c__Bacteroidia;o__Sphingobacteriales;f__Sphingobacteriaceae;g__Pedobacter;s__	0.998394629128277
c4d174555fa417b112dbda13d2febe71	ASV31d__Bacteria;p__Proteobacteria;c__Gammaproteobacteria;o__Burkholderiales;f__Burkholderiaceae;g__Delftia;s__Delftia_acidovorans	0.9985920660712044
4b5a261e6105f89109c5ab99f106b8b9	ASV34d__Bacteria;p__Bacteroidota;c__Bacteroidia;o__Flavobacteriales;f__Weeksellaceae;g__Elizabethkingia;s__Elizabethkingia_miricola	0.9999999995740438
efbbe99919c4edb9c4eb036a21da744c	ASV10d__Bacteria;p__Proteobacteria;c__Gammaproteobacteria;o__Burkholderiales;f__Burkholderiaceae;g__Comamonas_B;s__	0.9959075821978298
07fbf95ce8168c1556e22a228c29c2df	ASV19d__Bacteria;p__Bacteroidota;c__Bacteroidia;o__Sphingobacteriales;f__Sphingobacteriaceae;g__Pedobacter;s__	0.9991874726911883
7401590b6987d07e7030d5c683ece0d2	ASV34d__Bacteria;p__Bacteroidota;c__Bacteroidia;o__Flavobacteriales;f__Weeksellaceae;g__Elizabethkingia;s__Elizabethkingia_miricola	0.9999999999637197
d846a163c4f4f68cc196d37afd1428a5	ASV34d__Bacteria;p__Bacteroidota;c__Bacteroidia;o__Flavobacteriales;f__Weeksellaceae;g__Elizabethkingia;s__Elizabethkingia_miricola	0.9999999999104858
f7a2e058dfdb3e560343f2eafa6ac03c	ASV34d__Bacteria;p__Bacteroidota;c__Bacteroidia;o__Flavobacteriales;f__Weeksellaceae;g__Elizabethkingia;s__Elizabethkingia_miricola	0.9999999994992805
88d3a5bcee6eed0b8238282a06e23bdd	ASV31d__Bacteria;p__Proteobacteria;c__Gammaproteobacteria;o__Burkholderiales;f__Burkholderiaceae;g__Delftia;s__Delftia_acidovorans	0.9981052410263379
4a1b2ca02ec31a178fbd1cdf6d9c86b8	ASV34d__Bacteria;p__Bacteroidota;c__Bacteroidia;o__Flavobacteriales;f__Weeksellaceae;g__Elizabethkingia;s__Elizabethkingia_miricola	0.9999999999690061
f1942b5fc2504b2f204771134badf42e	ASV9d__Bacteria;p__Proteobacteria;c__Alphaproteobacteria;o__Caulobacterales;f__Caulobacteraceae;g__Brevundimonas;s__	0.9999999762240751
8e3885c81a5773bb61fd40c85c099887	ASV5d__Bacteria;p__Proteobacteria;c__Gammaproteobacteria;o__Burkholderiales;f__Chromobacteriaceae;g__Chromobacterium;s__Chromobacteriumsp002213445	0.9996065973371906
f898da6a333d4a0584ed94cd30c16761	ASV31d__Bacteria;p__Proteobacteria;c__Gammaproteobacteria;o__Burkholderiales;f__Burkholderiaceae;g__Delftia;s__Delftia_acidovorans	0.9987827908842408
c9bdd1b482f08893a191cb7d86e81dca	ASV22d__Bacteria;p__Proteobacteria;c__Gammaproteobacteria;o__Burkholderiales;f__Burkholderiaceae;g__Paraburkholderia_B;s__	0.9994839190153805
1b4b13519a4fd477774c8626c9d87f1b	ASV14d__Bacteria;p__Proteobacteria;c__Gammaproteobacteria;o__Pseudomonadales;f__Pseudomonadaceae;g__Pseudomonas_E;s__Pseudomonas_E fluorescens_AP	0.9999999995373372
cb491be43b0de6958653de48c1e44d1e	ASV34d__Bacteria;p__Bacteroidota;c__Bacteroidia;o__Flavobacteriales;f__Weeksellaceae;g__Elizabethkingia;s__Elizabethkingia_miricola	0.9999999998700133
c2c5d0e156ad2319a3d4877318c5b275	ASV14d__Bacteria;p__Proteobacteria;c__Gammaproteobacteria;o__Pseudomonadales;f__Pseudomonadaceae;g__Pseudomonas_E;s__Pseudomonas_E fluorescens_AP	0.9999999995889368
3f39b774fdb758ed8d9ac2572fc78e91	ASV14d__Bacteria;p__Proteobacteria;c__Gammaproteobacteria;o__Pseudomonadales;f__Pseudomonadaceae;g__Pseudomonas_E;s__Pseudomonas_E fluorescens_AP	0.9999999997858566
39b6e0b304deb803ca48d012068110cd	ASV32d__Bacteria;p__Proteobacteria;c__Gammaproteobacteria;o__Burkholderiales;f__Burkholderiaceae;g__Achromobacter;s__	0.9999936553206702
14dcfcc0b0bb17ffcc0389b9238ef8c0	ASV14d__Bacteria;p__Proteobacteria;c__Gammaproteobacteria;o__Pseudomonadales;f__Pseudomonadaceae;g__Pseudomonas_E;s__Pseudomonas_E fluorescens_AP	0.9999999997964153
5192e6383e0ac7c86f59e043790f7268	ASV32d__Bacteria;p__Proteobacteria;c__Gammaproteobacteria;o__Burkholderiales;f__Burkholderiaceae;g__Achromobacter;s__	0.9999989207618822
dc119fb4287778e090bd99be2852c582	ASV34d__Bacteria;p__Bacteroidota;c__Bacteroidia;o__Flavobacteriales;f__Weeksellaceae;g__Elizabethkingia;s__Elizabethkingia_miricola	0.9999999994446256
d0c53c5737422dd8e2897154a264f77f	ASV34d__Bacteria;p__Bacteroidota;c__Bacteroidia;o__Flavobacteriales;f__Weeksellaceae;g__Elizabethkingia;s__Elizabethkingia_miricola	0.9999999998247944
0e501cf3652c7a0899616096802361d1	ASV34d__Bacteria;p__Bacteroidota;c__Bacteroidia;o__Flavobacteriales;f__Weeksellaceae;g__Elizabethkingia;s__Elizabethkingia_miricola	0.9999999999661213
c449f2290609233dab92308724a8ab20	ASV34d__Bacteria;p__Bacteroidota;c__Bacteroidia;o__Flavobacteriales;f__Weeksellaceae;g__Elizabethkingia;s__Elizabethkingia_miricola	0.999999999539483
221de7c1591895e536cedefbf4af080d	ASV29d__Bacteria;p__Proteobacteria;c__Gammaproteobacteria;o__Enterobacterales;f__Enterobacteriaceae;g__Citrobacter;s__Citrobacter_braakii	0.9995265204259666
2795d440b2f777de6a9361939f807bc7	Unassigned	0.803677614613775
c7ddbfb613ccaccefc77c3b56e83bfba	Unassigned	0.6674837053043867
826102fcdd93323255fdd6a98a051066	ASV2d__Bacteria;p__Bacteroidota;c__Bacteroidia;o__Sphingobacteriales;f__Sphingobacteriaceae;g__Pedobacter;s__	0.9991402473749186
3a0791158074b4a43f3ffb14a1776760	Unassigned	0.8125317918496865
848a721fa6fba80cc7c38b6055d06daf	Unassigned	0.8782170940048714
b963d18e8fcd56cf88a60f9084a51d59	Unassigned	0.8209240962590459
003285fde708cd57b4ea8fd1bce47ef5	ASV28d__Bacteria;p__Bacteroidota;c__Bacteroidia;o__Sphingobacteriales;f__Sphingobacteriaceae;g__Pedobacter;s__	0.9990186077456729
521ff993fa1e146254bf086243d4431a	Unassigned	0.8778524967809939
e5378b635848710a692312187b509613	Unassigned	0.8558712351594708
0afa4ebe959e027b3a575f8c41ea3797	X491_Betaproteobacteria;Burkholderiales;Burkholderiaceae;Pandoraea	0.9973127296158865
bba78ae6ae42bbebb4ac0ae8f9c90bf3	ASV19d__Bacteria;p__Bacteroidota;c__Bacteroidia;o__Sphingobacteriales;f__Sphingobacteriaceae;g__Pedobacter;s__	0.9993996283711468
4249d02efe18733a38e12f203efb5f07	ASV31d__Bacteria;p__Proteobacteria;c__Gammaproteobacteria;o__Burkholderiales;f__Burkholderiaceae;g__Delftia;s__Delftia_acidovorans	0.9997178608739775
7bb8c97c3288263f29702d5875186c38	ASV14d__Bacteria;p__Proteobacteria;c__Gammaproteobacteria;o__Pseudomonadales;f__Pseudomonadaceae;g__Pseudomonas_E;s__Pseudomonas_E fluorescens_AP	0.9999999997034763
00702ccdbb92c511b2aee7234bb15415	ASV29d__Bacteria;p__Proteobacteria;c__Gammaproteobacteria;o__Enterobacterales;f__Enterobacteriaceae;g__Citrobacter;s__Citrobacter_braakii	0.9997430466950763
0aa8967a30ea95ede3279907018d6f7a	ASV34d__Bacteria;p__Bacteroidota;c__Bacteroidia;o__Flavobacteriales;f__Weeksellaceae;g__Elizabethkingia;s__Elizabethkingia_miricola	0.9999999999739373
81d8083564469ca61aeeeef42980f6bb	Unassigned	0.8830544423003952
be8bb253f48ac3fad1a4f519f9751f84	ASV31d__Bacteria;p__Proteobacteria;c__Gammaproteobacteria;o__Burkholderiales;f__Burkholderiaceae;g__Delftia;s__Delftia_acidovorans	0.9998250277963591
ef9285b30dd3927a953a52eb2b9cbde4	ASV34d__Bacteria;p__Bacteroidota;c__Bacteroidia;o__Flavobacteriales;f__Weeksellaceae;g__Elizabethkingia;s__Elizabethkingia_miricola	0.9999999998490239
cec49f7a2203540d5dac3c277960c2e5	ASV34d__Bacteria;p__Bacteroidota;c__Bacteroidia;o__Flavobacteriales;f__Weeksellaceae;g__Elizabethkingia;s__Elizabethkingia_miricola	0.9999999999077147
4f8e760f4209d9cf6e278f567336d661	ASV14d__Bacteria;p__Proteobacteria;c__Gammaproteobacteria;o__Pseudomonadales;f__Pseudomonadaceae;g__Pseudomonas_E;s__Pseudomonas_E fluorescens_AP	0.9999999986063699
f7ad9717bbb2cd1ddd79232a19927021	ASV14d__Bacteria;p__Proteobacteria;c__Gammaproteobacteria;o__Pseudomonadales;f__Pseudomonadaceae;g__Pseudomonas_E;s__Pseudomonas_E fluorescens_AP	0.9999999997873914
69acba7c8eb3b5e73eb0b47c209cef8a	ASV14d__Bacteria;p__Proteobacteria;c__Gammaproteobacteria;o__Pseudomonadales;f__Pseudomonadaceae;g__Pseudomonas_E;s__Pseudomonas_E fluorescens_AP	0.9999999996026645
bc3f4858f5d1acd60d69d2d55b0eec17	ASV34d__Bacteria;p__Bacteroidota;c__Bacteroidia;o__Flavobacteriales;f__Weeksellaceae;g__Elizabethkingia;s__Elizabethkingia_miricola	0.9999999982125729
9dc12218810b6ec2e2acdd4506dd4c00	ASV14d__Bacteria;p__Proteobacteria;c__Gammaproteobacteria;o__Pseudomonadales;f__Pseudomonadaceae;g__Pseudomonas_E;s__Pseudomonas_E fluorescens_AP	0.9999999988069277
ef0ad7b638c80bd828fefe62d3ab63b3	ASV22d__Bacteria;p__Proteobacteria;c__Gammaproteobacteria;o__Burkholderiales;f__Burkholderiaceae;g__Paraburkholderia_B;s__	0.9995098674622399
203c5443b04b0f34ddfa617161daafb1	Unassigned	0.8041038389661018
bb6dc1700fc1d3ef9d6a2299dea2a56c	Unassigned	0.8569178588700208
891ec87cee496a95c04c2a2f32ac9db7	Unassigned	0.7975540140203229
4a9ce7fa7f5adb70941fcf5ba9ccffb3	Unassigned	0.8053120311219718
c887103e4de820fbea40e4a89f410bf3	Unassigned	0.750401282146822
ca397f0e8fea7a736e8d9ead176467ae	Unassigned	0.7589437212382364
62c90bb70a573faf8972d436b7eaf6d6	Unassigned	0.6285465161789106
f713a198be2997111681def37c425ddb	Unassigned	0.8520058467617571
563d51a961b68b27bc737a23b027a5bd	Unassigned	0.7392359909641717
212bad8ea6ed024789c9c6a35734cf2b	Unassigned	0.745859624910072
209619f8a4c3b89d842e822098af4c02	Unassigned	0.8821229247164034
43cb0742b66f5d297c6ffddb3b1fdae1	Unassigned	0.6443883435342681
7d766900ecb8767f8ca14ecf64e82750	Unassigned	0.6627107740015044
e3c7169edbb90cbd1351738e809307bf	Unassigned	0.8793335592055624
a839d91f29683c81f8fd5bfdfdc73c80	ASV9d__Bacteria;p__Proteobacteria;c__Alphaproteobacteria;o__Caulobacterales;f__Caulobacteraceae;g__Brevundimonas;s__	0.9999999767546515
5a7a207cc472355214c01d90d3367ec1	ASV19d__Bacteria;p__Bacteroidota;c__Bacteroidia;o__Sphingobacteriales;f__Sphingobacteriaceae;g__Pedobacter;s__	0.9994484163722406
5296904657353928cb9c09c2706e251a	Unassigned	0.6356723307934762
d1023f907992fc17196bc55e6ad59eb1	Unassigned	0.8077004086395948
070565a44a10b7acb4fc772a1554c042	ASV34d__Bacteria;p__Bacteroidota;c__Bacteroidia;o__Flavobacteriales;f__Weeksellaceae;g__Elizabethkingia;s__Elizabethkingia_miricola	0.9999999999454303
f2a7e275705a0d5dd50727a85af05260	ASV16d__Bacteria;p__Proteobacteria;c__Gammaproteobacteria;o__Burkholderiales;f__Chromobacteriaceae;g__Aquitalea;s__	0.9891278016201308
fb209216e305be6198310c8a0b3971e5	ASV34d__Bacteria;p__Bacteroidota;c__Bacteroidia;o__Flavobacteriales;f__Weeksellaceae;g__Elizabethkingia;s__Elizabethkingia_miricola	0.9999999998272671
5e9905cfafefcd9b0c69d90362c19880	X491_Betaproteobacteria;Burkholderiales;Burkholderiaceae;Pandoraea	0.9973483329438663
8860adf910c44a4b16800aa9017ac27f	ASV32d__Bacteria;p__Proteobacteria;c__Gammaproteobacteria;o__Burkholderiales;f__Burkholderiaceae;g__Achromobacter;s__	0.9999991519627586
7048d0663f589b9929d22b5cc325c17b	X263_Sphingobacteriia;Sphingobacteriales;Chitinophagaceae; Chitinophaga	0.9999999998438511
f4f912ad7172403faa5c9e6b811b7b9b	ASV10d__Bacteria;p__Proteobacteria;c__Gammaproteobacteria;o__Burkholderiales;f__Burkholderiaceae;g__Comamonas_B;s__	0.9978047654467176
adc8f051ef0bc7d7ad853303de46d9ec	ASV5d__Bacteria;p__Proteobacteria;c__Gammaproteobacteria;o__Burkholderiales;f__Chromobacteriaceae;g__Chromobacterium;s__Chromobacteriumsp002213445	0.999008410675298
1ef64a028a665a20c9d2ed5e04897a35	ASV29d__Bacteria;p__Proteobacteria;c__Gammaproteobacteria;o__Enterobacterales;f__Enterobacteriaceae;g__Citrobacter;s__Citrobacter_braakii	0.9998998090635666
19798823d9792a007475d77c8ee15f19	ASV5d__Bacteria;p__Proteobacteria;c__Gammaproteobacteria;o__Burkholderiales;f__Chromobacteriaceae;g__Chromobacterium;s__Chromobacteriumsp002213445	0.9998155181529348
a688a619cae5a5adef12e12923fb1bd9	ASV34d__Bacteria;p__Bacteroidota;c__Bacteroidia;o__Flavobacteriales;f__Weeksellaceae;g__Elizabethkingia;s__Elizabethkingia_miricola	0.9999999999677414
f0ba88466b57f96f4b0371914bc04263	ASV17d__Bacteria;p__Bacteroidota;c__Bacteroidia;o__Sphingobacteriales;f__Sphingobacteriaceae;g__Pedobacter;s__	0.9581262134974435
cb31eda7c67689cb943f90c51f687375	ASV17d__Bacteria;p__Bacteroidota;c__Bacteroidia;o__Sphingobacteriales;f__Sphingobacteriaceae;g__Pedobacter;s__	0.9530800902876757
07f210636c0109aa5f396b2b0bb7efe8	ASV19d__Bacteria;p__Bacteroidota;c__Bacteroidia;o__Sphingobacteriales;f__Sphingobacteriaceae;g__Pedobacter;s__	0.9984547151087609
475add345ef9fb738a7079aa9814ea54	ASV34d__Bacteria;p__Bacteroidota;c__Bacteroidia;o__Flavobacteriales;f__Weeksellaceae;g__Elizabethkingia;s__Elizabethkingia_miricola	0.9999999999188134
bdfa3ff63f8b1bfb0b34e10bb41bd83c	ASV11d__Bacteria;p__Proteobacteria;c__Gammaproteobacteria;o__Burkholderiales;f__Chromobacteriaceae;g__Aquitalea;s__Aquitaleapelogenes	0.9911062741274822
9e6036d6b1617f5c36137134ede88b3f	X263_Sphingobacteriia;Sphingobacteriales;Chitinophagaceae; Chitinophaga	0.9999999999582059
d0c8c077ee8d3f3fd876367ee194ea60	ASV32d__Bacteria;p__Proteobacteria;c__Gammaproteobacteria;o__Burkholderiales;f__Burkholderiaceae;g__Achromobacter;s__	0.9999988912266852
f23b8b5a3bc4d909fe58681de7d1b03a	ASV17d__Bacteria;p__Bacteroidota;c__Bacteroidia;o__Sphingobacteriales;f__Sphingobacteriaceae;g__Pedobacter;s__	0.963791223660563
eb7136ebf62e8fbf96088ee6850cc363	ASV14d__Bacteria;p__Proteobacteria;c__Gammaproteobacteria;o__Pseudomonadales;f__Pseudomonadaceae;g__Pseudomonas_E;s__Pseudomonas_E fluorescens_AP	0.9999999996709192
dcd95b8e8ca2ae7c68923a0cdc51aed2	ASV17d__Bacteria;p__Bacteroidota;c__Bacteroidia;o__Sphingobacteriales;f__Sphingobacteriaceae;g__Pedobacter;s__	0.9737176596955875
33c8b43c449a99c3d003bc5419ec39cc	ASV14d__Bacteria;p__Proteobacteria;c__Gammaproteobacteria;o__Pseudomonadales;f__Pseudomonadaceae;g__Pseudomonas_E;s__Pseudomonas_E fluorescens_AP	0.9999999999302531
03737e0b8051586a78b79ef91ccf93bb	ASV34d__Bacteria;p__Bacteroidota;c__Bacteroidia;o__Flavobacteriales;f__Weeksellaceae;g__Elizabethkingia;s__Elizabethkingia_miricola	0.9999999999213003
c98e0112f122775012a6a68b9013f7ed	ASV34d__Bacteria;p__Bacteroidota;c__Bacteroidia;o__Flavobacteriales;f__Weeksellaceae;g__Elizabethkingia;s__Elizabethkingia_miricola	0.9999999999488267
8ee97482a6d3b38e75d38633fb343dd7	X263_Sphingobacteriia;Sphingobacteriales;Chitinophagaceae; Chitinophaga	0.9999999999111111
aa658baed8d1c839bb9eb8895e542f35	ASV28d__Bacteria;p__Bacteroidota;c__Bacteroidia;o__Sphingobacteriales;f__Sphingobacteriaceae;g__Pedobacter;s__	0.9948949744959059
f210ee7d7b37f91775f64e716c6c23e2	ASV34d__Bacteria;p__Bacteroidota;c__Bacteroidia;o__Flavobacteriales;f__Weeksellaceae;g__Elizabethkingia;s__Elizabethkingia_miricola	0.99999999997614
0141fc87c55d2e896daea2d35924cd0a	ASV9d__Bacteria;p__Proteobacteria;c__Alphaproteobacteria;o__Caulobacterales;f__Caulobacteraceae;g__Brevundimonas;s__	0.9999999791911593
47daa6ff4a38c4aa2ca76c9dfee88dee	X263_Sphingobacteriia;Sphingobacteriales;Chitinophagaceae; Chitinophaga	0.9999999991867838
3ddcdce7d1cfe724bf99e9b3f7e84d19	ASV17d__Bacteria;p__Bacteroidota;c__Bacteroidia;o__Sphingobacteriales;f__Sphingobacteriaceae;g__Pedobacter;s__	0.8173779455757126
6f7810e9da080848f2be6527b38e5a21	ASV14d__Bacteria;p__Proteobacteria;c__Gammaproteobacteria;o__Pseudomonadales;f__Pseudomonadaceae;g__Pseudomonas_E;s__Pseudomonas_E fluorescens_AP	0.9999999997259437
0cf794ffe0492319819d2b7c5a0d1ce5	ASV9d__Bacteria;p__Proteobacteria;c__Alphaproteobacteria;o__Caulobacterales;f__Caulobacteraceae;g__Brevundimonas;s__	0.9999999930787595
6c6185326b71a1c2f6005e39276fa231	ASV28d__Bacteria;p__Bacteroidota;c__Bacteroidia;o__Sphingobacteriales;f__Sphingobacteriaceae;g__Pedobacter;s__	0.9944156431892718
02d44791ef48b09216e0ea56562c1d9f	X391_Actinobacteria;Actinomycetales;Microbacteriaceae;Leifsonia	0.999999999999801
8947b24d5210a0b48d5254930f0b3018	ASV17d__Bacteria;p__Bacteroidota;c__Bacteroidia;o__Sphingobacteriales;f__Sphingobacteriaceae;g__Pedobacter;s__	0.9289156109904414
d6d656d9067b4ea0de11d2126d1153e9	ASV31d__Bacteria;p__Proteobacteria;c__Gammaproteobacteria;o__Burkholderiales;f__Burkholderiaceae;g__Delftia;s__Delftia_acidovorans	0.9998190711021199
cc5a069a5b78d340767fe6f4c5bf00a3	ASV17d__Bacteria;p__Bacteroidota;c__Bacteroidia;o__Sphingobacteriales;f__Sphingobacteriaceae;g__Pedobacter;s__	0.9779270614893029
68896c5b68ad0a34093c70cc8c4e2458	ASV10d__Bacteria;p__Proteobacteria;c__Gammaproteobacteria;o__Burkholderiales;f__Burkholderiaceae;g__Comamonas_B;s__	0.9955695606364748
8eb7806a560a5b81257bf785525247b2	ASV2d__Bacteria;p__Bacteroidota;c__Bacteroidia;o__Sphingobacteriales;f__Sphingobacteriaceae;g__Pedobacter;s__	0.9994239601342879
b79c07ae93ea995b7e0652b3377203d6	ASV9d__Bacteria;p__Proteobacteria;c__Alphaproteobacteria;o__Caulobacterales;f__Caulobacteraceae;g__Brevundimonas;s__	0.9999999897973311
a1745efdec7492ee20b8214eeee59abf	Unassigned	0.7720554581053646
c5c054592eae2d7de88b618808f7c901	Unassigned	0.6342165783508669
299a677241168b6db4e15b9c8a55a4e0	ASV8d__Bacteria;p__Proteobacteria;c__Alphaproteobacteria;o__Rhizobiales;f__Rhizobiaceae;g__Rhizobium;s__	0.9999940063833456
34508411b617061b734c98a4e4b039d9	ASV30d__Bacteria;p__Proteobacteria;c__Gammaproteobacteria;o__Enterobacterales;f__Enterobacteriaceae;g__Serratia_A;s__Serratia_Afonticola	0.9991970392702225
0852643d4536026aea75acce1cb4030e	ASV14d__Bacteria;p__Proteobacteria;c__Gammaproteobacteria;o__Pseudomonadales;f__Pseudomonadaceae;g__Pseudomonas_E;s__Pseudomonas_E fluorescens_AP	0.9999999995076081
acfe47155e33d775c326f523cdcb4529	ASV16d__Bacteria;p__Proteobacteria;c__Gammaproteobacteria;o__Burkholderiales;f__Chromobacteriaceae;g__Aquitalea;s__	0.9852079593348504
17da98060703bc3d250fa2d86368ae77	ASV30d__Bacteria;p__Proteobacteria;c__Gammaproteobacteria;o__Enterobacterales;f__Enterobacteriaceae;g__Serratia_A;s__Serratia_Afonticola	0.9990043602693163
4e30e96cadc5d700ab7e65de026951d1	ASV31d__Bacteria;p__Proteobacteria;c__Gammaproteobacteria;o__Burkholderiales;f__Burkholderiaceae;g__Delftia;s__Delftia_acidovorans	0.9991010292738782
020864d0cf3beae95568044689ce35b1	ASV14d__Bacteria;p__Proteobacteria;c__Gammaproteobacteria;o__Pseudomonadales;f__Pseudomonadaceae;g__Pseudomonas_E;s__Pseudomonas_E fluorescens_AP	0.9999999997833271
488e99128585638868be84ab72a37b31	ASV5d__Bacteria;p__Proteobacteria;c__Gammaproteobacteria;o__Burkholderiales;f__Chromobacteriaceae;g__Chromobacterium;s__Chromobacteriumsp002213445	0.9996378018365135
49256abc40bc6f9761d7ec3164a042a7	ASV14d__Bacteria;p__Proteobacteria;c__Gammaproteobacteria;o__Pseudomonadales;f__Pseudomonadaceae;g__Pseudomonas_E;s__Pseudomonas_E fluorescens_AP	0.9999999999595701
a46b9f73f89301353e196991e39c2415	ASV29d__Bacteria;p__Proteobacteria;c__Gammaproteobacteria;o__Enterobacterales;f__Enterobacteriaceae;g__Citrobacter;s__Citrobacter_braakii	0.9998544816164735
c8cbd1d78d230f85fe229621222c2b3b	ASV14d__Bacteria;p__Proteobacteria;c__Gammaproteobacteria;o__Pseudomonadales;f__Pseudomonadaceae;g__Pseudomonas_E;s__Pseudomonas_E fluorescens_AP	0.9999999995521733
a0e1fed31ac9e46909e9994fbf9c6d69	ASV28d__Bacteria;p__Bacteroidota;c__Bacteroidia;o__Sphingobacteriales;f__Sphingobacteriaceae;g__Pedobacter;s__	0.9979578282003326
ac72a70945de44487f2e759f3df146da	Unassigned	0.5242049537192692
874604b833d4a472dec6d962f70f6ce0	ASV30d__Bacteria;p__Proteobacteria;c__Gammaproteobacteria;o__Enterobacterales;f__Enterobacteriaceae;g__Serratia_A;s__Serratia_Afonticola	0.9992047533483972
481816673b06f9bce63cc0f83fed974c	ASV29d__Bacteria;p__Proteobacteria;c__Gammaproteobacteria;o__Enterobacterales;f__Enterobacteriaceae;g__Citrobacter;s__Citrobacter_braakii	0.998998758735935
0e3ceb0f49502393ac0bb7a03b069212	ASV14d__Bacteria;p__Proteobacteria;c__Gammaproteobacteria;o__Pseudomonadales;f__Pseudomonadaceae;g__Pseudomonas_E;s__Pseudomonas_E fluorescens_AP	0.9999999994985416
fab548474d3bf3bc1a41e95ff3e7c902	X491_Betaproteobacteria;Burkholderiales;Burkholderiaceae;Pandoraea	0.9974129611977459
93c661ad4c99825e19611e519f91dff9	ASV14d__Bacteria;p__Proteobacteria;c__Gammaproteobacteria;o__Pseudomonadales;f__Pseudomonadaceae;g__Pseudomonas_E;s__Pseudomonas_E fluorescens_AP	0.9999999968403728
75887e076491f370fc52a5154ac9a54e	ASV29d__Bacteria;p__Proteobacteria;c__Gammaproteobacteria;o__Enterobacterales;f__Enterobacteriaceae;g__Citrobacter;s__Citrobacter_braakii	0.9996818272801874
6c221e8ce7d1ebc3b19ed9ed4a0e8459	ASV29d__Bacteria;p__Proteobacteria;c__Gammaproteobacteria;o__Enterobacterales;f__Enterobacteriaceae;g__Citrobacter;s__Citrobacter_braakii	0.9994693485734227
9149f6239c48916afa73bbe1a01a8e4f	ASV29d__Bacteria;p__Proteobacteria;c__Gammaproteobacteria;o__Enterobacterales;f__Enterobacteriaceae;g__Citrobacter;s__Citrobacter_braakii	0.9910074860664856
bc0ed8c6c38e4253f1975b077e0ceb99	ASV32d__Bacteria;p__Proteobacteria;c__Gammaproteobacteria;o__Burkholderiales;f__Burkholderiaceae;g__Achromobacter;s__	0.9999967332602676
b3bf75c9220ae55cf5482ed48193f31a	ASV29d__Bacteria;p__Proteobacteria;c__Gammaproteobacteria;o__Enterobacterales;f__Enterobacteriaceae;g__Citrobacter;s__Citrobacter_braakii	0.999720042177864
6845962f4a26bf104060421ac8949d42	ASV29d__Bacteria;p__Proteobacteria;c__Gammaproteobacteria;o__Enterobacterales;f__Enterobacteriaceae;g__Citrobacter;s__Citrobacter_braakii	0.998697251632736
7180aee2f2c4ef7f2525e36d526b45cd	Unassigned	0.8177856381745107
03d807e2341cff3389a1c50f15a2d20d	ASV14d__Bacteria;p__Proteobacteria;c__Gammaproteobacteria;o__Pseudomonadales;f__Pseudomonadaceae;g__Pseudomonas_E;s__Pseudomonas_E fluorescens_AP	0.9999999984358112
8dba533bbb7cd2a31be71966b8d40be9	ASV14d__Bacteria;p__Proteobacteria;c__Gammaproteobacteria;o__Pseudomonadales;f__Pseudomonadaceae;g__Pseudomonas_E;s__Pseudomonas_E fluorescens_AP	0.999999999567379
4f47e700e8c7db7a333e20ad724d10c3	ASV30d__Bacteria;p__Proteobacteria;c__Gammaproteobacteria;o__Enterobacterales;f__Enterobacteriaceae;g__Serratia_A;s__Serratia_Afonticola	0.9978808571847819
a91635d12a09d029ed149d58612b03c0	ASV14d__Bacteria;p__Proteobacteria;c__Gammaproteobacteria;o__Pseudomonadales;f__Pseudomonadaceae;g__Pseudomonas_E;s__Pseudomonas_E fluorescens_AP	0.9999999891849002
9bd626eb5c5064277ea9165afc6311ab	ASV14d__Bacteria;p__Proteobacteria;c__Gammaproteobacteria;o__Pseudomonadales;f__Pseudomonadaceae;g__Pseudomonas_E;s__Pseudomonas_E fluorescens_AP	0.999999999743423
16b6335c3698b6a6e3fd39019b4d1440	ASV34d__Bacteria;p__Bacteroidota;c__Bacteroidia;o__Flavobacteriales;f__Weeksellaceae;g__Elizabethkingia;s__Elizabethkingia_miricola	0.9999999999829754
c88259d37cab8f517436ff69e4ea5651	ASV31d__Bacteria;p__Proteobacteria;c__Gammaproteobacteria;o__Burkholderiales;f__Burkholderiaceae;g__Delftia;s__Delftia_acidovorans	0.9997711163854313
897922e057f429f77cbfb148001d581f	ASV31d__Bacteria;p__Proteobacteria;c__Gammaproteobacteria;o__Burkholderiales;f__Burkholderiaceae;g__Delftia;s__Delftia_acidovorans	0.9997939500105982
49d0e2f5abf2395d48a030a2e2bbb878	ASV34d__Bacteria;p__Bacteroidota;c__Bacteroidia;o__Flavobacteriales;f__Weeksellaceae;g__Elizabethkingia;s__Elizabethkingia_miricola	0.9999999999657945
db6480adb22b19137ab39439694a6e0b	Unassigned	0.8248247471580192
3363e2d21f190b95bd0c072499a71083	ASV16d__Bacteria;p__Proteobacteria;c__Gammaproteobacteria;o__Burkholderiales;f__Chromobacteriaceae;g__Aquitalea;s__	0.9932187868714945
02ad0bd5a96c47a9564927523818a055	Unassigned	0.5781673216343468
b6e53f1eed34a762dd915886ad713de7	ASV8d__Bacteria;p__Proteobacteria;c__Alphaproteobacteria;o__Rhizobiales;f__Rhizobiaceae;g__Rhizobium;s__	0.9999999537014059
ed63653cfafaa4b9d8dc15783d0d4841	ASV19d__Bacteria;p__Bacteroidota;c__Bacteroidia;o__Sphingobacteriales;f__Sphingobacteriaceae;g__Pedobacter;s__	0.9996082181466978
f5ba56834bfd486afe83928a09b7e693	ASV29d__Bacteria;p__Proteobacteria;c__Gammaproteobacteria;o__Enterobacterales;f__Enterobacteriaceae;g__Citrobacter;s__Citrobacter_braakii	0.9997176142233413
1e52f9f0c7c19398c6269b0c85857181	ASV14d__Bacteria;p__Proteobacteria;c__Gammaproteobacteria;o__Pseudomonadales;f__Pseudomonadaceae;g__Pseudomonas_E;s__Pseudomonas_E fluorescens_AP	0.999999977900629
d93e82a2874dd5007b1db2694cde6024	ASV34d__Bacteria;p__Bacteroidota;c__Bacteroidia;o__Flavobacteriales;f__Weeksellaceae;g__Elizabethkingia;s__Elizabethkingia_miricola	0.9999999999769642
0ddd7403ab05c2f436df612a4630e501	ASV10d__Bacteria;p__Proteobacteria;c__Gammaproteobacteria;o__Burkholderiales;f__Burkholderiaceae;g__Comamonas_B;s__	0.9966819867115966
3c952840b4e7c1b5e9ccbc2678406d5e	ASV34d__Bacteria;p__Bacteroidota;c__Bacteroidia;o__Flavobacteriales;f__Weeksellaceae;g__Elizabethkingia;s__Elizabethkingia_miricola	0.999999999736616
83dbca40b82196db5e7d5f58952d6c79	ASV21d__Bacteria;p__Proteobacteria;c__Gammaproteobacteria;o__Xanthomonadales;f__Rhodanobacteraceae;g__Dyella;s__	0.9999999998553761
5513178d6b90bd64da3088bdfdbbff76	ASV31d__Bacteria;p__Proteobacteria;c__Gammaproteobacteria;o__Burkholderiales;f__Burkholderiaceae;g__Delftia;s__Delftia_acidovorans	0.9997228133925793
69a9d11d90cb6abc3cdec3d89631b2ab	ASV9d__Bacteria;p__Proteobacteria;c__Alphaproteobacteria;o__Caulobacterales;f__Caulobacteraceae;g__Brevundimonas;s__	0.9999999861810097
8457acc256130cfe1a335518fdba37eb	Unassigned	0.7747002059175432
4ecad46aa3140dc288c466ab8153bf96	Unassigned	0.7431223698171077
3fb53c454287d464819da91495786e80	Unassigned	0.7463089367825828
c6f68b93b3ba0aca7c83da918f1e87fb	Unassigned	0.8340787056253169
b0eb84e517a11230a461ca433cdedfe9	Unassigned	0.8100429962606542
850cafc029776c80ddea3599ff8a0696	Unassigned	0.7134248965060803
c95ea05cd0a2ff59acdc5fd35fb80ad5	Unassigned	0.8542719794611588
87b12bdf1db19651b1221f8b3c8176e1	Unassigned	0.7883242543386919
ab86b60f58c3f94a62e1092e0526441e	Unassigned	0.8544697315689019
71aa1c90b45f161340628331e312d410	Unassigned	0.6411534237087966
9bff7046566b6e5a395f910c3c0993ca	Unassigned	0.7684164044083232
efeb8f81b3c82c21913f37f65e91d445	Unassigned	0.6790813894941348
2005227d38553cceeeab28737f216536	Unassigned	0.5577514428839936
8c0ca2461b24696fd315205410adfece	Unassigned	0.8477023426105988
be9cb82aa74188646ab35b35054281b2	ASV34d__Bacteria;p__Bacteroidota;c__Bacteroidia;o__Flavobacteriales;f__Weeksellaceae;g__Elizabethkingia;s__Elizabethkingia_miricola	0.9999999999113811
23eba3d7e8986773bfdee9645edb7f4d	ASV32d__Bacteria;p__Proteobacteria;c__Gammaproteobacteria;o__Burkholderiales;f__Burkholderiaceae;g__Achromobacter;s__	0.9999986787892313
386f46854f348775d0253d020763da70	ASV11d__Bacteria;p__Proteobacteria;c__Gammaproteobacteria;o__Burkholderiales;f__Chromobacteriaceae;g__Aquitalea;s__Aquitaleapelogenes	0.9946818217549676
1c23c46ed5cf369ccf47594bf3be3ca1	ASV29d__Bacteria;p__Proteobacteria;c__Gammaproteobacteria;o__Enterobacterales;f__Enterobacteriaceae;g__Citrobacter;s__Citrobacter_braakii	0.9990752402644355
9706ca5ec8e86a129eff02224889d720	ASV34d__Bacteria;p__Bacteroidota;c__Bacteroidia;o__Flavobacteriales;f__Weeksellaceae;g__Elizabethkingia;s__Elizabethkingia_miricola	0.9999999996885833
1d8f4e385e3e4b5297f7e91308f8e4b8	ASV32d__Bacteria;p__Proteobacteria;c__Gammaproteobacteria;o__Burkholderiales;f__Burkholderiaceae;g__Achromobacter;s__	0.9999982112264487
711fcbb76c7cc257f9f3206662b6e0c6	ASV32d__Bacteria;p__Proteobacteria;c__Gammaproteobacteria;o__Burkholderiales;f__Burkholderiaceae;g__Achromobacter;s__	0.9999996640214728
64a03f13c9f40e4f04dba0b2373d5a29	ASV2d__Bacteria;p__Bacteroidota;c__Bacteroidia;o__Sphingobacteriales;f__Sphingobacteriaceae;g__Pedobacter;s__	0.999648153173441
e43fb82ec6afd441ebcdc6d4ffaa60ea	ASV17d__Bacteria;p__Bacteroidota;c__Bacteroidia;o__Sphingobacteriales;f__Sphingobacteriaceae;g__Pedobacter;s__	0.9698579766418353
19e67210d0888b7efc32c8d7a351a7de	ASV32d__Bacteria;p__Proteobacteria;c__Gammaproteobacteria;o__Burkholderiales;f__Burkholderiaceae;g__Achromobacter;s__	0.9999986509257474
384002ad9b81f90694ce632bb456110a	ASV16d__Bacteria;p__Proteobacteria;c__Gammaproteobacteria;o__Burkholderiales;f__Chromobacteriaceae;g__Aquitalea;s__	0.9926831747037693
d26a2bc919056566b21aead2f65d8caa	ASV31d__Bacteria;p__Proteobacteria;c__Gammaproteobacteria;o__Burkholderiales;f__Burkholderiaceae;g__Delftia;s__Delftia_acidovorans	0.9997671475346035
f2495669b64577d4168e8fb8f18d7741	ASV14d__Bacteria;p__Proteobacteria;c__Gammaproteobacteria;o__Pseudomonadales;f__Pseudomonadaceae;g__Pseudomonas_E;s__Pseudomonas_E fluorescens_AP	0.9999999983873948
ea94081654f633b3d4af472e6d76f57f	ASV14d__Bacteria;p__Proteobacteria;c__Gammaproteobacteria;o__Pseudomonadales;f__Pseudomonadaceae;g__Pseudomonas_E;s__Pseudomonas_E fluorescens_AP	0.9999999996921645
cfd165971e0588f38e55af034ed10703	ASV11d__Bacteria;p__Proteobacteria;c__Gammaproteobacteria;o__Burkholderiales;f__Chromobacteriaceae;g__Aquitalea;s__Aquitaleapelogenes	0.9880983195937858
70915f8c62091bc4a6bd6d367d3f9e0e	ASV14d__Bacteria;p__Proteobacteria;c__Gammaproteobacteria;o__Pseudomonadales;f__Pseudomonadaceae;g__Pseudomonas_E;s__Pseudomonas_E fluorescens_AP	0.9999999990593267
f82c76df1bc3b3c9a73c6671240d994f	ASV14d__Bacteria;p__Proteobacteria;c__Gammaproteobacteria;o__Pseudomonadales;f__Pseudomonadaceae;g__Pseudomonas_E;s__Pseudomonas_E fluorescens_AP	0.9999999955114021
c98a89180d412bb84eec7eb358a6f43f	ASV29d__Bacteria;p__Proteobacteria;c__Gammaproteobacteria;o__Enterobacterales;f__Enterobacteriaceae;g__Citrobacter;s__Citrobacter_braakii	0.9993766521601458
035c4a58e1e5fd007c8303444a771ee5	ASV29d__Bacteria;p__Proteobacteria;c__Gammaproteobacteria;o__Enterobacterales;f__Enterobacteriaceae;g__Citrobacter;s__Citrobacter_braakii	0.999869880723341
3fb0e5ebc20fc143cfa6d268bcab1dd0	ASV29d__Bacteria;p__Proteobacteria;c__Gammaproteobacteria;o__Enterobacterales;f__Enterobacteriaceae;g__Citrobacter;s__Citrobacter_braakii	0.9993399860730768
cad9c08f4a54d5d3ca96bddf016c9cb7	X263_Sphingobacteriia;Sphingobacteriales;Chitinophagaceae; Chitinophaga	0.999999999939547
c4df3cb9e7aecd1fccfcea70cb5f19ca	ASV14d__Bacteria;p__Proteobacteria;c__Gammaproteobacteria;o__Pseudomonadales;f__Pseudomonadaceae;g__Pseudomonas_E;s__Pseudomonas_E fluorescens_AP	0.9999999996624922
cb2223bb6238952cb9b3a2f1da1177b5	ASV14d__Bacteria;p__Proteobacteria;c__Gammaproteobacteria;o__Pseudomonadales;f__Pseudomonadaceae;g__Pseudomonas_E;s__Pseudomonas_E fluorescens_AP	0.999999998935877
6a4b83d816d3bba9955fbcb8f4efa9ed	ASV29d__Bacteria;p__Proteobacteria;c__Gammaproteobacteria;o__Enterobacterales;f__Enterobacteriaceae;g__Citrobacter;s__Citrobacter_braakii	0.9998159351026861
b2372c019186f2b199db303d525d2fc9	ASV34d__Bacteria;p__Bacteroidota;c__Bacteroidia;o__Flavobacteriales;f__Weeksellaceae;g__Elizabethkingia;s__Elizabethkingia_miricola	0.9999999998640021
af3771a3b801d507745b0cdc2af0fa31	ASV32d__Bacteria;p__Proteobacteria;c__Gammaproteobacteria;o__Burkholderiales;f__Burkholderiaceae;g__Achromobacter;s__	0.9999982130165158
48dadeceda80cb45a906bc2e7f75d315	ASV14d__Bacteria;p__Proteobacteria;c__Gammaproteobacteria;o__Pseudomonadales;f__Pseudomonadaceae;g__Pseudomonas_E;s__Pseudomonas_E fluorescens_AP	0.9999999996256008
7b9a334a135e0dfea911ff2edc99bf9f	ASV14d__Bacteria;p__Proteobacteria;c__Gammaproteobacteria;o__Pseudomonadales;f__Pseudomonadaceae;g__Pseudomonas_E;s__Pseudomonas_E fluorescens_AP	0.9999999987581702
020169e008e4785a836891dbcfe10ba1	ASV30d__Bacteria;p__Proteobacteria;c__Gammaproteobacteria;o__Enterobacterales;f__Enterobacteriaceae;g__Serratia_A;s__Serratia_Afonticola	0.9984433527284866
01806ffb24920bfeabfd7ea96418d24f	ASV30d__Bacteria;p__Proteobacteria;c__Gammaproteobacteria;o__Enterobacterales;f__Enterobacteriaceae;g__Serratia_A;s__Serratia_Afonticola	0.9988357976139809
724514d44184cb3071ba5f6c09ec76f6	ASV34d__Bacteria;p__Bacteroidota;c__Bacteroidia;o__Flavobacteriales;f__Weeksellaceae;g__Elizabethkingia;s__Elizabethkingia_miricola	0.9999999999228919
c1c4a0bf9c675f76857d12ef89ae2162	ASV32d__Bacteria;p__Proteobacteria;c__Gammaproteobacteria;o__Burkholderiales;f__Burkholderiaceae;g__Achromobacter;s__	0.9999970243359619
8b74ff0fc9a15dba5f1f72db7d81f3b3	ASV30d__Bacteria;p__Proteobacteria;c__Gammaproteobacteria;o__Enterobacterales;f__Enterobacteriaceae;g__Serratia_A;s__Serratia_Afonticola	0.9995846572543742
c70739c502bea53667df7629de97c46a	ASV11d__Bacteria;p__Proteobacteria;c__Gammaproteobacteria;o__Burkholderiales;f__Chromobacteriaceae;g__Aquitalea;s__Aquitaleapelogenes	0.9940607069740871
7e1095ddfda81cbdcf62131728c86b61	ASV2d__Bacteria;p__Bacteroidota;c__Bacteroidia;o__Sphingobacteriales;f__Sphingobacteriaceae;g__Pedobacter;s__	0.9993950585844248
672b456ac0cfd7a41b7741663233d378	ASV14d__Bacteria;p__Proteobacteria;c__Gammaproteobacteria;o__Pseudomonadales;f__Pseudomonadaceae;g__Pseudomonas_E;s__Pseudomonas_E fluorescens_AP	0.9999999976585343
0378b3d23d9d9df9001fc50ac72120d0	ASV34d__Bacteria;p__Bacteroidota;c__Bacteroidia;o__Flavobacteriales;f__Weeksellaceae;g__Elizabethkingia;s__Elizabethkingia_miricola	0.9999999999886882
82f0a8eab4000043cfb46e0ceae4bb7c	ASV14d__Bacteria;p__Proteobacteria;c__Gammaproteobacteria;o__Pseudomonadales;f__Pseudomonadaceae;g__Pseudomonas_E;s__Pseudomonas_E fluorescens_AP	0.999999987470929
cfab3e13eebd8aa30f6f36ab1a4bb5ac	ASV5d__Bacteria;p__Proteobacteria;c__Gammaproteobacteria;o__Burkholderiales;f__Chromobacteriaceae;g__Chromobacterium;s__Chromobacteriumsp002213445	0.9991591930405482
ca951d09a7941bf53ba8e602b508c638	ASV14d__Bacteria;p__Proteobacteria;c__Gammaproteobacteria;o__Pseudomonadales;f__Pseudomonadaceae;g__Pseudomonas_E;s__Pseudomonas_E fluorescens_AP	0.9999999989757669
d2fcf3cf64040d07af37771192bdd8bb	ASV34d__Bacteria;p__Bacteroidota;c__Bacteroidia;o__Flavobacteriales;f__Weeksellaceae;g__Elizabethkingia;s__Elizabethkingia_miricola	0.999999999855973
45d2d498f217d20597ab926a5819072d	ASV5d__Bacteria;p__Proteobacteria;c__Gammaproteobacteria;o__Burkholderiales;f__Chromobacteriaceae;g__Chromobacterium;s__Chromobacteriumsp002213445	0.9996349788422455
f2a2836677f6cd21621ba40de07e035a	ASV32d__Bacteria;p__Proteobacteria;c__Gammaproteobacteria;o__Burkholderiales;f__Burkholderiaceae;g__Achromobacter;s__	0.999998234754438
c32bfd9f566444d9edafe26d49e9eff4	ASV30d__Bacteria;p__Proteobacteria;c__Gammaproteobacteria;o__Enterobacterales;f__Enterobacteriaceae;g__Serratia_A;s__Serratia_Afonticola	0.9995332922844076
63620566c93233da9b8339a1ebeef8c7	ASV16d__Bacteria;p__Proteobacteria;c__Gammaproteobacteria;o__Burkholderiales;f__Chromobacteriaceae;g__Aquitalea;s__	0.9862515595833136
6baaf87ed1c2e5a8b667cfe1efafcb52	ASV22d__Bacteria;p__Proteobacteria;c__Gammaproteobacteria;o__Burkholderiales;f__Burkholderiaceae;g__Paraburkholderia_B;s__	0.9992441348609137
131cd5295df4675379291c342bc2ca36	ASV29d__Bacteria;p__Proteobacteria;c__Gammaproteobacteria;o__Enterobacterales;f__Enterobacteriaceae;g__Citrobacter;s__Citrobacter_braakii	0.9991064099485395
25a67cb52a6a6a8de4859155e99bde8b	ASV14d__Bacteria;p__Proteobacteria;c__Gammaproteobacteria;o__Pseudomonadales;f__Pseudomonadaceae;g__Pseudomonas_E;s__Pseudomonas_E fluorescens_AP	0.9999999996566231
70916b220d5d014c122af262dab81e85	ASV14d__Bacteria;p__Proteobacteria;c__Gammaproteobacteria;o__Pseudomonadales;f__Pseudomonadaceae;g__Pseudomonas_E;s__Pseudomonas_E fluorescens_AP	0.9999999993934949
16ea0d1ca0cdd3d6488c1cd27137f103	ASV34d__Bacteria;p__Bacteroidota;c__Bacteroidia;o__Flavobacteriales;f__Weeksellaceae;g__Elizabethkingia;s__Elizabethkingia_miricola	0.9999999999527347
ba935533383baf343490c4fc70d86fd2	X120_Alphaproteobacteria;Sphingomonadales;Sphingomonadaceae;Sphingomonas	0.9999995486486478
9fe72135145d3ef6a39fa52d7442185a	ASV14d__Bacteria;p__Proteobacteria;c__Gammaproteobacteria;o__Pseudomonadales;f__Pseudomonadaceae;g__Pseudomonas_E;s__Pseudomonas_E fluorescens_AP	0.99999999526122
af400d39ffe174bbcf303c61e4613fcb	ASV30d__Bacteria;p__Proteobacteria;c__Gammaproteobacteria;o__Enterobacterales;f__Enterobacteriaceae;g__Serratia_A;s__Serratia_Afonticola	0.9995181670219735
42b6dca5cba5f0f3b4f5d0e302a8e35f	ASV29d__Bacteria;p__Proteobacteria;c__Gammaproteobacteria;o__Enterobacterales;f__Enterobacteriaceae;g__Citrobacter;s__Citrobacter_braakii	0.9973788414392233
e0bde6bce5dea5af899701e4752c5ac7	ASV14d__Bacteria;p__Proteobacteria;c__Gammaproteobacteria;o__Pseudomonadales;f__Pseudomonadaceae;g__Pseudomonas_E;s__Pseudomonas_E fluorescens_AP	0.9999999982800745
30fc6e891465ba77c4f734ef5b57f286	ASV32d__Bacteria;p__Proteobacteria;c__Gammaproteobacteria;o__Burkholderiales;f__Burkholderiaceae;g__Achromobacter;s__	0.9999972999408514
b789666f885b4d9b174693912b51aae9	Unassigned	0.8015230022638699
493a95f575905a3ce2e8c674e0449c59	ASV14d__Bacteria;p__Proteobacteria;c__Gammaproteobacteria;o__Pseudomonadales;f__Pseudomonadaceae;g__Pseudomonas_E;s__Pseudomonas_E fluorescens_AP	0.999999999719023
08583ad16fa456023f8da3c1c2c48a50	X491_Betaproteobacteria;Burkholderiales;Burkholderiaceae;Pandoraea	0.9966921987472824
79c379ee06b4d511f3e73a4ee8a042e5	ASV2d__Bacteria;p__Bacteroidota;c__Bacteroidia;o__Sphingobacteriales;f__Sphingobacteriaceae;g__Pedobacter;s__	0.9991889161001675
c2f56016b5313fb055340184024ab2ca	ASV11d__Bacteria;p__Proteobacteria;c__Gammaproteobacteria;o__Burkholderiales;f__Chromobacteriaceae;g__Aquitalea;s__Aquitaleapelogenes	0.9963136979043697
657a2f0e432d5920bd1666340ec7db5e	ASV29d__Bacteria;p__Proteobacteria;c__Gammaproteobacteria;o__Enterobacterales;f__Enterobacteriaceae;g__Citrobacter;s__Citrobacter_braakii	0.9998512733736326
75f12b6c155e7c0bab04607a0147a914	ASV34d__Bacteria;p__Bacteroidota;c__Bacteroidia;o__Flavobacteriales;f__Weeksellaceae;g__Elizabethkingia;s__Elizabethkingia_miricola	0.9999999975435259
c7eaf85f44878bb0991c8cbbfcd0e84e	ASV34d__Bacteria;p__Bacteroidota;c__Bacteroidia;o__Flavobacteriales;f__Weeksellaceae;g__Elizabethkingia;s__Elizabethkingia_miricola	0.9999999999375575
2a4426d3d2adbd9d57cfc77e53585048	Unassigned	0.4739154554257331
d030ae375a447abb305d666b8622f898	ASV2d__Bacteria;p__Bacteroidota;c__Bacteroidia;o__Sphingobacteriales;f__Sphingobacteriaceae;g__Pedobacter;s__	0.9997935011242736
87aa8f9e70fdf888ad4657879820e6ef	ASV17d__Bacteria;p__Bacteroidota;c__Bacteroidia;o__Sphingobacteriales;f__Sphingobacteriaceae;g__Pedobacter;s__	0.9776173914780792
2717be3447718da9e2a4c4934669f780	ASV27d__Bacteria;p__Proteobacteria;c__Gammaproteobacteria;o__Burkholderiales;f__Burkholderiaceae;g__Xylophilus;s__	0.9968732721276219
2d2624e580c186c2ff84ac3f79c19f1a	ASV16d__Bacteria;p__Proteobacteria;c__Gammaproteobacteria;o__Burkholderiales;f__Chromobacteriaceae;g__Aquitalea;s__	0.9953188852544786
cd5cefb257e661573f607bb7a6963061	ASV31d__Bacteria;p__Proteobacteria;c__Gammaproteobacteria;o__Burkholderiales;f__Burkholderiaceae;g__Delftia;s__Delftia_acidovorans	0.9997233881655683
213f39dba6d9612e2827352ec5c8f5c8	ASV34d__Bacteria;p__Bacteroidota;c__Bacteroidia;o__Flavobacteriales;f__Weeksellaceae;g__Elizabethkingia;s__Elizabethkingia_miricola	0.999999999946823
7f049cebd93238aa6b8db3d3ff39bc8e	ASV30d__Bacteria;p__Proteobacteria;c__Gammaproteobacteria;o__Enterobacterales;f__Enterobacteriaceae;g__Serratia_A;s__Serratia_Afonticola	0.9956536852389931
5faf52e3f248d18c63542e85e0c93db7	ASV5d__Bacteria;p__Proteobacteria;c__Gammaproteobacteria;o__Burkholderiales;f__Chromobacteriaceae;g__Chromobacterium;s__Chromobacteriumsp002213445	0.9996528513395245
54bb39d4a2df649173da4fae95562da2	ASV14d__Bacteria;p__Proteobacteria;c__Gammaproteobacteria;o__Pseudomonadales;f__Pseudomonadaceae;g__Pseudomonas_E;s__Pseudomonas_E fluorescens_AP	0.9999999998453148
232323a56922fcd1e22353dc10c890c4	Unassigned	0.8380798860514969
39652cc340305b596901fa50de13cb3f	ASV2d__Bacteria;p__Bacteroidota;c__Bacteroidia;o__Sphingobacteriales;f__Sphingobacteriaceae;g__Pedobacter;s__	0.9994297467342061
c954b7f2b2d0b5975b37868476d1a1f2	ASV14d__Bacteria;p__Proteobacteria;c__Gammaproteobacteria;o__Pseudomonadales;f__Pseudomonadaceae;g__Pseudomonas_E;s__Pseudomonas_E fluorescens_AP	0.9999999990822772
bc915b1d59506829c845e112d3b91783	ASV32d__Bacteria;p__Proteobacteria;c__Gammaproteobacteria;o__Burkholderiales;f__Burkholderiaceae;g__Achromobacter;s__	0.9999989674294556
ebe96e7de87330607bd1a788f7d5b635	ASV32d__Bacteria;p__Proteobacteria;c__Gammaproteobacteria;o__Burkholderiales;f__Burkholderiaceae;g__Achromobacter;s__	0.999999732014523
b8b1e1a826a2d107d6d02f6aa7d33f1f	ASV28d__Bacteria;p__Bacteroidota;c__Bacteroidia;o__Sphingobacteriales;f__Sphingobacteriaceae;g__Pedobacter;s__	0.9950699653571186
97b5d13b9d1456121f4cf23a1272e7d8	ASV34d__Bacteria;p__Bacteroidota;c__Bacteroidia;o__Flavobacteriales;f__Weeksellaceae;g__Elizabethkingia;s__Elizabethkingia_miricola	0.9999999998563709
ac4a731be3dfc5452590e4aa239dc78d	ASV5d__Bacteria;p__Proteobacteria;c__Gammaproteobacteria;o__Burkholderiales;f__Chromobacteriaceae;g__Chromobacterium;s__Chromobacteriumsp002213445	0.9994547856082359
2c1ced66a87e1823243d5e59277d4e83	ASV34d__Bacteria;p__Bacteroidota;c__Bacteroidia;o__Flavobacteriales;f__Weeksellaceae;g__Elizabethkingia;s__Elizabethkingia_miricola	0.999999999756696
1ea4ee78aa42afd2ab81b7dadf49b0e6	ASV14d__Bacteria;p__Proteobacteria;c__Gammaproteobacteria;o__Pseudomonadales;f__Pseudomonadaceae;g__Pseudomonas_E;s__Pseudomonas_E fluorescens_AP	0.9999999995019095
3a429701006b26e94e27948f950cc191	ASV9d__Bacteria;p__Proteobacteria;c__Alphaproteobacteria;o__Caulobacterales;f__Caulobacteraceae;g__Brevundimonas;s__	0.9999999151629062
a7bb59a8b7fa810b45a705fa068f0997	ASV14d__Bacteria;p__Proteobacteria;c__Gammaproteobacteria;o__Pseudomonadales;f__Pseudomonadaceae;g__Pseudomonas_E;s__Pseudomonas_E fluorescens_AP	0.999999999733646
dc2fab6fb3b2efe8117c69ce74341e41	ASV34d__Bacteria;p__Bacteroidota;c__Bacteroidia;o__Flavobacteriales;f__Weeksellaceae;g__Elizabethkingia;s__Elizabethkingia_miricola	0.9999999998426148
54db03b14495cde5c6d98372a68b58bf	ASV17d__Bacteria;p__Bacteroidota;c__Bacteroidia;o__Sphingobacteriales;f__Sphingobacteriaceae;g__Pedobacter;s__	0.9673643172412021
91e33e51c3da8bab3401757946949d2d	Unassigned	0.8462428645925788
3ff865ebcda4ae6ee929e95628d598df	Unassigned	0.8094553840812093
5930f68d50dad378121ec01f03ae565e	Unassigned	0.6652140478899636
d3f21e6e53aaaf95cc8ffc961116fca0	Unassigned	0.6899523620702606
90ab5950974319b4533f951b32b3b02d	Unassigned	0.7004353356134405
b7881c8ab485698e1abbe33166167394	ASV14d__Bacteria;p__Proteobacteria;c__Gammaproteobacteria;o__Pseudomonadales;f__Pseudomonadaceae;g__Pseudomonas_E;s__Pseudomonas_E fluorescens_AP	0.9999999997290132
5cf059f0db77b2d02251ee53096cc112	Unassigned	0.8062822267928504
e7956db44440df58785d6f8e5ada513e	Unassigned	0.7314833393659549
ed2560f4ed56f31da5eab860017a5eb3	ASV32d__Bacteria;p__Proteobacteria;c__Gammaproteobacteria;o__Burkholderiales;f__Burkholderiaceae;g__Achromobacter;s__	0.9999969884145814
7ccff9ad16c54b1867f6a5fa5bb498ec	ASV28d__Bacteria;p__Bacteroidota;c__Bacteroidia;o__Sphingobacteriales;f__Sphingobacteriaceae;g__Pedobacter;s__	0.9990984723883038
a4df75bb9341227122bd1ef63a0bdff0	Unassigned	0.8123300459302681
5f81a3dac9e7b276462e7976f79340bb	Unassigned	0.8267400627053618
eff510ebe1d9f5bb683a28b0b2dc9f5b	ASV31d__Bacteria;p__Proteobacteria;c__Gammaproteobacteria;o__Burkholderiales;f__Burkholderiaceae;g__Delftia;s__Delftia_acidovorans	0.9997453756616774
9e4b708db54524f3a04289532568de3a	ASV34d__Bacteria;p__Bacteroidota;c__Bacteroidia;o__Flavobacteriales;f__Weeksellaceae;g__Elizabethkingia;s__Elizabethkingia_miricola	0.9999999999472919
07defaef9cb09230b7a8d5c1c9e69c3a	X491_Betaproteobacteria;Burkholderiales;Burkholderiaceae;Pandoraea	0.9900820969937891
48093245f02427e4568eb6f9df0e59ab	ASV5d__Bacteria;p__Proteobacteria;c__Gammaproteobacteria;o__Burkholderiales;f__Chromobacteriaceae;g__Chromobacterium;s__Chromobacteriumsp002213445	0.9995584192015743
3a97f570097ef05badf7432511bc718f	ASV31d__Bacteria;p__Proteobacteria;c__Gammaproteobacteria;o__Burkholderiales;f__Burkholderiaceae;g__Delftia;s__Delftia_acidovorans	0.9998228533859145
b944c460a03a2596e4eae23fa4eacc91	Unassigned	0.6901451607697248
10123a1fd35e6dfa41ac0834f6354fac	Unassigned	0.9068421297645776
6d6dd72f961e92205b120279bcab98e1	ASV31d__Bacteria;p__Proteobacteria;c__Gammaproteobacteria;o__Burkholderiales;f__Burkholderiaceae;g__Delftia;s__Delftia_acidovorans	0.9996739032206589
1f8df3213d581a2c465f05ad1f9e9f03	ASV14d__Bacteria;p__Proteobacteria;c__Gammaproteobacteria;o__Pseudomonadales;f__Pseudomonadaceae;g__Pseudomonas_E;s__Pseudomonas_E fluorescens_AP	0.9999999998080256
c12ef6d90cb1cfb6372cc7d45d1c4f72	ASV31d__Bacteria;p__Proteobacteria;c__Gammaproteobacteria;o__Burkholderiales;f__Burkholderiaceae;g__Delftia;s__Delftia_acidovorans	0.9990515132613565
be37fad7f2ba5a86db3af2a11a9a9776	ASV34d__Bacteria;p__Bacteroidota;c__Bacteroidia;o__Flavobacteriales;f__Weeksellaceae;g__Elizabethkingia;s__Elizabethkingia_miricola	0.9999999999597975
2830e209d481703674a1873ff09783e2	Unassigned	0.7933062376959339
36072dce9eb6e2f44477fd73557d8880	ASV34d__Bacteria;p__Bacteroidota;c__Bacteroidia;o__Flavobacteriales;f__Weeksellaceae;g__Elizabethkingia;s__Elizabethkingia_miricola	0.9999999999671729
da1994ce8abeb8226074e0484f9432fb	ASV29d__Bacteria;p__Proteobacteria;c__Gammaproteobacteria;o__Enterobacterales;f__Enterobacteriaceae;g__Citrobacter;s__Citrobacter_braakii	0.9996812719063329
f1dcbfe7ac2d349f3bcad2f4cce32e8a	Unassigned	0.6607083600143839
76996fdf1b5b99863e02b4a1fd7cc956	Unassigned	0.7695469721478294
683a4c4e73c6d4d7324977e95fab24bc	Unassigned	0.3148638464913369
e64a6521ff5cfc534192a7c8489a6dff	Unassigned	0.8635664613111482
9e32f0d62ea0ff621081bbbd10077388	Unassigned	0.7613430808264336
02ae09ab00a4bfc8e58326f64b9405b3	Unassigned	0.7036762487509051
2c850284d4a0d45dc39270f01bc3cad9	Unassigned	0.7836655051607089
30bb9f3d663f28099d6a6e62e3290698	Unassigned	0.7513732555936038
b49b3eb28a2aee1cc6cbdaa0823fb0c8	ASV32d__Bacteria;p__Proteobacteria;c__Gammaproteobacteria;o__Burkholderiales;f__Burkholderiaceae;g__Achromobacter;s__	0.9999986712123405
573c27a94b41bc4cc8e82b4d0f76013d	ASV17d__Bacteria;p__Bacteroidota;c__Bacteroidia;o__Sphingobacteriales;f__Sphingobacteriaceae;g__Pedobacter;s__	0.9495231145882562
2dd17bbdbcc8a95f0c0d61b745fbad47	Unassigned	0.9054794172483803
2327a36c344d187c76feabb69e6690c0	Unassigned	0.7924709931352066
645d69b539f2bf3d7f5c451d4bb53144	Unassigned	0.7441596481490453
3d88cf08f91cf18016bd625e39372086	ASV34d__Bacteria;p__Bacteroidota;c__Bacteroidia;o__Flavobacteriales;f__Weeksellaceae;g__Elizabethkingia;s__Elizabethkingia_miricola	0.9999999997548201
3c84b2dcaf0046c93f943fa78adb8e2f	ASV5d__Bacteria;p__Proteobacteria;c__Gammaproteobacteria;o__Burkholderiales;f__Chromobacteriaceae;g__Chromobacterium;s__Chromobacteriumsp002213445	0.9997268303905092
2df52e313a56f1b0962a26eade2d9710	ASV19d__Bacteria;p__Bacteroidota;c__Bacteroidia;o__Sphingobacteriales;f__Sphingobacteriaceae;g__Pedobacter;s__	0.9996017380909176
9e4c9ee4bad3f5f3a66ae3f7e6a556cd	ASV34d__Bacteria;p__Bacteroidota;c__Bacteroidia;o__Flavobacteriales;f__Weeksellaceae;g__Elizabethkingia;s__Elizabethkingia_miricola	0.9999999998391189
a08e66d05ad952608de08f4a66349cc7	ASV32d__Bacteria;p__Proteobacteria;c__Gammaproteobacteria;o__Burkholderiales;f__Burkholderiaceae;g__Achromobacter;s__	0.9999995628941423
508001ded5a6e7c4583b9f489ea837aa	ASV32d__Bacteria;p__Proteobacteria;c__Gammaproteobacteria;o__Burkholderiales;f__Burkholderiaceae;g__Achromobacter;s__	0.9999994525381559
3645075412f3287dc9ea274231b5b01e	ASV5d__Bacteria;p__Proteobacteria;c__Gammaproteobacteria;o__Burkholderiales;f__Chromobacteriaceae;g__Chromobacterium;s__Chromobacteriumsp002213445	0.9998007505104138
71fe5fd93f0bf66fd9e405ed0f8c7272	ASV16d__Bacteria;p__Proteobacteria;c__Gammaproteobacteria;o__Burkholderiales;f__Chromobacteriaceae;g__Aquitalea;s__	0.9925701745964449
2feb765fb1dfb45be636f986a05737a0	ASV10d__Bacteria;p__Proteobacteria;c__Gammaproteobacteria;o__Burkholderiales;f__Burkholderiaceae;g__Comamonas_B;s__	0.9847882722742496
54c0b8be9b0a805c11c55a2823b0c3ea	ASV16d__Bacteria;p__Proteobacteria;c__Gammaproteobacteria;o__Burkholderiales;f__Chromobacteriaceae;g__Aquitalea;s__	0.9762606443986838
fce0b52a886ee5d2d5756d3cbba72fca	ASV5d__Bacteria;p__Proteobacteria;c__Gammaproteobacteria;o__Burkholderiales;f__Chromobacteriaceae;g__Chromobacterium;s__Chromobacteriumsp002213445	0.9997394115636076
d3ff2b1f4ded407bb87b1ec371cd42b9	ASV11d__Bacteria;p__Proteobacteria;c__Gammaproteobacteria;o__Burkholderiales;f__Chromobacteriaceae;g__Aquitalea;s__Aquitaleapelogenes	0.9941046179613382
2845619a381e07be2b185c95e8fdbeb0	ASV34d__Bacteria;p__Bacteroidota;c__Bacteroidia;o__Flavobacteriales;f__Weeksellaceae;g__Elizabethkingia;s__Elizabethkingia_miricola	0.9999999999002824
59c765539d3da9b0093c0d2ade34e17f	ASV31d__Bacteria;p__Proteobacteria;c__Gammaproteobacteria;o__Burkholderiales;f__Burkholderiaceae;g__Delftia;s__Delftia_acidovorans	0.9995594063561589
96f7854116a4840d8209d55f17b2592b	Unassigned	0.8363179341938716
c5a4ccbfc528399661b22408556698e3	Unassigned	0.7037786404903511
fe71fe04eca1c1116f18181d5069c3bf	ASV28d__Bacteria;p__Bacteroidota;c__Bacteroidia;o__Sphingobacteriales;f__Sphingobacteriaceae;g__Pedobacter;s__	0.9967190107876347
f9b48a033a46fdd8bda6c4af30c48649	ASV16d__Bacteria;p__Proteobacteria;c__Gammaproteobacteria;o__Burkholderiales;f__Chromobacteriaceae;g__Aquitalea;s__	0.991506301523489
8802773cd2b79f444aff631032f844aa	ASV14d__Bacteria;p__Proteobacteria;c__Gammaproteobacteria;o__Pseudomonadales;f__Pseudomonadaceae;g__Pseudomonas_E;s__Pseudomonas_E fluorescens_AP	0.999999998752827
ca29e608bc94802ab762d42ef5ae00d2	Unassigned	0.7011749814468589
a3ed19245af6c4857d60947efc6c17dd	ASV17d__Bacteria;p__Bacteroidota;c__Bacteroidia;o__Sphingobacteriales;f__Sphingobacteriaceae;g__Pedobacter;s__	0.8652658844484381
2adf74cedfe50665c623ee1c69376703	ASV34d__Bacteria;p__Bacteroidota;c__Bacteroidia;o__Flavobacteriales;f__Weeksellaceae;g__Elizabethkingia;s__Elizabethkingia_miricola	0.9999999997203304
2c7149b6529928e84c6f88f4e52e9f80	X120_Alphaproteobacteria;Sphingomonadales;Sphingomonadaceae;Sphingomonas	0.9999997363815317
de11cf272729e022c9e29e0e9946eabd	X263_Sphingobacteriia;Sphingobacteriales;Chitinophagaceae; Chitinophaga	0.9999999999634355
b9980dd0b2685a2952950a303a592ea9	Unassigned	0.9013769594565144
e2e76a24ef7021d9d95315ee6d8827f6	ASV32d__Bacteria;p__Proteobacteria;c__Gammaproteobacteria;o__Burkholderiales;f__Burkholderiaceae;g__Achromobacter;s__	0.999997170574839
8d731a6783d884b60a25c36cb1331a9b	ASV9d__Bacteria;p__Proteobacteria;c__Alphaproteobacteria;o__Caulobacterales;f__Caulobacteraceae;g__Brevundimonas;s__	0.9999999540459765
affc66aea749e91be3254727ad6389c3	X391_Actinobacteria;Actinomycetales;Microbacteriaceae;Leifsonia	0.9999999999993889
36d4f9dfca1eb1d3b15560393b54c5d5	Unassigned	0.848728853127551
b93f0da3e418a29e385ea69250206fc7	Unassigned	0.8866022501265143
d00323a15c623d098c777615f655d983	ASV14d__Bacteria;p__Proteobacteria;c__Gammaproteobacteria;o__Pseudomonadales;f__Pseudomonadaceae;g__Pseudomonas_E;s__Pseudomonas_E fluorescens_AP	0.999999999328594
22fe680a4a7195b88432136d20002d58	ASV14d__Bacteria;p__Proteobacteria;c__Gammaproteobacteria;o__Pseudomonadales;f__Pseudomonadaceae;g__Pseudomonas_E;s__Pseudomonas_E fluorescens_AP	0.9999999966477873
bb26aacdd3aedd4d752f391800aa81bc	ASV14d__Bacteria;p__Proteobacteria;c__Gammaproteobacteria;o__Pseudomonadales;f__Pseudomonadaceae;g__Pseudomonas_E;s__Pseudomonas_E fluorescens_AP	0.9999999998579767
4b0815247cb9d0141cd176498c3b9da7	ASV22d__Bacteria;p__Proteobacteria;c__Gammaproteobacteria;o__Burkholderiales;f__Burkholderiaceae;g__Paraburkholderia_B;s__	0.9957844712982947
86ddd3b27fcd4792668315b56536ce20	ASV32d__Bacteria;p__Proteobacteria;c__Gammaproteobacteria;o__Burkholderiales;f__Burkholderiaceae;g__Achromobacter;s__	0.9999996874209591
102b6fcb2f572511c15b12982a3869a3	ASV34d__Bacteria;p__Bacteroidota;c__Bacteroidia;o__Flavobacteriales;f__Weeksellaceae;g__Elizabethkingia;s__Elizabethkingia_miricola	0.9999999996844764
6f6b2c14eda666a7738481f344e9c1f5	ASV14d__Bacteria;p__Proteobacteria;c__Gammaproteobacteria;o__Pseudomonadales;f__Pseudomonadaceae;g__Pseudomonas_E;s__Pseudomonas_E fluorescens_AP	0.9999999982021848
ea3c4b7558fa94d694dcb37278070ed4	ASV5d__Bacteria;p__Proteobacteria;c__Gammaproteobacteria;o__Burkholderiales;f__Chromobacteriaceae;g__Chromobacterium;s__Chromobacteriumsp002213445	0.9998643229852233
7d52f980d579e6eb190322378e3f3db9	ASV29d__Bacteria;p__Proteobacteria;c__Gammaproteobacteria;o__Enterobacterales;f__Enterobacteriaceae;g__Citrobacter;s__Citrobacter_braakii	0.9995874746312469
6093548a916d968027cfacb5c7082b12	ASV14d__Bacteria;p__Proteobacteria;c__Gammaproteobacteria;o__Pseudomonadales;f__Pseudomonadaceae;g__Pseudomonas_E;s__Pseudomonas_E fluorescens_AP	0.9999999994384154
e921b262d61a120709fab14fcbb2ae95	ASV30d__Bacteria;p__Proteobacteria;c__Gammaproteobacteria;o__Enterobacterales;f__Enterobacteriaceae;g__Serratia_A;s__Serratia_Afonticola	0.9989254949861044
e1ab9c7bf606398e0b69b8fac981679c	ASV8d__Bacteria;p__Proteobacteria;c__Alphaproteobacteria;o__Rhizobiales;f__Rhizobiaceae;g__Rhizobium;s__	0.9999996918163325
46876782b91fcab776967d4ec94a525a	ASV14d__Bacteria;p__Proteobacteria;c__Gammaproteobacteria;o__Pseudomonadales;f__Pseudomonadaceae;g__Pseudomonas_E;s__Pseudomonas_E fluorescens_AP	0.9999999995724664
7044640c7b20fc940cf3092bd1563efa	ASV14d__Bacteria;p__Proteobacteria;c__Gammaproteobacteria;o__Pseudomonadales;f__Pseudomonadaceae;g__Pseudomonas_E;s__Pseudomonas_E fluorescens_AP	0.9999999801166555
2c95aa3a1653b645e0006309f8a7dd19	ASV14d__Bacteria;p__Proteobacteria;c__Gammaproteobacteria;o__Pseudomonadales;f__Pseudomonadaceae;g__Pseudomonas_E;s__Pseudomonas_E fluorescens_AP	0.9999999993381721
038e2cc5556f8efcbec5a71c083dcb06	ASV14d__Bacteria;p__Proteobacteria;c__Gammaproteobacteria;o__Pseudomonadales;f__Pseudomonadaceae;g__Pseudomonas_E;s__Pseudomonas_E fluorescens_AP	0.9999999996434639
e25267359600339fcb091590b5a0ec9a	ASV14d__Bacteria;p__Proteobacteria;c__Gammaproteobacteria;o__Pseudomonadales;f__Pseudomonadaceae;g__Pseudomonas_E;s__Pseudomonas_E fluorescens_AP	0.9999999994741557
a1dbd3f0700cbbb60a668775ef40e443	ASV29d__Bacteria;p__Proteobacteria;c__Gammaproteobacteria;o__Enterobacterales;f__Enterobacteriaceae;g__Citrobacter;s__Citrobacter_braakii	0.9978566058867955
bddff580a664ae8a8bf4439dadecd0f4	ASV29d__Bacteria;p__Proteobacteria;c__Gammaproteobacteria;o__Enterobacterales;f__Enterobacteriaceae;g__Citrobacter;s__Citrobacter_braakii	0.9997437086429609
03ac8ac70f9e00904b9f23eecf0fd6ce	ASV34d__Bacteria;p__Bacteroidota;c__Bacteroidia;o__Flavobacteriales;f__Weeksellaceae;g__Elizabethkingia;s__Elizabethkingia_miricola	0.9999999995670663
0dd2ed37194dc83ab6030e87f6ea9295	Unassigned	0.7881949189790683
afb4e07bf3e437920e3a7d59005ca10f	Unassigned	0.8610141531146407
51d49ee985e5aa0278d126fbef48fd50	ASV34d__Bacteria;p__Bacteroidota;c__Bacteroidia;o__Flavobacteriales;f__Weeksellaceae;g__Elizabethkingia;s__Elizabethkingia_miricola	0.9999999999775042
d7071a03c89a8587212d638b37577ec3	ASV10d__Bacteria;p__Proteobacteria;c__Gammaproteobacteria;o__Burkholderiales;f__Burkholderiaceae;g__Comamonas_B;s__	0.9970877609006322
c5e6f7cdce742dbac35834d92eb46a4d	ASV19d__Bacteria;p__Bacteroidota;c__Bacteroidia;o__Sphingobacteriales;f__Sphingobacteriaceae;g__Pedobacter;s__	0.9994528114558675
da109bb8a6862d7c33b1e6bf7149cec7	X263_Sphingobacteriia;Sphingobacteriales;Chitinophagaceae; Chitinophaga	0.9999999999772058
a20d330d7039c69546a6d7bcea50b0e4	X120_Alphaproteobacteria;Sphingomonadales;Sphingomonadaceae;Sphingomonas	0.9999998796222017
5486b085cd5471e6cd815a5c94103846	ASV34d__Bacteria;p__Bacteroidota;c__Bacteroidia;o__Flavobacteriales;f__Weeksellaceae;g__Elizabethkingia;s__Elizabethkingia_miricola	0.9999999999434976
88cf0974db0a78f7deb0de7b5f73a641	ASV5d__Bacteria;p__Proteobacteria;c__Gammaproteobacteria;o__Burkholderiales;f__Chromobacteriaceae;g__Chromobacterium;s__Chromobacteriumsp002213445	0.9995885152310054
c7540eebada01059923ccc30d78e3cfc	ASV17d__Bacteria;p__Bacteroidota;c__Bacteroidia;o__Sphingobacteriales;f__Sphingobacteriaceae;g__Pedobacter;s__	0.9658003361226964
25d89f64e134eea3fa738eec6eafabe7	ASV17d__Bacteria;p__Bacteroidota;c__Bacteroidia;o__Sphingobacteriales;f__Sphingobacteriaceae;g__Pedobacter;s__	0.985724195025603
ad8d77c80b5e325ee1e0584f7b7b9a05	ASV14d__Bacteria;p__Proteobacteria;c__Gammaproteobacteria;o__Pseudomonadales;f__Pseudomonadaceae;g__Pseudomonas_E;s__Pseudomonas_E fluorescens_AP	0.9999999950701977
17f9849d478c6981f2f245db357d8c3e	Unassigned	0.8451454873003637
501374a8a1124ddb9e1a9abb3672fee3	ASV5d__Bacteria;p__Proteobacteria;c__Gammaproteobacteria;o__Burkholderiales;f__Chromobacteriaceae;g__Chromobacterium;s__Chromobacteriumsp002213445	0.9995906801854085
38834f9047ab0461fe9a5a062e3b33ba	ASV29d__Bacteria;p__Proteobacteria;c__Gammaproteobacteria;o__Enterobacterales;f__Enterobacteriaceae;g__Citrobacter;s__Citrobacter_braakii	0.9997806502845342
56507e43c987c963a580bc822f42566e	ASV29d__Bacteria;p__Proteobacteria;c__Gammaproteobacteria;o__Enterobacterales;f__Enterobacteriaceae;g__Citrobacter;s__Citrobacter_braakii	0.9998290770547609
f3b5171542e201286f402372ee01a8d6	Unassigned	0.7083164350466422
076094446a34caaad0465235a57e4727	ASV16d__Bacteria;p__Proteobacteria;c__Gammaproteobacteria;o__Burkholderiales;f__Chromobacteriaceae;g__Aquitalea;s__	0.9802753121323038
c19185ebed83168c371918b5cf51d1b4	Unassigned	0.6799790050596911
4f7e434cc9dec962f3546f0f9c69ec2f	Unassigned	0.7073136439175443
da362b03bc1a22f05a67393dcc641476	Unassigned	0.8155862179725145
74414c6d0bc66bedd9e2be314c4b6e67	Unassigned	0.7882458394050555
a6b31e427b505ab5e543e0958bff7cdd	Unassigned	0.7378916514639067
802e5685be5a2dfd320618d0db559776	Unassigned	0.6664773227805124
f5553a5f0eea7d823319c7eb1050989e	Unassigned	0.6951625659053606
97551fc8d8262c8f5209708b087035a6	Unassigned	0.8137870045869423
de5717105976f51a43b63e09c0a67597	Unassigned	0.8601998093908684
f39c9aef97bc091dad1025590350e394	Unassigned	0.8912427076848105
5fa887302f8fec18cfeddf7739b1ed53	Unassigned	0.8613192048395398
51f2a118f0028fbb79e361fb0f72fc0e	Unassigned	0.7242209989165069
a4be301e55e84c3dc30ff2148d52b430	Unassigned	0.8528056447171841
63913d28474ad8ddbc45f00bf9236caa	Unassigned	0.855364731552652
a223469d42b37402f3071dc75615c6ac	Unassigned	0.5904136092656005
5539541fb8387eb156d78671e6bdc440	ASV30d__Bacteria;p__Proteobacteria;c__Gammaproteobacteria;o__Enterobacterales;f__Enterobacteriaceae;g__Serratia_A;s__Serratia_Afonticola	0.9996138287219659
6fa1be17515a648001a6ae2f58609538	ASV14d__Bacteria;p__Proteobacteria;c__Gammaproteobacteria;o__Pseudomonadales;f__Pseudomonadaceae;g__Pseudomonas_E;s__Pseudomonas_E fluorescens_AP	0.9999999962314803
938ffc0dc216478d8752b8d485129a51	ASV29d__Bacteria;p__Proteobacteria;c__Gammaproteobacteria;o__Enterobacterales;f__Enterobacteriaceae;g__Citrobacter;s__Citrobacter_braakii	0.9997320591271787
869f1901ca1f6b622c81d989db36e5cd	ASV32d__Bacteria;p__Proteobacteria;c__Gammaproteobacteria;o__Burkholderiales;f__Burkholderiaceae;g__Achromobacter;s__	0.9999957839419893
95dbcad5d6a237c89b63d2a74703558a	ASV29d__Bacteria;p__Proteobacteria;c__Gammaproteobacteria;o__Enterobacterales;f__Enterobacteriaceae;g__Citrobacter;s__Citrobacter_braakii	0.9993874614774092
e19609dc214feb9395200532222b0482	ASV2d__Bacteria;p__Bacteroidota;c__Bacteroidia;o__Sphingobacteriales;f__Sphingobacteriaceae;g__Pedobacter;s__	0.9996029583449517
2c482a8d7aa63b7670544e98ed291675	ASV14d__Bacteria;p__Proteobacteria;c__Gammaproteobacteria;o__Pseudomonadales;f__Pseudomonadaceae;g__Pseudomonas_E;s__Pseudomonas_E fluorescens_AP	0.999999998917076
cc5d011050bf84d60f972455664feb9d	ASV29d__Bacteria;p__Proteobacteria;c__Gammaproteobacteria;o__Enterobacterales;f__Enterobacteriaceae;g__Citrobacter;s__Citrobacter_braakii	0.9995693137796663
8f8a9ff541dc0b6e64d07418efe92c92	ASV14d__Bacteria;p__Proteobacteria;c__Gammaproteobacteria;o__Pseudomonadales;f__Pseudomonadaceae;g__Pseudomonas_E;s__Pseudomonas_E fluorescens_AP	0.9999999974607618
cd0b77488cccf2f827fad1cc43ee12ec	ASV5d__Bacteria;p__Proteobacteria;c__Gammaproteobacteria;o__Burkholderiales;f__Chromobacteriaceae;g__Chromobacterium;s__Chromobacteriumsp002213445	0.9996136663594654
eb286b93268ebe5faf5af1a496f0854d	ASV29d__Bacteria;p__Proteobacteria;c__Gammaproteobacteria;o__Enterobacterales;f__Enterobacteriaceae;g__Citrobacter;s__Citrobacter_braakii	0.9991280421286216
3a768bfa46538dca20b8e4852d559b85	ASV29d__Bacteria;p__Proteobacteria;c__Gammaproteobacteria;o__Enterobacterales;f__Enterobacteriaceae;g__Citrobacter;s__Citrobacter_braakii	0.9996886454773182
c70b0fb82097f8b389045102b9302e3c	ASV17d__Bacteria;p__Bacteroidota;c__Bacteroidia;o__Sphingobacteriales;f__Sphingobacteriaceae;g__Pedobacter;s__	0.7278386974895558
bfb39fc105a876e19a32657eaa3bb1e8	ASV29d__Bacteria;p__Proteobacteria;c__Gammaproteobacteria;o__Enterobacterales;f__Enterobacteriaceae;g__Citrobacter;s__Citrobacter_braakii	0.9997365143126714
3fbbc98ddcc2a821bd1d17b9f3cf384f	ASV30d__Bacteria;p__Proteobacteria;c__Gammaproteobacteria;o__Enterobacterales;f__Enterobacteriaceae;g__Serratia_A;s__Serratia_Afonticola	0.9963479243590462
57071f47de28cafc24890905be898793	ASV5d__Bacteria;p__Proteobacteria;c__Gammaproteobacteria;o__Burkholderiales;f__Chromobacteriaceae;g__Chromobacterium;s__Chromobacteriumsp002213445	0.9972850397707618
1d24382e720d01375b17bb09f3ae9599	ASV31d__Bacteria;p__Proteobacteria;c__Gammaproteobacteria;o__Burkholderiales;f__Burkholderiaceae;g__Delftia;s__Delftia_acidovorans	0.9994807333455387
89fa1474a704401b7f38bacabc5ee2e0	ASV34d__Bacteria;p__Bacteroidota;c__Bacteroidia;o__Flavobacteriales;f__Weeksellaceae;g__Elizabethkingia;s__Elizabethkingia_miricola	0.9999999996149143
b87f5b105ad5882b06d1516668ab0a12	ASV14d__Bacteria;p__Proteobacteria;c__Gammaproteobacteria;o__Pseudomonadales;f__Pseudomonadaceae;g__Pseudomonas_E;s__Pseudomonas_E fluorescens_AP	0.9999999871557322
2ec85413321e83e5fe2f48f47154c4bd	ASV31d__Bacteria;p__Proteobacteria;c__Gammaproteobacteria;o__Burkholderiales;f__Burkholderiaceae;g__Delftia;s__Delftia_acidovorans	0.9968668649072235
effbce15fa4f6c35bf735fcb7eb94575	ASV17d__Bacteria;p__Bacteroidota;c__Bacteroidia;o__Sphingobacteriales;f__Sphingobacteriaceae;g__Pedobacter;s__	0.9286317434395884
ab93b54df97c8284795e8bf7f3d2161c	ASV30d__Bacteria;p__Proteobacteria;c__Gammaproteobacteria;o__Enterobacterales;f__Enterobacteriaceae;g__Serratia_A;s__Serratia_Afonticola	0.9995682298225765
dc6d1ae7ee883d8280823b1ee78803a5	ASV9d__Bacteria;p__Proteobacteria;c__Alphaproteobacteria;o__Caulobacterales;f__Caulobacteraceae;g__Brevundimonas;s__	0.9999999837826153
0e80f443da75ebcccd9c6ea9e82e8ade	ASV14d__Bacteria;p__Proteobacteria;c__Gammaproteobacteria;o__Pseudomonadales;f__Pseudomonadaceae;g__Pseudomonas_E;s__Pseudomonas_E fluorescens_AP	0.9999999991900239
baea86de3e8e7e1533638a932de602b1	ASV21d__Bacteria;p__Proteobacteria;c__Gammaproteobacteria;o__Xanthomonadales;f__Rhodanobacteraceae;g__Dyella;s__	0.9999999998387068
305cd750bf9b7d2ea63e4e0083d1b636	ASV28d__Bacteria;p__Bacteroidota;c__Bacteroidia;o__Sphingobacteriales;f__Sphingobacteriaceae;g__Pedobacter;s__	0.9990137764639551
a82eaa5470d5d6442978e3014b280154	ASV22d__Bacteria;p__Proteobacteria;c__Gammaproteobacteria;o__Burkholderiales;f__Burkholderiaceae;g__Paraburkholderia_B;s__	0.9993665505671475
f2427234ce15eef528b8d3d15ee37bf6	ASV10d__Bacteria;p__Proteobacteria;c__Gammaproteobacteria;o__Burkholderiales;f__Burkholderiaceae;g__Comamonas_B;s__	0.9987704289883239
da4388d37fb5b3b9ac6c11544c77aac2	ASV34d__Bacteria;p__Bacteroidota;c__Bacteroidia;o__Flavobacteriales;f__Weeksellaceae;g__Elizabethkingia;s__Elizabethkingia_miricola	0.9999999999376996
c6cba6dacd85ff0a0d935a79bbf76a6b	ASV34d__Bacteria;p__Bacteroidota;c__Bacteroidia;o__Flavobacteriales;f__Weeksellaceae;g__Elizabethkingia;s__Elizabethkingia_miricola	0.999999999492232
9a38d0f0d2f9664aa9a38d6d7aa19698	ASV22d__Bacteria;p__Proteobacteria;c__Gammaproteobacteria;o__Burkholderiales;f__Burkholderiaceae;g__Paraburkholderia_B;s__	0.9972078120430098
969631d34436ba1b321df408a25c126e	ASV14d__Bacteria;p__Proteobacteria;c__Gammaproteobacteria;o__Pseudomonadales;f__Pseudomonadaceae;g__Pseudomonas_E;s__Pseudomonas_E fluorescens_AP	0.9999999993621316
d53967545c0db0b26c6a59cb613edea0	ASV29d__Bacteria;p__Proteobacteria;c__Gammaproteobacteria;o__Enterobacterales;f__Enterobacteriaceae;g__Citrobacter;s__Citrobacter_braakii	0.999877318622857
fdf19212534f0c0a74927e9175366b0d	ASV29d__Bacteria;p__Proteobacteria;c__Gammaproteobacteria;o__Enterobacterales;f__Enterobacteriaceae;g__Citrobacter;s__Citrobacter_braakii	0.9995391909707242
798c151bbbb24907414f8e9a786c6b42	ASV29d__Bacteria;p__Proteobacteria;c__Gammaproteobacteria;o__Enterobacterales;f__Enterobacteriaceae;g__Citrobacter;s__Citrobacter_braakii	0.9996090483548222
7a83ece54bc58b8b46d273d8dc7cf553	ASV14d__Bacteria;p__Proteobacteria;c__Gammaproteobacteria;o__Pseudomonadales;f__Pseudomonadaceae;g__Pseudomonas_E;s__Pseudomonas_E fluorescens_AP	0.9999999998906901
ef6a9de1704445e60df385a79e61b53a	ASV17d__Bacteria;p__Bacteroidota;c__Bacteroidia;o__Sphingobacteriales;f__Sphingobacteriaceae;g__Pedobacter;s__	0.940748696136541
1161b1c5965eccf6bf7a005cefd4d4a8	ASV34d__Bacteria;p__Bacteroidota;c__Bacteroidia;o__Flavobacteriales;f__Weeksellaceae;g__Elizabethkingia;s__Elizabethkingia_miricola	0.9999999996269082
e5a180e3eeadb887cf997a37c6388d83	ASV34d__Bacteria;p__Bacteroidota;c__Bacteroidia;o__Flavobacteriales;f__Weeksellaceae;g__Elizabethkingia;s__Elizabethkingia_miricola	0.9999999998953939
2bd6a640d0d98fbc2871c5e29c49bdc5	ASV34d__Bacteria;p__Bacteroidota;c__Bacteroidia;o__Flavobacteriales;f__Weeksellaceae;g__Elizabethkingia;s__Elizabethkingia_miricola	0.9999999993768114
63f42181d0631d91a00c25be008aa3f7	ASV14d__Bacteria;p__Proteobacteria;c__Gammaproteobacteria;o__Pseudomonadales;f__Pseudomonadaceae;g__Pseudomonas_E;s__Pseudomonas_E fluorescens_AP	0.9999999990861852
c21e8f7eb9cfd88d6995a40d52888ecc	ASV10d__Bacteria;p__Proteobacteria;c__Gammaproteobacteria;o__Burkholderiales;f__Burkholderiaceae;g__Comamonas_B;s__	0.9979280946474814
44a6b71e777282175a1642e8d0292891	ASV14d__Bacteria;p__Proteobacteria;c__Gammaproteobacteria;o__Pseudomonadales;f__Pseudomonadaceae;g__Pseudomonas_E;s__Pseudomonas_E fluorescens_AP	0.9999999994723225
7b39acb0bfe9f85b3b4063c6eddbb761	ASV30d__Bacteria;p__Proteobacteria;c__Gammaproteobacteria;o__Enterobacterales;f__Enterobacteriaceae;g__Serratia_A;s__Serratia_Afonticola	0.9995388389113037
09073380c45d4dc7b7a9d561a8de86f3	ASV29d__Bacteria;p__Proteobacteria;c__Gammaproteobacteria;o__Enterobacterales;f__Enterobacteriaceae;g__Citrobacter;s__Citrobacter_braakii	0.9998626036157134
25fc76eedfb92f5c8f533789374cd75c	ASV30d__Bacteria;p__Proteobacteria;c__Gammaproteobacteria;o__Enterobacterales;f__Enterobacteriaceae;g__Serratia_A;s__Serratia_Afonticola	0.9997801063426003
aaccae8e6cefeb5c8887b042f87464b5	ASV10d__Bacteria;p__Proteobacteria;c__Gammaproteobacteria;o__Burkholderiales;f__Burkholderiaceae;g__Comamonas_B;s__	0.996015317022909
e7be0808d1686b1f63d96a1c391bfc55	ASV10d__Bacteria;p__Proteobacteria;c__Gammaproteobacteria;o__Burkholderiales;f__Burkholderiaceae;g__Comamonas_B;s__	0.9949665992603922
23f4434839764041a45f4c9e89c082a8	ASV32d__Bacteria;p__Proteobacteria;c__Gammaproteobacteria;o__Burkholderiales;f__Burkholderiaceae;g__Achromobacter;s__	0.9999976921287071
8f1d24defb40b60478d5c23f347cdef1	ASV14d__Bacteria;p__Proteobacteria;c__Gammaproteobacteria;o__Pseudomonadales;f__Pseudomonadaceae;g__Pseudomonas_E;s__Pseudomonas_E fluorescens_AP	0.9999999992761701
7f946c1f27c06733437d9e7e2defbbf8	Unassigned	0.7815414381936122
90696f879d9e691fefc532c7c78b533b	ASV8d__Bacteria;p__Proteobacteria;c__Alphaproteobacteria;o__Rhizobiales;f__Rhizobiaceae;g__Rhizobium;s__	0.9999999768791243
e643fc3af65ea9cbb3baedc24a9ab677	ASV31d__Bacteria;p__Proteobacteria;c__Gammaproteobacteria;o__Burkholderiales;f__Burkholderiaceae;g__Delftia;s__Delftia_acidovorans	0.9990263413080863
6faba2db5bf8c4389b711af4f1514af2	ASV2d__Bacteria;p__Bacteroidota;c__Bacteroidia;o__Sphingobacteriales;f__Sphingobacteriaceae;g__Pedobacter;s__	0.9997713079780893
af67f67bc38831faec96ba27d7fb9f31	ASV14d__Bacteria;p__Proteobacteria;c__Gammaproteobacteria;o__Pseudomonadales;f__Pseudomonadaceae;g__Pseudomonas_E;s__Pseudomonas_E fluorescens_AP	0.9999999996923634
7e1927cc4a3f6a5f9035a355de3d819b	ASV14d__Bacteria;p__Proteobacteria;c__Gammaproteobacteria;o__Pseudomonadales;f__Pseudomonadaceae;g__Pseudomonas_E;s__Pseudomonas_E fluorescens_AP	0.9999999939305155
d1a39af2da49e41b8154f75bc433fbd6	ASV17d__Bacteria;p__Bacteroidota;c__Bacteroidia;o__Sphingobacteriales;f__Sphingobacteriaceae;g__Pedobacter;s__	0.863496420134293
260bae1cd68de66faaaa923ff5913de6	ASV34d__Bacteria;p__Bacteroidota;c__Bacteroidia;o__Flavobacteriales;f__Weeksellaceae;g__Elizabethkingia;s__Elizabethkingia_miricola	0.9999999990478727
3a503164e513a7ccf1afa0ef9bf0316c	ASV34d__Bacteria;p__Bacteroidota;c__Bacteroidia;o__Flavobacteriales;f__Weeksellaceae;g__Elizabethkingia;s__Elizabethkingia_miricola	0.9999999999774758
7667bbe7b315fd1a7445f5af70533b14	ASV14d__Bacteria;p__Proteobacteria;c__Gammaproteobacteria;o__Pseudomonadales;f__Pseudomonadaceae;g__Pseudomonas_E;s__Pseudomonas_E fluorescens_AP	0.999999999738364
56a655a70610c55a58fd30e9f9f7e887	ASV2d__Bacteria;p__Bacteroidota;c__Bacteroidia;o__Sphingobacteriales;f__Sphingobacteriaceae;g__Pedobacter;s__	0.9984177059407657
42c1cac7a8dce6f77f13619fe48cb10a	ASV34d__Bacteria;p__Bacteroidota;c__Bacteroidia;o__Flavobacteriales;f__Weeksellaceae;g__Elizabethkingia;s__Elizabethkingia_miricola	0.9999999999634781
268c4e6e6ffb9c7b7acd3549485a9393	ASV5d__Bacteria;p__Proteobacteria;c__Gammaproteobacteria;o__Burkholderiales;f__Chromobacteriaceae;g__Chromobacterium;s__Chromobacteriumsp002213445	0.9998094817751338
a60d5f5b7eefafab0ae3b3eb6f293eb8	ASV14d__Bacteria;p__Proteobacteria;c__Gammaproteobacteria;o__Pseudomonadales;f__Pseudomonadaceae;g__Pseudomonas_E;s__Pseudomonas_E fluorescens_AP	0.9999999979737595
0fc4cfe638f76f2410dd3b3d89ac413f	ASV7d__Bacteria;p__Proteobacteria;c__Gammaproteobacteria;o__Burkholderiales;f__Burkholderiaceae;g__Herbaspirillum;s__	0.9995426028653485
709542e22ec54e9aa11c4d6da04bb035	ASV5d__Bacteria;p__Proteobacteria;c__Gammaproteobacteria;o__Burkholderiales;f__Chromobacteriaceae;g__Chromobacterium;s__Chromobacteriumsp002213445	0.997654178596479
96ae92981bfd1ef1a7cb96f2104c3311	ASV14d__Bacteria;p__Proteobacteria;c__Gammaproteobacteria;o__Pseudomonadales;f__Pseudomonadaceae;g__Pseudomonas_E;s__Pseudomonas_E fluorescens_AP	0.9999999993613358
d381347bdcae055adef7ac914efb5699	ASV34d__Bacteria;p__Bacteroidota;c__Bacteroidia;o__Flavobacteriales;f__Weeksellaceae;g__Elizabethkingia;s__Elizabethkingia_miricola	0.9999999998652527
d89394b596a40552042725275fb15a8e	ASV34d__Bacteria;p__Bacteroidota;c__Bacteroidia;o__Flavobacteriales;f__Weeksellaceae;g__Elizabethkingia;s__Elizabethkingia_miricola	0.9999999992332391
5d27f078232e1d9969e12a475a674bb4	ASV14d__Bacteria;p__Proteobacteria;c__Gammaproteobacteria;o__Pseudomonadales;f__Pseudomonadaceae;g__Pseudomonas_E;s__Pseudomonas_E fluorescens_AP	0.9999999993703454
4a3dfdd3c09c22a3deff26ccbf9715f7	ASV32d__Bacteria;p__Proteobacteria;c__Gammaproteobacteria;o__Burkholderiales;f__Burkholderiaceae;g__Achromobacter;s__	0.9999984830853913
e2d7414b731dd3b593771dece53fd191	ASV34d__Bacteria;p__Bacteroidota;c__Bacteroidia;o__Flavobacteriales;f__Weeksellaceae;g__Elizabethkingia;s__Elizabethkingia_miricola	0.9999999999673435
62641a2a9012a9dfc8177dc0582772de	ASV14d__Bacteria;p__Proteobacteria;c__Gammaproteobacteria;o__Pseudomonadales;f__Pseudomonadaceae;g__Pseudomonas_E;s__Pseudomonas_E fluorescens_AP	0.9999999877570788
d135ac6dfc21abbb92421d3f887605b2	ASV5d__Bacteria;p__Proteobacteria;c__Gammaproteobacteria;o__Burkholderiales;f__Chromobacteriaceae;g__Chromobacterium;s__Chromobacteriumsp002213445	0.9993905070020497
488571545840948f49a4cd6d5929a565	ASV30d__Bacteria;p__Proteobacteria;c__Gammaproteobacteria;o__Enterobacterales;f__Enterobacteriaceae;g__Serratia_A;s__Serratia_Afonticola	0.9976163965073258
972632e0a12a5f6098e2d64d138a2fd2	ASV8d__Bacteria;p__Proteobacteria;c__Alphaproteobacteria;o__Rhizobiales;f__Rhizobiaceae;g__Rhizobium;s__	0.9999984623182768
d88eae1edbfaac43004d7821f940011c	ASV32d__Bacteria;p__Proteobacteria;c__Gammaproteobacteria;o__Burkholderiales;f__Burkholderiaceae;g__Achromobacter;s__	0.9999983329564057
39f71108dc99fda1b3266ab84da23d40	ASV29d__Bacteria;p__Proteobacteria;c__Gammaproteobacteria;o__Enterobacterales;f__Enterobacteriaceae;g__Citrobacter;s__Citrobacter_braakii	0.9996272568155595
16b1cb1ee20f28c8b23e117b1cb95ab9	ASV14d__Bacteria;p__Proteobacteria;c__Gammaproteobacteria;o__Pseudomonadales;f__Pseudomonadaceae;g__Pseudomonas_E;s__Pseudomonas_E fluorescens_AP	0.9999999966313311
a3bd5ae75f2224a8703735ea115bdeb1	ASV16d__Bacteria;p__Proteobacteria;c__Gammaproteobacteria;o__Burkholderiales;f__Chromobacteriaceae;g__Aquitalea;s__	0.9907761184571721
000f63fcf7253e90b7ab6b1cfe81c3c2	Unassigned	0.7418656012978186
b1f2706a9fcc8b2cb293f42f4961344b	Unassigned	0.6152457885003945
23b3b85d7af9eaed014d8007ccb6f589	Unassigned	0.874672709286747
a810eb6e25aadeed3ef503bb4e6511de	X391_Actinobacteria;Actinomycetales;Microbacteriaceae;Leifsonia	0.9999495967550792
9d88acce7b2f13b58bf95d2f17ec8c2f	Unassigned	0.4939089301947478
d6eeef70407740ff26f233883d8cf428	Unassigned	0.7511652584635582
3b1f41b776632717429f27ccd309abcb	Unassigned	0.8807419973788722
b1a9f78c61f389b43d5509fbfd9c18ce	Unassigned	0.7462979595726751
1162fb73f35fca76632532f5ff1b2bd0	ASV28d__Bacteria;p__Bacteroidota;c__Bacteroidia;o__Sphingobacteriales;f__Sphingobacteriaceae;g__Pedobacter;s__	0.9988667544432942
64b82b5fd4a14063140d0d2c1e0998ba	X391_Actinobacteria;Actinomycetales;Microbacteriaceae;Leifsonia	0.9999999999998579
9a5506de4536833fe2b810fca98dbde3	ASV34d__Bacteria;p__Bacteroidota;c__Bacteroidia;o__Flavobacteriales;f__Weeksellaceae;g__Elizabethkingia;s__Elizabethkingia_miricola	0.9999999999314326
dbcdaca3ee9e9fe75d8829e87b8551dc	ASV7d__Bacteria;p__Proteobacteria;c__Gammaproteobacteria;o__Burkholderiales;f__Burkholderiaceae;g__Herbaspirillum;s__	0.7781351159047947
a930005dedc955d8eb8dad056fdaba5a	Unassigned	0.5073071619433338
ef3c8dac6326f46877d38e43f4535037	Unassigned	0.8454994810062115
2d520b68cc37b516612e1698a2379430	Unassigned	0.6437816053460839
0d5256f05dc181e017522b7c9fb493eb	ASV34d__Bacteria;p__Bacteroidota;c__Bacteroidia;o__Flavobacteriales;f__Weeksellaceae;g__Elizabethkingia;s__Elizabethkingia_miricola	0.9999999999678977
d8a97df9304428c3ff3f64a65ca1baa0	Unassigned	0.7861225895614153
ae9dbc279385521430afe3907d94e0e5	Unassigned	0.7491467492825188
ada1858bad4d0e4794c8a869906a4490	Unassigned	0.8600314035335878
f007daa407e4c86f87e9a3badf44948a	ASV34d__Bacteria;p__Bacteroidota;c__Bacteroidia;o__Flavobacteriales;f__Weeksellaceae;g__Elizabethkingia;s__Elizabethkingia_miricola	0.9999999999333227
98d2dd0619f7d1fc4cea5dbd823a2639	ASV5d__Bacteria;p__Proteobacteria;c__Gammaproteobacteria;o__Burkholderiales;f__Chromobacteriaceae;g__Chromobacterium;s__Chromobacteriumsp002213445	0.9992684997483121
c0eb615af23142a33892b63fafb64207	ASV31d__Bacteria;p__Proteobacteria;c__Gammaproteobacteria;o__Burkholderiales;f__Burkholderiaceae;g__Delftia;s__Delftia_acidovorans	0.9998270871333386
788f25f5d2439e3288fb5d5df29dd0c3	ASV5d__Bacteria;p__Proteobacteria;c__Gammaproteobacteria;o__Burkholderiales;f__Chromobacteriaceae;g__Chromobacterium;s__Chromobacteriumsp002213445	0.9970604423441306
28dc87cc565f3f4d6a182ff5a03e6a18	ASV34d__Bacteria;p__Bacteroidota;c__Bacteroidia;o__Flavobacteriales;f__Weeksellaceae;g__Elizabethkingia;s__Elizabethkingia_miricola	0.9999999984058405
5419a06fef35eb7b4bb326cd15845475	ASV29d__Bacteria;p__Proteobacteria;c__Gammaproteobacteria;o__Enterobacterales;f__Enterobacteriaceae;g__Citrobacter;s__Citrobacter_braakii	0.9994506892897207
5834a3c50483561cb2bd7ed5c9a67e33	Unassigned	0.8631761125354408
ec34a3b0663094779b57d41939b62813	Unassigned	0.838413211510988
1b08d313321d04ff395c0d2a798b2644	Unassigned	0.8193706029183865
587732cc4252881d03fa2d5c03acf302	Unassigned	0.7863547198985743
758ebcceb3dba14c12171822d2f9bafb	Unassigned	0.7873539006089079
e830d6bb8f8e3cae518bbf5d03b8d603	Unassigned	0.6820017048441465
ef4d37df4a1312b5c6f5e318ae0e40ca	Unassigned	0.7839639814086832
abc896a4794f36347ee9950910eec598	Unassigned	0.7851115452844701
3c5f4244db7b23f9b955fca57f644b15	Unassigned	0.8638669795510803
a9e00353ab3d1ff4d43683c9df2bba09	Unassigned	0.8547460044567112
bc7bfd6fcf3d0973a66a8ece60584f18	Unassigned	0.8915196360291947
6399392a99a513435795ea43327d2b7b	Unassigned	0.7287649142162145
3a0d3de1aed6834fb26f82a9f90d157b	Unassigned	0.71400387945648
029ff5da2d7ca0c3bda5eff4004ea858	Unassigned	0.8219534273383762
042fa36d50c6fe9db35cd4a1d1171cb8	Unassigned	0.8204986853973844
fc6622c636a5210293fb2873fc4761d9	ASV8d__Bacteria;p__Proteobacteria;c__Alphaproteobacteria;o__Rhizobiales;f__Rhizobiaceae;g__Rhizobium;s__	0.9998984439637029
9852a93ad901f5f617f5e7e9b40d402e	ASV17d__Bacteria;p__Bacteroidota;c__Bacteroidia;o__Sphingobacteriales;f__Sphingobacteriaceae;g__Pedobacter;s__	0.9755502774822661
1309a4b5081e201b839e9832b528ab47	ASV34d__Bacteria;p__Bacteroidota;c__Bacteroidia;o__Flavobacteriales;f__Weeksellaceae;g__Elizabethkingia;s__Elizabethkingia_miricola	0.9999999998354667
bcd7b47079c6a7b895443a42d3289361	X391_Actinobacteria;Actinomycetales;Microbacteriaceae;Leifsonia	0.9999999999970157
eac9097e4f6b4802a640df15ab31d149	X263_Sphingobacteriia;Sphingobacteriales;Chitinophagaceae; Chitinophaga	0.9999999989819202
da4d052460adb05b7cba28439ac654e9	ASV22d__Bacteria;p__Proteobacteria;c__Gammaproteobacteria;o__Burkholderiales;f__Burkholderiaceae;g__Paraburkholderia_B;s__	0.9992698704694063
f734f6f1945b824683a3923ca839c825	ASV17d__Bacteria;p__Bacteroidota;c__Bacteroidia;o__Sphingobacteriales;f__Sphingobacteriaceae;g__Pedobacter;s__	0.9775355492246716
b04af5c75d2916e39cd1efd2c56dd2c3	ASV16d__Bacteria;p__Proteobacteria;c__Gammaproteobacteria;o__Burkholderiales;f__Chromobacteriaceae;g__Aquitalea;s__	0.9940276203474111
eb179df052128c0e1a30b8770b06d7fb	ASV31d__Bacteria;p__Proteobacteria;c__Gammaproteobacteria;o__Burkholderiales;f__Burkholderiaceae;g__Delftia;s__Delftia_acidovorans	0.9995830017249293
e4ad1b2c55f81780b6d0e3317c393da9	ASV9d__Bacteria;p__Proteobacteria;c__Alphaproteobacteria;o__Caulobacterales;f__Caulobacteraceae;g__Brevundimonas;s__	0.9999999934937591
5cd5f5c187e6ffe42a891e93a87ddab2	ASV14d__Bacteria;p__Proteobacteria;c__Gammaproteobacteria;o__Pseudomonadales;f__Pseudomonadaceae;g__Pseudomonas_E;s__Pseudomonas_E fluorescens_AP	0.9999999990897663
733e205b1f3067169e691650378c77df	ASV16d__Bacteria;p__Proteobacteria;c__Gammaproteobacteria;o__Burkholderiales;f__Chromobacteriaceae;g__Aquitalea;s__	0.9916270725025751
3c5ea79dce7db0b506f7ec08d84cd8e9	ASV17d__Bacteria;p__Bacteroidota;c__Bacteroidia;o__Sphingobacteriales;f__Sphingobacteriaceae;g__Pedobacter;s__	0.9673502599459736
35d67beeabc3c65a7ba95b49f6a4a23d	ASV5d__Bacteria;p__Proteobacteria;c__Gammaproteobacteria;o__Burkholderiales;f__Chromobacteriaceae;g__Chromobacterium;s__Chromobacteriumsp002213445	0.9995436310011475
77e2cc3bb4b1906619989ff416c53a6b	ASV17d__Bacteria;p__Bacteroidota;c__Bacteroidia;o__Sphingobacteriales;f__Sphingobacteriaceae;g__Pedobacter;s__	0.9267560700120939
b29cc3f0c647a2aaa1cdc6f6f463a15d	ASV28d__Bacteria;p__Bacteroidota;c__Bacteroidia;o__Sphingobacteriales;f__Sphingobacteriaceae;g__Pedobacter;s__	0.9986282649257864
72a13e3f5706b244aced9b5b0fb28ac9	ASV14d__Bacteria;p__Proteobacteria;c__Gammaproteobacteria;o__Pseudomonadales;f__Pseudomonadaceae;g__Pseudomonas_E;s__Pseudomonas_E fluorescens_AP	0.9999999996451834
e18bb83dca7ddfe494855abe2ffc14a7	ASV21d__Bacteria;p__Proteobacteria;c__Gammaproteobacteria;o__Xanthomonadales;f__Rhodanobacteraceae;g__Dyella;s__	0.9999999991461834
13c444f6323fcf00fe8a11a54228053d	ASV10d__Bacteria;p__Proteobacteria;c__Gammaproteobacteria;o__Burkholderiales;f__Burkholderiaceae;g__Comamonas_B;s__	0.9989885897571487
54b0d141f69589f9198b4dbf4ad69506	ASV34d__Bacteria;p__Bacteroidota;c__Bacteroidia;o__Flavobacteriales;f__Weeksellaceae;g__Elizabethkingia;s__Elizabethkingia_miricola	0.9999999999154028
5790863990efd1e907a333eba6aae81b	ASV2d__Bacteria;p__Bacteroidota;c__Bacteroidia;o__Sphingobacteriales;f__Sphingobacteriaceae;g__Pedobacter;s__	0.9995221889190654
e015552b6e0963ea306bcaa631a0c5e3	ASV14d__Bacteria;p__Proteobacteria;c__Gammaproteobacteria;o__Pseudomonadales;f__Pseudomonadaceae;g__Pseudomonas_E;s__Pseudomonas_E fluorescens_AP	0.9999999998094893
db08ac8feeeb4456fd034f6837c76257	ASV16d__Bacteria;p__Proteobacteria;c__Gammaproteobacteria;o__Burkholderiales;f__Chromobacteriaceae;g__Aquitalea;s__	0.978339192336033
1068627ea5da4b90dd247dfed958be14	ASV32d__Bacteria;p__Proteobacteria;c__Gammaproteobacteria;o__Burkholderiales;f__Burkholderiaceae;g__Achromobacter;s__	0.9999991931655203
bb0551f6347a7b37e953e839b5c9a882	ASV14d__Bacteria;p__Proteobacteria;c__Gammaproteobacteria;o__Pseudomonadales;f__Pseudomonadaceae;g__Pseudomonas_E;s__Pseudomonas_E fluorescens_AP	0.9999999985524113
fe0385feca8057c2e3752b20229eafff	Unassigned	0.858543828067915
1258ce2b70d57961a15f852332320e08	Unassigned	0.4543817149466153
45420e69608c250cbaf3311e0f08984c	Unassigned	0.7024810177231573
3db9bebb1eab14141d2e0e3e99940778	Unassigned	0.8747487539262739
651074a1faee5c16dcf06de3c245c4fe	Unassigned	0.8102322364218137
726fee213db7ca9504c636a3b68621fe	ASV17d__Bacteria;p__Bacteroidota;c__Bacteroidia;o__Sphingobacteriales;f__Sphingobacteriaceae;g__Pedobacter;s__	0.9743946866334107
00c8e79040583fc3752e2b0d28e845c6	ASV31d__Bacteria;p__Proteobacteria;c__Gammaproteobacteria;o__Burkholderiales;f__Burkholderiaceae;g__Delftia;s__Delftia_acidovorans	0.9991758766121775
3bfc1d34bd230afa2976fd213df911f6	ASV11d__Bacteria;p__Proteobacteria;c__Gammaproteobacteria;o__Burkholderiales;f__Chromobacteriaceae;g__Aquitalea;s__Aquitaleapelogenes	0.9943419186439707
c2f4f8ab8a0022c83f62358cce093a00	ASV31d__Bacteria;p__Proteobacteria;c__Gammaproteobacteria;o__Burkholderiales;f__Burkholderiaceae;g__Delftia;s__Delftia_acidovorans	0.9990999226071808
59cd966d5b314dad4766a9fabbfa37a0	ASV17d__Bacteria;p__Bacteroidota;c__Bacteroidia;o__Sphingobacteriales;f__Sphingobacteriaceae;g__Pedobacter;s__	0.9741386303593497
4341647e783d48fc6fc43605b0dabc3f	ASV17d__Bacteria;p__Bacteroidota;c__Bacteroidia;o__Sphingobacteriales;f__Sphingobacteriaceae;g__Pedobacter;s__	0.9764271453900901
1d88ee67a02d0da33afe244e0b36637a	ASV9d__Bacteria;p__Proteobacteria;c__Alphaproteobacteria;o__Caulobacterales;f__Caulobacteraceae;g__Brevundimonas;s__	0.9999999717716723
0f5734a21db59ef937ae986ff545f3e4	X263_Sphingobacteriia;Sphingobacteriales;Chitinophagaceae; Chitinophaga	0.9999999999689493
36b66e2cfc449de4ae67814a4a382c7d	ASV17d__Bacteria;p__Bacteroidota;c__Bacteroidia;o__Sphingobacteriales;f__Sphingobacteriaceae;g__Pedobacter;s__	0.9703808321267872
809e97f3b297472a4cfd800ec03e7fcb	ASV17d__Bacteria;p__Bacteroidota;c__Bacteroidia;o__Sphingobacteriales;f__Sphingobacteriaceae;g__Pedobacter;s__	0.97285409534045
af260391aa368d24a830cc3cd623fbf0	ASV34d__Bacteria;p__Bacteroidota;c__Bacteroidia;o__Flavobacteriales;f__Weeksellaceae;g__Elizabethkingia;s__Elizabethkingia_miricola	0.99999999990888
d4d20e8bf6dfb61190951e6e11d9c798	ASV8d__Bacteria;p__Proteobacteria;c__Alphaproteobacteria;o__Rhizobiales;f__Rhizobiaceae;g__Rhizobium;s__	0.9999998029320433
97bcc9052b095b4e74c69efd3853c94f	ASV32d__Bacteria;p__Proteobacteria;c__Gammaproteobacteria;o__Burkholderiales;f__Burkholderiaceae;g__Achromobacter;s__	0.9999984841529943
8e8a9ddea9c66c579979d7a9e0e1ed08	ASV28d__Bacteria;p__Bacteroidota;c__Bacteroidia;o__Sphingobacteriales;f__Sphingobacteriaceae;g__Pedobacter;s__	0.9989786425847623
abd037bc976521682e773e8b7567d1e0	ASV17d__Bacteria;p__Bacteroidota;c__Bacteroidia;o__Sphingobacteriales;f__Sphingobacteriaceae;g__Pedobacter;s__	0.9806158429238584
cdf6d4da21d2ca810130f15946c6e632	ASV2d__Bacteria;p__Bacteroidota;c__Bacteroidia;o__Sphingobacteriales;f__Sphingobacteriaceae;g__Pedobacter;s__	0.9996575763529133
dcff4cb5c932d8913793378794408c5d	X263_Sphingobacteriia;Sphingobacteriales;Chitinophagaceae; Chitinophaga	0.9999999998990603
a6e8fa51d162eeb0a2b7da1665a350ef	X263_Sphingobacteriia;Sphingobacteriales;Chitinophagaceae; Chitinophaga	0.999999999968125
3f50995c9084ef21abd14acf1e237c4b	ASV29d__Bacteria;p__Proteobacteria;c__Gammaproteobacteria;o__Enterobacterales;f__Enterobacteriaceae;g__Citrobacter;s__Citrobacter_braakii	0.9998465704663563
f7b41ed3408440d99385a3587f4479d5	ASV34d__Bacteria;p__Bacteroidota;c__Bacteroidia;o__Flavobacteriales;f__Weeksellaceae;g__Elizabethkingia;s__Elizabethkingia_miricola	0.9999999999538431
8ef5faf5e4f72734c30f86407534c857	ASV29d__Bacteria;p__Proteobacteria;c__Gammaproteobacteria;o__Enterobacterales;f__Enterobacteriaceae;g__Citrobacter;s__Citrobacter_braakii	0.9978931336107221
1b3e1e5d9ba175c819711a9648be77b9	ASV34d__Bacteria;p__Bacteroidota;c__Bacteroidia;o__Flavobacteriales;f__Weeksellaceae;g__Elizabethkingia;s__Elizabethkingia_miricola	0.9999999999521094
e2d115bd7499f99e0de812360de29a91	ASV29d__Bacteria;p__Proteobacteria;c__Gammaproteobacteria;o__Enterobacterales;f__Enterobacteriaceae;g__Citrobacter;s__Citrobacter_braakii	0.9998817840325512
1e48f3ffeccc32aa8c6bf773d109d535	ASV29d__Bacteria;p__Proteobacteria;c__Gammaproteobacteria;o__Enterobacterales;f__Enterobacteriaceae;g__Citrobacter;s__Citrobacter_braakii	0.99968583213527
7dcef0d67d4431148789230f385eee13	ASV17d__Bacteria;p__Bacteroidota;c__Bacteroidia;o__Sphingobacteriales;f__Sphingobacteriaceae;g__Pedobacter;s__	0.7977537372281499
7e74f6dc101c3e12564296e3477f3cd8	ASV14d__Bacteria;p__Proteobacteria;c__Gammaproteobacteria;o__Pseudomonadales;f__Pseudomonadaceae;g__Pseudomonas_E;s__Pseudomonas_E fluorescens_AP	0.9999999984864303
212c6bc347bd1e70df293d65cadbe35b	ASV10d__Bacteria;p__Proteobacteria;c__Gammaproteobacteria;o__Burkholderiales;f__Burkholderiaceae;g__Comamonas_B;s__	0.9973031959597433
8c01bb5dd902455bb3bbdf7436d34123	Unassigned	0.8315566823377586
4c83c00422af1182e245a8cf49498dfd	ASV29d__Bacteria;p__Proteobacteria;c__Gammaproteobacteria;o__Enterobacterales;f__Enterobacteriaceae;g__Citrobacter;s__Citrobacter_braakii	0.9998548521052721
4cfbda4d0ce04de95f6029b68e0cbeb2	ASV34d__Bacteria;p__Bacteroidota;c__Bacteroidia;o__Flavobacteriales;f__Weeksellaceae;g__Elizabethkingia;s__Elizabethkingia_miricola	0.9999999998039328
90368ae16e6a4c644baf040efb82fdc3	ASV14d__Bacteria;p__Proteobacteria;c__Gammaproteobacteria;o__Pseudomonadales;f__Pseudomonadaceae;g__Pseudomonas_E;s__Pseudomonas_E fluorescens_AP	0.9999999992540296
47b3f5b755c197874d3f0798f0e0dabb	ASV14d__Bacteria;p__Proteobacteria;c__Gammaproteobacteria;o__Pseudomonadales;f__Pseudomonadaceae;g__Pseudomonas_E;s__Pseudomonas_E fluorescens_AP	0.9999999964465758
54ab0b87dfcbcaee5f91fa30eb42d3cd	ASV34d__Bacteria;p__Bacteroidota;c__Bacteroidia;o__Flavobacteriales;f__Weeksellaceae;g__Elizabethkingia;s__Elizabethkingia_miricola	0.999999999982137
9a2afcba989874f14fe5b9e8c408bccd	Unassigned	0.7342273458316765
1e70bba9a7f7993e5cc4c9b173683396	ASV34d__Bacteria;p__Bacteroidota;c__Bacteroidia;o__Flavobacteriales;f__Weeksellaceae;g__Elizabethkingia;s__Elizabethkingia_miricola	0.9999999999263594
bb23d535561c97e1c433cadbca28be1e	X263_Sphingobacteriia;Sphingobacteriales;Chitinophagaceae; Chitinophaga	0.9999999999635918
905f1558a3aa4b5f80ff32d533a15e82	Unassigned	0.8553025750397348
991fba19ddc2f03af322407c01cda9c7	ASV30d__Bacteria;p__Proteobacteria;c__Gammaproteobacteria;o__Enterobacterales;f__Enterobacteriaceae;g__Serratia_A;s__Serratia_Afonticola	0.9943893179923377
762fe19e4ad481348cf70779f4fa3e6b	Unassigned	0.7445348263544906
ceb2edd04762a484dc7b0b9978e2b494	Unassigned	0.8645029926023311
9bf16c120bea4918dbe223707076589d	Unassigned	0.7894288067572848
e2a01c4ace6c83ce43592879c48def7c	Unassigned	0.8045961301505071
24eb1e90d6adf8eec14747a60a0cf74c	ASV32d__Bacteria;p__Proteobacteria;c__Gammaproteobacteria;o__Burkholderiales;f__Burkholderiaceae;g__Achromobacter;s__	0.9999994305566333
bdd78447a43aa750aac6c88c2d5aef75	ASV32d__Bacteria;p__Proteobacteria;c__Gammaproteobacteria;o__Burkholderiales;f__Burkholderiaceae;g__Achromobacter;s__	0.9999979883595299
790ef1d7f0c11759c5d05f454e91319c	ASV11d__Bacteria;p__Proteobacteria;c__Gammaproteobacteria;o__Burkholderiales;f__Chromobacteriaceae;g__Aquitalea;s__Aquitaleapelogenes	0.9963919205995311
7ec4f1963c1f990995ca51c9cfe83836	ASV34d__Bacteria;p__Bacteroidota;c__Bacteroidia;o__Flavobacteriales;f__Weeksellaceae;g__Elizabethkingia;s__Elizabethkingia_miricola	0.9999999999093632
12d8c1634a130011eb85c28cb5a88724	Unassigned	0.8829099931916442
69bc546696be4587b44d42357fbf1096	Unassigned	0.4012279312605831
1b028f0017ed18da48301ae220745e33	Unassigned	0.800573469809561
1cbf10a012cc223dbc1cc0c0b898f6e7	Unassigned	0.8125633985752887
2e633980d82d03f6e40c2d03ba4a75db	Unassigned	0.6302046275342226
de5c9e3b8735f52204faaa1339c121f4	Unassigned	0.8688491613095286
d3a58d32cb6c35f7b6060ddbb0aa40e9	Unassigned	0.8805096998718028
fe24d2c4f1caebb9fb1dba2c5a2aaa9f	Unassigned	0.783737013544577
170b3d15c9a6c10023aa9e5cdd8646b3	Unassigned	0.8407536242021906
22013dfa097fdb9e122860598052fa83	Unassigned	0.7499891471118403
56468673fe840a2506c242e137e73d78	Unassigned	0.778107926304682
4d796feecbd9696922a031ad218380f7	Unassigned	0.8585182720051675
e9b9f3826648fa6bcde1da5693c60d8f	Unassigned	0.6159632944145454
0018eef729243c95ba65d8fdd8125164	Unassigned	0.7856650025815259
ad134c87ca7c57b8f7e623cfac27f6a0	Unassigned	0.832440595328308
54beeca3129ddc29ac9eab37e3c53624	ASV29d__Bacteria;p__Proteobacteria;c__Gammaproteobacteria;o__Enterobacterales;f__Enterobacteriaceae;g__Citrobacter;s__Citrobacter_braakii	0.9998301931369595
efcf06bad153b6d988b57227224f7264	ASV32d__Bacteria;p__Proteobacteria;c__Gammaproteobacteria;o__Burkholderiales;f__Burkholderiaceae;g__Achromobacter;s__	0.9999988335862876
3087ca38a3f8ae610a6b46fc2fec82cb	ASV30d__Bacteria;p__Proteobacteria;c__Gammaproteobacteria;o__Enterobacterales;f__Enterobacteriaceae;g__Serratia_A;s__Serratia_Afonticola	0.9992511507366492
d5c601abab9bc354fd6e5f5c6d4ba43b	ASV32d__Bacteria;p__Proteobacteria;c__Gammaproteobacteria;o__Burkholderiales;f__Burkholderiaceae;g__Achromobacter;s__	0.9999989173306608
c8c66c7a397219578821204984fc5f8e	ASV29d__Bacteria;p__Proteobacteria;c__Gammaproteobacteria;o__Enterobacterales;f__Enterobacteriaceae;g__Citrobacter;s__Citrobacter_braakii	0.9998804803994192
ad79226f08344b5b78209ee1be79c3ac	ASV10d__Bacteria;p__Proteobacteria;c__Gammaproteobacteria;o__Burkholderiales;f__Burkholderiaceae;g__Comamonas_B;s__	0.9929710785000899
3fe7bfdc7146d3bcc5291b902fbe2f62	ASV32d__Bacteria;p__Proteobacteria;c__Gammaproteobacteria;o__Burkholderiales;f__Burkholderiaceae;g__Achromobacter;s__	0.9999995135975485
5b39637de5015ccb74626b03b928afd4	ASV30d__Bacteria;p__Proteobacteria;c__Gammaproteobacteria;o__Enterobacterales;f__Enterobacteriaceae;g__Serratia_A;s__Serratia_Afonticola	0.9994097036250281
63e55592cad3095567508488c0547c59	ASV34d__Bacteria;p__Bacteroidota;c__Bacteroidia;o__Flavobacteriales;f__Weeksellaceae;g__Elizabethkingia;s__Elizabethkingia_miricola	0.9999999998001954
c0c65f92d8e4fed2ecbde043a520dab6	ASV29d__Bacteria;p__Proteobacteria;c__Gammaproteobacteria;o__Enterobacterales;f__Enterobacteriaceae;g__Citrobacter;s__Citrobacter_braakii	0.9986570579901054
599aa7b54b676cdab8255685c9cfadb8	ASV29d__Bacteria;p__Proteobacteria;c__Gammaproteobacteria;o__Enterobacterales;f__Enterobacteriaceae;g__Citrobacter;s__Citrobacter_braakii	0.9998704044728528
ab3bf8cd3c136c85eb8d17c367a50283	ASV34d__Bacteria;p__Bacteroidota;c__Bacteroidia;o__Flavobacteriales;f__Weeksellaceae;g__Elizabethkingia;s__Elizabethkingia_miricola	0.9999999997849187
fa8446f6c790a1e6dad4e6b26ace3574	ASV14d__Bacteria;p__Proteobacteria;c__Gammaproteobacteria;o__Pseudomonadales;f__Pseudomonadaceae;g__Pseudomonas_E;s__Pseudomonas_E fluorescens_AP	0.9999999973888976
6369e4bd6916d37fc273bcd22805cd86	ASV34d__Bacteria;p__Bacteroidota;c__Bacteroidia;o__Flavobacteriales;f__Weeksellaceae;g__Elizabethkingia;s__Elizabethkingia_miricola	0.9999999992744506
c0acc812aa26614218a9fa22d2fad98c	ASV32d__Bacteria;p__Proteobacteria;c__Gammaproteobacteria;o__Burkholderiales;f__Burkholderiaceae;g__Achromobacter;s__	0.9999982047906342
4c64fe54265c4ee089de3388a6c0f1e1	ASV29d__Bacteria;p__Proteobacteria;c__Gammaproteobacteria;o__Enterobacterales;f__Enterobacteriaceae;g__Citrobacter;s__Citrobacter_braakii	0.9998903894645034
4b21763262b20f8f7dc4570c4e10af91	ASV29d__Bacteria;p__Proteobacteria;c__Gammaproteobacteria;o__Enterobacterales;f__Enterobacteriaceae;g__Citrobacter;s__Citrobacter_braakii	0.9932093868120466
4298126f522d51833690d57e658314a4	ASV34d__Bacteria;p__Bacteroidota;c__Bacteroidia;o__Flavobacteriales;f__Weeksellaceae;g__Elizabethkingia;s__Elizabethkingia_miricola	0.9999999999783427
9c190eceb69bcd613881f3b7af39c434	ASV30d__Bacteria;p__Proteobacteria;c__Gammaproteobacteria;o__Enterobacterales;f__Enterobacteriaceae;g__Serratia_A;s__Serratia_Afonticola	0.9990040018137171
d125f6eec14831bccb9a56b9da656aaa	ASV34d__Bacteria;p__Bacteroidota;c__Bacteroidia;o__Flavobacteriales;f__Weeksellaceae;g__Elizabethkingia;s__Elizabethkingia_miricola	0.9999999997284874
357c0aeada2ca2a740d31685de77ccb1	ASV30d__Bacteria;p__Proteobacteria;c__Gammaproteobacteria;o__Enterobacterales;f__Enterobacteriaceae;g__Serratia_A;s__Serratia_Afonticola	0.9982872217299696
dde7036d53d21de847151a0e5ca976e7	ASV14d__Bacteria;p__Proteobacteria;c__Gammaproteobacteria;o__Pseudomonadales;f__Pseudomonadaceae;g__Pseudomonas_E;s__Pseudomonas_E fluorescens_AP	0.9999999977693932
82568893c2fcdde4e9fc226733e47c3b	ASV14d__Bacteria;p__Proteobacteria;c__Gammaproteobacteria;o__Pseudomonadales;f__Pseudomonadaceae;g__Pseudomonas_E;s__Pseudomonas_E fluorescens_AP	0.9999999993202948
780745bd99a06bf466d25033f0513fa7	ASV14d__Bacteria;p__Proteobacteria;c__Gammaproteobacteria;o__Pseudomonadales;f__Pseudomonadaceae;g__Pseudomonas_E;s__Pseudomonas_E fluorescens_AP	0.9999999977485743
362d2022101e60b00761928aedfdd054	ASV29d__Bacteria;p__Proteobacteria;c__Gammaproteobacteria;o__Enterobacterales;f__Enterobacteriaceae;g__Citrobacter;s__Citrobacter_braakii	0.9994466811167012
60804bbdd6d4605c7a85f5cf2a56f61f	ASV28d__Bacteria;p__Bacteroidota;c__Bacteroidia;o__Sphingobacteriales;f__Sphingobacteriaceae;g__Pedobacter;s__	0.9986663657627258
5a74ddb06d70fea2a0befcffa0ba882e	ASV29d__Bacteria;p__Proteobacteria;c__Gammaproteobacteria;o__Enterobacterales;f__Enterobacteriaceae;g__Citrobacter;s__Citrobacter_braakii	0.9996050888022789
1b27df2ba3193e46bc52656e4ad006e4	ASV5d__Bacteria;p__Proteobacteria;c__Gammaproteobacteria;o__Burkholderiales;f__Chromobacteriaceae;g__Chromobacterium;s__Chromobacteriumsp002213445	0.9976682229364123
55c2f9612117ca5779da961e52bf8f59	ASV31d__Bacteria;p__Proteobacteria;c__Gammaproteobacteria;o__Burkholderiales;f__Burkholderiaceae;g__Delftia;s__Delftia_acidovorans	0.9995949511620211
b822eb48989756c75e78f5ec15896645	ASV34d__Bacteria;p__Bacteroidota;c__Bacteroidia;o__Flavobacteriales;f__Weeksellaceae;g__Elizabethkingia;s__Elizabethkingia_miricola	0.9999999998231743
ae3ef8fd5d6316aa2526ab1d7c428674	ASV30d__Bacteria;p__Proteobacteria;c__Gammaproteobacteria;o__Enterobacterales;f__Enterobacteriaceae;g__Serratia_A;s__Serratia_Afonticola	0.9985949818901472
929e0d69f45e900660b4ba94243f5078	ASV14d__Bacteria;p__Proteobacteria;c__Gammaproteobacteria;o__Pseudomonadales;f__Pseudomonadaceae;g__Pseudomonas_E;s__Pseudomonas_E fluorescens_AP	0.9999999997856008
dd338e191a05763d9d08f8c326f40563	ASV11d__Bacteria;p__Proteobacteria;c__Gammaproteobacteria;o__Burkholderiales;f__Chromobacteriaceae;g__Aquitalea;s__Aquitaleapelogenes	0.9941337510782713
3545944efd6bfeaf5e69e80a75cf546c	ASV29d__Bacteria;p__Proteobacteria;c__Gammaproteobacteria;o__Enterobacterales;f__Enterobacteriaceae;g__Citrobacter;s__Citrobacter_braakii	0.998371889544899
66209e356689f15f3de0c15c04cdc5c5	ASV29d__Bacteria;p__Proteobacteria;c__Gammaproteobacteria;o__Enterobacterales;f__Enterobacteriaceae;g__Citrobacter;s__Citrobacter_braakii	0.9911263658242795
1a5530aba32b272ad06a210de941291b	ASV32d__Bacteria;p__Proteobacteria;c__Gammaproteobacteria;o__Burkholderiales;f__Burkholderiaceae;g__Achromobacter;s__	0.9999967797594971
e66116ffb464be5d64729aaf886c8ea6	ASV29d__Bacteria;p__Proteobacteria;c__Gammaproteobacteria;o__Enterobacterales;f__Enterobacteriaceae;g__Citrobacter;s__Citrobacter_braakii	0.9988380842367264
29c03341260edc7bfe7efc6963bffdc4	ASV29d__Bacteria;p__Proteobacteria;c__Gammaproteobacteria;o__Enterobacterales;f__Enterobacteriaceae;g__Citrobacter;s__Citrobacter_braakii	0.9989946290323606
6974bf1329fec6e3315a68d84a3eb281	ASV29d__Bacteria;p__Proteobacteria;c__Gammaproteobacteria;o__Enterobacterales;f__Enterobacteriaceae;g__Citrobacter;s__Citrobacter_braakii	0.9995652654751529
2c29f56dc77527ea3a0b5ab6226349d6	ASV14d__Bacteria;p__Proteobacteria;c__Gammaproteobacteria;o__Pseudomonadales;f__Pseudomonadaceae;g__Pseudomonas_E;s__Pseudomonas_E fluorescens_AP	0.9999999958970136
699f4cfd15cf69921f72564ebfab2a08	ASV30d__Bacteria;p__Proteobacteria;c__Gammaproteobacteria;o__Enterobacterales;f__Enterobacteriaceae;g__Serratia_A;s__Serratia_Afonticola	0.997222795020897
bc7182521ec72d9dc4586ccf3036fc3b	ASV34d__Bacteria;p__Bacteroidota;c__Bacteroidia;o__Flavobacteriales;f__Weeksellaceae;g__Elizabethkingia;s__Elizabethkingia_miricola	0.9999999996625775
63154d9a52c2ec69ea2780392a52ebc8	ASV29d__Bacteria;p__Proteobacteria;c__Gammaproteobacteria;o__Enterobacterales;f__Enterobacteriaceae;g__Citrobacter;s__Citrobacter_braakii	0.9995625974644191
743a9268cd915fb27fca0384e5bd012e	ASV29d__Bacteria;p__Proteobacteria;c__Gammaproteobacteria;o__Enterobacterales;f__Enterobacteriaceae;g__Citrobacter;s__Citrobacter_braakii	0.9995256246217314
1e636568aef860982962dc56fe9e4b05	ASV30d__Bacteria;p__Proteobacteria;c__Gammaproteobacteria;o__Enterobacterales;f__Enterobacteriaceae;g__Serratia_A;s__Serratia_Afonticola	0.9987215631230406
ba29ffc2fcc31b7792ed1fbe086d9368	Unassigned	0.667518798309026
79fdd2e7f79ab710d7e8c62d1785e704	Unassigned	0.7887871200100434
213769b9dfd2a98b555eff18c92074fa	ASV34d__Bacteria;p__Bacteroidota;c__Bacteroidia;o__Flavobacteriales;f__Weeksellaceae;g__Elizabethkingia;s__Elizabethkingia_miricola	0.9999999999308926
76f0f86b063ce0556456dbc73d63ed3d	ASV34d__Bacteria;p__Bacteroidota;c__Bacteroidia;o__Flavobacteriales;f__Weeksellaceae;g__Elizabethkingia;s__Elizabethkingia_miricola	0.9999999999585185
329924a3a9212a6b66556c383f027c8a	ASV30d__Bacteria;p__Proteobacteria;c__Gammaproteobacteria;o__Enterobacterales;f__Enterobacteriaceae;g__Serratia_A;s__Serratia_Afonticola	0.998581728497237
728680b65ae810a698b396cdd68460b9	ASV30d__Bacteria;p__Proteobacteria;c__Gammaproteobacteria;o__Enterobacterales;f__Enterobacteriaceae;g__Serratia_A;s__Serratia_Afonticola	0.9977445149511573
eeed1d0aaae3e1a43e9f2c7d97f39ca6	ASV14d__Bacteria;p__Proteobacteria;c__Gammaproteobacteria;o__Pseudomonadales;f__Pseudomonadaceae;g__Pseudomonas_E;s__Pseudomonas_E fluorescens_AP	0.999999999425043
8fe87008d808223c82b29681702af3b8	ASV29d__Bacteria;p__Proteobacteria;c__Gammaproteobacteria;o__Enterobacterales;f__Enterobacteriaceae;g__Citrobacter;s__Citrobacter_braakii	0.999801349951824
ef0fbf0ea1d79a6782adb2dce658aa5e	ASV6d__Bacteria;p__Proteobacteria;c__Gammaproteobacteria;o__Burkholderiales;f__Burkholderiaceae;g__Ralstonia;s__	0.9991634358520443
337fed7d4078d656ce0997404f7fd868	ASV14d__Bacteria;p__Proteobacteria;c__Gammaproteobacteria;o__Pseudomonadales;f__Pseudomonadaceae;g__Pseudomonas_E;s__Pseudomonas_E fluorescens_AP	0.9999999989364028
29b4766b4cba7e0c7707701c3545caaf	ASV14d__Bacteria;p__Proteobacteria;c__Gammaproteobacteria;o__Pseudomonadales;f__Pseudomonadaceae;g__Pseudomonas_E;s__Pseudomonas_E fluorescens_AP	0.9999999998394031
2564e3c3e4b4de63805322f4da34a8b6	X263_Sphingobacteriia;Sphingobacteriales;Chitinophagaceae; Chitinophaga	0.9999999999544116
74b0a1e91ebca4e17a7a9b9b73620923	ASV34d__Bacteria;p__Bacteroidota;c__Bacteroidia;o__Flavobacteriales;f__Weeksellaceae;g__Elizabethkingia;s__Elizabethkingia_miricola	0.9999999997278479
a4b6c3c50d32155387b491d9e160d46c	ASV34d__Bacteria;p__Bacteroidota;c__Bacteroidia;o__Flavobacteriales;f__Weeksellaceae;g__Elizabethkingia;s__Elizabethkingia_miricola	0.9999999999822791
d16d4020b837513f86e6ef4c28cfe514	ASV34d__Bacteria;p__Bacteroidota;c__Bacteroidia;o__Flavobacteriales;f__Weeksellaceae;g__Elizabethkingia;s__Elizabethkingia_miricola	0.9999999959101018
4a07ad7317430c1ee59f428f3aa741c9	ASV30d__Bacteria;p__Proteobacteria;c__Gammaproteobacteria;o__Enterobacterales;f__Enterobacteriaceae;g__Serratia_A;s__Serratia_Afonticola	0.9994430086300092
38a791e0002baabd872288bc2dfcb22c	ASV34d__Bacteria;p__Bacteroidota;c__Bacteroidia;o__Flavobacteriales;f__Weeksellaceae;g__Elizabethkingia;s__Elizabethkingia_miricola	0.9999999996661018
685dfd05d375c73bbdfd169760855c10	ASV14d__Bacteria;p__Proteobacteria;c__Gammaproteobacteria;o__Pseudomonadales;f__Pseudomonadaceae;g__Pseudomonas_E;s__Pseudomonas_E fluorescens_AP	0.999999999842899
e066cbbc918e66b2b61a878b571d11a7	ASV19d__Bacteria;p__Bacteroidota;c__Bacteroidia;o__Sphingobacteriales;f__Sphingobacteriaceae;g__Pedobacter;s__	0.9995165651385332
13ad0d697e12912a9533b140278b85e0	ASV7d__Bacteria;p__Proteobacteria;c__Gammaproteobacteria;o__Burkholderiales;f__Burkholderiaceae;g__Herbaspirillum;s__	0.9995479861355527
906942eab52672e5da1dfdd3aeb9b4f4	ASV34d__Bacteria;p__Bacteroidota;c__Bacteroidia;o__Flavobacteriales;f__Weeksellaceae;g__Elizabethkingia;s__Elizabethkingia_miricola	0.999999999942375
a1bc751aa4286b8201e8ccd4accf2f76	ASV29d__Bacteria;p__Proteobacteria;c__Gammaproteobacteria;o__Enterobacterales;f__Enterobacteriaceae;g__Citrobacter;s__Citrobacter_braakii	0.998480924747629
a6bc4275bcb2e0396631e4a829580c75	ASV14d__Bacteria;p__Proteobacteria;c__Gammaproteobacteria;o__Pseudomonadales;f__Pseudomonadaceae;g__Pseudomonas_E;s__Pseudomonas_E fluorescens_AP	0.9999999997730384
6134d662fe978f3e0d38cdeaa101c934	ASV14d__Bacteria;p__Proteobacteria;c__Gammaproteobacteria;o__Pseudomonadales;f__Pseudomonadaceae;g__Pseudomonas_E;s__Pseudomonas_E fluorescens_AP	0.9999999988489634
5f9254cf0ae7c76efbd372d98deec0d9	ASV14d__Bacteria;p__Proteobacteria;c__Gammaproteobacteria;o__Pseudomonadales;f__Pseudomonadaceae;g__Pseudomonas_E;s__Pseudomonas_E fluorescens_AP	0.9999999977359977
f661bdf0fb9fc7718cb310e94d476ce9	ASV29d__Bacteria;p__Proteobacteria;c__Gammaproteobacteria;o__Enterobacterales;f__Enterobacteriaceae;g__Citrobacter;s__Citrobacter_braakii	0.9997517187373277
cca3115526a992405bf9f9a6128902ea	ASV5d__Bacteria;p__Proteobacteria;c__Gammaproteobacteria;o__Burkholderiales;f__Chromobacteriaceae;g__Chromobacterium;s__Chromobacteriumsp002213445	0.9996459192562657
5fc3beec0f73706f798e285326c15c2e	ASV28d__Bacteria;p__Bacteroidota;c__Bacteroidia;o__Sphingobacteriales;f__Sphingobacteriaceae;g__Pedobacter;s__	0.9982055744827898
6d3f0ebf2b939d336c40d56892e22a8c	ASV29d__Bacteria;p__Proteobacteria;c__Gammaproteobacteria;o__Enterobacterales;f__Enterobacteriaceae;g__Citrobacter;s__Citrobacter_braakii	0.9997705007741438
3c039c002bc5a9ae921018f56ceb4fec	X263_Sphingobacteriia;Sphingobacteriales;Chitinophagaceae; Chitinophaga	0.9999999999771063
e14857215908f10945fcb3cccff1a3d9	ASV19d__Bacteria;p__Bacteroidota;c__Bacteroidia;o__Sphingobacteriales;f__Sphingobacteriaceae;g__Pedobacter;s__	0.9996496607077029
b783dc2e7225dc9909470245b1f1bad0	ASV5d__Bacteria;p__Proteobacteria;c__Gammaproteobacteria;o__Burkholderiales;f__Chromobacteriaceae;g__Chromobacterium;s__Chromobacteriumsp002213445	0.9996769763065275
5f18e728168d230c2b332c81ce8e3dc5	ASV14d__Bacteria;p__Proteobacteria;c__Gammaproteobacteria;o__Pseudomonadales;f__Pseudomonadaceae;g__Pseudomonas_E;s__Pseudomonas_E fluorescens_AP	0.9999999804294648
cd994434731400d0f157bd7f5a28feee	ASV32d__Bacteria;p__Proteobacteria;c__Gammaproteobacteria;o__Burkholderiales;f__Burkholderiaceae;g__Achromobacter;s__	0.9999889180989922
a9f6817ad6ef1c5769e7f855b0fe0494	ASV32d__Bacteria;p__Proteobacteria;c__Gammaproteobacteria;o__Burkholderiales;f__Burkholderiaceae;g__Achromobacter;s__	0.999987338945547
a3e9f79a714f2136c6e7c7289f105156	ASV11d__Bacteria;p__Proteobacteria;c__Gammaproteobacteria;o__Burkholderiales;f__Chromobacteriaceae;g__Aquitalea;s__Aquitaleapelogenes	0.9941849399063563
4a274d991c5d6eca832ce157e47c2b20	ASV14d__Bacteria;p__Proteobacteria;c__Gammaproteobacteria;o__Pseudomonadales;f__Pseudomonadaceae;g__Pseudomonas_E;s__Pseudomonas_E fluorescens_AP	0.9999999963473272
dba74b231041ae3b0ca7f8f30745a45e	ASV16d__Bacteria;p__Proteobacteria;c__Gammaproteobacteria;o__Burkholderiales;f__Chromobacteriaceae;g__Aquitalea;s__	0.9905392111204
946b5515dede7626ba074724235ba88c	Unassigned	0.8748078558299084
038488e6480d0775fb76022ae634f31e	Unassigned	0.8448900012970383
ce0c58dc0ba4c2d92ab29199a18b90c2	Unassigned	0.7346963786865048
be5d7b7af23816cb6a4ba571e83931ca	Unassigned	0.668795761318741
97922dd123164f747bce6f130bed4c83	Unassigned	0.6684911146909693
3107840284d32323e14a47135a0f3147	Unassigned	0.7314891572917377
6d2cf230ab1c7d3a8a822c3f5ce8f64b	Unassigned	0.8249106660369003
35d067290e3215ca508f4c9baa107ee6	ASV34d__Bacteria;p__Bacteroidota;c__Bacteroidia;o__Flavobacteriales;f__Weeksellaceae;g__Elizabethkingia;s__Elizabethkingia_miricola	0.9999999999144649
29f592ac22eb227b935e001e6ac611f0	Unassigned	0.7625145950255946
7ced0b2fa5a90e01392b87240179e3b3	Unassigned	0.8344431560511189
46dd1a44e2e03b2bbedaaef86185a6ae	Unassigned	0.8371040959523036
0d85f0d5f0944b84cb67ee6b2b938090	ASV16d__Bacteria;p__Proteobacteria;c__Gammaproteobacteria;o__Burkholderiales;f__Chromobacteriaceae;g__Aquitalea;s__	0.9596015794005449
7eea31698afed0fd38d70a762c775fc4	ASV2d__Bacteria;p__Bacteroidota;c__Bacteroidia;o__Sphingobacteriales;f__Sphingobacteriaceae;g__Pedobacter;s__	0.9977868100386558
a53f29228f2b81260e59c44e88c443be	ASV32d__Bacteria;p__Proteobacteria;c__Gammaproteobacteria;o__Burkholderiales;f__Burkholderiaceae;g__Achromobacter;s__	0.9999991737889078
649dcda79bcbc08697c08820956ef777	ASV34d__Bacteria;p__Bacteroidota;c__Bacteroidia;o__Flavobacteriales;f__Weeksellaceae;g__Elizabethkingia;s__Elizabethkingia_miricola	0.9999999999263736
70b1d6bf339f580b5ed8c60a7c7de99c	ASV31d__Bacteria;p__Proteobacteria;c__Gammaproteobacteria;o__Burkholderiales;f__Burkholderiaceae;g__Delftia;s__Delftia_acidovorans	0.9998322409517044
9bf1b1b0b07ab94379466993a1b5171f	ASV31d__Bacteria;p__Proteobacteria;c__Gammaproteobacteria;o__Burkholderiales;f__Burkholderiaceae;g__Delftia;s__Delftia_acidovorans	0.9993642860571921
17ed6ff8aa389351dfad2fa159b3246f	Unassigned	0.7886441054294547
18de4b3230d16f23ee7a75de2ed34aa8	ASV34d__Bacteria;p__Bacteroidota;c__Bacteroidia;o__Flavobacteriales;f__Weeksellaceae;g__Elizabethkingia;s__Elizabethkingia_miricola	0.9999999995188631
6976e379be551c3fb4b0a3a0095dab86	ASV16d__Bacteria;p__Proteobacteria;c__Gammaproteobacteria;o__Burkholderiales;f__Chromobacteriaceae;g__Aquitalea;s__	0.9950465461833603
88f8f48df213df81d1d2b0b9de01c8cd	ASV34d__Bacteria;p__Bacteroidota;c__Bacteroidia;o__Flavobacteriales;f__Weeksellaceae;g__Elizabethkingia;s__Elizabethkingia_miricola	0.9999999993463575
299426e26a8d665caf7e8e0fa9d57970	ASV30d__Bacteria;p__Proteobacteria;c__Gammaproteobacteria;o__Enterobacterales;f__Enterobacteriaceae;g__Serratia_A;s__Serratia_Afonticola	0.996954392968902
41b2cefa8144921dab6f60f7554732a1	ASV29d__Bacteria;p__Proteobacteria;c__Gammaproteobacteria;o__Enterobacterales;f__Enterobacteriaceae;g__Citrobacter;s__Citrobacter_braakii	0.9997339398872443
e884fc96157b167177372db0658a2b75	ASV34d__Bacteria;p__Bacteroidota;c__Bacteroidia;o__Flavobacteriales;f__Weeksellaceae;g__Elizabethkingia;s__Elizabethkingia_miricola	0.9999999989998543
1a80c9ab23ffe19df03840d0b3d03dd1	Unassigned	0.8132252977297351
e1bf3f85a1ea57b83d596f22b6dace89	Unassigned	0.8061015569365595
eed5b3e60304f2207fcdbd666bfdcdc4	Unassigned	0.7654388855584762
ef9b1209c578e34414a0fbd1b6c1f30c	Unassigned	0.7395538112948008
c91718f4bd74fcb8044497527992c7e5	Unassigned	0.47890133072201
a1467b722e4ff3cb446619d1e24722c0	Unassigned	0.6897467714848889
5555c9744333bd3ce462a4fed6ce2988	Unassigned	0.7654062943458686
bf835cedeaa3b1ae5ce2f71ac27ad95a	Unassigned	0.8287505665206942
34c3037fef8ae5b0af3692311175be54	Unassigned	0.5547196241101595
a8a87181b2658f1a4fe3a03dfc186d78	Unassigned	0.8096529973860992
89b294b4044ce23c321c406992cb2c3a	Unassigned	0.8117507317588205
7b8942688f2a35d8cc73d56ddeab7a5e	Unassigned	0.7492855499396893
78f81268513713bd66f49e452199ad7d	Unassigned	0.8348672046358971
444464715509eceb8bde82e02bec23d0	Unassigned	0.7383218945120715
6470e7e5fb683e01542c58b2ab67658f	Unassigned	0.8156071273742811
3eea08b8fa6d8a32099dbf8adc2ca66c	Unassigned	0.8603774741012531
1f719f2eddce90f68d790bd641b3ad6e	Unassigned	0.6003759451711317
9f71478a77d5f78d4cd8fe46b1517bce	Unassigned	0.8496179757002824
8fa6b86859861c0812cf9828bfecaee6	Unassigned	0.7466869678167964
482e37c9a72e5ebbbb585ab034090b05	Unassigned	0.8332005835292542
aaa224b6808b5d784fc5fedbfebcc811	ASV17d__Bacteria;p__Bacteroidota;c__Bacteroidia;o__Sphingobacteriales;f__Sphingobacteriaceae;g__Pedobacter;s__	0.9675966534605439
4a72192fa7f5802aa6eabf78af628035	ASV28d__Bacteria;p__Bacteroidota;c__Bacteroidia;o__Sphingobacteriales;f__Sphingobacteriaceae;g__Pedobacter;s__	0.9992523352587627
5f4cf46880f148c063232ce8ace9a54c	Unassigned	0.7816603719508559
76addc8524e10c6faff0161e36a1987a	Unassigned	0.8075821670864243
a6d460603cd919482f75e9b342d9d5ba	Unassigned	0.5256215000270479
cc4770cf386ca2f56cc2204a6d0dd3f4	Unassigned	0.7451370978522451
be7d86636b067ac80c9df08da8fba9d6	Unassigned	0.8790691449961311
fbef8f64ffb2428c547366bfe6c58414	Unassigned	0.8647471204045649
a5f9e5a46a8bd3ba98395c4cb3bfc903	Unassigned	0.8322754856800737
2c469758866c3a0a972a7dd16a19e35a	X263_Sphingobacteriia;Sphingobacteriales;Chitinophagaceae; Chitinophaga	0.999999999900254
254ce003d22d7a58c0afe6816352204d	ASV14d__Bacteria;p__Proteobacteria;c__Gammaproteobacteria;o__Pseudomonadales;f__Pseudomonadaceae;g__Pseudomonas_E;s__Pseudomonas_E fluorescens_AP	0.9999999996506546
1db0c20f005456451ed784114739d2b3	ASV32d__Bacteria;p__Proteobacteria;c__Gammaproteobacteria;o__Burkholderiales;f__Burkholderiaceae;g__Achromobacter;s__	0.9999921051114744
4598031b28d98d0aa86e22bf889ed96c	ASV16d__Bacteria;p__Proteobacteria;c__Gammaproteobacteria;o__Burkholderiales;f__Chromobacteriaceae;g__Aquitalea;s__	0.9566492866651195
a60372a2e3f8cafe64bcc4c8434d30f8	ASV9d__Bacteria;p__Proteobacteria;c__Alphaproteobacteria;o__Caulobacterales;f__Caulobacteraceae;g__Brevundimonas;s__	0.9999999812184941
6685cd4c90a2364a18eef99a9527d12d	ASV5d__Bacteria;p__Proteobacteria;c__Gammaproteobacteria;o__Burkholderiales;f__Chromobacteriaceae;g__Chromobacterium;s__Chromobacteriumsp002213445	0.9997439801191896
cb27a074a0000e1a9fd7bd0ac82837b2	ASV5d__Bacteria;p__Proteobacteria;c__Gammaproteobacteria;o__Burkholderiales;f__Chromobacteriaceae;g__Chromobacterium;s__Chromobacteriumsp002213445	0.9997205889294482
c777c80ceca81aa0f26a2a643064524c	ASV14d__Bacteria;p__Proteobacteria;c__Gammaproteobacteria;o__Pseudomonadales;f__Pseudomonadaceae;g__Pseudomonas_E;s__Pseudomonas_E fluorescens_AP	0.99999999824621
0eeac1429270cb66c94f20586ed99b38	ASV5d__Bacteria;p__Proteobacteria;c__Gammaproteobacteria;o__Burkholderiales;f__Chromobacteriaceae;g__Chromobacterium;s__Chromobacteriumsp002213445	0.9974911721331916
4bcc378e27fd148f6650803c3d35992d	ASV34d__Bacteria;p__Bacteroidota;c__Bacteroidia;o__Flavobacteriales;f__Weeksellaceae;g__Elizabethkingia;s__Elizabethkingia_miricola	0.9999999999084679
6701781d9ea134a0721d74503082e885	ASV6d__Bacteria;p__Proteobacteria;c__Gammaproteobacteria;o__Burkholderiales;f__Burkholderiaceae;g__Ralstonia;s__	0.998714088451577
08bccb32316e90ce81a7d99f524d210c	ASV31d__Bacteria;p__Proteobacteria;c__Gammaproteobacteria;o__Burkholderiales;f__Burkholderiaceae;g__Delftia;s__Delftia_acidovorans	0.9992130689483288
a6429e95bc45c14c9942fa3e1b216f9a	ASV17d__Bacteria;p__Bacteroidota;c__Bacteroidia;o__Sphingobacteriales;f__Sphingobacteriaceae;g__Pedobacter;s__	0.8727270065888842
090ea8339fb9529a02cb78e0583d6b2a	ASV2d__Bacteria;p__Bacteroidota;c__Bacteroidia;o__Sphingobacteriales;f__Sphingobacteriaceae;g__Pedobacter;s__	0.9993767330099702
915049ed3c85e5fbd5daf87bcf57fb02	ASV14d__Bacteria;p__Proteobacteria;c__Gammaproteobacteria;o__Pseudomonadales;f__Pseudomonadaceae;g__Pseudomonas_E;s__Pseudomonas_E fluorescens_AP	0.9999999993962092
997e78f9b60af0bff53fe0e5e6572c83	Unassigned	0.6266742152244107
ca2d8d07baad94f38998eb1dd573cace	ASV11d__Bacteria;p__Proteobacteria;c__Gammaproteobacteria;o__Burkholderiales;f__Chromobacteriaceae;g__Aquitalea;s__Aquitaleapelogenes	0.9913198945957915
8f01ce2a091f0fff911a40b97d2ee7e5	ASV34d__Bacteria;p__Bacteroidota;c__Bacteroidia;o__Flavobacteriales;f__Weeksellaceae;g__Elizabethkingia;s__Elizabethkingia_miricola	0.9999999987014121
3108e790e85d06eb4455c13331262b8f	ASV17d__Bacteria;p__Bacteroidota;c__Bacteroidia;o__Sphingobacteriales;f__Sphingobacteriaceae;g__Pedobacter;s__	0.8657614979545815
78ed05e6480f9b0dabb7fa82bcdd282d	ASV16d__Bacteria;p__Proteobacteria;c__Gammaproteobacteria;o__Burkholderiales;f__Chromobacteriaceae;g__Aquitalea;s__	0.9906693580086118
f833695dde3fb6fd1e3d051740607759	ASV19d__Bacteria;p__Bacteroidota;c__Bacteroidia;o__Sphingobacteriales;f__Sphingobacteriaceae;g__Pedobacter;s__	0.9995192807973542
0221b6686b621e5c2704292811525e5b	Unassigned	0.8730131490918305
2b54a708d455346da3c67335d2b0fdc7	ASV31d__Bacteria;p__Proteobacteria;c__Gammaproteobacteria;o__Burkholderiales;f__Burkholderiaceae;g__Delftia;s__Delftia_acidovorans	0.9994334999199206
849e694bd088a8c5aa90e95964d65afc	X391_Actinobacteria;Actinomycetales;Microbacteriaceae;Leifsonia	0.9999999999995879
aadb728ea684ad5835d6f83d41612baa	ASV14d__Bacteria;p__Proteobacteria;c__Gammaproteobacteria;o__Pseudomonadales;f__Pseudomonadaceae;g__Pseudomonas_E;s__Pseudomonas_E fluorescens_AP	0.9999999985723633
540d9855ee2e102428b26e3d9106a86d	ASV5d__Bacteria;p__Proteobacteria;c__Gammaproteobacteria;o__Burkholderiales;f__Chromobacteriaceae;g__Chromobacterium;s__Chromobacteriumsp002213445	0.999129749329273
ae31e01313d2b685deec3f759a281f2e	Unassigned	0.836430639055406
08b5d205582acdfcf3ab3391eba3bdc5	ASV10d__Bacteria;p__Proteobacteria;c__Gammaproteobacteria;o__Burkholderiales;f__Burkholderiaceae;g__Comamonas_B;s__	0.9971249109395455
99784dedacc0e27799111e31c3dfb4d2	ASV14d__Bacteria;p__Proteobacteria;c__Gammaproteobacteria;o__Pseudomonadales;f__Pseudomonadaceae;g__Pseudomonas_E;s__Pseudomonas_E fluorescens_AP	0.999999998298307
b89aca46eddb4a862fd20aa72d9ea5fc	ASV34d__Bacteria;p__Bacteroidota;c__Bacteroidia;o__Flavobacteriales;f__Weeksellaceae;g__Elizabethkingia;s__Elizabethkingia_miricola	0.9999999999666898
e675b9d18ef6c065cc4cdc3496842a59	ASV29d__Bacteria;p__Proteobacteria;c__Gammaproteobacteria;o__Enterobacterales;f__Enterobacteriaceae;g__Citrobacter;s__Citrobacter_braakii	0.9978311560898018
3cec02c8f525908a39f87bba9d8ac590	ASV8d__Bacteria;p__Proteobacteria;c__Alphaproteobacteria;o__Rhizobiales;f__Rhizobiaceae;g__Rhizobium;s__	0.9999999653175996
3f04942f77a690d8bfeb5a05e9d3a5d6	ASV14d__Bacteria;p__Proteobacteria;c__Gammaproteobacteria;o__Pseudomonadales;f__Pseudomonadaceae;g__Pseudomonas_E;s__Pseudomonas_E fluorescens_AP	0.9999999975705975
39b94a65c967bb2dc2a9ff7f8efda13b	ASV29d__Bacteria;p__Proteobacteria;c__Gammaproteobacteria;o__Enterobacterales;f__Enterobacteriaceae;g__Citrobacter;s__Citrobacter_braakii	0.9993407676549017
d6072e0a029e2226a349bcedfa0f3ef1	ASV14d__Bacteria;p__Proteobacteria;c__Gammaproteobacteria;o__Pseudomonadales;f__Pseudomonadaceae;g__Pseudomonas_E;s__Pseudomonas_E fluorescens_AP	0.9999999966773316
bc9ae86b16db827b64796e69d0cb60be	ASV14d__Bacteria;p__Proteobacteria;c__Gammaproteobacteria;o__Pseudomonadales;f__Pseudomonadaceae;g__Pseudomonas_E;s__Pseudomonas_E fluorescens_AP	0.9999999991476329
130ee45c9ffddbb18282388542bbcb5b	ASV14d__Bacteria;p__Proteobacteria;c__Gammaproteobacteria;o__Pseudomonadales;f__Pseudomonadaceae;g__Pseudomonas_E;s__Pseudomonas_E fluorescens_AP	0.9999999987949906
6cad760d5b24270f3c3b55e058225886	ASV29d__Bacteria;p__Proteobacteria;c__Gammaproteobacteria;o__Enterobacterales;f__Enterobacteriaceae;g__Citrobacter;s__Citrobacter_braakii	0.9998320000428641
83e411065b09ea717b45c49b6ba5376e	ASV34d__Bacteria;p__Bacteroidota;c__Bacteroidia;o__Flavobacteriales;f__Weeksellaceae;g__Elizabethkingia;s__Elizabethkingia_miricola	0.9999999993091251
f07785ac3cc6cf1eaa88852d13b195a8	ASV30d__Bacteria;p__Proteobacteria;c__Gammaproteobacteria;o__Enterobacterales;f__Enterobacteriaceae;g__Serratia_A;s__Serratia_Afonticola	0.9957440093202828
1bad17301360e1e64c48613574dcb5c1	ASV34d__Bacteria;p__Bacteroidota;c__Bacteroidia;o__Flavobacteriales;f__Weeksellaceae;g__Elizabethkingia;s__Elizabethkingia_miricola	0.9999999998897096
100ad1031473080171a9bc88595b9a51	ASV14d__Bacteria;p__Proteobacteria;c__Gammaproteobacteria;o__Pseudomonadales;f__Pseudomonadaceae;g__Pseudomonas_E;s__Pseudomonas_E fluorescens_AP	0.9999999994078053
a5727b9cc5c31e25052b23fb3e24c640	ASV14d__Bacteria;p__Proteobacteria;c__Gammaproteobacteria;o__Pseudomonadales;f__Pseudomonadaceae;g__Pseudomonas_E;s__Pseudomonas_E fluorescens_AP	0.999999996348464
7911816f5e81f650f769aba0d5c708cb	Unassigned	0.5888800966919225
28caeefdc3ab4d7f1b7bdc15a8412d8f	Unassigned	0.7709161972465688
6a4f6f0f91529a774f45dc7c7220289b	Unassigned	0.8648035613050531
95634c0ce7289d90eb1e0b0c887732de	Unassigned	0.7723985270954664
5b533e0006a83ac79520274bf24a3f86	ASV17d__Bacteria;p__Bacteroidota;c__Bacteroidia;o__Sphingobacteriales;f__Sphingobacteriaceae;g__Pedobacter;s__	0.974920531834987
ca9a9e9f0892c91cbd271532989e3fd8	Unassigned	0.7897972475745866
a027991c547cdc2d29be5bfb2bdc3b13	ASV34d__Bacteria;p__Bacteroidota;c__Bacteroidia;o__Flavobacteriales;f__Weeksellaceae;g__Elizabethkingia;s__Elizabethkingia_miricola	0.9999999998944418
ce0eeb80c95e45cce691bd52fda6161d	ASV14d__Bacteria;p__Proteobacteria;c__Gammaproteobacteria;o__Pseudomonadales;f__Pseudomonadaceae;g__Pseudomonas_E;s__Pseudomonas_E fluorescens_AP	0.9999999986086721
52bdeb1db01a1ff062bbb93589ab52e0	Unassigned	0.7983861204585716
21951ff4f38ebe29dd37a1bd3f721436	Unassigned	0.710636325206823
77e646f835019fc8f5cd19102db1b6da	ASV2d__Bacteria;p__Bacteroidota;c__Bacteroidia;o__Sphingobacteriales;f__Sphingobacteriaceae;g__Pedobacter;s__	0.9996500653649213
694c24488d4902092b9fc692001e2271	Unassigned	0.8250484629543022
b23627b1c2cdd49fc7ec1d2c585818d1	Unassigned	0.8433436792675452
9df55df183ca0532d21694c1c5fce06c	Unassigned	0.8544004285165123
e296e64de3f9d2cc074f735e4bb5600b	Unassigned	0.8273514163016166
47c0593fbc6737b82ad6e3255a6725af	Unassigned	0.8015216625329717
9ed67f6e8dd567ea8cb89a3aa6cada51	ASV14d__Bacteria;p__Proteobacteria;c__Gammaproteobacteria;o__Pseudomonadales;f__Pseudomonadaceae;g__Pseudomonas_E;s__Pseudomonas_E fluorescens_AP	0.9999999996616822
d2889f159b105e23e1e3e42b54357a9e	Unassigned	0.738157852608913
f1966e368e08733f71e1002af2d4976c	Unassigned	0.7231700851439287
27e9c69a6cd3df9bdc42ff7df9fef3a9	Unassigned	0.7487710174665281
deff9aa25c645a6c003f5f5858ab395d	ASV29d__Bacteria;p__Proteobacteria;c__Gammaproteobacteria;o__Enterobacterales;f__Enterobacteriaceae;g__Citrobacter;s__Citrobacter_braakii	0.996668584790526
0800a097ad643ca8a7ea8df4db04c529	Unassigned	0.8727420154594621
bf5a4d690a5ae23e2a02170ff866fa54	Unassigned	0.8422753519540599
b87959cf2c65b55434a71b24148fd06d	Unassigned	0.7167480101981176
238d59458ef0826b3000178edf47af00	Unassigned	0.7301326901299268
af821f3f71d1675e1cf929ecc14c2564	ASV31d__Bacteria;p__Proteobacteria;c__Gammaproteobacteria;o__Burkholderiales;f__Burkholderiaceae;g__Delftia;s__Delftia_acidovorans	0.9995673186649349
cc4d33e0f82fe3e6a5192492167d9fbe	ASV29d__Bacteria;p__Proteobacteria;c__Gammaproteobacteria;o__Enterobacterales;f__Enterobacteriaceae;g__Citrobacter;s__Citrobacter_braakii	0.9997906063080884
8767c993193a1b1d3aeb2a2e6b0d0d17	ASV5d__Bacteria;p__Proteobacteria;c__Gammaproteobacteria;o__Burkholderiales;f__Chromobacteriaceae;g__Chromobacterium;s__Chromobacteriumsp002213445	0.9990115654345971
db2767e239a9ec3b6bd02e7a793e1de3	ASV17d__Bacteria;p__Bacteroidota;c__Bacteroidia;o__Sphingobacteriales;f__Sphingobacteriaceae;g__Pedobacter;s__	0.9687568739672904
cca5d5f767a3648691fb41871aea6b4a	ASV30d__Bacteria;p__Proteobacteria;c__Gammaproteobacteria;o__Enterobacterales;f__Enterobacteriaceae;g__Serratia_A;s__Serratia_Afonticola	0.9991149807032291
f74523a4fad454b99efa8013b893ecf3	ASV14d__Bacteria;p__Proteobacteria;c__Gammaproteobacteria;o__Pseudomonadales;f__Pseudomonadaceae;g__Pseudomonas_E;s__Pseudomonas_E fluorescens_AP	0.9999999992874109
b9df3f3854a21ad365ddafc8cb8826dc	ASV29d__Bacteria;p__Proteobacteria;c__Gammaproteobacteria;o__Enterobacterales;f__Enterobacteriaceae;g__Citrobacter;s__Citrobacter_braakii	0.9997068916917368
b31aa76e722e7a8a11a52606c2da2ec2	ASV30d__Bacteria;p__Proteobacteria;c__Gammaproteobacteria;o__Enterobacterales;f__Enterobacteriaceae;g__Serratia_A;s__Serratia_Afonticola	0.9950452490974524
9bf3404cd4927fa0a5a90baede4e195d	ASV29d__Bacteria;p__Proteobacteria;c__Gammaproteobacteria;o__Enterobacterales;f__Enterobacteriaceae;g__Citrobacter;s__Citrobacter_braakii	0.9993850275494767
d930dc4c664eae680d99f6172ae83a93	ASV29d__Bacteria;p__Proteobacteria;c__Gammaproteobacteria;o__Enterobacterales;f__Enterobacteriaceae;g__Citrobacter;s__Citrobacter_braakii	0.9984110521185442
552e1c2e72811d901ea99d6cea1721ac	ASV14d__Bacteria;p__Proteobacteria;c__Gammaproteobacteria;o__Pseudomonadales;f__Pseudomonadaceae;g__Pseudomonas_E;s__Pseudomonas_E fluorescens_AP	0.999999999728729
6ae0216c1570042653b35d78b9ca3158	ASV14d__Bacteria;p__Proteobacteria;c__Gammaproteobacteria;o__Pseudomonadales;f__Pseudomonadaceae;g__Pseudomonas_E;s__Pseudomonas_E fluorescens_AP	0.9999999996932161
61c26dfec5152a2203c48afeecbda754	ASV29d__Bacteria;p__Proteobacteria;c__Gammaproteobacteria;o__Enterobacterales;f__Enterobacteriaceae;g__Citrobacter;s__Citrobacter_braakii	0.9997982655031622
898bb87eeb1895c88e5d98c749039fac	ASV29d__Bacteria;p__Proteobacteria;c__Gammaproteobacteria;o__Enterobacterales;f__Enterobacteriaceae;g__Citrobacter;s__Citrobacter_braakii	0.9946644312501344
ee09d612cea6fede6fcf19b64e23e41f	ASV29d__Bacteria;p__Proteobacteria;c__Gammaproteobacteria;o__Enterobacterales;f__Enterobacteriaceae;g__Citrobacter;s__Citrobacter_braakii	0.9962889100414514
68ce949fc2830aa189623a4c2fc780dc	ASV14d__Bacteria;p__Proteobacteria;c__Gammaproteobacteria;o__Pseudomonadales;f__Pseudomonadaceae;g__Pseudomonas_E;s__Pseudomonas_E fluorescens_AP	0.9999999962514465
913c335ca7ca8df18d102cfce2518de9	ASV30d__Bacteria;p__Proteobacteria;c__Gammaproteobacteria;o__Enterobacterales;f__Enterobacteriaceae;g__Serratia_A;s__Serratia_Afonticola	0.9995828648981495
ee9956895dd01070d5d2ecf6dbe3aa2b	X391_Actinobacteria;Actinomycetales;Microbacteriaceae;Leifsonia	0.9999999999999716
5c3a5c747241e07012e3e676fddb89ba	ASV30d__Bacteria;p__Proteobacteria;c__Gammaproteobacteria;o__Enterobacterales;f__Enterobacteriaceae;g__Serratia_A;s__Serratia_Afonticola	0.9907941221857697
9ab2d3eab09b46a0fae3fe893ecf9986	ASV14d__Bacteria;p__Proteobacteria;c__Gammaproteobacteria;o__Pseudomonadales;f__Pseudomonadaceae;g__Pseudomonas_E;s__Pseudomonas_E fluorescens_AP	0.9999999965209412
d8617df2f04280153720cd0a438142ae	ASV16d__Bacteria;p__Proteobacteria;c__Gammaproteobacteria;o__Burkholderiales;f__Chromobacteriaceae;g__Aquitalea;s__	0.9908436384175209
9b904d7d8a816b8c23fd0d3d5c8ed563	ASV32d__Bacteria;p__Proteobacteria;c__Gammaproteobacteria;o__Burkholderiales;f__Burkholderiaceae;g__Achromobacter;s__	0.9999968742604858
2b0ec0745022d052cc0c9411a1fe264b	ASV30d__Bacteria;p__Proteobacteria;c__Gammaproteobacteria;o__Enterobacterales;f__Enterobacteriaceae;g__Serratia_A;s__Serratia_Afonticola	0.9976213639618774
a96db40c18033090f98106c28b4b1c66	ASV34d__Bacteria;p__Bacteroidota;c__Bacteroidia;o__Flavobacteriales;f__Weeksellaceae;g__Elizabethkingia;s__Elizabethkingia_miricola	0.9999999998846221
1570c7906823112a2fd2197fd1186004	ASV29d__Bacteria;p__Proteobacteria;c__Gammaproteobacteria;o__Enterobacterales;f__Enterobacteriaceae;g__Citrobacter;s__Citrobacter_braakii	0.9993762182904142
026cc4b6b703a56eaba007a6c543986e	ASV14d__Bacteria;p__Proteobacteria;c__Gammaproteobacteria;o__Pseudomonadales;f__Pseudomonadaceae;g__Pseudomonas_E;s__Pseudomonas_E fluorescens_AP	0.9999999998130562
dea64e50abff2e2734d03c1c7585caa2	ASV29d__Bacteria;p__Proteobacteria;c__Gammaproteobacteria;o__Enterobacterales;f__Enterobacteriaceae;g__Citrobacter;s__Citrobacter_braakii	0.9994234629578221
d0a35e9a30f1ad6b31851153364473e5	ASV29d__Bacteria;p__Proteobacteria;c__Gammaproteobacteria;o__Enterobacterales;f__Enterobacteriaceae;g__Citrobacter;s__Citrobacter_braakii	0.9998769017351773
1898873bbebd23be8485c3394e5737c7	ASV29d__Bacteria;p__Proteobacteria;c__Gammaproteobacteria;o__Enterobacterales;f__Enterobacteriaceae;g__Citrobacter;s__Citrobacter_braakii	0.9998199876950106
a8275616903230aef5a170a1fc2ee127	ASV21d__Bacteria;p__Proteobacteria;c__Gammaproteobacteria;o__Xanthomonadales;f__Rhodanobacteraceae;g__Dyella;s__	0.9999999997573497
35af684c9178775ab41b2e62085ecc5a	ASV29d__Bacteria;p__Proteobacteria;c__Gammaproteobacteria;o__Enterobacterales;f__Enterobacteriaceae;g__Citrobacter;s__Citrobacter_braakii	0.9999098559318857
76407c99a71f247b7b2d0417aaab20fc	ASV29d__Bacteria;p__Proteobacteria;c__Gammaproteobacteria;o__Enterobacterales;f__Enterobacteriaceae;g__Citrobacter;s__Citrobacter_braakii	0.9995907275265253
65ecd841c6847b1f452c3c0bb3a2f618	ASV14d__Bacteria;p__Proteobacteria;c__Gammaproteobacteria;o__Pseudomonadales;f__Pseudomonadaceae;g__Pseudomonas_E;s__Pseudomonas_E fluorescens_AP	0.9999999996906439
839a8575075ee3e92eab683a9e094b9c	ASV14d__Bacteria;p__Proteobacteria;c__Gammaproteobacteria;o__Pseudomonadales;f__Pseudomonadaceae;g__Pseudomonas_E;s__Pseudomonas_E fluorescens_AP	0.9999999993987103
028d118528723e1b650b8b2550675dd9	ASV5d__Bacteria;p__Proteobacteria;c__Gammaproteobacteria;o__Burkholderiales;f__Chromobacteriaceae;g__Chromobacterium;s__Chromobacteriumsp002213445	0.9980633826515244
4efae03f7219fedd141a628ea85eb8f6	ASV32d__Bacteria;p__Proteobacteria;c__Gammaproteobacteria;o__Burkholderiales;f__Burkholderiaceae;g__Achromobacter;s__	0.9999931494015646
4fd8e27af3a3486d943303b5ae6a39fb	ASV29d__Bacteria;p__Proteobacteria;c__Gammaproteobacteria;o__Enterobacterales;f__Enterobacteriaceae;g__Citrobacter;s__Citrobacter_braakii	0.9995630921387599
dd3b5f12f52e5a6b7096fa33706fcd26	ASV34d__Bacteria;p__Bacteroidota;c__Bacteroidia;o__Flavobacteriales;f__Weeksellaceae;g__Elizabethkingia;s__Elizabethkingia_miricola	0.9999999997163371
15e1a444d3ea0b7ae74cf82dcb4a3ecb	ASV30d__Bacteria;p__Proteobacteria;c__Gammaproteobacteria;o__Enterobacterales;f__Enterobacteriaceae;g__Serratia_A;s__Serratia_Afonticola	0.9994164312706626
6ac66d72cedbff0da013836d206f4c71	ASV30d__Bacteria;p__Proteobacteria;c__Gammaproteobacteria;o__Enterobacterales;f__Enterobacteriaceae;g__Serratia_A;s__Serratia_Afonticola	0.99937970501914
ef5f0c9a05669ed3a4f27fb8d7535264	ASV29d__Bacteria;p__Proteobacteria;c__Gammaproteobacteria;o__Enterobacterales;f__Enterobacteriaceae;g__Citrobacter;s__Citrobacter_braakii	0.9993317447666135
57c5fc4d7ae3f38ec5d849721517c69e	ASV14d__Bacteria;p__Proteobacteria;c__Gammaproteobacteria;o__Pseudomonadales;f__Pseudomonadaceae;g__Pseudomonas_E;s__Pseudomonas_E fluorescens_AP	0.9999999990455422
b1da1e818a6455e013c61ec86f773fef	ASV34d__Bacteria;p__Bacteroidota;c__Bacteroidia;o__Flavobacteriales;f__Weeksellaceae;g__Elizabethkingia;s__Elizabethkingia_miricola	0.9999999999059099
0a88078e3b1162c540098346daf268bc	ASV14d__Bacteria;p__Proteobacteria;c__Gammaproteobacteria;o__Pseudomonadales;f__Pseudomonadaceae;g__Pseudomonas_E;s__Pseudomonas_E fluorescens_AP	0.9999999994313242
050023a30a5d61a5e46b2b9c7b6692af	ASV30d__Bacteria;p__Proteobacteria;c__Gammaproteobacteria;o__Enterobacterales;f__Enterobacteriaceae;g__Serratia_A;s__Serratia_Afonticola	0.9962624250506107
e8886cdfad5043655b59f363cd703864	ASV29d__Bacteria;p__Proteobacteria;c__Gammaproteobacteria;o__Enterobacterales;f__Enterobacteriaceae;g__Citrobacter;s__Citrobacter_braakii	0.999809691580871
27ef755aa94d4b67e156587ceb4c2f8f	Unassigned	0.6324580614436237
6a0c0693e46d5596199210b39cf863c1	Unassigned	0.781871404007329
5f3f85fb2fb5d1c104f22459f43f41bc	ASV14d__Bacteria;p__Proteobacteria;c__Gammaproteobacteria;o__Pseudomonadales;f__Pseudomonadaceae;g__Pseudomonas_E;s__Pseudomonas_E fluorescens_AP	0.9999999976760563
ffbe5b990c1d547da4fa0769a92597bc	ASV29d__Bacteria;p__Proteobacteria;c__Gammaproteobacteria;o__Enterobacterales;f__Enterobacteriaceae;g__Citrobacter;s__Citrobacter_braakii	0.998875715771009
5e421a3cf92c0ccbf05f3b7abb0d2e93	ASV32d__Bacteria;p__Proteobacteria;c__Gammaproteobacteria;o__Burkholderiales;f__Burkholderiaceae;g__Achromobacter;s__	0.9999991692316041
bdf2856e5e88286c0ebaf6807083df1c	ASV34d__Bacteria;p__Bacteroidota;c__Bacteroidia;o__Flavobacteriales;f__Weeksellaceae;g__Elizabethkingia;s__Elizabethkingia_miricola	0.9999999998346425
96174fc5a080b83e29bc6cd70e6696be	ASV14d__Bacteria;p__Proteobacteria;c__Gammaproteobacteria;o__Pseudomonadales;f__Pseudomonadaceae;g__Pseudomonas_E;s__Pseudomonas_E fluorescens_AP	0.999999999622176
a5c89030001d7a1fef5da9faee1e8c9e	ASV14d__Bacteria;p__Proteobacteria;c__Gammaproteobacteria;o__Pseudomonadales;f__Pseudomonadaceae;g__Pseudomonas_E;s__Pseudomonas_E fluorescens_AP	0.9999999995061444
032ec05e570c177bb3cb50fcbe60112b	ASV14d__Bacteria;p__Proteobacteria;c__Gammaproteobacteria;o__Pseudomonadales;f__Pseudomonadaceae;g__Pseudomonas_E;s__Pseudomonas_E fluorescens_AP	0.9999999999284057
951654b533bec2ea1e8e8bac74d7e13c	ASV29d__Bacteria;p__Proteobacteria;c__Gammaproteobacteria;o__Enterobacterales;f__Enterobacteriaceae;g__Citrobacter;s__Citrobacter_braakii	0.9998489378447788
98482c2347ce7b24fa475a9e52247758	ASV14d__Bacteria;p__Proteobacteria;c__Gammaproteobacteria;o__Pseudomonadales;f__Pseudomonadaceae;g__Pseudomonas_E;s__Pseudomonas_E fluorescens_AP	0.9999999671134822
4b69e7b2f02ed245b9812013ae98a9ea	ASV14d__Bacteria;p__Proteobacteria;c__Gammaproteobacteria;o__Pseudomonadales;f__Pseudomonadaceae;g__Pseudomonas_E;s__Pseudomonas_E fluorescens_AP	0.9999999987873025
08445b453cc7c575db7104cf75b1c870	ASV31d__Bacteria;p__Proteobacteria;c__Gammaproteobacteria;o__Burkholderiales;f__Burkholderiaceae;g__Delftia;s__Delftia_acidovorans	0.9963950288335349
4a87a6134c3877482ac9a07eeb1bfd9b	ASV5d__Bacteria;p__Proteobacteria;c__Gammaproteobacteria;o__Burkholderiales;f__Chromobacteriaceae;g__Chromobacterium;s__Chromobacteriumsp002213445	0.9998043660940246
2501e348830634e936c4ad65a069e7c2	ASV16d__Bacteria;p__Proteobacteria;c__Gammaproteobacteria;o__Burkholderiales;f__Chromobacteriaceae;g__Aquitalea;s__	0.9869960761521623
f39e7348db6eb2bf9e9c5ac96f14ee09	ASV31d__Bacteria;p__Proteobacteria;c__Gammaproteobacteria;o__Burkholderiales;f__Burkholderiaceae;g__Delftia;s__Delftia_acidovorans	0.9997770348316115
7789b6aaf7bf175ba751e10fd9e83aee	ASV34d__Bacteria;p__Bacteroidota;c__Bacteroidia;o__Flavobacteriales;f__Weeksellaceae;g__Elizabethkingia;s__Elizabethkingia_miricola	0.9999999998402842
2849f2bb8f6d247258d54a50542c3a12	ASV14d__Bacteria;p__Proteobacteria;c__Gammaproteobacteria;o__Pseudomonadales;f__Pseudomonadaceae;g__Pseudomonas_E;s__Pseudomonas_E fluorescens_AP	0.9999999996747704
220f2727ed8549a80619782f027ba0e3	ASV14d__Bacteria;p__Proteobacteria;c__Gammaproteobacteria;o__Pseudomonadales;f__Pseudomonadaceae;g__Pseudomonas_E;s__Pseudomonas_E fluorescens_AP	0.9999999991949267
9da4af63e8378e0f7b03160c8f5facc8	ASV29d__Bacteria;p__Proteobacteria;c__Gammaproteobacteria;o__Enterobacterales;f__Enterobacteriaceae;g__Citrobacter;s__Citrobacter_braakii	0.999454869621164
1afa9a2fb2fb17b7933a60b9e9c80b61	ASV17d__Bacteria;p__Bacteroidota;c__Bacteroidia;o__Sphingobacteriales;f__Sphingobacteriaceae;g__Pedobacter;s__	0.9269350473315349
cb3c21227a0c699a6e89d06cb2877326	ASV34d__Bacteria;p__Bacteroidota;c__Bacteroidia;o__Flavobacteriales;f__Weeksellaceae;g__Elizabethkingia;s__Elizabethkingia_miricola	0.9999999982045864
c987f79bf6c498f8925b66fbd3518c99	ASV11d__Bacteria;p__Proteobacteria;c__Gammaproteobacteria;o__Burkholderiales;f__Chromobacteriaceae;g__Aquitalea;s__Aquitaleapelogenes	0.9939194118328895
60062424ef8f930d42c48e5ca8f55763	ASV29d__Bacteria;p__Proteobacteria;c__Gammaproteobacteria;o__Enterobacterales;f__Enterobacteriaceae;g__Citrobacter;s__Citrobacter_braakii	0.9998537635121358
cffd3d1da0f6a24e4e3c710d3581a097	ASV34d__Bacteria;p__Bacteroidota;c__Bacteroidia;o__Flavobacteriales;f__Weeksellaceae;g__Elizabethkingia;s__Elizabethkingia_miricola	0.9999999998942002
7814a3a51be4d59c271f5da80a207df0	ASV30d__Bacteria;p__Proteobacteria;c__Gammaproteobacteria;o__Enterobacterales;f__Enterobacteriaceae;g__Serratia_A;s__Serratia_Afonticola	0.998080677577326
baa4bc8bd2f7ae200f11b8d9a0c383a7	ASV8d__Bacteria;p__Proteobacteria;c__Alphaproteobacteria;o__Rhizobiales;f__Rhizobiaceae;g__Rhizobium;s__	0.9999999706953564
fd6356f15ff229b429c28108999c7449	ASV14d__Bacteria;p__Proteobacteria;c__Gammaproteobacteria;o__Pseudomonadales;f__Pseudomonadaceae;g__Pseudomonas_E;s__Pseudomonas_E fluorescens_AP	0.9999999972659452
3d878f1a091b654dc2dccfe1ac04197a	ASV34d__Bacteria;p__Bacteroidota;c__Bacteroidia;o__Flavobacteriales;f__Weeksellaceae;g__Elizabethkingia;s__Elizabethkingia_miricola	0.999999999853145
467866792a5cd6bfa60c9fd224608c62	ASV34d__Bacteria;p__Bacteroidota;c__Bacteroidia;o__Flavobacteriales;f__Weeksellaceae;g__Elizabethkingia;s__Elizabethkingia_miricola	0.9999999999716067
f43a0dfac7a9e2638aac984bf6205d47	ASV30d__Bacteria;p__Proteobacteria;c__Gammaproteobacteria;o__Enterobacterales;f__Enterobacteriaceae;g__Serratia_A;s__Serratia_Afonticola	0.9993725151592225
c919f210b23f4de56a8ce5e17bcaf5d4	ASV5d__Bacteria;p__Proteobacteria;c__Gammaproteobacteria;o__Burkholderiales;f__Chromobacteriaceae;g__Chromobacterium;s__Chromobacteriumsp002213445	0.9994590770842656
74fbdbbe45446f2f470dc0606a6be342	ASV34d__Bacteria;p__Bacteroidota;c__Bacteroidia;o__Flavobacteriales;f__Weeksellaceae;g__Elizabethkingia;s__Elizabethkingia_miricola	0.9999999997312301
5d49428200d3cf2e7163670af8754985	ASV14d__Bacteria;p__Proteobacteria;c__Gammaproteobacteria;o__Pseudomonadales;f__Pseudomonadaceae;g__Pseudomonas_E;s__Pseudomonas_E fluorescens_AP	0.9999999969183619
582e52636d7589361b09b4a41bd0c346	ASV32d__Bacteria;p__Proteobacteria;c__Gammaproteobacteria;o__Burkholderiales;f__Burkholderiaceae;g__Achromobacter;s__	0.9999993493399856
34c259d6ca1fa93e8605f2f80d7c888a	Unassigned	0.6023337458027997
1f76980301dbe55c3bc9daafab1142b0	Unassigned	0.8498485708782864
cf783df4d1b270944e59426b723fd015	Unassigned	0.6641300421022776
e5801b81d5b43f10f76dd569d3758989	Unassigned	0.8165648795866345
9b1993b1dce433fa494e2b57f4f020ae	Unassigned	0.760186379751456
a7038a542417941fbf7896445d4e0553	Unassigned	0.7280558754002671
cfa0f4fff5ecf48c56962ada58c22da5	Unassigned	0.7905542701909278
36d63d41271d8d8eb0569f67adce5268	Unassigned	0.8796455553195925
76b21384d967833e462e4be735e1ec6e	Unassigned	0.5759724188408933
4d744f48cbcaacdffc9445744540c34f	Unassigned	0.8389081942770553
cdfad3e73dd439e93fdc3f6ec8495c94	Unassigned	0.7349458454704574
aa4e8f8a780ee6201d2ae129ccf23ede	ASV17d__Bacteria;p__Bacteroidota;c__Bacteroidia;o__Sphingobacteriales;f__Sphingobacteriaceae;g__Pedobacter;s__	0.9213409819521574
a7da93a9744a7863292bcf97d47b6a10	X391_Actinobacteria;Actinomycetales;Microbacteriaceae;Leifsonia	0.9999997105047519
32464fb1e70cd25eb30afeb78b788e18	Unassigned	0.8406162500278558
e265bf0d4347ec5f492b8a789d920b1e	Unassigned	0.8604850879838364
cd982a83a46aa57d0a867bc30935ed8f	Unassigned	0.6891524142908261
f7b840cdf7144808bad1fa9a675879cc	ASV32d__Bacteria;p__Proteobacteria;c__Gammaproteobacteria;o__Burkholderiales;f__Burkholderiaceae;g__Achromobacter;s__	0.9999994938171144
eb972d1fb253a1ef9241a8e5f21602e3	ASV10d__Bacteria;p__Proteobacteria;c__Gammaproteobacteria;o__Burkholderiales;f__Burkholderiaceae;g__Comamonas_B;s__	0.9966839821994977
3df7007ea13dcad7d32d1e16d2e75176	X391_Actinobacteria;Actinomycetales;Microbacteriaceae;Leifsonia	0.9999999999998153
4261ae332482304caa4c769379ba55ae	Unassigned	0.7649158565674702
8a858d23ff9e18fec3e366901bf9e6fc	ASV2d__Bacteria;p__Bacteroidota;c__Bacteroidia;o__Sphingobacteriales;f__Sphingobacteriaceae;g__Pedobacter;s__	0.991642184319489
0b92c550aad0019053521019bf885b4a	Unassigned	0.8415169421949869
3ce29c59ce66bcaf072e5bce5d088ea1	ASV34d__Bacteria;p__Bacteroidota;c__Bacteroidia;o__Flavobacteriales;f__Weeksellaceae;g__Elizabethkingia;s__Elizabethkingia_miricola	0.9999999999739373
031ada5cae5d7a9dec05de9e4209f967	Unassigned	0.7439235080260367
4dfdae5675e2e6422d81c3c132ea404c	ASV34d__Bacteria;p__Bacteroidota;c__Bacteroidia;o__Flavobacteriales;f__Weeksellaceae;g__Elizabethkingia;s__Elizabethkingia_miricola	0.9999999999262741
af5d14017f7f67e95c88eb1831c4cbb8	ASV34d__Bacteria;p__Bacteroidota;c__Bacteroidia;o__Flavobacteriales;f__Weeksellaceae;g__Elizabethkingia;s__Elizabethkingia_miricola	0.999999993574292
586e1d84e7cddc30167d60863e68d556	ASV34d__Bacteria;p__Bacteroidota;c__Bacteroidia;o__Flavobacteriales;f__Weeksellaceae;g__Elizabethkingia;s__Elizabethkingia_miricola	0.9999999998884164
16a088d59aedd70be4dd84b1e79c2506	ASV34d__Bacteria;p__Bacteroidota;c__Bacteroidia;o__Flavobacteriales;f__Weeksellaceae;g__Elizabethkingia;s__Elizabethkingia_miricola	0.9999999998947686
af460fb6eaf86295b6d450014b73aac7	ASV14d__Bacteria;p__Proteobacteria;c__Gammaproteobacteria;o__Pseudomonadales;f__Pseudomonadaceae;g__Pseudomonas_E;s__Pseudomonas_E fluorescens_AP	0.9999999997612292
7a629f8dd940c4b4339380455d7fa26e	ASV29d__Bacteria;p__Proteobacteria;c__Gammaproteobacteria;o__Enterobacterales;f__Enterobacteriaceae;g__Citrobacter;s__Citrobacter_braakii	0.9995337673999221
504d54cc51740e4a7caefbd514e3fa5d	ASV34d__Bacteria;p__Bacteroidota;c__Bacteroidia;o__Flavobacteriales;f__Weeksellaceae;g__Elizabethkingia;s__Elizabethkingia_miricola	0.9999999997817071
26956251f071f60e194a76952268b914	Unassigned	0.8854792034490417
dfdfd6fa0b00c17cdd2fae5c2cf1ecf9	Unassigned	0.7973463151717709
5c7ef865ac4e39a8cbef8418c13cd2c1	Unassigned	0.8525653100579537
c0f54be1eb9580c223dab3e7874c8f7b	Unassigned	0.8512795939519389
860c05a1e6b6b605e5534017964fd532	Unassigned	0.7351652684849551
c6630c9b1c49366a891c0bda6f15d30b	Unassigned	0.8658872147697516
10e65b7b89fec9e7b814e98f177f70cd	Unassigned	0.8910059821460171
d4fa3323b81b0a9f2dbec3d5ad961257	Unassigned	0.7491429607023834
332929fc435453804b00b2be4c8116c9	Unassigned	0.837052356815806
7f6a0f6b24992833dd719be99d7e1993	Unassigned	0.5710427746374251
bf01ef064fbd3e0ef63a6f972cda2d6a	Unassigned	0.8563919401590373
b0da3c167e9d3d124884b00a55908517	Unassigned	0.8305910854958799
11d0c658a514e431045f242ef07709f8	Unassigned	0.7779557383494098
ce16c8e8c9f0a742c6af4bc8dd8e90c9	Unassigned	0.7062907872553119
689ce36bdacdcfa3ede5100f1fed1b70	Unassigned	0.8077674984439199
6ee02bb87d4de7b4c89c01d4d7f845b3	Unassigned	0.8146973517205252
453d807e394805dcb33acc97fe8ea531	Unassigned	0.7948161450232716
e0d55a1d73554b3722aa22695092a500	Unassigned	0.8278723693795735
a1bc423fd1260b1f27e9463cadce7302	Unassigned	0.8130576716969174
00cbf1fd808548476b82edfdfe6de701	Unassigned	0.7803686789297526
cad828fe59862c02a5eec854dcd4b9d9	Unassigned	0.7971545613684501
04b287fbff89235a300536f103a64d2e	Unassigned	0.7421635598439915
6d0de1a6c9ad441c0ce238e8cc6e1882	Unassigned	0.7633835700511558
a091dab923fda66a1f8b617171c529b0	ASV21d__Bacteria;p__Proteobacteria;c__Gammaproteobacteria;o__Xanthomonadales;f__Rhodanobacteraceae;g__Dyella;s__	0.9999999996548183
e79e350848c97ae685571d59cebbf02d	Unassigned	0.7325810659070491
dcac2ff1e8fc99be7e6e4162ad2efb94	ASV34d__Bacteria;p__Bacteroidota;c__Bacteroidia;o__Flavobacteriales;f__Weeksellaceae;g__Elizabethkingia;s__Elizabethkingia_miricola	0.9999937658316815
e5d35b19f8126462d68b32b6fab69338	Unassigned	0.8046256203955299
58d8c8e4329e01198fbd44e660124d53	ASV19d__Bacteria;p__Bacteroidota;c__Bacteroidia;o__Sphingobacteriales;f__Sphingobacteriaceae;g__Pedobacter;s__	0.9994948857348841
b9c17dad0291125cd64ec02147d6ae88	ASV19d__Bacteria;p__Bacteroidota;c__Bacteroidia;o__Sphingobacteriales;f__Sphingobacteriaceae;g__Pedobacter;s__	0.9996004603333294
20b83f509ffa2ad823ae6c98a7cca98d	ASV30d__Bacteria;p__Proteobacteria;c__Gammaproteobacteria;o__Enterobacterales;f__Enterobacteriaceae;g__Serratia_A;s__Serratia_Afonticola	0.9995098754599956
b8685d4b27520a85a09e2c1f982717cd	ASV14d__Bacteria;p__Proteobacteria;c__Gammaproteobacteria;o__Pseudomonadales;f__Pseudomonadaceae;g__Pseudomonas_E;s__Pseudomonas_E fluorescens_AP	0.9999999991965751
f82d65626c42c6a5fab2eba17f881949	ASV17d__Bacteria;p__Bacteroidota;c__Bacteroidia;o__Sphingobacteriales;f__Sphingobacteriaceae;g__Pedobacter;s__	0.9780260644941826
e10abf774332d220bcd30a4622193b66	ASV29d__Bacteria;p__Proteobacteria;c__Gammaproteobacteria;o__Enterobacterales;f__Enterobacteriaceae;g__Citrobacter;s__Citrobacter_braakii	0.9994588092918258
f8bf1e49dc05cb8385f12ceb58ec1766	ASV17d__Bacteria;p__Bacteroidota;c__Bacteroidia;o__Sphingobacteriales;f__Sphingobacteriaceae;g__Pedobacter;s__	0.9632382359107937
68568c8438cf31dfc22a45e4a4573fa6	ASV21d__Bacteria;p__Proteobacteria;c__Gammaproteobacteria;o__Xanthomonadales;f__Rhodanobacteraceae;g__Dyella;s__	0.9999999995841904
55623e56e009d4d9a7979e8752223426	ASV34d__Bacteria;p__Bacteroidota;c__Bacteroidia;o__Flavobacteriales;f__Weeksellaceae;g__Elizabethkingia;s__Elizabethkingia_miricola	0.9999999997135518
f192f218a5f3edef1cc8823fe5db2f63	ASV29d__Bacteria;p__Proteobacteria;c__Gammaproteobacteria;o__Enterobacterales;f__Enterobacteriaceae;g__Citrobacter;s__Citrobacter_braakii	0.9984492985394025
f58b6b59e26c1395e062ba4db63afa8a	ASV19d__Bacteria;p__Bacteroidota;c__Bacteroidia;o__Sphingobacteriales;f__Sphingobacteriaceae;g__Pedobacter;s__	0.9990033328928165
daa118c2300d7d9e794a5e0a1ea34cab	ASV5d__Bacteria;p__Proteobacteria;c__Gammaproteobacteria;o__Burkholderiales;f__Chromobacteriaceae;g__Chromobacterium;s__Chromobacteriumsp002213445	0.9947466198976113
e7a93f02b499065b0fb806acacc9d529	ASV16d__Bacteria;p__Proteobacteria;c__Gammaproteobacteria;o__Burkholderiales;f__Chromobacteriaceae;g__Aquitalea;s__	0.989865635785275
02ec60268fdc5f18106286ef79139991	ASV5d__Bacteria;p__Proteobacteria;c__Gammaproteobacteria;o__Burkholderiales;f__Chromobacteriaceae;g__Chromobacterium;s__Chromobacteriumsp002213445	0.9996184744885227
38c141bd3e0cf42d825588480e37de6e	ASV17d__Bacteria;p__Bacteroidota;c__Bacteroidia;o__Sphingobacteriales;f__Sphingobacteriaceae;g__Pedobacter;s__	0.9622916209942945
b1d182d92e9830e46768e75ae513d4fe	ASV32d__Bacteria;p__Proteobacteria;c__Gammaproteobacteria;o__Burkholderiales;f__Burkholderiaceae;g__Achromobacter;s__	0.9999952676023579
d44dacf15700e24ff40be9e89d35b2a8	ASV14d__Bacteria;p__Proteobacteria;c__Gammaproteobacteria;o__Pseudomonadales;f__Pseudomonadaceae;g__Pseudomonas_E;s__Pseudomonas_E fluorescens_AP	0.9999999980036591
d32b5fac0722eaafa96086e3fb497793	ASV9d__Bacteria;p__Proteobacteria;c__Alphaproteobacteria;o__Caulobacterales;f__Caulobacteraceae;g__Brevundimonas;s__	0.9999999810135309
6acf41f1fbd523b653a5e07214474f1c	ASV31d__Bacteria;p__Proteobacteria;c__Gammaproteobacteria;o__Burkholderiales;f__Burkholderiaceae;g__Delftia;s__Delftia_acidovorans	0.9986387533150343
3c9b065586aa989f5e935199556cd9ef	ASV10d__Bacteria;p__Proteobacteria;c__Gammaproteobacteria;o__Burkholderiales;f__Burkholderiaceae;g__Comamonas_B;s__	0.9913588616312032
1ed41572cb8c3292f74bcba35a50c6d6	ASV16d__Bacteria;p__Proteobacteria;c__Gammaproteobacteria;o__Burkholderiales;f__Chromobacteriaceae;g__Aquitalea;s__	0.9800919257873189
3ddfaa83cbcc7edc3f46adfca1778461	ASV14d__Bacteria;p__Proteobacteria;c__Gammaproteobacteria;o__Pseudomonadales;f__Pseudomonadaceae;g__Pseudomonas_E;s__Pseudomonas_E fluorescens_AP	0.9999999997171898
02730290ee1dde5d1579a69da27da750	X391_Actinobacteria;Actinomycetales;Microbacteriaceae;Leifsonia	0.9999999999996589
9733e221898c81989c9fc1c5034968a5	ASV11d__Bacteria;p__Proteobacteria;c__Gammaproteobacteria;o__Burkholderiales;f__Chromobacteriaceae;g__Aquitalea;s__Aquitaleapelogenes	0.9947015239842134
9243bbe90e93a31d91aa017db598edfb	ASV16d__Bacteria;p__Proteobacteria;c__Gammaproteobacteria;o__Burkholderiales;f__Chromobacteriaceae;g__Aquitalea;s__	0.9869063359902766
8b8e629cbecc37748d50862722bc7033	ASV11d__Bacteria;p__Proteobacteria;c__Gammaproteobacteria;o__Burkholderiales;f__Chromobacteriaceae;g__Aquitalea;s__Aquitaleapelogenes	0.9952570043335769
fd46a262e69d62231be76fc16cf8f9ec	ASV14d__Bacteria;p__Proteobacteria;c__Gammaproteobacteria;o__Pseudomonadales;f__Pseudomonadaceae;g__Pseudomonas_E;s__Pseudomonas_E fluorescens_AP	0.9999999989160528
81a440884afa12dcb64b64efe1141593	ASV17d__Bacteria;p__Bacteroidota;c__Bacteroidia;o__Sphingobacteriales;f__Sphingobacteriaceae;g__Pedobacter;s__	0.9395202012842884
399abe48613769941310739cb7e2489e	Unassigned	0.7898351630493401
a3f4b3cacaacbd9d858be503e8cf85f0	Unassigned	0.8563481627679412
48da14f29a10afb0c2b8cb6750989ebd	Unassigned	0.741739394247046
93c6e7a4c456c5d5c86f905ff403c63b	ASV2d__Bacteria;p__Bacteroidota;c__Bacteroidia;o__Sphingobacteriales;f__Sphingobacteriaceae;g__Pedobacter;s__	0.9998702657158254
9e5161b07345ab1da556016faa6e49f3	ASV14d__Bacteria;p__Proteobacteria;c__Gammaproteobacteria;o__Pseudomonadales;f__Pseudomonadaceae;g__Pseudomonas_E;s__Pseudomonas_E fluorescens_AP	0.9999999921522544
01ccb7d8ea24525d38246c9a9e523a96	ASV2d__Bacteria;p__Bacteroidota;c__Bacteroidia;o__Sphingobacteriales;f__Sphingobacteriaceae;g__Pedobacter;s__	0.9993372158746191
44e43cac1b2aa270b9098f11ec0738a4	ASV34d__Bacteria;p__Bacteroidota;c__Bacteroidia;o__Flavobacteriales;f__Weeksellaceae;g__Elizabethkingia;s__Elizabethkingia_miricola	0.9999999996972946
615f8e72d310123101a6b8837281802d	X263_Sphingobacteriia;Sphingobacteriales;Chitinophagaceae; Chitinophaga	0.9999999997253894
43b8bbe07f64e78e7d63008c4a3d0220	ASV10d__Bacteria;p__Proteobacteria;c__Gammaproteobacteria;o__Burkholderiales;f__Burkholderiaceae;g__Comamonas_B;s__	0.995202353465299
b05a70eb4338dbcd85ec44f3094a5ff5	ASV28d__Bacteria;p__Bacteroidota;c__Bacteroidia;o__Sphingobacteriales;f__Sphingobacteriaceae;g__Pedobacter;s__	0.9993927325891385
a30734783763faf77595d9bda85cd150	ASV32d__Bacteria;p__Proteobacteria;c__Gammaproteobacteria;o__Burkholderiales;f__Burkholderiaceae;g__Achromobacter;s__	0.9999988525083172
e4d9e0a20029c96d68731f3ba49368ad	ASV32d__Bacteria;p__Proteobacteria;c__Gammaproteobacteria;o__Burkholderiales;f__Burkholderiaceae;g__Achromobacter;s__	0.9999979434210617
73dbd649e6a0c17d187a1af10401edc5	X391_Actinobacteria;Actinomycetales;Microbacteriaceae;Leifsonia	0.9999999999998721
fc87109c5b3e45692368c4c84df11d63	ASV10d__Bacteria;p__Proteobacteria;c__Gammaproteobacteria;o__Burkholderiales;f__Burkholderiaceae;g__Comamonas_B;s__	0.9941968780037281
1bf3de57d7f443bbc54b459a8265c98a	Unassigned	0.8254326456097619
485b0d0cc1356da384f740c81ce80a94	Unassigned	0.7909740534786859
1652c1e01f74719d7b4757766cc9e7ef	ASV34d__Bacteria;p__Bacteroidota;c__Bacteroidia;o__Flavobacteriales;f__Weeksellaceae;g__Elizabethkingia;s__Elizabethkingia_miricola	0.9999999998463522
346607d2684c8740d97118533805dce6	ASV31d__Bacteria;p__Proteobacteria;c__Gammaproteobacteria;o__Burkholderiales;f__Burkholderiaceae;g__Delftia;s__Delftia_acidovorans	0.9988993447844283
cf2d651175dc664ada9ca0fe1a149a63	X263_Sphingobacteriia;Sphingobacteriales;Chitinophagaceae; Chitinophaga	0.999999999962327
9fcdab6f7f1fcb1ec479a4935fa06af6	ASV34d__Bacteria;p__Bacteroidota;c__Bacteroidia;o__Flavobacteriales;f__Weeksellaceae;g__Elizabethkingia;s__Elizabethkingia_miricola	0.9999999999558469
bb7ae067415d7561d52ea3ab551f9a4f	ASV28d__Bacteria;p__Bacteroidota;c__Bacteroidia;o__Sphingobacteriales;f__Sphingobacteriaceae;g__Pedobacter;s__	0.9979549174363057
75ec3d8833f539dc4d8df6a8bde92cf7	ASV34d__Bacteria;p__Bacteroidota;c__Bacteroidia;o__Flavobacteriales;f__Weeksellaceae;g__Elizabethkingia;s__Elizabethkingia_miricola	0.9999999999470077
cc0e0a229f8c23dac133eb096c8527c4	Unassigned	0.8835210293361894
b7b429dd7d4f953cd56151f90d1df749	ASV34d__Bacteria;p__Bacteroidota;c__Bacteroidia;o__Flavobacteriales;f__Weeksellaceae;g__Elizabethkingia;s__Elizabethkingia_miricola	0.9999999998642153
7f6e2c954e75d07bbcca075960ac0b75	ASV34d__Bacteria;p__Bacteroidota;c__Bacteroidia;o__Flavobacteriales;f__Weeksellaceae;g__Elizabethkingia;s__Elizabethkingia_miricola	0.9999999999451319
f9053d541e2bff50d024f8d1c7cd4464	ASV30d__Bacteria;p__Proteobacteria;c__Gammaproteobacteria;o__Enterobacterales;f__Enterobacteriaceae;g__Serratia_A;s__Serratia_Afonticola	0.9956749547478911
be69f0d6b78a2d7251a0aad4b5b1ccfc	ASV8d__Bacteria;p__Proteobacteria;c__Alphaproteobacteria;o__Rhizobiales;f__Rhizobiaceae;g__Rhizobium;s__	0.9999999866200399
58bf263fc1992cc0149c8b69d8b5fcc4	ASV14d__Bacteria;p__Proteobacteria;c__Gammaproteobacteria;o__Pseudomonadales;f__Pseudomonadaceae;g__Pseudomonas_E;s__Pseudomonas_E fluorescens_AP	0.9999999991474908
e2bd480f0e8f6c4dbe6d91a31d2c7510	ASV34d__Bacteria;p__Bacteroidota;c__Bacteroidia;o__Flavobacteriales;f__Weeksellaceae;g__Elizabethkingia;s__Elizabethkingia_miricola	0.999999999958149
6e28cb673337599cb09c84d2f375ece6	ASV14d__Bacteria;p__Proteobacteria;c__Gammaproteobacteria;o__Pseudomonadales;f__Pseudomonadaceae;g__Pseudomonas_E;s__Pseudomonas_E fluorescens_AP	0.9999999991876649
559e5aba8e7f6dca0dde74f691e6f919	ASV34d__Bacteria;p__Bacteroidota;c__Bacteroidia;o__Flavobacteriales;f__Weeksellaceae;g__Elizabethkingia;s__Elizabethkingia_miricola	0.9999999995195168
658129e7382d30ae5b195384184c94a2	ASV34d__Bacteria;p__Bacteroidota;c__Bacteroidia;o__Flavobacteriales;f__Weeksellaceae;g__Elizabethkingia;s__Elizabethkingia_miricola	0.9999999999106279
7a3ecd66554185b48d504da2e50ffe28	ASV29d__Bacteria;p__Proteobacteria;c__Gammaproteobacteria;o__Enterobacterales;f__Enterobacteriaceae;g__Citrobacter;s__Citrobacter_braakii	0.9997542247922727
54d1ce9a6f696558efea6dce79d73a6d	ASV14d__Bacteria;p__Proteobacteria;c__Gammaproteobacteria;o__Pseudomonadales;f__Pseudomonadaceae;g__Pseudomonas_E;s__Pseudomonas_E fluorescens_AP	0.9999999806020841
b506bb3e6da43668feb0e1fbe33219a8	ASV14d__Bacteria;p__Proteobacteria;c__Gammaproteobacteria;o__Pseudomonadales;f__Pseudomonadaceae;g__Pseudomonas_E;s__Pseudomonas_E fluorescens_AP	0.9999999920389655
5fb301c2c5acf21f66ae2209c36f8fec	ASV34d__Bacteria;p__Bacteroidota;c__Bacteroidia;o__Flavobacteriales;f__Weeksellaceae;g__Elizabethkingia;s__Elizabethkingia_miricola	0.9999999995629167
f30e1eb4fe5538c37f7e54456f83aa48	ASV29d__Bacteria;p__Proteobacteria;c__Gammaproteobacteria;o__Enterobacterales;f__Enterobacteriaceae;g__Citrobacter;s__Citrobacter_braakii	0.9998070639728308
67e8859e108281ee7971084bfa759522	Unassigned	0.6194326769866836
7d458fff3a0222bf74ee5659f6cbf232	Unassigned	0.8327371894065632
b626ffd8945ddb2d29c4d88cb3da0942	Unassigned	0.6247855818133685
3603463c5a586480186afe49598c4b20	ASV14d__Bacteria;p__Proteobacteria;c__Gammaproteobacteria;o__Pseudomonadales;f__Pseudomonadaceae;g__Pseudomonas_E;s__Pseudomonas_E fluorescens_AP	0.9999998539959698
4295fbac76cf077be893c9fe6872e0d7	Unassigned	0.7290760235168732
6d45ef6c759968071a5354d4baca4550	ASV29d__Bacteria;p__Proteobacteria;c__Gammaproteobacteria;o__Enterobacterales;f__Enterobacteriaceae;g__Citrobacter;s__Citrobacter_braakii	0.999559131790623
a273bec6005c3cb28ee3fa46db74d619	Unassigned	0.6183680267962142
791b6ad8e887e29560b674c0bec07930	ASV14d__Bacteria;p__Proteobacteria;c__Gammaproteobacteria;o__Pseudomonadales;f__Pseudomonadaceae;g__Pseudomonas_E;s__Pseudomonas_E fluorescens_AP	0.999999999925123
41d68ec5dbef4171f6ed31186260dbe9	X491_Betaproteobacteria;Burkholderiales;Burkholderiaceae;Pandoraea	0.9855850953879686
cc5f896642d3f8e6cfee2ab1a34e6f74	ASV16d__Bacteria;p__Proteobacteria;c__Gammaproteobacteria;o__Burkholderiales;f__Chromobacteriaceae;g__Aquitalea;s__	0.9944712016862994
a9a466f8672d9f72271931ede8c5efc2	ASV8d__Bacteria;p__Proteobacteria;c__Alphaproteobacteria;o__Rhizobiales;f__Rhizobiaceae;g__Rhizobium;s__	0.9999999153088517
f254cf8743fe1ad9c8ffdec42778ce26	ASV29d__Bacteria;p__Proteobacteria;c__Gammaproteobacteria;o__Enterobacterales;f__Enterobacteriaceae;g__Citrobacter;s__Citrobacter_braakii	0.999240159754899
77198dc8327132698e672adc545b9e07	ASV34d__Bacteria;p__Bacteroidota;c__Bacteroidia;o__Flavobacteriales;f__Weeksellaceae;g__Elizabethkingia;s__Elizabethkingia_miricola	0.9999999994235793
f6a87879272c75134faf85e10f10a575	ASV14d__Bacteria;p__Proteobacteria;c__Gammaproteobacteria;o__Pseudomonadales;f__Pseudomonadaceae;g__Pseudomonas_E;s__Pseudomonas_E fluorescens_AP	0.9999999999299121
52683695d1540ee9bdef1e08264800e3	ASV34d__Bacteria;p__Bacteroidota;c__Bacteroidia;o__Flavobacteriales;f__Weeksellaceae;g__Elizabethkingia;s__Elizabethkingia_miricola	0.9999999999552216
82572b7abe921c9d9328a251a5984e39	Unassigned	0.4722388336225809
4cf28025e84a73ae1e7be0f4ddb6847e	Unassigned	0.7276153453317087
89dee6d233c559829f7dbbd9316cd24a	Unassigned	0.5787554799895287
97fcc7ec01d35e46f6b32477fcbdae00	Unassigned	0.7884609085008154
c0501be19606f9a18bffed794faed929	ASV31d__Bacteria;p__Proteobacteria;c__Gammaproteobacteria;o__Burkholderiales;f__Burkholderiaceae;g__Delftia;s__Delftia_acidovorans	0.9998130234222836
e4657febd0d49002d8d0d0dace67f979	Unassigned	0.765671971803231
8cc0b87dc5485b75aa4eb2c6d06124b3	Unassigned	0.9096358107428248
729f4ed3e117e6697c2bcf061740a05e	Unassigned	0.7973652104193918
6aca90a29f11a9e292f6340cc4ceb0eb	Unassigned	0.7955794590373997
861fbb93a6d17f229ad1fd650ce858ad	Unassigned	0.8339755881758499
f742e031fc56e4368f944e57f725b98d	Unassigned	0.6240497290609569
fce000d757fbd380f72fe89858cf1460	Unassigned	0.8157466219959129
7abdcf5322744591c02caf17d493619c	Unassigned	0.7638226840790239
445125bd6b8a27d0620ca4c7ad591d09	Unassigned	0.7157029505799967
196d0fecb20632fc5a61f4b1b541dd68	Unassigned	0.7535397774338348
849c2ea342238b572d4d46e94c4e209b	Unassigned	0.7322291939889206
472342a21a5637cddf9da83ea6f15e77	ASV14d__Bacteria;p__Proteobacteria;c__Gammaproteobacteria;o__Pseudomonadales;f__Pseudomonadaceae;g__Pseudomonas_E;s__Pseudomonas_E fluorescens_AP	0.9999999999462972
dcceaf652a2b18635322394f2ba179fd	Unassigned	0.6934773941220702
7149759e08e75154f7fa8d4733f482c1	Unassigned	0.7787894041603383
3ae4ec2b5b8b147b5e7685e132be2f2b	Unassigned	0.7877817818630941
43c951b8ebd7cc900898c8fa6445dee3	Unassigned	0.6376981723949264
09a93b87fd5573bee1c461b1585ce4a3	ASV21d__Bacteria;p__Proteobacteria;c__Gammaproteobacteria;o__Xanthomonadales;f__Rhodanobacteraceae;g__Dyella;s__	0.7346192652124904
43b9fb028f49e49e422e3067d698495a	Unassigned	0.6240084913871001
c7f81e578b744416518395a14b669f9f	Unassigned	0.8120869186782365
a123fe0136f26d5073cbbb7def282e58	X391_Actinobacteria;Actinomycetales;Microbacteriaceae;Leifsonia	0.9999999999997584
9e594c3b0bb83ff5fb39046463d2c77e	Unassigned	0.5826678495629274
65dcd664e8d2c1c5e59ca28e772e4b1e	Unassigned	0.7522031777584324
b94b6c55688233aa9e1f7633d5879820	Unassigned	0.6333857926641441
83783a3d303d767e6c980fc2891c4ef2	Unassigned	0.8056097563702521
0685035e312304cd640185a147a3c457	Unassigned	0.7803452057324051
a1338028beae958aaa54e7fcce39f442	ASV34d__Bacteria;p__Bacteroidota;c__Bacteroidia;o__Flavobacteriales;f__Weeksellaceae;g__Elizabethkingia;s__Elizabethkingia_miricola	0.9999999994625313
649045760511989d1edef1a12782ec24	ASV32d__Bacteria;p__Proteobacteria;c__Gammaproteobacteria;o__Burkholderiales;f__Burkholderiaceae;g__Achromobacter;s__	0.9999941064707242
8004cf8caf9fd5d3492b135f02284abc	ASV30d__Bacteria;p__Proteobacteria;c__Gammaproteobacteria;o__Enterobacterales;f__Enterobacteriaceae;g__Serratia_A;s__Serratia_Afonticola	0.9985905478327726
d3be13a233ce4a25722ba1df239c477f	ASV34d__Bacteria;p__Bacteroidota;c__Bacteroidia;o__Flavobacteriales;f__Weeksellaceae;g__Elizabethkingia;s__Elizabethkingia_miricola	0.9999999999249809
8d0504958655f844a2825a8b1780cadd	ASV14d__Bacteria;p__Proteobacteria;c__Gammaproteobacteria;o__Pseudomonadales;f__Pseudomonadaceae;g__Pseudomonas_E;s__Pseudomonas_E fluorescens_AP	0.9999999986956851
d59c0bb79e43a5b394143348d60c12b2	ASV29d__Bacteria;p__Proteobacteria;c__Gammaproteobacteria;o__Enterobacterales;f__Enterobacteriaceae;g__Citrobacter;s__Citrobacter_braakii	0.9973919528611155
bc583828a002529011b2f8d754471396	ASV14d__Bacteria;p__Proteobacteria;c__Gammaproteobacteria;o__Pseudomonadales;f__Pseudomonadaceae;g__Pseudomonas_E;s__Pseudomonas_E fluorescens_AP	0.9999999492064702
ae6c3d54b505cb38904059aed60e71f8	ASV14d__Bacteria;p__Proteobacteria;c__Gammaproteobacteria;o__Pseudomonadales;f__Pseudomonadaceae;g__Pseudomonas_E;s__Pseudomonas_E fluorescens_AP	0.9999999973263556
7841632f8d24125aa953f59678386268	ASV29d__Bacteria;p__Proteobacteria;c__Gammaproteobacteria;o__Enterobacterales;f__Enterobacteriaceae;g__Citrobacter;s__Citrobacter_braakii	0.9994928083606937
2bc93535bcd323587377a31bffb3c483	ASV34d__Bacteria;p__Bacteroidota;c__Bacteroidia;o__Flavobacteriales;f__Weeksellaceae;g__Elizabethkingia;s__Elizabethkingia_miricola	0.9999999998926796
a377dfcacb0670977ad7353513145e6d	ASV29d__Bacteria;p__Proteobacteria;c__Gammaproteobacteria;o__Enterobacterales;f__Enterobacteriaceae;g__Citrobacter;s__Citrobacter_braakii	0.999649541304466
4b95b639e17b3df729fe4fb4f6d8689c	ASV10d__Bacteria;p__Proteobacteria;c__Gammaproteobacteria;o__Burkholderiales;f__Burkholderiaceae;g__Comamonas_B;s__	0.9948933488888244
0e526b914f123ed65abc081caaa35988	ASV34d__Bacteria;p__Bacteroidota;c__Bacteroidia;o__Flavobacteriales;f__Weeksellaceae;g__Elizabethkingia;s__Elizabethkingia_miricola	0.9999999998064908
fcf41b423ac5c5a21660096684acc800	ASV30d__Bacteria;p__Proteobacteria;c__Gammaproteobacteria;o__Enterobacterales;f__Enterobacteriaceae;g__Serratia_A;s__Serratia_Afonticola	0.9978148563562396
586c4ece95749f230b7b27a24ddd5c0b	ASV21d__Bacteria;p__Proteobacteria;c__Gammaproteobacteria;o__Xanthomonadales;f__Rhodanobacteraceae;g__Dyella;s__	0.999999999294019
7fe5ecde089beeedd48f3027f8ae5b61	ASV30d__Bacteria;p__Proteobacteria;c__Gammaproteobacteria;o__Enterobacterales;f__Enterobacteriaceae;g__Serratia_A;s__Serratia_Afonticola	0.9957131748379129
787d3a51de1bb2d26328c92176e6f198	ASV10d__Bacteria;p__Proteobacteria;c__Gammaproteobacteria;o__Burkholderiales;f__Burkholderiaceae;g__Comamonas_B;s__	0.9958880126539157
ff24f64e5eed83014708dcad9e477f4d	ASV14d__Bacteria;p__Proteobacteria;c__Gammaproteobacteria;o__Pseudomonadales;f__Pseudomonadaceae;g__Pseudomonas_E;s__Pseudomonas_E fluorescens_AP	0.9999999993716955
d3fead5ef8ee079173181e0ec00356da	ASV30d__Bacteria;p__Proteobacteria;c__Gammaproteobacteria;o__Enterobacterales;f__Enterobacteriaceae;g__Serratia_A;s__Serratia_Afonticola	0.9987579710978566
d226a742db56c5406e6cd8b91fb42fe8	ASV29d__Bacteria;p__Proteobacteria;c__Gammaproteobacteria;o__Enterobacterales;f__Enterobacteriaceae;g__Citrobacter;s__Citrobacter_braakii	0.9997577430123776
f0074eaa247209d6f9b78f439bdfc826	ASV2d__Bacteria;p__Bacteroidota;c__Bacteroidia;o__Sphingobacteriales;f__Sphingobacteriaceae;g__Pedobacter;s__	0.9997199166088332
dfa5e6dedcc7d97ab69f5fafe1ee386c	ASV29d__Bacteria;p__Proteobacteria;c__Gammaproteobacteria;o__Enterobacterales;f__Enterobacteriaceae;g__Citrobacter;s__Citrobacter_braakii	0.999130200935193
1ae2f1b9a7d04769811dee8fa32dc35c	ASV5d__Bacteria;p__Proteobacteria;c__Gammaproteobacteria;o__Burkholderiales;f__Chromobacteriaceae;g__Chromobacterium;s__Chromobacteriumsp002213445	0.9993272694187116
0c75fad62e79e0e00da06c7e9d5b5f2b	ASV30d__Bacteria;p__Proteobacteria;c__Gammaproteobacteria;o__Enterobacterales;f__Enterobacteriaceae;g__Serratia_A;s__Serratia_Afonticola	0.9992513451477362
edf7993a30a3b06f2b83194bf0b26432	ASV11d__Bacteria;p__Proteobacteria;c__Gammaproteobacteria;o__Burkholderiales;f__Chromobacteriaceae;g__Aquitalea;s__Aquitaleapelogenes	0.9923449614479559
03ba1d395ac267b7f746c651153985f5	ASV34d__Bacteria;p__Bacteroidota;c__Bacteroidia;o__Flavobacteriales;f__Weeksellaceae;g__Elizabethkingia;s__Elizabethkingia_miricola	0.9999999998288303
f1188cce5c6b5b57d0fd8b9a991752c8	ASV29d__Bacteria;p__Proteobacteria;c__Gammaproteobacteria;o__Enterobacterales;f__Enterobacteriaceae;g__Citrobacter;s__Citrobacter_braakii	0.9996648944582694
22f51978d5410827cd39ce3ddf6ec188	ASV34d__Bacteria;p__Bacteroidota;c__Bacteroidia;o__Flavobacteriales;f__Weeksellaceae;g__Elizabethkingia;s__Elizabethkingia_miricola	0.9999999999111537
ed3fb3d535bd63aeb8f1d5cd061da106	ASV29d__Bacteria;p__Proteobacteria;c__Gammaproteobacteria;o__Enterobacterales;f__Enterobacteriaceae;g__Citrobacter;s__Citrobacter_braakii	0.9998232413351347
0b64ea4e57af0dc40b1b13a25bbf8621	ASV2d__Bacteria;p__Bacteroidota;c__Bacteroidia;o__Sphingobacteriales;f__Sphingobacteriaceae;g__Pedobacter;s__	0.9996045300721985
fb9c8029891b92b6ca8445a20e612c49	ASV29d__Bacteria;p__Proteobacteria;c__Gammaproteobacteria;o__Enterobacterales;f__Enterobacteriaceae;g__Citrobacter;s__Citrobacter_braakii	0.9993823714511663
34caeb9551ee5aa919a8ec45e697249b	ASV14d__Bacteria;p__Proteobacteria;c__Gammaproteobacteria;o__Pseudomonadales;f__Pseudomonadaceae;g__Pseudomonas_E;s__Pseudomonas_E fluorescens_AP	0.9999999982825329
68a11d7f9ef657c4a3b477f38acac788	ASV30d__Bacteria;p__Proteobacteria;c__Gammaproteobacteria;o__Enterobacterales;f__Enterobacteriaceae;g__Serratia_A;s__Serratia_Afonticola	0.9976549009577727
acb5be156c1c300c0d5042ad88a80bae	ASV29d__Bacteria;p__Proteobacteria;c__Gammaproteobacteria;o__Enterobacterales;f__Enterobacteriaceae;g__Citrobacter;s__Citrobacter_braakii	0.9998192451579564
3f664009a76e60b2a9cb88817d0acb03	ASV29d__Bacteria;p__Proteobacteria;c__Gammaproteobacteria;o__Enterobacterales;f__Enterobacteriaceae;g__Citrobacter;s__Citrobacter_braakii	0.9998432984229744
4fdfe0847a3d7a69dcb1bd7b67fb19f4	X263_Sphingobacteriia;Sphingobacteriales;Chitinophagaceae; Chitinophaga	0.9999999999252225
03c1679b82b97b2c1462069c9cd4f6d0	ASV29d__Bacteria;p__Proteobacteria;c__Gammaproteobacteria;o__Enterobacterales;f__Enterobacteriaceae;g__Citrobacter;s__Citrobacter_braakii	0.9995847442284743
5474ceff1faad41f6daa90ef666d9f9e	ASV29d__Bacteria;p__Proteobacteria;c__Gammaproteobacteria;o__Enterobacterales;f__Enterobacteriaceae;g__Citrobacter;s__Citrobacter_braakii	0.9994988446602151
e4cea4db68fa9f85e989dd0b053b04ac	ASV30d__Bacteria;p__Proteobacteria;c__Gammaproteobacteria;o__Enterobacterales;f__Enterobacteriaceae;g__Serratia_A;s__Serratia_Afonticola	0.9994089639583535
c773389a8f495e9bcec8ff159470ce09	ASV29d__Bacteria;p__Proteobacteria;c__Gammaproteobacteria;o__Enterobacterales;f__Enterobacteriaceae;g__Citrobacter;s__Citrobacter_braakii	0.9998426373619511
1015f215437f51eacfbf3bbdac48d62a	ASV34d__Bacteria;p__Bacteroidota;c__Bacteroidia;o__Flavobacteriales;f__Weeksellaceae;g__Elizabethkingia;s__Elizabethkingia_miricola	0.9999999998730544
8fc5c95acbfde9fbf6f6352d0cdfb3c1	X391_Actinobacteria;Actinomycetales;Microbacteriaceae;Leifsonia	0.9999999999997868
c25ad6f26a70700f96712be078f48f1f	ASV6d__Bacteria;p__Proteobacteria;c__Gammaproteobacteria;o__Burkholderiales;f__Burkholderiaceae;g__Ralstonia;s__	0.9963121512007248
ba2cfd2e67825f6f7db8c7d66f610903	ASV29d__Bacteria;p__Proteobacteria;c__Gammaproteobacteria;o__Enterobacterales;f__Enterobacteriaceae;g__Citrobacter;s__Citrobacter_braakii	0.998410203520284
de781d8f5a11e8211f556e16cc015fa4	ASV14d__Bacteria;p__Proteobacteria;c__Gammaproteobacteria;o__Pseudomonadales;f__Pseudomonadaceae;g__Pseudomonas_E;s__Pseudomonas_E fluorescens_AP	0.9999999996819326
90d900b0f5d10a3d6379af48809c14be	Unassigned	0.7919470997982062
ef550c07382bc4be808d9e965d05cf31	ASV7d__Bacteria;p__Proteobacteria;c__Gammaproteobacteria;o__Burkholderiales;f__Burkholderiaceae;g__Herbaspirillum;s__	0.9995095415628545
c9eb1f1f31e4ec350efff382702b9ae6	ASV31d__Bacteria;p__Proteobacteria;c__Gammaproteobacteria;o__Burkholderiales;f__Burkholderiaceae;g__Delftia;s__Delftia_acidovorans	0.9997056297544228
2817c1618ed01bf7ca69d3f08414b3fe	ASV14d__Bacteria;p__Proteobacteria;c__Gammaproteobacteria;o__Pseudomonadales;f__Pseudomonadaceae;g__Pseudomonas_E;s__Pseudomonas_E fluorescens_AP	0.9999999994604565
fe6ab59db7ccc3610495deed5e32a138	ASV34d__Bacteria;p__Bacteroidota;c__Bacteroidia;o__Flavobacteriales;f__Weeksellaceae;g__Elizabethkingia;s__Elizabethkingia_miricola	0.999999999177362
f8a2f2be4faaa8f201d40a4d3c958b57	ASV34d__Bacteria;p__Bacteroidota;c__Bacteroidia;o__Flavobacteriales;f__Weeksellaceae;g__Elizabethkingia;s__Elizabethkingia_miricola	0.9999999999016893
3ff25cffa2b1c9ab4115788340298b4c	ASV34d__Bacteria;p__Bacteroidota;c__Bacteroidia;o__Flavobacteriales;f__Weeksellaceae;g__Elizabethkingia;s__Elizabethkingia_miricola	0.9999999999663061
b86023c4548fbddab3ae329b10e111c3	ASV34d__Bacteria;p__Bacteroidota;c__Bacteroidia;o__Flavobacteriales;f__Weeksellaceae;g__Elizabethkingia;s__Elizabethkingia_miricola	0.9999999990686916
27f8a74c92e72d467c938d05747b7903	ASV31d__Bacteria;p__Proteobacteria;c__Gammaproteobacteria;o__Burkholderiales;f__Burkholderiaceae;g__Delftia;s__Delftia_acidovorans	0.9994720934229866
eea2fccb16b776c9474c6b9d920fc7c6	ASV14d__Bacteria;p__Proteobacteria;c__Gammaproteobacteria;o__Pseudomonadales;f__Pseudomonadaceae;g__Pseudomonas_E;s__Pseudomonas_E fluorescens_AP	0.9999999998301803
854214963891a7819864540ef903e33f	ASV29d__Bacteria;p__Proteobacteria;c__Gammaproteobacteria;o__Enterobacterales;f__Enterobacteriaceae;g__Citrobacter;s__Citrobacter_braakii	0.9997279019690651
dd8368f353645a16da9e4969e7f0cebf	ASV11d__Bacteria;p__Proteobacteria;c__Gammaproteobacteria;o__Burkholderiales;f__Chromobacteriaceae;g__Aquitalea;s__Aquitaleapelogenes	0.9916103540723141
ed5ef4dd41b33ba10217eddf72a68f13	ASV14d__Bacteria;p__Proteobacteria;c__Gammaproteobacteria;o__Pseudomonadales;f__Pseudomonadaceae;g__Pseudomonas_E;s__Pseudomonas_E fluorescens_AP	0.9999999990525339
61eebd3dcb84e19e5b2b9fc9f5cd4469	ASV30d__Bacteria;p__Proteobacteria;c__Gammaproteobacteria;o__Enterobacterales;f__Enterobacteriaceae;g__Serratia_A;s__Serratia_Afonticola	0.9987830671999074
f59b974fe68027dc63e5626897697f76	ASV29d__Bacteria;p__Proteobacteria;c__Gammaproteobacteria;o__Enterobacterales;f__Enterobacteriaceae;g__Citrobacter;s__Citrobacter_braakii	0.9998576988638708
7aaf08758a76855c12f5ef60b228f2c7	ASV9d__Bacteria;p__Proteobacteria;c__Alphaproteobacteria;o__Caulobacterales;f__Caulobacteraceae;g__Brevundimonas;s__	0.9999998505711686
ddcc51388c2c9b6986fcc8772f98ca6a	ASV32d__Bacteria;p__Proteobacteria;c__Gammaproteobacteria;o__Burkholderiales;f__Burkholderiaceae;g__Achromobacter;s__	0.9999969633837713
e15bb2eaa96217f754420ac74ceceb24	ASV16d__Bacteria;p__Proteobacteria;c__Gammaproteobacteria;o__Burkholderiales;f__Chromobacteriaceae;g__Aquitalea;s__	0.9941215900940863
6d4e82bdb93d46bbbe8a861d7c88e939	ASV29d__Bacteria;p__Proteobacteria;c__Gammaproteobacteria;o__Enterobacterales;f__Enterobacteriaceae;g__Citrobacter;s__Citrobacter_braakii	0.9995727902847135
515765b16c050da2d4727a7b887ae777	ASV5d__Bacteria;p__Proteobacteria;c__Gammaproteobacteria;o__Burkholderiales;f__Chromobacteriaceae;g__Chromobacterium;s__Chromobacteriumsp002213445	0.9980069004492724
18b133766a2eaf510b6e4b42d55ccdd8	ASV10d__Bacteria;p__Proteobacteria;c__Gammaproteobacteria;o__Burkholderiales;f__Burkholderiaceae;g__Comamonas_B;s__	0.9950028675461714
921f7f0e9330a125b2f7ff9150e06abc	ASV16d__Bacteria;p__Proteobacteria;c__Gammaproteobacteria;o__Burkholderiales;f__Chromobacteriaceae;g__Aquitalea;s__	0.9869897566178045
c39044eb24f828d45c7075562a3ac723	ASV29d__Bacteria;p__Proteobacteria;c__Gammaproteobacteria;o__Enterobacterales;f__Enterobacteriaceae;g__Citrobacter;s__Citrobacter_braakii	0.9988796985136514
62ca3f9514769a0f15ed6784a77a3e8d	ASV34d__Bacteria;p__Bacteroidota;c__Bacteroidia;o__Flavobacteriales;f__Weeksellaceae;g__Elizabethkingia;s__Elizabethkingia_miricola	0.999999999986187
0484f8ead1f263a2c5ca613f21c5c855	ASV29d__Bacteria;p__Proteobacteria;c__Gammaproteobacteria;o__Enterobacterales;f__Enterobacteriaceae;g__Citrobacter;s__Citrobacter_braakii	0.9992505387578146
284e18df9178f49e17c628c777e71ab0	Unassigned	0.8291541365568135
67b4b257a416b3525cffcabb174a04c4	Unassigned	0.7590525679321101
5af37bc13a2ff5f32548065ef5cf8cc1	Unassigned	0.47238431933163705
b5a36a10691ac1400cacb28c38691393	Unassigned	0.7806286395636747
341b53b299fa108a8070698f13fb466a	Unassigned	0.4784703076641801
9ab8acf53a2a5b2c7223c41f4b1936cf	Unassigned	0.8352395528261788
b27acfaa3fb4b23d4aa9aa7a8903ce97	Unassigned	0.8362955240049047
d683aa50c2e80953f547867f254247ff	Unassigned	0.8098714413031557
2ab4ec36d9ad14eb5f73e6845c35ba71	Unassigned	0.7297647144108799
72cdfcbdf557344ee23aab6d68911ae5	Unassigned	0.5379838111393851
b3d3908e73554a17a7828d55f077eaf1	ASV17d__Bacteria;p__Bacteroidota;c__Bacteroidia;o__Sphingobacteriales;f__Sphingobacteriaceae;g__Pedobacter;s__	0.9760482183791086
a2b852cce368a4bedf9b0293ffd8fc63	Unassigned	0.7997720128532747
9655500f8dad715a99a7dcbf5c149551	Unassigned	0.7787177479050893
05f77756690e5d01aa4d4436d55b508c	ASV29d__Bacteria;p__Proteobacteria;c__Gammaproteobacteria;o__Enterobacterales;f__Enterobacteriaceae;g__Citrobacter;s__Citrobacter_braakii	0.9998844563274293
4e2e6735331ad01a30c94d2f4c285dc2	Unassigned	0.7217738426650382
8c09eec1d36c4cb2bd880e0b522f52ba	Unassigned	0.8251817316851136
9f7921a8f2d72935c4026caa576346b1	Unassigned	0.6738549895522532
76d667bf81cd0ba6642052978ccb62b0	Unassigned	0.750359309761504
d13f73a5cbc9a8e9594553d32dc0b637	ASV9d__Bacteria;p__Proteobacteria;c__Alphaproteobacteria;o__Caulobacterales;f__Caulobacteraceae;g__Brevundimonas;s__	0.9999999853931031
8d655cf0df1e6b9dfe4722634085d39f	ASV34d__Bacteria;p__Bacteroidota;c__Bacteroidia;o__Flavobacteriales;f__Weeksellaceae;g__Elizabethkingia;s__Elizabethkingia_miricola	0.9999999998335909
564a63fc7930e329fd2ab81535bdfe13	ASV34d__Bacteria;p__Bacteroidota;c__Bacteroidia;o__Flavobacteriales;f__Weeksellaceae;g__Elizabethkingia;s__Elizabethkingia_miricola	0.9999999994943067
87230654d644f8990777eaf658175e9d	ASV5d__Bacteria;p__Proteobacteria;c__Gammaproteobacteria;o__Burkholderiales;f__Chromobacteriaceae;g__Chromobacterium;s__Chromobacteriumsp002213445	0.9997723782327017
1d6304be6a55cd7cf25f5fb071f4e25a	ASV10d__Bacteria;p__Proteobacteria;c__Gammaproteobacteria;o__Burkholderiales;f__Burkholderiaceae;g__Comamonas_B;s__	0.9937827088713282
bfecdc5a41689cbdff01581333c9a092	ASV32d__Bacteria;p__Proteobacteria;c__Gammaproteobacteria;o__Burkholderiales;f__Burkholderiaceae;g__Achromobacter;s__	0.9999955264355853
030fb267075d517d64f53592dce09852	Unassigned	0.8009974432689433
a7c4365fc35b6eee82a00ba0957707c6	Unassigned	0.60833565210866
3975e240bedf623316f7b72eb9457386	X391_Actinobacteria;Actinomycetales;Microbacteriaceae;Leifsonia	0.9999999999998579
97dd48351dcacb7e7a59bd7dd88b5e5d	ASV11d__Bacteria;p__Proteobacteria;c__Gammaproteobacteria;o__Burkholderiales;f__Chromobacteriaceae;g__Aquitalea;s__Aquitaleapelogenes	0.9928150628911778
5d9e5d47cc395984d1d183d9c0edd35e	ASV29d__Bacteria;p__Proteobacteria;c__Gammaproteobacteria;o__Enterobacterales;f__Enterobacteriaceae;g__Citrobacter;s__Citrobacter_braakii	0.9998738770342891
ca69c6196a6c6a04c29b109f6ece5f29	ASV30d__Bacteria;p__Proteobacteria;c__Gammaproteobacteria;o__Enterobacterales;f__Enterobacteriaceae;g__Serratia_A;s__Serratia_Afonticola	0.9984396722385896
db64c098aefe84f053a636687f4f8b1f	ASV30d__Bacteria;p__Proteobacteria;c__Gammaproteobacteria;o__Enterobacterales;f__Enterobacteriaceae;g__Serratia_A;s__Serratia_Afonticola	0.9967797025404257
a8eb624d49bacf005043d90bb92773da	Unassigned	0.5797459361264827
aadc991be5ac50a699635da1d3ed9411	Unassigned	0.8259563635903306
ab7bef04e1eaa68c70885ac74a339d97	Unassigned	0.7746672986721957
5465f8fe34c136d94413821bad380330	Unassigned	0.7943306726444961
70fe99c5e1a0fc6749d0b5fe70ec295a	ASV30d__Bacteria;p__Proteobacteria;c__Gammaproteobacteria;o__Enterobacterales;f__Enterobacteriaceae;g__Serratia_A;s__Serratia_Afonticola	0.9925077639554902
7e02855cc9a8e75f2686d6fe175c6178	ASV14d__Bacteria;p__Proteobacteria;c__Gammaproteobacteria;o__Pseudomonadales;f__Pseudomonadaceae;g__Pseudomonas_E;s__Pseudomonas_E fluorescens_AP	0.9999999977080165
87235487546ce7940e70d77e6adc5e2f	ASV14d__Bacteria;p__Proteobacteria;c__Gammaproteobacteria;o__Pseudomonadales;f__Pseudomonadaceae;g__Pseudomonas_E;s__Pseudomonas_E fluorescens_AP	0.9999999986728625
60aa77b8e7031cb954d76b8a241d4637	Unassigned	0.7352851348989915
2ce9f100851edc3a0e86e2322f1795d0	Unassigned	0.8424336044919007
5037c598c0ff5462d8e5432092c3f69f	Unassigned	0.8563884959332259
2e030f55dffb178cf84acacd84dcf01d	Unassigned	0.7159882286182468
c5dbb427f0a023904eda73ea8a7de669	Unassigned	0.8749645832343816
ad68df09332ab032a4b5c60456aa112f	Unassigned	0.7890121116555447
293ef03d374faabfead55d572895bc0f	Unassigned	0.7171226470702928
916e67ea04225ef1a5c18164a779da45	Unassigned	0.7976339178088244
50c9885aa3501bf7c1488acca5639633	Unassigned	0.8196122092445328
9b51079259dc85da8f0fceee10c666bc	Unassigned	0.47181065853190196
91fd7539e5d791e76e36ed01943392b8	Unassigned	0.839360135476307
cefed7fa9ca63fbcfb1fd522a1e63393	Unassigned	0.861541477220719
9591c637bfac0214c0b82f8b73de1dd5	Unassigned	0.7914723350370626
5eac1e24251e31c43f7ed663681d9d9a	Unassigned	0.776303116083345
b45a2a62d0c8f8559275b6d6877f0d70	Unassigned	0.8557732717578272
cf0e6c9128d505f51bc0caf7a7c4e795	Unassigned	0.591808025037864
177d77af153ca7871b8c9d6e84689c38	Unassigned	0.8482363325328446
76c6d3fd9be95a0ce6d2ad420d7a32b9	Unassigned	0.6320149865899491
5429068e8ff623ad7bb8723f3381db67	ASV19d__Bacteria;p__Bacteroidota;c__Bacteroidia;o__Sphingobacteriales;f__Sphingobacteriaceae;g__Pedobacter;s__	0.9984098378816794
0153d3e468b6e9cb003de669e4dfceb5	ASV32d__Bacteria;p__Proteobacteria;c__Gammaproteobacteria;o__Burkholderiales;f__Burkholderiaceae;g__Achromobacter;s__	0.9999985338713292
acc6edc4f205ebb4c52f3d77dbf9a155	Unassigned	0.40285069671098284
6ee42581640f81dec93c23aa5596e2c2	ASV8d__Bacteria;p__Proteobacteria;c__Alphaproteobacteria;o__Rhizobiales;f__Rhizobiaceae;g__Rhizobium;s__	0.999999958339985
1ffcbb37f46f084f31cf8c8ae47aab3a	ASV34d__Bacteria;p__Bacteroidota;c__Bacteroidia;o__Flavobacteriales;f__Weeksellaceae;g__Elizabethkingia;s__Elizabethkingia_miricola	0.9999999988943813
d1b8679d4108361fdc5de4384874ef3b	ASV29d__Bacteria;p__Proteobacteria;c__Gammaproteobacteria;o__Enterobacterales;f__Enterobacteriaceae;g__Citrobacter;s__Citrobacter_braakii	0.9993216773152871
8bc4c111531fcb6f40ee5a358ad89c23	ASV14d__Bacteria;p__Proteobacteria;c__Gammaproteobacteria;o__Pseudomonadales;f__Pseudomonadaceae;g__Pseudomonas_E;s__Pseudomonas_E fluorescens_AP	0.9999999983354115
6392005ed21a64d93d0b552a6ef13258	ASV31d__Bacteria;p__Proteobacteria;c__Gammaproteobacteria;o__Burkholderiales;f__Burkholderiaceae;g__Delftia;s__Delftia_acidovorans	0.9997482811753752
5df2446c2c0bb1b9e761ad547c5a7503	ASV30d__Bacteria;p__Proteobacteria;c__Gammaproteobacteria;o__Enterobacterales;f__Enterobacteriaceae;g__Serratia_A;s__Serratia_Afonticola	0.9986368787316532
659beb91d9961f94f842166194bfa0d2	ASV31d__Bacteria;p__Proteobacteria;c__Gammaproteobacteria;o__Burkholderiales;f__Burkholderiaceae;g__Delftia;s__Delftia_acidovorans	0.9990978486446916
83c1e748e4f3c187825b9d3e2376cd88	ASV17d__Bacteria;p__Bacteroidota;c__Bacteroidia;o__Sphingobacteriales;f__Sphingobacteriaceae;g__Pedobacter;s__	0.9357560580324835
444612608512b9930e69240e9664056e	ASV8d__Bacteria;p__Proteobacteria;c__Alphaproteobacteria;o__Rhizobiales;f__Rhizobiaceae;g__Rhizobium;s__	0.9999998505458022
d851aab803c37ddf40da6dcd8ff7bd83	ASV34d__Bacteria;p__Bacteroidota;c__Bacteroidia;o__Flavobacteriales;f__Weeksellaceae;g__Elizabethkingia;s__Elizabethkingia_miricola	0.9999999999664908
98bad4fc0320005e43bf8f671155a9ea	ASV16d__Bacteria;p__Proteobacteria;c__Gammaproteobacteria;o__Burkholderiales;f__Chromobacteriaceae;g__Aquitalea;s__	0.9899453636936395
e4fbf68bcbef2608336fa5ef691eb119	ASV5d__Bacteria;p__Proteobacteria;c__Gammaproteobacteria;o__Burkholderiales;f__Chromobacteriaceae;g__Chromobacterium;s__Chromobacteriumsp002213445	0.9995404236632801
51af73fc52387c347f3ddc36a501b225	ASV14d__Bacteria;p__Proteobacteria;c__Gammaproteobacteria;o__Pseudomonadales;f__Pseudomonadaceae;g__Pseudomonas_E;s__Pseudomonas_E fluorescens_AP	0.9999999996040003
533c97cd7a37d18833f34b0e92b78f9a	ASV34d__Bacteria;p__Bacteroidota;c__Bacteroidia;o__Flavobacteriales;f__Weeksellaceae;g__Elizabethkingia;s__Elizabethkingia_miricola	0.999999999728999
b90700e98435da7f1e5eb02347d8ce27	ASV8d__Bacteria;p__Proteobacteria;c__Alphaproteobacteria;o__Rhizobiales;f__Rhizobiaceae;g__Rhizobium;s__	0.9999999074262903
d40188f8c04e0d9a22e7632b4732aff1	ASV34d__Bacteria;p__Bacteroidota;c__Bacteroidia;o__Flavobacteriales;f__Weeksellaceae;g__Elizabethkingia;s__Elizabethkingia_miricola	0.9999999998911875
fe7da512136866e88b71f7692252677d	ASV22d__Bacteria;p__Proteobacteria;c__Gammaproteobacteria;o__Burkholderiales;f__Burkholderiaceae;g__Paraburkholderia_B;s__	0.9994807191197497
0df1b618b174fa57fa7670620fd4eabc	ASV34d__Bacteria;p__Bacteroidota;c__Bacteroidia;o__Flavobacteriales;f__Weeksellaceae;g__Elizabethkingia;s__Elizabethkingia_miricola	0.9999999998331504
3fb6ff0d01e4da63ff16fc08fa702400	ASV14d__Bacteria;p__Proteobacteria;c__Gammaproteobacteria;o__Pseudomonadales;f__Pseudomonadaceae;g__Pseudomonas_E;s__Pseudomonas_E fluorescens_AP	0.9999999997749853
bc660e88eca0a833a79b798af307793d	Unassigned	0.8284065324801371
a4ac030a2c70f2d431b9a4f1af3b7109	Unassigned	0.9087289167214252
77993f8019f9e7aff63969d2df37745b	Unassigned	0.7326983017161217
d1b9deb2681f9e20b2cee6a7bc64cb5f	Unassigned	0.7930560998054714
2655e23f8bc91a503063cc5e1cd55ea6	Unassigned	0.7998388033651691
c51999df3f5762bf328e3d2b586c4a22	ASV31d__Bacteria;p__Proteobacteria;c__Gammaproteobacteria;o__Burkholderiales;f__Burkholderiaceae;g__Delftia;s__Delftia_acidovorans	0.9961776074480808
7d9690bac0f13bb94736d34c2d4abaa0	ASV2d__Bacteria;p__Bacteroidota;c__Bacteroidia;o__Sphingobacteriales;f__Sphingobacteriaceae;g__Pedobacter;s__	0.9996032531336939
440b1b2a3a3468f7d81164671b569b50	X263_Sphingobacteriia;Sphingobacteriales;Chitinophagaceae; Chitinophaga	0.9999999998258176
57d23f25926c6f682ed57ba28d3690bd	ASV5d__Bacteria;p__Proteobacteria;c__Gammaproteobacteria;o__Burkholderiales;f__Chromobacteriaceae;g__Chromobacterium;s__Chromobacteriumsp002213445	0.9984951197411092
520bcbf22fcdda76c583f0159f8ab5e3	ASV8d__Bacteria;p__Proteobacteria;c__Alphaproteobacteria;o__Rhizobiales;f__Rhizobiaceae;g__Rhizobium;s__	0.9999999523964089
28d55fd6494a863457c44daa8e72dc79	ASV28d__Bacteria;p__Bacteroidota;c__Bacteroidia;o__Sphingobacteriales;f__Sphingobacteriaceae;g__Pedobacter;s__	0.9967372818624246
04b9e24b1d041e9aa64d1a1d0ace3a7b	ASV14d__Bacteria;p__Proteobacteria;c__Gammaproteobacteria;o__Pseudomonadales;f__Pseudomonadaceae;g__Pseudomonas_E;s__Pseudomonas_E fluorescens_AP	0.9999999987437036
872912b7c3720a9ad3c6b97558028942	ASV34d__Bacteria;p__Bacteroidota;c__Bacteroidia;o__Flavobacteriales;f__Weeksellaceae;g__Elizabethkingia;s__Elizabethkingia_miricola	0.999999999905242
9b89478dcfa106248cc5a388d5c6c2e8	ASV14d__Bacteria;p__Proteobacteria;c__Gammaproteobacteria;o__Pseudomonadales;f__Pseudomonadaceae;g__Pseudomonas_E;s__Pseudomonas_E fluorescens_AP	0.9999999996707913
07f0182747fe129f76c2dd47131834fe	X263_Sphingobacteriia;Sphingobacteriales;Chitinophagaceae; Chitinophaga	0.9999999997180851
5e68dcfcae9297800c02eb422d7f6a57	X263_Sphingobacteriia;Sphingobacteriales;Chitinophagaceae; Chitinophaga	0.9999999996678639
1611b8a64e6bf23f8acf69b5eac2671a	ASV29d__Bacteria;p__Proteobacteria;c__Gammaproteobacteria;o__Enterobacterales;f__Enterobacteriaceae;g__Citrobacter;s__Citrobacter_braakii	0.9986427436329882
4fd901935d1b362d2a35dc919873fa79	ASV14d__Bacteria;p__Proteobacteria;c__Gammaproteobacteria;o__Pseudomonadales;f__Pseudomonadaceae;g__Pseudomonas_E;s__Pseudomonas_E fluorescens_AP	0.9999999992848672
dd826cac7f5bf66b2446f636699e9d28	Unassigned	0.6988642795953828
b20cbeb7ac5d4d1dcc25aaa24713515a	ASV14d__Bacteria;p__Proteobacteria;c__Gammaproteobacteria;o__Pseudomonadales;f__Pseudomonadaceae;g__Pseudomonas_E;s__Pseudomonas_E fluorescens_AP	0.9999999997793765
270c37e7a27d94212aaa62d1036f3750	ASV29d__Bacteria;p__Proteobacteria;c__Gammaproteobacteria;o__Enterobacterales;f__Enterobacteriaceae;g__Citrobacter;s__Citrobacter_braakii	0.9995244283016461
3c5e74cd17b367a1730650aebef0ca33	ASV29d__Bacteria;p__Proteobacteria;c__Gammaproteobacteria;o__Enterobacterales;f__Enterobacteriaceae;g__Citrobacter;s__Citrobacter_braakii	0.9983225169420864
b65018e58b875972895d6d9e346b0cda	ASV29d__Bacteria;p__Proteobacteria;c__Gammaproteobacteria;o__Enterobacterales;f__Enterobacteriaceae;g__Citrobacter;s__Citrobacter_braakii	0.9986027886218746
df5cf1702f3f7fdaede0bb7c60fceb30	ASV14d__Bacteria;p__Proteobacteria;c__Gammaproteobacteria;o__Pseudomonadales;f__Pseudomonadaceae;g__Pseudomonas_E;s__Pseudomonas_E fluorescens_AP	0.9999999987651051
4971d5403a7e1f18913afda35d433739	Unassigned	0.6901407782538829
7e189872fe36a6fa841eb45125bb23a5	Unassigned	0.5446531467069466
9a2b62cd59ec1c3326b1bb0ad850341b	Unassigned	0.6502344410915091
49fd491edb2b10af09e962dbe2ac5e09	Unassigned	0.8493073140162187
381860c803ad1edbedd29b40b9a2a242	Unassigned	0.5955792772842821
b071dcb2b77055930a03b48ce312b95a	ASV29d__Bacteria;p__Proteobacteria;c__Gammaproteobacteria;o__Enterobacterales;f__Enterobacteriaceae;g__Citrobacter;s__Citrobacter_braakii	0.9995494033679999
fe4d11e5fa6bfa8cdb04214fe75444b2	X263_Sphingobacteriia;Sphingobacteriales;Chitinophagaceae; Chitinophaga	0.9999559217499502
55536b39733a51f38af53c7a37580513	ASV29d__Bacteria;p__Proteobacteria;c__Gammaproteobacteria;o__Enterobacterales;f__Enterobacteriaceae;g__Citrobacter;s__Citrobacter_braakii	0.9994338726929407
8f4c6e594627d3775b674e18dc50fdf6	ASV14d__Bacteria;p__Proteobacteria;c__Gammaproteobacteria;o__Pseudomonadales;f__Pseudomonadaceae;g__Pseudomonas_E;s__Pseudomonas_E fluorescens_AP	0.9999999974424014
7f25c224ae3ee0283c04af6d47768e2c	ASV14d__Bacteria;p__Proteobacteria;c__Gammaproteobacteria;o__Pseudomonadales;f__Pseudomonadaceae;g__Pseudomonas_E;s__Pseudomonas_E fluorescens_AP	0.9999999996466471
18185dcd8922bcf4e141fee277d26485	ASV29d__Bacteria;p__Proteobacteria;c__Gammaproteobacteria;o__Enterobacterales;f__Enterobacteriaceae;g__Citrobacter;s__Citrobacter_braakii	0.9991342024818755
4ad73607e29d54e4ffc6c7c782b22e20	ASV34d__Bacteria;p__Bacteroidota;c__Bacteroidia;o__Flavobacteriales;f__Weeksellaceae;g__Elizabethkingia;s__Elizabethkingia_miricola	0.9999999997500311
eaf707217917a01a2458a66947b6d8e3	Unassigned	0.751224262430769
7099ee14392fce17d5e504c0ba98dfa8	Unassigned	0.8221165411398013
f25cf4de30a93665205dbc86237ae74a	Unassigned	0.8845392657191641
53283ef6c3264cec694859024a10c831	Unassigned	0.7140017255262985
f5c9edcfbdd6e33e97f384990f22666a	Unassigned	0.8231847196339723
997ceaa8b7557d5abaf42f0fc8e0a611	Unassigned	0.7880445186360501
82001fceb8c2c83828a1ccc44aa57255	Unassigned	0.7739885609498783
416a8510944d0103caf6cc34e832468c	ASV29d__Bacteria;p__Proteobacteria;c__Gammaproteobacteria;o__Enterobacterales;f__Enterobacteriaceae;g__Citrobacter;s__Citrobacter_braakii	0.9997655633412651
32bcdf9d34995084d78734e3e633e4f8	Unassigned	0.6418951579002914
3ca7e9f4b54c8d49946a773dbf74d279	Unassigned	0.8219953113009362
615f193e69b7615bfa22d702866fc378	Unassigned	0.7657527823169692
cf2c50d2413afc810bfcbe5a21d7495f	Unassigned	0.6663370546268248
d99e1ed433ea8bf27f6d03135f4f5c4f	Unassigned	0.849958962816879
5a7f6e3e8a8514099cdb710a1e0194ce	Unassigned	0.8416372659834297
4b6d823c43ed639321cb3b3026e557a3	Unassigned	0.7806411212135053
3f63532737679f37f8f7404e6db8d5cb	ASV14d__Bacteria;p__Proteobacteria;c__Gammaproteobacteria;o__Pseudomonadales;f__Pseudomonadaceae;g__Pseudomonas_E;s__Pseudomonas_E fluorescens_AP	0.9999999955298335
d83f60183d81253a505beaeef3cd168f	X391_Actinobacteria;Actinomycetales;Microbacteriaceae;Leifsonia	0.9999998283366983
0f87eefa8e8e5180e290005e15890d02	Unassigned	0.8718873827674767
f4dcd200e902067124d2ddc0c5849f12	Unassigned	0.7128479815495702
ebbce7366b3466a2db76025da2a2ad1c	Unassigned	0.6843000300090303
9d3daa227322a9a658dc77ffe8a71469	ASV29d__Bacteria;p__Proteobacteria;c__Gammaproteobacteria;o__Enterobacterales;f__Enterobacteriaceae;g__Citrobacter;s__Citrobacter_braakii	0.9998078269622129
db5ccbe606563e5988bd90717557a320	ASV29d__Bacteria;p__Proteobacteria;c__Gammaproteobacteria;o__Enterobacterales;f__Enterobacteriaceae;g__Citrobacter;s__Citrobacter_braakii	0.9996565635673882
a6aad70c22c30771e77b38747dff695b	ASV29d__Bacteria;p__Proteobacteria;c__Gammaproteobacteria;o__Enterobacterales;f__Enterobacteriaceae;g__Citrobacter;s__Citrobacter_braakii	0.9992062980227806
58dc9ceb887d657782bcaeefb9978140	ASV29d__Bacteria;p__Proteobacteria;c__Gammaproteobacteria;o__Enterobacterales;f__Enterobacteriaceae;g__Citrobacter;s__Citrobacter_braakii	0.9997870992302921
e3f4fa3bce703469a73f041be8c95a4e	ASV29d__Bacteria;p__Proteobacteria;c__Gammaproteobacteria;o__Enterobacterales;f__Enterobacteriaceae;g__Citrobacter;s__Citrobacter_braakii	0.9984594022015614
5934748314c7e8220ba4d4478af15d8b	ASV29d__Bacteria;p__Proteobacteria;c__Gammaproteobacteria;o__Enterobacterales;f__Enterobacteriaceae;g__Citrobacter;s__Citrobacter_braakii	0.9928078306796535
1133325f939198d3481bdfdd4c43bf3b	ASV32d__Bacteria;p__Proteobacteria;c__Gammaproteobacteria;o__Burkholderiales;f__Burkholderiaceae;g__Achromobacter;s__	0.9999986371271398
64c544c882c2974f14cd81860a25e0e4	ASV29d__Bacteria;p__Proteobacteria;c__Gammaproteobacteria;o__Enterobacterales;f__Enterobacteriaceae;g__Citrobacter;s__Citrobacter_braakii	0.9996761070731145
73e7febcff6a79414f2a81a0c56d5fcf	ASV17d__Bacteria;p__Bacteroidota;c__Bacteroidia;o__Sphingobacteriales;f__Sphingobacteriaceae;g__Pedobacter;s__	0.9534892519616452
e6ef485a760275d4c240fe6943d0d3d0	ASV34d__Bacteria;p__Bacteroidota;c__Bacteroidia;o__Flavobacteriales;f__Weeksellaceae;g__Elizabethkingia;s__Elizabethkingia_miricola	0.9999999997646256
fae4c2f320bd9b5e82fe2631db15a5d7	ASV30d__Bacteria;p__Proteobacteria;c__Gammaproteobacteria;o__Enterobacterales;f__Enterobacteriaceae;g__Serratia_A;s__Serratia_Afonticola	0.9994944215306887
5f770c3a2b91c61c39aa5bd7245a7b0c	ASV14d__Bacteria;p__Proteobacteria;c__Gammaproteobacteria;o__Pseudomonadales;f__Pseudomonadaceae;g__Pseudomonas_E;s__Pseudomonas_E fluorescens_AP	0.9999999992736974
388dc661dd20742321507b57b7fd311f	ASV32d__Bacteria;p__Proteobacteria;c__Gammaproteobacteria;o__Burkholderiales;f__Burkholderiaceae;g__Achromobacter;s__	0.9999986229308138
97a743896deda033e3eede5b30cfc54a	ASV29d__Bacteria;p__Proteobacteria;c__Gammaproteobacteria;o__Enterobacterales;f__Enterobacteriaceae;g__Citrobacter;s__Citrobacter_braakii	0.998800089000462
83e76c187cc69e9462729105bcb9a38e	ASV14d__Bacteria;p__Proteobacteria;c__Gammaproteobacteria;o__Pseudomonadales;f__Pseudomonadaceae;g__Pseudomonas_E;s__Pseudomonas_E fluorescens_AP	0.9999999993490718
a649489646135b3c1322b4babd448f5d	ASV29d__Bacteria;p__Proteobacteria;c__Gammaproteobacteria;o__Enterobacterales;f__Enterobacteriaceae;g__Citrobacter;s__Citrobacter_braakii	0.9993417609846145
bade33d423787525e689cb612abee4bc	ASV34d__Bacteria;p__Bacteroidota;c__Bacteroidia;o__Flavobacteriales;f__Weeksellaceae;g__Elizabethkingia;s__Elizabethkingia_miricola	0.9999999998240838
b2dcc1e65ac8496f9bffff7620684b93	ASV29d__Bacteria;p__Proteobacteria;c__Gammaproteobacteria;o__Enterobacterales;f__Enterobacteriaceae;g__Citrobacter;s__Citrobacter_braakii	0.9992677804564889
83f4d04eafbe8024f439756e047a508b	ASV30d__Bacteria;p__Proteobacteria;c__Gammaproteobacteria;o__Enterobacterales;f__Enterobacteriaceae;g__Serratia_A;s__Serratia_Afonticola	0.9995466268498384
9290903594ccc474180d9cf1aaf9362f	ASV30d__Bacteria;p__Proteobacteria;c__Gammaproteobacteria;o__Enterobacterales;f__Enterobacteriaceae;g__Serratia_A;s__Serratia_Afonticola	0.9978775259338576
bbe50cf1b532388cc5a630ecf85fcf27	ASV30d__Bacteria;p__Proteobacteria;c__Gammaproteobacteria;o__Enterobacterales;f__Enterobacteriaceae;g__Serratia_A;s__Serratia_Afonticola	0.9985454105983794
301915d0d76972cdcb339897827108ae	Unassigned	0.6396304760138563
af378e22767480e3cc2a9b8430284ddb	Unassigned	0.8379437223261792
1b96aa1cb820a967bfc6662d267d48a2	Unassigned	0.8518694158114336
791a1fea267ed8fb9458182017683d03	Unassigned	0.7068029304957026
e2a8578bcdbc3aad7a8227c43a17f64e	Unassigned	0.7091077524088167
d7385912ba1f38b78552e19b1ed4ca93	ASV34d__Bacteria;p__Bacteroidota;c__Bacteroidia;o__Flavobacteriales;f__Weeksellaceae;g__Elizabethkingia;s__Elizabethkingia_miricola	0.9999999998247091
2bebc433c85f4ca501d717c30b8ecb6d	ASV14d__Bacteria;p__Proteobacteria;c__Gammaproteobacteria;o__Pseudomonadales;f__Pseudomonadaceae;g__Pseudomonas_E;s__Pseudomonas_E fluorescens_AP	0.9999999939074229
b9131afb1e682cc6728b0e7f881456dd	ASV16d__Bacteria;p__Proteobacteria;c__Gammaproteobacteria;o__Burkholderiales;f__Chromobacteriaceae;g__Aquitalea;s__	0.992959703623137
0ac4bd649aec238fd00304a30e78f88f	ASV29d__Bacteria;p__Proteobacteria;c__Gammaproteobacteria;o__Enterobacterales;f__Enterobacteriaceae;g__Citrobacter;s__Citrobacter_braakii	0.9998704299184106
b361cbc523f841d807d013a5fe593e09	ASV34d__Bacteria;p__Bacteroidota;c__Bacteroidia;o__Flavobacteriales;f__Weeksellaceae;g__Elizabethkingia;s__Elizabethkingia_miricola	0.9999999999541558
0922d2bd4c1f630ec37a8510e7c456cb	ASV30d__Bacteria;p__Proteobacteria;c__Gammaproteobacteria;o__Enterobacterales;f__Enterobacteriaceae;g__Serratia_A;s__Serratia_Afonticola	0.9990671337623521
775a2bf556fba29edbcecbe1506526ee	ASV32d__Bacteria;p__Proteobacteria;c__Gammaproteobacteria;o__Burkholderiales;f__Burkholderiaceae;g__Achromobacter;s__	0.9999988170147737
33019bed7a91f9cdfe43f461da73531a	ASV31d__Bacteria;p__Proteobacteria;c__Gammaproteobacteria;o__Burkholderiales;f__Burkholderiaceae;g__Delftia;s__Delftia_acidovorans	0.9989485416749195
e8a9953dc17a9fab2574ff2d1872b884	ASV28d__Bacteria;p__Bacteroidota;c__Bacteroidia;o__Sphingobacteriales;f__Sphingobacteriaceae;g__Pedobacter;s__	0.9988630649374729
0f02b7a5ae52bfd19a95985d867e4cf7	ASV17d__Bacteria;p__Bacteroidota;c__Bacteroidia;o__Sphingobacteriales;f__Sphingobacteriaceae;g__Pedobacter;s__	0.9373498066493962
cff610fcb9cf6304ea7f9d9e18d1c3bf	ASV16d__Bacteria;p__Proteobacteria;c__Gammaproteobacteria;o__Burkholderiales;f__Chromobacteriaceae;g__Aquitalea;s__	0.9919169602234347
87298153bcfcc6c0e3bf3d7648faaf8d	ASV11d__Bacteria;p__Proteobacteria;c__Gammaproteobacteria;o__Burkholderiales;f__Chromobacteriaceae;g__Aquitalea;s__Aquitaleapelogenes	0.9897395992840776
8e9ae227ae18907d23d75642ec21d286	ASV29d__Bacteria;p__Proteobacteria;c__Gammaproteobacteria;o__Enterobacterales;f__Enterobacteriaceae;g__Citrobacter;s__Citrobacter_braakii	0.9997914818740194
e982d0307d7d60833b797dfe8fe94d03	X120_Alphaproteobacteria;Sphingomonadales;Sphingomonadaceae;Sphingomonas	0.9999994614605925
fcbb35c7b06919bb950d94c51d511764	ASV7d__Bacteria;p__Proteobacteria;c__Gammaproteobacteria;o__Burkholderiales;f__Burkholderiaceae;g__Herbaspirillum;s__	0.9989928816497287
e22b0b3493731587318881fe94cd5d8b	ASV30d__Bacteria;p__Proteobacteria;c__Gammaproteobacteria;o__Enterobacterales;f__Enterobacteriaceae;g__Serratia_A;s__Serratia_Afonticola	0.9946171775347193
f339edae7e5dfc3eec80bea6f26e0fe8	X263_Sphingobacteriia;Sphingobacteriales;Chitinophagaceae; Chitinophaga	0.9999999999326405
1a053fd35aa0b5643f26375abdd592ad	ASV34d__Bacteria;p__Bacteroidota;c__Bacteroidia;o__Flavobacteriales;f__Weeksellaceae;g__Elizabethkingia;s__Elizabethkingia_miricola	0.99999999981884
df320f7bc87bf8c7b5f8fe32733860f8	ASV29d__Bacteria;p__Proteobacteria;c__Gammaproteobacteria;o__Enterobacterales;f__Enterobacteriaceae;g__Citrobacter;s__Citrobacter_braakii	0.9973814507826597
bf8050c216f6bbd4cd28724d2d651efd	ASV29d__Bacteria;p__Proteobacteria;c__Gammaproteobacteria;o__Enterobacterales;f__Enterobacteriaceae;g__Citrobacter;s__Citrobacter_braakii	0.9990567629288799
077d311d86b215df15a5223e0f22a6e5	Unassigned	0.8722832577770077
a3879413d25ff74e36444c01aac1c44a	Unassigned	0.8274888417378315
551506c88cf238b9f6a19b3513a91ac1	Unassigned	0.5625006889807218
356fdf78671f333c19c79e194fa872d0	Unassigned	0.578012552261857
aae45e1351c9e7cd9b46e533fe6a8a52	Unassigned	0.7643920418771988
942eeef0621d7a157116c4b086dc12fb	Unassigned	0.7898606924066456
90e09973e34dfba5332a6471e3a7e146	Unassigned	0.7851025504152853
0e78ff5525ef873c0e597508a9987550	Unassigned	0.8043534196531608
f2925193a667076f98abb83405ef7c29	Unassigned	0.8315834173801242
9c2eb399925799971dd7e486da0e8b7d	Unassigned	0.6119558545098893
7f7de4892492fbf90f118a4cb2776c8e	Unassigned	0.6236216856067998
94e9b1f0a13fcea0ecda49e1fed96236	Unassigned	0.9119323008290958
a25acaed4743d1221b58a5a8b982a630	Unassigned	0.7454689146500373
fd97f60e99cfd4e6b4491c337fa91877	Unassigned	0.8726208697883124
a163abaa5b2d390331ec7fd7af22ad01	ASV17d__Bacteria;p__Bacteroidota;c__Bacteroidia;o__Sphingobacteriales;f__Sphingobacteriaceae;g__Pedobacter;s__	0.9787517401745712
bf657d6eb04f6288219ef8a6560f688d	ASV34d__Bacteria;p__Bacteroidota;c__Bacteroidia;o__Flavobacteriales;f__Weeksellaceae;g__Elizabethkingia;s__Elizabethkingia_miricola	0.9999999999290594
5db78c9f78506b0d72b5368932bf7ddf	ASV28d__Bacteria;p__Bacteroidota;c__Bacteroidia;o__Sphingobacteriales;f__Sphingobacteriaceae;g__Pedobacter;s__	0.9990990757316927
a7967c2c4b23d1c939960aa5aae82657	ASV11d__Bacteria;p__Proteobacteria;c__Gammaproteobacteria;o__Burkholderiales;f__Chromobacteriaceae;g__Aquitalea;s__Aquitaleapelogenes	0.9903237229219554
c257e67a7d239d71702a5a533e33a48b	Unassigned	0.6672065016926478
0a0517455b8050e1e49b2fe0b6ac6792	Unassigned	0.82295318442532
90a2ae847aefbdf1616a04f897b14024	Unassigned	0.8945637550170019
9e75d15ba3717ca20d8aa45e3c4a6bab	Unassigned	0.5861092872384832
b40a035d42d592e205db3f556994ff81	ASV32d__Bacteria;p__Proteobacteria;c__Gammaproteobacteria;o__Burkholderiales;f__Burkholderiaceae;g__Achromobacter;s__	0.9999863609622277
a99b9673a80daf689375871e8f72bda8	X491_Betaproteobacteria;Burkholderiales;Burkholderiaceae;Pandoraea	0.9939180315089351
69af461b736b9d599bd07a36279b3b38	Unassigned	0.853910755198372
a72ef778d0c42cb08cbd955d496cbfa9	Unassigned	0.8577188193897295
89fd4192633326a923272281cb77cad7	Unassigned	0.6903628803614145
f88307c3c82aa31411ab6cb24f9cf7b1	Unassigned	0.8576784531170766
18bd008b6d71e103842738c1475afd31	ASV14d__Bacteria;p__Proteobacteria;c__Gammaproteobacteria;o__Pseudomonadales;f__Pseudomonadaceae;g__Pseudomonas_E;s__Pseudomonas_E fluorescens_AP	0.9999999988393142
93e012ef2b5f96bd433dcdd41b341fca	Unassigned	0.33734920380008837
2336d90d65dd40b43a25d80a59c958cf	ASV34d__Bacteria;p__Bacteroidota;c__Bacteroidia;o__Flavobacteriales;f__Weeksellaceae;g__Elizabethkingia;s__Elizabethkingia_miricola	0.9999999999622844
0b54ee351804a2df6c9358f66cad3275	Unassigned	0.8535500791064826
a01f8998a7611f3335c54caddce9ab25	Unassigned	0.8415484090101558
92036d3ef4139030db811e9169c46b8a	Unassigned	0.7006201238952012
d7a705fa3b67f54dabcc13760646acb7	Unassigned	0.8591178997825559
586aaec41206772b66289f09629b9ce3	Unassigned	0.8021313888934682
1faae89005ec1b8db6bfc1e047909dfe	Unassigned	0.6239382179169967
f4febd14276880dba388b4bc6b49673e	Unassigned	0.8673001674091232
1d0cb3d342008a0e505a01dbe3bf2a59	Unassigned	0.7729789118022823
5248ca55f3503a958f2bd1d55115b615	Unassigned	0.8511031807399531
1318ad43afc7ec9f339a6d05fc8a39ee	Unassigned	0.9021135196158029
5f267ce4d670b9fc7cd32886e096415c	Unassigned	0.7251407430026761
d773d3d4eae82ea638e8852ef9e31ee7	Unassigned	0.7510080121902678
7f9ce8eada8b7b3cd678d06f3b921e5b	Unassigned	0.6298416941108288
6eb6e959e72fa67d53ba1f03a645e8d6	Unassigned	0.3208803506264015
e084dadb9f21e0a7f6bf632ede3a9715	Unassigned	0.8624305443657889
f1dad3eb3f832cc7ad1e1f752163498c	Unassigned	0.7421212287456771
7cd9bf54d9db00a65a6fdaa4243612d9	Unassigned	0.8008592420441893
e9a7cb7c501c148e2cad03e6d182a68b	Unassigned	0.883311799471956
8bc259fb3bf943e50da0f825bf65f372	Unassigned	0.8695965477966352
600abe52060a4b2b27d156bc72e5e0a5	Unassigned	0.5792362646632565
3b7e6b85f4366816f1ba368172d33c11	Unassigned	0.8128041670335197
0be2d0dde804c83e88f676d44c02eac0	Unassigned	0.8163322000366812
2c94a00c6b7a9aea0f9eb7f041299f01	Unassigned	0.6853811774251316
642105c41345acfac2cc07221b6a6fba	Unassigned	0.8480689534665398
4bb758d0452a2e807b9c039a85a9af9f	Unassigned	0.8497599408840729
f9691cbddd3326456e5362102cb8f8ae	Unassigned	0.7673110740560876
036b2704b4973e10317f903a9ad1ae20	Unassigned	0.8890548747931313
099b0e2e8ea970a62c89da4a3f41b49a	Unassigned	0.8568870227728644
a36c0af9909862d9355c71a77ff60d5d	Unassigned	0.725287638304744
6eb4c0b013b78cf0f9ceb1304b8ff89b	Unassigned	0.8803056497782783
f53a09e1a6e3327274e38466546ad4f6	Unassigned	0.754546834327309
77b9383d60b4e0f972bcd385bcd712c9	Unassigned	0.786709506873464
fd45c0363d202a7c1fbf2f48b21cabf5	Unassigned	0.84412269786778
52bc2d0186da38b64e2d14e2265fa914	Unassigned	0.8542786889430579
2f34c7fe90abecad3c8ddadfaeb8fea0	Unassigned	0.8355730355958912
ef4e34dda5bb1f78cf55a4e2855564c8	Unassigned	0.4854171358352629
5702deb7f0a51441101b2ef0db924d61	Unassigned	0.7801085137595978
ec30a5cecc8ae92d49d642d451198d9b	Unassigned	0.6974641183868515
e2a454bf2970a264500ef7d5b4680baf	Unassigned	0.8203376869176723
41075d139a3b8643db89edb7de52ed97	Unassigned	0.35500660014049934
7345713390383c703b65e80073f1b056	Unassigned	0.8486392664166235
d61338de99d4ecbdf6bb2087e3906049	Unassigned	0.8553452789692334
f66063cdb72bc3130e4ba767481e2415	Unassigned	0.8592019722070452
f826718ec656d8da199fce4537e8abf6	Unassigned	0.8047956828021807
6e5d05b4c07f12c8109d66a5077ce17e	ASV34d__Bacteria;p__Bacteroidota;c__Bacteroidia;o__Flavobacteriales;f__Weeksellaceae;g__Elizabethkingia;s__Elizabethkingia_miricola	0.9999999999658229
54f6a442a1f4d5570f7764151fe6e6aa	Unassigned	0.8070771407579918
ff98e30bfdb75daea5911348a6f0a3e5	Unassigned	0.8594495698381172
d9d558bec3f071d72e1e1ed680f8fab9	Unassigned	0.7697587078987624
f54a0598b99adc607a3a09d7b827d6e1	Unassigned	0.8080342523084812
b5bd77ebdc97edaaefee8611c0780fb6	Unassigned	0.7988062622107668
ab432ab5edab55f0935fdfb93a7c4fa8	ASV30d__Bacteria;p__Proteobacteria;c__Gammaproteobacteria;o__Enterobacterales;f__Enterobacteriaceae;g__Serratia_A;s__Serratia_Afonticola	0.9962137004368133
8290a19d3df47fac8e9485c8f8635aa9	ASV14d__Bacteria;p__Proteobacteria;c__Gammaproteobacteria;o__Pseudomonadales;f__Pseudomonadaceae;g__Pseudomonas_E;s__Pseudomonas_E fluorescens_AP	0.9999999974353955
67fca4eae8c3bb6439329cce58f9ab9c	ASV31d__Bacteria;p__Proteobacteria;c__Gammaproteobacteria;o__Burkholderiales;f__Burkholderiaceae;g__Delftia;s__Delftia_acidovorans	0.9988101734138641
7f1a871c4db1229c6f818ab002d4f085	ASV17d__Bacteria;p__Bacteroidota;c__Bacteroidia;o__Sphingobacteriales;f__Sphingobacteriaceae;g__Pedobacter;s__	0.9770478786544151
a80a99440a7c8d860a319e8ac77ff574	ASV14d__Bacteria;p__Proteobacteria;c__Gammaproteobacteria;o__Pseudomonadales;f__Pseudomonadaceae;g__Pseudomonas_E;s__Pseudomonas_E fluorescens_AP	0.9999999993771809
c122df734bc1629cce5cd43c53c598ed	ASV28d__Bacteria;p__Bacteroidota;c__Bacteroidia;o__Sphingobacteriales;f__Sphingobacteriaceae;g__Pedobacter;s__	0.9990026786568436
f964f45f47c796477f432e581cf1d09a	ASV14d__Bacteria;p__Proteobacteria;c__Gammaproteobacteria;o__Pseudomonadales;f__Pseudomonadaceae;g__Pseudomonas_E;s__Pseudomonas_E fluorescens_AP	0.9999999989127843
3166e726c3e841ba3f6b261ca7457a51	ASV34d__Bacteria;p__Bacteroidota;c__Bacteroidia;o__Flavobacteriales;f__Weeksellaceae;g__Elizabethkingia;s__Elizabethkingia_miricola	0.9999999999630091
77a3454066e5307c59437a4841a14dd7	ASV10d__Bacteria;p__Proteobacteria;c__Gammaproteobacteria;o__Burkholderiales;f__Burkholderiaceae;g__Comamonas_B;s__	0.9964929131300344
0120aaef474710546af263e4c34cb150	ASV34d__Bacteria;p__Bacteroidota;c__Bacteroidia;o__Flavobacteriales;f__Weeksellaceae;g__Elizabethkingia;s__Elizabethkingia_miricola	0.9999999999480309
404ece6f12778feffdf4281819e66298	ASV29d__Bacteria;p__Proteobacteria;c__Gammaproteobacteria;o__Enterobacterales;f__Enterobacteriaceae;g__Citrobacter;s__Citrobacter_braakii	0.9974364763466187
c89ade86047c0862f2f7c070fe4200ca	ASV29d__Bacteria;p__Proteobacteria;c__Gammaproteobacteria;o__Enterobacterales;f__Enterobacteriaceae;g__Citrobacter;s__Citrobacter_braakii	0.9996324114677647
b7a743f3ff8b353216aab98fb6410d2f	Unassigned	0.8489917871826853
8b6eeb6b77750aed5ea5e9e22fda7cb9	Unassigned	0.8846766332426554
8f2114598a6bfef8b51f25ecb7498704	Unassigned	0.700164180453724
b705090446a89793c76a537d03f078bf	Unassigned	0.8561456202194047
2ccbd67c74ccd44ef65b96acbb0f155b	Unassigned	0.7820656016101886
63a9e3bc2f02d12382e7080cc4b95ed4	Unassigned	0.8617085430417354
569a5f4c10a4a45200b72ebc1a668b90	ASV34d__Bacteria;p__Bacteroidota;c__Bacteroidia;o__Flavobacteriales;f__Weeksellaceae;g__Elizabethkingia;s__Elizabethkingia_miricola	0.9999999999227356
33e170c7bf5a60a5e42736da2b5d8934	ASV32d__Bacteria;p__Proteobacteria;c__Gammaproteobacteria;o__Burkholderiales;f__Burkholderiaceae;g__Achromobacter;s__	0.9999986414674416
3cd7376664d966854bb40fa2cf993d2d	ASV5d__Bacteria;p__Proteobacteria;c__Gammaproteobacteria;o__Burkholderiales;f__Chromobacteriaceae;g__Chromobacterium;s__Chromobacteriumsp002213445	0.9996565986757067
8037d339653af5fcf6958bd3e6e754d0	ASV17d__Bacteria;p__Bacteroidota;c__Bacteroidia;o__Sphingobacteriales;f__Sphingobacteriaceae;g__Pedobacter;s__	0.965803862717655
962bf309dfa22849ef0f834219efd83f	X263_Sphingobacteriia;Sphingobacteriales;Chitinophagaceae; Chitinophaga	0.9999999998216254
a04ca678a88c22de0092ae0ab5d006ca	Unassigned	0.7721314348996788
06cae71508630c96fa70294c8cbcd2fd	ASV14d__Bacteria;p__Proteobacteria;c__Gammaproteobacteria;o__Pseudomonadales;f__Pseudomonadaceae;g__Pseudomonas_E;s__Pseudomonas_E fluorescens_AP	0.9999999997749001
98afe8865ad7034f7de1f78736866f86	Unassigned	0.771321688603659
909763aa6923d3963141b9bd4a13cf97	ASV14d__Bacteria;p__Proteobacteria;c__Gammaproteobacteria;o__Pseudomonadales;f__Pseudomonadaceae;g__Pseudomonas_E;s__Pseudomonas_E fluorescens_AP	0.9999965676377587
9a805efcae10eb316c36d506d1bacb78	ASV29d__Bacteria;p__Proteobacteria;c__Gammaproteobacteria;o__Enterobacterales;f__Enterobacteriaceae;g__Citrobacter;s__Citrobacter_braakii	0.9995026662176144
e80daab996db8c1560b6df904a7cdaf3	ASV10d__Bacteria;p__Proteobacteria;c__Gammaproteobacteria;o__Burkholderiales;f__Burkholderiaceae;g__Comamonas_B;s__	0.9981951338096288
791856213a0ebf3156902f4e925f6ec2	ASV32d__Bacteria;p__Proteobacteria;c__Gammaproteobacteria;o__Burkholderiales;f__Burkholderiaceae;g__Achromobacter;s__	0.9999996613691597
7e83b7a3e7294b3560f8eb876606bc5b	ASV34d__Bacteria;p__Bacteroidota;c__Bacteroidia;o__Flavobacteriales;f__Weeksellaceae;g__Elizabethkingia;s__Elizabethkingia_miricola	0.9999999999137827
f2c0ca94281e80467817c92514b9c284	ASV30d__Bacteria;p__Proteobacteria;c__Gammaproteobacteria;o__Enterobacterales;f__Enterobacteriaceae;g__Serratia_A;s__Serratia_Afonticola	0.9964897335777586
13af353339c4f6609a2c15d0dfa7724b	ASV14d__Bacteria;p__Proteobacteria;c__Gammaproteobacteria;o__Pseudomonadales;f__Pseudomonadaceae;g__Pseudomonas_E;s__Pseudomonas_E fluorescens_AP	0.9999999866927142
55462497dec4613dd13142b75bafd0b4	Unassigned	0.7738020008144498
cf7ee7dbc1841ec5a40f8de55e2963ff	Unassigned	0.77814881007886
066535765f9731c9a51e13ef9685245f	Unassigned	0.7263914820123616
b234787a79056d368701615b0b0e557e	Unassigned	0.8535069883191047
16d13ed513218adc8b205a10b716e08c	Unassigned	0.5850017732605268
274f841653dc8b4c118f0c60bb70dff9	Unassigned	0.8209455675860203
7dcbf1663d591fbfd3264b2460d1aeff	X391_Actinobacteria;Actinomycetales;Microbacteriaceae;Leifsonia	0.9999999995146993
f3cc966b75bf3bc1f2344a738b83d6f8	ASV19d__Bacteria;p__Bacteroidota;c__Bacteroidia;o__Sphingobacteriales;f__Sphingobacteriaceae;g__Pedobacter;s__	0.9994937751627109
461d20a6d7b8c56006705e5ecc3f887b	ASV30d__Bacteria;p__Proteobacteria;c__Gammaproteobacteria;o__Enterobacterales;f__Enterobacteriaceae;g__Serratia_A;s__Serratia_Afonticola	0.9722902030691531
8bb92feb34eb9010a4faed2e56c20fa7	ASV14d__Bacteria;p__Proteobacteria;c__Gammaproteobacteria;o__Pseudomonadales;f__Pseudomonadaceae;g__Pseudomonas_E;s__Pseudomonas_E fluorescens_AP	0.9999999994798259
59701609794a6b6dd76fae1d1bdf46d8	ASV10d__Bacteria;p__Proteobacteria;c__Gammaproteobacteria;o__Burkholderiales;f__Burkholderiaceae;g__Comamonas_B;s__	0.9951936976012437
483beac39f6396d81097ccee2adff4ee	Unassigned	0.8449633681499823
838e9fbcee2cda98e812b69152f79456	Unassigned	0.7480259231159155
75594d8de0693cc62c803a7aba0a8634	Unassigned	0.74726865753142
d3c23396396e5ed77d95609edc2f4e04	Unassigned	0.5197207438645133
b67940627f5878ae37b00d2865ce012a	Unassigned	0.7523116225713469
e6aeb8062bb700e20b75b710ad32f64f	Unassigned	0.8476688354718511
1d20acdb0b6097119251546af7179b6d	Unassigned	0.8210881302998112
626142a9088f82c1d4b4b563181d6a96	Unassigned	0.8715969470950109
f52cc1224cac807cd42d9a901ed53c9b	Unassigned	0.6899793838112569
b24e658fa121e32d4a1b1713f67640f4	Unassigned	0.8318694683265014
51aaadf400a7be0f529263655ec46f07	Unassigned	0.6437918394973914
62e982aa992ea41e1fb340b55ac8c12d	Unassigned	0.809346100738823
3714db21d59bf50cff3ddd13ce2ebd2c	X391_Actinobacteria;Actinomycetales;Microbacteriaceae;Leifsonia	0.9999917051651842
d0d3b1a969a5670ce5907801dcca961e	Unassigned	0.688205606394882
17e3230195af5308637b2d16f1cf332c	Unassigned	0.756977185973079
c7e2329a29239bba9426c05155d1e789	Unassigned	0.850251450791477
0dd8fb3bb20e3ac6b1ca392dbababa4b	Unassigned	0.8292475350217291
33bf33860738ca8df85597b683bc7aa2	Unassigned	0.8100563562780112
c5a9cf7ecfbba41b2b4eabd8f35cf812	Unassigned	0.9060197190087763
11fb1fd00755ecc37690c66be2274c45	Unassigned	0.7615266742517779
75abce6a2d29b36b75e8710a646330e6	Unassigned	0.8302302462635746
2ccc8a49a1e144e400dec238f84ff04f	Unassigned	0.8217064793431654
3849d75a3202037b76edae7173edcf93	Unassigned	0.886908779196437
7876a64e2b1c7e6eb44d212698e57bb7	Unassigned	0.45840243582973594
7da2392b918324d5fed34e61d039e7d0	Unassigned	0.7930932798598336
01cc72e9751044d685b2adb6a00d92fa	Unassigned	0.8735459313835234
b38db8e441aa734acfd6085c228debdf	Unassigned	0.8027012133466169
f1860fe716257bd5fd5c4c6a16cf3b95	Unassigned	0.5067568815013731
15978d190133c30d93a718c51faa9e5a	ASV14d__Bacteria;p__Proteobacteria;c__Gammaproteobacteria;o__Pseudomonadales;f__Pseudomonadaceae;g__Pseudomonas_E;s__Pseudomonas_E fluorescens_AP	0.9638891973542484
f1ab018d3e1c0e01b51755e2d2b04726	Unassigned	0.7788657587801593
f36241fbf61346f727a8aec506281b65	Unassigned	0.8874973019985573
f3e3b58807733d720eeffe17f187a16b	Unassigned	0.7996950004097549
955b18b01d708202c19387ef565dfe11	Unassigned	0.5249201562013842
8d26c112a3560ee954e9e0ffe0fec570	Unassigned	0.7375883676586829
9c7e0c0f19a508c817a944cd7863f293	Unassigned	0.8261297646733117
323f29ecec48ff94ae1506454a561824	Unassigned	0.8156428037045989
360d80978f1426e2fc011ca1d89f1c39	Unassigned	0.7867573332603586
a5626b1c2a97e13b7cd8eef194560bc1	Unassigned	0.6782723735540064
939f3979da992ecac8a97c507b5713de	Unassigned	0.8218234617874312
adba26e521fd681129a7972dc85e2161	Unassigned	0.8336452759883892
05640e3e44782ac5d664471c6fc537e6	Unassigned	0.7186353164605348
73eaa1019427f579be8ceeeb3c5f1104	ASV14d__Bacteria;p__Proteobacteria;c__Gammaproteobacteria;o__Pseudomonadales;f__Pseudomonadaceae;g__Pseudomonas_E;s__Pseudomonas_E fluorescens_AP	0.9999999990129851
103fe15edef246ae6a536d47faeac322	Unassigned	0.7647222893754693
a029036e870242b5a5d6ba53d0cba15c	ASV30d__Bacteria;p__Proteobacteria;c__Gammaproteobacteria;o__Enterobacterales;f__Enterobacteriaceae;g__Serratia_A;s__Serratia_Afonticola	0.9995544322885137
33006e4430e42b5f6e65b0da73711a7d	ASV29d__Bacteria;p__Proteobacteria;c__Gammaproteobacteria;o__Enterobacterales;f__Enterobacteriaceae;g__Citrobacter;s__Citrobacter_braakii	0.999108938332233
93c6c7dd0c4c90daf90b720606af2dde	ASV30d__Bacteria;p__Proteobacteria;c__Gammaproteobacteria;o__Enterobacterales;f__Enterobacteriaceae;g__Serratia_A;s__Serratia_Afonticola	0.9845353410319527
4602f405ee5ea89604042c24970c760c	ASV29d__Bacteria;p__Proteobacteria;c__Gammaproteobacteria;o__Enterobacterales;f__Enterobacteriaceae;g__Citrobacter;s__Citrobacter_braakii	0.999330868822265
b67a5570425435d01492b3cb414fe4cc	ASV14d__Bacteria;p__Proteobacteria;c__Gammaproteobacteria;o__Pseudomonadales;f__Pseudomonadaceae;g__Pseudomonas_E;s__Pseudomonas_E fluorescens_AP	0.9999999994381454
650aa61765e97ec12361a5bf4afa6473	X491_Betaproteobacteria;Burkholderiales;Burkholderiaceae;Pandoraea	0.9951602440795766
95461d99c3bbe78921aa18ac32ab20b6	ASV30d__Bacteria;p__Proteobacteria;c__Gammaproteobacteria;o__Enterobacterales;f__Enterobacteriaceae;g__Serratia_A;s__Serratia_Afonticola	0.9983493877545946
035a414c88bb3672b7152fb8d67874fc	ASV14d__Bacteria;p__Proteobacteria;c__Gammaproteobacteria;o__Pseudomonadales;f__Pseudomonadaceae;g__Pseudomonas_E;s__Pseudomonas_E fluorescens_AP	0.9999999987586392
36d82bf7988cc1a955e769ad1df75b1d	ASV14d__Bacteria;p__Proteobacteria;c__Gammaproteobacteria;o__Pseudomonadales;f__Pseudomonadaceae;g__Pseudomonas_E;s__Pseudomonas_E fluorescens_AP	0.9999999961108301
b62b8527c387757aa4bbfb6b71ad8fc8	ASV30d__Bacteria;p__Proteobacteria;c__Gammaproteobacteria;o__Enterobacterales;f__Enterobacteriaceae;g__Serratia_A;s__Serratia_Afonticola	0.9973566115088802
c094f8da43be3675401c0884ba7d4406	ASV29d__Bacteria;p__Proteobacteria;c__Gammaproteobacteria;o__Enterobacterales;f__Enterobacteriaceae;g__Citrobacter;s__Citrobacter_braakii	0.9973674457304934
f2783efe613dc0e910413b3b0b943184	ASV14d__Bacteria;p__Proteobacteria;c__Gammaproteobacteria;o__Pseudomonadales;f__Pseudomonadaceae;g__Pseudomonas_E;s__Pseudomonas_E fluorescens_AP	0.9999999987881409
c07795bfa5a1a493129c36db57b4bb5d	ASV29d__Bacteria;p__Proteobacteria;c__Gammaproteobacteria;o__Enterobacterales;f__Enterobacteriaceae;g__Citrobacter;s__Citrobacter_braakii	0.9980698567058645
7a59c94248ec3d5dd10fe42c2475caf2	ASV14d__Bacteria;p__Proteobacteria;c__Gammaproteobacteria;o__Pseudomonadales;f__Pseudomonadaceae;g__Pseudomonas_E;s__Pseudomonas_E fluorescens_AP	0.9999999994753637
80fe92ca9e7de4483df5fed1285a80da	ASV30d__Bacteria;p__Proteobacteria;c__Gammaproteobacteria;o__Enterobacterales;f__Enterobacteriaceae;g__Serratia_A;s__Serratia_Afonticola	0.9969084698464349
0cc06e9bc422f955fc2cc82ec85e90e7	ASV29d__Bacteria;p__Proteobacteria;c__Gammaproteobacteria;o__Enterobacterales;f__Enterobacteriaceae;g__Citrobacter;s__Citrobacter_braakii	0.9998744334463084
13b3b13a173f5e10748a80869598f811	ASV34d__Bacteria;p__Bacteroidota;c__Bacteroidia;o__Flavobacteriales;f__Weeksellaceae;g__Elizabethkingia;s__Elizabethkingia_miricola	0.9999999999592717
2c4a40fb835146aaac0e95a8aa76ba83	ASV29d__Bacteria;p__Proteobacteria;c__Gammaproteobacteria;o__Enterobacterales;f__Enterobacteriaceae;g__Citrobacter;s__Citrobacter_braakii	0.9923512447100813
70b5ee7cbfe23b538cc8e531717cb20c	ASV29d__Bacteria;p__Proteobacteria;c__Gammaproteobacteria;o__Enterobacterales;f__Enterobacteriaceae;g__Citrobacter;s__Citrobacter_braakii	0.9995404316715785
1e903d8746cc8fc5368968465d5a089a	ASV22d__Bacteria;p__Proteobacteria;c__Gammaproteobacteria;o__Burkholderiales;f__Burkholderiaceae;g__Paraburkholderia_B;s__	0.9966914894278184
cbfdab9b61cc147d3fb24bbc9a697c08	ASV32d__Bacteria;p__Proteobacteria;c__Gammaproteobacteria;o__Burkholderiales;f__Burkholderiaceae;g__Achromobacter;s__	0.9999978686379455
a59dca1a5b4260e22569be75560383db	ASV29d__Bacteria;p__Proteobacteria;c__Gammaproteobacteria;o__Enterobacterales;f__Enterobacteriaceae;g__Citrobacter;s__Citrobacter_braakii	0.9997957669198955
189217f58c54c0decf0fa8002dee051f	ASV22d__Bacteria;p__Proteobacteria;c__Gammaproteobacteria;o__Burkholderiales;f__Burkholderiaceae;g__Paraburkholderia_B;s__	0.9996210977610047
461e1c294051eeecace85e2258ed76fb	ASV10d__Bacteria;p__Proteobacteria;c__Gammaproteobacteria;o__Burkholderiales;f__Burkholderiaceae;g__Comamonas_B;s__	0.9913592909822668
236c216075d45944284fb6e2172f30c1	Unassigned	0.7018913450802514
f1abff983e090f33b751be7996748587	Unassigned	0.8761464261741759
277b425f76c58967fc1734b7a8b0b1a3	X263_Sphingobacteriia;Sphingobacteriales;Chitinophagaceae; Chitinophaga	0.999999999938538
3aee7fc1bdc87ec11af4a1fbc53188ba	ASV30d__Bacteria;p__Proteobacteria;c__Gammaproteobacteria;o__Enterobacterales;f__Enterobacteriaceae;g__Serratia_A;s__Serratia_Afonticola	0.9991145242558055
240dd96fe2c2790c251386249cc152e7	ASV29d__Bacteria;p__Proteobacteria;c__Gammaproteobacteria;o__Enterobacterales;f__Enterobacteriaceae;g__Citrobacter;s__Citrobacter_braakii	0.9995583283309488
04972963e6a17ed4161a4736f5a0883c	ASV32d__Bacteria;p__Proteobacteria;c__Gammaproteobacteria;o__Burkholderiales;f__Burkholderiaceae;g__Achromobacter;s__	0.9999982968883366
199fd8d5879efd2a517b3f3c9e154b64	ASV29d__Bacteria;p__Proteobacteria;c__Gammaproteobacteria;o__Enterobacterales;f__Enterobacteriaceae;g__Citrobacter;s__Citrobacter_braakii	0.9988353229167375
e58bd5300d14492bdc375f591ed860fc	ASV34d__Bacteria;p__Bacteroidota;c__Bacteroidia;o__Flavobacteriales;f__Weeksellaceae;g__Elizabethkingia;s__Elizabethkingia_miricola	0.9999999999316884
7d4432fba184af813c2901b6a7f1344a	ASV29d__Bacteria;p__Proteobacteria;c__Gammaproteobacteria;o__Enterobacterales;f__Enterobacteriaceae;g__Citrobacter;s__Citrobacter_braakii	0.9997875898974392
95c146373c61721b3b5e53e4af7e00a6	ASV30d__Bacteria;p__Proteobacteria;c__Gammaproteobacteria;o__Enterobacterales;f__Enterobacteriaceae;g__Serratia_A;s__Serratia_Afonticola	0.9983606564531408
7292a34be079b519d5df136be5ee9c1a	ASV30d__Bacteria;p__Proteobacteria;c__Gammaproteobacteria;o__Enterobacterales;f__Enterobacteriaceae;g__Serratia_A;s__Serratia_Afonticola	0.9984358538506841
eb7ed4644b35eac12a21a603345ac569	ASV32d__Bacteria;p__Proteobacteria;c__Gammaproteobacteria;o__Burkholderiales;f__Burkholderiaceae;g__Achromobacter;s__	0.9999980109211066
22152ed8864a6150e9324cb2e2c21115	Unassigned	0.6127159075303388
ab499db4e4641da3c61c678b0add04b4	Unassigned	0.7869350116868694
1671fd256a0e408033155d79a3d50cd9	Unassigned	0.6373165486904697
afba59dcf4e6b2951b99872cd84dcac1	Unassigned	0.7276106666682047
5392a263cea87aa5f43d3262bdfb2017	Unassigned	0.7162414370526937
4b37f292f2acb5598c20d0b7991c8d03	Unassigned	0.6900832116892008
40156fc1d458b410bc7a62901982d51d	Unassigned	0.7464096567219207
c7f0906eafe7bd3c8c650c8265477c5d	Unassigned	0.8209230637042527
953a5510f05629f5df6fdbf719a18b3e	Unassigned	0.7973571088047213
1caf32fa928c5914c8eaf54ff0e1bdf4	Unassigned	0.43930224997188594
1a617e7dca50e70ee007cd7c0061a20a	Unassigned	0.7322709517952387
7809ad34eba9ae767f54cdab7c984f40	Unassigned	0.748873689067679
97b98b465dca7d32d88c4ba4fabab411	Unassigned	0.8279809214694629
d8cc227701370da21493c88cd0d11b93	Unassigned	0.892605366426137
d8805cb2c650541a56c5d1eec00afb67	Unassigned	0.8336994086792393
b562e07c64928b2d92a3d720f6d7d07a	Unassigned	0.642397244431449
9b2b7514028d93ca0ef63e539df749dd	Unassigned	0.851566451813597
13be10caf51c909e57fe4b4bb11c0b14	Unassigned	0.39215837933047526
a9ebcaabea30757ab0744c2de73ada42	Unassigned	0.8192196023245812
cb78ccc7830142e3935bb2c14a5338b3	ASV32d__Bacteria;p__Proteobacteria;c__Gammaproteobacteria;o__Burkholderiales;f__Burkholderiaceae;g__Achromobacter;s__	0.9999978553884692
f604c1178d847cd9ef3fb0b7abb1fe8f	ASV16d__Bacteria;p__Proteobacteria;c__Gammaproteobacteria;o__Burkholderiales;f__Chromobacteriaceae;g__Aquitalea;s__	0.990184980685103
f9c404989e3b1289522b9e7d1387e841	Unassigned	0.8286718731759525
594316adf36484137cf4de63380aed03	Unassigned	0.8443635582317567
0151ef80eb0dc727181da3d18be42a21	Unassigned	0.692049143413327
e5396cb13b53b461ee0207d42ddf317a	X391_Actinobacteria;Actinomycetales;Microbacteriaceae;Leifsonia	0.9999999714640357
419fc2330493fd6c2817f2b4f8bf340e	X391_Actinobacteria;Actinomycetales;Microbacteriaceae;Leifsonia	0.9999999408492375
08f3f4a4b9a57e1306049e604e9faedb	Unassigned	0.8220427721067265
55faeddabeb61f005679ea0d158fb215	Unassigned	0.5675552158910422
07ac9b20f9d8a6765171c3a387004ba3	Unassigned	0.5722570943203491
b35b5a5486c259c6cf5a3c5431fe10cf	Unassigned	0.8120422656981419
73f11027a4319657181e6ac0a1a4a25a	Unassigned	0.7092250695022767
5dc86dc4e1f24bff4a62ed43781fc1a8	Unassigned	0.6557475568856254
a90e5abaff2412c5c098b2eec36dde84	Unassigned	0.8850174107834909
841869beb1780ef914f643b030b64fd1	Unassigned	0.45510505572981574
71ecaa46fa777a81d2a7c691ba3406ad	Unassigned	0.7628014608980505
328d2448180f5a8be93e8284bbe84c0f	Unassigned	0.8476603567867398
0f69c6636de0daf5e4c3f0f0e6b92239	Unassigned	0.6425323938148328
2f4934bca0f8935b40616459e3760766	Unassigned	0.9063636783610067
c834ddaf684abce85a919cd73e57e1cb	Unassigned	0.8220476390883608
e573f729bd4f01129bf5e08f43807240	Unassigned	0.7271652227493928
545fb90454da52db82c2bb9f52d11989	Unassigned	0.8431343649441674
eddbf6b8c043415eee00eaf97203c2f0	Unassigned	0.8674409063332537
3a0377b1ddf004354a925c041f79f051	Unassigned	0.865587758750999
3beb9d2d1e0139a923e21bc9418b4656	Unassigned	0.8153134950146959
0fb1ff40241931ffc878d0432a9ee6d1	Unassigned	0.8141980121499455
9096b6d7b6ca5cf33398f241ea13f189	Unassigned	0.8507840981536621
4c4f2b2125a7d5444c1ebb547fc80bed	Unassigned	0.8108859463359281
edae7a13c2a2bd0021fb8e0a14259080	Unassigned	0.8368027143924537
2391f1e5052e2664f577a901b73b18e5	Unassigned	0.8327074194489041
f1c91d6897f6af873709fd0044099147	Unassigned	0.7911803250875922
51cd850d9f4aa749053f93ab51036bce	Unassigned	0.7960049219621156
fe304f28c5879e62a3566350417a35ae	Unassigned	0.753625375214519
a61727f81ec964170e27208f4d67ec94	Unassigned	0.8247452280607876
8de12c31bbc2a1843925837b7aab862e	Unassigned	0.8736512081905988
5befe70d53b5e2da71b57d3714cd1f4f	Unassigned	0.8202797104557831
a530b97ee33f4cc654dc2ef774931e8f	Unassigned	0.758793991212005
4671a4d067aa6ec2985bc6fad095d55c	Unassigned	0.799692412200921
91524fbe3c869504f91f091d511b3db2	Unassigned	0.7113498802409404
caed974d48e00a44eb8cc380a10dc2ac	Unassigned	0.8668257394793296
1495b58435961d88f081d03f3846fad3	Unassigned	0.8788697349920325
94ba780958d3a182e89c55a65a1580c5	Unassigned	0.630048949656572
4226fa0fec37433545ecd97fcc97b142	Unassigned	0.8088953080393467
75e97fff3fdff42b29789ed218d42a3c	Unassigned	0.6564080074385455
f954bc2ed4d2470c5d2bb029e24f8edb	Unassigned	0.885112873348647
d97ea0295251dc2650b6cf0b8e4ed03f	Unassigned	0.8565643965134806
5643ba8630254f662e885fcb24157d75	Unassigned	0.8506540807515356
40fdc840621f4413fbfe377151a4408b	Unassigned	0.8751964287362919
7d3252e33b0333a5e00b2d8049be3aca	Unassigned	0.8496304701602219
508d9343497c4118cb9d85096ef3baf8	Unassigned	0.5195357236125108
7d2e7d9ccecfc46230b8e5b8e2a95135	Unassigned	0.6226970310853928
c3de87ef83c0c14a0355376c31a79a7e	Unassigned	0.7250412632539034
7bda9e9a0cc152f1c210f8ca7b6338ee	Unassigned	0.8594463587986069
44e81f7a542ec118822ce0de8ed75ccd	Unassigned	0.8459616805111194
2bfd26fdd124cee84cfbf2a0f4ab497d	Unassigned	0.9040483375198793
6648020ed01454b349b59279f44a4e91	Unassigned	0.6555842542285193
4ab6998eba07893841519ae2e86d969d	Unassigned	0.6390216921949642
69ac1c65714a85387bc43ca7e9b67cbd	Unassigned	0.8397360416689466
729cd12ae415445d971539d86c49f542	Unassigned	0.8072569167088263
a502a03b6225ed5688d18371ce4225f0	Unassigned	0.8147519473794366
560edfb2499dbe005f2a0c60f3844411	Unassigned	0.8099557392442284
dd6a42037aedcbc6fa7614881d9d9bf2	Unassigned	0.8505425510013677
dbdd613d6f01cb13e339b35db2107f27	Unassigned	0.6320998293938578
d37aef1e643ba72c45d6f865bdaa5664	Unassigned	0.8511083850674437
21319a5956cec3c7e230082f1fa6f4c4	Unassigned	0.8488709185894858
35e0bb2fa369500e6c720c522c13d33d	Unassigned	0.5926759829527272
38047dd69ff35095e6ded9279d0376ae	Unassigned	0.8332335514446441
75f809c5db1ddd2c857e25454fdb6096	Unassigned	0.7965536634421095
d1baa22b2d8293b8473424a3ac816da8	Unassigned	0.8107222980827349
f8965c0479c2b455d11354314d8212a6	Unassigned	0.8090636438873853
c57334b100ff731f519123d82ba4134f	Unassigned	0.7871436047669284
991a942acbc4a1f1fd1c507ba59780ee	Unassigned	0.5591104080007163
fef6b689d6de1e3df19217aa016bf04b	Unassigned	0.75805581911855
2c4e8ae603d709334ab14f0c27a33a3b	Unassigned	0.7509039167092537
383be337bf1bea38721fa7e61e36afb2	Unassigned	0.8245621280224859
63ae7d84b67696bfd0056d0b4f4f5569	Unassigned	0.7639826353821038
fca7a404137b623a23fffc200cea49dc	Unassigned	0.8344103711612793
71047f36740a3ace6121406c45436e3c	Unassigned	0.3068012408862807
c4be948da4b8955036b7389056ff3501	Unassigned	0.7726256697082556
06889484081e52b88edaa13516a691f9	Unassigned	0.8022639441990019
d31ac1fa6097c1c61f51358e8219d2fe	ASV5d__Bacteria;p__Proteobacteria;c__Gammaproteobacteria;o__Burkholderiales;f__Chromobacteriaceae;g__Chromobacterium;s__Chromobacteriumsp002213445	0.998346067054241
70bb72cdfb6951fc1a92e4065ab6887b	Unassigned	0.8859066399003781
9908fffab7ed4f3bec44cda2f5084d49	Unassigned	0.556058484561178
818fe81cea92c0d3fb6b1a5dd19c41ae	Unassigned	0.870902921655504
be07cd3a836f8cd335976f52c2804edc	Unassigned	0.8646281770579809
2e84f3fbdd7a0952617d6741f73c2ac8	Unassigned	0.7777656540397242
13da292a7d444ca405185426b378ccdb	Unassigned	0.7662984770384699
d155b4c31b8c7c61d25f994ab5df238d	Unassigned	0.7558301745232532
0a60596b51854e8945c2cd3228909ac0	Unassigned	0.8210752840681821
5c8686e323b7969721b695f99aa9b337	Unassigned	0.7041383682924349
5fe96db2d69264dbcf60f1d623ac342c	Unassigned	0.6506094499457005
4edbe6e4bedb25db301376c6234bf494	ASV17d__Bacteria;p__Bacteroidota;c__Bacteroidia;o__Sphingobacteriales;f__Sphingobacteriaceae;g__Pedobacter;s__	0.954162488665992
c5fb8ef135265fc7bbe07e5b25c6e5e7	ASV17d__Bacteria;p__Bacteroidota;c__Bacteroidia;o__Sphingobacteriales;f__Sphingobacteriaceae;g__Pedobacter;s__	0.9826535612132435
e440167bb21586f94a913913032ef288	ASV28d__Bacteria;p__Bacteroidota;c__Bacteroidia;o__Sphingobacteriales;f__Sphingobacteriaceae;g__Pedobacter;s__	0.9989151497102743
c8a2ff48e5edfb3231a058f1ef3fa545	ASV28d__Bacteria;p__Bacteroidota;c__Bacteroidia;o__Sphingobacteriales;f__Sphingobacteriaceae;g__Pedobacter;s__	0.9979415067159084
9c6ac9d8051f8ff270857e956a0d1bba	ASV5d__Bacteria;p__Proteobacteria;c__Gammaproteobacteria;o__Burkholderiales;f__Chromobacteriaceae;g__Chromobacterium;s__Chromobacteriumsp002213445	0.9998047816761155
64da564bfb3556a18c59762201986aeb	Unassigned	0.8257171524803734
945e159955bac636f798919bc5ad21b1	Unassigned	0.7489187552162662
001d340b76ae746ffc8bd3d9ad6b9bda	Unassigned	0.6397709454234108
6e74782afb55549f526621d1f9685d36	Unassigned	0.5388459347270156
bfe459eba557940adb7ecfb89f74bf0d	Unassigned	0.8699764102897861
8f64f876466a123350cc2714b1d786e2	Unassigned	0.8341242204923626
d2228b7114cf28aba9971ccbc4a26c25	Unassigned	0.7708181955527273
be625761717ac6bc3b0c48d929bd64c3	ASV34d__Bacteria;p__Bacteroidota;c__Bacteroidia;o__Flavobacteriales;f__Weeksellaceae;g__Elizabethkingia;s__Elizabethkingia_miricola	0.9999999998524203
7898f3b4345aff63dc64fd01e6faafd4	ASV2d__Bacteria;p__Bacteroidota;c__Bacteroidia;o__Sphingobacteriales;f__Sphingobacteriaceae;g__Pedobacter;s__	0.9983174842560898
dba436dbade752277f8493c00f22e923	ASV5d__Bacteria;p__Proteobacteria;c__Gammaproteobacteria;o__Burkholderiales;f__Chromobacteriaceae;g__Chromobacterium;s__Chromobacteriumsp002213445	0.9994062138400943
250cb13464bb5cff81fe0401773dd276	ASV34d__Bacteria;p__Bacteroidota;c__Bacteroidia;o__Flavobacteriales;f__Weeksellaceae;g__Elizabethkingia;s__Elizabethkingia_miricola	0.9999999996806537
0923b1398261e25cc4a7bca2222f2f27	ASV14d__Bacteria;p__Proteobacteria;c__Gammaproteobacteria;o__Pseudomonadales;f__Pseudomonadaceae;g__Pseudomonas_E;s__Pseudomonas_E fluorescens_AP	0.9999999999186571
03548be175edf4747c3d8b09fb46cfaa	ASV29d__Bacteria;p__Proteobacteria;c__Gammaproteobacteria;o__Enterobacterales;f__Enterobacteriaceae;g__Citrobacter;s__Citrobacter_braakii	0.9990183966698674
52e68fe6bf6218f7d6216733f0456ad0	Unassigned	0.6926354083394195
709924ea36e2d93ebbc0dc09e9b09d35	Unassigned	0.7027863288374623
3fb8873c70a3aaa310aa44114261a79e	ASV2d__Bacteria;p__Bacteroidota;c__Bacteroidia;o__Sphingobacteriales;f__Sphingobacteriaceae;g__Pedobacter;s__	0.9990175718010061
cb34ecda1d619233171f4af100b08b72	ASV16d__Bacteria;p__Proteobacteria;c__Gammaproteobacteria;o__Burkholderiales;f__Chromobacteriaceae;g__Aquitalea;s__	0.9960854418357953
53921cca264345ce8036a01be6512e5d	Unassigned	0.6732473096322718
8da28d1a26e30cdab913461dfc8122a9	Unassigned	0.8057920469265418
ef92af3853ec685cd209b5e629767dc4	ASV14d__Bacteria;p__Proteobacteria;c__Gammaproteobacteria;o__Pseudomonadales;f__Pseudomonadaceae;g__Pseudomonas_E;s__Pseudomonas_E fluorescens_AP	0.9999999998999556
c15cfba8c2090ea3554d963aa1316ed7	Unassigned	0.7551760023023777
600164b0c22ab0fb377c5f815a19b2da	Unassigned	0.766171434500186
f7a01316f1776cfcd6e3faa7cc4a6558	ASV32d__Bacteria;p__Proteobacteria;c__Gammaproteobacteria;o__Burkholderiales;f__Burkholderiaceae;g__Achromobacter;s__	0.999996853799875
fffe41d0e5c7aa7bbf389ac52ae098aa	ASV14d__Bacteria;p__Proteobacteria;c__Gammaproteobacteria;o__Pseudomonadales;f__Pseudomonadaceae;g__Pseudomonas_E;s__Pseudomonas_E fluorescens_AP	0.9999999999357101
4b9243da4d6fa5e09c00a302851869a4	X391_Actinobacteria;Actinomycetales;Microbacteriaceae;Leifsonia	0.9999978385927387
baf966a15f8f15a0b77a22a458f3b712	Unassigned	0.804304924556308
5626f63341422bf64db1a8584ab4bb4e	Unassigned	0.7775575024415348
e1e1234c6ad1a75523c0410aa2d6b843	Unassigned	0.704553357600837
d5c99673daf5651b4891c4e3d68791cf	Unassigned	0.8014156360964674
0e7d7afb2f315c2a55bce4e6c3084d51	Unassigned	0.834366415947028
1867fc50da8c67671a134beea22cdc2a	Unassigned	0.549802052857723
dc061f464378300447cdd3d815756afa	Unassigned	0.734168446399768
5b13bd7743585064fc7917490f8d3c7c	Unassigned	0.44795118128673383
e7572ffa09c7ab3a4a80705b3b1fb55a	Unassigned	0.49332881217894753
4fba6fef450158c1bd1cbcb5a0e8f5e5	Unassigned	0.7240535499194476
ce5088f38bef601e5a1edac2b45e7923	ASV14d__Bacteria;p__Proteobacteria;c__Gammaproteobacteria;o__Pseudomonadales;f__Pseudomonadaceae;g__Pseudomonas_E;s__Pseudomonas_E fluorescens_AP	0.9999999972519475
10f6a5579a15c2fd3d7657c97c019551	ASV32d__Bacteria;p__Proteobacteria;c__Gammaproteobacteria;o__Burkholderiales;f__Burkholderiaceae;g__Achromobacter;s__	0.9999909810062205
0033dea44f3ae426c6d68a812b05f05d	ASV14d__Bacteria;p__Proteobacteria;c__Gammaproteobacteria;o__Pseudomonadales;f__Pseudomonadaceae;g__Pseudomonas_E;s__Pseudomonas_E fluorescens_AP	0.9999999975879632
aad2278040f100284c2b64fc894918b7	Unassigned	0.8661418363829889
6aa45cf60db76ee70d0176c005c4d004	Unassigned	0.8109446357709776
7c2dab28f43041012aba6ecc3ce165ac	Unassigned	0.8931829860786724
8a56f74fd6b2c98cc431f9f097e5d514	Unassigned	0.8804470676859073
93edc46ef05625ca19a64c3f461bdd40	Unassigned	0.7634544468219902
97277948c616c41050a03e7e6c8df942	Unassigned	0.6253690293299589
b162c94081863f76fad547fa3f0c4e99	Unassigned	0.7243498287737311
4e678b051b05f57ddfb33ec302547269	Unassigned	0.8432506254781218
55c58ea2212afc60520bbd092b37bbbf	Unassigned	0.8487699700914774
7bf1bedeec5bfab294dd05dd9a6948c6	Unassigned	0.8539679403244892
125173ac438adfcb4de284f40795847b	Unassigned	0.8068473265778413
0688ddc3ac59b078a53b2f6405305b74	Unassigned	0.7120405500930783
f13eea3de340f17d8f4061b1c1bc0e25	Unassigned	0.9132377627863425
304a8d1fb0f5543cf1c23064bfe3691c	X391_Actinobacteria;Actinomycetales;Microbacteriaceae;Leifsonia	0.9587207863346356
05818c59aa0e749ec03ce7f9be506639	Unassigned	0.8530986509303775
2ecc1c82a02bbd9b601f14c7376dc4e9	Unassigned	0.6748190977028728
088ce8dcf8fb378952924056ef5a8631	Unassigned	0.5728659777784724
9872d3b560c6cd61d87f7122236ce93d	Unassigned	0.8114397703419229
843c0db5d6ac4fa030f311e4aad8cacd	Unassigned	0.7470230122445662
148fd5fe75855a7b6e32cd195a474c95	Unassigned	0.8765080658550548
10ae2aa434df8f58e5646ed773c52e2e	ASV14d__Bacteria;p__Proteobacteria;c__Gammaproteobacteria;o__Pseudomonadales;f__Pseudomonadaceae;g__Pseudomonas_E;s__Pseudomonas_E fluorescens_AP	0.9999999979871319
f163f715734f3c349e9585019bfe9a0e	Unassigned	0.5517498486934093
6b87c0ec42e0b7941420c78d084577da	Unassigned	0.7220792167970016
1c6403b6fb0ff161122fbe37dadd9db7	Unassigned	0.8707880884556876
73a8f4fb21f3d424e92778847aa5efd5	Unassigned	0.714112468361983
f7e816a633ce0fdbda0ea6ba3cf9a4cf	Unassigned	0.7532136383230201
64ca00b58e157fd91ab189823405c038	Unassigned	0.8773634882604204
5a6e284a5488b66df7f5ca4f60e43173	Unassigned	0.8490708577390564
c835a1d303323256b9612fdeb4d301cc	Unassigned	0.8349482983413543
e478dd7e4a13c27800911f7f7013a3a6	Unassigned	0.8561805116584359
c386d4f9c45a18d4853c0c6cb6558b21	Unassigned	0.8321634642599043
c9e35981b2d867f2dca2e16f42bd5a93	Unassigned	0.8593742931046419
5a8b971869d58bdd52b415650578c909	Unassigned	0.59063068579678
284731f62348ef3a1f5c54af0086fc3e	ASV14d__Bacteria;p__Proteobacteria;c__Gammaproteobacteria;o__Pseudomonadales;f__Pseudomonadaceae;g__Pseudomonas_E;s__Pseudomonas_E fluorescens_AP	0.9999999970365394
f24b6d84dc2b21bdfbb20abf7a914a90	ASV29d__Bacteria;p__Proteobacteria;c__Gammaproteobacteria;o__Enterobacterales;f__Enterobacteriaceae;g__Citrobacter;s__Citrobacter_braakii	0.9974333057008847
6563d49161667db3e53730a066311943	Unassigned	0.7716947480827312
bcbc70db57a176a48b8240b1ecdb0eb5	ASV14d__Bacteria;p__Proteobacteria;c__Gammaproteobacteria;o__Pseudomonadales;f__Pseudomonadaceae;g__Pseudomonas_E;s__Pseudomonas_E fluorescens_AP	0.9999999993980708
7c8d305587f82be04d08f52f1629ee62	ASV29d__Bacteria;p__Proteobacteria;c__Gammaproteobacteria;o__Enterobacterales;f__Enterobacteriaceae;g__Citrobacter;s__Citrobacter_braakii	0.989571871320333
b7d94f795b29f19120596c76fa766abb	ASV30d__Bacteria;p__Proteobacteria;c__Gammaproteobacteria;o__Enterobacterales;f__Enterobacteriaceae;g__Serratia_A;s__Serratia_Afonticola	0.9978595419545727
75845b054fcecd2cceff7a7b00c07e9d	X491_Betaproteobacteria;Burkholderiales;Burkholderiaceae;Pandoraea	0.9447707030510003
4edae20d0201173d1397805d39086a58	ASV29d__Bacteria;p__Proteobacteria;c__Gammaproteobacteria;o__Enterobacterales;f__Enterobacteriaceae;g__Citrobacter;s__Citrobacter_braakii	0.9990184205270998
349239c54723911184209e0349882943	ASV29d__Bacteria;p__Proteobacteria;c__Gammaproteobacteria;o__Enterobacterales;f__Enterobacteriaceae;g__Citrobacter;s__Citrobacter_braakii	0.9990725537285757
775ff7785b021c3c18bd132bb42e27ab	ASV14d__Bacteria;p__Proteobacteria;c__Gammaproteobacteria;o__Pseudomonadales;f__Pseudomonadaceae;g__Pseudomonas_E;s__Pseudomonas_E fluorescens_AP	0.9999999902464651
2c4c88c714a662293fea74517ca60c5c	ASV30d__Bacteria;p__Proteobacteria;c__Gammaproteobacteria;o__Enterobacterales;f__Enterobacteriaceae;g__Serratia_A;s__Serratia_Afonticola	0.999208442907204
372707c9bb4cdc54175d116df17f7824	ASV29d__Bacteria;p__Proteobacteria;c__Gammaproteobacteria;o__Enterobacterales;f__Enterobacteriaceae;g__Citrobacter;s__Citrobacter_braakii	0.9990908159343038
3534768a035db3c6a2bcdef260949e68	Unassigned	0.4267447877259082
99cc6072767c0243265da51ee68cca9c	Unassigned	0.8685090921376452
8e1015f3c3f0e2d58b14b6273878e25a	Unassigned	0.7634955244043475
767fe706e7323dd86fb00f87455a7ada	Unassigned	0.8481950607364983
ae70fcde7fef4d1858c768c062c422c9	Unassigned	0.6388639925429066
04d3d055d6121ad2e9d99485a4ae8408	Unassigned	0.849928774759187
bc841c9bb074a8aa466f51099ed3d0b8	ASV9d__Bacteria;p__Proteobacteria;c__Alphaproteobacteria;o__Caulobacterales;f__Caulobacteraceae;g__Brevundimonas;s__	0.999999976350367
65ddc3bcdcdf792138cd29de2ea87217	ASV5d__Bacteria;p__Proteobacteria;c__Gammaproteobacteria;o__Burkholderiales;f__Chromobacteriaceae;g__Chromobacterium;s__Chromobacteriumsp002213445	0.9993272256315626
69ad39476e4b31477fa8f315cc408b34	ASV29d__Bacteria;p__Proteobacteria;c__Gammaproteobacteria;o__Enterobacterales;f__Enterobacteriaceae;g__Citrobacter;s__Citrobacter_braakii	0.9996076901126759
a2316528310c66dd255d98153e2f2749	ASV29d__Bacteria;p__Proteobacteria;c__Gammaproteobacteria;o__Enterobacterales;f__Enterobacteriaceae;g__Citrobacter;s__Citrobacter_braakii	0.999729924923493
611c75b0c2d757307fbf1bdf9d9f9182	ASV29d__Bacteria;p__Proteobacteria;c__Gammaproteobacteria;o__Enterobacterales;f__Enterobacteriaceae;g__Citrobacter;s__Citrobacter_braakii	0.9986489161199565
3f9ca0f23e350684c326c699663e25e2	ASV29d__Bacteria;p__Proteobacteria;c__Gammaproteobacteria;o__Enterobacterales;f__Enterobacteriaceae;g__Citrobacter;s__Citrobacter_braakii	0.9985103620144476
bcea540ebe6550029d939b08f71d8c40	X263_Sphingobacteriia;Sphingobacteriales;Chitinophagaceae; Chitinophaga	0.9999999998168931
4faee9a7fb0784cc20f75a8fcac55dd2	Unassigned	0.8772638776371736
de914e58978f1b7b2b59751e28b2a1a1	ASV29d__Bacteria;p__Proteobacteria;c__Gammaproteobacteria;o__Enterobacterales;f__Enterobacteriaceae;g__Citrobacter;s__Citrobacter_braakii	0.9997461858327095
e0e83584e897efd9920bc68c653246e8	ASV29d__Bacteria;p__Proteobacteria;c__Gammaproteobacteria;o__Enterobacterales;f__Enterobacteriaceae;g__Citrobacter;s__Citrobacter_braakii	0.9998411602217397
3224e745be9e019c5b7ab3d57de413d5	ASV30d__Bacteria;p__Proteobacteria;c__Gammaproteobacteria;o__Enterobacterales;f__Enterobacteriaceae;g__Serratia_A;s__Serratia_Afonticola	0.9976992006660658
ae80469cf1912ba321192ce6e08fab10	ASV19d__Bacteria;p__Bacteroidota;c__Bacteroidia;o__Sphingobacteriales;f__Sphingobacteriaceae;g__Pedobacter;s__	0.9997615407783093
91796b9c36f8bf7a38b1752d639c5a4e	ASV29d__Bacteria;p__Proteobacteria;c__Gammaproteobacteria;o__Enterobacterales;f__Enterobacteriaceae;g__Citrobacter;s__Citrobacter_braakii	0.998630713211393
6938dbc775119d9d5fed22fa561f4aa8	Unassigned	0.7248514041110335
a5a38964ce4c81f546dcc4a80643bc5e	Unassigned	0.8660216106177445
636a0860dedde1b80545827d7af43771	Unassigned	0.7724987075430376
3be3e4650f6bc13a3efd69f101d590b8	Unassigned	0.847145682241513
5e034670eed8052af3d7eed203202d99	Unassigned	0.8230153083198197
c45a6a67d2b8e9430a0e73705a1d9526	Unassigned	0.6838467806460417
b202d4f4a69c7e3f17b6f7da607033e2	Unassigned	0.7243773223739827
1cd4296064467b7b055874d2c219bc64	Unassigned	0.8511369418913413
1af4f4be64e79f2afaaa38f24caf80f4	Unassigned	0.8558865342218758
dfecf852ee13dc123ab594078d0789ca	Unassigned	0.7337214939751292
6e8bd33acae7785ec28b67b8f27e5088	Unassigned	0.6605115133934857
61876bac27b39e3303817db100795cdf	Unassigned	0.7826920987801128
8e8aeab386b3621b3cbb818fac4ce43b	Unassigned	0.7173325633563417
d4e6149b17a6e7d66ac8121297476179	Unassigned	0.8926873201429046
438a0fb0c006548bfe8bc7aa633138b5	Unassigned	0.7738610912383672
279fc806dd9a19de795abe2702476f81	Unassigned	0.8121813164635099
19d721699216ea10fb7e1df9058529d4	Unassigned	0.8320802220489392
46669af715ea0884cad33882dd34cc86	Unassigned	0.905879933363782
398bc123405fcfdb42c330b523f98a02	Unassigned	0.7659726341131836
3ce31526ddf5044a0f1b9ce36e6d7c4f	Unassigned	0.7841573651647975
dd27c0145148bd0cb9adf54bb3838f4e	Unassigned	0.8529662316439923
efe64104fc19bd4550cb4c1eee38df2a	Unassigned	0.8234072860533016
12ddbfb73460645d5d4b79a8a06bbcbe	Unassigned	0.865907426416
09b62c3f31fb500d9b1d1ebfcb731b8e	Unassigned	0.8103394963272199
9d109d5f4d86a0f9277904ad53bf00c4	ASV31d__Bacteria;p__Proteobacteria;c__Gammaproteobacteria;o__Burkholderiales;f__Burkholderiaceae;g__Delftia;s__Delftia_acidovorans	0.9962541804801055
3cbdea45b341bda41f11cb0e7ebe23ab	ASV34d__Bacteria;p__Bacteroidota;c__Bacteroidia;o__Flavobacteriales;f__Weeksellaceae;g__Elizabethkingia;s__Elizabethkingia_miricola	0.9999999997680789
4b9cef22060e3e9197f342138c99ca8d	Unassigned	0.45557389099665524
af67f81bbdacad2c86391d5f96b6f1b9	Unassigned	0.8338866014297305
2b0520e44e86e3cc5c1c0365236b3959	Unassigned	0.8361749590753065
ca92b95282c29719de4df889de6484d2	Unassigned	0.8463753028250701
5fe31cd00d05c1bb71c36a2c82ba849c	Unassigned	0.6372591379524724
60f54ff838e97b65381f8464370fd004	Unassigned	0.8553867881501739
acdb317d2a65c3a2a47444b06c6a3451	Unassigned	0.6475004601984645
5625217cea8fce9f6187e8a88c488544	Unassigned	0.6304836268831842
1395414b4b67e59e9be377d905c49c4e	Unassigned	0.8617811755933367
62653be7794fa00dd094a7699535be3a	Unassigned	0.8029094931146568
f13ae6eba56c5b73090e47de8703c56b	Unassigned	0.8118770245537497
da93cab84656b7c8c3238841d8c15fb3	Unassigned	0.7945395705320645
a3a6c85bc7137a34c3d521b1e9756d6c	Unassigned	0.7931238613064978
889e585421f3f1cd4e38fbcb9a61676b	Unassigned	0.558399028680874
c62716de102c853c7e0cf966133d215e	Unassigned	0.7449514787516627
7cce181db7fa577e2e482cce5c24af53	Unassigned	0.8891488831974436
649153c5923640c5bad017885b63e7ee	Unassigned	0.8014941642406708
ebc9f9c5cdb4eefaa62ede75fd2404cd	Unassigned	0.8237761912604978
6fb11a3b9de9e5c90ac3b041d294b4be	Unassigned	0.8734601421453714
8f0f034ffbee9f10d01584f69c8567af	Unassigned	0.8167888831979071
8e7311372cf9b2cdae6e6db69bfa602a	Unassigned	0.8450808237415077
d8644df48022219b9dd4c215ac91b73f	Unassigned	0.8704940148119762
8ed32e24f3cfe96cdf00f211fc6e95c4	ASV29d__Bacteria;p__Proteobacteria;c__Gammaproteobacteria;o__Enterobacterales;f__Enterobacteriaceae;g__Citrobacter;s__Citrobacter_braakii	0.9998423943309931
7ed46582b904e7f592ca6407230aae6f	Unassigned	0.806462627002147
97bb21583f5fc8b25bd2c1856335ade2	Unassigned	0.6072101489157414
b62c91e840e192111ee7ede342a20914	Unassigned	0.8509396755324412
dd8c27675557e5f0a6a03994cdd4fd49	Unassigned	0.7954428433571415
9599cf27e0136519c5dcef0bab31fc79	Unassigned	0.8884209403041289
7b9b37bfbf6370a516e379d3f6a254a3	Unassigned	0.640933276569146
569bf9605efeb6247d785a013bf7663c	Unassigned	0.8500837985252241
ad520857a996ecdd541db91a2bc0696e	Unassigned	0.526219043225294
d0e6302bce4e1bc34dd7ef78e4fe5f6a	Unassigned	0.7870486158548139
823c46e5e1c29d0130997b54c12074f2	Unassigned	0.8522988692240542
4fe318b0813350a48fc99d70e582c9cf	Unassigned	0.8865468812001277
d01b228429945a9467a7ac8b4aff5412	Unassigned	0.7206382741225208
b54547691efc4a813b21bebef1737c54	Unassigned	0.8708218702279404
c56abdd9a04e3393ee1020df462d9020	Unassigned	0.7996082920366422
b958d3cef5f84c1d377351f33f618f2c	Unassigned	0.6955451722313513
8b5b98951995af8c9435f62d349fcc55	Unassigned	0.8838135942657802
e45b7c2003a71a7479b56e70e8f79835	Unassigned	0.8008596548671241
4645c5f41a22e1140cad94f6102db8c4	Unassigned	0.7533344316314777
f20030df775450afaf6e3d7869c90ee7	Unassigned	0.7211889183645755
6a1b8a76a826814a82caca4e64b82b2b	Unassigned	0.8482926401425476
8f3c044537379b2f3f752bf88539df1d	Unassigned	0.7319167927798133
eda1329d2d02a6db52567489307e0e53	Unassigned	0.8355316705515108
71f3e3a2b67c1655c79aa21180e1cafb	Unassigned	0.6841730528673489
df820a0026ac1221f6c4d6bbe6aa107e	Unassigned	0.5576697812971283
f594f10eb38fa5bae064b567e88fba51	Unassigned	0.8618021561963688
dc5b6f09ce0f0f7a06ed9d4ce1a008a5	Unassigned	0.8232111628296412
c1feec05ea886f523dc2c22c8d3e4268	Unassigned	0.641664618166337
50acf2587aa5d1ca9aff05c75ecab458	Unassigned	0.8173702330146397
a4b16736c6076582264afb638cb9ac6e	Unassigned	0.7022504530259726
c4401f7e4165ff724d1d6fbbcd22fd6d	Unassigned	0.725281053980247
248c7988944b52cd77fc7c0bf6be06fa	Unassigned	0.7665541621278431
c82127aeef90fd871ec76105f0274484	X391_Actinobacteria;Actinomycetales;Microbacteriaceae;Leifsonia	0.9992102080166602
dcac48ef7a3760634b5efbb3adc57b42	ASV34d__Bacteria;p__Bacteroidota;c__Bacteroidia;o__Flavobacteriales;f__Weeksellaceae;g__Elizabethkingia;s__Elizabethkingia_miricola	0.9999996832499751
518953f5b0a26309508cad3281e50147	Unassigned	0.7758923454971614
24cc72f298d7d0d0499e6effe3ac77aa	Unassigned	0.8843259286277576
94090d0709725de92198358fa4904c21	Unassigned	0.6885260848392205
21dbd0fb075b80dad25d7210fa5c8f4f	Unassigned	0.8229213695990665
ff5755fc7230b2468044a7ea769818b6	Unassigned	0.8589523002016175
356c43071229995cadd254c090d42b50	Unassigned	0.883812184564561
0cbacfadb3123b17fd069b16b498053a	Unassigned	0.90351909718411
aa083077678136d9305b6ed96c2088e6	Unassigned	0.6743190525095668
526203959f990e4a8778c8e74482ade3	Unassigned	0.746511249275152
2b8dbbee71ac8052784600a28f833259	Unassigned	0.7096452006083833
27ea343b2bc218674959baf2e4144e31	Unassigned	0.850431224192949
b3302b4787ab93e907312f8be27cbe2a	Unassigned	0.8351040355148337
b1e57a65b5379f451cd56d0fdb339e34	Unassigned	0.823131693756837
19d393dcb3ea2767b39be4109e2110dd	Unassigned	0.8785930074542136
5798a907f47c79d3f79f62944b1989cf	Unassigned	0.72396592431917
0f687d22c65e6e334b32dc88e5c03563	Unassigned	0.7715628425237762
78e87eb7ec7411ff4c7afdbc627b9167	Unassigned	0.8421735517575295
7b1f2ab4c3b0290737b4445e454e51e7	Unassigned	0.8090424237476945
3f0136d3fea0df43cb76cc934ac7e71f	Unassigned	0.48710553589360506
0acf36b34eba0e9a3ae8b2663878b56d	Unassigned	0.6806264093146648
0ba2e031a982c962d6109e4e07dd802a	Unassigned	0.7527909486657121
e4d7b6c66b37e9dba131066513418cdf	Unassigned	0.8839366541316886
5a5eb5a99c3b3b7a600cab0ca1a4b3aa	ASV28d__Bacteria;p__Bacteroidota;c__Bacteroidia;o__Sphingobacteriales;f__Sphingobacteriaceae;g__Pedobacter;s__	0.9989616796811746
9f1a66511d444da94dc914c1f8ac2837	ASV30d__Bacteria;p__Proteobacteria;c__Gammaproteobacteria;o__Enterobacterales;f__Enterobacteriaceae;g__Serratia_A;s__Serratia_Afonticola	0.9961963584716819
715ba4de4972331f4b55edd5b18dfe34	ASV31d__Bacteria;p__Proteobacteria;c__Gammaproteobacteria;o__Burkholderiales;f__Burkholderiaceae;g__Delftia;s__Delftia_acidovorans	0.998925995456025
7f9dd41bbe3b4bf7cf57fca5a020d6b8	Unassigned	0.8473644867503441
edd4ea7612198e83c9a1b676c9309fdb	ASV29d__Bacteria;p__Proteobacteria;c__Gammaproteobacteria;o__Enterobacterales;f__Enterobacteriaceae;g__Citrobacter;s__Citrobacter_braakii	0.9996199645377779
36d567db543275367fd49b6ee96bf2df	ASV14d__Bacteria;p__Proteobacteria;c__Gammaproteobacteria;o__Pseudomonadales;f__Pseudomonadaceae;g__Pseudomonas_E;s__Pseudomonas_E fluorescens_AP	0.9999999990408952
9b4405489517a38f5a88d087a108b2b5	Unassigned	0.6875323917951965
d2f5dc941c9fed5871786954186a831d	Unassigned	0.7511375315141484
7c64f25de3e90f3e0a5cab861c874f79	Unassigned	0.749378641714401
dd1ec4ad1ca7928c64202fa386f4aad4	Unassigned	0.7293130218429491
a27f3f1e6b654ed3faa2c86efd22d98d	Unassigned	0.7261580551393645
bc2fae57062cfa39a3aad9ad0797dfea	ASV10d__Bacteria;p__Proteobacteria;c__Gammaproteobacteria;o__Burkholderiales;f__Burkholderiaceae;g__Comamonas_B;s__	0.9971553052450359
1ea5465d165c527e74c7ce59da4e2469	Unassigned	0.8871047682676705
a609ce82c65533a5b5bfa34715538760	ASV34d__Bacteria;p__Bacteroidota;c__Bacteroidia;o__Flavobacteriales;f__Weeksellaceae;g__Elizabethkingia;s__Elizabethkingia_miricola	0.99999999990753
3434b577d29408f787233b053e4b81c9	ASV34d__Bacteria;p__Bacteroidota;c__Bacteroidia;o__Flavobacteriales;f__Weeksellaceae;g__Elizabethkingia;s__Elizabethkingia_miricola	0.9999999998671996
84cc674e7c7da0a290b69e450e386323	X491_Betaproteobacteria;Burkholderiales;Burkholderiaceae;Pandoraea	0.9885001179566791
4d2be3c8f18d3f6ec5f9f93b2d5ca55f	ASV10d__Bacteria;p__Proteobacteria;c__Gammaproteobacteria;o__Burkholderiales;f__Burkholderiaceae;g__Comamonas_B;s__	0.9980303401511159
c2dc25f562273c92f5171d824b55c371	Unassigned	0.5701403299391115
511d1e48a257c8e06f791e84f5c992a8	Unassigned	0.8593411539246767
22781e6de2b5175febbc84b173c99365	Unassigned	0.5756918502687168
d0dde4e80d6e30d927f305cad4d4a4ac	Unassigned	0.7190909037950343
2074249630340df848188a683413b1cf	Unassigned	0.5845610281279537
696aacf4d6c02af9e2b56e9c57af5648	ASV32d__Bacteria;p__Proteobacteria;c__Gammaproteobacteria;o__Burkholderiales;f__Burkholderiaceae;g__Achromobacter;s__	0.999999371362192
78cb076f193c2b2934de659c97072617	ASV22d__Bacteria;p__Proteobacteria;c__Gammaproteobacteria;o__Burkholderiales;f__Burkholderiaceae;g__Paraburkholderia_B;s__	0.9989023557389448
73e97b2a55641aa6714f7a311292753a	ASV32d__Bacteria;p__Proteobacteria;c__Gammaproteobacteria;o__Burkholderiales;f__Burkholderiaceae;g__Achromobacter;s__	0.9999811838508221
aa400f6c18004ff79c18a076fa1d3762	Unassigned	0.7472333643043347
362c2a0d5c7bd61e22efd89c7f2f28c0	Unassigned	0.8346740446966012
cbe02989e8b8f54dc26453372765895d	Unassigned	0.7030522810007342
2b5e9c3250dd611dbcca61792d4708d8	Unassigned	0.8034944960125765
8880ce5aca4ec0636fe49cd11e45e64a	Unassigned	0.7223916917668787
42ac1d68a8a3a9373ee31e16b6c9523c	Unassigned	0.834657429848618
b15193fce14759d1c06728933e044af6	Unassigned	0.4904012754672522
a10049d20a78af065eabdef77ab3ee50	ASV34d__Bacteria;p__Bacteroidota;c__Bacteroidia;o__Flavobacteriales;f__Weeksellaceae;g__Elizabethkingia;s__Elizabethkingia_miricola	0.9999999995321502
f9d3f6a5b2370fd08488e9740c4ddb94	Unassigned	0.7747136445373541
ce45f68458dcc75a354cb119b8d7f8ec	ASV29d__Bacteria;p__Proteobacteria;c__Gammaproteobacteria;o__Enterobacterales;f__Enterobacteriaceae;g__Citrobacter;s__Citrobacter_braakii	0.9998133986169356
ffadc95ea64ec13743eb2620f2b65361	ASV29d__Bacteria;p__Proteobacteria;c__Gammaproteobacteria;o__Enterobacterales;f__Enterobacteriaceae;g__Citrobacter;s__Citrobacter_braakii	0.9993464072997342
0d34e514b2d0d3a14fbfa27a9717f5ae	ASV19d__Bacteria;p__Bacteroidota;c__Bacteroidia;o__Sphingobacteriales;f__Sphingobacteriaceae;g__Pedobacter;s__	0.9919546735592388
a68adce03d0948efb8ef352be80fcd87	Unassigned	0.8508812791517739
1c17b569c3367f3080063ce6f5e98817	Unassigned	0.5612827228895514
08c9cd40c83b9ba05e159ca15b645947	Unassigned	0.863652128297254
115505d2d5fa8f7bda4fb3c6d04d31d5	Unassigned	0.8279851617990782
20dcd8f8740508fe9a64b75846e88d8c	Unassigned	0.6211954406859026
dea5174eb7c84068ef819c4a634567e7	Unassigned	0.6965881854001162
62e5cd3bf5598030a509b5d1ebbc460f	Unassigned	0.8235827613939803
c6e0c5c83c13171e76e3e14a10face91	Unassigned	0.8176946889656587
50c5810f38367d24a1a8a8f4f844dd0f	Unassigned	0.8739303371077897
80be9f07ca56999bc221abea11b2571b	Unassigned	0.6671054572641105
8525fd32c54f0d22b7691be443545359	Unassigned	0.7422300209449046
fb4509dcf87b9cf5eda65b85dd05a4a2	Unassigned	0.6715355710493431
3ade6e1b8a4321523f0f5d0c17161b71	Unassigned	0.9093568575464043
c4712917185748b529cd18b081d05ec2	Unassigned	0.6712157913503742
1f8ea76879d5883cab8bfb6c38a1d0c9	Unassigned	0.757995900475321
8d5b5d3e18eedfb7b5bf995830057fca	Unassigned	0.8777225356513486
985b9092bce47dc419d7c1e5edab49f1	X391_Actinobacteria;Actinomycetales;Microbacteriaceae;Leifsonia	0.9992237223348807
4608fae4bbc9964cdd17af8782f2155e	Unassigned	0.5541128476980057
27b3ab0f29d18ed81eefc7730213784a	Unassigned	0.8848632158777971
3c4a38adcfae49e7daccae9fc43b2ea2	Unassigned	0.8273494005285956
e57ca510c58ad91d1727216a0d0ccc0d	Unassigned	0.6288982427930486
678bf8a817111508e16706c339f82b53	Unassigned	0.8423419191665922
fb0339945840327d2734aea8cfde7751	Unassigned	0.7812533407824991
8e2d527fcdff75788a66c22b51df8451	Unassigned	0.8513125824026087
23706b73e9bb5881fdc90472a4e4fc09	Unassigned	0.8841308550864183
45a1e31a881329b70898c4eb7b7c8f5d	Unassigned	0.7248872403182508
a64f8ebb04656fd060b7edc6f4d89d68	Unassigned	0.8431157251591768
43790335a90fe949b1908c8580d4aa3e	Unassigned	0.5699980122794835
6b8350716b83432486977357ba69046a	Unassigned	0.6137517159329127
1abe019aebd0f0145149cef40a43f2ea	Unassigned	0.8909507095462614
ccfb09b0ed5513e1a9cfea73157fe8ce	Unassigned	0.7847627621732409
87130a692b9834f25c45c9a03908a68b	Unassigned	0.7030480492972323
4a400e60361cae081650650327705bb5	Unassigned	0.820316012550514
db3d9a9133670b0e187130c357c831f8	Unassigned	0.7652121547746809
49d77b008fd569424356c5563c4893d3	Unassigned	0.7721505268409989
e809f8fdf29a6e871fde642a65d50a9e	Unassigned	0.7664734525463257
06028a58d3ea84dfafa8a31d31e5dd83	Unassigned	0.5287789059111834
800eba18db9d98740843378d7ad6feca	Unassigned	0.794297276497404
c7ffe645bb8af074ffff945b9ae01d3b	Unassigned	0.9130257432193681
0732104c25d2e2e1a6f950c16d3cb7cb	Unassigned	0.8195592471894002
d75fcbb0ada4999193aecc8e344a178d	Unassigned	0.7543579267924412
6166075d277b9d233bdfb60676832037	Unassigned	0.8591503331688201
d130be037f71afc1f2052bb6dfa0bef6	Unassigned	0.8186191782567841
b0d916e7790b8100d0021502436cd908	Unassigned	0.8158286693489033
204c5d29cf730ad18aafd5ecdf46fdfe	Unassigned	0.46045112519728615
6e9d37b2ecc3edc7cbdd9a5aef5ef01b	Unassigned	0.8758942060046715
a2d9818155e7d5ed5f1ffef5c91ceec7	Unassigned	0.844101488879718
7e2fd4c7b23dddff32257bad956eab7c	Unassigned	0.7997677326062929
57eecad4660f4f37b712cc3320d4226c	Unassigned	0.8684187738918798
c97b161a64c2bbe7b165ed00c794256b	Unassigned	0.9070902559601006
e257977941ddecabe00cb84470c5b8b7	Unassigned	0.7605613880053622
82555a495062c95661279d8967888587	Unassigned	0.8797749332824706
8b055ff5b8e3ebdc7485dba0dda1e864	Unassigned	0.5490284926335177
a22e3c4036e331a056cca2f70f289ba6	Unassigned	0.8503802649856897
d2505d5c9bdf24321c761de24820cf8e	Unassigned	0.8767075221007588
6376afe21b76417b842a603c167bdcdc	X391_Actinobacteria;Actinomycetales;Microbacteriaceae;Leifsonia	0.9999999881527658
837ffc7b7a7a9374c696c0629225f6ee	Unassigned	0.7618149345310882
a56f42440aed4ed32578643c3d010d72	Unassigned	0.8565112418595247
c9100049aeb511d54ae239cd02274079	Unassigned	0.8072920294865416
14484762f1b4fdd79da62a4e9e85274b	Unassigned	0.8793096699130631
8a97ad8cdb9af445dbe88dca294189b0	Unassigned	0.750929318532965
7b9726e539e13e292085161becdd0d3f	Unassigned	0.7943640670653417
87d44f1ac37754a2c66917bbdd767c93	Unassigned	0.8088922006413592
065e6a105c460b48c6decfabbd45d937	Unassigned	0.7901936172614767
22569a2d8a94d4cb3c0137ef85811880	Unassigned	0.8379046697100926
62274ad8d85f4f3b3b7069e76d644a42	Unassigned	0.8524351703797015
6a2dacb02f44b36ff4046102b676ec7d	Unassigned	0.47019495332904726
5d69fb0c5414785ad60aed487444c877	Unassigned	0.6963931714667331
9bd283b0986a935785a7d77f796cd4d2	Unassigned	0.6773370166724896
b3fc2c8621fa11ec0c1d9f3c75461df9	ASV14d__Bacteria;p__Proteobacteria;c__Gammaproteobacteria;o__Pseudomonadales;f__Pseudomonadaceae;g__Pseudomonas_E;s__Pseudomonas_E fluorescens_AP	0.9999999955652328
f7088f54760bbd32d118f52c6337e8b2	ASV29d__Bacteria;p__Proteobacteria;c__Gammaproteobacteria;o__Enterobacterales;f__Enterobacteriaceae;g__Citrobacter;s__Citrobacter_braakii	0.9991455148929723
cd8278b131a7e17eeac32ebe0e3d36f0	ASV29d__Bacteria;p__Proteobacteria;c__Gammaproteobacteria;o__Enterobacterales;f__Enterobacteriaceae;g__Citrobacter;s__Citrobacter_braakii	0.9989798923948217
584ff79e878b36b79e2f183f138cbecd	ASV14d__Bacteria;p__Proteobacteria;c__Gammaproteobacteria;o__Pseudomonadales;f__Pseudomonadaceae;g__Pseudomonas_E;s__Pseudomonas_E fluorescens_AP	0.9999999997417603
d403c75d30a48316e98dce64ca6d7c78	ASV30d__Bacteria;p__Proteobacteria;c__Gammaproteobacteria;o__Enterobacterales;f__Enterobacteriaceae;g__Serratia_A;s__Serratia_Afonticola	0.9980334063706745
f43e2a7bc4628a8c55ffe71e03c1a6e6	ASV32d__Bacteria;p__Proteobacteria;c__Gammaproteobacteria;o__Burkholderiales;f__Burkholderiaceae;g__Achromobacter;s__	0.9999994327472638
d993d8c23a3b9800550e13a2800dcac5	ASV14d__Bacteria;p__Proteobacteria;c__Gammaproteobacteria;o__Pseudomonadales;f__Pseudomonadaceae;g__Pseudomonas_E;s__Pseudomonas_E fluorescens_AP	0.9999999996510809
daea10f98ad5f3169ca36ef69e5ff3b3	ASV29d__Bacteria;p__Proteobacteria;c__Gammaproteobacteria;o__Enterobacterales;f__Enterobacteriaceae;g__Citrobacter;s__Citrobacter_braakii	0.9998662142271163
3d8f2f389ca909aef9e6b5b09d5d3507	ASV14d__Bacteria;p__Proteobacteria;c__Gammaproteobacteria;o__Pseudomonadales;f__Pseudomonadaceae;g__Pseudomonas_E;s__Pseudomonas_E fluorescens_AP	0.9999999900929311
37ca47b363aced7cc2f9385f2a2ffb49	Unassigned	0.7304919680243502
5cb6bd20a400d2378cb7ab5472dcf1f3	Unassigned	0.5910866991995489
964284e756fc084ceb79cc5078b2715b	Unassigned	0.6907807651448115
ab975e4a213f85ad1aba9f2817aad29f	Unassigned	0.899837522327682
1c174a5286db9f61499b03cbea7f80de	ASV32d__Bacteria;p__Proteobacteria;c__Gammaproteobacteria;o__Burkholderiales;f__Burkholderiaceae;g__Achromobacter;s__	0.9999879970814626
e524118be315174b4c704271a4c12fd9	ASV34d__Bacteria;p__Bacteroidota;c__Bacteroidia;o__Flavobacteriales;f__Weeksellaceae;g__Elizabethkingia;s__Elizabethkingia_miricola	0.9999999993942055
a847d907ca31ab3973759959f4f1ae07	Unassigned	0.8779877160907291
54a9c36c3cc327a2e473560040624769	ASV14d__Bacteria;p__Proteobacteria;c__Gammaproteobacteria;o__Pseudomonadales;f__Pseudomonadaceae;g__Pseudomonas_E;s__Pseudomonas_E fluorescens_AP	0.9999999993841726
323c6fe186e835b236e1282d4de24d85	ASV10d__Bacteria;p__Proteobacteria;c__Gammaproteobacteria;o__Burkholderiales;f__Burkholderiaceae;g__Comamonas_B;s__	0.9951961832324644
01c35faa14b4a288a3f10abb27edd0d6	Unassigned	0.824877365541764
64c83ff847dcac1aae7d72789449be1d	Unassigned	0.8978338449004432
4e065f7151902a499a950803b371dec0	X120_Alphaproteobacteria;Sphingomonadales;Sphingomonadaceae;Sphingomonas	0.8384612971259666
6fe30b141576b2e3089160f21f48e5f1	Unassigned	0.7290574475993506
2517ba89249ee6b75f465df767c4421a	Unassigned	0.8212616348483232
17c3d200bf34e8a2485f968ec7e1cdc0	Unassigned	0.775138680454351
0864181f3a5a157eaa07ac15572b83f1	Unassigned	0.8467835876791177
2fbcfa99a82f8e595be5a2f6302c9327	Unassigned	0.8295439200165057
e1960adec1681f4cc196877029d094e0	Unassigned	0.7489363242750879
a279076b72c688a4c903ffed56d662de	Unassigned	0.7955763294482978
c8eed82278b8b5bfa3e2608728f8e887	Unassigned	0.8968283298355595
ed70f5ba377f679a0560615c9a8bfbcf	Unassigned	0.8590147118682363
6181d40cb340f7dd569ab82e840a6918	Unassigned	0.580366934793278
6bd3e12b65af983db97573f692914f81	Unassigned	0.8743041486706067
3dbb63f7d304de450aeaf5577a3abc43	Unassigned	0.8102925831844636
8ce042bcdf2626d54bacbedf4a26cdb8	Unassigned	0.8700479565601443
67957ccc066c095c23b39b7dbc40dd07	Unassigned	0.8131379902529813
89cbdb87ca23b7b0ac26cd5f61bbed26	Unassigned	0.8942326844414723
0facfc235535d41a1398ebf118aa606b	Unassigned	0.7763459244037288
bdf8c94b9107907f612c72f835002867	Unassigned	0.6912590489842105
0f798964449b1473c14720fbb4eb1d7a	Unassigned	0.833239661047354
cb83bc41e0fdbe55991a6b915b719cf2	Unassigned	0.7689637974881703
d2199b1bd84a5d1ad5b7a1b356e23d7a	Unassigned	0.7048012013751244
d9d0e5634922deac53bedee7322ed5f9	Unassigned	0.5719625979464509
3cc36275f4045255361827834088f889	Unassigned	0.7945766594938218
c6bd895c901d94fb40542aa4e8506289	Unassigned	0.46720522596115865
7f18c6e23b987a4fd0351ae939c7c9e4	X120_Alphaproteobacteria;Sphingomonadales;Sphingomonadaceae;Sphingomonas	0.7005668963464069
32f6dc2e75908ccac0558b7e50dfbff4	Unassigned	0.7941509915594654
139b313fbb27719bf456294cb11dc5e6	ASV32d__Bacteria;p__Proteobacteria;c__Gammaproteobacteria;o__Burkholderiales;f__Burkholderiaceae;g__Achromobacter;s__	0.9999915759160115
117a3d17d11c90298080892adc0b4e11	Unassigned	0.7927713112026851
f25efa2b22d296cf977e89cc5b308335	Unassigned	0.8341241986963827
ff0572015acae8cbe08f22922fbe0c4d	Unassigned	0.7152299513344162
a104977e5c3b7899aa7aabfee32b041f	Unassigned	0.829556611539411
86698eda80c6d43201d8d93338cd2b67	Unassigned	0.7776907284827126
520a31dc0a3c7cc044d0fbb0d9601386	Unassigned	0.7078824785034887
2eed3fab1157d8969cb1d1e6993ca291	Unassigned	0.8331361923189525
dd5dd58676bc349fb47126352c78b016	ASV31d__Bacteria;p__Proteobacteria;c__Gammaproteobacteria;o__Burkholderiales;f__Burkholderiaceae;g__Delftia;s__Delftia_acidovorans	0.9996940096489378
24945f0239ca7d1e5291a3adfd9687d8	Unassigned	0.8054001526572295
a39ba0303dffd92a02b385f8835bd803	Unassigned	0.872060633333781
5518526fff5c920d313efde2c9068641	Unassigned	0.8676528682402054
81d54a66404f4b63cfc0b5278a058d1b	Unassigned	0.8277669445407528
8b5b0d9bc5001e26d4be77595c7f3c92	Unassigned	0.43201916107310656
b7b761f88a66f5e591571c22116b8c22	Unassigned	0.8679930469636029
56cbca9f318003e1e6d2a448997eda75	Unassigned	0.7470321447359094
ba109a1200af501d548fc46b820af4cf	Unassigned	0.7293792188078063
3ad0cb3e4c5b0aca159d762eeceea2f3	Unassigned	0.90511602401982
e953b671f1b272e63d37039399265e7e	Unassigned	0.8420289355110323
6f811eb56489f8e9221f89b7db2253af	Unassigned	0.8808777867157714
d5485dfad9e9e233ba9eab41435e8f2a	Unassigned	0.7916201819170959
3399b0ec6142fa685a2b39d239aed3aa	Unassigned	0.8656687363400539
4ea0f5b4203587e8d5d5b103dc3654e8	Unassigned	0.8657202272092276
83408a69df34f9a9e46225e98c50e1a7	Unassigned	0.8745699595320837
17e776b5cc29e6c6fcfb77c81dcd9db3	Unassigned	0.7925662132515375
963d4335d319b6b7cad41f4ddb0710dd	Unassigned	0.6797626170467834
d9d1cfc90e09ca24664473425d635afc	Unassigned	0.6995468776339984
3d3ba93557952f5a20a04af1e955cab9	Unassigned	0.7697506611147046
8e5b03954432327118d1af527f26f3c9	Unassigned	0.7954156504208688
5cfe9e1528d95cf566cb9c1a8b4c96ac	Unassigned	0.8310355131899057
4832231a44e0dd2edd1f1242c0a2c4dc	Unassigned	0.8683046813169442
7b78f6360f7ccdd415c85bbaf4ab31b9	Unassigned	0.8234955641092034
eaf5b4ad2350349dc2dbdccff4ecb44f	Unassigned	0.78716595678162
8c24237862139918271ab46ab044398a	Unassigned	0.8916077163402404
5e4f991eac7104f5222ee4213d3d6a17	Unassigned	0.874291341779779
c1b0b197d2165b8c5786359d19a53242	Unassigned	0.7939224987758142
867a221e36dbf06cd5e5d8d566a3351e	Unassigned	0.7665869617109156
5bc6bd790a5f7742b1afc7dbcc318d4a	Unassigned	0.82104786598349
ad3653472ff90b667c73b92c509ecc15	Unassigned	0.5660330994840005
f67803ffee7cfdae7427be9fc83398a3	Unassigned	0.5965433875019052
645f3e7a0882df8f9b66363a9ca3a4bb	Unassigned	0.8489176947470557
cb962bbee6eac19609a48e42803d46fd	Unassigned	0.756739074095611
ca82b0948695e2036343668a11352e80	Unassigned	0.7417011127794904
9fb2d51d77304697b5a6fc359bbc15b3	Unassigned	0.8082559839586176
c1b60c094fab6dfed222c9ca356916e6	Unassigned	0.7326224456100944
670040100d8f4c3cb2243836c9260292	Unassigned	0.850393932296479
ffbc9797aa2df47666d2a196b8beb88c	Unassigned	0.8504989677886121
39796cf6e077676a4c7d8401454ca34e	Unassigned	0.8324697874539055
9c8b7fe58363415833a49a94322185e3	Unassigned	0.8705992685174933
7557ec7ade351f0560a9ff5ee182159e	Unassigned	0.8596200873406837
96337633367a452325b4af714cc7f351	Unassigned	0.8219621914980718
3b72dab80efecfb2f10215a4b4e74758	Unassigned	0.8046330616563986
317b6c59bd4ef0186d65d608d769cf10	Unassigned	0.8555260410036032
d186079bb01b70f0e639a537588f2418	Unassigned	0.762253378438902
abff869be30cae5c3deeadcf3669f8e5	Unassigned	0.8455132761745956
f4a913aa2a0731df90a4043aaf0b81d0	Unassigned	0.44797856682632264
b851a191cb7a5723ac0c4488c46de75a	Unassigned	0.781414698705474
bfa427fe71f32ce55ea8947ecb6aed91	Unassigned	0.6023828403340927
ea6313c4f7c9657e680fe4d59dcad643	Unassigned	0.891172915420409
138b56047c2fea958216af74e09bbf37	Unassigned	0.8480020413118695
93535fc233eb225b818b7ee1cb48be18	Unassigned	0.8201793860042013
9cd406fe572f510855f79c14c8860667	Unassigned	0.8758134397271505
e834253ff4c0d845ae231170851f0bf0	Unassigned	0.8504999744700286
a22b16b9acd76839db838d808bf83b0a	Unassigned	0.7252840722975469
1cc99599184f019b52cec9c73796305b	ASV30d__Bacteria;p__Proteobacteria;c__Gammaproteobacteria;o__Enterobacterales;f__Enterobacteriaceae;g__Serratia_A;s__Serratia_Afonticola	0.7649702756160246
6f0f27cd9353e877eaa130b97a993266	Unassigned	0.8742814979401708
bd4c698afb166b9dfb1f9c2be931d224	Unassigned	0.8267106781523132
4fb6b24f8f7a6ee38be7966256522d39	Unassigned	0.8794396035751709
6dda3a2f7e68a87767e7d81c8f03d63d	Unassigned	0.8148525238298159
86b3ba5a403f906bfcb813a9efec631f	Unassigned	0.6101451854373814
bd1d617f646c160938fca5c945a2a08b	Unassigned	0.815951966434332
7dec79cf52590adfea02a06e789833d8	Unassigned	0.8319838594116035
640a5b3820e27a44a89fa090ce65974a	Unassigned	0.8644012055157497
6debcf7f30bd933687c9132d0658b1cf	Unassigned	0.7142122949256461
2ca41d5b86987a1bf49870825643fad6	Unassigned	0.8523085306494484
0c0993dd88f226cca8f6b03e84e9e827	Unassigned	0.876071798008491
d4c5dbdf19f3b74c2f7a2b4426c00889	Unassigned	0.8212526102970067
cfbff263bf5a5349780de4e7e3d88970	Unassigned	0.8573125627760747
9adc4d9011c7ba6015d3f2831817ad2c	Unassigned	0.6977927467101113
9eabb0f75841870db94b91de1591b646	Unassigned	0.8538929486494187
ebf681c555061b923827975b6cb3a816	Unassigned	0.7433132964250658
899cd6ea3c1bc828952097f70f752cad	Unassigned	0.8279377398152465
99461218d89b5389b164d02c8cba004e	Unassigned	0.840875057175282
5e8bb4db381a95d0e7d7f4f77ca4a488	Unassigned	0.7066392913341824
df74526ffde65bb0310386ff440a9d7a	Unassigned	0.6839033701615074
645ff77115424fcd86dc6e74ce2aba1f	Unassigned	0.755288725441268
9be94048e60d473b35e069092e1a5183	Unassigned	0.8458136949794772
9e74146a6fe1a0f4cf80bd278d55c000	Unassigned	0.7635260735601636
c88315fcf3dc6110f298a9757543f42d	Unassigned	0.8514649745864249
fe2aa62a5974e2ee1fd2e589265a0e06	Unassigned	0.7504951950847087
acf57a9521fb72c4860308188ae2635d	Unassigned	0.7328074551016397
2dc8b7e51a4309da92c415ba91eaada2	Unassigned	0.4639987804304473
6bf979421441bcb5936b5563b866b2ba	Unassigned	0.8761830608158033
4b14d1b7293db4f75beca5e40e0608c2	Unassigned	0.6852056963566193
5a33fd57dc1071dd858495419514b04b	Unassigned	0.6604435598075509
0f48bc2087e2aa92ecc2cef05697ba60	ASV14d__Bacteria;p__Proteobacteria;c__Gammaproteobacteria;o__Pseudomonadales;f__Pseudomonadaceae;g__Pseudomonas_E;s__Pseudomonas_E fluorescens_AP	0.9999999965783815
f49af2258ef454fe0cb810f1cc2a03f2	Unassigned	0.7933355977482497
a60b428db1d1bb64019895522c2128ca	Unassigned	0.8310089795428435
31b2feab3da133b1ad8db5ca8464ebdf	Unassigned	0.7416080029752955
d829bee4984f82ffc2453212157caf96	Unassigned	0.3168523172774479
94b690323dcb61908a37341e641a133e	ASV29d__Bacteria;p__Proteobacteria;c__Gammaproteobacteria;o__Enterobacterales;f__Enterobacteriaceae;g__Citrobacter;s__Citrobacter_braakii	0.9999347286203369
9470f20033850b93236c3baafb4affbd	Unassigned	0.7517515168869465
0aabc76a57e3eda11322052699e839c4	Unassigned	0.8736857495079757
000345f9cf77a19850ad995c12766254	Unassigned	0.6678531279704725
4b32622e5049f73e51036af5e76f997c	Unassigned	0.7167854818903654
78feaadbe95339db428cadfc9e0e4a1b	Unassigned	0.5862415702325641
01f69d07368be2972384abc1409c63d3	Unassigned	0.8447540693595715
504ffbb227e119a317470a6652274a1d	Unassigned	0.8050008067503943
2c60c19041411877921d3a2af6c59e50	Unassigned	0.6526062857822853
fbc255dbd59663420815c67441a8737d	Unassigned	0.845541911029699
0e0cfcce92b3d2b7e6085243fb8435c4	Unassigned	0.7946654802929201
621a7d2872f1680ffa26a7c96b7323b3	Unassigned	0.7628807795334533
d0d66003b4c3a8783deb301c130d742c	Unassigned	0.8704034578038574
4aafd8d82df90ecea6c573db95992db2	Unassigned	0.7929047539904721
553427dd63aaeebcb7d5bf79235b170d	Unassigned	0.883511118635671
14b79cf7f1efcfe47fe17da66097f364	Unassigned	0.8249438058689823
132061c48ce7873956884fbd0ffc94ac	Unassigned	0.5202028195886021
131abb35a9b5cd7891c84a618bce8d81	Unassigned	0.8148785934839426
3ba7c78c04dd68188a2734e016fd8d91	Unassigned	0.7926752963412863
9406b6917e12d680ae70f74a9b880cc8	Unassigned	0.5159475545640104
06d75ed6a826099f4715fa923882e85b	ASV29d__Bacteria;p__Proteobacteria;c__Gammaproteobacteria;o__Enterobacterales;f__Enterobacteriaceae;g__Citrobacter;s__Citrobacter_braakii	0.9995191507114772
e083a50728908bd10d6d51696579973a	ASV31d__Bacteria;p__Proteobacteria;c__Gammaproteobacteria;o__Burkholderiales;f__Burkholderiaceae;g__Delftia;s__Delftia_acidovorans	0.9972855407899122
31a4c5fd906f701e1028a49deb0aef89	ASV29d__Bacteria;p__Proteobacteria;c__Gammaproteobacteria;o__Enterobacterales;f__Enterobacteriaceae;g__Citrobacter;s__Citrobacter_braakii	0.9994227746239045
cee1bf10373b9649c71a5f4811ce9037	X263_Sphingobacteriia;Sphingobacteriales;Chitinophagaceae; Chitinophaga	0.9999999999150759
3eee5b118ad5f9959c1dff3d1f266e00	ASV17d__Bacteria;p__Bacteroidota;c__Bacteroidia;o__Sphingobacteriales;f__Sphingobacteriaceae;g__Pedobacter;s__	0.9726576483253987
db6dbc1d846f0976a235757b80131284	ASV10d__Bacteria;p__Proteobacteria;c__Gammaproteobacteria;o__Burkholderiales;f__Burkholderiaceae;g__Comamonas_B;s__	0.9994186998921197
cc549bf4e553874a52c7517035e59aae	ASV31d__Bacteria;p__Proteobacteria;c__Gammaproteobacteria;o__Burkholderiales;f__Burkholderiaceae;g__Delftia;s__Delftia_acidovorans	0.998235196799189
d0848ff8741c753e17b333b115a830bd	ASV30d__Bacteria;p__Proteobacteria;c__Gammaproteobacteria;o__Enterobacterales;f__Enterobacteriaceae;g__Serratia_A;s__Serratia_Afonticola	0.9988371761723345
dd76edd19b6ce7f3c4f91ee5500807e6	Unassigned	0.7478354358835626
ce7e1bac61fc45edafe7d81e781c72de	Unassigned	0.751032283929139
8b43326c59d910edbb4d78776c7a0902	Unassigned	0.8487106512086137
8230be97b239ec0778fc9e546ee53a2c	Unassigned	0.8219658460148086
4750fb5c9289402214ea5349c6d60fab	Unassigned	0.8444368656337965
0198db0db62e18f1c5e928c94f81f88b	Unassigned	0.7498984930916678
ea804d23f106f14994e377c310a677d9	Unassigned	0.7045961695087268
06ecde6268ca96721abb060e2264f506	Unassigned	0.681754747782906
77a18cf4399b2fb85888a1477b6e2cc0	Unassigned	0.8612945212520078
0382945931efd15e80e823abed15415d	Unassigned	0.7622166755368357
70b4f72d23072ccc9b83ed797cb5db11	Unassigned	0.5952804236913155
ce582a90a0d558c0b3067fe5e5161b3a	Unassigned	0.8661295637821309
4bd6439b1246b09e5ef0a03ed4ec1958	ASV31d__Bacteria;p__Proteobacteria;c__Gammaproteobacteria;o__Burkholderiales;f__Burkholderiaceae;g__Delftia;s__Delftia_acidovorans	0.9991272106747714
7bccde56160b8cb948c3db018c2cddfe	ASV6d__Bacteria;p__Proteobacteria;c__Gammaproteobacteria;o__Burkholderiales;f__Burkholderiaceae;g__Ralstonia;s__	0.9954146211350576
c49dd33033c9448809ba15ef2634fa5f	ASV6d__Bacteria;p__Proteobacteria;c__Gammaproteobacteria;o__Burkholderiales;f__Burkholderiaceae;g__Ralstonia;s__	0.9981737118350789
852ed10bcf5f275ad9cda36b89d4cd0a	ASV10d__Bacteria;p__Proteobacteria;c__Gammaproteobacteria;o__Burkholderiales;f__Burkholderiaceae;g__Comamonas_B;s__	0.9976928212048257
059b2ba4b678cae5b9758a2026688381	ASV29d__Bacteria;p__Proteobacteria;c__Gammaproteobacteria;o__Enterobacterales;f__Enterobacteriaceae;g__Citrobacter;s__Citrobacter_braakii	0.9996103471983259
99f9743bf25ff61768ca5d86158e525b	Unassigned	0.7857019444007308
58b09bd1c484153e262563cbb2ee0a6a	Unassigned	0.7914367064505738
26de31617af2a39c6a21e7498fdfe67f	Unassigned	0.5167143028519068
894b8c698c0afbeb0654e9380f85518c	Unassigned	0.8325735474753143
7b591ef5504d044d5d7b50be1763b2f8	X263_Sphingobacteriia;Sphingobacteriales;Chitinophagaceae; Chitinophaga	0.9999999998684075
e2bcfa837998627999c78910b5b9391b	Unassigned	0.5789263464327973
ce7259b9e793f652dba0589910ba9e55	Unassigned	0.7369341960850195
b76db75b99fde86559dadc3fdb0ee848	ASV14d__Bacteria;p__Proteobacteria;c__Gammaproteobacteria;o__Pseudomonadales;f__Pseudomonadaceae;g__Pseudomonas_E;s__Pseudomonas_E fluorescens_AP	0.9999977619450282
67f9cecba51b8920c333e3d7b2a4059f	ASV29d__Bacteria;p__Proteobacteria;c__Gammaproteobacteria;o__Enterobacterales;f__Enterobacteriaceae;g__Citrobacter;s__Citrobacter_braakii	0.999571359780125
0f75cb70b03158b46f67e2c0aa008828	Unassigned	0.7762279769589864
997ee42a4806fa65827794cfd4e33889	ASV14d__Bacteria;p__Proteobacteria;c__Gammaproteobacteria;o__Pseudomonadales;f__Pseudomonadaceae;g__Pseudomonas_E;s__Pseudomonas_E fluorescens_AP	0.9999999986605701
e16b00ec897f3a9d1703a30c954908c0	Unassigned	0.7978115560325931
81353268b4a97484c6e6519497762297	Unassigned	0.8533439438447801
1ff6ac81caba062356765ab948f115c2	Unassigned	0.7273978826056855
e9c00602074dc96d44de7d4040c12f05	Unassigned	0.7976742246257391
b12d34b56e864371b845f41b6fe18463	Unassigned	0.7675347975121696
8f1803dd3192e9e6d3c364f18f95b90d	Unassigned	0.8164660992368793
420d45f15679b915a37da3bfa79dc808	Unassigned	0.7142013000661529
a3af741ddc058e15fdacc95e17ea130b	Unassigned	0.6885968967226331
8593e0f101e40ebc1102249674e0126c	Unassigned	0.8643463542633888
4473ac847f597164696bc96da74ca753	Unassigned	0.4219575220501546
68b2a9471c0ba235fdc7a457c33cfaa2	Unassigned	0.7288370575234667
9d00070c5f2db7fc8f680ead18aeb9da	Unassigned	0.8940409087289394
87ace68671b521fa779b33d5fcf2b782	Unassigned	0.6993543506125272
016d3dc8fd875e0324b1415f179249f3	X391_Actinobacteria;Actinomycetales;Microbacteriaceae;Leifsonia	0.935841212191882
6a4f354262a6fbad12de693585b4e7f1	Unassigned	0.4466261500056935
d5fccde55648e3db50804db773599e7d	Unassigned	0.8424338470767303
e8cfa86881b2aaa1fae3a85c70912697	Unassigned	0.7894800757566371
0947e462b2b08629e613de87625d791e	Unassigned	0.7963708347064018
505fd85ac03e5141f2ef1440d4bcad71	Unassigned	0.8164440535479148
55d10f07943f6f60522f2f72a465a620	Unassigned	0.7163463262490823
6ef49ce2dea68284c9f33c5edbc23baa	Unassigned	0.8745368255132696
be24a19f4ef65b58959bbfc267eb2cf4	Unassigned	0.816724517627865
93a46c54dfebea0226022fa8d1c0adb5	Unassigned	0.8664447764635989
284b388ede0e87150957252b467aa3f8	Unassigned	0.8752259802604149
bc89faed48693a8496f03cd457113afb	Unassigned	0.689830554316303
cb374be729ba24cacb6ea5c86e10907d	Unassigned	0.8391520189402658
d75c77f6101ec2a882a8f570052d6e43	Unassigned	0.6543747522980263
a593cbbc139c9f4545443688a58728b4	Unassigned	0.6465707092605875
bbed330f0b435c23cf4504959a0ce4e1	Unassigned	0.7290990369072538
87719a4242434a5496a46828c4a8a974	Unassigned	0.8397345843096019
ba5dc0dee65cda498eb5e093e66af25d	Unassigned	0.7821240807013422
106a1bff9dc6bf7c7deb6587e3d69f33	Unassigned	0.90782233382565
fe30d3b665f93277f3ffd9ed33aa4a05	Unassigned	0.726169969867817
2d9e3bbfcbed15c4b3c6893f5931c464	Unassigned	0.8411570226006196
608e045a9241850c7854812fff97590b	Unassigned	0.8032035024053544
b12c7b7aec36c6bf7b6979f29452144b	Unassigned	0.6236686400431113
e19dae2b070cfdd0805842d37d1cd14a	Unassigned	0.863544609687402
042d1b94a51e948df4e698c294b7d177	X391_Actinobacteria;Actinomycetales;Microbacteriaceae;Leifsonia	0.9999603387935121
dd93972218b548a1c257bfc919be2acf	Unassigned	0.7997615844574746
f86fd506f653a2ce9fe7c050f1fa14bd	Unassigned	0.6706253152601536
f4bf3b1e16f2fffdd82ea0d175379f6d	Unassigned	0.5606032716772689
4df375d4527a7888e50bfb946c01fd35	Unassigned	0.7433514968365427
394eda29c886632f514dd94b58381186	Unassigned	0.3461113866681358
2db0c99d9f7a0d0f0d831735e90a6afb	Unassigned	0.5771120885764951
a1a31045ba7ce95aa30dd564e352589d	Unassigned	0.7270486204361477
5f275cd8351d4a8f5d8ebce1eef13675	Unassigned	0.8358617242383249
88995417c2d713b8bea86d097d8f7d1f	Unassigned	0.8455842063879406
158b03794a972cfca093dc4052618846	Unassigned	0.6519099045199764
7afc081122255f60940a00320175ef82	Unassigned	0.8304699448597859
51478b0d8e8f80beeb28981fe1fc968a	Unassigned	0.8535041210423246
ce61c74e1f4862d5441132a9496c8ab7	Unassigned	0.7852149911266654
67500fd9eefa72c6203ab605aefdfef3	Unassigned	0.8179286227158415
5b065cb6eeb301878e74b7b8be5451e4	Unassigned	0.8364907531458317
c5e03e55015dd0b1ddca40c7ec6d4223	Unassigned	0.7668849847257128
f003eeebc4f01afb51a12cb5fe61e318	Unassigned	0.7410165739633189
b677580fff6989017f6d0c80a6c605c0	Unassigned	0.6190204883532007
a4e8621dd5fbdffda3451d6c88ee8274	Unassigned	0.5718929445216382
49d8dfe4eb31bf76bb950bb12312a9fd	Unassigned	0.8253918571303254
a46b0498426f98c7335fc65b7abc07ee	Unassigned	0.6541035072535207
dbe4f94e60fd3cdb773dccac34fb7901	Unassigned	0.8159861049853057
90773584930feeecfed188a21945a33b	Unassigned	0.7251658007384345
cc066697a31b71a65b291158035e427f	Unassigned	0.8366858924421308
2e0feaf94a4a4eff7e3090bdfb24a221	Unassigned	0.7815347752788322
950a68d18641e4cbc7efd78d183c61aa	ASV30d__Bacteria;p__Proteobacteria;c__Gammaproteobacteria;o__Enterobacterales;f__Enterobacteriaceae;g__Serratia_A;s__Serratia_Afonticola	0.9975599320786452
a2b59081dd3113f9d1d0889012401c57	ASV14d__Bacteria;p__Proteobacteria;c__Gammaproteobacteria;o__Pseudomonadales;f__Pseudomonadaceae;g__Pseudomonas_E;s__Pseudomonas_E fluorescens_AP	0.999999996405947
b5c5206142856220261ac386c3cbd20f	ASV14d__Bacteria;p__Proteobacteria;c__Gammaproteobacteria;o__Pseudomonadales;f__Pseudomonadaceae;g__Pseudomonas_E;s__Pseudomonas_E fluorescens_AP	0.9999999996256292
08db9eee732614d02344ed0a05132d67	ASV30d__Bacteria;p__Proteobacteria;c__Gammaproteobacteria;o__Enterobacterales;f__Enterobacteriaceae;g__Serratia_A;s__Serratia_Afonticola	0.9982844072134388
a6a363ca7e7dbd9d6c0276580d8cc245	Unassigned	0.8239875369727969
331d0f836e40c9bacc71693ecf50d272	Unassigned	0.7416651804849672
5aa6773fe70ed0af34b271b28d902deb	Unassigned	0.7272207515984948
e89a8629ac5350253d4a7338ccf338ef	Unassigned	0.6361427235221093
81b941f30f5f5e81d533a1848b014eda	Unassigned	0.46949461155291183
e9866bd5d7f096b4b2b794e64d33aef6	Unassigned	0.81657939382767
465291e26637f76265277553ac90f57a	Unassigned	0.8024959574644962
05bb703f5e75d2ba301b3c866fe07452	Unassigned	0.8011633716505054
27da15b7926aabdd6dc815284aa7e9e9	Unassigned	0.7632070719397153
aff86f28bf6aff993e5a77c0a6d4765b	Unassigned	0.8047414183697881
6bf8b456f4ddf37a560cf0e2466af93d	ASV34d__Bacteria;p__Bacteroidota;c__Bacteroidia;o__Flavobacteriales;f__Weeksellaceae;g__Elizabethkingia;s__Elizabethkingia_miricola	0.9999999999455298
9271b75d3e9ff535e18e6e5d18b29f22	ASV14d__Bacteria;p__Proteobacteria;c__Gammaproteobacteria;o__Pseudomonadales;f__Pseudomonadaceae;g__Pseudomonas_E;s__Pseudomonas_E fluorescens_AP	0.9999999987412025
c463bf2c07b1cb8873e6127a4b1fc175	ASV34d__Bacteria;p__Bacteroidota;c__Bacteroidia;o__Flavobacteriales;f__Weeksellaceae;g__Elizabethkingia;s__Elizabethkingia_miricola	0.9999999999560032
e692f171469ce30a3cc7c8961f6259b5	Unassigned	0.7306054805779266
bb6a1e75a95b9a20e45b1e965050e0e9	Unassigned	0.8227371365457453
00376e5c6cb1a93114de5309e7e8b7dc	Unassigned	0.6591265227555395
c3267a8ca28be1c758a4427082c081db	Unassigned	0.8858872407696101
5b54367db5d59fbd2ba55b32d38a2013	Unassigned	0.7667668752157852
0edb369271b5726c879f4f20744c7e6b	Unassigned	0.845096113465692
40bd3aca73c2bc192744475923e3d0dd	Unassigned	0.7818170011369636
ae7cf7ef2c5ca83a738ea6214501241d	Unassigned	0.3505057358026341
404eaf6d8b8c4b4990f5b536f9ecd32f	Unassigned	0.3084288978471307
dce9eb601af3bf4c9344b3ede1c4c949	Unassigned	0.8700029812695781
989dfd20eed3cf73a0ac0dca2c90a198	Unassigned	0.6479010637478457
5d6a47ee159a3e171906e3bed2065dce	Unassigned	0.7978473285383254
4c7778a3363a176537929721e028a70f	Unassigned	0.7923301778294232
9ff018a092c0b8337f8c222d6c31a359	Unassigned	0.7410628298788076
8ed4051a04a5623f00ba29449db20e80	Unassigned	0.8456722034428709
f0f286b61991fe11058d131db7e43bf5	Unassigned	0.7868096787067648
80495ceddcb099605939ffe0989cc055	Unassigned	0.8293465828161954
7d8e2b514d73d5ffb9bdf83cc0321502	Unassigned	0.7474530060488657
778898fabde92d609160c554c14b081e	Unassigned	0.7963872911135159
a0c2de2dc6c1b4996307cb69ac1001b0	Unassigned	0.8647142768552766
ea02d8da6d823e37cda87384482bd336	Unassigned	0.85127383357316
ee031612d9a15b8f74cf7195a43b1003	Unassigned	0.7642680559557903
7acf3724114b6581e2f4e98000f8eb11	Unassigned	0.7404503972634444
8296ec460d1efc355dacb93c5e3a9407	Unassigned	0.8994141277798192
7e39c8b67324c0de08e8e9ee9442a078	Unassigned	0.8657194511040579
2d1399c5464b8c7fb54f3187794f9aad	Unassigned	0.9020734992820759
42ca53d0446d1d0e8bf9e51cfa989820	Unassigned	0.7888218012985246
8a8d335849e918565bb8053b85c7101f	Unassigned	0.767461578878127
8dc63de96e8737aac5ccec27ff625009	Unassigned	0.6355138114333897
47c724102f93f812b0920a065877f395	Unassigned	0.8713383281428666
57d717789b00b69bc62c3f74e57f03a5	X391_Actinobacteria;Actinomycetales;Microbacteriaceae;Leifsonia	0.9999999817841286
0c7bb4c7d28651f870e4f6486db5c25c	Unassigned	0.8233413319508471
f97cb4512852a3b85c5cde5445a11804	Unassigned	0.8361283207860651
d6ee22d79fc81dd196ed3edd7735044a	Unassigned	0.7334458603762205
18cd07ade6b79b64fcd5a5b10896605e	Unassigned	0.8636973953843693
ab1cedc885ae9ac8207f3885daaf2603	X391_Actinobacteria;Actinomycetales;Microbacteriaceae;Leifsonia	0.9999981297361425
3d643e0ed755688f5842166f0a49d4c5	Unassigned	0.7978852506341421
1e6f3e74e07d612341576fccbcfc8282	Unassigned	0.7275968350432466
e5b99b7154055e76be4c6c00050eaaa8	Unassigned	0.7678801585351301
e0d9d2a8beb54cd320dd18c85016010c	Unassigned	0.7102989692644686
28fc48639d79f9ebed726d91bdd6fc25	Unassigned	0.8325378839207758
76da92884cda91bdae1d642a514cbac1	Unassigned	0.8357165808853805
7c91f19e1826c8348dc0b7583fa8661a	Unassigned	0.7368400791182497
c963d288aad116076d68a6a80aa75f3e	Unassigned	0.8821009301978529
2731fb21a98dab193680143e23acc2a0	Unassigned	0.8285450353192835
f4f38bb8b9175fe218073fe8ed773478	Unassigned	0.8675052096305104
8b43d27bc5dd97aa83b1a284b4e6f649	Unassigned	0.7372425034458574
7fb139714154dfdd7bed2f8568bebf92	Unassigned	0.8310669457455236
590a8d6b2e5f7e2df5ca732b75bead44	Unassigned	0.7517259436581056
56a46306037a828c685433db205be0f2	Unassigned	0.6665651957903712
b214d9e6139ccc91cf8a8f2c9cd6d3fe	Unassigned	0.7832468204537432
dd450c8012e1f34f7224245c50ee49ae	ASV14d__Bacteria;p__Proteobacteria;c__Gammaproteobacteria;o__Pseudomonadales;f__Pseudomonadaceae;g__Pseudomonas_E;s__Pseudomonas_E fluorescens_AP	0.9999999995215916
0c766d92ec46cb0c3f2e25c783d72982	Unassigned	0.8216556040519708
3292efcfdbac935dc206d0a3999985df	Unassigned	0.7015171037719243
64d32ed39b1b6b05dfb76317621d8b5c	Unassigned	0.8082882224504473
e9076d666b0577cb6d2fea8c3a13f7c7	Unassigned	0.887838869778623
f2ae57caed372efa2e96c2388c6fa5c9	Unassigned	0.8005345654512167
98acbe7b63e0a390db34170da5611e11	Unassigned	0.858319132907133
f96e9eb7df5584d85374839a9ed1a9e5	Unassigned	0.8049609712013943
19557b60ddd0f44bc3f5d24e3af95e6b	Unassigned	0.7408344433319303
9eff6f7a4c44b1bc38ad56bc129eda35	Unassigned	0.8808315815491912
c2fdf33233b221e39267b2d9126551d5	Unassigned	0.687691348064472
cef263c23f3014240e29c4b6fc1b01de	Unassigned	0.8640638287633023
1a37c6df73642f155655b32fcc75a2db	Unassigned	0.7801763395061552
b3e916b503fb53bcc02b0915b6ce4504	Unassigned	0.8610051472680615
647aecbb41a13f90788cc8f92401039c	Unassigned	0.8743737718825496
4510e2ccbd7a972bef28e014fcd44ba3	Unassigned	0.7704588125468568
5186c16117eea81ff5f6e4a1ed10188d	Unassigned	0.7898066017355128
870ea3f46ab79447faeb6484df2e8006	Unassigned	0.8553179641157271
c783b9786b8f2ec27dd21fb3665c8552	Unassigned	0.869674355047735
ee0c5c11395f9a719d33999c51570130	Unassigned	0.8307926352951904
adb4625412422aff9210f5c45aff0fe5	Unassigned	0.7785359270627752
e7a4c585be7febb917093650a5dcbc77	Unassigned	0.8406896925386022
5a63c7eebf1689bb94b70ab4016d59af	Unassigned	0.7118371110908377
1f9fde1ffa945f12bbab985c15e676f0	Unassigned	0.8279164538598748
f82c2ace3354d3d6066db0882fba46de	X491_Betaproteobacteria;Burkholderiales;Burkholderiaceae;Pandoraea	0.8178239475596495
c4e1874fa2874e457657f3387ee7ab8c	Unassigned	0.7014871136567498
867a3396e0d2d9be7345578b4d3cff25	Unassigned	0.7782068921416073
5d5db5a4b1cb701462bfd0989f5a3495	Unassigned	0.5177288033924914
9d7e153f16f3e349650e16e6ea48870f	Unassigned	0.8473704666028022
d3c952be43bf5d88e0627f50d810d16a	Unassigned	0.8073176864517777
0c56e294243935252377e0a407383dfd	Unassigned	0.8528739589526547
0d89f976082369f430a8b110ca738116	Unassigned	0.6752948146682538
69a8c3bab42cbc9fdb7aab09ee9dccd5	Unassigned	0.7896947146719016
3ddf6fc1512b1daf47d2f04b9a275167	Unassigned	0.7763283879801663
04676a35a41be5de84fe2fc36a0439f2	Unassigned	0.876275545085494
bfec76a2c692990421e36c2a484d708b	Unassigned	0.6604669065147186
881caa2dbbfb6036953efd927e7c4400	Unassigned	0.8390968562184606
f9020323e56d61f305f60f2624af7f03	Unassigned	0.6692298734986041
9ec539ac3b1985687b6f5fee0be337e1	Unassigned	0.7757835395002841
bcfb7b663a26299bfddff73a521c9923	Unassigned	0.8966625986278178
1b70e6c55fe32f0875de47b5393fe821	Unassigned	0.8075022595690862
ce1b04dd0dd7c715f9beb0952775f12f	Unassigned	0.8594480963471024
35f5ef1ba9728afbe23cf6b173669694	Unassigned	0.8375398086273361
c431d49d6f695d5d09cda14bf74aabef	Unassigned	0.8266171957870424
97578c3de0d68449fc1bdf5b714fe151	Unassigned	0.8629495732148555
1385ad46c0af6a8e3fdaa965b909f47f	Unassigned	0.6329608128083701
85ad4f21834c6c38f12d8ffff3005bc3	Unassigned	0.7372938909716894
76ea061c97bc7415ab0193d0e839a7bb	Unassigned	0.7718650781497937
f6631d6f9979b07b78e744b39b2ae2d8	Unassigned	0.8340755960720925
0b6fbfe23238b9096e15ff97353e90ed	Unassigned	0.7160181488708749
da82100f76110d68a7cb7de3a1d80135	Unassigned	0.872112411017786
8d86bc5d45a31ca37863e629e2a86a51	X391_Actinobacteria;Actinomycetales;Microbacteriaceae;Leifsonia	0.7560978478306772
5ef75b3cf84d33a91e4c748a3e948d33	Unassigned	0.7383912399877609
199147b3edf4c860d71bf1bd6cb6f3d2	Unassigned	0.7254369479274163
edcdff2553bfc94e49d63d79002ab253	Unassigned	0.468090541536086
8bad2b93fc091ff39c65258129f2dc66	Unassigned	0.8648975751635062
459c7eeb1165ff2d09a145b4cf91361e	Unassigned	0.8436320680186143
5488c6ba10161643a870d18b9f9610aa	Unassigned	0.619886915760149
b5e659396758dc76e0aad4e1552abbce	Unassigned	0.8246861007859306
65d18ed1cd0d7cefdac44d7680da32b8	Unassigned	0.8552234028279176
eedf98a6a293cf15b663fa4cdd19d823	Unassigned	0.8134935579240442
6a37ee999c088b8ffb7ad733d6a726fa	Unassigned	0.864427398843138
38b294168ec9246ecd44dc9689ea32a2	Unassigned	0.7075234672315274
4a880f797cffddd7ff67f8a2f3779e17	Unassigned	0.8148816388214524
0703d1250758fb989193967261d58562	Unassigned	0.871376323621817
b205fca12d377272e0be02790b1a9f0e	Unassigned	0.7555450905751565
95b9911bd76d5fc9b00dbe9eff87072d	Unassigned	0.7563008803421394
5ca147bd63165f95662ef4d4c6792997	Unassigned	0.8173623025171415
360533d8fced5abbe8b96952878ecad6	Unassigned	0.8440837045089296
a2154f182fe0a01ced89a7a2d28db6d5	Unassigned	0.836527241151496
4aeec7db895ab328ec720fa16648c263	Unassigned	0.5048277773393723
07ff9488ce875b7d1d58c1a999bb2636	Unassigned	0.7874704816266155
024ba6e19021d3cd197c8d7a4a5dbbcb	Unassigned	0.8691644547854105
4b35fa0c95fccab1f4f4977812909de9	Unassigned	0.8881248019063742
26ef9651f204d89eece474934dbf95cb	Unassigned	0.8518812675517181
49d4dfa10c7c48d8ef28567fc4868b8a	Unassigned	0.7440292030292677
596cb2f0d42edf730118e6777727ffed	Unassigned	0.8148043214421109
bae1d25610650bf2699947b7733a9b61	Unassigned	0.5609867655327678
ec51451aa75cd4b6f7376572cb5b2dcd	Unassigned	0.8662644121085005
15f56248164af998a41c304bbf8b3e03	ASV14d__Bacteria;p__Proteobacteria;c__Gammaproteobacteria;o__Pseudomonadales;f__Pseudomonadaceae;g__Pseudomonas_E;s__Pseudomonas_E fluorescens_AP	0.7444216116997746
e1cd3c22c8bf276c4a0867eacfe95593	Unassigned	0.7955305398658286
2c9dec15f2f1222b2e646afcd9a8fc5b	Unassigned	0.80931412356183
d48ed04102292cfafc223f1a7ec40228	Unassigned	0.8675329958837398
ab2b54ad36d7b838f1b92f8ffd9b0fd8	Unassigned	0.7481281832503189
73ed1d55938b10adadccd6b83ac99c66	Unassigned	0.7873764350919752
dbcee6250ae3086c3b15335a5ed84255	Unassigned	0.8337848677231685
9b8c9b9e16ae953690705d38b18c380f	Unassigned	0.843660045240403
7d888b4912e55e43d472cc197e58fa55	Unassigned	0.8346159760504933
a314f67e081846b29181073daa683489	Unassigned	0.7922133405087703
1e5b938f5972312338943fb7df8c7ec7	Unassigned	0.8229401729980048
a16df047abb581379150651679c3e442	Unassigned	0.9004500436517546
af1bd8b898d69a6d502b36d23877e012	Unassigned	0.8540897913676723
b153d319ee159a40edc294e4830d092c	Unassigned	0.8610462469206283
e97de933f9b58e65bffb6f2a1a452aec	Unassigned	0.8812114015200155
b2457896ed3763ff07da0f583cbcf4b1	Unassigned	0.7921319689458888
28ba9d11d20b8e92090dff1c17afb71e	Unassigned	0.742895573538454
c41e2749e3a66f2902447ce07fc7636d	Unassigned	0.7232538337888594
7a42e3cf3ef4471694b16ffc6de9b787	Unassigned	0.8697841106780433
2fb982a34ba6d53d236f64e0ab679e13	Unassigned	0.8188948782442912
527c02dc69f97ba43fae26a247948835	Unassigned	0.6398618852868919
691f9f8edb34c1ea6431ea44232b32fa	Unassigned	0.8797439929635715
60afb2a0ae7e56270b904494659925f0	Unassigned	0.7757195544614945
1b14807ff047513fdd89ac62f2890046	Unassigned	0.8257984835489962
7acf5cbfc1c2f617396b53881da45d44	Unassigned	0.5817150249759959
b043e0400a521c264f7a03e92297d95a	Unassigned	0.8304694146789995
5fa55ad0106e0f0b5e30d6c985e95ad4	Unassigned	0.706353409489721
6b64002cc588ae7c1d5bf6fb2ee036bc	Unassigned	0.8033485464450985
5a2c80c2dbbdfe65d5d62d847b0dc995	Unassigned	0.8383382592061926
c4464afe60f0b47947dc7457aa45e089	Unassigned	0.7839961593142537
e00cd7b44df4374068170586bdf26d2f	Unassigned	0.8291951315714412
7248c149da6a178c8d86b29f5d601633	Unassigned	0.4036479883971197
f1c8d7fbd71c3aabd732fadcae7f6ffa	Unassigned	0.7387459423793141
13ea3ded6bcef429fae26e82a0801b3d	Unassigned	0.7586512068028466
2e8a5a20f5a1ac8aac0109e9432fecd1	Unassigned	0.8933781269472764
ba839b935da96bf873cb851acd5e3b57	X491_Betaproteobacteria;Burkholderiales;Burkholderiaceae;Pandoraea	0.9975798089614648
de78edd49bf69ef3ec5cfbd2f1e73c44	ASV29d__Bacteria;p__Proteobacteria;c__Gammaproteobacteria;o__Enterobacterales;f__Enterobacteriaceae;g__Citrobacter;s__Citrobacter_braakii	0.994030928171677
f287289016d8c6b54194df1c0fa8c4a3	Unassigned	0.8314950686039361
04f97a973c20019f28b7def86c92dcd6	ASV8d__Bacteria;p__Proteobacteria;c__Alphaproteobacteria;o__Rhizobiales;f__Rhizobiaceae;g__Rhizobium;s__	0.999999940547541
6bcdadd0cc65357d5ca457b36c14522b	Unassigned	0.7957334024489726
4352d2a99ad300b1a49ec0584309a7af	Unassigned	0.7246635782130113
06ef9d4a08d462a35ffb2c5f8de1e00c	Unassigned	0.8482567715886425
b527b08fd62d8af8cc3bc91bba444ef2	Unassigned	0.8456714483341606
c8e8e4d98ffa40e7745f26022e367312	Unassigned	0.35038911434643893
604019b7adac1fd737ce6a6063492d7e	Unassigned	0.8075977179910886
d1f30bd628ad53cdc76b6112de73eb8e	Unassigned	0.6823630616642962
f197d993fa8fd3481c2a26a766d908c4	Unassigned	0.8122978059444526
f3e89cd7ebe4315f5464fc913100e6a3	Unassigned	0.8792046339252635
c69b780e4950e09e6c025afa69ea0c9d	Unassigned	0.8732359632499589
a2d93a941290fac6f2986999654a0e2f	Unassigned	0.7384372733059251
b64da85e87118f94f06474e30dc985d4	Unassigned	0.8110148337288046
f1543e67e14837e5dee561bdb74f1e55	Unassigned	0.7435739799838754
f0a4fd6c193a308fb641fa34583dda54	ASV5d__Bacteria;p__Proteobacteria;c__Gammaproteobacteria;o__Burkholderiales;f__Chromobacteriaceae;g__Chromobacterium;s__Chromobacteriumsp002213445	0.9934116953157285
31437e532d0a27a5ef1ed6d29563543f	ASV2d__Bacteria;p__Bacteroidota;c__Bacteroidia;o__Sphingobacteriales;f__Sphingobacteriaceae;g__Pedobacter;s__	0.9910885548180307
0dcb319fbd4a2fb3d659c2e873f960a2	Unassigned	0.842179921963264
3dead651a8a4d5537e2de84b926cf863	Unassigned	0.8506019322293115
749690932efa6723cf50fde2baac8953	Unassigned	0.7984630793215202
5246c3893e15e0d723923739345dd957	Unassigned	0.817178195100585
402fca2551b973f9da3280aa5630a515	Unassigned	0.7244090510125059
23fd32b5915e19b7271436ed537e8302	Unassigned	0.6032098139369062
f90beaed96cd638d8d7e6761a548806c	Unassigned	0.8540798400614497
40767c57f7c0389d1c04961b0e7956f4	Unassigned	0.7187984372254791
620e98afecee9b79a584aff43c3b0c4f	Unassigned	0.7444227488949002
eccd4ec473687cb840159f8d4036ca15	X391_Actinobacteria;Actinomycetales;Microbacteriaceae;Leifsonia	0.9225969223541544
3eaf9ca2d7cf4c78be2f65a85d1097dc	Unassigned	0.7711006750084847
07241516b7e53d2256e5a3ffd744a180	Unassigned	0.8507708352271275
f707834799d601a9b838028f11bf6566	Unassigned	0.8358114833594976
8119c2879557c4e174bd2dc72ff4300f	ASV31d__Bacteria;p__Proteobacteria;c__Gammaproteobacteria;o__Burkholderiales;f__Burkholderiaceae;g__Delftia;s__Delftia_acidovorans	0.9990642206632284
25a5ee1a7bc3db618a38f2120922bd45	Unassigned	0.8831460290884781
11cfa38d7c62a71c777cfdd752e8c53c	Unassigned	0.7663247514961868
fa73e93a12bf6204dbc34cc5dbcb83c3	Unassigned	0.8012243150088789
49487c40c5f4d3b418925c00ef4bff8e	ASV34d__Bacteria;p__Bacteroidota;c__Bacteroidia;o__Flavobacteriales;f__Weeksellaceae;g__Elizabethkingia;s__Elizabethkingia_miricola	0.8591506295935784
73c4dd670cea314af42bdd8682d91f68	Unassigned	0.48931831969882045
85bafebbdb52150476c273e86bad4619	Unassigned	0.816769202428072
d4b916d64101df528509356d1c34bd0a	Unassigned	0.8911062221174201
2795aaa1b48c48816e91ddfde241c926	Unassigned	0.8164655767961788
e21d47866ee843ddca799cc11c21c565	Unassigned	0.7856716010004325
fd4a640ec3e7c77a0e5320646e489ec7	ASV34d__Bacteria;p__Bacteroidota;c__Bacteroidia;o__Flavobacteriales;f__Weeksellaceae;g__Elizabethkingia;s__Elizabethkingia_miricola	0.9999856221353339
8cc5d5058f4b3858ac0a38b3a95ebeb9	ASV31d__Bacteria;p__Proteobacteria;c__Gammaproteobacteria;o__Burkholderiales;f__Burkholderiaceae;g__Delftia;s__Delftia_acidovorans	0.9088771585515144
4286575ff4e138fe5238642baf929caf	Unassigned	0.7497384780836069
a4c255b15e1bd454238032892e139958	Unassigned	0.7024814305456816
72c98ca20d07daa79b301351f76464b6	Unassigned	0.4219021694172199
ca2faeebd64f86b7512360c76a93fe33	X391_Actinobacteria;Actinomycetales;Microbacteriaceae;Leifsonia	0.9998560880597582
552a6cd98f80068071e349fcc6e2e859	X391_Actinobacteria;Actinomycetales;Microbacteriaceae;Leifsonia	0.9996506697052515
93c45f463d838fa1c1f19e1fea6b25aa	ASV8d__Bacteria;p__Proteobacteria;c__Alphaproteobacteria;o__Rhizobiales;f__Rhizobiaceae;g__Rhizobium;s__	0.9999235072227941
87bf19db04d882703e28862ff2362178	Unassigned	0.8117865513261597
2814dfbb2de2691a9dd3930d9b3cf26e	Unassigned	0.8466780240580402
465807ac7d662b80ae2988afe7b0275f	Unassigned	0.8749628148454955
1ef112a38996737bde21365ab1408d52	Unassigned	0.8027120442336283
21a6a26f8a2000dfcde2591f7f0c6636	Unassigned	0.7194061158160256
01131ee541f79c5a8e76252656ec52a5	Unassigned	0.8687697200103959
492afaf19be24d7c0d6effab817dc92f	Unassigned	0.8689125702733237
956d9200f2adfe6c822d53664cec5e22	Unassigned	0.7409561985782804
93b9be6bedd85ca6ee1caaac531a3b8d	Unassigned	0.7529028567878772
14b1d1fd1ea26a399b265981e6e9327a	Unassigned	0.7996782281238078
154b9098ce0fc366df8ffd9d4b2d03ec	Unassigned	0.8314575704570814
641f44743e563a89134f0a247a43e71c	Unassigned	0.8841067138286244
6035673e2bceb49a46538d03407ef6af	Unassigned	0.8339837487178189
8cb88c8a7202b46901f800aba81e1477	Unassigned	0.8690470151163131
92eb15af254d14e4a21ce4232189dc82	Unassigned	0.7831144710583785
fe0ddca0852edfb24c53f818355bc642	Unassigned	0.8010786164342363
b7a8062eaf669930729bdd83da2e8742	Unassigned	0.6500885502247662
a3bf7fb0b7dd057837939333915ac825	Unassigned	0.6914555356925535
2c7259b1f0fa5910f17f2cc5f720a42b	Unassigned	0.8699557126531501
8bb03b9feae3d42387df18372e2dfd19	Unassigned	0.8331444632280487
390157cde94f32012ad7d10c073b5d1b	Unassigned	0.7439742197706459
b1059f263f74c1ea47c449c2ca297a5a	Unassigned	0.839604964541523
b67982780f4af5ddd1d20ee88dd1b9be	ASV14d__Bacteria;p__Proteobacteria;c__Gammaproteobacteria;o__Pseudomonadales;f__Pseudomonadaceae;g__Pseudomonas_E;s__Pseudomonas_E fluorescens_AP	0.9999999783319142
b74c4d517c9722337a4dcefcf9bb4c29	Unassigned	0.7108256211510754
ac5a13fb621732d65ce5cb07233b393a	Unassigned	0.7615921733874006
19edb743bc9aeacdd330836a5ed18830	Unassigned	0.6848269194867944
410f834c5c2a262022cd8b5a04c5ff99	Unassigned	0.8861928971479532
49a849c0c0d1fb0887d771af67919343	Unassigned	0.8540491737591576
663b95835d15f6ef200deae8d5b9de08	Unassigned	0.802988022735227
1316415df5cf43bd41a615a91d163f29	Unassigned	0.5886597763006766
39c805f26b2230494bcf4fbf6cad9c4b	Unassigned	0.8397886008804955
331c868b71fcadf2283322b31cd6917b	Unassigned	0.6599167838025716
ddb57ef0327416b0bf49dc6ba0818972	Unassigned	0.8416454795858999
ea9175eb719652c06cffcd5a0708946a	Unassigned	0.8108061014605782
16ea2922d498f781fbe2ff7a19ebf716	Unassigned	0.8298014134832226
17ab2a7790acfdca456cec1bd3262342	Unassigned	0.8458234015494687
f52025a64de4008edd562f5c338b54f4	Unassigned	0.8443309053064829
cb77be65bacfc829440993d4b7ee3afe	Unassigned	0.8618343919536446
05b0537e398579ef1805c2626be16541	Unassigned	0.7099633405726169
a53aba83ec7d23ccdc5e3c8f926cfad6	Unassigned	0.7794160059505661
a23a7000f3bd389edb00570947fadb3c	Unassigned	0.7440259367578299
91960c1527001ea28d1bff432f762323	Unassigned	0.8049580338238986
e511fb67673c8b55490278826ad2b0cd	Unassigned	0.7884204711457302
efd272c8aefb2022dd977d522b19ba5b	Unassigned	0.6686027542920963
223ca79d316091ecf81aa71b6652a8ed	Unassigned	0.7658574599371463
dd7f28a7fc05bed3effc213117edbe82	Unassigned	0.5341417601368446
22af022d6ff646b263d148ccc2df78be	Unassigned	0.7484180585115214
0c8ca29594ef9d2159bc4ad30556c15c	Unassigned	0.8171895084147369
2d37fabd6de9d66356fc4ab204250475	ASV8d__Bacteria;p__Proteobacteria;c__Alphaproteobacteria;o__Rhizobiales;f__Rhizobiaceae;g__Rhizobium;s__	0.7945734347336145
00271bf2fdceb188020fc0ad5ead481e	Unassigned	0.8365395523008453
723cee2f66d834b0fb1efcf399599602	Unassigned	0.8367778221954434
06bf973e3375d763be4e78ac842bded3	Unassigned	0.7312023522076947
afe7060f53436935a81a8ad4614f4c25	Unassigned	0.7222870232008731
0d2c9e4c6d9643c2d9d9988e616cfbeb	Unassigned	0.8843318581169604
146f2dbdf8b3fb3cf2a2f52a7c38fb0d	Unassigned	0.8612515381758474
584fe5e2afd184641dfc527835c34e6d	Unassigned	0.614147095510275
1eb260729ee418bd7c6433fb27805700	Unassigned	0.7673607585741996
a935ebcf8e11b538d8300aa3dd6037c8	Unassigned	0.6824845459087397
5b2185058dfa320629254d692822b4b0	ASV29d__Bacteria;p__Proteobacteria;c__Gammaproteobacteria;o__Enterobacterales;f__Enterobacteriaceae;g__Citrobacter;s__Citrobacter_braakii	0.9988400884841278
4b50ad87845660006701d707cf8bc4ad	Unassigned	0.8354970421137662
61d2e3377120373bb6b1be6fe9d15fbd	Unassigned	0.8206014208428999
a203b0b28a46874e6d5e52a383eeb219	Unassigned	0.6786587752793538
dcb5cf5f4b0f5ac4540a01b2a643b156	Unassigned	0.7678403600703063
5e6c183c41e3860f0679040b8167a254	Unassigned	0.7920761784994397
a2dbfc7071d2d7e95b8940630f33c6c0	Unassigned	0.8360364504081145
65b7c1d99e9fa9f6ddc5a82fc3d5fcd0	ASV9d__Bacteria;p__Proteobacteria;c__Alphaproteobacteria;o__Caulobacterales;f__Caulobacteraceae;g__Brevundimonas;s__	0.9999999861058201
7f27a844faeae241315c75766166589f	Unassigned	0.7197408837515037
55975621f097d717fdeb9facaa2708d4	X491_Betaproteobacteria;Burkholderiales;Burkholderiaceae;Pandoraea	0.9855974654807631
f9c4add77c3c480d17d4d4c20a5c17af	Unassigned	0.7822234111686831
6cde87d7843bb6de2b2765b3333fe640	Unassigned	0.450669566367324
b895d11da847db8b85a258acd69bc8f1	Unassigned	0.8254841092152453
7a76207ccda30174062d74abaa6d1280	Unassigned	0.8320121321645241
9efae9d0219a1941c599b5dbaa541872	Unassigned	0.7723820060787483
c8c967b0afb38e1e00b9fdd54b5134ec	Unassigned	0.8023658768528511
4d07e293e39557e26901948a0efddfa1	Unassigned	0.5598222033400762
dba06496e6c0353036ef747df036cf87	Unassigned	0.8803006796008923
ed37ff8894740425cf21998f709caf24	Unassigned	0.795454201407999
8ad5550018d7f5c9c9f687fde4e85372	Unassigned	0.8174572092962714
781fd5c9e4d6389cba6d7ac61dcdf3d1	Unassigned	0.8549734128925736
a7fd5357c4a20a06a0da6d01eb8fd8d6	Unassigned	0.8942378134652023
f2e8d491cf5e4f6f7e15c2bbd67e26d4	Unassigned	0.8784999014353791
be8d407fd870a226703b73630dc68d5e	Unassigned	0.8728281189015328
ed22da511779f3782e7a485a2cf3f68e	Unassigned	0.6813913458790699
7b8fa6a3bb0af849af011c0fe220fadb	Unassigned	0.8248230417640804
3e6e637c1bf7e6453502d390ede052a9	Unassigned	0.8151561874977775
707be7aea03afc9393b7d08bf18a7d53	Unassigned	0.800603183042464
98c6386144d5210b378d69b2487eb1bb	Unassigned	0.8629341226024645
298968363bc9efc91c69e7b8067aa97b	Unassigned	0.7693849651419007
6a2ff007d783932fe4dd6dbfd39410d2	Unassigned	0.5445852495013929
fc29686e7704d047f5f86bb2c3449980	Unassigned	0.8607626690037217
71261244022539e4236c36d00cbafc9e	Unassigned	0.8448104804536555
6dd29cedb9e35476a205254061995747	Unassigned	0.8335952099435818
07d240fc5855e1bd48a853b3c225530d	Unassigned	0.7993445605716314
725871035691f3e73a91f9522b93a8a6	Unassigned	0.7604909782029441
e7f97a0ffd90e2a95a5eb6f4c727792e	Unassigned	0.8810635772220674
4dd15f37d7d57306f00b10669c5af47f	Unassigned	0.8263468204930602
a0ab1e3653f6bf8882d9cf85928a1150	Unassigned	0.8356632401942385
79fd159aa6e144f5e46cc4dc50f83506	Unassigned	0.8537232253135028
4ca424e665ef46026a82591ae0ee27bf	Unassigned	0.5111493175959793
7dd65ddd728666e53557a260ef151425	Unassigned	0.8586407301588441
f1bad88aa203cc8732c6cdbc07bd68f2	Unassigned	0.7720790827202672
72ea71871ae979773d7ba8dc5abace26	Unassigned	0.855902795648671
156629a2f4e435613cc63403ff096af9	Unassigned	0.8101137326592762
3080e31f77b2b85ba2be54f2ae50238a	Unassigned	0.4952731705233512
48545f8226ee27f8e0ebb6184e5ef9c3	ASV28d__Bacteria;p__Bacteroidota;c__Bacteroidia;o__Sphingobacteriales;f__Sphingobacteriaceae;g__Pedobacter;s__	0.9981523625589123
4463204c8a83a40aceea28d8835bdc7f	Unassigned	0.7814906119105245
bcccdb46fa3423a7c5409c1186f13639	Unassigned	0.8414655279677723
1ac865aa1d9758951ca6daaa7aee0b49	Unassigned	0.7875215229531516
b16278724a44466cb658e83a842b0425	Unassigned	0.6755404327231562
c4e6eb56108a76471f16c5e0f597435b	Unassigned	0.8493144494779109
004eaff35d1b108351c9510c9ef5b049	Unassigned	0.7126843810189643
d49b23341cef84c8f128df8b7a737543	Unassigned	0.8549844155198991
03512e476afa9cac94ebd39593ff3ceb	Unassigned	0.8089086588451679
c0453318796fc30911478263f4cb334a	Unassigned	0.6329375514482596
2ce7ad923014563bcca9a392cba74b04	Unassigned	0.7519833515177767
9e8423c8e7a16943712b78210e4e523f	Unassigned	0.7659389752495969
c0adf7b4e4eb87c0a33501a4cca04da8	Unassigned	0.8401238020472512
b9440ed3b6f18ad3d36480dbac0bbb0e	Unassigned	0.8193585464867246
14a4e970a5184d88a441f81b6e9f411d	Unassigned	0.7581656156696662
160eed811f15393c116ef17402fc95e5	Unassigned	0.672513616158904
2d2e02bf7666c98d35c2674bd246c9c9	Unassigned	0.7302329773378868
e1a6ce28a620dbce27106ab7cc5f534b	Unassigned	0.8387439597649435
dd6549da7e42e03da9992ef2db62b1c0	Unassigned	0.5356858552716393
ee21d780b01752c888eaa2ea9f04a28a	Unassigned	0.7989223656192935
68faac432bc043a4c5cd2bd8003e1a86	ASV2d__Bacteria;p__Bacteroidota;c__Bacteroidia;o__Sphingobacteriales;f__Sphingobacteriaceae;g__Pedobacter;s__	0.9892547635437913
ebea4182ed6d12f06d93105e9db10e85	Unassigned	0.8462837840272471
37d383bc2acff8bad739f523e094ddfd	Unassigned	0.8590862375546799
d93456fe20e5081d5971eb69ecfdc5e1	Unassigned	0.7201131096306934
0c34856539871fdbbe9cb5ffd767c579	Unassigned	0.8177528303221545
2891da60e74bbec494ecb068997577de	Unassigned	0.6449174546890497
68dd7acfbcb752648ad5ad886cb98d65	Unassigned	0.8105093685665221
3f7d4f53dcdab9ef5f81776ddd433df6	Unassigned	0.49503006033971864
e8dd2cb79b8207b560039844133de988	ASV32d__Bacteria;p__Proteobacteria;c__Gammaproteobacteria;o__Burkholderiales;f__Burkholderiaceae;g__Achromobacter;s__	0.9999993945973656
0015a289869d33102f11d1fd9c10327c	Unassigned	0.7128576720237132
804143723a536bb658451c34f45267bd	Unassigned	0.7920281361160001
59b61822a27d666825eff616edaad6ce	Unassigned	0.766148682554135
26d59d66d084e1d63678e9c21305c295	Unassigned	0.8025699507575004
f63719955c9f60951b7c5ee6f85df2e5	Unassigned	0.8381865848892054
041357082977a6a837ca801f202d4755	Unassigned	0.7404217641443066
a078a4da5c69de1003208d1b9d2ce590	Unassigned	0.6787753411686979
0e45abfb980eb07d4ba7abca1d091f91	Unassigned	0.7326261504750793
a212f1f841c74b378128737554cf84fb	Unassigned	0.8786696090389019
30da937356203fbb547a0791da662b22	Unassigned	0.8367914055243761
0dd604b1f02f74e048f6035bd5d74c57	Unassigned	0.72033524660514
e93afe7058865f695b88844e7849f2fd	Unassigned	0.7806901727003687
18dd0fb946ff17913c3bbaa9c21ec6b0	Unassigned	0.8472739690624236
b957b6e81b2188952fa104f71fcaa27f	Unassigned	0.8063166609549155
11b635df99ac21e3a0f85f9faec3ad12	Unassigned	0.3281483921439028
63ef0ae5510075c3f642d5ab4b4e7458	Unassigned	0.8690987103737106
94605f9e16fdb3f9437c296f6ede8649	Unassigned	0.8882789486016891
178f9fc91733f5b2a47216d37fe7a5ad	Unassigned	0.6135247240064343
c0fce28862562e506bd02e1f49bf2cf5	Unassigned	0.719329799805326
eb458ec45b0777d7eaba042cd60ec054	Unassigned	0.8174219732257002
803f58012bca5c5b5e5a5d685517f65e	Unassigned	0.48896694640435356
dcbf97d489ad9eee2e9cb1ed318ffa43	Unassigned	0.7919732192400072
72ad7663ea287a143737b82d087fc54e	Unassigned	0.6928956705706922
1a21527f9a1828022a1060d15b1f3524	Unassigned	0.9001442411270031
25528701733553bf146768d25d13afdb	ASV14d__Bacteria;p__Proteobacteria;c__Gammaproteobacteria;o__Pseudomonadales;f__Pseudomonadaceae;g__Pseudomonas_E;s__Pseudomonas_E fluorescens_AP	0.9995401199190617
69243850298f1e09d3980b384bc2471e	Unassigned	0.878322929710641
8556e9b0aece2a978e10bc940910ee93	Unassigned	0.8217153823816703
73f918b017995294649766526a94cd07	Unassigned	0.715009232360142
0d62a4d4d91a590b2e59f912bbf342f6	Unassigned	0.8681105855719727
994a370ac4a98c5609f3990c851cecc9	Unassigned	0.8271678097537248
e18e92081afbc52e6c0f3287deaab0b9	Unassigned	0.4770248324200913
dbe1fbb6c75065a5d3c8b182641d528f	Unassigned	0.8386529190826101
985771a7815eea3e67705c30840e2503	Unassigned	0.7652629304395657
6e681245e3ee29144403704710e26197	Unassigned	0.7022502092750063
b1cd5baafc33302307c89c2970262d14	Unassigned	0.7982287326444673
034f1430d74933cef1c1e4442aedd5c7	Unassigned	0.8324395069348781
94f0f9915df2cf09b2b814ce6dccf014	Unassigned	0.8053829962343672
b8b0c9aa9314f4031f97c78a19dc9d2d	Unassigned	0.7201620741117454
f9369e798e2586a8a1b0ba9e810bd037	Unassigned	0.8528358064186088
5a57ecc01f71601f06650b00b88a331d	Unassigned	0.7071072964487022
2de272e8fafa29f272f5c9fc576b405e	Unassigned	0.8890139224989501
1548145f9e0c6bf0bab8bd3e8861fd35	Unassigned	0.7900901435972717
ed19a47eac4dd0e3472e141a1e24ad68	Unassigned	0.791305804873091
fbe8aef328446e690377b4fde60fada8	Unassigned	0.8749253232858621
a260974244cb4196045fd57a0813a261	Unassigned	0.7985774276831901
ff4be9a6ca9bb31822ddfcaf1cd7bb63	Unassigned	0.843089671012386
c5c0f1747cc7bccba4f5d00c11102147	Unassigned	0.6527593266613376
aa1daa5093c7d5bc0a6b6893fce2bd06	Unassigned	0.8429267343606432
336beffd3b1ab5251ea4e4892afed24c	Unassigned	0.8462117388949824
c2539922eb13da2d416e3408b7f4b6be	Unassigned	0.8086207148340325
c5d8e1599f1f5c573170c5f9dd819d4d	Unassigned	0.8158510177870394
f7fb1ad62ae1d293f49f0bd9a86a7e7d	Unassigned	0.8333745878515451
0b9c18840f1eb4a903366a3c080f2469	Unassigned	0.8530826484505913
069216a36d859f0fd2e8638fdffcaae6	Unassigned	0.7834142038390732
f653abbee20c59ba6b3c42d921308be0	Unassigned	0.85483231111368
3b447f3796dcd489dbc5cabdb5471222	Unassigned	0.8210968620788256
6da038cb1695c2751b05124c7b92612f	Unassigned	0.8180061854111096
cc92120965349404ddf9ab0a08ada1cd	Unassigned	0.7694041931846769
7c44c0ee69e7895d150971857f7b903d	Unassigned	0.8552294548798779
2e0736f1e2c0a9d69e769bd5f7651cc9	Unassigned	0.7541579596045241
9fdc0f17e0ffd8f9c85eb5cae673cdc9	Unassigned	0.8286609332521978
d6502141df09c974f7b275f03569c455	Unassigned	0.594436834599501
eb81318359f417b96b1effeff7bcc215	Unassigned	0.6859650020404371
0f773979ba1bec64cd1f9fc0ac324bbe	Unassigned	0.9108929435643498
602480169fb333e484471ed955d6647d	Unassigned	0.4363899934265182
49f9a9fa6c19049801a12174aba03821	Unassigned	0.8303701556812111
c351c6ec271313d1d43976da2b27cf23	ASV14d__Bacteria;p__Proteobacteria;c__Gammaproteobacteria;o__Pseudomonadales;f__Pseudomonadaceae;g__Pseudomonas_E;s__Pseudomonas_E fluorescens_AP	0.9999999993803641
df392ef3ae81417c486b87ca94245d34	Unassigned	0.7497901008006653
6319f4501ecc54bf15f3a722890f4035	Unassigned	0.7693893369074537
13d7507f4b602a065c54df2a52fd842e	Unassigned	0.7059738174867602
b10a748b903f421d47d18134a6525ec3	Unassigned	0.7316998331380347
494f56ebd91afb07e1141c3e16332db3	Unassigned	0.8209581130528347
aa8895a91674cdf3cd1ad26256cb4a95	Unassigned	0.716494527056061
e1da84a57d67aa37347889bf208d79e7	Unassigned	0.8210631057777811
198b49ed682137aa2cb9958503b8b80a	Unassigned	0.8624704294063779
6e04d086857c6e2be3590ada511b630c	Unassigned	0.7211654163116934
0a0a60e18b24c78291395c5a3255cdf6	Unassigned	0.8128483241215734
06ba44761184b1ca7afcbbed69f54fad	Unassigned	0.7474618874779945
2ef8d36840bcbd69f5e585408b2d5e03	Unassigned	0.8135230604875776
010665fc5f02fc5ae9a7265e030acf75	Unassigned	0.8711276716412486
b33105cc4f9e7fbfe1c298d8a3405317	Unassigned	0.8147911781452942
c9d27a7ff189324c43483b3d52b986b0	Unassigned	0.834137271905352
a7b434c8f60c559c387a22ba3792b53c	Unassigned	0.7987272286470944
14767cf8adbb85bac0fd3c7fcd759469	Unassigned	0.7815382301046276
3b0968ae2170ca7bf8cdf65e8587266e	Unassigned	0.7853064994433419
35f1da4c9c18e59af72e667c2b028488	Unassigned	0.668793403732728
cb423a97e457cd7d6a72f4c81d9d9c26	Unassigned	0.7481417268485935
13d2afe629c9d9f57ac4062e8a0f0a27	Unassigned	0.31829440660224007
98d15af3fc97f1e1ba029bdee18db7d2	Unassigned	0.8898734522905333
e22744ca36c9425e3ea2251fc52b15c5	Unassigned	0.5863340575553079
979cd3ebb418deb7ebb23604bdc2bfe9	Unassigned	0.8138991442548985
5599e738e4aa4febfefdafe78c0cfe83	Unassigned	0.8059948675297017
9bc381037a71a0a3f8d3b693ada4444c	Unassigned	0.7586541451375123
f13d96c086e3aad3999a5726d236a7df	Unassigned	0.8887760539172621
c2617a33e84bfe1f2da47639e5114a7d	Unassigned	0.8192802227910264
1afa33b571511703ae9443206be2abd8	Unassigned	0.5745437808565603
d37c3c8f06f4c7df0c184e894c9ef529	Unassigned	0.5517680384920125
bd0000ffe7409e7391dab5a0a3e75c38	Unassigned	0.8315580299561393
9d0834691914f138bbde2aa69ba79b99	ASV14d__Bacteria;p__Proteobacteria;c__Gammaproteobacteria;o__Pseudomonadales;f__Pseudomonadaceae;g__Pseudomonas_E;s__Pseudomonas_E fluorescens_AP	0.9081385476487883
6ce2acf67531500b17e8e1eed0efe127	Unassigned	0.5630304086973918
fda4be94f94445564cfce1a5acb1df91	Unassigned	0.8349547725933069
3f3945f934deef7331620e359196e9dd	Unassigned	0.8356077008111737
aa5297e48264a2ddaf23609f86cf2441	Unassigned	0.6070827902212904
c81c709261486e0a3ac19501e633e857	Unassigned	0.7569101977176278
d1b28f5b336492126299f37914f13023	Unassigned	0.8899771866590735
9310e33a581f1905b347ab7fc625aa33	Unassigned	0.8725333573984387
a61fe80e2b688fd6d62953618567dda8	Unassigned	0.8732217062961956
e4181be6ba9c9b1ffee9ec556959b880	Unassigned	0.8511421868790723
764c6301ec4ac68ef219a141577301e4	Unassigned	0.790122073950698
dd1bea7235d6d6df4b8f20d18f77da8d	Unassigned	0.7792435549826073
c5f5c254e3d50d38fb81c138df537cf2	Unassigned	0.6734303683357258
ba6c3d4ae8545e53f3cb685822ef744a	Unassigned	0.8361395870936488
749a071745dfaefa91c7b6a7be38fc48	Unassigned	0.802294706406862
865a414d3dce0b73e9d8bd64592e8a89	Unassigned	0.581097658386408
15e5b4d722938fd7de11015b4a930ed9	Unassigned	0.8630315443433937
21b752d55c856c6c0977ba8b60437aa1	Unassigned	0.8605575701496349
20ce0ccadb51f1e62441b27c1cef5b90	Unassigned	0.7811696676828472
0e53c77458f89abd040151a26db9be24	Unassigned	0.6463200487177387
507ac296da4c2f0c0f8299a5bd393507	Unassigned	0.7677655223541063
50b3556de54660efbd6ff343a8440fa2	Unassigned	0.8180698087064786
dfa2f66d8ba6ec7ae5cb41e8b63ca276	Unassigned	0.6060297501691779
8d4928164b5f28c75560200f60b32c15	Unassigned	0.8240573819222831
98716f152b8c426fd7221bb5616127fc	Unassigned	0.7413774041103145
1be506effd8e0a423de061aeee671b64	Unassigned	0.7633090940428175
c2c09dc115b2c0fc12c992986907c250	Unassigned	0.7288243503872673
a1456709c91bf3f629818edbf13fe1fd	Unassigned	0.5666649800127528
7c25d9a74a0f44dc5a81a243d5bb8d38	Unassigned	0.8013268186480494
3336f86cfccbfecdb2058c07b50c2591	ASV29d__Bacteria;p__Proteobacteria;c__Gammaproteobacteria;o__Enterobacterales;f__Enterobacteriaceae;g__Citrobacter;s__Citrobacter_braakii	0.9998992080390215
10bb863b8ab190f9fbbc8d255e9048c6	ASV30d__Bacteria;p__Proteobacteria;c__Gammaproteobacteria;o__Enterobacterales;f__Enterobacteriaceae;g__Serratia_A;s__Serratia_Afonticola	0.9990705043016
bb684882492e87e3ec7246ed0ad46916	Unassigned	0.7295527049677522
7eb1531c439637b86bcacc54a1305098	Unassigned	0.856733874877635
05f0a9ea2f704588496fc9bca9874dab	Unassigned	0.9011441562253478
1cfe56f5c524e0c4c2854308267c5b0e	Unassigned	0.8031973576737536
54eb5e58dec0ef0a6b5572bb44eb6ff0	Unassigned	0.7859777839793533
576f9de99cf6f3a138ead9dbfa2bab24	Unassigned	0.728854739060933
937c1cbf937adb6c82b4f0ee77055b44	Unassigned	0.8870943517376219
cff1921693b58028d699afc2ed9946dd	Unassigned	0.8623547423642159
fe4aff27a7d535c1b83f2d8e8f20c86c	Unassigned	0.5646730084083551
29a04e607f2a9f9c15613cc1d4f8ec67	Unassigned	0.8768468171719663
c777e39b89c4585a859eb7ae219704f5	Unassigned	0.7646568341620887
b58fbbb1a60cde1b7c22715280e184f7	Unassigned	0.8085531594737861
f55986f06be5445470286fb4d751cd55	Unassigned	0.7366701020667765
fb01910e0b2dac4ee796222bb0f3623e	ASV29d__Bacteria;p__Proteobacteria;c__Gammaproteobacteria;o__Enterobacterales;f__Enterobacteriaceae;g__Citrobacter;s__Citrobacter_braakii	0.9948788542576529
99d1ec6e241f3bba6093fdb7ac18c42a	Unassigned	0.5382337925278462
2ecccf9593c5637a8271c5a3aff846a7	Unassigned	0.8561750212219899
9d42384d51060b697ad2572b1714ce5e	Unassigned	0.8078159231750722
812e7742db3919d9e908189c38520ecd	Unassigned	0.8169948933429318
5c20e02db26cda5e68bf79d60c7cdd93	Unassigned	0.6010856929700221
f2123e2c4117bde71fa7f2a9b8c343bf	Unassigned	0.8462080493519608
5d8f3279b7b9f5d52de8b1312464bdd2	Unassigned	0.7339575762238282
55c91e1b63eb747155bb1ca75b3fa884	Unassigned	0.8415986464532252
7e94dab71b741ebf184ef77539df84f3	Unassigned	0.7880406341047437
515944af2b869ba4c20cbe193ba3a07b	Unassigned	0.7848208804697281
3751438ae889aba4eb63e2e70cc68a62	Unassigned	0.801201277849989
d7afeeec9c71b73ae5e42343b42c29ac	Unassigned	0.716864410935732
220d098b33aba41439e27cfef8761cf9	Unassigned	0.7549621174235763
3a8cef7fdc0aa2113895a6a154fdc79a	Unassigned	0.7965961989045447
80a6ca5c4966f7629871775de0e81e07	Unassigned	0.827417311967239
abe1f783c2d7fb577645071ee6b6bd7d	Unassigned	0.7746997390120205
b22d2239ff551612a03b49afd040fec1	ASV32d__Bacteria;p__Proteobacteria;c__Gammaproteobacteria;o__Burkholderiales;f__Burkholderiaceae;g__Achromobacter;s__	0.9999996530812927
ef350d08f54bc073c2b0f75dd0798b1a	Unassigned	0.7971371067372996
4f47ff3ea339b28baba98a5a04614a74	Unassigned	0.6761586403444868
0be7fa682ad61974ae69000aa54034d4	Unassigned	0.7120804112841732
c91dc2f973f586e2a13f0ec843251dfd	Unassigned	0.8461329493342329
a99d956db27c5c897d7fcc827795b3b6	Unassigned	0.7412431243644276
94e5befd6e952c2292ced87375ce779e	Unassigned	0.7454384631138748
a4e221fcc7ada5f5adc5743eeb1f436d	Unassigned	0.7270974291635359
3cf77745997d834e5489adf61166fb23	Unassigned	0.801967851686062
b2a9cbc679f339b69196773896a6f96c	Unassigned	0.7555756562142253
19b8986c866b968e686c5441565e04dc	Unassigned	0.43207244747088047
65ad7b945b6f7a966fd011596894ee00	Unassigned	0.8693860433783698
099d8a80730b9554d98385a1394720d6	Unassigned	0.5075368583541382
103d17f5d412d4958320a047e731ae66	Unassigned	0.8835520707856079
7c0f76ae6ce804c0678ddd7d9b4ab207	Unassigned	0.8899566415622918
b2731f46c09fdcbc203c181ff9c27f58	Unassigned	0.8594186570125497
65e6366748b274a81eafd870dccc88be	Unassigned	0.8152786938573062
2b2c24d4bfa9368c36dbc320fae6d46a	Unassigned	0.8293367923497365
bffd79a65e1cd0c98d984f7df8f1ed09	Unassigned	0.7839982684957053
09a82de0e731091efedab01be8653940	Unassigned	0.3322148982904579
299e0d1ecd412ed67dbb71ce8287b203	Unassigned	0.5546426596686982
389fb91d89d3ef61692fd00a71b26862	Unassigned	0.7447667509410236
68e87ff9296a94aca336d877f9761dff	Unassigned	0.8711881000820058
aa346eb14b6a501ebacfb6fdb8efb9c6	Unassigned	0.8685221418681703
61e7f39958aeef7933503e5aafa94ae5	ASV14d__Bacteria;p__Proteobacteria;c__Gammaproteobacteria;o__Pseudomonadales;f__Pseudomonadaceae;g__Pseudomonas_E;s__Pseudomonas_E fluorescens_AP	0.9180669759253363
ef538750cd8fbd6d53797e2fbaecb6d2	Unassigned	0.7591071745886011
824b16636fe5d4f243af6e26111a038b	ASV30d__Bacteria;p__Proteobacteria;c__Gammaproteobacteria;o__Enterobacterales;f__Enterobacteriaceae;g__Serratia_A;s__Serratia_Afonticola	0.9995422976006733
7685448a04ec709cb25589910351f41e	Unassigned	0.8511017679602565
16c77041e1264652454dc9e44b10fa23	Unassigned	0.8022836634299269
d4cc4557675774b8ddfac4abbaa62b0d	X391_Actinobacteria;Actinomycetales;Microbacteriaceae;Leifsonia	0.9997091485532774
5d646daa88fba1382055ad385cbcbc7d	Unassigned	0.426213890757123
90cc638fc79c7a6c96d514f0297632a7	Unassigned	0.6120684786283619
c8b8f76dd524232427cb5c9ccf721cb8	Unassigned	0.45048528282673017
e914c9ccffd62eb585c022b523ac5112	Unassigned	0.7711376685484186
9915f1e5e8d5236dce55de77b586027e	Unassigned	0.8394208372169334
d9d0aeac2f9d7f11dfd6aaf8c7523156	Unassigned	0.8059008045790446
9ee038de5f87e2f51b88cae14107416a	Unassigned	0.7533589874940986
ed527e4f0618103c32f21a2bdafa8d37	Unassigned	0.7246075904606095
f5a5b09f983cabb0f520f117637d106e	Unassigned	0.7649918650400662
a651f7b548e82de97c3cb881db22ae3b	Unassigned	0.700411016563943
4068689b99fd072a2a0fbf86b0524aec	Unassigned	0.7757165193590262
3ddf1762360bf9785e0718ecb4df1d88	Unassigned	0.3593467485102113
a60c5e40bf5599d5050552f6e53c3618	Unassigned	0.8435933900530024
6b2ae5337e8e5fc45b33582d1b453918	Unassigned	0.691336161264114
0e61b0a69ed928f9f1a9e28bbc4e7ed8	Unassigned	0.8698169127989337
e2b47a4fd6396d9be2261baee549b918	Unassigned	0.7722279635485363
012e7fb68eedd6948ae6d45daa8967c7	Unassigned	0.6023884063642051
82deaa225150f0c3465b062a50339d1b	Unassigned	0.7935528665716752
60604e171585761d8eb04e0f37a4ea8c	Unassigned	0.8291122930294015
7b9d8440fd21bd671f628c464a9de5a8	Unassigned	0.8217335728950463
f890c62f15f0acffe6f81c4caf5d5043	Unassigned	0.7588862962975699
5a62c8cc5578cc495ec185c4f0a556b1	Unassigned	0.8093612545207609
c29b14cf7adec9828e5fcc5347ff259b	Unassigned	0.6538399158700658
bba54c8794ec20fe8f1fcc5acf3d82f5	Unassigned	0.8214912091340063
34afec237a79bee0984ce9db4b9b1cce	Unassigned	0.8642965908791646
5f85eacc0db258a99fb3050f30a3a09e	Unassigned	0.8935545448252702
493db611089bfd1bff07bc879bd44e89	Unassigned	0.5111901519134585
dda834b1f6c0f85ff3dd42bfb7abe281	Unassigned	0.78498535862326
b153b103a37ddfdb4588ed7163931363	Unassigned	0.7568928265133241
9e21bf1c665bd386a688779b3c789eed	Unassigned	0.750187345791315
0abd51f28339d1eb918d53109db209a2	Unassigned	0.812604409563626
fb39b10224f386b4b378272baad7794f	Unassigned	0.7991159320429263
6fe7cd2047f6a55581f12fb1c4b064e0	Unassigned	0.8387444188051775
2de5b0bc1a8ea760e4e2ebdbea258a21	Unassigned	0.8394867485788813
c183ebc5fb626ecdc5d29244d1d43377	Unassigned	0.7630165779844921
84774a4cf22a15428dcf33877d15d41e	Unassigned	0.571646169158718
c96a25dd2efeb0be4f07d3ff92e0671e	Unassigned	0.8502841859823005
e3c0af3ddcca2262065a499a6643b9a6	Unassigned	0.801259997260519
bb45a1ac29a821c02696fc3b156e9d62	Unassigned	0.8411597238330332
243c7eba740f9db0d1dee2195eba54ea	Unassigned	0.8755531334198436
baf05a5498cd41a932bc19c9c43e0021	Unassigned	0.8290447001266006
70efa615f2417126b824d7e292ecd395	Unassigned	0.8548128719502658
bbca61b99678098da32b7275024ed5af	Unassigned	0.6429540136456959
25312a0a1bff19667279c90899e2529e	Unassigned	0.8538526141878376
c66dcac84d9da211eea4252a6fe09361	Unassigned	0.8453406471862934
26f8a1627c32a8ee6461d3d8f217970d	ASV34d__Bacteria;p__Bacteroidota;c__Bacteroidia;o__Flavobacteriales;f__Weeksellaceae;g__Elizabethkingia;s__Elizabethkingia_miricola	0.9999999996891802
00be4e85847b79670c3516772a34728d	ASV30d__Bacteria;p__Proteobacteria;c__Gammaproteobacteria;o__Enterobacterales;f__Enterobacteriaceae;g__Serratia_A;s__Serratia_Afonticola	0.9991928640259963
c7d4e51e81b93011fdd22319f74ec3c0	ASV14d__Bacteria;p__Proteobacteria;c__Gammaproteobacteria;o__Pseudomonadales;f__Pseudomonadaceae;g__Pseudomonas_E;s__Pseudomonas_E fluorescens_AP	0.999999998915186
c0648f37a333f69743678199a725e1ac	ASV14d__Bacteria;p__Proteobacteria;c__Gammaproteobacteria;o__Pseudomonadales;f__Pseudomonadaceae;g__Pseudomonas_E;s__Pseudomonas_E fluorescens_AP	0.9999999878546789
cfcd26e04abc8ae84938af205dcdded3	Unassigned	0.8107545167150001
2f0dbae5f13010047ea4194e708add43	Unassigned	0.8565987111343564
f5655696e58b415e802c932022d90c8e	ASV29d__Bacteria;p__Proteobacteria;c__Gammaproteobacteria;o__Enterobacterales;f__Enterobacteriaceae;g__Citrobacter;s__Citrobacter_braakii	0.9920222075446314
dc0881d9cba64a6e53dc1d3400a60683	Unassigned	0.7739905412149913
1675ecdf2dfa56b3bbfe2b347eb8995b	Unassigned	0.6931025568604625
04343b322a652fef871569f2bba819ac	ASV30d__Bacteria;p__Proteobacteria;c__Gammaproteobacteria;o__Enterobacterales;f__Enterobacteriaceae;g__Serratia_A;s__Serratia_Afonticola	0.9965920161840461
09eb7345ba811c23249a0552187fd303	ASV17d__Bacteria;p__Bacteroidota;c__Bacteroidia;o__Sphingobacteriales;f__Sphingobacteriaceae;g__Pedobacter;s__	0.9555266806691991
b0959c43245a9e153a490b00c9fab651	ASV34d__Bacteria;p__Bacteroidota;c__Bacteroidia;o__Flavobacteriales;f__Weeksellaceae;g__Elizabethkingia;s__Elizabethkingia_miricola	0.9999999999230056
1c2ea11b0ebae5738203647a5fdd0a2b	Unassigned	0.6074937195143055
2bef4b720de384b6ba1b14942633b8cc	ASV31d__Bacteria;p__Proteobacteria;c__Gammaproteobacteria;o__Burkholderiales;f__Burkholderiaceae;g__Delftia;s__Delftia_acidovorans	0.9997387670486007
8ff4715ab425e2ac587bf0971c2eda68	ASV31d__Bacteria;p__Proteobacteria;c__Gammaproteobacteria;o__Burkholderiales;f__Burkholderiaceae;g__Delftia;s__Delftia_acidovorans	0.9959616592068512
de643fe9f26591c88b1f580fce8adecb	ASV34d__Bacteria;p__Bacteroidota;c__Bacteroidia;o__Flavobacteriales;f__Weeksellaceae;g__Elizabethkingia;s__Elizabethkingia_miricola	0.9999999997619256
6a35fe17d4ef7bab59097f4a61471041	Unassigned	0.6977995416450089
191762670aa09fe93862bea22fd85cb7	Unassigned	0.8710859906255075
7a26ff5888660478a958736500c25112	Unassigned	0.749929449729946
84319fbe8117f5a59e459afdc833278d	Unassigned	0.8084124476493839
7735c1ee68800972a7b169bcc7c875d2	Unassigned	0.5942801309331175
89a1f3e83c513bec8609bccb48336673	Unassigned	0.8088385351192287
aaae711ab7885a5882f2c520ccc71222	Unassigned	0.8505139969845701
5069603306e70554902507155cbe1e2f	Unassigned	0.8267378522601032
4023bede51dcc2738f16909140184270	Unassigned	0.7472921492653972
9662f7f47c2eea7ea897339290466fe7	Unassigned	0.7987694993780674
007e7ccb8a6469abdc71874bbb14546e	Unassigned	0.8445629740287235
4292f82841897bfa009602dc4195068f	Unassigned	0.8713680205367365
bc6c345a2feb70d3210ba7f89530c5b0	Unassigned	0.3397433133868891
2c2b8a110bb1548314ed57e02cf733a5	Unassigned	0.8613405100315719
87c5d4ae80b7626bc3642f783e6ad851	Unassigned	0.7367255973941146
f6fff1fc56c03de6ee0ff98a144726ca	Unassigned	0.7791100817920742
1cb271d0bfce98dee57675caea8c448b	Unassigned	0.7558110312035304
fe3074ad5b470bcf10008f179bd4c8c5	Unassigned	0.8440070573030805
3e4e5f3cf653e1d2cfad086616e29e23	Unassigned	0.896310167944567
fee21ad6e7a453d7d634e5e542bb3145	Unassigned	0.8504525403393091
7a9bdce4d5810f0b68eaed7d5389f095	Unassigned	0.8390086838749184
07b558a94f9456510aba7717da18aba0	Unassigned	0.5339485520039247
152d69fec7cc38d1f585434fe35b3a9d	Unassigned	0.802133281892534
afbc22f06eb9d49c5bf6b6dbc10732fb	Unassigned	0.7725801114694897
62da6d7a2ff802b262e2e4c93c5a0315	Unassigned	0.852276305773125
c877fe903193eb2d292b2a46bbf527ac	Unassigned	0.8171472516653268
48932aad6c74665a7201701ee849fbd4	Unassigned	0.8658051074138429
e862242abc3dd286d173ba35f9c84839	Unassigned	0.8007586494057412
299ea19559a390c9748951e48b00ee89	Unassigned	0.5995667679230103
e293064ba945341c98908fff282edb71	Unassigned	0.8653930815072688
4bf66c09e92cc871f7ada600f556a932	Unassigned	0.6848981036004234
4e0763702795e6afb59e7d22281a0099	Unassigned	0.37925876851968465
e03f04fd52c74edddbe1447f4115aafe	Unassigned	0.6425207832362084
ef5ceacb47bc114e147222d09fdf6ec6	Unassigned	0.667154292465345
9959c1aa0040203bfde464eb300ba5f1	Unassigned	0.7674681855986699
d1b226a829d1aecddb3d8ffd7509878c	Unassigned	0.8663951545548091
5354c374e303303962a951bd5d3a9e3f	X491_Betaproteobacteria;Burkholderiales;Burkholderiaceae;Pandoraea	0.9941034658038869
b20fb7b2b9a2cf2564fedb0e9a85dc4f	Unassigned	0.7100301558918307
26301e366d26b1b85d2b8c14b18c5f20	ASV31d__Bacteria;p__Proteobacteria;c__Gammaproteobacteria;o__Burkholderiales;f__Burkholderiaceae;g__Delftia;s__Delftia_acidovorans	0.9996372689744135
8d7dd47e92dede5b658ac4e9f48f03e3	Unassigned	0.8732648239677153
73db58f4e40f0e5c8e1c072d3d15b235	Unassigned	0.8362022391102222
9411051a6713ebe8f453e2b264d225fa	Unassigned	0.8399153857358506
14c9b5f6c6cdd2e3c5619bf363b3b1ee	Unassigned	0.7085942777948671
81bf84a413b663d54e8c182eb3611c86	Unassigned	0.7402876849165152
40e431e70af179c8fcb5c0c5803ccf00	Unassigned	0.33216248783610636
33800ad39281650623ce4ab047b377c1	Unassigned	0.8342366044332524
617cd7cba60cdd0acb72011e97dcd94c	Unassigned	0.7473143877001109
d2c6a9a2701c19c0a20d70f0d2f4ca1e	ASV31d__Bacteria;p__Proteobacteria;c__Gammaproteobacteria;o__Burkholderiales;f__Burkholderiaceae;g__Delftia;s__Delftia_acidovorans	0.9995091001393902
9f0c98a9ee54ffb398142800da4b9bdc	ASV30d__Bacteria;p__Proteobacteria;c__Gammaproteobacteria;o__Enterobacterales;f__Enterobacteriaceae;g__Serratia_A;s__Serratia_Afonticola	0.9995654061645315
9efa1004b5e142cc875b3d6574a99f1c	Unassigned	0.8576022436308985
1ab52348049e185bfc62128eb01c1701	Unassigned	0.8699539899483273
0c9558cc8d73f266dc1dc68577bb9f97	Unassigned	0.7291335561555887
1e19e23a94ad3dc508b3b49c477612c1	Unassigned	0.600254905396894
09f889d6530f349b95445188f53ba365	Unassigned	0.8585097325265197
bab8ae5a670a5b105cbc63ddf5a105e9	Unassigned	0.8255750410510797
15e89b8f25647c67a146b834a09bb13d	Unassigned	0.8319796514014344
21714c6f9e7260f206386472cffc3cb0	Unassigned	0.804910106553075
e93dceada62017667bd6fe15077e2521	Unassigned	0.7665895044050428
ee900b18dbab8cc5fd48c5704cf4fd07	Unassigned	0.8658813536312814
b974a12224277befb8ed661feb56f1d6	Unassigned	0.8807584350563329
5e12069da76a083f4e8940c5aed68442	Unassigned	0.818859422611482
851f9639c69f61e2789badbabc7f930b	Unassigned	0.8662962242566992
439d723f934f9c3bdfae454f0e4c113d	Unassigned	0.8479050459086005
3aa1d4acf98776f95c1220ba59785237	Unassigned	0.905160756731546
93456345d451250984f423feaf694fed	Unassigned	0.6048771374239512
08b0bb604a71a383b9679750eba8ed4c	Unassigned	0.7860551528412664
a062a9eb6a9ed10c3e623c797eb12760	Unassigned	0.6998927755857982
f3b9c51488b621929fcc7c01f6474bff	Unassigned	0.7198573709565077
efbdb04017d967ae67f54814bb5c2361	Unassigned	0.8018043674953083
e177d9a3434c089b176c683d5dd7d0c0	Unassigned	0.6561170809254199
ed93ef00463f62829b9bc528f0e23736	Unassigned	0.7063080683416787
88578d92aa777dc380a7d1a362c0d347	Unassigned	0.8911631850625639
bad36bf888b63970e2f3f63b63868227	Unassigned	0.8445021201573415
089690c11e131da9e54ffcd381162fc6	Unassigned	0.7518198841500794
f3088d07511c24e886c359daff448924	ASV30d__Bacteria;p__Proteobacteria;c__Gammaproteobacteria;o__Enterobacterales;f__Enterobacteriaceae;g__Serratia_A;s__Serratia_Afonticola	0.7407399794828868
77cc2b6dd6ab079d4fa7331871b42efb	Unassigned	0.8198457563897255
29bbed22f4b27ee60b5f94093f1eb702	Unassigned	0.7588183231539216
49dd44cd6b29d8f47e28d50264abfcf5	Unassigned	0.8284054709862971
15adfe7c0f2a8aa9fe51bb297c8b85d0	Unassigned	0.8237073330829857
77e91ac9f42be72bb487f159a9250b39	Unassigned	0.7436946355374724
96f6b8c8ce7be9db8304203c1b1ace9e	Unassigned	0.8225292938362695
68c4eea258cc79a53c59a14fe6cf69e2	Unassigned	0.8813522144932493
066e6f8402de2b31a7fbf38e6012125b	Unassigned	0.7460858317675428
d9d00dca64e77b40ab8e0e6696fc6a87	Unassigned	0.8622558152685309
01aacae37ea14ed185a8b074ed8c9b66	Unassigned	0.8259643374563637
395a42d69ebd68d0b4a7556f2fd29c0d	Unassigned	0.8533149145478836
41e485f43b3e0dfe776cd47ff0e46d6e	Unassigned	0.6207537607254996
50c4aa4c625ced77233bc9499c5887b4	Unassigned	0.7772756147151774
acf3d56f2306c581a9ba4e150754f108	Unassigned	0.7701654291399476
df4ee038b2e1abc3667d16c5cc896a22	Unassigned	0.8448521798452258
930e2be4f0300880cbe45506e7b73150	Unassigned	0.7818216452504698
9138ece885bebb3cffbfa53c67495b63	Unassigned	0.8637215172517092
8f96cfceb31309e7ba1ad7c535405256	Unassigned	0.6986484707763043
d62a41d4f52b7a83e791730c8e5fdf8a	Unassigned	0.7856206820248526
3dd02f74431a1d5adbd7ceaf4b1ed4b8	Unassigned	0.8684885498070065
89f5a561fb61acfedb4045cec8e23c37	Unassigned	0.8358490066216039
f9460063c493b92a5810c5933104d465	Unassigned	0.6314738225067216
26124ac93d0a3e2aac4244f27fb6ada2	Unassigned	0.6056625844048241
305c08f43c8b1a94cb835c73d79bb14f	Unassigned	0.5557339964046295
0a70a9fcadb8e868769c790bbe97a4a6	Unassigned	0.7282703052860402
cba4356ce42336ecb0f8e97e081eed39	Unassigned	0.7615896543184342
36c99a2bce53d7426f5ff5eb1f7cdfc6	Unassigned	0.7770272617347181
3a0928e5e78aaa07c46390621b93ab40	Unassigned	0.8803007886223302
a8854527794db13d703aa9b9a768b3c0	Unassigned	0.8866540710901324
208e218462b1739c22c8bf93687c0304	Unassigned	0.7103339909298126
a3c0a3f5aa55cb7b38711caf8a01fdff	Unassigned	0.8963804642920665
4c762c632c1b14e38c637f0b410a2b14	Unassigned	0.8503315930212301
c7e207475c223cec5616ad57e4fe628e	Unassigned	0.6971632562356347
ff3eb33ee62d954983597cf435476ed0	X391_Actinobacteria;Actinomycetales;Microbacteriaceae;Leifsonia	0.9999803168307233
20ad0db72c46db24f94d4a0d7ad5b800	Unassigned	0.7544985224929754
9cb1c2b6cef850dfeab8d84e8c710f29	ASV14d__Bacteria;p__Proteobacteria;c__Gammaproteobacteria;o__Pseudomonadales;f__Pseudomonadaceae;g__Pseudomonas_E;s__Pseudomonas_E fluorescens_AP	0.9999999803471413
ad9ac6038390b0eba79736f7199ebb15	Unassigned	0.8049827772806628
0d51b473ec48e49db313b5694e356203	Unassigned	0.855703652578779
740e7febf994ea3249cc0bea36af66df	Unassigned	0.8456429064500612
f8cc926724a68dc5bb3c608a8802b626	Unassigned	0.7531661696650322
6c55f0106af05f8b1581ba140788559e	Unassigned	0.7076473735857871
c053750a17e5bbbf1a360350702814c4	Unassigned	0.9059202317197264
5cfd6f26e2d5bd065fc7fe9522f8f9a9	Unassigned	0.8765001829626216
2d9c3ea3ac1ad33a3a378ada8580b5e9	Unassigned	0.5961241083170694
d021db1cd2885164e252e909f3ce9716	Unassigned	0.8258085975629124
6f6c68aa0fc61543a51c665e0f151a6d	ASV14d__Bacteria;p__Proteobacteria;c__Gammaproteobacteria;o__Pseudomonadales;f__Pseudomonadaceae;g__Pseudomonas_E;s__Pseudomonas_E fluorescens_AP	0.9999985237637316
449611cb3477aac5f8b81c3b8a56e6e4	ASV32d__Bacteria;p__Proteobacteria;c__Gammaproteobacteria;o__Burkholderiales;f__Burkholderiaceae;g__Achromobacter;s__	0.9999997910044917
0b345d3db5f4ce630b437255919df02f	Unassigned	0.7732532116026055
d8441297b7297c575c04411810b6dac8	Unassigned	0.8262124934120461
8b4be189bdcf5160a27ee5b1315a02e2	Unassigned	0.685240718685196
c2bc37e3d9ef0bdf512725b14afc66a3	Unassigned	0.7745458450313472
bfb42c0e2f3b1647b61e9304797a652e	Unassigned	0.9119239180570847
27e11861a6300ec4028dd9990d401bfa	Unassigned	0.6529122317184748
33d3a2d12e433e0de148a6364fd93a9d	Unassigned	0.46758613688998407
1ee2c2374eeff4f9579944a6d746ae96	Unassigned	0.8420415589068638
457464fccc045ef01f6f3d76f4eb6ce1	Unassigned	0.8895777548877252
a1601ff94133d39ee85a07689e5837cf	Unassigned	0.8604294166948883
42d57bc4ee0fd3a565c6e4e730902dff	Unassigned	0.7920379382993312
3f77c58f4299fc3ad6df5e4e5b067321	Unassigned	0.8767785395410648
ae00be9aa143e0a3628016bd9a8381be	Unassigned	0.8660580543672143
c31ede74a28ccea0a0b799ecc1404317	Unassigned	0.6560338313344692
9ae54b59496fe0c68c4f05f719c151c7	Unassigned	0.7245674651524586
383f6e84ff8b24b98816dadc7695f015	Unassigned	0.7462983128744145
79c273a98f98ebf7b12695e607ebcd5f	Unassigned	0.8812446242463614
edf946d3f63b46700f44b200276c193e	Unassigned	0.8224869192195968
481e507c771e27011b3136485cc59170	Unassigned	0.7455341299213525
c73c8323c1b1af140958d88393ebb334	Unassigned	0.8195714990317375
384dc0fd50f8ac75248399af078d54eb	Unassigned	0.7955902273967029
3f0d0a177536007e0ada63d386d77004	Unassigned	0.716737321720848
5f02fe55f129a7cec329e7edc9831fc4	Unassigned	0.8102806266370137
5750c5989e1f855f1ea33a1defc57f30	Unassigned	0.40616649867244337
c37588348625776130e4dd3fd895dd1d	Unassigned	0.7197853322052269
d64656fc20f905379651423a1896baa2	Unassigned	0.8164515903058462
d314ddf75254e230b89ec359afe7d4cc	Unassigned	0.8136889130739156
1dbd893c9141b3decf7adda89d4bf8a8	Unassigned	0.8099062840221084
0526193c2348432177159ae803b4122c	Unassigned	0.7831768769324047
57b169272cb9e0d5aeee3547cc824d04	ASV31d__Bacteria;p__Proteobacteria;c__Gammaproteobacteria;o__Burkholderiales;f__Burkholderiaceae;g__Delftia;s__Delftia_acidovorans	0.9998098560941439
efac0bddeef785a3763dbbd6e6df39de	ASV31d__Bacteria;p__Proteobacteria;c__Gammaproteobacteria;o__Burkholderiales;f__Burkholderiaceae;g__Delftia;s__Delftia_acidovorans	0.9998157931644488
8c9cb7e6d1e83ce146dce6ab8fb6a113	Unassigned	0.8845917327122523
a8ccc39fac9d362e83eb8010cc02e4e8	Unassigned	0.7627542270633816
ca5a2efc889e58544ffa62f5e0efcc94	Unassigned	0.7790941989400063
0161d16a2c92230f07b9c4d9d6900b47	Unassigned	0.8111435063134788
8a6d5c33deae129538ceeb872fafb08e	Unassigned	0.8665064252718525
0f664030da775c0b06a84b5cbd44beb4	Unassigned	0.8258028714003064
5a6bd16d50f9262717d9f0c42459d58c	Unassigned	0.8505618738255456
a9759289e262cfc5efaa69b495f06ec8	Unassigned	0.8494896359450576
0b1a33563e3649d20a235a69ee979a7a	Unassigned	0.6159696053934327
cdbb407f4191661d4acc949c1a554dc4	Unassigned	0.8131628216335958
318c312c4ff7eab0e86ce005f39b6e4a	Unassigned	0.684525007821222
6ae463caf3b22f31458573e299421d1b	Unassigned	0.709026176948242
32c588b6f6e46b4901f2169562b0236b	ASV9d__Bacteria;p__Proteobacteria;c__Alphaproteobacteria;o__Caulobacterales;f__Caulobacteraceae;g__Brevundimonas;s__	0.7369014831316618
2faeae8464e9ccd8a61dcb468754b313	Unassigned	0.9046507642498982
8bb8b6dcb295759c8feb1f2a639738e5	Unassigned	0.6350180741957927
bba7add384c84d445eba54cb23dd445b	Unassigned	0.8705848517847208
357278644bea0caf13b8f8c5a23b6bcd	Unassigned	0.8227583449821714
74e92183a104959347a2af69848fef50	ASV14d__Bacteria;p__Proteobacteria;c__Gammaproteobacteria;o__Pseudomonadales;f__Pseudomonadaceae;g__Pseudomonas_E;s__Pseudomonas_E fluorescens_AP	0.9999999946708584
cef11f6e23783a37462bb5509b015765	ASV14d__Bacteria;p__Proteobacteria;c__Gammaproteobacteria;o__Pseudomonadales;f__Pseudomonadaceae;g__Pseudomonas_E;s__Pseudomonas_E fluorescens_AP	0.9999999989965147
0fd10de7fdfc9aa1ada077aa5fde7980	ASV31d__Bacteria;p__Proteobacteria;c__Gammaproteobacteria;o__Burkholderiales;f__Burkholderiaceae;g__Delftia;s__Delftia_acidovorans	0.9977067080571096
951ba4e55aecaff40867e3265b45c9a1	ASV14d__Bacteria;p__Proteobacteria;c__Gammaproteobacteria;o__Pseudomonadales;f__Pseudomonadaceae;g__Pseudomonas_E;s__Pseudomonas_E fluorescens_AP	0.999999999811763
eb138108608b9249a2d46601eed89a20	Unassigned	0.8161022402914242
ee864e5dd4bf16ec1830be4ee1e1a0a2	ASV34d__Bacteria;p__Bacteroidota;c__Bacteroidia;o__Flavobacteriales;f__Weeksellaceae;g__Elizabethkingia;s__Elizabethkingia_miricola	0.99999999883984
a036ebb30dc42ba8223afc1cddeb643c	Unassigned	0.7643784008568018
a869e0eca75e69506222add9bd57a47f	Unassigned	0.7220695508287263
dc733a8402a573007fcfc4504598d971	Unassigned	0.6755266822317052
f0565a8dac72519bece9c5c198d61fb5	ASV8d__Bacteria;p__Proteobacteria;c__Alphaproteobacteria;o__Rhizobiales;f__Rhizobiaceae;g__Rhizobium;s__	0.9999998574375684
16b0b7b553f006b30a58df223e873dff	ASV14d__Bacteria;p__Proteobacteria;c__Gammaproteobacteria;o__Pseudomonadales;f__Pseudomonadaceae;g__Pseudomonas_E;s__Pseudomonas_E fluorescens_AP	0.9999999997042153
2fdc85871c0f22afa692cb214bea78db	ASV9d__Bacteria;p__Proteobacteria;c__Alphaproteobacteria;o__Caulobacterales;f__Caulobacteraceae;g__Brevundimonas;s__	0.9999999387367656
e680a3b7c6162807b8757bb65960bb0b	ASV34d__Bacteria;p__Bacteroidota;c__Bacteroidia;o__Flavobacteriales;f__Weeksellaceae;g__Elizabethkingia;s__Elizabethkingia_miricola	0.9999999998444054
