#OTUID	taxonomy	confidence
1b98b00b0fc819488d76aa0c09d57bcc	ASV34d__Bacteria;p__Bacteroidota;c__Bacteroidia;o__Flavobacteriales;f__Weeksellaceae;g__Elizabethkingia;s__Elizabethkingia_miricola	0.9999999999928235
38c27ceaed634984c1225a82648cf571	ASV14d__Bacteria;p__Proteobacteria;c__Gammaproteobacteria;o__Pseudomonadales;f__Pseudomonadaceae;g__Pseudomonas_E;s__Pseudomonas_E fluorescens_AP	0.999999999940286
d32e579b3ae7b2aae8d5bf9f027c29af	ASV31d__Bacteria;p__Proteobacteria;c__Gammaproteobacteria;o__Burkholderiales;f__Burkholderiaceae;g__Delftia;s__Delftia_acidovorans	0.9997874959683446
4d72007c70f4abc0bf9e8fe8b826d07d	ASV29d__Bacteria;p__Proteobacteria;c__Gammaproteobacteria;o__Enterobacterales;f__Enterobacteriaceae;g__Citrobacter;s__Citrobacter_braakii	0.9998470574270147
a8f4dc7d191848709966aa2ab1b26d3a	ASV5d__Bacteria;p__Proteobacteria;c__Gammaproteobacteria;o__Burkholderiales;f__Chromobacteriaceae;g__Chromobacterium;s__Chromobacteriumsp002213445	0.999814609688132
63afe8e6aac58bf0d670a82ca5bc574c	ASV30d__Bacteria;p__Proteobacteria;c__Gammaproteobacteria;o__Enterobacterales;f__Enterobacteriaceae;g__Serratia_A;s__Serratia_Afonticola	0.9993727878233537
20b3df08cd5fac2be26a2928155bab69	ASV32d__Bacteria;p__Proteobacteria;c__Gammaproteobacteria;o__Burkholderiales;f__Burkholderiaceae;g__Achromobacter;s__	0.9999997775070105
5b6f8fbabd1b7998dbb4a567c9f07876	ASV17d__Bacteria;p__Bacteroidota;c__Bacteroidia;o__Sphingobacteriales;f__Sphingobacteriaceae;g__Pedobacter;s__	0.9657907952903053
6f822cdec4de1f76dd5eecff061d7889	ASV2d__Bacteria;p__Bacteroidota;c__Bacteroidia;o__Sphingobacteriales;f__Sphingobacteriaceae;g__Pedobacter;s__	0.9997643668312362
16da9716b4d7c3c9c904f3f799d67dfe	ASV10d__Bacteria;p__Proteobacteria;c__Gammaproteobacteria;o__Burkholderiales;f__Burkholderiaceae;g__Comamonas_B;s__	0.9970705775159235
0e4b96294f2a2985a5d7fd8c87f7ce6d	ASV19d__Bacteria;p__Bacteroidota;c__Bacteroidia;o__Sphingobacteriales;f__Sphingobacteriaceae;g__Pedobacter;s__	0.9997226468490268
3cd9ce63f826137d18ca1a11155a21ad	X391_Actinobacteria;Actinomycetales;Microbacteriaceae;Leifsonia	0.9999999999999574
ca8c1cfd11ff0a6977f6772630a85de3	ASV11d__Bacteria;p__Proteobacteria;c__Gammaproteobacteria;o__Burkholderiales;f__Chromobacteriaceae;g__Aquitalea;s__Aquitaleapelogenes	0.9952091728708448
90d281aaf588bad4be3327bfc03d6249	X491_Betaproteobacteria;Burkholderiales;Burkholderiaceae;Pandoraea	0.9972158398401451
2743823e7602e70cfa467627e69d2774	ASV8d__Bacteria;p__Proteobacteria;c__Alphaproteobacteria;o__Rhizobiales;f__Rhizobiaceae;g__Rhizobium;s__	0.9999999918387914
eee283d6984c1b32fdba53e16f71a997	ASV16d__Bacteria;p__Proteobacteria;c__Gammaproteobacteria;o__Burkholderiales;f__Chromobacteriaceae;g__Aquitalea;s__	0.9942733494979061
17f5a48986ee11c3fc2b99d8e5ff4b1c	X120_Alphaproteobacteria;Sphingomonadales;Sphingomonadaceae;Sphingomonas	0.9999998918087899
1fdb7e29b3167fdd0ede151451212f6f	ASV17d__Bacteria;p__Bacteroidota;c__Bacteroidia;o__Sphingobacteriales;f__Sphingobacteriaceae;g__Pedobacter;s__	0.9678556007632851
5973d54802da43279559a7929cea0976	ASV2d__Bacteria;p__Bacteroidota;c__Bacteroidia;o__Sphingobacteriales;f__Sphingobacteriaceae;g__Pedobacter;s__	0.9997204408620034
2bd85ad24d534b6e4a92669a8fbbdde7	ASV5d__Bacteria;p__Proteobacteria;c__Gammaproteobacteria;o__Burkholderiales;f__Chromobacteriaceae;g__Chromobacterium;s__Chromobacteriumsp002213445	0.999748480758378
096261a46789e7ae7ffdcf846d7ad21a	ASV14d__Bacteria;p__Proteobacteria;c__Gammaproteobacteria;o__Pseudomonadales;f__Pseudomonadaceae;g__Pseudomonas_E;s__Pseudomonas_E fluorescens_AP	0.9999999998391047
f36c50279a8fa1c121cb9dda1ab1cb42	ASV27d__Bacteria;p__Proteobacteria;c__Gammaproteobacteria;o__Burkholderiales;f__Burkholderiaceae;g__Xylophilus;s__	0.9972725806190681
7ead17a076e7b7b419bf50abe7eee3f4	ASV33d__Bacteria;p__Proteobacteria;c__Alphaproteobacteria;o__Rhizobiales;f__Beijerinckiaceae;g__Bosea;s__	0.9999999922336542
f29b89dd23d2ccee265e62820f4ce2dd	ASV19d__Bacteria;p__Bacteroidota;c__Bacteroidia;o__Sphingobacteriales;f__Sphingobacteriaceae;g__Pedobacter;s__	0.9996701616000696
6cdcc53246e5f0f5a8af3c6419d85ba3	ASV29d__Bacteria;p__Proteobacteria;c__Gammaproteobacteria;o__Enterobacterales;f__Enterobacteriaceae;g__Citrobacter;s__Citrobacter_braakii	0.9998507982606643
d66cecf6c25c6b75a33c691faa11179b	ASV22d__Bacteria;p__Proteobacteria;c__Gammaproteobacteria;o__Burkholderiales;f__Burkholderiaceae;g__Paraburkholderia_B;s__	0.9995525046192401
6d833a0874400d99502fbd678531f2f4	ASV21d__Bacteria;p__Proteobacteria;c__Gammaproteobacteria;o__Xanthomonadales;f__Rhodanobacteraceae;g__Dyella;s__	0.9999999998571525
e8bb6406c26e82601389be2af0094397	ASV28d__Bacteria;p__Bacteroidota;c__Bacteroidia;o__Sphingobacteriales;f__Sphingobacteriaceae;g__Pedobacter;s__	0.9993114021772054
3f4de7299c681789f0e7fe61d26287be	ASV30d__Bacteria;p__Proteobacteria;c__Gammaproteobacteria;o__Enterobacterales;f__Enterobacteriaceae;g__Serratia_A;s__Serratia_Afonticola	0.9993572414826544
2dbd50791610acb10e6ab93a35bb7d00	X263_Sphingobacteriia;Sphingobacteriales;Chitinophagaceae; Chitinophaga	0.9999999999887166
f4801b7a68515d9005fa572ee6afdf41	ASV6d__Bacteria;p__Proteobacteria;c__Gammaproteobacteria;o__Burkholderiales;f__Burkholderiaceae;g__Ralstonia;s__	0.9991830111175816
0570c84f935d2629220c236852a3a1f3	X491_Betaproteobacteria;Burkholderiales;Burkholderiaceae;Pandoraea	0.9972401390907155
cc3cdd2ff9769ffe23e1c9cb097e0af8	ASV7d__Bacteria;p__Proteobacteria;c__Gammaproteobacteria;o__Burkholderiales;f__Burkholderiaceae;g__Herbaspirillum;s__	0.9994632983370688
ef908132a25e4a728cd453e1dbf79049	X120_Alphaproteobacteria;Sphingomonadales;Sphingomonadaceae;Sphingomonas	0.9999998762680141
a537d8bab85c83b0e74c73c55790324b	ASV9d__Bacteria;p__Proteobacteria;c__Alphaproteobacteria;o__Caulobacterales;f__Caulobacteraceae;g__Brevundimonas;s__	0.9999999948912688
5a4246990631504f0bc0fb9686efcd47	X263_Sphingobacteriia;Sphingobacteriales;Chitinophagaceae; Chitinophaga	0.9999999999695603
4f0da7a3a56ffe4e61ce16fe1e9c3808	ASV28d__Bacteria;p__Bacteroidota;c__Bacteroidia;o__Sphingobacteriales;f__Sphingobacteriaceae;g__Pedobacter;s__	0.999273730094375
4a0288da6dea7adf31d74bc640180929	ASV16d__Bacteria;p__Proteobacteria;c__Gammaproteobacteria;o__Burkholderiales;f__Chromobacteriaceae;g__Aquitalea;s__	0.9926679908033976
3d96c64e3b9e580eb29268825e31f349	ASV34d__Bacteria;p__Bacteroidota;c__Bacteroidia;o__Flavobacteriales;f__Weeksellaceae;g__Elizabethkingia;s__Elizabethkingia_miricola	0.9999999999942304
3ffe4fa79f5c659b393641a6afd7803b	ASV11d__Bacteria;p__Proteobacteria;c__Gammaproteobacteria;o__Burkholderiales;f__Chromobacteriaceae;g__Aquitalea;s__Aquitaleapelogenes	0.9957657904877664
b7b99540bd0d50d57355b76de20fe021	ASV29d__Bacteria;p__Proteobacteria;c__Gammaproteobacteria;o__Enterobacterales;f__Enterobacteriaceae;g__Citrobacter;s__Citrobacter_braakii	0.9998820489999205
26f1fcb38460fa507114f7fdf430511a	X263_Sphingobacteriia;Sphingobacteriales;Chitinophagaceae; Chitinophaga	0.9999999999833165
7436bf4d56530a59f8e782185d85ab3c	ASV14d__Bacteria;p__Proteobacteria;c__Gammaproteobacteria;o__Pseudomonadales;f__Pseudomonadaceae;g__Pseudomonas_E;s__Pseudomonas_E fluorescens_AP	0.9999999999207176
50b8431ae94b2dbc23084ef450a195c0	ASV22d__Bacteria;p__Proteobacteria;c__Gammaproteobacteria;o__Burkholderiales;f__Burkholderiaceae;g__Paraburkholderia_B;s__	0.9995793345266499
ae51ad295debf809ea6477b586961fdf	X263_Sphingobacteriia;Sphingobacteriales;Chitinophagaceae; Chitinophaga	0.9999999999888161
31233bd6e5b9d3c278f1abdaa478c6cd	ASV30d__Bacteria;p__Proteobacteria;c__Gammaproteobacteria;o__Enterobacterales;f__Enterobacteriaceae;g__Serratia_A;s__Serratia_Afonticola	0.9991891927512043
9cfe8ec45ec1134503d96a9bf1c5fa21	Unassigned	0.3755267979046265
28d20ea1846d2f3480eba00d905c5499	ASV14d__Bacteria;p__Proteobacteria;c__Gammaproteobacteria;o__Pseudomonadales;f__Pseudomonadaceae;g__Pseudomonas_E;s__Pseudomonas_E fluorescens_AP	0.9999999997371418
818441f4b2d45cc69acae1047e7eb019	Unassigned	0.6333237764847706
ae6f46c69e48e2c4267d74a0a131d1d6	ASV34d__Bacteria;p__Bacteroidota;c__Bacteroidia;o__Flavobacteriales;f__Weeksellaceae;g__Elizabethkingia;s__Elizabethkingia_miricola	0.9999999999759552
76b8f6693959f85d6a62b66921f6607f	ASV14d__Bacteria;p__Proteobacteria;c__Gammaproteobacteria;o__Pseudomonadales;f__Pseudomonadaceae;g__Pseudomonas_E;s__Pseudomonas_E fluorescens_AP	0.9999999997390887
02f8ba6032c5c46a4f705b7244cc6b5f	ASV14d__Bacteria;p__Proteobacteria;c__Gammaproteobacteria;o__Pseudomonadales;f__Pseudomonadaceae;g__Pseudomonas_E;s__Pseudomonas_E fluorescens_AP	0.9999999989654071
6c786ca5ecec5db89d1d77b2c316ae37	ASV14d__Bacteria;p__Proteobacteria;c__Gammaproteobacteria;o__Pseudomonadales;f__Pseudomonadaceae;g__Pseudomonas_E;s__Pseudomonas_E fluorescens_AP	0.9999999992374171
73d45d06f386876c8b497d470f7c6ca5	X263_Sphingobacteriia;Sphingobacteriales;Chitinophagaceae; Chitinophaga	0.999999999970143
4f18027af20e6a341b2bafab1f70d8e9	ASV5d__Bacteria;p__Proteobacteria;c__Gammaproteobacteria;o__Burkholderiales;f__Chromobacteriaceae;g__Chromobacterium;s__Chromobacteriumsp002213445	0.9998130984095446
adcd1b34d81fc1db91012be7b11e934f	ASV29d__Bacteria;p__Proteobacteria;c__Gammaproteobacteria;o__Enterobacterales;f__Enterobacteriaceae;g__Citrobacter;s__Citrobacter_braakii	0.9998165716745636
db7c55bf3fbebf87378d18fc9ea7cf91	Unassigned	0.8120695541441696
84ad11e2ed0053b18b28a5f64631125b	ASV34d__Bacteria;p__Bacteroidota;c__Bacteroidia;o__Flavobacteriales;f__Weeksellaceae;g__Elizabethkingia;s__Elizabethkingia_miricola	0.9999999999743778
abe42fb7e8aaf5b506a27925ae5a4deb	ASV34d__Bacteria;p__Bacteroidota;c__Bacteroidia;o__Flavobacteriales;f__Weeksellaceae;g__Elizabethkingia;s__Elizabethkingia_miricola	0.9999999999232188
cdc1c851e6ec336b44496bbf003d4d3c	ASV34d__Bacteria;p__Bacteroidota;c__Bacteroidia;o__Flavobacteriales;f__Weeksellaceae;g__Elizabethkingia;s__Elizabethkingia_miricola	0.9999999999888303
6699944c570efa4d87a730d42995d753	ASV14d__Bacteria;p__Proteobacteria;c__Gammaproteobacteria;o__Pseudomonadales;f__Pseudomonadaceae;g__Pseudomonas_E;s__Pseudomonas_E fluorescens_AP	0.9999999998945981
7153f33c4db17209cb94d9adb97642f1	ASV31d__Bacteria;p__Proteobacteria;c__Gammaproteobacteria;o__Burkholderiales;f__Burkholderiaceae;g__Delftia;s__Delftia_acidovorans	0.9997965424181988
3eeef1855ac7a93b72d2dacf0b0a17e7	ASV32d__Bacteria;p__Proteobacteria;c__Gammaproteobacteria;o__Burkholderiales;f__Burkholderiaceae;g__Achromobacter;s__	0.9999997988043592
423a1b5235b12ddf057084c696d22a55	ASV33d__Bacteria;p__Proteobacteria;c__Alphaproteobacteria;o__Rhizobiales;f__Beijerinckiaceae;g__Bosea;s__	0.7391983132158644
2805816ec711e9a9e189cfd284bc082d	ASV34d__Bacteria;p__Bacteroidota;c__Bacteroidia;o__Flavobacteriales;f__Weeksellaceae;g__Elizabethkingia;s__Elizabethkingia_miricola	0.9999999999836575
869df73d7ff1396c8939a76286257d30	ASV22d__Bacteria;p__Proteobacteria;c__Gammaproteobacteria;o__Burkholderiales;f__Burkholderiaceae;g__Paraburkholderia_B;s__	0.9994897791923305
0255b3d5c4ef69bf86a02f2114248b86	ASV34d__Bacteria;p__Bacteroidota;c__Bacteroidia;o__Flavobacteriales;f__Weeksellaceae;g__Elizabethkingia;s__Elizabethkingia_miricola	0.9999999999696172
0a46e6e992c65d41c1344970dab5cf3a	ASV14d__Bacteria;p__Proteobacteria;c__Gammaproteobacteria;o__Pseudomonadales;f__Pseudomonadaceae;g__Pseudomonas_E;s__Pseudomonas_E fluorescens_AP	0.9999999998606199
b18cc1a2ff5b942284fd72a293033ca1	ASV30d__Bacteria;p__Proteobacteria;c__Gammaproteobacteria;o__Enterobacterales;f__Enterobacteriaceae;g__Serratia_A;s__Serratia_Afonticola	0.9995226697174787
fb372bc2635a7034f24eb3f4544ef5e4	ASV34d__Bacteria;p__Bacteroidota;c__Bacteroidia;o__Flavobacteriales;f__Weeksellaceae;g__Elizabethkingia;s__Elizabethkingia_miricola	0.9999999999801759
a134da170fce386a3b12de1ede4768ce	ASV31d__Bacteria;p__Proteobacteria;c__Gammaproteobacteria;o__Burkholderiales;f__Burkholderiaceae;g__Delftia;s__Delftia_acidovorans	0.9997630235016612
e830f58af3939f702dc04faafd15f773	ASV34d__Bacteria;p__Bacteroidota;c__Bacteroidia;o__Flavobacteriales;f__Weeksellaceae;g__Elizabethkingia;s__Elizabethkingia_miricola	0.9999999999819522
6c720c0197d13e0bd32c7769fb58a0a5	ASV17d__Bacteria;p__Bacteroidota;c__Bacteroidia;o__Sphingobacteriales;f__Sphingobacteriaceae;g__Pedobacter;s__	0.9614412244055629
6b40a7ea6b1762344d44e5a2c4da7f8c	ASV34d__Bacteria;p__Bacteroidota;c__Bacteroidia;o__Flavobacteriales;f__Weeksellaceae;g__Elizabethkingia;s__Elizabethkingia_miricola	0.9999999999894271
a61492b491945861254f8c755cc1f3f1	ASV30d__Bacteria;p__Proteobacteria;c__Gammaproteobacteria;o__Enterobacterales;f__Enterobacteriaceae;g__Serratia_A;s__Serratia_Afonticola	0.9981758019805462
30cfc5b5b859d97603e7b9d7275e71d8	ASV14d__Bacteria;p__Proteobacteria;c__Gammaproteobacteria;o__Pseudomonadales;f__Pseudomonadaceae;g__Pseudomonas_E;s__Pseudomonas_E fluorescens_AP	0.9999999999378559
b3860251e6f3b42d63d7a5be3ae2c190	ASV34d__Bacteria;p__Bacteroidota;c__Bacteroidia;o__Flavobacteriales;f__Weeksellaceae;g__Elizabethkingia;s__Elizabethkingia_miricola	0.9999999999853344
8648d0bbb5bae7c1f732160884d692ee	ASV14d__Bacteria;p__Proteobacteria;c__Gammaproteobacteria;o__Pseudomonadales;f__Pseudomonadaceae;g__Pseudomonas_E;s__Pseudomonas_E fluorescens_AP	0.999999999765592
e62e568596e031c93e9ada20a5a61757	ASV14d__Bacteria;p__Proteobacteria;c__Gammaproteobacteria;o__Pseudomonadales;f__Pseudomonadaceae;g__Pseudomonas_E;s__Pseudomonas_E fluorescens_AP	0.9999999999652545
4ed321f3dfcf37d76dc856bde9c34d8f	ASV34d__Bacteria;p__Bacteroidota;c__Bacteroidia;o__Flavobacteriales;f__Weeksellaceae;g__Elizabethkingia;s__Elizabethkingia_miricola	0.9999999999819096
6697550ae2c92f6fe389d689ba78e7a0	X263_Sphingobacteriia;Sphingobacteriales;Chitinophagaceae; Chitinophaga	0.9999999999833733
8f7956e547c5bb90085756ce38c7f9c4	ASV34d__Bacteria;p__Bacteroidota;c__Bacteroidia;o__Flavobacteriales;f__Weeksellaceae;g__Elizabethkingia;s__Elizabethkingia_miricola	0.9999999999769358
3711a9af72467ee1f68d2c09d066a3ee	ASV14d__Bacteria;p__Proteobacteria;c__Gammaproteobacteria;o__Pseudomonadales;f__Pseudomonadaceae;g__Pseudomonas_E;s__Pseudomonas_E fluorescens_AP	0.9999999998018296
08cc3ed5bd6f72de71a3c6f16846c14f	ASV34d__Bacteria;p__Bacteroidota;c__Bacteroidia;o__Flavobacteriales;f__Weeksellaceae;g__Elizabethkingia;s__Elizabethkingia_miricola	0.9999999999877645
b51e03596331ef7ba5d324e8ce2f806d	Unassigned	0.7147175590257326
f59fea3eefdbf05344f57148a8a5d39a	ASV14d__Bacteria;p__Proteobacteria;c__Gammaproteobacteria;o__Pseudomonadales;f__Pseudomonadaceae;g__Pseudomonas_E;s__Pseudomonas_E fluorescens_AP	0.9999999998469349
3beeeeae1cf8c00f4e787c76436c3bcb	ASV34d__Bacteria;p__Bacteroidota;c__Bacteroidia;o__Flavobacteriales;f__Weeksellaceae;g__Elizabethkingia;s__Elizabethkingia_miricola	0.9999999999587459
b3b830dc41157896640a9814f1f96be8	ASV34d__Bacteria;p__Bacteroidota;c__Bacteroidia;o__Flavobacteriales;f__Weeksellaceae;g__Elizabethkingia;s__Elizabethkingia_miricola	0.9999999999797637
1a96caaf81fee917c2735298353612a3	ASV34d__Bacteria;p__Bacteroidota;c__Bacteroidia;o__Flavobacteriales;f__Weeksellaceae;g__Elizabethkingia;s__Elizabethkingia_miricola	0.9999999999900382
35f2d6eff4a39fa8e2d94bab38ec0ce8	ASV34d__Bacteria;p__Bacteroidota;c__Bacteroidia;o__Flavobacteriales;f__Weeksellaceae;g__Elizabethkingia;s__Elizabethkingia_miricola	0.9999999999783
a71fa883b19601257577f7935ba7632b	ASV14d__Bacteria;p__Proteobacteria;c__Gammaproteobacteria;o__Pseudomonadales;f__Pseudomonadaceae;g__Pseudomonas_E;s__Pseudomonas_E fluorescens_AP	0.9999999998177742
564c203f065415cfb090d08fccd45a64	ASV5d__Bacteria;p__Proteobacteria;c__Gammaproteobacteria;o__Burkholderiales;f__Chromobacteriaceae;g__Chromobacterium;s__Chromobacteriumsp002213445	0.9998251399566841
bd9bd86fb9f4b50eb5b401d2b8483504	ASV5d__Bacteria;p__Proteobacteria;c__Gammaproteobacteria;o__Burkholderiales;f__Chromobacteriaceae;g__Chromobacterium;s__Chromobacteriumsp002213445	0.9996368290783608
d5c4545bd27126f9cfdc1eb8b038c8ae	ASV31d__Bacteria;p__Proteobacteria;c__Gammaproteobacteria;o__Burkholderiales;f__Burkholderiaceae;g__Delftia;s__Delftia_acidovorans	0.9997341545414762
da969a32e7d9832ce76d57d07c610739	ASV14d__Bacteria;p__Proteobacteria;c__Gammaproteobacteria;o__Pseudomonadales;f__Pseudomonadaceae;g__Pseudomonas_E;s__Pseudomonas_E fluorescens_AP	0.999999999947633
603ae531893055fddf1f87412bd8d910	ASV14d__Bacteria;p__Proteobacteria;c__Gammaproteobacteria;o__Pseudomonadales;f__Pseudomonadaceae;g__Pseudomonas_E;s__Pseudomonas_E fluorescens_AP	0.9999999999275673
37eb8d38af20e64bf58d292b29a5887c	ASV34d__Bacteria;p__Bacteroidota;c__Bacteroidia;o__Flavobacteriales;f__Weeksellaceae;g__Elizabethkingia;s__Elizabethkingia_miricola	0.99999999997749
e148cc2ee5c064c0346d905f8c39d8a2	ASV34d__Bacteria;p__Bacteroidota;c__Bacteroidia;o__Flavobacteriales;f__Weeksellaceae;g__Elizabethkingia;s__Elizabethkingia_miricola	0.9999999999799769
a0acc3342828955c40edead0f8616a6b	ASV34d__Bacteria;p__Bacteroidota;c__Bacteroidia;o__Flavobacteriales;f__Weeksellaceae;g__Elizabethkingia;s__Elizabethkingia_miricola	0.9999999999748752
a4bf5147be7fff14115a81853bcd229d	ASV14d__Bacteria;p__Proteobacteria;c__Gammaproteobacteria;o__Pseudomonadales;f__Pseudomonadaceae;g__Pseudomonas_E;s__Pseudomonas_E fluorescens_AP	0.9999999998892832
f1b062dd71a119b63855444843876677	ASV14d__Bacteria;p__Proteobacteria;c__Gammaproteobacteria;o__Pseudomonadales;f__Pseudomonadaceae;g__Pseudomonas_E;s__Pseudomonas_E fluorescens_AP	0.9999999998430695
7352f9529a45ca57889bfa9f3b5bcb6d	ASV14d__Bacteria;p__Proteobacteria;c__Gammaproteobacteria;o__Pseudomonadales;f__Pseudomonadaceae;g__Pseudomonas_E;s__Pseudomonas_E fluorescens_AP	0.9999999999595417
7cb9e3654963197eb10e90dbdfe6551e	Unassigned	0.8541268639830559
9e601fab6709a7d4b59c246974f162d7	Unassigned	0.40606997460305994
ba310096fcb54a365168ff700fe91f0f	ASV14d__Bacteria;p__Proteobacteria;c__Gammaproteobacteria;o__Pseudomonadales;f__Pseudomonadaceae;g__Pseudomonas_E;s__Pseudomonas_E fluorescens_AP	0.9999999998074145
b29f7781b09968ec98258cca8d870fbb	ASV34d__Bacteria;p__Bacteroidota;c__Bacteroidia;o__Flavobacteriales;f__Weeksellaceae;g__Elizabethkingia;s__Elizabethkingia_miricola	0.9999999999713083
9410c05af9dfc1499e807b7c9e034751	ASV34d__Bacteria;p__Bacteroidota;c__Bacteroidia;o__Flavobacteriales;f__Weeksellaceae;g__Elizabethkingia;s__Elizabethkingia_miricola	0.9999999996356621
905cb18e0ad3c549c394d76736db94b4	Unassigned	0.6894363273187185
5037678efd1f010a1f29f4112abb9857	ASV14d__Bacteria;p__Proteobacteria;c__Gammaproteobacteria;o__Pseudomonadales;f__Pseudomonadaceae;g__Pseudomonas_E;s__Pseudomonas_E fluorescens_AP	0.9999999812740727
b806a18dce3dc88291076375c438168c	ASV31d__Bacteria;p__Proteobacteria;c__Gammaproteobacteria;o__Burkholderiales;f__Burkholderiaceae;g__Delftia;s__Delftia_acidovorans	0.999741489949344
6181baf3ad8a5d6fceda6c4cd3c59279	ASV29d__Bacteria;p__Proteobacteria;c__Gammaproteobacteria;o__Enterobacterales;f__Enterobacteriaceae;g__Citrobacter;s__Citrobacter_braakii	0.999003782640802
f22dfa72a7e46d42b6e03596e02432c2	ASV31d__Bacteria;p__Proteobacteria;c__Gammaproteobacteria;o__Burkholderiales;f__Burkholderiaceae;g__Delftia;s__Delftia_acidovorans	0.9997347334770551
fa27d930645c5f4ae2fbd886314ff9e5	ASV34d__Bacteria;p__Bacteroidota;c__Bacteroidia;o__Flavobacteriales;f__Weeksellaceae;g__Elizabethkingia;s__Elizabethkingia_miricola	0.9999999999851212
2bc05e03322defbbbf5de97194396040	ASV14d__Bacteria;p__Proteobacteria;c__Gammaproteobacteria;o__Pseudomonadales;f__Pseudomonadaceae;g__Pseudomonas_E;s__Pseudomonas_E fluorescens_AP	0.9999999999121059
9951b4093f28aad456abda45390614fd	ASV34d__Bacteria;p__Bacteroidota;c__Bacteroidia;o__Flavobacteriales;f__Weeksellaceae;g__Elizabethkingia;s__Elizabethkingia_miricola	0.9999999999589022
e77bfd489b6930433bf26e46484b75c1	ASV14d__Bacteria;p__Proteobacteria;c__Gammaproteobacteria;o__Pseudomonadales;f__Pseudomonadaceae;g__Pseudomonas_E;s__Pseudomonas_E fluorescens_AP	0.9999999999196092
1404d7a09ff22190614cd712255c12f1	ASV14d__Bacteria;p__Proteobacteria;c__Gammaproteobacteria;o__Pseudomonadales;f__Pseudomonadaceae;g__Pseudomonas_E;s__Pseudomonas_E fluorescens_AP	0.9999999992433715
a9e163a2c44d676dc8b18a8e84b97417	ASV34d__Bacteria;p__Bacteroidota;c__Bacteroidia;o__Flavobacteriales;f__Weeksellaceae;g__Elizabethkingia;s__Elizabethkingia_miricola	0.999999999983956
386d085f30e6347a088e71f32bcbcc16	ASV34d__Bacteria;p__Bacteroidota;c__Bacteroidia;o__Flavobacteriales;f__Weeksellaceae;g__Elizabethkingia;s__Elizabethkingia_miricola	0.9999999999846096
211aab97370b03fe5fa739af8e523651	ASV30d__Bacteria;p__Proteobacteria;c__Gammaproteobacteria;o__Enterobacterales;f__Enterobacteriaceae;g__Serratia_A;s__Serratia_Afonticola	0.9959120562412831
e8285e2293728a75daad12a99982f2f2	ASV14d__Bacteria;p__Proteobacteria;c__Gammaproteobacteria;o__Pseudomonadales;f__Pseudomonadaceae;g__Pseudomonas_E;s__Pseudomonas_E fluorescens_AP	0.9999999998979519
f7950e065b1a29293c6e50c0acecc0ce	ASV34d__Bacteria;p__Bacteroidota;c__Bacteroidia;o__Flavobacteriales;f__Weeksellaceae;g__Elizabethkingia;s__Elizabethkingia_miricola	0.9999999999923403
9bf9757bb7b9f3106cffdf4c60e02d23	ASV29d__Bacteria;p__Proteobacteria;c__Gammaproteobacteria;o__Enterobacterales;f__Enterobacteriaceae;g__Citrobacter;s__Citrobacter_braakii	0.9997091183839409
d0fabbd0291fc9e633c0a4bec42b6c19	ASV5d__Bacteria;p__Proteobacteria;c__Gammaproteobacteria;o__Burkholderiales;f__Chromobacteriaceae;g__Chromobacterium;s__Chromobacteriumsp002213445	0.9998019889157022
f86958476cd0b69db3c0bf65f6aa4883	ASV6d__Bacteria;p__Proteobacteria;c__Gammaproteobacteria;o__Burkholderiales;f__Burkholderiaceae;g__Ralstonia;s__	0.9976926870216877
814f37a556e07ca6a8a3c63b405d9193	ASV32d__Bacteria;p__Proteobacteria;c__Gammaproteobacteria;o__Burkholderiales;f__Burkholderiaceae;g__Achromobacter;s__	0.9999995468396495
a61bcb0f24e7f5449056e8d9f0765e3e	ASV22d__Bacteria;p__Proteobacteria;c__Gammaproteobacteria;o__Burkholderiales;f__Burkholderiaceae;g__Paraburkholderia_B;s__	0.994768037049495
9d5cca24521218ad9773d85fbd47cc08	ASV34d__Bacteria;p__Bacteroidota;c__Bacteroidia;o__Flavobacteriales;f__Weeksellaceae;g__Elizabethkingia;s__Elizabethkingia_miricola	0.9999999999951683
13dfe7bfb580b8f9d65e55dcd2a406ea	Unassigned	0.7617494297853458
02f6b2ee6de9170b8c82ef7e8b575e32	ASV34d__Bacteria;p__Bacteroidota;c__Bacteroidia;o__Flavobacteriales;f__Weeksellaceae;g__Elizabethkingia;s__Elizabethkingia_miricola	0.9999999999907487
3844f2776dfdc547354f03ece3ad7b91	ASV34d__Bacteria;p__Bacteroidota;c__Bacteroidia;o__Flavobacteriales;f__Weeksellaceae;g__Elizabethkingia;s__Elizabethkingia_miricola	0.9999999999728146
3047bd7a614ad2c0a7256c7f03f2261c	ASV29d__Bacteria;p__Proteobacteria;c__Gammaproteobacteria;o__Enterobacterales;f__Enterobacteriaceae;g__Citrobacter;s__Citrobacter_braakii	0.9998716724332519
5027c5c38641e306444ab1f51257ced0	ASV14d__Bacteria;p__Proteobacteria;c__Gammaproteobacteria;o__Pseudomonadales;f__Pseudomonadaceae;g__Pseudomonas_E;s__Pseudomonas_E fluorescens_AP	0.9999999997841655
edf700028d6dabbcc7a0262042209bed	Unassigned	0.7413024526167122
884918eb0438390d1bba7ef21ae05a01	ASV14d__Bacteria;p__Proteobacteria;c__Gammaproteobacteria;o__Pseudomonadales;f__Pseudomonadaceae;g__Pseudomonas_E;s__Pseudomonas_E fluorescens_AP	0.9999999999462972
d8179b2514d461f46edf5e3b29331ff2	ASV14d__Bacteria;p__Proteobacteria;c__Gammaproteobacteria;o__Pseudomonadales;f__Pseudomonadaceae;g__Pseudomonas_E;s__Pseudomonas_E fluorescens_AP	0.999999999655941
79ada98b4f2399997bf02d60df0b8088	ASV32d__Bacteria;p__Proteobacteria;c__Gammaproteobacteria;o__Burkholderiales;f__Burkholderiaceae;g__Achromobacter;s__	0.9999992183178179
5dbe2038ace1cf0be6d2810c35e9eae9	ASV34d__Bacteria;p__Bacteroidota;c__Bacteroidia;o__Flavobacteriales;f__Weeksellaceae;g__Elizabethkingia;s__Elizabethkingia_miricola	0.9999999999864002
8dd6553e581f495e8884c7f78bea9577	ASV14d__Bacteria;p__Proteobacteria;c__Gammaproteobacteria;o__Pseudomonadales;f__Pseudomonadaceae;g__Pseudomonas_E;s__Pseudomonas_E fluorescens_AP	0.9999999998711075
84640e86936549f136becfef66e5d690	ASV34d__Bacteria;p__Bacteroidota;c__Bacteroidia;o__Flavobacteriales;f__Weeksellaceae;g__Elizabethkingia;s__Elizabethkingia_miricola	0.9999999999923972
46236871f683b4423a257a65f51d636a	Unassigned	0.7724728147531694
15e9be34e3785d6d910d3d7df5323ee3	ASV31d__Bacteria;p__Proteobacteria;c__Gammaproteobacteria;o__Burkholderiales;f__Burkholderiaceae;g__Delftia;s__Delftia_acidovorans	0.999783904492699
23c2be019068d9a6b585cce7c2effa32	ASV14d__Bacteria;p__Proteobacteria;c__Gammaproteobacteria;o__Pseudomonadales;f__Pseudomonadaceae;g__Pseudomonas_E;s__Pseudomonas_E fluorescens_AP	0.9999999998055245
101fcfbc17473cda5ac8d6c4bc714c2c	ASV5d__Bacteria;p__Proteobacteria;c__Gammaproteobacteria;o__Burkholderiales;f__Chromobacteriaceae;g__Chromobacterium;s__Chromobacteriumsp002213445	0.9997730002007432
f43ca6040d13c181a5fdd2edd3548582	Unassigned	0.5616798947568076
22e1eb298cdc53b477f04cf3b0fac69e	ASV14d__Bacteria;p__Proteobacteria;c__Gammaproteobacteria;o__Pseudomonadales;f__Pseudomonadaceae;g__Pseudomonas_E;s__Pseudomonas_E fluorescens_AP	0.9999999996736619
07efd3eec61b97669675d0b7286a5309	ASV29d__Bacteria;p__Proteobacteria;c__Gammaproteobacteria;o__Enterobacterales;f__Enterobacteriaceae;g__Citrobacter;s__Citrobacter_braakii	0.9993770453450643
c0c6abf5a0e6cbc6d55437a34facc174	Unassigned	0.4279836322371048
cfd97197dc82b72c923e069c865d0ab6	ASV31d__Bacteria;p__Proteobacteria;c__Gammaproteobacteria;o__Burkholderiales;f__Burkholderiaceae;g__Delftia;s__Delftia_acidovorans	0.9998003111145912
0801e33507267ab21a5bcb3749398030	ASV29d__Bacteria;p__Proteobacteria;c__Gammaproteobacteria;o__Enterobacterales;f__Enterobacteriaceae;g__Citrobacter;s__Citrobacter_braakii	0.9998208510588596
7ab57052371340879d28d5da09526e0b	ASV31d__Bacteria;p__Proteobacteria;c__Gammaproteobacteria;o__Burkholderiales;f__Burkholderiaceae;g__Delftia;s__Delftia_acidovorans	0.9991210920094803
3bdf8b3c6ec3b70bf61faa562adc8343	ASV29d__Bacteria;p__Proteobacteria;c__Gammaproteobacteria;o__Enterobacterales;f__Enterobacteriaceae;g__Citrobacter;s__Citrobacter_braakii	0.9997750887799466
5a7439129969c890f0d2b55fe5183ada	ASV14d__Bacteria;p__Proteobacteria;c__Gammaproteobacteria;o__Pseudomonadales;f__Pseudomonadaceae;g__Pseudomonas_E;s__Pseudomonas_E fluorescens_AP	0.9999999998255902
a57e224588b8e3937515a28b037cafd2	ASV5d__Bacteria;p__Proteobacteria;c__Gammaproteobacteria;o__Burkholderiales;f__Chromobacteriaceae;g__Chromobacterium;s__Chromobacteriumsp002213445	0.9991161495462685
df7661557501610247fb76453a5837a0	ASV5d__Bacteria;p__Proteobacteria;c__Gammaproteobacteria;o__Burkholderiales;f__Chromobacteriaceae;g__Chromobacterium;s__Chromobacteriumsp002213445	0.9998062199509656
d8b2e7f5d7e21d65a21805b4ba06772c	ASV29d__Bacteria;p__Proteobacteria;c__Gammaproteobacteria;o__Enterobacterales;f__Enterobacteriaceae;g__Citrobacter;s__Citrobacter_braakii	0.9997642633203953
807db3610902837f042d6b17f0b06187	ASV14d__Bacteria;p__Proteobacteria;c__Gammaproteobacteria;o__Pseudomonadales;f__Pseudomonadaceae;g__Pseudomonas_E;s__Pseudomonas_E fluorescens_AP	0.9999999997793907
09e514adf0c65f606cd10dc1bd6f44b7	ASV29d__Bacteria;p__Proteobacteria;c__Gammaproteobacteria;o__Enterobacterales;f__Enterobacteriaceae;g__Citrobacter;s__Citrobacter_braakii	0.9995241539052585
1caf1ec4b748e17041711ff2bdf346f9	ASV34d__Bacteria;p__Bacteroidota;c__Bacteroidia;o__Flavobacteriales;f__Weeksellaceae;g__Elizabethkingia;s__Elizabethkingia_miricola	0.9999999999732836
b7ab51dab48534020a7778f6fa838610	ASV29d__Bacteria;p__Proteobacteria;c__Gammaproteobacteria;o__Enterobacterales;f__Enterobacteriaceae;g__Citrobacter;s__Citrobacter_braakii	0.9998515439776531
0b5061d6dc12425150b5f1c3a8338d1b	ASV34d__Bacteria;p__Bacteroidota;c__Bacteroidia;o__Flavobacteriales;f__Weeksellaceae;g__Elizabethkingia;s__Elizabethkingia_miricola	0.9999999999869829
64234c86aa9bba99db627b76c9e2b2e3	ASV34d__Bacteria;p__Bacteroidota;c__Bacteroidia;o__Flavobacteriales;f__Weeksellaceae;g__Elizabethkingia;s__Elizabethkingia_miricola	0.9999999999658371
4dedff7a5c4402cb051206b2337200a3	ASV29d__Bacteria;p__Proteobacteria;c__Gammaproteobacteria;o__Enterobacterales;f__Enterobacteriaceae;g__Citrobacter;s__Citrobacter_braakii	0.9998385237940252
ea43c14486ed06bc55d37b7d974096be	ASV10d__Bacteria;p__Proteobacteria;c__Gammaproteobacteria;o__Burkholderiales;f__Burkholderiaceae;g__Comamonas_B;s__	0.9971257727683182
edc47f71b8842e3ad94a3b09a41f7874	ASV14d__Bacteria;p__Proteobacteria;c__Gammaproteobacteria;o__Pseudomonadales;f__Pseudomonadaceae;g__Pseudomonas_E;s__Pseudomonas_E fluorescens_AP	0.999999999696982
8d41bbfb26c5b1de20f91f191385e6d5	ASV34d__Bacteria;p__Bacteroidota;c__Bacteroidia;o__Flavobacteriales;f__Weeksellaceae;g__Elizabethkingia;s__Elizabethkingia_miricola	0.9999999999816112
039796bf1f3ea27cbfcbadc4da447dcf	ASV2d__Bacteria;p__Bacteroidota;c__Bacteroidia;o__Sphingobacteriales;f__Sphingobacteriaceae;g__Pedobacter;s__	0.9993098837302755
2c3005f0c067411d46d8778f6eb1ddfb	Unassigned	0.3209459662959433
b002ad5607713105307468861b6b0e55	ASV17d__Bacteria;p__Bacteroidota;c__Bacteroidia;o__Sphingobacteriales;f__Sphingobacteriaceae;g__Pedobacter;s__	0.8944042876722694
e004308b2a4ba0cb26d769781af942b0	Unassigned	0.8025439177505058
4db6b2ed9dc16f6365ea3a0215a4a719	ASV31d__Bacteria;p__Proteobacteria;c__Gammaproteobacteria;o__Burkholderiales;f__Burkholderiaceae;g__Delftia;s__Delftia_acidovorans	0.999730286445549
4dc200a44d674e234b47d0c6e9c8383c	Unassigned	0.763871569234269
8fe686560ecb32adba261e17be9c96ae	ASV29d__Bacteria;p__Proteobacteria;c__Gammaproteobacteria;o__Enterobacterales;f__Enterobacteriaceae;g__Citrobacter;s__Citrobacter_braakii	0.9998941901642583
1a41524db5a1fd136122df7f148b5c6b	ASV34d__Bacteria;p__Bacteroidota;c__Bacteroidia;o__Flavobacteriales;f__Weeksellaceae;g__Elizabethkingia;s__Elizabethkingia_miricola	0.9999999999936335
cac8406da69613bed7a0411e79b02a1a	ASV29d__Bacteria;p__Proteobacteria;c__Gammaproteobacteria;o__Enterobacterales;f__Enterobacteriaceae;g__Citrobacter;s__Citrobacter_braakii	0.9998760606666982
b1a172346b17fda0bef8f232945df1d5	ASV5d__Bacteria;p__Proteobacteria;c__Gammaproteobacteria;o__Burkholderiales;f__Chromobacteriaceae;g__Chromobacterium;s__Chromobacteriumsp002213445	0.9998764147523107
839b2dce061b93f48254946862b4670d	ASV34d__Bacteria;p__Bacteroidota;c__Bacteroidia;o__Flavobacteriales;f__Weeksellaceae;g__Elizabethkingia;s__Elizabethkingia_miricola	0.9999999999895692
c9753d5d4f312484b8f9ebc9b621f63a	Unassigned	0.4194933814462287
62259e9911809b2fd7c11a9c61487db0	X491_Betaproteobacteria;Burkholderiales;Burkholderiaceae;Pandoraea	0.997361130740297
b52bde1494ed0cfe4e14dc242934dec3	ASV29d__Bacteria;p__Proteobacteria;c__Gammaproteobacteria;o__Enterobacterales;f__Enterobacteriaceae;g__Citrobacter;s__Citrobacter_braakii	0.9974559293233148
4664bcb280676c6a47b882a6db2fdad4	ASV31d__Bacteria;p__Proteobacteria;c__Gammaproteobacteria;o__Burkholderiales;f__Burkholderiaceae;g__Delftia;s__Delftia_acidovorans	0.9997686675316534
7c3576a4cddaed431e81a88543f5f113	ASV5d__Bacteria;p__Proteobacteria;c__Gammaproteobacteria;o__Burkholderiales;f__Chromobacteriaceae;g__Chromobacterium;s__Chromobacteriumsp002213445	0.9998055111802865
31863571085940b51869b2ec22ad01e6	ASV31d__Bacteria;p__Proteobacteria;c__Gammaproteobacteria;o__Burkholderiales;f__Burkholderiaceae;g__Delftia;s__Delftia_acidovorans	0.9998209852551807
7b2e076e887db0e0d95211857fa7b5ba	ASV11d__Bacteria;p__Proteobacteria;c__Gammaproteobacteria;o__Burkholderiales;f__Chromobacteriaceae;g__Aquitalea;s__Aquitaleapelogenes	0.9936941044350202
b02dcbcaca10130a98da72c1d6a0322c	Unassigned	0.7927862975538953
df423e7ba319dcd303ce6118d5e28ec3	ASV29d__Bacteria;p__Proteobacteria;c__Gammaproteobacteria;o__Enterobacterales;f__Enterobacteriaceae;g__Citrobacter;s__Citrobacter_braakii	0.9998562451816538
4335f6ed2fb383be821638cf1813d0be	ASV16d__Bacteria;p__Proteobacteria;c__Gammaproteobacteria;o__Burkholderiales;f__Chromobacteriaceae;g__Aquitalea;s__	0.9945087611870986
3b85c1ebaeed352c0575b6964a4ed5a8	ASV11d__Bacteria;p__Proteobacteria;c__Gammaproteobacteria;o__Burkholderiales;f__Chromobacteriaceae;g__Aquitalea;s__Aquitaleapelogenes	0.9952376708551971
c4dec48c0e6fb166d9b362ed740d3dd3	ASV29d__Bacteria;p__Proteobacteria;c__Gammaproteobacteria;o__Enterobacterales;f__Enterobacteriaceae;g__Citrobacter;s__Citrobacter_braakii	0.9999020208421152
b60d7fff254dd0fcd40e366e3a536ce9	ASV5d__Bacteria;p__Proteobacteria;c__Gammaproteobacteria;o__Burkholderiales;f__Chromobacteriaceae;g__Chromobacterium;s__Chromobacteriumsp002213445	0.9998138051558746
175e789b0d5639b126a3d3aa9f463742	ASV31d__Bacteria;p__Proteobacteria;c__Gammaproteobacteria;o__Burkholderiales;f__Burkholderiaceae;g__Delftia;s__Delftia_acidovorans	0.9997332864727799
04ee7911b05b2fcc16d0d51cd1d88f74	ASV31d__Bacteria;p__Proteobacteria;c__Gammaproteobacteria;o__Burkholderiales;f__Burkholderiaceae;g__Delftia;s__Delftia_acidovorans	0.9997831329214945
9061a96541e0d9420302853a5e7b0ec3	ASV17d__Bacteria;p__Bacteroidota;c__Bacteroidia;o__Sphingobacteriales;f__Sphingobacteriaceae;g__Pedobacter;s__	0.9631030881934002
9ed23ed92c3ef26a77640e287ddc03dd	Unassigned	0.7931429494905307
7a78f8aa7e4bb76a52f25da85046a12f	Unassigned	0.8495840428091083
97ef0384472a34187c2b621b972709a7	ASV34d__Bacteria;p__Bacteroidota;c__Bacteroidia;o__Flavobacteriales;f__Weeksellaceae;g__Elizabethkingia;s__Elizabethkingia_miricola	0.9999999999764384
e27a63019b9c4f3a6b99b4f7daa1afa8	ASV32d__Bacteria;p__Proteobacteria;c__Gammaproteobacteria;o__Burkholderiales;f__Burkholderiaceae;g__Achromobacter;s__	0.9999993816570403
8b4439bed519eaec4d44d6441bfbb43c	ASV31d__Bacteria;p__Proteobacteria;c__Gammaproteobacteria;o__Burkholderiales;f__Burkholderiaceae;g__Delftia;s__Delftia_acidovorans	0.9996819320457063
775758577c16ab21375fe44fc76818ec	ASV30d__Bacteria;p__Proteobacteria;c__Gammaproteobacteria;o__Enterobacterales;f__Enterobacteriaceae;g__Serratia_A;s__Serratia_Afonticola	0.9989191470920377
4c3b1be60dbf26e9423d49341d4ba51d	ASV2d__Bacteria;p__Bacteroidota;c__Bacteroidia;o__Sphingobacteriales;f__Sphingobacteriaceae;g__Pedobacter;s__	0.9994472884308263
f18600d126f0369f64a8907bd5c02e3d	ASV31d__Bacteria;p__Proteobacteria;c__Gammaproteobacteria;o__Burkholderiales;f__Burkholderiaceae;g__Delftia;s__Delftia_acidovorans	0.9997512737593741
cefb8809b1cf4819e43484d08a0cdb5a	ASV31d__Bacteria;p__Proteobacteria;c__Gammaproteobacteria;o__Burkholderiales;f__Burkholderiaceae;g__Delftia;s__Delftia_acidovorans	0.9997877105604364
8275e35ed37958ab8bb6bcc7270e2821	ASV29d__Bacteria;p__Proteobacteria;c__Gammaproteobacteria;o__Enterobacterales;f__Enterobacteriaceae;g__Citrobacter;s__Citrobacter_braakii	0.9956180898689406
488cd263b952f6721f221cc7b74b856b	ASV5d__Bacteria;p__Proteobacteria;c__Gammaproteobacteria;o__Burkholderiales;f__Chromobacteriaceae;g__Chromobacterium;s__Chromobacteriumsp002213445	0.999776966418536
c1bdbdc61399553eb28662b9f18f2d41	ASV34d__Bacteria;p__Bacteroidota;c__Bacteroidia;o__Flavobacteriales;f__Weeksellaceae;g__Elizabethkingia;s__Elizabethkingia_miricola	0.9999999999885887
85d0fecf5db341a504a52be5a3ffcf79	ASV32d__Bacteria;p__Proteobacteria;c__Gammaproteobacteria;o__Burkholderiales;f__Burkholderiaceae;g__Achromobacter;s__	0.9999997250859942
34d6f1e0d85b3247d42975a3be59e80f	ASV31d__Bacteria;p__Proteobacteria;c__Gammaproteobacteria;o__Burkholderiales;f__Burkholderiaceae;g__Delftia;s__Delftia_acidovorans	0.996339215675386
79cd4e38d577e62dfea2d29c13ca1951	ASV30d__Bacteria;p__Proteobacteria;c__Gammaproteobacteria;o__Enterobacterales;f__Enterobacteriaceae;g__Serratia_A;s__Serratia_Afonticola	0.9984546419044522
5a7b179b1b45f0fe2282f260bf073f60	X391_Actinobacteria;Actinomycetales;Microbacteriaceae;Leifsonia	0.9999590942582998
b3bef866d8ccbc056601c63e6e5cc4a7	ASV29d__Bacteria;p__Proteobacteria;c__Gammaproteobacteria;o__Enterobacterales;f__Enterobacteriaceae;g__Citrobacter;s__Citrobacter_braakii	0.9998782551963211
c8c3e480bb4737a28e3cff66b200f002	ASV34d__Bacteria;p__Bacteroidota;c__Bacteroidia;o__Flavobacteriales;f__Weeksellaceae;g__Elizabethkingia;s__Elizabethkingia_miricola	0.9999999999878355
5e959dbb98b6213b68a36e169f6970f4	ASV29d__Bacteria;p__Proteobacteria;c__Gammaproteobacteria;o__Enterobacterales;f__Enterobacteriaceae;g__Citrobacter;s__Citrobacter_braakii	0.9998004308538264
9c8d8c911111829c22a575ae47168afb	ASV32d__Bacteria;p__Proteobacteria;c__Gammaproteobacteria;o__Burkholderiales;f__Burkholderiaceae;g__Achromobacter;s__	0.9999996797326192
cc5d3f07f41609be5fdfab4800a0c32b	ASV30d__Bacteria;p__Proteobacteria;c__Gammaproteobacteria;o__Enterobacterales;f__Enterobacteriaceae;g__Serratia_A;s__Serratia_Afonticola	0.9994480453447999
e12f4344eda56ee3e9a7207a06856ca1	Unassigned	0.555015702664751
709f9ed84ffbd274f188b9e6de19afd2	ASV29d__Bacteria;p__Proteobacteria;c__Gammaproteobacteria;o__Enterobacterales;f__Enterobacteriaceae;g__Citrobacter;s__Citrobacter_braakii	0.9996596487980925
c7379fd01fa196023004d3352c7ee0b4	ASV31d__Bacteria;p__Proteobacteria;c__Gammaproteobacteria;o__Burkholderiales;f__Burkholderiaceae;g__Delftia;s__Delftia_acidovorans	0.9997285886392875
b3339ae767f3fe56f94e2b9d85297e83	ASV29d__Bacteria;p__Proteobacteria;c__Gammaproteobacteria;o__Enterobacterales;f__Enterobacteriaceae;g__Citrobacter;s__Citrobacter_braakii	0.9998463831026523
9d13bba84565ea0e8afaf9fe87877df9	ASV33d__Bacteria;p__Proteobacteria;c__Alphaproteobacteria;o__Rhizobiales;f__Beijerinckiaceae;g__Bosea;s__	0.8319965790245792
ae9d5bb62d99647f145ba2265762232b	Unassigned	0.8144668778344212
daff864f9f0a2b09560185ef3c780368	ASV5d__Bacteria;p__Proteobacteria;c__Gammaproteobacteria;o__Burkholderiales;f__Chromobacteriaceae;g__Chromobacterium;s__Chromobacteriumsp002213445	0.9990811077175389
32deb24098619ad31ea94045809045aa	ASV14d__Bacteria;p__Proteobacteria;c__Gammaproteobacteria;o__Pseudomonadales;f__Pseudomonadaceae;g__Pseudomonas_E;s__Pseudomonas_E fluorescens_AP	0.9999999999102158
00cffd75312e6702058f46c2323ac3df	ASV5d__Bacteria;p__Proteobacteria;c__Gammaproteobacteria;o__Burkholderiales;f__Chromobacteriaceae;g__Chromobacterium;s__Chromobacteriumsp002213445	0.9998018980765832
fb0c8599fc5d6f81375bdefd0094d104	ASV29d__Bacteria;p__Proteobacteria;c__Gammaproteobacteria;o__Enterobacterales;f__Enterobacteriaceae;g__Citrobacter;s__Citrobacter_braakii	0.9998478192153079
59068a7d97d2aca58b5f404fb11791d2	ASV29d__Bacteria;p__Proteobacteria;c__Gammaproteobacteria;o__Enterobacterales;f__Enterobacteriaceae;g__Citrobacter;s__Citrobacter_braakii	0.9998456252763733
0f8b13383a689cca5a24c09979237a05	ASV30d__Bacteria;p__Proteobacteria;c__Gammaproteobacteria;o__Enterobacterales;f__Enterobacteriaceae;g__Serratia_A;s__Serratia_Afonticola	0.9993696659191054
f9bd39ac3fa8112d4a7d6d1eb6be06f6	ASV30d__Bacteria;p__Proteobacteria;c__Gammaproteobacteria;o__Enterobacterales;f__Enterobacteriaceae;g__Serratia_A;s__Serratia_Afonticola	0.999097403174974
623b29f5c4965a6f590ea72ab7ef4ed2	ASV5d__Bacteria;p__Proteobacteria;c__Gammaproteobacteria;o__Burkholderiales;f__Chromobacteriaceae;g__Chromobacterium;s__Chromobacteriumsp002213445	0.9998199832207896
a7c11d1f5c540315753666e2721ee002	ASV31d__Bacteria;p__Proteobacteria;c__Gammaproteobacteria;o__Burkholderiales;f__Burkholderiaceae;g__Delftia;s__Delftia_acidovorans	0.9997785378020455
e8b5177d6da9c62ffa4fa2924f20fb2f	ASV11d__Bacteria;p__Proteobacteria;c__Gammaproteobacteria;o__Burkholderiales;f__Chromobacteriaceae;g__Aquitalea;s__Aquitaleapelogenes	0.9953341567245972
343a486c6f47339c18ed3203c2e8c635	ASV29d__Bacteria;p__Proteobacteria;c__Gammaproteobacteria;o__Enterobacterales;f__Enterobacteriaceae;g__Citrobacter;s__Citrobacter_braakii	0.999852270603959
071bd861ed7a09a16f2f323fc73512e5	ASV29d__Bacteria;p__Proteobacteria;c__Gammaproteobacteria;o__Enterobacterales;f__Enterobacteriaceae;g__Citrobacter;s__Citrobacter_braakii	0.9998158971250016
748252ee624dcbc6157c2c137c11abac	ASV14d__Bacteria;p__Proteobacteria;c__Gammaproteobacteria;o__Pseudomonadales;f__Pseudomonadaceae;g__Pseudomonas_E;s__Pseudomonas_E fluorescens_AP	0.9999999999097611
0e6c5dbc860516d98af99e67a580853a	ASV17d__Bacteria;p__Bacteroidota;c__Bacteroidia;o__Sphingobacteriales;f__Sphingobacteriaceae;g__Pedobacter;s__	0.9113149986799912
1b05b785e1194bff97573bb7d3431e16	ASV29d__Bacteria;p__Proteobacteria;c__Gammaproteobacteria;o__Enterobacterales;f__Enterobacteriaceae;g__Citrobacter;s__Citrobacter_braakii	0.9998282089222991
4c8ceafb171e595c0211fe44672c550d	ASV29d__Bacteria;p__Proteobacteria;c__Gammaproteobacteria;o__Enterobacterales;f__Enterobacteriaceae;g__Citrobacter;s__Citrobacter_braakii	0.9998522845108068
9b727ae3e82e5436999886f31472e28f	ASV30d__Bacteria;p__Proteobacteria;c__Gammaproteobacteria;o__Enterobacterales;f__Enterobacteriaceae;g__Serratia_A;s__Serratia_Afonticola	0.9992067706793069
c9ae7e0d154bcd23444df34c4b26e755	ASV17d__Bacteria;p__Bacteroidota;c__Bacteroidia;o__Sphingobacteriales;f__Sphingobacteriaceae;g__Pedobacter;s__	0.9662640250744926
597bf6c0fee9254220de1d77fd5ff262	ASV34d__Bacteria;p__Bacteroidota;c__Bacteroidia;o__Flavobacteriales;f__Weeksellaceae;g__Elizabethkingia;s__Elizabethkingia_miricola	0.9999999999909477
949584d3df4c2bb2c88098f0060923b1	ASV31d__Bacteria;p__Proteobacteria;c__Gammaproteobacteria;o__Burkholderiales;f__Burkholderiaceae;g__Delftia;s__Delftia_acidovorans	0.9998239357972727
a95e3bc866e27d3ef25515a582d693e9	ASV33d__Bacteria;p__Proteobacteria;c__Alphaproteobacteria;o__Rhizobiales;f__Beijerinckiaceae;g__Bosea;s__	0.9999999922557805
23ea4819f2588c80091785352847733e	ASV5d__Bacteria;p__Proteobacteria;c__Gammaproteobacteria;o__Burkholderiales;f__Chromobacteriaceae;g__Chromobacterium;s__Chromobacteriumsp002213445	0.9997551395868884
8899bd3faf8808f51783f36bb5414dae	ASV31d__Bacteria;p__Proteobacteria;c__Gammaproteobacteria;o__Burkholderiales;f__Burkholderiaceae;g__Delftia;s__Delftia_acidovorans	0.9997204625372019
84527c73a4e6b4526a432fd4ae63559b	ASV29d__Bacteria;p__Proteobacteria;c__Gammaproteobacteria;o__Enterobacterales;f__Enterobacteriaceae;g__Citrobacter;s__Citrobacter_braakii	0.9998747964642068
6fd430c1182709ddfc1bc2f90e6dfbf1	ASV14d__Bacteria;p__Proteobacteria;c__Gammaproteobacteria;o__Pseudomonadales;f__Pseudomonadaceae;g__Pseudomonas_E;s__Pseudomonas_E fluorescens_AP	0.9999999998617994
d05cf942c1114373bc1af6cade2be80a	ASV5d__Bacteria;p__Proteobacteria;c__Gammaproteobacteria;o__Burkholderiales;f__Chromobacteriaceae;g__Chromobacterium;s__Chromobacteriumsp002213445	0.9990299867029178
7ee7a93dfdfeab956e20f27347a33f13	X391_Actinobacteria;Actinomycetales;Microbacteriaceae;Leifsonia	0.9999999999999432
52c2c2b047e5285626c5476d94491c7c	ASV34d__Bacteria;p__Bacteroidota;c__Bacteroidia;o__Flavobacteriales;f__Weeksellaceae;g__Elizabethkingia;s__Elizabethkingia_miricola	0.9999999999608491
02ac73595126aa76c3ee635fa063cf43	ASV34d__Bacteria;p__Bacteroidota;c__Bacteroidia;o__Flavobacteriales;f__Weeksellaceae;g__Elizabethkingia;s__Elizabethkingia_miricola	0.9999999999722462
90f3ee85b529983f52e008c31e57829a	ASV34d__Bacteria;p__Bacteroidota;c__Bacteroidia;o__Flavobacteriales;f__Weeksellaceae;g__Elizabethkingia;s__Elizabethkingia_miricola	0.9999999999910756
9ac3bb1d7dedb08a012692a6f536b5af	X120_Alphaproteobacteria;Sphingomonadales;Sphingomonadaceae;Sphingomonas	0.999678854737595
7f03fbeb013a5d8b5ff46a64570a3a59	ASV14d__Bacteria;p__Proteobacteria;c__Gammaproteobacteria;o__Pseudomonadales;f__Pseudomonadaceae;g__Pseudomonas_E;s__Pseudomonas_E fluorescens_AP	0.9999999998385647
42b57ffd26b0ac39d8899091bf674f15	ASV32d__Bacteria;p__Proteobacteria;c__Gammaproteobacteria;o__Burkholderiales;f__Burkholderiaceae;g__Achromobacter;s__	0.9999997626479453
1fc2226d7de07040f68dc3dddd403ec5	ASV29d__Bacteria;p__Proteobacteria;c__Gammaproteobacteria;o__Enterobacterales;f__Enterobacteriaceae;g__Citrobacter;s__Citrobacter_braakii	0.9998177059454504
35c905de5cfa16f4590b9a7f4d7b98eb	ASV34d__Bacteria;p__Bacteroidota;c__Bacteroidia;o__Flavobacteriales;f__Weeksellaceae;g__Elizabethkingia;s__Elizabethkingia_miricola	0.9999999999926956
7022974f2a1029c0e81f0adc3a586a9c	ASV31d__Bacteria;p__Proteobacteria;c__Gammaproteobacteria;o__Burkholderiales;f__Burkholderiaceae;g__Delftia;s__Delftia_acidovorans	0.9997332755744273
00f561a61630a188f105dae545ff1f46	ASV5d__Bacteria;p__Proteobacteria;c__Gammaproteobacteria;o__Burkholderiales;f__Chromobacteriaceae;g__Chromobacterium;s__Chromobacteriumsp002213445	0.9985714074161457
efbc63f08bada52ae3867ea659e31733	ASV30d__Bacteria;p__Proteobacteria;c__Gammaproteobacteria;o__Enterobacterales;f__Enterobacteriaceae;g__Serratia_A;s__Serratia_Afonticola	0.9993358501446137
0dc68c22dfabd23d4f2294fa5a9b859e	ASV17d__Bacteria;p__Bacteroidota;c__Bacteroidia;o__Sphingobacteriales;f__Sphingobacteriaceae;g__Pedobacter;s__	0.9100408573006206
e4c616e0e34cf5f3837203933c18e498	X391_Actinobacteria;Actinomycetales;Microbacteriaceae;Leifsonia	0.9999999969375182
2868525ba9566efd97e995d336242b25	ASV34d__Bacteria;p__Bacteroidota;c__Bacteroidia;o__Flavobacteriales;f__Weeksellaceae;g__Elizabethkingia;s__Elizabethkingia_miricola	0.9999999999792379
33d5e9eb4c94d4b965bd0daad86009ae	ASV29d__Bacteria;p__Proteobacteria;c__Gammaproteobacteria;o__Enterobacterales;f__Enterobacteriaceae;g__Citrobacter;s__Citrobacter_braakii	0.9997224790714186
95432b33dacff79dc53448ab96dc61d2	Unassigned	0.5629991618923802
d8902e110bd0fb3ca8dd45bcd77241ad	ASV34d__Bacteria;p__Bacteroidota;c__Bacteroidia;o__Flavobacteriales;f__Weeksellaceae;g__Elizabethkingia;s__Elizabethkingia_miricola	0.9999999999906493
ac3730625c6d5a103381485fe5ea2898	ASV14d__Bacteria;p__Proteobacteria;c__Gammaproteobacteria;o__Pseudomonadales;f__Pseudomonadaceae;g__Pseudomonas_E;s__Pseudomonas_E fluorescens_AP	0.999999999837641
3fe4e14ff6bdb24205811694e871bf48	ASV5d__Bacteria;p__Proteobacteria;c__Gammaproteobacteria;o__Burkholderiales;f__Chromobacteriaceae;g__Chromobacterium;s__Chromobacteriumsp002213445	0.9997743093967075
ff9c5a5ad77dc271c91387e80a9c0ec2	ASV31d__Bacteria;p__Proteobacteria;c__Gammaproteobacteria;o__Burkholderiales;f__Burkholderiaceae;g__Delftia;s__Delftia_acidovorans	0.9997344474006316
9d479bbc7f1dfa0bec202faef1d24bc6	Unassigned	0.3449241089014814
a074032aaf308d8bbe83d3d40bb8d412	ASV30d__Bacteria;p__Proteobacteria;c__Gammaproteobacteria;o__Enterobacterales;f__Enterobacteriaceae;g__Serratia_A;s__Serratia_Afonticola	0.9993391428789403
e1b58d21c532901931054ef9e6d4b57a	Unassigned	0.672681286260653
007de8678d080a1b98018a5a64b7ef81	ASV14d__Bacteria;p__Proteobacteria;c__Gammaproteobacteria;o__Pseudomonadales;f__Pseudomonadaceae;g__Pseudomonas_E;s__Pseudomonas_E fluorescens_AP	0.9999999998431264
8d0a8073e17cd8ec3d452835b90bd082	ASV30d__Bacteria;p__Proteobacteria;c__Gammaproteobacteria;o__Enterobacterales;f__Enterobacteriaceae;g__Serratia_A;s__Serratia_Afonticola	0.9992615540851086
0920dcf0f62fb2b3ab9e32f1c4edec37	ASV31d__Bacteria;p__Proteobacteria;c__Gammaproteobacteria;o__Burkholderiales;f__Burkholderiaceae;g__Delftia;s__Delftia_acidovorans	0.9943138047834043
3d2fa5a8ed1bba6e44284d042f875cc5	ASV34d__Bacteria;p__Bacteroidota;c__Bacteroidia;o__Flavobacteriales;f__Weeksellaceae;g__Elizabethkingia;s__Elizabethkingia_miricola	0.9999999999811422
4746d8223923aeaca4df9c53126474bd	ASV31d__Bacteria;p__Proteobacteria;c__Gammaproteobacteria;o__Burkholderiales;f__Burkholderiaceae;g__Delftia;s__Delftia_acidovorans	0.9997689650404014
5403a3b7b3bdb27b61c03aa7aed631d2	Unassigned	0.6659833755153459
99f8661e4bad44adc2c186016b827854	ASV34d__Bacteria;p__Bacteroidota;c__Bacteroidia;o__Flavobacteriales;f__Weeksellaceae;g__Elizabethkingia;s__Elizabethkingia_miricola	0.9999999999914593
5f238dac7707b3e9538937c228c02810	ASV31d__Bacteria;p__Proteobacteria;c__Gammaproteobacteria;o__Burkholderiales;f__Burkholderiaceae;g__Delftia;s__Delftia_acidovorans	0.9997741603930071
fdcb884a530318146cb1e11ab1af8c33	Unassigned	0.8097885252509067
1835779e85f15cf2abc48b2e857b1ddd	ASV34d__Bacteria;p__Bacteroidota;c__Bacteroidia;o__Flavobacteriales;f__Weeksellaceae;g__Elizabethkingia;s__Elizabethkingia_miricola	0.999999999990365
f364f8073d6330e0a802c13be9cb389b	Unassigned	0.7003858094017253
d93288b5ec9e48c433d59301723b2b99	ASV5d__Bacteria;p__Proteobacteria;c__Gammaproteobacteria;o__Burkholderiales;f__Chromobacteriaceae;g__Chromobacterium;s__Chromobacteriumsp002213445	0.9995960328316886
57a12407c4b40949c8bc870af80af6ad	ASV5d__Bacteria;p__Proteobacteria;c__Gammaproteobacteria;o__Burkholderiales;f__Chromobacteriaceae;g__Chromobacterium;s__Chromobacteriumsp002213445	0.9995789033839191
cd54c8c8c60c2f5da1ce3c270fd53f5f	Unassigned	0.6368516956981174
674c7fb9028ba67926859eca8fe4467b	Unassigned	0.6742651227348695
5b0e434648da7c20f9e4c037998fadfa	ASV2d__Bacteria;p__Bacteroidota;c__Bacteroidia;o__Sphingobacteriales;f__Sphingobacteriaceae;g__Pedobacter;s__	0.9997174855750413
99a4bd65cbb8dbf812ae5577e2b05115	ASV17d__Bacteria;p__Bacteroidota;c__Bacteroidia;o__Sphingobacteriales;f__Sphingobacteriaceae;g__Pedobacter;s__	0.9668912407327106
16234c6c3febd5b45a659e548c688d19	Unassigned	0.590927448944516
80d54281aebd3595cb0d51cc5154df9e	ASV10d__Bacteria;p__Proteobacteria;c__Gammaproteobacteria;o__Burkholderiales;f__Burkholderiaceae;g__Comamonas_B;s__	0.9929938004693359
4279e2b4fab986419270434a5a0bd5ae	ASV5d__Bacteria;p__Proteobacteria;c__Gammaproteobacteria;o__Burkholderiales;f__Chromobacteriaceae;g__Chromobacterium;s__Chromobacteriumsp002213445	0.9997534428804634
b31861ee40325d53d3c53be694b3d629	ASV7d__Bacteria;p__Proteobacteria;c__Gammaproteobacteria;o__Burkholderiales;f__Burkholderiaceae;g__Herbaspirillum;s__	0.9944618694528103
322b88f8f23ca44b86c79dabb4d5f2e8	ASV17d__Bacteria;p__Bacteroidota;c__Bacteroidia;o__Sphingobacteriales;f__Sphingobacteriaceae;g__Pedobacter;s__	0.9610690386349784
12c546dc0301520683a88d4b1218a6d9	ASV31d__Bacteria;p__Proteobacteria;c__Gammaproteobacteria;o__Burkholderiales;f__Burkholderiaceae;g__Delftia;s__Delftia_acidovorans	0.9995433820477315
0c8d0f7feb9977b5c6b7d0c1766ce6ec	ASV5d__Bacteria;p__Proteobacteria;c__Gammaproteobacteria;o__Burkholderiales;f__Chromobacteriaceae;g__Chromobacterium;s__Chromobacteriumsp002213445	0.999825348590973
ed3710563b01cd7d6fd59c1e85d4553e	ASV34d__Bacteria;p__Bacteroidota;c__Bacteroidia;o__Flavobacteriales;f__Weeksellaceae;g__Elizabethkingia;s__Elizabethkingia_miricola	0.9999999999860449
2b4b7b1714f1d10c1b7594860b6fc672	ASV14d__Bacteria;p__Proteobacteria;c__Gammaproteobacteria;o__Pseudomonadales;f__Pseudomonadaceae;g__Pseudomonas_E;s__Pseudomonas_E fluorescens_AP	0.9999999999219256
42e8abb006b91bf0eac74528629354e5	ASV14d__Bacteria;p__Proteobacteria;c__Gammaproteobacteria;o__Pseudomonadales;f__Pseudomonadaceae;g__Pseudomonas_E;s__Pseudomonas_E fluorescens_AP	0.9999999317017535
9b3bc054456f77fbb7809cd1cb0dcdc8	Unassigned	0.6074776978728922
277dd1e7d98ca6b3fb6c662f2aa6dba9	Unassigned	0.7988306898797135
cd9f6642782e6c3bb3321fcdade6edf9	ASV14d__Bacteria;p__Proteobacteria;c__Gammaproteobacteria;o__Pseudomonadales;f__Pseudomonadaceae;g__Pseudomonas_E;s__Pseudomonas_E fluorescens_AP	0.9999999998188969
40745674c31d99ade0f5258bfc0555c3	Unassigned	0.37697942539263274
b9def131bc9abf8099c33f948f0d2d88	ASV32d__Bacteria;p__Proteobacteria;c__Gammaproteobacteria;o__Burkholderiales;f__Burkholderiaceae;g__Achromobacter;s__	0.999999776857333
c301f700dd7175a9194a56cb70aa8544	Unassigned	0.8391194640935756
ff08776de110e88a2c0ec28d7cf2e97b	ASV2d__Bacteria;p__Bacteroidota;c__Bacteroidia;o__Sphingobacteriales;f__Sphingobacteriaceae;g__Pedobacter;s__	0.9990112561704804
75986cca2622c1e9f64aa09a35de3c5c	ASV5d__Bacteria;p__Proteobacteria;c__Gammaproteobacteria;o__Burkholderiales;f__Chromobacteriaceae;g__Chromobacterium;s__Chromobacteriumsp002213445	0.9997759573042365
7330787ce12196745e335cc44a260064	Unassigned	0.46312861316473863
deab6c6f64db575d85663662e46d40f2	ASV30d__Bacteria;p__Proteobacteria;c__Gammaproteobacteria;o__Enterobacterales;f__Enterobacteriaceae;g__Serratia_A;s__Serratia_Afonticola	0.9993359100593411
9d9d53a7aaa37de44274ce57dc510295	ASV34d__Bacteria;p__Bacteroidota;c__Bacteroidia;o__Flavobacteriales;f__Weeksellaceae;g__Elizabethkingia;s__Elizabethkingia_miricola	0.9999999999835865
1e6d2fb4d13ac1fa4b7a50687f8147f3	ASV30d__Bacteria;p__Proteobacteria;c__Gammaproteobacteria;o__Enterobacterales;f__Enterobacteriaceae;g__Serratia_A;s__Serratia_Afonticola	0.9990262078598439
fc0021974d75c1942d3b25ebf704fd8d	ASV5d__Bacteria;p__Proteobacteria;c__Gammaproteobacteria;o__Burkholderiales;f__Chromobacteriaceae;g__Chromobacterium;s__Chromobacteriumsp002213445	0.9997436545267235
a988fb3620f63f4fdd8c547a304701cb	Unassigned	0.42393831968958895
e2067ed2c78e884ab87c0a6b8c3032e6	ASV14d__Bacteria;p__Proteobacteria;c__Gammaproteobacteria;o__Pseudomonadales;f__Pseudomonadaceae;g__Pseudomonas_E;s__Pseudomonas_E fluorescens_AP	0.9999999998258744
a7edb04fc38f3c1343dc7028c3c8b16c	ASV33d__Bacteria;p__Proteobacteria;c__Alphaproteobacteria;o__Rhizobiales;f__Beijerinckiaceae;g__Bosea;s__	0.7704375525520372
bf8cbb477375ecc15bd8fb8667e0a7ce	ASV5d__Bacteria;p__Proteobacteria;c__Gammaproteobacteria;o__Burkholderiales;f__Chromobacteriaceae;g__Chromobacterium;s__Chromobacteriumsp002213445	0.9997759198544791
a12204817eb2bba2d8dce82e24c17a7b	ASV14d__Bacteria;p__Proteobacteria;c__Gammaproteobacteria;o__Pseudomonadales;f__Pseudomonadaceae;g__Pseudomonas_E;s__Pseudomonas_E fluorescens_AP	0.999999999777117
c12c4cbde95c52c94393597ca5289a03	Unassigned	0.58076481793141
31cd582f0f70ddac1294dc23c5e83ed3	ASV29d__Bacteria;p__Proteobacteria;c__Gammaproteobacteria;o__Enterobacterales;f__Enterobacteriaceae;g__Citrobacter;s__Citrobacter_braakii	0.9998515344950635
4cf8ef38e6473f6d7a72b92da38f6ffc	ASV30d__Bacteria;p__Proteobacteria;c__Gammaproteobacteria;o__Enterobacterales;f__Enterobacteriaceae;g__Serratia_A;s__Serratia_Afonticola	0.9981001417191062
a0c5fdc931e0887680446f9886deae1c	ASV14d__Bacteria;p__Proteobacteria;c__Gammaproteobacteria;o__Pseudomonadales;f__Pseudomonadaceae;g__Pseudomonas_E;s__Pseudomonas_E fluorescens_AP	0.9999999997854445
e711f09075d71d335cff6f9337ed62d9	Unassigned	0.7999070723852372
a383b2774603f2202d2954428ffc679c	ASV2d__Bacteria;p__Bacteroidota;c__Bacteroidia;o__Sphingobacteriales;f__Sphingobacteriaceae;g__Pedobacter;s__	0.9993243352885918
e414e0f863839315b49886805587b83f	ASV31d__Bacteria;p__Proteobacteria;c__Gammaproteobacteria;o__Burkholderiales;f__Burkholderiaceae;g__Delftia;s__Delftia_acidovorans	0.9997551520479783
cf46fbcc847f88fde6785aa15f5a631f	ASV32d__Bacteria;p__Proteobacteria;c__Gammaproteobacteria;o__Burkholderiales;f__Burkholderiaceae;g__Achromobacter;s__	0.9999997787340891
4bc94160c124a3f85c7cb038ee306391	ASV31d__Bacteria;p__Proteobacteria;c__Gammaproteobacteria;o__Burkholderiales;f__Burkholderiaceae;g__Delftia;s__Delftia_acidovorans	0.999794002429466
3c6940501bd888bdd922eb2838e3cab7	ASV29d__Bacteria;p__Proteobacteria;c__Gammaproteobacteria;o__Enterobacterales;f__Enterobacteriaceae;g__Citrobacter;s__Citrobacter_braakii	0.9997060878395853
6b8362bc4be74f4e9bf737fae69d41ce	Unassigned	0.5525035358943475
7ec3e3122b8272c2f89ae802ea04c215	ASV34d__Bacteria;p__Bacteroidota;c__Bacteroidia;o__Flavobacteriales;f__Weeksellaceae;g__Elizabethkingia;s__Elizabethkingia_miricola	0.9999999999909335
9f0d33145ce418c804384bb2aa7441d5	ASV34d__Bacteria;p__Bacteroidota;c__Bacteroidia;o__Flavobacteriales;f__Weeksellaceae;g__Elizabethkingia;s__Elizabethkingia_miricola	0.999999999983956
d56f693c2bbca0146b42b06399c82383	ASV5d__Bacteria;p__Proteobacteria;c__Gammaproteobacteria;o__Burkholderiales;f__Chromobacteriaceae;g__Chromobacterium;s__Chromobacteriumsp002213445	0.9997997039277255
c496ce28095f96f431a939c776ab7b65	ASV34d__Bacteria;p__Bacteroidota;c__Bacteroidia;o__Flavobacteriales;f__Weeksellaceae;g__Elizabethkingia;s__Elizabethkingia_miricola	0.9999999999816112
de172045b84fadfb264ec55ae5c3deb6	ASV34d__Bacteria;p__Bacteroidota;c__Bacteroidia;o__Flavobacteriales;f__Weeksellaceae;g__Elizabethkingia;s__Elizabethkingia_miricola	0.9999999998906475
d429f0760ae8bb5bdb9ab04904893b81	ASV32d__Bacteria;p__Proteobacteria;c__Gammaproteobacteria;o__Burkholderiales;f__Burkholderiaceae;g__Achromobacter;s__	0.9999998304147513
17b4af1a8c451f46269dc4d14568d52c	ASV31d__Bacteria;p__Proteobacteria;c__Gammaproteobacteria;o__Burkholderiales;f__Burkholderiaceae;g__Delftia;s__Delftia_acidovorans	0.999796128694694
2578344eb6d23508ca45b553e3f629c3	ASV31d__Bacteria;p__Proteobacteria;c__Gammaproteobacteria;o__Burkholderiales;f__Burkholderiaceae;g__Delftia;s__Delftia_acidovorans	0.9996728629619598
31d714db6711d44a7c92207297d894e9	Unassigned	0.8371703442972296
900e35861f09c3804e0a1be638f9e3ad	ASV14d__Bacteria;p__Proteobacteria;c__Gammaproteobacteria;o__Pseudomonadales;f__Pseudomonadaceae;g__Pseudomonas_E;s__Pseudomonas_E fluorescens_AP	0.9999999999070468
bb495eb421f7aeee61828df988fbc799	ASV6d__Bacteria;p__Proteobacteria;c__Gammaproteobacteria;o__Burkholderiales;f__Burkholderiaceae;g__Ralstonia;s__	0.9919546398587223
80053cbec172bd532c203b2bdec74845	ASV34d__Bacteria;p__Bacteroidota;c__Bacteroidia;o__Flavobacteriales;f__Weeksellaceae;g__Elizabethkingia;s__Elizabethkingia_miricola	0.9999999989200461
459254a471cf55cd572ff64ae1295c3a	ASV29d__Bacteria;p__Proteobacteria;c__Gammaproteobacteria;o__Enterobacterales;f__Enterobacteriaceae;g__Citrobacter;s__Citrobacter_braakii	0.9994605047950637
aa6e3dc53dec6008467bc072bca403ce	ASV34d__Bacteria;p__Bacteroidota;c__Bacteroidia;o__Flavobacteriales;f__Weeksellaceae;g__Elizabethkingia;s__Elizabethkingia_miricola	0.9999999995259969
eb5a569e911db931524c861e9f4b1b64	ASV21d__Bacteria;p__Proteobacteria;c__Gammaproteobacteria;o__Xanthomonadales;f__Rhodanobacteraceae;g__Dyella;s__	0.9999999998465938
256c989f413d65b9c82d95bf6d8af4f3	ASV34d__Bacteria;p__Bacteroidota;c__Bacteroidia;o__Flavobacteriales;f__Weeksellaceae;g__Elizabethkingia;s__Elizabethkingia_miricola	0.9999999999855049
6e8bd33acae7785ec28b67b8f27e5088	Unassigned	0.738117301796754
d80e56b57564a696aefcfe61a36bf765	ASV31d__Bacteria;p__Proteobacteria;c__Gammaproteobacteria;o__Burkholderiales;f__Burkholderiaceae;g__Delftia;s__Delftia_acidovorans	0.9997441522512818
88142c8a42b18f424b82264f2cb6d840	ASV31d__Bacteria;p__Proteobacteria;c__Gammaproteobacteria;o__Burkholderiales;f__Burkholderiaceae;g__Delftia;s__Delftia_acidovorans	0.999719889818007
2e6c1d30140a298e689fa2e8a51c6e53	ASV2d__Bacteria;p__Bacteroidota;c__Bacteroidia;o__Sphingobacteriales;f__Sphingobacteriaceae;g__Pedobacter;s__	0.9997299390538061
cc40675c3d22393f8a55baefc3153341	ASV29d__Bacteria;p__Proteobacteria;c__Gammaproteobacteria;o__Enterobacterales;f__Enterobacteriaceae;g__Citrobacter;s__Citrobacter_braakii	0.9993567053580333
9e87a93eae73eafcb6c5fdd29056613c	Unassigned	0.6659604540190309
1552f24b265daeebee12ee093cfa0322	ASV14d__Bacteria;p__Proteobacteria;c__Gammaproteobacteria;o__Pseudomonadales;f__Pseudomonadaceae;g__Pseudomonas_E;s__Pseudomonas_E fluorescens_AP	0.9999999999248956
7eec302f0e2d3bf1778a85dc07fc89c3	ASV19d__Bacteria;p__Bacteroidota;c__Bacteroidia;o__Sphingobacteriales;f__Sphingobacteriaceae;g__Pedobacter;s__	0.9996001325213394
d24c056674f2cadd0eea67261da84ecf	ASV30d__Bacteria;p__Proteobacteria;c__Gammaproteobacteria;o__Enterobacterales;f__Enterobacteriaceae;g__Serratia_A;s__Serratia_Afonticola	0.9988073689657204
71a4f5f6a356df939293f1de27b6406d	Unassigned	0.4576753363822559
3812f699273aeeab5becbeb3d213b83d	Unassigned	0.649381517801129
76d6b6008f24f3a6d8039b8f95e9b928	X120_Alphaproteobacteria;Sphingomonadales;Sphingomonadaceae;Sphingomonas	0.9994057790132531
73814954e4b3f946954876cc05e95021	ASV2d__Bacteria;p__Bacteroidota;c__Bacteroidia;o__Sphingobacteriales;f__Sphingobacteriaceae;g__Pedobacter;s__	0.9997356608795562
b9fcaeebf17d6012a7e668af9124fa69	ASV32d__Bacteria;p__Proteobacteria;c__Gammaproteobacteria;o__Burkholderiales;f__Burkholderiaceae;g__Achromobacter;s__	0.9999998170369818
e4356e22efaeae715d3481dfc733f18e	Unassigned	0.5771446076371777
96e3539dc830991a2951e0be72b48aac	ASV17d__Bacteria;p__Bacteroidota;c__Bacteroidia;o__Sphingobacteriales;f__Sphingobacteriaceae;g__Pedobacter;s__	0.9738122245818238
2cf1d4fe390a1351152464a4691cf32a	ASV29d__Bacteria;p__Proteobacteria;c__Gammaproteobacteria;o__Enterobacterales;f__Enterobacteriaceae;g__Citrobacter;s__Citrobacter_braakii	0.9998522915189061
27b7185e56351b0ba2c6382199409442	Unassigned	0.8293761036285292
f16218e20cc7e972a8d1083cd185c9a3	ASV17d__Bacteria;p__Bacteroidota;c__Bacteroidia;o__Sphingobacteriales;f__Sphingobacteriaceae;g__Pedobacter;s__	0.9129094876142206
1be0971ed9fc8e1af6b3b4b1b41d1e9e	X391_Actinobacteria;Actinomycetales;Microbacteriaceae;Leifsonia	0.999999999999801
63eb621a0bdc9a457c2f7e4e0e2ddf75	Unassigned	0.6782494323884001
8320de0ba50f7d912bde82f47c51fa1f	ASV17d__Bacteria;p__Bacteroidota;c__Bacteroidia;o__Sphingobacteriales;f__Sphingobacteriaceae;g__Pedobacter;s__	0.9468877196469586
6474aa9acf359392b85c695619b69032	ASV5d__Bacteria;p__Proteobacteria;c__Gammaproteobacteria;o__Burkholderiales;f__Chromobacteriaceae;g__Chromobacterium;s__Chromobacteriumsp002213445	0.9998056102888576
0492280775909ec8d56026986eaddb56	ASV17d__Bacteria;p__Bacteroidota;c__Bacteroidia;o__Sphingobacteriales;f__Sphingobacteriaceae;g__Pedobacter;s__	0.9641120832060777
c664f2b5d96151eb59ee03db13cfac0c	Unassigned	0.6158948401977611
91e3fe3900b6a2740b7a6a686d4cd4f8	ASV32d__Bacteria;p__Proteobacteria;c__Gammaproteobacteria;o__Burkholderiales;f__Burkholderiaceae;g__Achromobacter;s__	0.9999993469427296
5e77aba80aa9dd2339618c488d0859a0	ASV14d__Bacteria;p__Proteobacteria;c__Gammaproteobacteria;o__Pseudomonadales;f__Pseudomonadaceae;g__Pseudomonas_E;s__Pseudomonas_E fluorescens_AP	0.9999999999372591
b4bed016c630473fb1c5c5893d97b579	ASV31d__Bacteria;p__Proteobacteria;c__Gammaproteobacteria;o__Burkholderiales;f__Burkholderiaceae;g__Delftia;s__Delftia_acidovorans	0.999547604900382
241d22ba0384f041b288832a1b67c0d4	ASV31d__Bacteria;p__Proteobacteria;c__Gammaproteobacteria;o__Burkholderiales;f__Burkholderiaceae;g__Delftia;s__Delftia_acidovorans	0.9995928770322948
b2c53924883506e120c7b344fb7d935c	Unassigned	0.8188243749603212
534639a8425a3a91f46ab39ca85b5cb3	ASV14d__Bacteria;p__Proteobacteria;c__Gammaproteobacteria;o__Pseudomonadales;f__Pseudomonadaceae;g__Pseudomonas_E;s__Pseudomonas_E fluorescens_AP	0.9999999998028528
20ce44ab8fec8028abbaa0494436d04b	ASV34d__Bacteria;p__Bacteroidota;c__Bacteroidia;o__Flavobacteriales;f__Weeksellaceae;g__Elizabethkingia;s__Elizabethkingia_miricola	0.9999999999911608
1abfc7408bce88d9652b819ec58eae9d	ASV31d__Bacteria;p__Proteobacteria;c__Gammaproteobacteria;o__Burkholderiales;f__Burkholderiaceae;g__Delftia;s__Delftia_acidovorans	0.9997832909974719
ea9e6e839d548f19fd055d8ec505b866	Unassigned	0.7275556125171322
f77524722e694e887edd1cc1239199fd	ASV14d__Bacteria;p__Proteobacteria;c__Gammaproteobacteria;o__Pseudomonadales;f__Pseudomonadaceae;g__Pseudomonas_E;s__Pseudomonas_E fluorescens_AP	0.9999999998805293
0644c6c7050cb0a3bb3e2e40f4124848	ASV29d__Bacteria;p__Proteobacteria;c__Gammaproteobacteria;o__Enterobacterales;f__Enterobacteriaceae;g__Citrobacter;s__Citrobacter_braakii	0.9998490181946847
9d9ba35652fe0486518e72077926736e	ASV34d__Bacteria;p__Bacteroidota;c__Bacteroidia;o__Flavobacteriales;f__Weeksellaceae;g__Elizabethkingia;s__Elizabethkingia_miricola	0.9999999999836433
6ff71b879e98b5bfaf62ab8eb18bcd1c	ASV31d__Bacteria;p__Proteobacteria;c__Gammaproteobacteria;o__Burkholderiales;f__Burkholderiaceae;g__Delftia;s__Delftia_acidovorans	0.9953317981043815
ae30d1e70fefd7f1644a9cda26fd9f72	ASV29d__Bacteria;p__Proteobacteria;c__Gammaproteobacteria;o__Enterobacterales;f__Enterobacteriaceae;g__Citrobacter;s__Citrobacter_braakii	0.9996853815912727
030a1dc6008557a9ec7a090fbdefc297	Unassigned	0.7458523777301449
59a9c30a6c6ba5b56a735517c9c5edb0	ASV17d__Bacteria;p__Bacteroidota;c__Bacteroidia;o__Sphingobacteriales;f__Sphingobacteriaceae;g__Pedobacter;s__	0.9719282051685854
6c6be3384c0437a3e9ec62988e9d36b6	X391_Actinobacteria;Actinomycetales;Microbacteriaceae;Leifsonia	0.9999999999998579
362a08ed3cd43e431a3bac64d3c431a9	ASV32d__Bacteria;p__Proteobacteria;c__Gammaproteobacteria;o__Burkholderiales;f__Burkholderiaceae;g__Achromobacter;s__	0.999999392193601
adf5b61d377bfb01be81febf145ee2d0	ASV2d__Bacteria;p__Bacteroidota;c__Bacteroidia;o__Sphingobacteriales;f__Sphingobacteriaceae;g__Pedobacter;s__	0.9990152447809533
3fe308f1d52515a1b1a36ebf2e9b00d3	ASV14d__Bacteria;p__Proteobacteria;c__Gammaproteobacteria;o__Pseudomonadales;f__Pseudomonadaceae;g__Pseudomonas_E;s__Pseudomonas_E fluorescens_AP	0.9999999997715605
16c5899a752f5ea452dd215688b1e258	ASV30d__Bacteria;p__Proteobacteria;c__Gammaproteobacteria;o__Enterobacterales;f__Enterobacteriaceae;g__Serratia_A;s__Serratia_Afonticola	0.9978575813364688
e8d4df4772d34f89bbd280c3b5b76588	ASV5d__Bacteria;p__Proteobacteria;c__Gammaproteobacteria;o__Burkholderiales;f__Chromobacteriaceae;g__Chromobacterium;s__Chromobacteriumsp002213445	0.998597128935185
472110f7146c0ec0048f72e48f0c4742	ASV29d__Bacteria;p__Proteobacteria;c__Gammaproteobacteria;o__Enterobacterales;f__Enterobacteriaceae;g__Citrobacter;s__Citrobacter_braakii	0.9996256338606458
1515f9fb1441984fc10eb261331b0e2f	ASV17d__Bacteria;p__Bacteroidota;c__Bacteroidia;o__Sphingobacteriales;f__Sphingobacteriaceae;g__Pedobacter;s__	0.9733925466787765
03358517fe19bab79d549580e038c05d	ASV2d__Bacteria;p__Bacteroidota;c__Bacteroidia;o__Sphingobacteriales;f__Sphingobacteriaceae;g__Pedobacter;s__	0.9997120973341278
4d7dd5d4d0f9347661a52ffdcaa25719	ASV29d__Bacteria;p__Proteobacteria;c__Gammaproteobacteria;o__Enterobacterales;f__Enterobacteriaceae;g__Citrobacter;s__Citrobacter_braakii	0.9998826402202562
de52c0dccdbb841d9b0f078f2b19d90a	ASV14d__Bacteria;p__Proteobacteria;c__Gammaproteobacteria;o__Pseudomonadales;f__Pseudomonadaceae;g__Pseudomonas_E;s__Pseudomonas_E fluorescens_AP	0.9999999998741771
2fd6d577ae4ed8148f84e0b2bca09fe0	Unassigned	0.8223192653897726
4c2afebc6b29df4290b31ee419d5806b	ASV2d__Bacteria;p__Bacteroidota;c__Bacteroidia;o__Sphingobacteriales;f__Sphingobacteriaceae;g__Pedobacter;s__	0.9997220585939833
b054047549f7385fa67230367bf28106	ASV14d__Bacteria;p__Proteobacteria;c__Gammaproteobacteria;o__Pseudomonadales;f__Pseudomonadaceae;g__Pseudomonas_E;s__Pseudomonas_E fluorescens_AP	0.9999999998412932
65129e835428fe597874a78b0569f9e3	ASV31d__Bacteria;p__Proteobacteria;c__Gammaproteobacteria;o__Burkholderiales;f__Burkholderiaceae;g__Delftia;s__Delftia_acidovorans	0.9997797420006657
98b7d7634ae227b3b64df2dff2dfb726	Unassigned	0.6711831951372316
e3513ab5d03e98d6b77172ba0efa366e	ASV29d__Bacteria;p__Proteobacteria;c__Gammaproteobacteria;o__Enterobacterales;f__Enterobacteriaceae;g__Citrobacter;s__Citrobacter_braakii	0.9997969416167269
06f825b512d903b9230e1a55d87359ee	Unassigned	0.7962394075938221
7622430519a8e99865eefa8c0e455adc	ASV8d__Bacteria;p__Proteobacteria;c__Alphaproteobacteria;o__Rhizobiales;f__Rhizobiaceae;g__Rhizobium;s__	0.9290765393896816
e5bfc3dcde9c421d95db08ecd52bfdca	ASV8d__Bacteria;p__Proteobacteria;c__Alphaproteobacteria;o__Rhizobiales;f__Rhizobiaceae;g__Rhizobium;s__	0.9999999907551853
63d597cfcc5f90d3d333d95c7b648b4c	Unassigned	0.5789961543741857
4521019adc980db41511ab8ff9cc2554	Unassigned	0.8253646758099773
c560eb6faa122850aa06a1d08009fc98	ASV33d__Bacteria;p__Proteobacteria;c__Alphaproteobacteria;o__Rhizobiales;f__Beijerinckiaceae;g__Bosea;s__	0.7586755116995701
17fde8a73e34828658038843858b2bf2	ASV14d__Bacteria;p__Proteobacteria;c__Gammaproteobacteria;o__Pseudomonadales;f__Pseudomonadaceae;g__Pseudomonas_E;s__Pseudomonas_E fluorescens_AP	0.999999984081967
14ac17a521d4e2c85c7e2091de5066c5	ASV14d__Bacteria;p__Proteobacteria;c__Gammaproteobacteria;o__Pseudomonadales;f__Pseudomonadaceae;g__Pseudomonas_E;s__Pseudomonas_E fluorescens_AP	0.9999999999285052
5a3d74fbd836620c6dc5db4842bdd140	ASV34d__Bacteria;p__Bacteroidota;c__Bacteroidia;o__Flavobacteriales;f__Weeksellaceae;g__Elizabethkingia;s__Elizabethkingia_miricola	0.9999999999898961
a59c39de9d7c4c4972b3d9d75891a590	ASV2d__Bacteria;p__Bacteroidota;c__Bacteroidia;o__Sphingobacteriales;f__Sphingobacteriaceae;g__Pedobacter;s__	0.9991870489962238
5ea7f31ca03359f031d5107f8787a42b	Unassigned	0.7308296126470057
a419099e6713286491ca04500c58714c	ASV5d__Bacteria;p__Proteobacteria;c__Gammaproteobacteria;o__Burkholderiales;f__Chromobacteriaceae;g__Chromobacterium;s__Chromobacteriumsp002213445	0.9998053857110166
4d2ec816ab48b781e20a62406ef8fcd3	Unassigned	0.6857491660337156
33b2f3ad4d0d444257c515607753bd28	ASV30d__Bacteria;p__Proteobacteria;c__Gammaproteobacteria;o__Enterobacterales;f__Enterobacteriaceae;g__Serratia_A;s__Serratia_Afonticola	0.999354086437029
097f926173c19ed360aa55d7cce43060	X391_Actinobacteria;Actinomycetales;Microbacteriaceae;Leifsonia	0.9999999999999574
4a65904517fcedef0383b9a4431a44e5	ASV31d__Bacteria;p__Proteobacteria;c__Gammaproteobacteria;o__Burkholderiales;f__Burkholderiaceae;g__Delftia;s__Delftia_acidovorans	0.9997407814006362
64198dd4f2084a83cc4ddffff85d5e41	Unassigned	0.8273152649812386
7c5cba687730c2a5f32097ff58a7795c	ASV31d__Bacteria;p__Proteobacteria;c__Gammaproteobacteria;o__Burkholderiales;f__Burkholderiaceae;g__Delftia;s__Delftia_acidovorans	0.9997788930546686
09682188a9d1f300e16a11bd24ccd74d	Unassigned	0.5945304188707141
b86c41291b82a774e80215c408b88e46	Unassigned	0.8034697309515297
b622d9a63505fe1db60e477eaf2cac88	ASV30d__Bacteria;p__Proteobacteria;c__Gammaproteobacteria;o__Enterobacterales;f__Enterobacteriaceae;g__Serratia_A;s__Serratia_Afonticola	0.99947779960275
d03e08f28b1e3afe4337296a91f20207	ASV34d__Bacteria;p__Bacteroidota;c__Bacteroidia;o__Flavobacteriales;f__Weeksellaceae;g__Elizabethkingia;s__Elizabethkingia_miricola	0.9999999994813891
f47d9ab320c17989671b14f2017886b8	ASV17d__Bacteria;p__Bacteroidota;c__Bacteroidia;o__Sphingobacteriales;f__Sphingobacteriaceae;g__Pedobacter;s__	0.9674069729206439
7de87d537e3c2d465b6a965bfff1cfb0	ASV30d__Bacteria;p__Proteobacteria;c__Gammaproteobacteria;o__Enterobacterales;f__Enterobacteriaceae;g__Serratia_A;s__Serratia_Afonticola	0.9960314857820344
90d8a6f26056e618e58deff45a6a6172	X391_Actinobacteria;Actinomycetales;Microbacteriaceae;Leifsonia	0.9999999999996874
3d7abe040ef974ac890a18874d852009	ASV22d__Bacteria;p__Proteobacteria;c__Gammaproteobacteria;o__Burkholderiales;f__Burkholderiaceae;g__Paraburkholderia_B;s__	0.9995696185785518
be13d42bc150bdf7443f838754398ac2	ASV5d__Bacteria;p__Proteobacteria;c__Gammaproteobacteria;o__Burkholderiales;f__Chromobacteriaceae;g__Chromobacterium;s__Chromobacteriumsp002213445	0.9997318460204585
eabdef85aeff97a8276c032708243bc7	ASV17d__Bacteria;p__Bacteroidota;c__Bacteroidia;o__Sphingobacteriales;f__Sphingobacteriaceae;g__Pedobacter;s__	0.9670718633584362
a02358cfd8421f8fcc4bdc55801408a0	Unassigned	0.8329869548631761
ae9c9d8a9f62773baeffa299a167e2f0	Unassigned	0.351123100865512
15cadc40de133aa629cccfc664c735f1	X391_Actinobacteria;Actinomycetales;Microbacteriaceae;Leifsonia	0.9999999999999574
fc81d139c735adee6438c1b8f7e4d667	ASV32d__Bacteria;p__Proteobacteria;c__Gammaproteobacteria;o__Burkholderiales;f__Burkholderiaceae;g__Achromobacter;s__	0.999999587597969
96c2fdcf660959a7324cdc754c56c1d7	ASV5d__Bacteria;p__Proteobacteria;c__Gammaproteobacteria;o__Burkholderiales;f__Chromobacteriaceae;g__Chromobacterium;s__Chromobacteriumsp002213445	0.9998257963489161
bff1a33b6bbef0c073414576883d2112	ASV29d__Bacteria;p__Proteobacteria;c__Gammaproteobacteria;o__Enterobacterales;f__Enterobacteriaceae;g__Citrobacter;s__Citrobacter_braakii	0.9997076275183214
a8808de37e5800dc562751dd50069fe0	ASV29d__Bacteria;p__Proteobacteria;c__Gammaproteobacteria;o__Enterobacterales;f__Enterobacteriaceae;g__Citrobacter;s__Citrobacter_braakii	0.9958586462790123
a468845703ebe9e067dcd3ed3a4ba3c5	ASV17d__Bacteria;p__Bacteroidota;c__Bacteroidia;o__Sphingobacteriales;f__Sphingobacteriaceae;g__Pedobacter;s__	0.9172595283624915
c045761cfe0fc4e591166fefed6a198f	X391_Actinobacteria;Actinomycetales;Microbacteriaceae;Leifsonia	0.9999999999998437
cf7c350bc26e8c9099d7c0046acf7b4c	ASV29d__Bacteria;p__Proteobacteria;c__Gammaproteobacteria;o__Enterobacterales;f__Enterobacteriaceae;g__Citrobacter;s__Citrobacter_braakii	0.9994760241352043
4e54e2730aabedf149c9d9afb18c6952	Unassigned	0.7472192151658905
8a134c11e58b85dff734a8ac2e8fa522	ASV34d__Bacteria;p__Bacteroidota;c__Bacteroidia;o__Flavobacteriales;f__Weeksellaceae;g__Elizabethkingia;s__Elizabethkingia_miricola	0.9999999999816396
bc56a7361c9a3b49f1f1c51874321e12	X391_Actinobacteria;Actinomycetales;Microbacteriaceae;Leifsonia	0.9999998181090343
936d3c4cfdb7d8aa077968b11fd69bac	ASV14d__Bacteria;p__Proteobacteria;c__Gammaproteobacteria;o__Pseudomonadales;f__Pseudomonadaceae;g__Pseudomonas_E;s__Pseudomonas_E fluorescens_AP	0.9999999997372981
e15bdd3c221e8a39fc58733a8f335e8e	ASV29d__Bacteria;p__Proteobacteria;c__Gammaproteobacteria;o__Enterobacterales;f__Enterobacteriaceae;g__Citrobacter;s__Citrobacter_braakii	0.9998565981435925
4b6758852a22a2bfd2470cedce429e6f	ASV34d__Bacteria;p__Bacteroidota;c__Bacteroidia;o__Flavobacteriales;f__Weeksellaceae;g__Elizabethkingia;s__Elizabethkingia_miricola	0.9999999999785274
6ea8228cb56f8a62f932f0e613bca40e	Unassigned	0.5942791191606205
e35404601f733aa1e54563152629cb1d	ASV7d__Bacteria;p__Proteobacteria;c__Gammaproteobacteria;o__Burkholderiales;f__Burkholderiaceae;g__Herbaspirillum;s__	0.9994872098505311
a1262ddd2decbbc49fa1c198500878e5	Unassigned	0.870084259256989
baf8a93a559647e8f131efb3bd0e3029	Unassigned	0.7852853299936144
e57be706a4215e46f1cc029da4e61c16	ASV33d__Bacteria;p__Proteobacteria;c__Alphaproteobacteria;o__Rhizobiales;f__Beijerinckiaceae;g__Bosea;s__	0.9291924013402986
295ffe4f1eaf14acd123aa5a2b221bd9	ASV34d__Bacteria;p__Bacteroidota;c__Bacteroidia;o__Flavobacteriales;f__Weeksellaceae;g__Elizabethkingia;s__Elizabethkingia_miricola	0.9999999999915161
cfa9a612a54633a3df7e846fc9ebb0db	ASV34d__Bacteria;p__Bacteroidota;c__Bacteroidia;o__Flavobacteriales;f__Weeksellaceae;g__Elizabethkingia;s__Elizabethkingia_miricola	0.9999999999947562
463a7f781b93cf8fda894fbbbb88d7e6	X391_Actinobacteria;Actinomycetales;Microbacteriaceae;Leifsonia	0.9999999999998295
1d639350fab7d62dff960ea5ded86fc1	ASV2d__Bacteria;p__Bacteroidota;c__Bacteroidia;o__Sphingobacteriales;f__Sphingobacteriaceae;g__Pedobacter;s__	0.9996843926409394
1cd4ea876f55a2918660e0f8dce25a86	ASV14d__Bacteria;p__Proteobacteria;c__Gammaproteobacteria;o__Pseudomonadales;f__Pseudomonadaceae;g__Pseudomonas_E;s__Pseudomonas_E fluorescens_AP	0.9999999998533298
3466498c5bcf6771fb9586778b6dee87	ASV31d__Bacteria;p__Proteobacteria;c__Gammaproteobacteria;o__Burkholderiales;f__Burkholderiaceae;g__Delftia;s__Delftia_acidovorans	0.9997307452707449
ddfd49f939f92958b1ec816741055348	ASV6d__Bacteria;p__Proteobacteria;c__Gammaproteobacteria;o__Burkholderiales;f__Burkholderiaceae;g__Ralstonia;s__	0.9979880227836485
5489ef6f9166e8371f97dc5d2f88e99a	ASV30d__Bacteria;p__Proteobacteria;c__Gammaproteobacteria;o__Enterobacterales;f__Enterobacteriaceae;g__Serratia_A;s__Serratia_Afonticola	0.974454754431754
95896e6826dec792864a41d6f932687a	ASV31d__Bacteria;p__Proteobacteria;c__Gammaproteobacteria;o__Burkholderiales;f__Burkholderiaceae;g__Delftia;s__Delftia_acidovorans	0.999762455816117
735255f84437cfe87df685f0c778a75d	Unassigned	0.4765563320082046
b848d68bf1cdb0ed6143e90a4555b5a3	Unassigned	0.6698795754385036
ae9dbc279385521430afe3907d94e0e5	Unassigned	0.7147210104536965
aba8b73f62f7c85248621e3c5487283a	ASV31d__Bacteria;p__Proteobacteria;c__Gammaproteobacteria;o__Burkholderiales;f__Burkholderiaceae;g__Delftia;s__Delftia_acidovorans	0.9997844551022566
321e10711d4b2eace17193de013bd8f0	Unassigned	0.4373301597878584
078a82d058cce7f4722ea6f111b31809	Unassigned	0.3255992514346925
ed4f8b9827611b54cfbdcc1d2280896a	ASV29d__Bacteria;p__Proteobacteria;c__Gammaproteobacteria;o__Enterobacterales;f__Enterobacteriaceae;g__Citrobacter;s__Citrobacter_braakii	0.999879083491581
882d58ff4889be227524de3f9352720b	Unassigned	0.7454510048033454
f156f09f7deb8c52b7711f55cda3981f	ASV14d__Bacteria;p__Proteobacteria;c__Gammaproteobacteria;o__Pseudomonadales;f__Pseudomonadaceae;g__Pseudomonas_E;s__Pseudomonas_E fluorescens_AP	0.9999999998911306
4845b6d0b82fbe302ad8989a86035f53	ASV14d__Bacteria;p__Proteobacteria;c__Gammaproteobacteria;o__Pseudomonadales;f__Pseudomonadaceae;g__Pseudomonas_E;s__Pseudomonas_E fluorescens_AP	0.9999999997988027
46c952e4f907bae71cffe9a5c12d3ab6	ASV5d__Bacteria;p__Proteobacteria;c__Gammaproteobacteria;o__Burkholderiales;f__Chromobacteriaceae;g__Chromobacterium;s__Chromobacteriumsp002213445	0.9998482697390201
5e049ec808f716b703574730d5b93ded	Unassigned	0.8233365868305734
91d449c534dbb846f2ca4ef3ee350f0d	ASV32d__Bacteria;p__Proteobacteria;c__Gammaproteobacteria;o__Burkholderiales;f__Burkholderiaceae;g__Achromobacter;s__	0.9999993899744211
11f8e1c42acf96dd57d897c6f811524f	ASV29d__Bacteria;p__Proteobacteria;c__Gammaproteobacteria;o__Enterobacterales;f__Enterobacteriaceae;g__Citrobacter;s__Citrobacter_braakii	0.9996869443618285
a66d29f35b6fb6b21a3a89e32759b341	ASV29d__Bacteria;p__Proteobacteria;c__Gammaproteobacteria;o__Enterobacterales;f__Enterobacteriaceae;g__Citrobacter;s__Citrobacter_braakii	0.9995908070806255
5d5130b0c6f38747b0243b8ebc07583a	ASV34d__Bacteria;p__Bacteroidota;c__Bacteroidia;o__Flavobacteriales;f__Weeksellaceae;g__Elizabethkingia;s__Elizabethkingia_miricola	0.9999999999940314
4a7f91d5a9e1ef8b807c4b0ebd904286	ASV16d__Bacteria;p__Proteobacteria;c__Gammaproteobacteria;o__Burkholderiales;f__Chromobacteriaceae;g__Aquitalea;s__	0.9932760097076468
31f9500b8347352fa155b625d5385764	Unassigned	0.7415793709717267
6f54a6da0d3091db03bbeb9eeeb53f9f	ASV14d__Bacteria;p__Proteobacteria;c__Gammaproteobacteria;o__Pseudomonadales;f__Pseudomonadaceae;g__Pseudomonas_E;s__Pseudomonas_E fluorescens_AP	0.9999999997289422
109f464f58308b920c3ab1efeb287a01	ASV31d__Bacteria;p__Proteobacteria;c__Gammaproteobacteria;o__Burkholderiales;f__Burkholderiaceae;g__Delftia;s__Delftia_acidovorans	0.9997427259372544
a070ebf86fe7d0bb3af07f9b69a9954a	ASV30d__Bacteria;p__Proteobacteria;c__Gammaproteobacteria;o__Enterobacterales;f__Enterobacteriaceae;g__Serratia_A;s__Serratia_Afonticola	0.9993055293869202
eeff01f67af53cef40cf31ecb530f71e	ASV29d__Bacteria;p__Proteobacteria;c__Gammaproteobacteria;o__Enterobacterales;f__Enterobacteriaceae;g__Citrobacter;s__Citrobacter_braakii	0.9997781683718387
5e5b70daa6d4addefeb633a7840a1e25	Unassigned	0.7864545877855629
18bfaf6c2e66c33ea5d3a46f701c61a4	ASV2d__Bacteria;p__Bacteroidota;c__Bacteroidia;o__Sphingobacteriales;f__Sphingobacteriaceae;g__Pedobacter;s__	0.9997295480224777
db88faae6069e9c271cb6aa77793562c	ASV29d__Bacteria;p__Proteobacteria;c__Gammaproteobacteria;o__Enterobacterales;f__Enterobacteriaceae;g__Citrobacter;s__Citrobacter_braakii	0.9994887481348087
f407705def6cdeb8e69bd6d6c1814ae0	Unassigned	0.8260101697548241
533613cadb117a4e2eaea129c9640255	ASV17d__Bacteria;p__Bacteroidota;c__Bacteroidia;o__Sphingobacteriales;f__Sphingobacteriaceae;g__Pedobacter;s__	0.9743722155026419
e96a51a641560a592815cc22c3c62a75	Unassigned	0.615945959319345
fd305d3526e6fe8efb1f43bddfff9337	ASV34d__Bacteria;p__Bacteroidota;c__Bacteroidia;o__Flavobacteriales;f__Weeksellaceae;g__Elizabethkingia;s__Elizabethkingia_miricola	0.9999999993520703
6d20ad1fb6990abb1d3972c9136aa628	Unassigned	0.7675348968929545
2b2815204198ddb6c54e0ba4e77c7cff	ASV32d__Bacteria;p__Proteobacteria;c__Gammaproteobacteria;o__Burkholderiales;f__Burkholderiaceae;g__Achromobacter;s__	0.9999995812646627
47eed168d29c04244671f579554e13a6	Unassigned	0.6394088044440613
afa57d1d126f84d09913caba010e60d1	ASV14d__Bacteria;p__Proteobacteria;c__Gammaproteobacteria;o__Pseudomonadales;f__Pseudomonadaceae;g__Pseudomonas_E;s__Pseudomonas_E fluorescens_AP	0.9999999996956888
207e0b7b584edefcd262c668c4d6e4ff	ASV34d__Bacteria;p__Bacteroidota;c__Bacteroidia;o__Flavobacteriales;f__Weeksellaceae;g__Elizabethkingia;s__Elizabethkingia_miricola	0.9999999999787406
a8eb624d49bacf005043d90bb92773da	Unassigned	0.5919174712787008
307f5f0a3794d5dce265e3ef0e422173	ASV10d__Bacteria;p__Proteobacteria;c__Gammaproteobacteria;o__Burkholderiales;f__Burkholderiaceae;g__Comamonas_B;s__	0.995649657409343
b921ef23ebb1067002feaa9f225b2ccb	ASV14d__Bacteria;p__Proteobacteria;c__Gammaproteobacteria;o__Pseudomonadales;f__Pseudomonadaceae;g__Pseudomonas_E;s__Pseudomonas_E fluorescens_AP	0.9999999999261746
867e5f8ae9569bf225a2c51605041c0a	ASV5d__Bacteria;p__Proteobacteria;c__Gammaproteobacteria;o__Burkholderiales;f__Chromobacteriaceae;g__Chromobacterium;s__Chromobacteriumsp002213445	0.9998104717040329
d1e01c348345be5fa1975471bb0eb33e	ASV31d__Bacteria;p__Proteobacteria;c__Gammaproteobacteria;o__Burkholderiales;f__Burkholderiaceae;g__Delftia;s__Delftia_acidovorans	0.9998203933620651
c812aabf4b0bc3e52f5506d863a42b53	Unassigned	0.8296174736797243
1d81cdd099ead37614308fd7cf53a15c	ASV31d__Bacteria;p__Proteobacteria;c__Gammaproteobacteria;o__Burkholderiales;f__Burkholderiaceae;g__Delftia;s__Delftia_acidovorans	0.9997791001873265
b05fcbe9ac743e2bf2a639ef10715f43	ASV19d__Bacteria;p__Bacteroidota;c__Bacteroidia;o__Sphingobacteriales;f__Sphingobacteriaceae;g__Pedobacter;s__	0.9996752888586165
d2706e6f8b794fc79216e345a7b6bfa6	Unassigned	0.6844340691624182
76fe5bfaf9792607e41a95889d28ca32	ASV31d__Bacteria;p__Proteobacteria;c__Gammaproteobacteria;o__Burkholderiales;f__Burkholderiaceae;g__Delftia;s__Delftia_acidovorans	0.727125064806435
37a5890b751807b8b2ec8a33a882e88e	ASV29d__Bacteria;p__Proteobacteria;c__Gammaproteobacteria;o__Enterobacterales;f__Enterobacteriaceae;g__Citrobacter;s__Citrobacter_braakii	0.9998607953744809
efe2968a8586da9b780fdebf684a0ed7	Unassigned	0.8660158607507613
caffb30c28c545002e49678729d82cdd	ASV16d__Bacteria;p__Proteobacteria;c__Gammaproteobacteria;o__Burkholderiales;f__Chromobacteriaceae;g__Aquitalea;s__	0.9930966943223646
01b5a7ab74e3c5656438d6fcc0020421	ASV30d__Bacteria;p__Proteobacteria;c__Gammaproteobacteria;o__Enterobacterales;f__Enterobacteriaceae;g__Serratia_A;s__Serratia_Afonticola	0.9985536494488425
11a05d53a07d7f24f75bf3f7ad212e7d	ASV29d__Bacteria;p__Proteobacteria;c__Gammaproteobacteria;o__Enterobacterales;f__Enterobacteriaceae;g__Citrobacter;s__Citrobacter_braakii	0.9998177168155682
6421b87745746a9fff42e2507ea36fd6	ASV34d__Bacteria;p__Bacteroidota;c__Bacteroidia;o__Flavobacteriales;f__Weeksellaceae;g__Elizabethkingia;s__Elizabethkingia_miricola	0.9999999999728431
d15bc449222795a9ff230013aa633686	Unassigned	0.33122077938922734
62497437e50ee6e8fb1be4894ed934c4	ASV34d__Bacteria;p__Bacteroidota;c__Bacteroidia;o__Flavobacteriales;f__Weeksellaceae;g__Elizabethkingia;s__Elizabethkingia_miricola	0.9999999999900098
6937e611be473beee0e4abc5d150e25e	ASV33d__Bacteria;p__Proteobacteria;c__Alphaproteobacteria;o__Rhizobiales;f__Beijerinckiaceae;g__Bosea;s__	0.8058370009533087
710acfcee13ad96df0aced4de796c835	ASV5d__Bacteria;p__Proteobacteria;c__Gammaproteobacteria;o__Burkholderiales;f__Chromobacteriaceae;g__Chromobacterium;s__Chromobacteriumsp002213445	0.9998202369847771
f1cf44288c361b9f1656cc59670a660d	X391_Actinobacteria;Actinomycetales;Microbacteriaceae;Leifsonia	0.9999999999992042
8e60d7d703eb72eab6983d5c32c464f3	ASV34d__Bacteria;p__Bacteroidota;c__Bacteroidia;o__Flavobacteriales;f__Weeksellaceae;g__Elizabethkingia;s__Elizabethkingia_miricola	0.9999999999811422
871756f0eaa900225e6cbc8ca26c074a	ASV2d__Bacteria;p__Bacteroidota;c__Bacteroidia;o__Sphingobacteriales;f__Sphingobacteriaceae;g__Pedobacter;s__	0.9995590159497157
dcece32e6721f47a5d0849ec92f722a4	X391_Actinobacteria;Actinomycetales;Microbacteriaceae;Leifsonia	0.9999997415740772
f10dbdb369895f37926ef3322ba926e5	Unassigned	0.660444267002781
0e013bdd0e59a7f46de24ea605e331b8	ASV29d__Bacteria;p__Proteobacteria;c__Gammaproteobacteria;o__Enterobacterales;f__Enterobacteriaceae;g__Citrobacter;s__Citrobacter_braakii	0.9998448470079593
ff5faa697763e131f43b461f0c8267f5	ASV2d__Bacteria;p__Bacteroidota;c__Bacteroidia;o__Sphingobacteriales;f__Sphingobacteriaceae;g__Pedobacter;s__	0.9997660181651881
2751a81efef038ac7143a6cbbad5c3f1	ASV14d__Bacteria;p__Proteobacteria;c__Gammaproteobacteria;o__Pseudomonadales;f__Pseudomonadaceae;g__Pseudomonas_E;s__Pseudomonas_E fluorescens_AP	0.9999999996704503
a91ad127d11eb80400f915f3eeaf3175	Unassigned	0.8261257107440221
89667a0823865633cf85c7ebc8b46762	ASV31d__Bacteria;p__Proteobacteria;c__Gammaproteobacteria;o__Burkholderiales;f__Burkholderiaceae;g__Delftia;s__Delftia_acidovorans	0.9988423816391668
9feba88e048ea5b322b5873a7d5b36ff	ASV17d__Bacteria;p__Bacteroidota;c__Bacteroidia;o__Sphingobacteriales;f__Sphingobacteriaceae;g__Pedobacter;s__	0.974096789342537
d83f60183d81253a505beaeef3cd168f	X391_Actinobacteria;Actinomycetales;Microbacteriaceae;Leifsonia	0.9999998136854233
05569381b6c09f1bf43e1fa0138d4f58	ASV17d__Bacteria;p__Bacteroidota;c__Bacteroidia;o__Sphingobacteriales;f__Sphingobacteriaceae;g__Pedobacter;s__	0.967175803731318
a5872fb8feccb597cfef95401ff61107	ASV17d__Bacteria;p__Bacteroidota;c__Bacteroidia;o__Sphingobacteriales;f__Sphingobacteriaceae;g__Pedobacter;s__	0.9676070200271981
205c6279b7f377ec12220f84e630a156	Unassigned	0.7002677036403934
054aa7cae40407ae25931284fae08ddc	Unassigned	0.3037897527804798
e62e8db1ade0e03e12a3e0961ea83098	Unassigned	0.8121638822706132
1246a95f573f53a87d8f981e85396067	ASV14d__Bacteria;p__Proteobacteria;c__Gammaproteobacteria;o__Pseudomonadales;f__Pseudomonadaceae;g__Pseudomonas_E;s__Pseudomonas_E fluorescens_AP	0.999999999673193
6c221e8ce7d1ebc3b19ed9ed4a0e8459	ASV29d__Bacteria;p__Proteobacteria;c__Gammaproteobacteria;o__Enterobacterales;f__Enterobacteriaceae;g__Citrobacter;s__Citrobacter_braakii	0.9994693485731813
9f286c03873084827ddb59e8e3014a17	ASV29d__Bacteria;p__Proteobacteria;c__Gammaproteobacteria;o__Enterobacterales;f__Enterobacteriaceae;g__Citrobacter;s__Citrobacter_braakii	0.9999015043853716
01c122d38777fe6604afdd72bb961a56	ASV17d__Bacteria;p__Bacteroidota;c__Bacteroidia;o__Sphingobacteriales;f__Sphingobacteriaceae;g__Pedobacter;s__	0.9493473469574009
031ada5cae5d7a9dec05de9e4209f967	Unassigned	0.7473887925152887
d999346d426de3497f5a49acce4b4a7a	ASV34d__Bacteria;p__Bacteroidota;c__Bacteroidia;o__Flavobacteriales;f__Weeksellaceae;g__Elizabethkingia;s__Elizabethkingia_miricola	0.999999999972772
3dee5f24d0426b0fe022920ee6c9b6a4	ASV34d__Bacteria;p__Bacteroidota;c__Bacteroidia;o__Flavobacteriales;f__Weeksellaceae;g__Elizabethkingia;s__Elizabethkingia_miricola	0.9999999999872813
c408a317893a3752b9b784ce579aa554	Unassigned	0.8037602314026717
16fd3b125e8e1871e4144d7796475518	ASV31d__Bacteria;p__Proteobacteria;c__Gammaproteobacteria;o__Burkholderiales;f__Burkholderiaceae;g__Delftia;s__Delftia_acidovorans	0.9995425517835925
4d1ab296863273187dbb3c6538ce0edb	Unassigned	0.7053464052253647
ea67297ac8e28d276bfc0975d68ad663	Unassigned	0.4407637880116554
28f34ef0fbc87ddf8f454534be6712a5	ASV32d__Bacteria;p__Proteobacteria;c__Gammaproteobacteria;o__Burkholderiales;f__Burkholderiaceae;g__Achromobacter;s__	0.9999990806255105
01c01d1e214bf3b70a836a7cced0877a	ASV29d__Bacteria;p__Proteobacteria;c__Gammaproteobacteria;o__Enterobacterales;f__Enterobacteriaceae;g__Citrobacter;s__Citrobacter_braakii	0.9998522802172051
34946d16b6ad71e402e02b60ae3878f0	ASV17d__Bacteria;p__Bacteroidota;c__Bacteroidia;o__Sphingobacteriales;f__Sphingobacteriaceae;g__Pedobacter;s__	0.9607900270531436
699ce3922935c2c62897111881160026	ASV31d__Bacteria;p__Proteobacteria;c__Gammaproteobacteria;o__Burkholderiales;f__Burkholderiaceae;g__Delftia;s__Delftia_acidovorans	0.9997707939194459
e431a8800a20c1feca882da49a04f047	ASV5d__Bacteria;p__Proteobacteria;c__Gammaproteobacteria;o__Burkholderiales;f__Chromobacteriaceae;g__Chromobacterium;s__Chromobacteriumsp002213445	0.9996411643738784
868e0165fe32a8925b7f20afa5e1dbfc	Unassigned	0.47435052330195604
840029b7ea12f96df18525481afe7c87	ASV17d__Bacteria;p__Bacteroidota;c__Bacteroidia;o__Sphingobacteriales;f__Sphingobacteriaceae;g__Pedobacter;s__	0.967561747417244
d672dd3be52028058d07e300d8e71979	Unassigned	0.8413316737739677
d0f6c2ccca8b32897ef27aa6f764497c	Unassigned	0.7754575594843818
b74bb412a90b927e38ed38f0a67f8903	ASV34d__Bacteria;p__Bacteroidota;c__Bacteroidia;o__Flavobacteriales;f__Weeksellaceae;g__Elizabethkingia;s__Elizabethkingia_miricola	0.9999731838817024
f0a1591f21311f40cb3f823527cda6da	Unassigned	0.8541495865294486
890486945cea27791014595d29f9d99a	ASV31d__Bacteria;p__Proteobacteria;c__Gammaproteobacteria;o__Burkholderiales;f__Burkholderiaceae;g__Delftia;s__Delftia_acidovorans	0.9996842038264138
110a2d152a29587032b60ae85ff65aa2	ASV34d__Bacteria;p__Bacteroidota;c__Bacteroidia;o__Flavobacteriales;f__Weeksellaceae;g__Elizabethkingia;s__Elizabethkingia_miricola	0.9999999999817675
9bdf46258440215f1cca1c7ea4ad17ff	ASV34d__Bacteria;p__Bacteroidota;c__Bacteroidia;o__Flavobacteriales;f__Weeksellaceae;g__Elizabethkingia;s__Elizabethkingia_miricola	0.9999999999817248
1d36321ed373e8129ff32b373e84b705	ASV31d__Bacteria;p__Proteobacteria;c__Gammaproteobacteria;o__Burkholderiales;f__Burkholderiaceae;g__Delftia;s__Delftia_acidovorans	0.9997825238593926
d829bee4984f82ffc2453212157caf96	Unassigned	0.5369071930407747
9b1008dc1ba275a1e1e882f9dc85bd6e	ASV14d__Bacteria;p__Proteobacteria;c__Gammaproteobacteria;o__Pseudomonadales;f__Pseudomonadaceae;g__Pseudomonas_E;s__Pseudomonas_E fluorescens_AP	0.9999999997885851
17c13e3c7ec5a5f43c9c4d882dad5378	Unassigned	0.8703536815279738
9052d5c2c4901b9536a5a75b349051fb	X120_Alphaproteobacteria;Sphingomonadales;Sphingomonadaceae;Sphingomonas	0.99999987221704
c5e4f7b5b2352ec7ecec5a4dff1049ec	Unassigned	0.4870900429390761
aed8ac9afd873d88d00e3bda5fa17aa8	ASV14d__Bacteria;p__Proteobacteria;c__Gammaproteobacteria;o__Pseudomonadales;f__Pseudomonadaceae;g__Pseudomonas_E;s__Pseudomonas_E fluorescens_AP	0.9999999994052331
cc4109c77321cb57c89f13e49da42514	ASV31d__Bacteria;p__Proteobacteria;c__Gammaproteobacteria;o__Burkholderiales;f__Burkholderiaceae;g__Delftia;s__Delftia_acidovorans	0.9996204401125577
4732e44ec6cf0e8f62b369790b78f759	ASV5d__Bacteria;p__Proteobacteria;c__Gammaproteobacteria;o__Burkholderiales;f__Chromobacteriaceae;g__Chromobacterium;s__Chromobacteriumsp002213445	0.9997731383702702
45545223beae0766364b416e95a382c7	ASV34d__Bacteria;p__Bacteroidota;c__Bacteroidia;o__Flavobacteriales;f__Weeksellaceae;g__Elizabethkingia;s__Elizabethkingia_miricola	0.9999999999733262
c248a1a48a163765d4e3a4522fb511df	ASV34d__Bacteria;p__Bacteroidota;c__Bacteroidia;o__Flavobacteriales;f__Weeksellaceae;g__Elizabethkingia;s__Elizabethkingia_miricola	0.9999999999917151
1fdb224255ca4d80dfbf2e5f752c952b	X391_Actinobacteria;Actinomycetales;Microbacteriaceae;Leifsonia	0.9999999999998579
e5a78795694eceddf964e18c3c7b17a5	X120_Alphaproteobacteria;Sphingomonadales;Sphingomonadaceae;Sphingomonas	0.9999999079700543
d85b7ee1c9b43d6b76f866a416e792ca	ASV14d__Bacteria;p__Proteobacteria;c__Gammaproteobacteria;o__Pseudomonadales;f__Pseudomonadaceae;g__Pseudomonas_E;s__Pseudomonas_E fluorescens_AP	0.9999999996068425
2b43619f04b739498704a3cc3f681fe4	X391_Actinobacteria;Actinomycetales;Microbacteriaceae;Leifsonia	0.9999999999998579
d42b7982453a0473a11c9c101a4ca2b5	Unassigned	0.8092369063838871
fbcded6903b492ec6cd3ea6303d3c8bd	Unassigned	0.7357579712194788
78d802c18164de042f50ba30396d933d	ASV2d__Bacteria;p__Bacteroidota;c__Bacteroidia;o__Sphingobacteriales;f__Sphingobacteriaceae;g__Pedobacter;s__	0.9993281947034839
dbe1a61c9e55662197c156ebf18f1a32	Unassigned	0.7048378529139705
eb97dd8eb8e512120ef9303936a8f970	Unassigned	0.64047418017025
de75f2c37ccbe8b315ab560ae83f9aa9	ASV34d__Bacteria;p__Bacteroidota;c__Bacteroidia;o__Flavobacteriales;f__Weeksellaceae;g__Elizabethkingia;s__Elizabethkingia_miricola	0.999999999992454
899cd6ea3c1bc828952097f70f752cad	Unassigned	0.8499541728938929
b2be8a6ee688b2502fea504c95553d9a	X391_Actinobacteria;Actinomycetales;Microbacteriaceae;Leifsonia	0.999999999999801
5f3044182f90b3553f472d454c5266f6	ASV5d__Bacteria;p__Proteobacteria;c__Gammaproteobacteria;o__Burkholderiales;f__Chromobacteriaceae;g__Chromobacterium;s__Chromobacteriumsp002213445	0.9998008798026093
702723ad48b0becff2782e799cb9485a	Unassigned	0.8889924456979083
6cf9bfee01fbd6732139b60e0382cd90	ASV34d__Bacteria;p__Bacteroidota;c__Bacteroidia;o__Flavobacteriales;f__Weeksellaceae;g__Elizabethkingia;s__Elizabethkingia_miricola	0.9999999997777564
dadadd5359fcad11c810e9485c78d455	ASV2d__Bacteria;p__Bacteroidota;c__Bacteroidia;o__Sphingobacteriales;f__Sphingobacteriaceae;g__Pedobacter;s__	0.9996876351873105
41e93950cf51ffcbec49b49c452bae3d	ASV30d__Bacteria;p__Proteobacteria;c__Gammaproteobacteria;o__Enterobacterales;f__Enterobacteriaceae;g__Serratia_A;s__Serratia_Afonticola	0.9992088735467995
65d43491988bfe557da4d86a5ba25dae	Unassigned	0.3595018514497845
c5ea8998400dc95145e8e5cf6459ccb9	Unassigned	0.7060151620850291
2c01c1e18b001ac7d347e5e8ffc7392d	ASV29d__Bacteria;p__Proteobacteria;c__Gammaproteobacteria;o__Enterobacterales;f__Enterobacteriaceae;g__Citrobacter;s__Citrobacter_braakii	0.9995241613120395
e4340ced55ad70097908d7042305b30b	ASV27d__Bacteria;p__Proteobacteria;c__Gammaproteobacteria;o__Burkholderiales;f__Burkholderiaceae;g__Xylophilus;s__	0.997403400417313
922d33a2963d3e87a3d4df6b82371235	Unassigned	0.3424489649095417
4333eb4c3d7331b43357699c8dc5c425	Unassigned	0.8419527645069256
69617cf843982cdeecd2e44720dd00d0	ASV17d__Bacteria;p__Bacteroidota;c__Bacteroidia;o__Sphingobacteriales;f__Sphingobacteriaceae;g__Pedobacter;s__	0.971340359929122
e1cf649088e356eec2d44a4f8d05fe80	ASV19d__Bacteria;p__Bacteroidota;c__Bacteroidia;o__Sphingobacteriales;f__Sphingobacteriaceae;g__Pedobacter;s__	0.9997721413796276
8c0f63784ec41365a2490c4cd51183b3	Unassigned	0.8290949297712972
4882e5695b4a2c6afd537152eef77a4a	ASV34d__Bacteria;p__Bacteroidota;c__Bacteroidia;o__Flavobacteriales;f__Weeksellaceae;g__Elizabethkingia;s__Elizabethkingia_miricola	0.999999999989484
1faa64e3dd46b213c82229d7450c8848	Unassigned	0.8411504417965345
e053244f8b5b7013a4d9ab0550089fc4	ASV29d__Bacteria;p__Proteobacteria;c__Gammaproteobacteria;o__Enterobacterales;f__Enterobacteriaceae;g__Citrobacter;s__Citrobacter_braakii	0.9998463966291942
570fbacd94cc65ac8d7907ba83201029	X391_Actinobacteria;Actinomycetales;Microbacteriaceae;Leifsonia	0.999999999999929
0e6a309729bcf4f8ffb40168cdc557cb	Unassigned	0.5617379309478385
a35cab3a27b2c5c8c0078734d5abaff4	X391_Actinobacteria;Actinomycetales;Microbacteriaceae;Leifsonia	0.9999999999998863
8dde1c25ac710477628c36e00b66d6a5	ASV8d__Bacteria;p__Proteobacteria;c__Alphaproteobacteria;o__Rhizobiales;f__Rhizobiaceae;g__Rhizobium;s__	0.999999988456736
4c34aa083ceae1269aa3870cc4af0896	Unassigned	0.7042314795492931
4b4355e9fe5b1c71867eae8081cdf6ff	ASV32d__Bacteria;p__Proteobacteria;c__Gammaproteobacteria;o__Burkholderiales;f__Burkholderiaceae;g__Achromobacter;s__	0.9999997338429479
b967359dff51b72aef7ff75afe69792b	ASV17d__Bacteria;p__Bacteroidota;c__Bacteroidia;o__Sphingobacteriales;f__Sphingobacteriaceae;g__Pedobacter;s__	0.9699727234397199
63687d49677e61925b6499caa7ac983c	X391_Actinobacteria;Actinomycetales;Microbacteriaceae;Leifsonia	0.999999999999801
174c6635cb70f3299dbc35841b779dfd	ASV14d__Bacteria;p__Proteobacteria;c__Gammaproteobacteria;o__Pseudomonadales;f__Pseudomonadaceae;g__Pseudomonas_E;s__Pseudomonas_E fluorescens_AP	0.9999842954270085
ec647aa2585807b5e5d97be4ac00ba77	Unassigned	0.5595597603682771
3cc9f5aff91c33071421b23f7ccb3d60	ASV10d__Bacteria;p__Proteobacteria;c__Gammaproteobacteria;o__Burkholderiales;f__Burkholderiaceae;g__Comamonas_B;s__	0.9917397383715185
7334c062812ca938076be039d2a1d23b	X120_Alphaproteobacteria;Sphingomonadales;Sphingomonadaceae;Sphingomonas	0.9999998151094645
a89cb2a9a737b1b96440d5f95b109c5c	ASV19d__Bacteria;p__Bacteroidota;c__Bacteroidia;o__Sphingobacteriales;f__Sphingobacteriaceae;g__Pedobacter;s__	0.9989407415937002
c50dde5eb4cb7be8a7d29602f49f3e8c	ASV17d__Bacteria;p__Bacteroidota;c__Bacteroidia;o__Sphingobacteriales;f__Sphingobacteriaceae;g__Pedobacter;s__	0.9612557258118688
04b4c261c1d2839b8b7f5bf754417841	Unassigned	0.7749824978887065
5f92e7d3355128147c0840d8e4035636	Unassigned	0.8861245184313289
4ed47604827a475e1cf98ee2ab7c6801	ASV5d__Bacteria;p__Proteobacteria;c__Gammaproteobacteria;o__Burkholderiales;f__Chromobacteriaceae;g__Chromobacterium;s__Chromobacteriumsp002213445	0.9993320082516902
9717ce5b30033fa3c70929a524008cc7	ASV14d__Bacteria;p__Proteobacteria;c__Gammaproteobacteria;o__Pseudomonadales;f__Pseudomonadaceae;g__Pseudomonas_E;s__Pseudomonas_E fluorescens_AP	0.9999999999272688
f9da8586c6a9b323b3475e51df3fc5e2	ASV5d__Bacteria;p__Proteobacteria;c__Gammaproteobacteria;o__Burkholderiales;f__Chromobacteriaceae;g__Chromobacterium;s__Chromobacteriumsp002213445	0.9997679328507482
f50efa2420b925351aa2994572af7d54	ASV34d__Bacteria;p__Bacteroidota;c__Bacteroidia;o__Flavobacteriales;f__Weeksellaceae;g__Elizabethkingia;s__Elizabethkingia_miricola	0.9999999999923403
73e61cc1071f9cf09d6b341f13edf7a0	ASV14d__Bacteria;p__Proteobacteria;c__Gammaproteobacteria;o__Pseudomonadales;f__Pseudomonadaceae;g__Pseudomonas_E;s__Pseudomonas_E fluorescens_AP	0.9999999512604928
fc3d8b8b9426eb011320673bbeca2e1a	ASV14d__Bacteria;p__Proteobacteria;c__Gammaproteobacteria;o__Pseudomonadales;f__Pseudomonadaceae;g__Pseudomonas_E;s__Pseudomonas_E fluorescens_AP	0.9999999997981348
bbc6db343e4e81d58f130ab614aa7042	ASV9d__Bacteria;p__Proteobacteria;c__Alphaproteobacteria;o__Caulobacterales;f__Caulobacteraceae;g__Brevundimonas;s__	0.9999999893753541
88f86681b2cd2f38639ec0ea743e10c2	Unassigned	0.8908844520213743
749adad8e6320847f8269429c004d50c	Unassigned	0.7095414409294349
68579c9dbb97277bd8072ec02eefe0dd	ASV5d__Bacteria;p__Proteobacteria;c__Gammaproteobacteria;o__Burkholderiales;f__Chromobacteriaceae;g__Chromobacterium;s__Chromobacteriumsp002213445	0.9997673266045788
2694a6541d3abe68dec254dbd89ca270	ASV34d__Bacteria;p__Bacteroidota;c__Bacteroidia;o__Flavobacteriales;f__Weeksellaceae;g__Elizabethkingia;s__Elizabethkingia_miricola	0.9999999999824922
9e473b4a84df39b9e445b1dc249bcf1a	X391_Actinobacteria;Actinomycetales;Microbacteriaceae;Leifsonia	0.9999999999998721
32352b0a5f5abd30aece6e3da29de42f	Unassigned	0.8633137677051484
fe082fa9d13df7a42e20297c57f656fc	ASV34d__Bacteria;p__Bacteroidota;c__Bacteroidia;o__Flavobacteriales;f__Weeksellaceae;g__Elizabethkingia;s__Elizabethkingia_miricola	0.9999999999819806
4072bb8c279cb720787a7e6bf6d6995d	ASV31d__Bacteria;p__Proteobacteria;c__Gammaproteobacteria;o__Burkholderiales;f__Burkholderiaceae;g__Delftia;s__Delftia_acidovorans	0.9958967647491849
43ae320f0e1f078be8bace03570b2f61	X391_Actinobacteria;Actinomycetales;Microbacteriaceae;Leifsonia	0.9999999999998579
cd9ad3e5035866d9658128dd4c9228eb	Unassigned	0.7113705004952195
b3b234e18b90eec2b44639c1daced914	ASV27d__Bacteria;p__Proteobacteria;c__Gammaproteobacteria;o__Burkholderiales;f__Burkholderiaceae;g__Xylophilus;s__	0.9957166756386153
2a97c85890f1b03f442bc2c4dab78eb0	X391_Actinobacteria;Actinomycetales;Microbacteriaceae;Leifsonia	0.9999999999998437
ec80193fca463f91bbf4fcff8711781c	Unassigned	0.6974281748757101
b585c87dcb3c7a3fef11d7c696c1d3b1	X391_Actinobacteria;Actinomycetales;Microbacteriaceae;Leifsonia	0.9999999999987068
e6befa9df09456c82ecbf56f4092aafe	ASV10d__Bacteria;p__Proteobacteria;c__Gammaproteobacteria;o__Burkholderiales;f__Burkholderiaceae;g__Comamonas_B;s__	0.9979809093871818
b9ff12d97e7edd825de4d7fe03224338	Unassigned	0.7013312917654633
eb8b8b138655572bc948364bf937b6a7	Unassigned	0.5406186515612454
fde60e9ff1309db0547763f2090d949d	X391_Actinobacteria;Actinomycetales;Microbacteriaceae;Leifsonia	0.9999999999997868
6f3f68e5c8e2a11b388ddbbea9fa182d	ASV14d__Bacteria;p__Proteobacteria;c__Gammaproteobacteria;o__Pseudomonadales;f__Pseudomonadaceae;g__Pseudomonas_E;s__Pseudomonas_E fluorescens_AP	0.9999999788053204
cfcef51fd90b9a2335a348a6d9553e45	Unassigned	0.8181592474870003
da62873806a4355800d7bbd6b45cde9f	ASV16d__Bacteria;p__Proteobacteria;c__Gammaproteobacteria;o__Burkholderiales;f__Chromobacteriaceae;g__Aquitalea;s__	0.9862913912572118
e43c2583432b6feca69546e413679072	ASV32d__Bacteria;p__Proteobacteria;c__Gammaproteobacteria;o__Burkholderiales;f__Burkholderiaceae;g__Achromobacter;s__	0.9999997760796016
f86b1027ac846004cc0581351404513c	ASV29d__Bacteria;p__Proteobacteria;c__Gammaproteobacteria;o__Enterobacterales;f__Enterobacteriaceae;g__Citrobacter;s__Citrobacter_braakii	0.9997285381742569
49248a867e8688f0cb8c2a55ec47f64a	ASV34d__Bacteria;p__Bacteroidota;c__Bacteroidia;o__Flavobacteriales;f__Weeksellaceae;g__Elizabethkingia;s__Elizabethkingia_miricola	0.9999999999735962
c341c7001f8efbf8d48feba85f86b368	ASV29d__Bacteria;p__Proteobacteria;c__Gammaproteobacteria;o__Enterobacterales;f__Enterobacteriaceae;g__Citrobacter;s__Citrobacter_braakii	0.9998796912938552
e830d6bb8f8e3cae518bbf5d03b8d603	Unassigned	0.6955302028790321
2df2dca6710e1c59ff2a501bdc877b62	ASV32d__Bacteria;p__Proteobacteria;c__Gammaproteobacteria;o__Burkholderiales;f__Burkholderiaceae;g__Achromobacter;s__	0.9999996373250841
c697db32f9b1c221950e05630dc81a25	Unassigned	0.548519860002126
67da37a27427f41e9a28d4bcd418445b	ASV10d__Bacteria;p__Proteobacteria;c__Gammaproteobacteria;o__Burkholderiales;f__Burkholderiaceae;g__Comamonas_B;s__	0.708148449213765
7815666402b337a49d0dd0157f2d017c	ASV31d__Bacteria;p__Proteobacteria;c__Gammaproteobacteria;o__Burkholderiales;f__Burkholderiaceae;g__Delftia;s__Delftia_acidovorans	0.9998272916530253
2f84a2b6c47cd3a0d501b3e193911923	ASV34d__Bacteria;p__Bacteroidota;c__Bacteroidia;o__Flavobacteriales;f__Weeksellaceae;g__Elizabethkingia;s__Elizabethkingia_miricola	0.9999999984659098
7ba7ff6b5cd24756cba6827c0d551d82	Unassigned	0.8608798303951181
8400dd8baa70ab70f07c34b0d0024559	Unassigned	0.4530580225520323
87535691a87301f3b3f597488ff16630	Unassigned	0.6248101673037525
509427504e2d69adabcda1c5f1071c56	X391_Actinobacteria;Actinomycetales;Microbacteriaceae;Leifsonia	0.9999999999998153
389ce90bbc71d31cff4b85532bca2edc	ASV19d__Bacteria;p__Bacteroidota;c__Bacteroidia;o__Sphingobacteriales;f__Sphingobacteriaceae;g__Pedobacter;s__	0.9994265971835516
1e8fed8ce250081c92774980841b4784	ASV29d__Bacteria;p__Proteobacteria;c__Gammaproteobacteria;o__Enterobacterales;f__Enterobacteriaceae;g__Citrobacter;s__Citrobacter_braakii	0.9997792613602188
60b8ddd357c4aaba6fe2870b6a92fccb	Unassigned	0.5313345927413103
b200870532ddc44421fbc67f9b0f97ad	ASV30d__Bacteria;p__Proteobacteria;c__Gammaproteobacteria;o__Enterobacterales;f__Enterobacteriaceae;g__Serratia_A;s__Serratia_Afonticola	0.9989078965287523
be0f3de53c341c8d9936d7c425110a84	ASV9d__Bacteria;p__Proteobacteria;c__Alphaproteobacteria;o__Caulobacterales;f__Caulobacteraceae;g__Brevundimonas;s__	0.999999993329979
c73664da38f91b17c09b10ba263986df	Unassigned	0.61891858222622
c83f8357b04b259421eaecffa0bce1f8	ASV34d__Bacteria;p__Bacteroidota;c__Bacteroidia;o__Flavobacteriales;f__Weeksellaceae;g__Elizabethkingia;s__Elizabethkingia_miricola	0.9999999999927525
8ad09e0b5e3375f25d0c4a8b89b45e74	ASV17d__Bacteria;p__Bacteroidota;c__Bacteroidia;o__Sphingobacteriales;f__Sphingobacteriaceae;g__Pedobacter;s__	0.9705053172738155
db56c994ec0384b8694938630e8c2d99	X391_Actinobacteria;Actinomycetales;Microbacteriaceae;Leifsonia	0.9999999982340171
03154888bbb6133227bc5c8cc8b19916	ASV2d__Bacteria;p__Bacteroidota;c__Bacteroidia;o__Sphingobacteriales;f__Sphingobacteriaceae;g__Pedobacter;s__	0.9997573412853379
5167eaf2133e4e4a1468e2dd02424588	Unassigned	0.8037272560216114
2cdb685aa618466715d483b34286c0f8	ASV29d__Bacteria;p__Proteobacteria;c__Gammaproteobacteria;o__Enterobacterales;f__Enterobacteriaceae;g__Citrobacter;s__Citrobacter_braakii	0.999478621968895
30cd23b6e44c78eb004416239b8f5db6	ASV30d__Bacteria;p__Proteobacteria;c__Gammaproteobacteria;o__Enterobacterales;f__Enterobacteriaceae;g__Serratia_A;s__Serratia_Afonticola	0.9892725009580388
bcb3ae7075f3aa3a4c9d4c7b3e2aa685	ASV17d__Bacteria;p__Bacteroidota;c__Bacteroidia;o__Sphingobacteriales;f__Sphingobacteriaceae;g__Pedobacter;s__	0.9734634366946261
bc09b5faa8b1c9469f287f3bb2af1d37	ASV34d__Bacteria;p__Bacteroidota;c__Bacteroidia;o__Flavobacteriales;f__Weeksellaceae;g__Elizabethkingia;s__Elizabethkingia_miricola	0.9999999999904219
8373d3d142d2780be6c250de9920500d	Unassigned	0.5154037186045977
d762b4f3beb9abbeb8aa370a577294ce	ASV14d__Bacteria;p__Proteobacteria;c__Gammaproteobacteria;o__Pseudomonadales;f__Pseudomonadaceae;g__Pseudomonas_E;s__Pseudomonas_E fluorescens_AP	0.9999999999573532
b6170f7f0da88b46833a34c33b4d9786	ASV27d__Bacteria;p__Proteobacteria;c__Gammaproteobacteria;o__Burkholderiales;f__Burkholderiaceae;g__Xylophilus;s__	0.997087975564332
614350d19f1251c261d884fd537d86f1	X391_Actinobacteria;Actinomycetales;Microbacteriaceae;Leifsonia	0.9999999999998579
df7dc1eb907896467f4658fc54f3a6e9	ASV31d__Bacteria;p__Proteobacteria;c__Gammaproteobacteria;o__Burkholderiales;f__Burkholderiaceae;g__Delftia;s__Delftia_acidovorans	0.9992374581581815
2c2dc8efa423a4eec495e3b4cc74fad7	ASV29d__Bacteria;p__Proteobacteria;c__Gammaproteobacteria;o__Enterobacterales;f__Enterobacteriaceae;g__Citrobacter;s__Citrobacter_braakii	0.9998533644907236
88995417c2d713b8bea86d097d8f7d1f	Unassigned	0.5933956905231685
b50f98fc2deb1dd5d185619970be9d37	ASV34d__Bacteria;p__Bacteroidota;c__Bacteroidia;o__Flavobacteriales;f__Weeksellaceae;g__Elizabethkingia;s__Elizabethkingia_miricola	0.9999999999705977
1ecac09af7c7c637f34051585f95584f	Unassigned	0.5278917917505992
581a2c04775d9f0042fa2dff4e497c56	ASV31d__Bacteria;p__Proteobacteria;c__Gammaproteobacteria;o__Burkholderiales;f__Burkholderiaceae;g__Delftia;s__Delftia_acidovorans	0.9997823258135653
efdacfcf61d2f95dd309a12c5746dc8f	ASV17d__Bacteria;p__Bacteroidota;c__Bacteroidia;o__Sphingobacteriales;f__Sphingobacteriaceae;g__Pedobacter;s__	0.9729910303376479
5953d788d897fbf9cbcafa9fde7d96d9	ASV31d__Bacteria;p__Proteobacteria;c__Gammaproteobacteria;o__Burkholderiales;f__Burkholderiaceae;g__Delftia;s__Delftia_acidovorans	0.7039573027858083
3ce71c9f125be0550f3e07e854ad1327	ASV17d__Bacteria;p__Bacteroidota;c__Bacteroidia;o__Sphingobacteriales;f__Sphingobacteriaceae;g__Pedobacter;s__	0.9692043965176937
e7207a4a0484acf2bcd39800d46f0cce	ASV19d__Bacteria;p__Bacteroidota;c__Bacteroidia;o__Sphingobacteriales;f__Sphingobacteriaceae;g__Pedobacter;s__	0.9996915290148062
ed7eb8a0ebb7f329411c9aab18c3c12f	ASV14d__Bacteria;p__Proteobacteria;c__Gammaproteobacteria;o__Pseudomonadales;f__Pseudomonadaceae;g__Pseudomonas_E;s__Pseudomonas_E fluorescens_AP	0.9999999999614175
fddadfa1ae7787af215faf048468ce86	ASV34d__Bacteria;p__Bacteroidota;c__Bacteroidia;o__Flavobacteriales;f__Weeksellaceae;g__Elizabethkingia;s__Elizabethkingia_miricola	0.9999999999860165
7fc2e0fedfcfe16b731f57373edf9ca7	Unassigned	0.5308999625702614
8dc59d9ab37bbfd5fcd0aaef7ae5e9e0	Unassigned	0.8551004947708007
cc513f3570ac4a29a8db2777d611434a	ASV30d__Bacteria;p__Proteobacteria;c__Gammaproteobacteria;o__Enterobacterales;f__Enterobacteriaceae;g__Serratia_A;s__Serratia_Afonticola	0.9988073711669966
5bd1e28004b56a752e85fe2c7646a86b	ASV19d__Bacteria;p__Bacteroidota;c__Bacteroidia;o__Sphingobacteriales;f__Sphingobacteriaceae;g__Pedobacter;s__	0.9996521798340549
bdf118c918ebc1e9fd66f28327ca68d0	Unassigned	0.6401053832299646
27b31fe894a2520d0a00d30bf942a37d	ASV5d__Bacteria;p__Proteobacteria;c__Gammaproteobacteria;o__Burkholderiales;f__Chromobacteriaceae;g__Chromobacterium;s__Chromobacteriumsp002213445	0.9996411296276952
256a3f4956def03262bf1985ce97e19f	ASV29d__Bacteria;p__Proteobacteria;c__Gammaproteobacteria;o__Enterobacterales;f__Enterobacteriaceae;g__Citrobacter;s__Citrobacter_braakii	0.9997792622149408
546c763e7a501653193e457111c05485	ASV5d__Bacteria;p__Proteobacteria;c__Gammaproteobacteria;o__Burkholderiales;f__Chromobacteriaceae;g__Chromobacterium;s__Chromobacteriumsp002213445	0.9975868230255114
c99b355be14d1a70270d6661885b2608	ASV32d__Bacteria;p__Proteobacteria;c__Gammaproteobacteria;o__Burkholderiales;f__Burkholderiaceae;g__Achromobacter;s__	0.9999997030668638
ccaabeb3b6e1b9aa145cc4d3c5f429ca	ASV34d__Bacteria;p__Bacteroidota;c__Bacteroidia;o__Flavobacteriales;f__Weeksellaceae;g__Elizabethkingia;s__Elizabethkingia_miricola	0.9999999999888161
6b7cd3b3f0bbd8c7ecd631ffd5a99448	ASV29d__Bacteria;p__Proteobacteria;c__Gammaproteobacteria;o__Enterobacterales;f__Enterobacteriaceae;g__Citrobacter;s__Citrobacter_braakii	0.9998515492368496
b1045b42c1274c788f15892da947f149	ASV32d__Bacteria;p__Proteobacteria;c__Gammaproteobacteria;o__Burkholderiales;f__Burkholderiaceae;g__Achromobacter;s__	0.9999990748116988
4f3bc821913e47dc04073588deccd2ec	Unassigned	0.7777987046241921
06f5052c0ac79e86402e490eef7851c3	Unassigned	0.7359490224724252
73f11027a4319657181e6ac0a1a4a25a	Unassigned	0.5501388940823384
230c5b072d769ababebfcad364a6365e	Unassigned	0.607154918806293
5b6b5e1a49a3bdf383dba2a4601fe8da	ASV5d__Bacteria;p__Proteobacteria;c__Gammaproteobacteria;o__Burkholderiales;f__Chromobacteriaceae;g__Chromobacterium;s__Chromobacteriumsp002213445	0.9997997973236322
ce4578078331bde2e24dcf2b54886050	ASV34d__Bacteria;p__Bacteroidota;c__Bacteroidia;o__Flavobacteriales;f__Weeksellaceae;g__Elizabethkingia;s__Elizabethkingia_miricola	0.999999999983487
7f004c3396bdb5d641afb4b65771d661	ASV34d__Bacteria;p__Bacteroidota;c__Bacteroidia;o__Flavobacteriales;f__Weeksellaceae;g__Elizabethkingia;s__Elizabethkingia_miricola	0.9999999999880629
18bde31f3b4aefe866f2f1517bf92ed8	ASV30d__Bacteria;p__Proteobacteria;c__Gammaproteobacteria;o__Enterobacterales;f__Enterobacteriaceae;g__Serratia_A;s__Serratia_Afonticola	0.9988388272498321
9612506e5930d1d6c1b8b0cb525af393	ASV17d__Bacteria;p__Bacteroidota;c__Bacteroidia;o__Sphingobacteriales;f__Sphingobacteriaceae;g__Pedobacter;s__	0.9665645285730571
43d0cbd8d7e393bfc3868c0875df335a	ASV19d__Bacteria;p__Bacteroidota;c__Bacteroidia;o__Sphingobacteriales;f__Sphingobacteriaceae;g__Pedobacter;s__	0.9996809570832745
2959b58c721567401bfdc1859d3b0f93	Unassigned	0.888870902639387
2030ce6fda43271ef6d47135b45a1b4f	Unassigned	0.7994317703372422
c57c303b04f596f909b7896662c87772	ASV14d__Bacteria;p__Proteobacteria;c__Gammaproteobacteria;o__Pseudomonadales;f__Pseudomonadaceae;g__Pseudomonas_E;s__Pseudomonas_E fluorescens_AP	0.999999986690611
3549fe52492492a3cabc31e36780f3f3	Unassigned	0.7800864773886542
0ad8a7a3e4eabf92f590f2623392a220	ASV29d__Bacteria;p__Proteobacteria;c__Gammaproteobacteria;o__Enterobacterales;f__Enterobacteriaceae;g__Citrobacter;s__Citrobacter_braakii	0.9998515449427963
07c465721b1a9ac6215eea4ec2ac0cf1	ASV2d__Bacteria;p__Bacteroidota;c__Bacteroidia;o__Sphingobacteriales;f__Sphingobacteriaceae;g__Pedobacter;s__	0.9998175981640933
db03e9f27eb0e37268f539a0a91745d9	ASV32d__Bacteria;p__Proteobacteria;c__Gammaproteobacteria;o__Burkholderiales;f__Burkholderiaceae;g__Achromobacter;s__	0.9999997552236566
ba57c7c30634b0f62f673c38630dfdd6	Unassigned	0.7867451445974342
256c1146473e5f9115072467eb3be862	Unassigned	0.8186291301337938
c2ed9105c53d2ab10611e87028d66657	ASV16d__Bacteria;p__Proteobacteria;c__Gammaproteobacteria;o__Burkholderiales;f__Chromobacteriaceae;g__Aquitalea;s__	0.9937153799620762
b42cd269d5481723127d0ca444e5e016	ASV32d__Bacteria;p__Proteobacteria;c__Gammaproteobacteria;o__Burkholderiales;f__Burkholderiaceae;g__Achromobacter;s__	0.9999991176727916
be5d56908d90c1c05d3d225cc73e54c5	ASV27d__Bacteria;p__Proteobacteria;c__Gammaproteobacteria;o__Burkholderiales;f__Burkholderiaceae;g__Xylophilus;s__	0.995156095061034
b39d92fa2b23724581df03eab317870e	Unassigned	0.655230879502295
eb81f09758e809d308bf7340054d5de1	X391_Actinobacteria;Actinomycetales;Microbacteriaceae;Leifsonia	0.9999999999998437
7a63dc73c57b10822a4b29c6a0d77fd8	Unassigned	0.7309405788351213
af9381d0931c75c033cd394975735d58	ASV31d__Bacteria;p__Proteobacteria;c__Gammaproteobacteria;o__Burkholderiales;f__Burkholderiaceae;g__Delftia;s__Delftia_acidovorans	0.9997797948916073
e2844d78abb45f2da91d38bffd4bdc50	ASV5d__Bacteria;p__Proteobacteria;c__Gammaproteobacteria;o__Burkholderiales;f__Chromobacteriaceae;g__Chromobacterium;s__Chromobacteriumsp002213445	0.9959573121667672
5d76151392564f03d1de7b452f03bda2	ASV17d__Bacteria;p__Bacteroidota;c__Bacteroidia;o__Sphingobacteriales;f__Sphingobacteriaceae;g__Pedobacter;s__	0.9583944311276523
1d8a136d1b69d281fb18c217e5b6d49d	ASV9d__Bacteria;p__Proteobacteria;c__Alphaproteobacteria;o__Caulobacterales;f__Caulobacteraceae;g__Brevundimonas;s__	0.9999999934862984
e7771645cff97ebf784c3cad9338e3bc	ASV9d__Bacteria;p__Proteobacteria;c__Alphaproteobacteria;o__Caulobacterales;f__Caulobacteraceae;g__Brevundimonas;s__	0.9999999882457759
3cfbb1a123a903dc397102a107375f15	ASV9d__Bacteria;p__Proteobacteria;c__Alphaproteobacteria;o__Caulobacterales;f__Caulobacteraceae;g__Brevundimonas;s__	0.9999999948195466
da5b91202599f57075deb1ce4e56ddb7	Unassigned	0.8542858397840917
28caeefdc3ab4d7f1b7bdc15a8412d8f	Unassigned	0.6758057131637587
5acef4176817716cee5020ec9c30f24c	Unassigned	0.7840385200358753
42c4c3938958f3c703e5d1038e6976a1	Unassigned	0.8596290105979538
a1cd8dd8ad3e4d4ed978f0add9a26646	Unassigned	0.4190166065511446
1c6e70d6521af5a7f3b07487d29c0762	ASV34d__Bacteria;p__Bacteroidota;c__Bacteroidia;o__Flavobacteriales;f__Weeksellaceae;g__Elizabethkingia;s__Elizabethkingia_miricola	0.9999999999694325
7a082468c9be46460947caeb06e215dc	ASV29d__Bacteria;p__Proteobacteria;c__Gammaproteobacteria;o__Enterobacterales;f__Enterobacteriaceae;g__Citrobacter;s__Citrobacter_braakii	0.9998503989314524
ccdde871c33900df45c271a801faf16b	ASV5d__Bacteria;p__Proteobacteria;c__Gammaproteobacteria;o__Burkholderiales;f__Chromobacteriaceae;g__Chromobacterium;s__Chromobacteriumsp002213445	0.9998057055288162
2310f828069fc981fba43b5102a900cb	Unassigned	0.7183407631567562
231195cabd1486884a2df3ba812ba468	Unassigned	0.7521427764585987
d346f62421341e4b1761f310418101aa	ASV28d__Bacteria;p__Bacteroidota;c__Bacteroidia;o__Sphingobacteriales;f__Sphingobacteriaceae;g__Pedobacter;s__	0.9992594478842527
cb372ba258e52f5884125c654eb74d08	ASV34d__Bacteria;p__Bacteroidota;c__Bacteroidia;o__Flavobacteriales;f__Weeksellaceae;g__Elizabethkingia;s__Elizabethkingia_miricola	0.9999999999409681
f7e64679227a8cf50815b7a4d5259bf0	ASV29d__Bacteria;p__Proteobacteria;c__Gammaproteobacteria;o__Enterobacterales;f__Enterobacteriaceae;g__Citrobacter;s__Citrobacter_braakii	0.9994912839596224
b4145b2071c72e854373c0ad5b2e6e48	ASV27d__Bacteria;p__Proteobacteria;c__Gammaproteobacteria;o__Burkholderiales;f__Burkholderiaceae;g__Xylophilus;s__	0.9958561181655441
079535b80843ceadc5a52304082dc0f2	X391_Actinobacteria;Actinomycetales;Microbacteriaceae;Leifsonia	0.9999999999998579
f545365b9a4e1d61ba57e12df699c690	ASV2d__Bacteria;p__Bacteroidota;c__Bacteroidia;o__Sphingobacteriales;f__Sphingobacteriaceae;g__Pedobacter;s__	0.9996774995160755
b70615de2162f8024dc363f0426eb2c2	Unassigned	0.8368054260757255
c3a104226c22c1f7b30b12bc0c2ef6c3	ASV31d__Bacteria;p__Proteobacteria;c__Gammaproteobacteria;o__Burkholderiales;f__Burkholderiaceae;g__Delftia;s__Delftia_acidovorans	0.999779392239877
457ebcf22f795ae91136b7cfb889a0af	ASV9d__Bacteria;p__Proteobacteria;c__Alphaproteobacteria;o__Caulobacterales;f__Caulobacteraceae;g__Brevundimonas;s__	0.9999999881102611
f0f28982777546ba51b11124c768411e	X391_Actinobacteria;Actinomycetales;Microbacteriaceae;Leifsonia	0.9999999999998863
1e83cb20e8a35bcec915238e477d1446	ASV8d__Bacteria;p__Proteobacteria;c__Alphaproteobacteria;o__Rhizobiales;f__Rhizobiaceae;g__Rhizobium;s__	0.9902740981071393
3793c08b8104b3ab1fbea28502abb327	ASV34d__Bacteria;p__Bacteroidota;c__Bacteroidia;o__Flavobacteriales;f__Weeksellaceae;g__Elizabethkingia;s__Elizabethkingia_miricola	0.9999999999942446
fcd43ff114903770df74de79184bfb35	Unassigned	0.6110639148934033
62e5cd3bf5598030a509b5d1ebbc460f	Unassigned	0.7136978126455582
9310db5daf0731bbdef6fa1a2b09780c	ASV29d__Bacteria;p__Proteobacteria;c__Gammaproteobacteria;o__Enterobacterales;f__Enterobacteriaceae;g__Citrobacter;s__Citrobacter_braakii	0.9997528928438334
b1b7dc346fffe2013e2914ad4c1cbfcf	ASV27d__Bacteria;p__Proteobacteria;c__Gammaproteobacteria;o__Burkholderiales;f__Burkholderiaceae;g__Xylophilus;s__	0.9971273129660495
8babf07e6cdb0e74e7cb6ba63440073f	X120_Alphaproteobacteria;Sphingomonadales;Sphingomonadaceae;Sphingomonas	0.9999998083192493
b79422631bfa7bba6d2af307f7be4444	ASV16d__Bacteria;p__Proteobacteria;c__Gammaproteobacteria;o__Burkholderiales;f__Chromobacteriaceae;g__Aquitalea;s__	0.9918470662628999
ba233b1b291cebb4225a9b9fb6171763	ASV10d__Bacteria;p__Proteobacteria;c__Gammaproteobacteria;o__Burkholderiales;f__Burkholderiaceae;g__Comamonas_B;s__	0.996761460135056
5b5008f3d943b97bb5987fcdc72b1a25	Unassigned	0.7791422145193311
c7e9bcd729d8bfc35b3b907e9fb0deb8	ASV31d__Bacteria;p__Proteobacteria;c__Gammaproteobacteria;o__Burkholderiales;f__Burkholderiaceae;g__Delftia;s__Delftia_acidovorans	0.9996484226406553
1178b13901a84a8c5282f1868a5f3090	X391_Actinobacteria;Actinomycetales;Microbacteriaceae;Leifsonia	0.9999999999997726
d2ea2ed3c77a4acdd45431727374a784	X120_Alphaproteobacteria;Sphingomonadales;Sphingomonadaceae;Sphingomonas	0.9999998644691693
76086e61a677a996c76e4c0462f23c28	Unassigned	0.8900563023981006
e14441ca9ccae7c779dfc801f7fabceb	ASV17d__Bacteria;p__Bacteroidota;c__Bacteroidia;o__Sphingobacteriales;f__Sphingobacteriaceae;g__Pedobacter;s__	0.9680423374928957
7d33d04cf0ec14502d4db28bff152d08	ASV17d__Bacteria;p__Bacteroidota;c__Bacteroidia;o__Sphingobacteriales;f__Sphingobacteriaceae;g__Pedobacter;s__	0.9605033898424711
d114a7d61cf313388b04f91598e558e4	Unassigned	0.6451371203629439
dd3e89edcf8f50be83e7255d519c9e60	Unassigned	0.7111436296300245
6af5df949d6a2012cc1ee6072e10d672	Unassigned	0.6148023109534209
80bb2ac83d4448cccb804991c5697e49	Unassigned	0.8219840313090031
49c7efbac6c255f00d7b0bcfe40d8a99	ASV17d__Bacteria;p__Bacteroidota;c__Bacteroidia;o__Sphingobacteriales;f__Sphingobacteriaceae;g__Pedobacter;s__	0.9445231883694856
b3366988c3e2a7a016133d6939128d1a	Unassigned	0.6474468379337155
c2cdd7ce3d2a5952c6866037c6e935fa	ASV6d__Bacteria;p__Proteobacteria;c__Gammaproteobacteria;o__Burkholderiales;f__Burkholderiaceae;g__Ralstonia;s__	0.9919460494429068
55d4150f38ba18ef74d70742441315f5	Unassigned	0.7858919074351751
419fc2330493fd6c2817f2b4f8bf340e	X391_Actinobacteria;Actinomycetales;Microbacteriaceae;Leifsonia	0.9999999404689692
2b3d7f34186ee76bf0b2b3b203c2c627	ASV31d__Bacteria;p__Proteobacteria;c__Gammaproteobacteria;o__Burkholderiales;f__Burkholderiaceae;g__Delftia;s__Delftia_acidovorans	0.9997738250685372
96c6fe6563f81a40e2a6a662a3a5eb63	ASV32d__Bacteria;p__Proteobacteria;c__Gammaproteobacteria;o__Burkholderiales;f__Burkholderiaceae;g__Achromobacter;s__	0.9999991796538791
24da35a72dc9ab38f03b403f0f6e38c8	Unassigned	0.8070100389181498
2cc3b8ccc7778c078c6bb714af728015	ASV14d__Bacteria;p__Proteobacteria;c__Gammaproteobacteria;o__Pseudomonadales;f__Pseudomonadaceae;g__Pseudomonas_E;s__Pseudomonas_E fluorescens_AP	0.9999999996181401
a80c2648fdcb283352b0d43a76b43eda	X391_Actinobacteria;Actinomycetales;Microbacteriaceae;Leifsonia	0.9999999999998579
c4382840fb01cce4f4514550543c7dd5	ASV9d__Bacteria;p__Proteobacteria;c__Alphaproteobacteria;o__Caulobacterales;f__Caulobacteraceae;g__Brevundimonas;s__	0.999999986347632
df249195b0fdf827d81f188164ffa864	ASV29d__Bacteria;p__Proteobacteria;c__Gammaproteobacteria;o__Enterobacterales;f__Enterobacteriaceae;g__Citrobacter;s__Citrobacter_braakii	0.9997997420000879
925b22205b9c096ebc16e30122bbacd5	Unassigned	0.8675657636209954
f4cfdc16c070e22d83a56761fb9054f3	ASV17d__Bacteria;p__Bacteroidota;c__Bacteroidia;o__Sphingobacteriales;f__Sphingobacteriaceae;g__Pedobacter;s__	0.8624654655239812
a593cbbc139c9f4545443688a58728b4	Unassigned	0.7232724541203932
780d31bd867872ba5a9896be05574c6d	Unassigned	0.8949033377667037
1d18b2df020813e48f83b36a47186f3b	X120_Alphaproteobacteria;Sphingomonadales;Sphingomonadaceae;Sphingomonas	0.999999848586154
93fc5d22db316648af49cb20a4052d86	ASV7d__Bacteria;p__Proteobacteria;c__Gammaproteobacteria;o__Burkholderiales;f__Burkholderiaceae;g__Herbaspirillum;s__	0.9977334440709799
5d2ce6871e45fb06c688e0cc11150d09	ASV6d__Bacteria;p__Proteobacteria;c__Gammaproteobacteria;o__Burkholderiales;f__Burkholderiaceae;g__Ralstonia;s__	0.9981086254985193
53c131b7dbdf37462efd676d25eb2d74	ASV31d__Bacteria;p__Proteobacteria;c__Gammaproteobacteria;o__Burkholderiales;f__Burkholderiaceae;g__Delftia;s__Delftia_acidovorans	0.9998305061373832
79f36f216b528eb219a03ba7502f2ce9	ASV14d__Bacteria;p__Proteobacteria;c__Gammaproteobacteria;o__Pseudomonadales;f__Pseudomonadaceae;g__Pseudomonas_E;s__Pseudomonas_E fluorescens_AP	0.9999999999458566
6c700893805d8defe46ed49d021ea416	Unassigned	0.8258065628360938
c7edc3f1d3f2e998fba81e47e8bcea31	Unassigned	0.4718321675641891
0e52700e0b102026c701f95b7981e748	ASV34d__Bacteria;p__Bacteroidota;c__Bacteroidia;o__Flavobacteriales;f__Weeksellaceae;g__Elizabethkingia;s__Elizabethkingia_miricola	0.9999999999928804
9c7b632c6f1a3dfcb8e58dc4bbaa9c56	ASV27d__Bacteria;p__Proteobacteria;c__Gammaproteobacteria;o__Burkholderiales;f__Burkholderiaceae;g__Xylophilus;s__	0.9963767283991861
3d9057c18f8bc64920f51ba320b7ccb8	ASV14d__Bacteria;p__Proteobacteria;c__Gammaproteobacteria;o__Pseudomonadales;f__Pseudomonadaceae;g__Pseudomonas_E;s__Pseudomonas_E fluorescens_AP	0.9999999997846487
90b3d5d47a6e8964cb136a0a52033e0a	ASV34d__Bacteria;p__Bacteroidota;c__Bacteroidia;o__Flavobacteriales;f__Weeksellaceae;g__Elizabethkingia;s__Elizabethkingia_miricola	0.9999999999888587
905f1558a3aa4b5f80ff32d533a15e82	Unassigned	0.836279578912067
fe8793faecc308a86741c72e223b9709	ASV29d__Bacteria;p__Proteobacteria;c__Gammaproteobacteria;o__Enterobacterales;f__Enterobacteriaceae;g__Citrobacter;s__Citrobacter_braakii	0.9997182129573421
44ee77565c4279e512497b4abbe45eb7	ASV17d__Bacteria;p__Bacteroidota;c__Bacteroidia;o__Sphingobacteriales;f__Sphingobacteriaceae;g__Pedobacter;s__	0.9828171641190119
c27bbf9e69325b737ef6d9979db7128e	ASV2d__Bacteria;p__Bacteroidota;c__Bacteroidia;o__Sphingobacteriales;f__Sphingobacteriaceae;g__Pedobacter;s__	0.9996161877613332
b449a90fe65b7f383d4a94ca7f86b7e8	ASV17d__Bacteria;p__Bacteroidota;c__Bacteroidia;o__Sphingobacteriales;f__Sphingobacteriaceae;g__Pedobacter;s__	0.9675423797379544
d7c488cde11e28566f311b42d5fc6845	ASV32d__Bacteria;p__Proteobacteria;c__Gammaproteobacteria;o__Burkholderiales;f__Burkholderiaceae;g__Achromobacter;s__	0.9999991464400698
2493ad025466a3290ae75baf9bfd8d9f	ASV27d__Bacteria;p__Proteobacteria;c__Gammaproteobacteria;o__Burkholderiales;f__Burkholderiaceae;g__Xylophilus;s__	0.9918700228372992
ac60790e44c33e5890a52b7c494ad5e5	ASV16d__Bacteria;p__Proteobacteria;c__Gammaproteobacteria;o__Burkholderiales;f__Chromobacteriaceae;g__Aquitalea;s__	0.9882972995565624
f3357a2a8e044a5dcf25f17daf809c6e	ASV31d__Bacteria;p__Proteobacteria;c__Gammaproteobacteria;o__Burkholderiales;f__Burkholderiaceae;g__Delftia;s__Delftia_acidovorans	0.9997157233961537
b6cc4cb853e69a19fe50eb93cc6f4f1c	ASV34d__Bacteria;p__Bacteroidota;c__Bacteroidia;o__Flavobacteriales;f__Weeksellaceae;g__Elizabethkingia;s__Elizabethkingia_miricola	0.9999999999841691
2b0520e44e86e3cc5c1c0365236b3959	Unassigned	0.7804237114062931
39d7bd48e8149d28964f8724762fa7ab	ASV17d__Bacteria;p__Bacteroidota;c__Bacteroidia;o__Sphingobacteriales;f__Sphingobacteriaceae;g__Pedobacter;s__	0.9543315681914801
f85948e9e7bf0bea282b3628b090685c	ASV34d__Bacteria;p__Bacteroidota;c__Bacteroidia;o__Flavobacteriales;f__Weeksellaceae;g__Elizabethkingia;s__Elizabethkingia_miricola	0.9999999999439666
a1badac88bdf0df92e9c5a2d5ab5073c	ASV34d__Bacteria;p__Bacteroidota;c__Bacteroidia;o__Flavobacteriales;f__Weeksellaceae;g__Elizabethkingia;s__Elizabethkingia_miricola	0.9999991001920774
f2793bbdb9b88f2c703da54987ea1dc1	Unassigned	0.8434370065973332
65549f9c79a6ce55ae550c6444d90629	Unassigned	0.8549681652384148
1a31116abf28fb366917cf15b9f9b02d	ASV17d__Bacteria;p__Bacteroidota;c__Bacteroidia;o__Sphingobacteriales;f__Sphingobacteriaceae;g__Pedobacter;s__	0.9544454811476674
d8df2d21df7589b291882a06d3fdb072	Unassigned	0.8664547621635732
dadf7b79c56d993f0b1e84445aae81fa	Unassigned	0.8111506670758483
e64a6521ff5cfc534192a7c8489a6dff	Unassigned	0.8667576491047557
81f2fbfbf0f4a39ff682fd88abedbad7	Unassigned	0.7194597454724978
1689d4dd206069863dd77ae65ca3d0a4	Unassigned	0.7699189912750665
89c6aef86a0173c315e1a53e1abae87a	Unassigned	0.6358553817516059
df5492b402d5cd9bcdc6b068c665ce89	ASV30d__Bacteria;p__Proteobacteria;c__Gammaproteobacteria;o__Enterobacterales;f__Enterobacteriaceae;g__Serratia_A;s__Serratia_Afonticola	0.9996281911299315
79e4e8cf7f6687910e22f6db75681833	X391_Actinobacteria;Actinomycetales;Microbacteriaceae;Leifsonia	0.9999999999998295
4f02adbc0d189a9c41f8a65318669d17	Unassigned	0.46142913464817714
b2572c545563d7cf5b8c33619d22b6ba	Unassigned	0.8881501780078966
da7cebfce3019f8bd0c678e8363cf0ed	ASV33d__Bacteria;p__Proteobacteria;c__Alphaproteobacteria;o__Rhizobiales;f__Beijerinckiaceae;g__Bosea;s__	0.9583300445813938
ef591f5bdf3572b96032417a575c4212	ASV21d__Bacteria;p__Proteobacteria;c__Gammaproteobacteria;o__Xanthomonadales;f__Rhodanobacteraceae;g__Dyella;s__	0.9999999998550351
d19df46a64397f843d5b3eb8295d2afc	Unassigned	0.8179445090195021
77320e567847c4256d3e98c5d377c5d5	Unassigned	0.870419587704693
ca92b95282c29719de4df889de6484d2	Unassigned	0.5876060840549842
59ce57ce9c4c1e70e7e2f83cbaa89e8d	Unassigned	0.5843226370435834
02642c77d2f237b0628d031bf53b3bc9	ASV29d__Bacteria;p__Proteobacteria;c__Gammaproteobacteria;o__Enterobacterales;f__Enterobacteriaceae;g__Citrobacter;s__Citrobacter_braakii	0.99984411385133
30c6ee01cd9d03231ce8030952f20168	Unassigned	0.5926941101896255
84b106d85766b7df7628059b4755bda6	ASV21d__Bacteria;p__Proteobacteria;c__Gammaproteobacteria;o__Xanthomonadales;f__Rhodanobacteraceae;g__Dyella;s__	0.9999999998091909
04f23fcea09901b71666d543cd7fe955	Unassigned	0.8463713566926039
5f036b8b7c009c6c43d5354bacaf1354	Unassigned	0.8351822564875475
fa0d71ff8e16ce4b32927adf7963610d	Unassigned	0.633929518339083
b9a88bc477cd67f952e82d2c3a6245ce	Unassigned	0.8397139289727594
15985e5b21c459a170dacb98c2c503d3	X391_Actinobacteria;Actinomycetales;Microbacteriaceae;Leifsonia	0.9999999983244123
cfce9e42c901ae7d16f5f9b4a0869d40	X391_Actinobacteria;Actinomycetales;Microbacteriaceae;Leifsonia	0.9999999999998579
76f3df5cf5d1d296eccca8285c9df30b	ASV8d__Bacteria;p__Proteobacteria;c__Alphaproteobacteria;o__Rhizobiales;f__Rhizobiaceae;g__Rhizobium;s__	0.9890149321761038
58c2641769330904012c775f2ce46ad6	ASV33d__Bacteria;p__Proteobacteria;c__Alphaproteobacteria;o__Rhizobiales;f__Beijerinckiaceae;g__Bosea;s__	0.97511184582331
e87332f72dce31607ae026db89d0a1a3	ASV10d__Bacteria;p__Proteobacteria;c__Gammaproteobacteria;o__Burkholderiales;f__Burkholderiaceae;g__Comamonas_B;s__	0.9961849706455823
6857cff955b7bcc71cdb29833504d83e	ASV10d__Bacteria;p__Proteobacteria;c__Gammaproteobacteria;o__Burkholderiales;f__Burkholderiaceae;g__Comamonas_B;s__	0.9967731182145584
00a7853185c94322fe13276fbaea866d	ASV29d__Bacteria;p__Proteobacteria;c__Gammaproteobacteria;o__Enterobacterales;f__Enterobacteriaceae;g__Citrobacter;s__Citrobacter_braakii	0.9998329471272704
277c752616d0af6a695a05ea70ccd1de	Unassigned	0.8228293160151648
90d36a6a5ee9ce2c2f0fe2d69ffdc125	Unassigned	0.5222472358447765
a3b2848d3c6b219699f23fd88625840b	ASV19d__Bacteria;p__Bacteroidota;c__Bacteroidia;o__Sphingobacteriales;f__Sphingobacteriaceae;g__Pedobacter;s__	0.9996208729831874
16b3c0184fafe24e31c428c4bf836724	ASV22d__Bacteria;p__Proteobacteria;c__Gammaproteobacteria;o__Burkholderiales;f__Burkholderiaceae;g__Paraburkholderia_B;s__	0.9994575010383148
d762d016510c1afc0a1c9fca5eddba04	ASV22d__Bacteria;p__Proteobacteria;c__Gammaproteobacteria;o__Burkholderiales;f__Burkholderiaceae;g__Paraburkholderia_B;s__	0.9993348614766492
a799104b256e8a54d52cbd7b6e30dc53	ASV32d__Bacteria;p__Proteobacteria;c__Gammaproteobacteria;o__Burkholderiales;f__Burkholderiaceae;g__Achromobacter;s__	0.9999995766839093
62e8684a768a234f72a2cc419ddb8252	X391_Actinobacteria;Actinomycetales;Microbacteriaceae;Leifsonia	0.9999999980838226
176d80b4363f64bfa5507c3700a18ef8	Unassigned	0.5414558520386362
b3953feefcd047b6d8c8f4354bfc5ac8	ASV34d__Bacteria;p__Bacteroidota;c__Bacteroidia;o__Flavobacteriales;f__Weeksellaceae;g__Elizabethkingia;s__Elizabethkingia_miricola	0.9999999999739941
72b2d4551dcc209ae9260ce715b83db1	ASV34d__Bacteria;p__Bacteroidota;c__Bacteroidia;o__Flavobacteriales;f__Weeksellaceae;g__Elizabethkingia;s__Elizabethkingia_miricola	0.9999999999833591
2862068795edec102cec44a24e007f19	ASV2d__Bacteria;p__Bacteroidota;c__Bacteroidia;o__Sphingobacteriales;f__Sphingobacteriaceae;g__Pedobacter;s__	0.9996083669883866
2707f499aa693f1d5077c98bf51ee424	ASV19d__Bacteria;p__Bacteroidota;c__Bacteroidia;o__Sphingobacteriales;f__Sphingobacteriaceae;g__Pedobacter;s__	0.9997027981599866
92af4806b486081db84f6dd2d7482918	Unassigned	0.7366158934674863
7cd9023706c1a0566e73c929d68a7dcc	Unassigned	0.5910383333030429
820f6693f569e339f183638cd73a7fe6	X391_Actinobacteria;Actinomycetales;Microbacteriaceae;Leifsonia	0.9988834770330196
ae793eb0a61d2e088f75c2acf695d85a	Unassigned	0.5368709966670023
c551f16eb77efc590342e7d6cf7b9986	ASV34d__Bacteria;p__Bacteroidota;c__Bacteroidia;o__Flavobacteriales;f__Weeksellaceae;g__Elizabethkingia;s__Elizabethkingia_miricola	0.999999999968324
6dc0b4bf153e071177077ecee32a631d	Unassigned	0.41176084049326167
d2228b7114cf28aba9971ccbc4a26c25	Unassigned	0.7825885998516551
46d00a8dd30b9cd74bd97168c0ba9f0b	ASV17d__Bacteria;p__Bacteroidota;c__Bacteroidia;o__Sphingobacteriales;f__Sphingobacteriaceae;g__Pedobacter;s__	0.972108908506381
8df2b2e6c1cb64bd18b81d5bae7f0898	Unassigned	0.5799310865658636
87b12bdf1db19651b1221f8b3c8176e1	Unassigned	0.798758028451667
aefb2055f15ea83eeb3907a68fad68bb	ASV10d__Bacteria;p__Proteobacteria;c__Gammaproteobacteria;o__Burkholderiales;f__Burkholderiaceae;g__Comamonas_B;s__	0.9969248997262381
9d54da910b66bad131070f73968851f8	ASV7d__Bacteria;p__Proteobacteria;c__Gammaproteobacteria;o__Burkholderiales;f__Burkholderiaceae;g__Herbaspirillum;s__	0.999360551686035
5b47d18736c21d3fd184495fa81c6b9d	Unassigned	0.7033381536658696
e4620db1e18d196292fbbcae92e7468d	ASV34d__Bacteria;p__Bacteroidota;c__Bacteroidia;o__Flavobacteriales;f__Weeksellaceae;g__Elizabethkingia;s__Elizabethkingia_miricola	0.9999999997757527
590a8d6b2e5f7e2df5ca732b75bead44	Unassigned	0.7941401639477366
4dbd025d8c0f56dd3535e297747a8121	ASV27d__Bacteria;p__Proteobacteria;c__Gammaproteobacteria;o__Burkholderiales;f__Burkholderiaceae;g__Xylophilus;s__	0.9969816256763762
df1be5f7a81c2630ebdee6b78e85491e	Unassigned	0.7676753805232102
a5961e3333001e30dd6acebc5e121e86	ASV29d__Bacteria;p__Proteobacteria;c__Gammaproteobacteria;o__Enterobacterales;f__Enterobacteriaceae;g__Citrobacter;s__Citrobacter_braakii	0.9995832572167009
b951bc4be2f34eafe95e8eb15735deac	ASV30d__Bacteria;p__Proteobacteria;c__Gammaproteobacteria;o__Enterobacterales;f__Enterobacteriaceae;g__Serratia_A;s__Serratia_Afonticola	0.9996603669080729
09392ec8bdb680367e4230efd3d2f111	Unassigned	0.6844331212004651
15e82aaa12c3b064b6c7ec0be295c278	ASV10d__Bacteria;p__Proteobacteria;c__Gammaproteobacteria;o__Burkholderiales;f__Burkholderiaceae;g__Comamonas_B;s__	0.9964270546697797
15e5e01a7cacddb924375b1bd4ad0905	ASV14d__Bacteria;p__Proteobacteria;c__Gammaproteobacteria;o__Pseudomonadales;f__Pseudomonadaceae;g__Pseudomonas_E;s__Pseudomonas_E fluorescens_AP	0.9999999856151761
1d476f42a8051e359f1aadcbedb110e6	Unassigned	0.8694357344348971
6ed44925ed2cbdc0d4aa92ae604d3adb	ASV34d__Bacteria;p__Bacteroidota;c__Bacteroidia;o__Flavobacteriales;f__Weeksellaceae;g__Elizabethkingia;s__Elizabethkingia_miricola	0.9999999999761968
36582fb5a668e15e2527d1f416fd0b88	Unassigned	0.750238667875485
9fe4c3dfc721f87da8ff9661f9600667	X391_Actinobacteria;Actinomycetales;Microbacteriaceae;Leifsonia	0.9999999955148695
cacf3c72c6a4a686ca780530bcae8152	Unassigned	0.8431010045316559
8495ba6ecec8d12dae432a82cc654769	X391_Actinobacteria;Actinomycetales;Microbacteriaceae;Leifsonia	0.9999285851950427
dfaac546c9c007c88b04555420a383a5	ASV31d__Bacteria;p__Proteobacteria;c__Gammaproteobacteria;o__Burkholderiales;f__Burkholderiaceae;g__Delftia;s__Delftia_acidovorans	0.9951054680977642
d2346389723d235f3e7505858d4651f5	Unassigned	0.7710987840596605
e5a40afd3aaf4416c1639c117b20138f	X391_Actinobacteria;Actinomycetales;Microbacteriaceae;Leifsonia	0.9999992584949857
666e75b3aa8c13bd907de05b50c45266	X120_Alphaproteobacteria;Sphingomonadales;Sphingomonadaceae;Sphingomonas	0.9843539818457284
11ea7e15ce718221c8be5d1eea7e2b9b	ASV29d__Bacteria;p__Proteobacteria;c__Gammaproteobacteria;o__Enterobacterales;f__Enterobacteriaceae;g__Citrobacter;s__Citrobacter_braakii	0.9995217990624243
ef83bd3ccffad68e2b7cb3c5e23633d3	ASV14d__Bacteria;p__Proteobacteria;c__Gammaproteobacteria;o__Pseudomonadales;f__Pseudomonadaceae;g__Pseudomonas_E;s__Pseudomonas_E fluorescens_AP	0.9999999999264162
cdd1586a2409d9e6bcad749bc46e5343	ASV17d__Bacteria;p__Bacteroidota;c__Bacteroidia;o__Sphingobacteriales;f__Sphingobacteriaceae;g__Pedobacter;s__	0.9601556707192155
d6b853c64b611348212a093839b93ae2	ASV14d__Bacteria;p__Proteobacteria;c__Gammaproteobacteria;o__Pseudomonadales;f__Pseudomonadaceae;g__Pseudomonas_E;s__Pseudomonas_E fluorescens_AP	0.999999996795097
1fdb5fb033ac60762ebf6609d4bac5bc	Unassigned	0.8416304314114078
647d8153cd0e0a7772fa615bc7ca2957	ASV10d__Bacteria;p__Proteobacteria;c__Gammaproteobacteria;o__Burkholderiales;f__Burkholderiaceae;g__Comamonas_B;s__	0.9968524134296256
4b6a97be6929ea25343f57be4dec8f2b	ASV21d__Bacteria;p__Proteobacteria;c__Gammaproteobacteria;o__Xanthomonadales;f__Rhodanobacteraceae;g__Dyella;s__	0.9999999994962963
1e4d81aa5dd9ba7db764631164a12b54	ASV34d__Bacteria;p__Bacteroidota;c__Bacteroidia;o__Flavobacteriales;f__Weeksellaceae;g__Elizabethkingia;s__Elizabethkingia_miricola	0.9999999997479279
e5981f6178b0cbf5378fb412dd275e10	Unassigned	0.6992930577821583
af645daa286646687ffb08c3b58ae89d	X391_Actinobacteria;Actinomycetales;Microbacteriaceae;Leifsonia	0.999999999999929
1d252ddcf4c3f92422a1a8e4653c7588	Unassigned	0.3675322098423578
2b7c7db3cd77fd2deca7fb4fd2d522ed	Unassigned	0.39215408924391615
f7d0aa70330582627cc31f6280cda58f	Unassigned	0.4323221020493776
e3c040bcb34541434381e567dfc05dff	ASV14d__Bacteria;p__Proteobacteria;c__Gammaproteobacteria;o__Pseudomonadales;f__Pseudomonadaceae;g__Pseudomonas_E;s__Pseudomonas_E fluorescens_AP	0.9999999968926687
d7a0df5ef7592fd27d67ea1f3b755c67	ASV29d__Bacteria;p__Proteobacteria;c__Gammaproteobacteria;o__Enterobacterales;f__Enterobacteriaceae;g__Citrobacter;s__Citrobacter_braakii	0.9998168331810829
f8caa969cc7a9755b28c7c505503a08e	ASV34d__Bacteria;p__Bacteroidota;c__Bacteroidia;o__Flavobacteriales;f__Weeksellaceae;g__Elizabethkingia;s__Elizabethkingia_miricola	0.9999999996545483
398bc123405fcfdb42c330b523f98a02	Unassigned	0.7861601216397507
37ce6b26120923b0a2ee4ea7e7f7ea70	ASV19d__Bacteria;p__Bacteroidota;c__Bacteroidia;o__Sphingobacteriales;f__Sphingobacteriaceae;g__Pedobacter;s__	0.999761163746984
b0790aa093180c50b4613a8300d1612b	ASV9d__Bacteria;p__Proteobacteria;c__Alphaproteobacteria;o__Caulobacterales;f__Caulobacteraceae;g__Brevundimonas;s__	0.9999999962782482
131d904bfc4622810da1337af3f9c313	ASV10d__Bacteria;p__Proteobacteria;c__Gammaproteobacteria;o__Burkholderiales;f__Burkholderiaceae;g__Comamonas_B;s__	0.9916283648583963
b1da02006c7f99313618bcc0652f28d5	ASV16d__Bacteria;p__Proteobacteria;c__Gammaproteobacteria;o__Burkholderiales;f__Chromobacteriaceae;g__Aquitalea;s__	0.9934066215093528
5cc74a11208edfe557eca0d5ed827645	Unassigned	0.8040068500186889
bfce7d4ad333152f179d7635052fded0	ASV14d__Bacteria;p__Proteobacteria;c__Gammaproteobacteria;o__Pseudomonadales;f__Pseudomonadaceae;g__Pseudomonas_E;s__Pseudomonas_E fluorescens_AP	0.9999999997960174
b38b891e2cfd10dca45b90cf65235c0d	ASV6d__Bacteria;p__Proteobacteria;c__Gammaproteobacteria;o__Burkholderiales;f__Burkholderiaceae;g__Ralstonia;s__	0.9992166010405903
b7a7fe99d725629000270e7dd4e599a8	Unassigned	0.4255059675415511
f22d1b33850ae4051304d698616fd5ad	ASV8d__Bacteria;p__Proteobacteria;c__Alphaproteobacteria;o__Rhizobiales;f__Rhizobiaceae;g__Rhizobium;s__	0.9999999913201805
6d4b3bd468dcf7fbf40b5e2001c4d86b	ASV34d__Bacteria;p__Bacteroidota;c__Bacteroidia;o__Flavobacteriales;f__Weeksellaceae;g__Elizabethkingia;s__Elizabethkingia_miricola	0.9999999998442917
3e722aad6c2bdbb9fbc43474ec1acda9	ASV6d__Bacteria;p__Proteobacteria;c__Gammaproteobacteria;o__Burkholderiales;f__Burkholderiaceae;g__Ralstonia;s__	0.9992108953186443
7af0a7214a7d0575a15164d9654145ef	ASV22d__Bacteria;p__Proteobacteria;c__Gammaproteobacteria;o__Burkholderiales;f__Burkholderiaceae;g__Paraburkholderia_B;s__	0.9992377598385398
d5fccde55648e3db50804db773599e7d	Unassigned	0.6525737081324705
5235b6438d318285ebe9d6e9b534ae41	X391_Actinobacteria;Actinomycetales;Microbacteriaceae;Leifsonia	0.9999999999998863
ed590c83e555bc7c8810c57d6890e2b8	ASV29d__Bacteria;p__Proteobacteria;c__Gammaproteobacteria;o__Enterobacterales;f__Enterobacteriaceae;g__Citrobacter;s__Citrobacter_braakii	0.9996951189780395
add5610066292b5cc99760e9bf8482cb	ASV8d__Bacteria;p__Proteobacteria;c__Alphaproteobacteria;o__Rhizobiales;f__Rhizobiaceae;g__Rhizobium;s__	0.9999999918757112
843a39d6865af0f27c00b824d97a5473	Unassigned	0.8621628412421367
4e0877a9a09b8c29bb40bfa2aa6505f5	ASV21d__Bacteria;p__Proteobacteria;c__Gammaproteobacteria;o__Xanthomonadales;f__Rhodanobacteraceae;g__Dyella;s__	0.999999999855433
4ba79a6bd8f75b26caf0ddfec0ccfef0	Unassigned	0.7234279407144046
a554d0c9731b4255a86791bf6a183a32	Unassigned	0.8693410161253753
9779cd1d1509badf01a1fcba2cc8d3e4	Unassigned	0.3974397816917429
c45c50eb6e6431ffa54a59c445a1fcd4	ASV34d__Bacteria;p__Bacteroidota;c__Bacteroidia;o__Flavobacteriales;f__Weeksellaceae;g__Elizabethkingia;s__Elizabethkingia_miricola	0.9999999999783995
0848c80f60d5d6a516f8ba12fac83fb2	ASV2d__Bacteria;p__Bacteroidota;c__Bacteroidia;o__Sphingobacteriales;f__Sphingobacteriaceae;g__Pedobacter;s__	0.9996432111440889
8343cf4c26bb977e05e4d9c5125441ef	Unassigned	0.5570595085130912
3653ff8d3e97cfee8b6f17d610cccfe4	ASV21d__Bacteria;p__Proteobacteria;c__Gammaproteobacteria;o__Xanthomonadales;f__Rhodanobacteraceae;g__Dyella;s__	0.9999999996432791
1d70d55d6910f331473a152226947e90	ASV17d__Bacteria;p__Bacteroidota;c__Bacteroidia;o__Sphingobacteriales;f__Sphingobacteriaceae;g__Pedobacter;s__	0.9811976261704711
a6c836aa35c39542de9dd1e129bb3008	ASV14d__Bacteria;p__Proteobacteria;c__Gammaproteobacteria;o__Pseudomonadales;f__Pseudomonadaceae;g__Pseudomonas_E;s__Pseudomonas_E fluorescens_AP	0.9999999997546496
a2d93a941290fac6f2986999654a0e2f	Unassigned	0.7573899997547784
dd3f5d0842b81f00c70d82d2579cc3e0	Unassigned	0.620617714222707
105c418b0ba01ffd3c75d5a22790ff7a	X120_Alphaproteobacteria;Sphingomonadales;Sphingomonadaceae;Sphingomonas	0.9999998114743995
48980cb182336d696520731c580ba882	Unassigned	0.8008341905424343
2891da60e74bbec494ecb068997577de	ASV33d__Bacteria;p__Proteobacteria;c__Alphaproteobacteria;o__Rhizobiales;f__Beijerinckiaceae;g__Bosea;s__	0.825424460947396
2286df4cf59be7975e170e570747bc75	Unassigned	0.8424375117593546
c80b2c228d9c0ea6dfd9267b63d235ac	ASV33d__Bacteria;p__Proteobacteria;c__Alphaproteobacteria;o__Rhizobiales;f__Beijerinckiaceae;g__Bosea;s__	0.7753182342836481
8da28d1a26e30cdab913461dfc8122a9	Unassigned	0.7658696221929737
08d9dab483990f108ccf21c106d7a244	X391_Actinobacteria;Actinomycetales;Microbacteriaceae;Leifsonia	0.9999886244895744
f9c043ef38507bdb31ce4b74c46799cd	Unassigned	0.778864774643541
6bcacff3c5fef55220830452445568f8	ASV5d__Bacteria;p__Proteobacteria;c__Gammaproteobacteria;o__Burkholderiales;f__Chromobacteriaceae;g__Chromobacterium;s__Chromobacteriumsp002213445	0.9998137559391664
ececead233b10449d5ef3c15a705cd81	ASV34d__Bacteria;p__Bacteroidota;c__Bacteroidia;o__Flavobacteriales;f__Weeksellaceae;g__Elizabethkingia;s__Elizabethkingia_miricola	0.9999999996700524
6b2972589aacd1fcb653526871599d2e	Unassigned	0.5218380908100958
8733bb2c317ae245b722de2bd90a3e10	ASV31d__Bacteria;p__Proteobacteria;c__Gammaproteobacteria;o__Burkholderiales;f__Burkholderiaceae;g__Delftia;s__Delftia_acidovorans	0.9997760666522885
81cee540918c29b51e2369c803a807d5	ASV34d__Bacteria;p__Bacteroidota;c__Bacteroidia;o__Flavobacteriales;f__Weeksellaceae;g__Elizabethkingia;s__Elizabethkingia_miricola	0.9999999995647784
2b4f092c6265ec1d3571d666f59544f8	Unassigned	0.6587727868837352
6e12282237eaf6f2482b4c21cb476f7f	Unassigned	0.8186416592116214
e520aa4b6368bc038752ce25afa1efe8	Unassigned	0.7757040544600848
c43d5dcdb3377bab6ef5ae62b32bb423	Unassigned	0.8114234519813935
029ff5da2d7ca0c3bda5eff4004ea858	Unassigned	0.8376816437957775
806f11419094c6b8944cd17d1dccb66b	ASV34d__Bacteria;p__Bacteroidota;c__Bacteroidia;o__Flavobacteriales;f__Weeksellaceae;g__Elizabethkingia;s__Elizabethkingia_miricola	0.9999999981782253
a06db28d9a59ac5e42574d74a05d1e4e	ASV27d__Bacteria;p__Proteobacteria;c__Gammaproteobacteria;o__Burkholderiales;f__Burkholderiaceae;g__Xylophilus;s__	0.9972251029515697
d1130591d1c413f4bc8fdc3f38dd87c2	Unassigned	0.5562042864652339
6648496f32a76615b19eb0577d09a2e5	Unassigned	0.845771467472492
099d8a80730b9554d98385a1394720d6	Unassigned	0.5298372845487733
e1533afa18f4eb9bb73c1c7bc60af571	ASV34d__Bacteria;p__Bacteroidota;c__Bacteroidia;o__Flavobacteriales;f__Weeksellaceae;g__Elizabethkingia;s__Elizabethkingia_miricola	0.9999999999961489
9fe46187fc4475823b2d1c2a65fb6df5	Unassigned	0.6685228468274793
5402234f29ed45dbd536ca340b5ec8cd	X491_Betaproteobacteria;Burkholderiales;Burkholderiaceae;Pandoraea	0.9974789496868184
5f98c012f83d27fa457bdcf50018d308	ASV17d__Bacteria;p__Bacteroidota;c__Bacteroidia;o__Sphingobacteriales;f__Sphingobacteriaceae;g__Pedobacter;s__	0.9615025739726842
36d4f9dfca1eb1d3b15560393b54c5d5	Unassigned	0.8626781734969844
2bbb28b70c3a3757e48663f4d0003ecc	X120_Alphaproteobacteria;Sphingomonadales;Sphingomonadaceae;Sphingomonas	0.9554739521865815
77b9383d60b4e0f972bcd385bcd712c9	Unassigned	0.8105819206003347
ce793ab613465c46d52d83da871d4fae	ASV5d__Bacteria;p__Proteobacteria;c__Gammaproteobacteria;o__Burkholderiales;f__Chromobacteriaceae;g__Chromobacterium;s__Chromobacteriumsp002213445	0.99981268465252
0a21726cd4952a96635576553da67787	Unassigned	0.3045580934116062
506711c26630a1eee34d97e4e82e8e1e	Unassigned	0.7998635842534356
86d95d0170145f6218cb34535be80aff	Unassigned	0.6032625266370151
57160461b990611ff04ebf2243e706b3	X391_Actinobacteria;Actinomycetales;Microbacteriaceae;Leifsonia	0.9999999999999574
7b314fa66d36b9395fbe85325f9dc341	Unassigned	0.6937468105822875
f3da948536b1c20c58774817937042c6	Unassigned	0.6690237617732284
c1cc699e313566ae24daaecc15380d1e	ASV31d__Bacteria;p__Proteobacteria;c__Gammaproteobacteria;o__Burkholderiales;f__Burkholderiaceae;g__Delftia;s__Delftia_acidovorans	0.9997825107151507
40ac849a211391ac99f22c71020251bf	ASV11d__Bacteria;p__Proteobacteria;c__Gammaproteobacteria;o__Burkholderiales;f__Chromobacteriaceae;g__Aquitalea;s__Aquitaleapelogenes	0.9939383980775209
24d8384db9e21daaed937dd06371b8c4	Unassigned	0.8478032380822066
698a8fc585390618db99beda35311bf6	Unassigned	0.5966703515990492
e839418a291e93adf96c67c5874328bc	X391_Actinobacteria;Actinomycetales;Microbacteriaceae;Leifsonia	0.9990972414714876
134afc0e1684eb154331b6b0bdbd26e5	ASV32d__Bacteria;p__Proteobacteria;c__Gammaproteobacteria;o__Burkholderiales;f__Burkholderiaceae;g__Achromobacter;s__	0.999999293510947
285168aa1d774f4a0a582bb79100104f	ASV21d__Bacteria;p__Proteobacteria;c__Gammaproteobacteria;o__Xanthomonadales;f__Rhodanobacteraceae;g__Dyella;s__	0.9999999998129994
d83731b3d15f029e9c89db9b06d3ff4b	ASV31d__Bacteria;p__Proteobacteria;c__Gammaproteobacteria;o__Burkholderiales;f__Burkholderiaceae;g__Delftia;s__Delftia_acidovorans	0.9996000251767364
ada1858bad4d0e4794c8a869906a4490	Unassigned	0.8751200581951954
5599e738e4aa4febfefdafe78c0cfe83	Unassigned	0.8240840708166326
d6220f8cc1d689d8c43081c7fe2ffd71	X391_Actinobacteria;Actinomycetales;Microbacteriaceae;Leifsonia	0.9999999999998579
0b92c550aad0019053521019bf885b4a	Unassigned	0.8595687697385421
6c35f8abf414d60309aca2d174a60c83	Unassigned	0.6199743913824747
9d819c16c9d1877b3d72c13db640952d	X263_Sphingobacteriia;Sphingobacteriales;Chitinophagaceae; Chitinophaga	0.9999999999706262
34d43fad462a78346201964b7a8bdc66	X391_Actinobacteria;Actinomycetales;Microbacteriaceae;Leifsonia	0.9899891694380833
77c2dc197e6b3dbebc4ee240c6a1c559	Unassigned	0.7930391459065236
cc9920f75072315612b336748f88b9bd	Unassigned	0.6469318479690649
0ba0d4c5a289facc80e0e481377a9e18	ASV8d__Bacteria;p__Proteobacteria;c__Alphaproteobacteria;o__Rhizobiales;f__Rhizobiaceae;g__Rhizobium;s__	0.9998895501043148
24809a7d8e698894ffe10a1e12d32abe	ASV17d__Bacteria;p__Bacteroidota;c__Bacteroidia;o__Sphingobacteriales;f__Sphingobacteriaceae;g__Pedobacter;s__	0.96730323684651
10d90cffc84a9955e892170239aae3fa	Unassigned	0.6390430415774849
aed15344925d8e417260fa00cc20d97f	Unassigned	0.5917419044923684
c1a5297a7ae305f6fe0f8493577e159c	ASV33d__Bacteria;p__Proteobacteria;c__Alphaproteobacteria;o__Rhizobiales;f__Beijerinckiaceae;g__Bosea;s__	0.9999999809295022
20dcd8f8740508fe9a64b75846e88d8c	Unassigned	0.6753743582365678
bf32dd37f41367506e91e51a1c6d9591	ASV31d__Bacteria;p__Proteobacteria;c__Gammaproteobacteria;o__Burkholderiales;f__Burkholderiaceae;g__Delftia;s__Delftia_acidovorans	0.9997139875790964
c9c963faba9f8357e99b5ade5468e472	ASV31d__Bacteria;p__Proteobacteria;c__Gammaproteobacteria;o__Burkholderiales;f__Burkholderiaceae;g__Delftia;s__Delftia_acidovorans	0.9997699877987181
1dc9a9cf67fc758315989bfb1e90e54b	X391_Actinobacteria;Actinomycetales;Microbacteriaceae;Leifsonia	0.9999999999999005
bfd6959cd5415e7cc33e07e7d329007b	ASV32d__Bacteria;p__Proteobacteria;c__Gammaproteobacteria;o__Burkholderiales;f__Burkholderiaceae;g__Achromobacter;s__	0.9999997736609857
e2a8a44d4707e3250426c13eafcc84e4	Unassigned	0.4693655012912421
149a8b321a41686631e3a5db9b938c25	Unassigned	0.8269466273357833
97da20026036670df43b0bc6ce30decf	ASV31d__Bacteria;p__Proteobacteria;c__Gammaproteobacteria;o__Burkholderiales;f__Burkholderiaceae;g__Delftia;s__Delftia_acidovorans	0.9998196833715874
928967cc4ad81a9678ba21d1414c2e29	X391_Actinobacteria;Actinomycetales;Microbacteriaceae;Leifsonia	0.9999999999995453
94b6706cf52f51a62061596ae92fae0f	X391_Actinobacteria;Actinomycetales;Microbacteriaceae;Leifsonia	0.9999999999998437
59b63cf37612a68b367b8850e6119418	ASV32d__Bacteria;p__Proteobacteria;c__Gammaproteobacteria;o__Burkholderiales;f__Burkholderiaceae;g__Achromobacter;s__	0.9999991295904871
b2cae068c27def208a0a50cd1731b4f8	ASV29d__Bacteria;p__Proteobacteria;c__Gammaproteobacteria;o__Enterobacterales;f__Enterobacteriaceae;g__Citrobacter;s__Citrobacter_braakii	0.9995571069237246
928f7524072500254b9fe18ab8999df5	Unassigned	0.7512577741518502
b306818336e7658f6f481e3140a2373e	Unassigned	0.6157837814853333
cc0e0a229f8c23dac133eb096c8527c4	Unassigned	0.6166831703927076
4caa0bfcd4461fcf5935ff864e7edee9	ASV31d__Bacteria;p__Proteobacteria;c__Gammaproteobacteria;o__Burkholderiales;f__Burkholderiaceae;g__Delftia;s__Delftia_acidovorans	0.999767671239423
79a658d0cf965bf533db72e2acb281bc	ASV27d__Bacteria;p__Proteobacteria;c__Gammaproteobacteria;o__Burkholderiales;f__Burkholderiaceae;g__Xylophilus;s__	0.9983454683775088
9336ed8e5396e30f02b586291904c828	Unassigned	0.6697113301747619
1b8e3ce523d25fa026c5a4403f277a3c	Unassigned	0.5999034082521583
6288f9718e81b02dded603c107144c8d	ASV5d__Bacteria;p__Proteobacteria;c__Gammaproteobacteria;o__Burkholderiales;f__Chromobacteriaceae;g__Chromobacterium;s__Chromobacteriumsp002213445	0.9998141297923834
9e670e76a1cd203a59d97e0f133f2d51	Unassigned	0.5957304838625945
90ab5950974319b4533f951b32b3b02d	Unassigned	0.6594914987908409
33e7accf370f7e92453603bf29d911bc	Unassigned	0.5336865385937524
2e02910db2bfe453b4fd063888c374de	Unassigned	0.84286177620644
965413059fc8beaf2066a6dcd0e53607	ASV2d__Bacteria;p__Bacteroidota;c__Bacteroidia;o__Sphingobacteriales;f__Sphingobacteriaceae;g__Pedobacter;s__	0.9991450193989757
f820ff2fde3e2843ec3c21848da0c82e	ASV29d__Bacteria;p__Proteobacteria;c__Gammaproteobacteria;o__Enterobacterales;f__Enterobacteriaceae;g__Citrobacter;s__Citrobacter_braakii	0.9994328743440104
8bfa3392cea8f8f65bcb46ee4a95d91d	ASV17d__Bacteria;p__Bacteroidota;c__Bacteroidia;o__Sphingobacteriales;f__Sphingobacteriaceae;g__Pedobacter;s__	0.985635376008777
087304ac67a6a8bb51c091eb25b5db1b	ASV27d__Bacteria;p__Proteobacteria;c__Gammaproteobacteria;o__Burkholderiales;f__Burkholderiaceae;g__Xylophilus;s__	0.996787206013104
09a6fd9b457e7c4dd5b30a3e86e6eb50	ASV32d__Bacteria;p__Proteobacteria;c__Gammaproteobacteria;o__Burkholderiales;f__Burkholderiaceae;g__Achromobacter;s__	0.9999998046974006
8b3163db8a440b432198f3ee776d0d74	X391_Actinobacteria;Actinomycetales;Microbacteriaceae;Leifsonia	0.9999999964011721
573091d7ddd85f9c5f14a7e53d2ba0bf	ASV9d__Bacteria;p__Proteobacteria;c__Alphaproteobacteria;o__Caulobacterales;f__Caulobacteraceae;g__Brevundimonas;s__	0.9950953425779673
5a0115f9c0dfb1a680d6cdf17b37a102	Unassigned	0.7422209325855964
88870783dfcf6dbb572ead926bed87e4	Unassigned	0.6732280230647638
9615dc1986c130e99f2baeaa5f049793	ASV5d__Bacteria;p__Proteobacteria;c__Gammaproteobacteria;o__Burkholderiales;f__Chromobacteriaceae;g__Chromobacterium;s__Chromobacteriumsp002213445	0.999754673578532
86aa520cada2ebfb33b192fa8c76ebbc	ASV31d__Bacteria;p__Proteobacteria;c__Gammaproteobacteria;o__Burkholderiales;f__Burkholderiaceae;g__Delftia;s__Delftia_acidovorans	0.9997977050439607
d36e62987bf19c05b613e4f3d181c2cd	ASV2d__Bacteria;p__Bacteroidota;c__Bacteroidia;o__Sphingobacteriales;f__Sphingobacteriaceae;g__Pedobacter;s__	0.9997618747231344
149f4f7e5af9e7ad882dce8cebc6504b	Unassigned	0.6465391232146047
7690db5c2d89dbe9d1de5ec191531ad1	ASV14d__Bacteria;p__Proteobacteria;c__Gammaproteobacteria;o__Pseudomonadales;f__Pseudomonadaceae;g__Pseudomonas_E;s__Pseudomonas_E fluorescens_AP	0.9999999999590301
35540f461d8f3e46335b12733c6818a0	ASV19d__Bacteria;p__Bacteroidota;c__Bacteroidia;o__Sphingobacteriales;f__Sphingobacteriaceae;g__Pedobacter;s__	0.9997137248532432
8da18ed943e4b57719d867d6eb62c794	Unassigned	0.8790581532551256
5b5210d00bc9f9831f219af74f9af7f8	Unassigned	0.8212966793361847
fdaa5a18b0447cff6c2aaea963a87cf4	X391_Actinobacteria;Actinomycetales;Microbacteriaceae;Leifsonia	0.9999999999999574
d0ade70e5f17820c24ac9d615c08c900	ASV34d__Bacteria;p__Bacteroidota;c__Bacteroidia;o__Flavobacteriales;f__Weeksellaceae;g__Elizabethkingia;s__Elizabethkingia_miricola	0.9999999999713651
1a20bad41d828fc0e873ba3f108e513e	ASV17d__Bacteria;p__Bacteroidota;c__Bacteroidia;o__Sphingobacteriales;f__Sphingobacteriaceae;g__Pedobacter;s__	0.9564642992268927
a0a0ea4aa3081d7fc9a84e0b70ee856e	ASV34d__Bacteria;p__Bacteroidota;c__Bacteroidia;o__Flavobacteriales;f__Weeksellaceae;g__Elizabethkingia;s__Elizabethkingia_miricola	0.9999999999757847
3128beb86261e4f874b3fcaac0cf304d	ASV29d__Bacteria;p__Proteobacteria;c__Gammaproteobacteria;o__Enterobacterales;f__Enterobacteriaceae;g__Citrobacter;s__Citrobacter_braakii	0.999812222494371
b946dc8c9213d6193d607a5f690d0a11	ASV17d__Bacteria;p__Bacteroidota;c__Bacteroidia;o__Sphingobacteriales;f__Sphingobacteriaceae;g__Pedobacter;s__	0.9682932097445739
e54d87cd0ed6766c387ba8359422ad76	Unassigned	0.6819554085340989
1354d8eddb9222983aca5a2fd2c6c7a5	X391_Actinobacteria;Actinomycetales;Microbacteriaceae;Leifsonia	0.9999978116791296
bd065d14eb7a138fae1fa269df78c364	ASV19d__Bacteria;p__Bacteroidota;c__Bacteroidia;o__Sphingobacteriales;f__Sphingobacteriaceae;g__Pedobacter;s__	0.9996171371755018
a701d1996fe7dd19b784319b10fd5448	ASV31d__Bacteria;p__Proteobacteria;c__Gammaproteobacteria;o__Burkholderiales;f__Burkholderiaceae;g__Delftia;s__Delftia_acidovorans	0.9996796186366752
810c1165495a87995cbbb58433aed682	ASV31d__Bacteria;p__Proteobacteria;c__Gammaproteobacteria;o__Burkholderiales;f__Burkholderiaceae;g__Delftia;s__Delftia_acidovorans	0.999780539663252
28007c5988b8b964321ed8c417a785c2	ASV14d__Bacteria;p__Proteobacteria;c__Gammaproteobacteria;o__Pseudomonadales;f__Pseudomonadaceae;g__Pseudomonas_E;s__Pseudomonas_E fluorescens_AP	0.9999999999561595
0a8d1da925ccd7076939b09d0a1b142e	ASV34d__Bacteria;p__Bacteroidota;c__Bacteroidia;o__Flavobacteriales;f__Weeksellaceae;g__Elizabethkingia;s__Elizabethkingia_miricola	0.9999999999678408
81d8083564469ca61aeeeef42980f6bb	Unassigned	0.8807833326206302
f90395f620d1f0708662b3c52a83dc2e	Unassigned	0.8414086666134589
4689c4dbeb1066212781df215d40f35a	Unassigned	0.774033071397003
56468673fe840a2506c242e137e73d78	Unassigned	0.8053166701283432
8b2299b004f533f9adc31f474614f8b4	ASV31d__Bacteria;p__Proteobacteria;c__Gammaproteobacteria;o__Burkholderiales;f__Burkholderiaceae;g__Delftia;s__Delftia_acidovorans	0.9963751487110599
f3c2000a295a7858c1f1e06349a475ef	Unassigned	0.7380087529277007
5e52feb27a1d504785cb31d294201c79	Unassigned	0.6800418296099345
9f71478a77d5f78d4cd8fe46b1517bce	Unassigned	0.8573339010345655
dd2560818f99f5793b0b9a6dd971b381	ASV28d__Bacteria;p__Bacteroidota;c__Bacteroidia;o__Sphingobacteriales;f__Sphingobacteriaceae;g__Pedobacter;s__	0.9991628780957559
e33bd6409a6b2b5410496af2d56e8e90	X391_Actinobacteria;Actinomycetales;Microbacteriaceae;Leifsonia	0.9999999999998863
16da113159eca1b88cb558ad83f3ec26	Unassigned	0.4395265456349502
ef787deff56a6bb9fb06353983095fad	Unassigned	0.7712666917426476
924f892041a0833eef0d05ee3b489d73	ASV30d__Bacteria;p__Proteobacteria;c__Gammaproteobacteria;o__Enterobacterales;f__Enterobacteriaceae;g__Serratia_A;s__Serratia_Afonticola	0.9991038466218481
7fb32c07e2f264f70ed0d196209cc706	Unassigned	0.6881801203787107
3abe649d630f34026865f1393a640d14	Unassigned	0.8699102737082165
3869a68003b72f1d85d7de14e98d4fb6	Unassigned	0.6281792564976019
247a6354aa4b45d51c688b606222e141	ASV29d__Bacteria;p__Proteobacteria;c__Gammaproteobacteria;o__Enterobacterales;f__Enterobacteriaceae;g__Citrobacter;s__Citrobacter_braakii	0.9996415004924484
0abb27611dcfd54aa898cba91dde2dbd	ASV6d__Bacteria;p__Proteobacteria;c__Gammaproteobacteria;o__Burkholderiales;f__Burkholderiaceae;g__Ralstonia;s__	0.998185644626849
d6dbee23690614f762166a1a09f11c89	X263_Sphingobacteriia;Sphingobacteriales;Chitinophagaceae; Chitinophaga	0.9999999999722178
6501ed93106db5e584e84ad2879c17dc	Unassigned	0.5082145480358458
8a2e68440998147d0749bbb2ff99d7d8	Unassigned	0.5181191358575777
59e473a9883d833fdb17bd0a66aa1773	ASV29d__Bacteria;p__Proteobacteria;c__Gammaproteobacteria;o__Enterobacterales;f__Enterobacteriaceae;g__Citrobacter;s__Citrobacter_braakii	0.9998522671984471
26a198255d0cce7387c4a88393980eed	ASV8d__Bacteria;p__Proteobacteria;c__Alphaproteobacteria;o__Rhizobiales;f__Rhizobiaceae;g__Rhizobium;s__	0.9999999684667533
087eddca91550d16f71361b022f36d7b	X491_Betaproteobacteria;Burkholderiales;Burkholderiaceae;Pandoraea	0.9976697799089326
3eb7c50c25c5f6cded700cf1a5dfe688	Unassigned	0.7710528647695815
c124a66d0fa2004c732c2d250c63323d	ASV8d__Bacteria;p__Proteobacteria;c__Alphaproteobacteria;o__Rhizobiales;f__Rhizobiaceae;g__Rhizobium;s__	0.9999999774181705
daea75fac3a7384a2126ff27a476ccad	Unassigned	0.6942308551228737
e17e059c7efe97b940ef5985581e403e	Unassigned	0.3209041422142024
749db1e0c89f1ae5f5250c9cf3404ff1	Unassigned	0.8766367529954417
0c16f45c152f1b46c6e4f5cac8b4ec30	Unassigned	0.8703826487634848
5d2755d11799fb117132de473955fe26	Unassigned	0.8963518879676153
021e8259d19c9af1f281d02698912776	Unassigned	0.4655941145537532
18ff53a7555486b89dbf21f81801f5d6	ASV17d__Bacteria;p__Bacteroidota;c__Bacteroidia;o__Sphingobacteriales;f__Sphingobacteriaceae;g__Pedobacter;s__	0.9147443963782044
ac69e065da323e87d7956f1c13610223	Unassigned	0.5811123249639967
e50a81b72bf89a2574350cfddf9dd3e3	ASV31d__Bacteria;p__Proteobacteria;c__Gammaproteobacteria;o__Burkholderiales;f__Burkholderiaceae;g__Delftia;s__Delftia_acidovorans	0.9997211089904178
af5587432e256ec9d54fea1ec913a9e6	ASV17d__Bacteria;p__Bacteroidota;c__Bacteroidia;o__Sphingobacteriales;f__Sphingobacteriaceae;g__Pedobacter;s__	0.7150283132336059
5a54ea81b5df5abaa73a6608f764310e	ASV11d__Bacteria;p__Proteobacteria;c__Gammaproteobacteria;o__Burkholderiales;f__Chromobacteriaceae;g__Aquitalea;s__Aquitaleapelogenes	0.9857825134919364
fc9b8f1331362887027bbfa6132beddf	Unassigned	0.5336296691552436
dc13363d659064650eab07ab347c8022	ASV2d__Bacteria;p__Bacteroidota;c__Bacteroidia;o__Sphingobacteriales;f__Sphingobacteriaceae;g__Pedobacter;s__	0.9997213651831818
4a098f032ee70b01264d3c00a66b82d9	ASV27d__Bacteria;p__Proteobacteria;c__Gammaproteobacteria;o__Burkholderiales;f__Burkholderiaceae;g__Xylophilus;s__	0.9970093932726172
6ef49ce2dea68284c9f33c5edbc23baa	Unassigned	0.8786809430266265
59364744507fc064189cc76039389725	Unassigned	0.33598840911066474
9024d3d7f7e0c5357eb1092404a4cfae	Unassigned	0.5304411199306276
1d93e1f3b40faedfbe51a72b76ed9b3f	Unassigned	0.6861577205807741
3ec1cd97d1dc769a11fd703f583905ab	Unassigned	0.8861121679713903
ea534935c3bb59c08e34f4b33169086d	ASV30d__Bacteria;p__Proteobacteria;c__Gammaproteobacteria;o__Enterobacterales;f__Enterobacteriaceae;g__Serratia_A;s__Serratia_Afonticola	0.9621277189918096
5718916b89bccd0a5dd366c0eac86f2c	Unassigned	0.7461290255271731
939b430ec68833c105a6cc03645f3b01	X391_Actinobacteria;Actinomycetales;Microbacteriaceae;Leifsonia	0.9999999999998437
0cb82137c0ca7c56453ddf19c7cf4979	ASV2d__Bacteria;p__Bacteroidota;c__Bacteroidia;o__Sphingobacteriales;f__Sphingobacteriaceae;g__Pedobacter;s__	0.9985507821707335
e3613fdc4717463bc6d8c264fa33bbd1	Unassigned	0.7832435910094737
7e3255284b4f46cbb5db8b30c57d4377	Unassigned	0.4410379310463418
8948a108abb7122c28411417712e2f15	X391_Actinobacteria;Actinomycetales;Microbacteriaceae;Leifsonia	0.999999999999929
bed671b4676144142cebd192b690f499	Unassigned	0.8656344200893918
8fa66922cd4f100a27f249e2b006c2af	Unassigned	0.7548410623135318
55462497dec4613dd13142b75bafd0b4	Unassigned	0.8014059245723953
5fdf2a761e35a0aa5ee66cf00d7de816	Unassigned	0.776923400797201
671444ce1214f00c581aa473239c770f	X120_Alphaproteobacteria;Sphingomonadales;Sphingomonadaceae;Sphingomonas	0.9999997290559802
5bb476ceba98dc0fc44f0b55085ba210	ASV32d__Bacteria;p__Proteobacteria;c__Gammaproteobacteria;o__Burkholderiales;f__Burkholderiaceae;g__Achromobacter;s__	0.9999991603125665
b82867112e81aec3b9427d79dc691b8d	ASV33d__Bacteria;p__Proteobacteria;c__Alphaproteobacteria;o__Rhizobiales;f__Beijerinckiaceae;g__Bosea;s__	0.9999999711133403
a917f7a75332ebcb957df85a82ff48c7	ASV32d__Bacteria;p__Proteobacteria;c__Gammaproteobacteria;o__Burkholderiales;f__Burkholderiaceae;g__Achromobacter;s__	0.999999569389097
a907f2bc7031c58e3c1d5c779cf9b726	ASV19d__Bacteria;p__Bacteroidota;c__Bacteroidia;o__Sphingobacteriales;f__Sphingobacteriaceae;g__Pedobacter;s__	0.9997367418260587
f3ac23bd869b199bcaef2b721df404af	Unassigned	0.7190992438450124
68f67af70cdf3f708db017f65899cc1d	X391_Actinobacteria;Actinomycetales;Microbacteriaceae;Leifsonia	0.9999790911110179
7c3f11e570e08bf94b21331bc2888e0e	Unassigned	0.8018179259407853
3919c10e5e5a9341f17149bc0f6c819f	Unassigned	0.8537703336420754
263e41ea2c25dc87bd2ff5910cf30d40	Unassigned	0.7488822690158956
d1581dd945ecb6f2eb2b710daeee0ef7	ASV17d__Bacteria;p__Bacteroidota;c__Bacteroidia;o__Sphingobacteriales;f__Sphingobacteriaceae;g__Pedobacter;s__	0.9526535955405535
d580c85d0597766b0c680dc513ba2a25	Unassigned	0.8547754764314428
c2359fb447f6f3c578ce4616f709da71	Unassigned	0.6228984239743001
297948496600e39ebe1833f1d4ab9704	ASV32d__Bacteria;p__Proteobacteria;c__Gammaproteobacteria;o__Burkholderiales;f__Burkholderiaceae;g__Achromobacter;s__	0.9999985685380337
589bb5d99ede03f2bc3afcf43e2efbd1	ASV34d__Bacteria;p__Bacteroidota;c__Bacteroidia;o__Flavobacteriales;f__Weeksellaceae;g__Elizabethkingia;s__Elizabethkingia_miricola	0.9999999999855333
052ed87a5bce8789c20b59effda065d6	Unassigned	0.673357649416691
9ba625cf4cb2ca83ef296bf0b10605a6	X491_Betaproteobacteria;Burkholderiales;Burkholderiaceae;Pandoraea	0.9970754714186875
ad0c85080f352e5fe761b08a08ae00dd	Unassigned	0.830245312261296
2ad7d8848cd4bce0e53eaecd1e36fcb8	Unassigned	0.7703477795407129
088edac2c6169d034824a4e90b197ba6	ASV31d__Bacteria;p__Proteobacteria;c__Gammaproteobacteria;o__Burkholderiales;f__Burkholderiaceae;g__Delftia;s__Delftia_acidovorans	0.9932272549033196
aae644e523f6200335f02f76a30a703d	X120_Alphaproteobacteria;Sphingomonadales;Sphingomonadaceae;Sphingomonas	0.998242260786241
b8b5bd6c989b284ef47a183ee9dd97f6	Unassigned	0.7159535791553359
6f4770fcccb31c026d6f630f6830c4fe	ASV14d__Bacteria;p__Proteobacteria;c__Gammaproteobacteria;o__Pseudomonadales;f__Pseudomonadaceae;g__Pseudomonas_E;s__Pseudomonas_E fluorescens_AP	0.9999999870566115
4f9e5197bdfaad69da5080d8bd70be27	ASV34d__Bacteria;p__Bacteroidota;c__Bacteroidia;o__Flavobacteriales;f__Weeksellaceae;g__Elizabethkingia;s__Elizabethkingia_miricola	0.9999999999896403
bd34b2cff41a3a78816785d8e354e9e7	ASV27d__Bacteria;p__Proteobacteria;c__Gammaproteobacteria;o__Burkholderiales;f__Burkholderiaceae;g__Xylophilus;s__	0.9972155759583428
25f570d170004361d4019b33a73ded62	X391_Actinobacteria;Actinomycetales;Microbacteriaceae;Leifsonia	0.9999999999997868
af3bf555aea0465ed4aa9e1e89a57119	ASV34d__Bacteria;p__Bacteroidota;c__Bacteroidia;o__Flavobacteriales;f__Weeksellaceae;g__Elizabethkingia;s__Elizabethkingia_miricola	0.9999999999852065
fd64f970e75107f818a2564b4b9ebfce	ASV34d__Bacteria;p__Bacteroidota;c__Bacteroidia;o__Flavobacteriales;f__Weeksellaceae;g__Elizabethkingia;s__Elizabethkingia_miricola	0.999999999992454
cb3ceaded8c64b50afda00b8b2608c6a	Unassigned	0.8186705166497487
4c0e3df68fb8bddbfc93bed24949fdfe	ASV31d__Bacteria;p__Proteobacteria;c__Gammaproteobacteria;o__Burkholderiales;f__Burkholderiaceae;g__Delftia;s__Delftia_acidovorans	0.9965903265501589
b6285d957fcd814ddb7d13648fc7ac8b	Unassigned	0.6327668845959851
1536d7d6a33555a24d5f497e65aa438d	Unassigned	0.7255762468548893
c38a813028d15eca8fea73c7f5733ded	X391_Actinobacteria;Actinomycetales;Microbacteriaceae;Leifsonia	0.9999999999992184
2018c3ee8436e23855761e1a4b1997ff	ASV19d__Bacteria;p__Bacteroidota;c__Bacteroidia;o__Sphingobacteriales;f__Sphingobacteriaceae;g__Pedobacter;s__	0.9994579342046286
8a0b8ab0bc3430f08ef04e628fa502cf	Unassigned	0.6936360959506838
3267ed0b1e9527503d908eaae081536c	Unassigned	0.576633712229513
041aa2c174d23ce93d2dc1ab13957f6c	X391_Actinobacteria;Actinomycetales;Microbacteriaceae;Leifsonia	0.999998432568595
eea26ff43b1a57ec26e13e4d4760f64c	Unassigned	0.864987412435793
ff7827521eae33edd8ecbf40a31443bf	ASV33d__Bacteria;p__Proteobacteria;c__Alphaproteobacteria;o__Rhizobiales;f__Beijerinckiaceae;g__Bosea;s__	0.9999999760395187
854950b9b7acc61dec2953777151327e	Unassigned	0.8615790720906703
fdacb00e8ad30c1b5ac340a89ad3b606	ASV14d__Bacteria;p__Proteobacteria;c__Gammaproteobacteria;o__Pseudomonadales;f__Pseudomonadaceae;g__Pseudomonas_E;s__Pseudomonas_E fluorescens_AP	0.9999999998855742
283f0828ab956eff614fa8c80ed7a013	Unassigned	0.8354103866142265
68814fc77b18a11def84cd9395cdd4ca	Unassigned	0.5455706663266449
04f4e76b9ed7e7bf5a8470d6433ee39d	ASV2d__Bacteria;p__Bacteroidota;c__Bacteroidia;o__Sphingobacteriales;f__Sphingobacteriaceae;g__Pedobacter;s__	0.9996450763681105
222ceda4a20c165555186b00b46658dd	Unassigned	0.5154562579746917
441d09bc0df3ce90a75e9b547391b570	Unassigned	0.7964058161634083
ddf5939d7546d550aa592c35042caa76	Unassigned	0.8293010267546128
9ab4ea943838c3fce69adc7ed6a598a2	ASV8d__Bacteria;p__Proteobacteria;c__Alphaproteobacteria;o__Rhizobiales;f__Rhizobiaceae;g__Rhizobium;s__	0.9999999744577938
134d6cde029d6802531cf76b25c59922	X391_Actinobacteria;Actinomycetales;Microbacteriaceae;Leifsonia	0.9999999999994884
5cf3a4b0db8fb95d53ca6c030e94e397	ASV34d__Bacteria;p__Bacteroidota;c__Bacteroidia;o__Flavobacteriales;f__Weeksellaceae;g__Elizabethkingia;s__Elizabethkingia_miricola	0.9999999998952234
50b624004c35023bbd839c39fe3c25cc	Unassigned	0.6042589966855156
0c131f0bddffb79d15bbf1ffc7bff199	Unassigned	0.511530359096578
b5a36a10691ac1400cacb28c38691393	Unassigned	0.6098439437269955
c67fd08a095d6d113aaa56b3a6706a05	Unassigned	0.5747593169617158
7f156795ae976aa110417a25b901af91	ASV17d__Bacteria;p__Bacteroidota;c__Bacteroidia;o__Sphingobacteriales;f__Sphingobacteriaceae;g__Pedobacter;s__	0.9575525207337724
7e597ae78e6e2d7ef4ed47d75f166351	Unassigned	0.591965799889264
7e864806c87cd4c49057be58da2716a8	ASV33d__Bacteria;p__Proteobacteria;c__Alphaproteobacteria;o__Rhizobiales;f__Beijerinckiaceae;g__Bosea;s__	0.9999999925463356
45e4a76bdb5557aeb34ed41e2471759e	X391_Actinobacteria;Actinomycetales;Microbacteriaceae;Leifsonia	0.9999999999998437
f5481f0edf34146b647952e87a8b5a86	Unassigned	0.3262270699101555
7b4264a9de0b4db3e23a28e36c35ab5d	ASV14d__Bacteria;p__Proteobacteria;c__Gammaproteobacteria;o__Pseudomonadales;f__Pseudomonadaceae;g__Pseudomonas_E;s__Pseudomonas_E fluorescens_AP	0.9999999989704662
3ba7c78c04dd68188a2734e016fd8d91	Unassigned	0.6633715076094537
5f15d7f49e1789a15d53b975c92afc4e	ASV32d__Bacteria;p__Proteobacteria;c__Gammaproteobacteria;o__Burkholderiales;f__Burkholderiaceae;g__Achromobacter;s__	0.9999993671127938
624787894069c380ce239bbded807fd1	ASV34d__Bacteria;p__Bacteroidota;c__Bacteroidia;o__Flavobacteriales;f__Weeksellaceae;g__Elizabethkingia;s__Elizabethkingia_miricola	0.9999999999633786
a0e669f1928fc48ee9b3f62c32a6ea55	Unassigned	0.7487455924829207
d524a31814c0e5a712ddd1fd3afb2554	Unassigned	0.50539154273418
5c278cb580f3ac6c8146cb6e60b3b454	ASV27d__Bacteria;p__Proteobacteria;c__Gammaproteobacteria;o__Burkholderiales;f__Burkholderiaceae;g__Xylophilus;s__	0.9946522552132144
0eb5979c25ecc51e98b94548b3908800	Unassigned	0.7026447415834942
787b4a69d2e78695551aed2a89820925	Unassigned	0.5428327066075742
95311a4aa8934d4da21f33753948f6f3	Unassigned	0.8784350316375109
38d5d572481491b80691ba6ffb0f6866	Unassigned	0.7254906105082112
682a3338496fe1b23e5e442c24d9d993	Unassigned	0.6776046052631703
3b39c52d992421d8368bea1f156f5f01	ASV33d__Bacteria;p__Proteobacteria;c__Alphaproteobacteria;o__Rhizobiales;f__Beijerinckiaceae;g__Bosea;s__	0.7738677075015087
7bfa27072db62b2f913789c373d7ef28	ASV10d__Bacteria;p__Proteobacteria;c__Gammaproteobacteria;o__Burkholderiales;f__Burkholderiaceae;g__Comamonas_B;s__	0.9975977131910966
f1c3eb3a1e6d6f88fab98daef7dae8c4	ASV27d__Bacteria;p__Proteobacteria;c__Gammaproteobacteria;o__Burkholderiales;f__Burkholderiaceae;g__Xylophilus;s__	0.9978117230448474
383fefc60fa11c1d4d24af4cdbb70d63	X491_Betaproteobacteria;Burkholderiales;Burkholderiaceae;Pandoraea	0.9975552660283494
a7af94f8b349dbb83c0e8849bda43e2a	Unassigned	0.8102532793322555
ac5a4c643a5a0fda78c03429cd9ff0e1	Unassigned	0.8198915484812335
8f7c737007cfbed8b5ea17503e45422c	X391_Actinobacteria;Actinomycetales;Microbacteriaceae;Leifsonia	0.9998849103972485
82be5f5b317d8911637af7325e39f81a	Unassigned	0.8585013337081252
5ba5299771f37aea1f57f30115ccfde9	Unassigned	0.47598664929916534
0df024f53308312cfe4e30ae54635c77	Unassigned	0.6390741504784078
81a3e0607c677587b0c35f9aa438f533	Unassigned	0.7092475047891585
fe7e2a7ec459608b0bfe81d35e87b087	X263_Sphingobacteriia;Sphingobacteriales;Chitinophagaceae; Chitinophaga	0.9999999999443361
c5543668b1a48fd37b47c26e0c81f26f	X391_Actinobacteria;Actinomycetales;Microbacteriaceae;Leifsonia	0.9999999999995453
d0e458b3b65774df773b9573f11b67a2	ASV2d__Bacteria;p__Bacteroidota;c__Bacteroidia;o__Sphingobacteriales;f__Sphingobacteriaceae;g__Pedobacter;s__	0.9991358221570371
b3dce27fa1dafc5ba319c0ed750d795a	X391_Actinobacteria;Actinomycetales;Microbacteriaceae;Leifsonia	0.9998744644206187
6c7ac30f35ba21fda3e5e1150c3156df	ASV33d__Bacteria;p__Proteobacteria;c__Alphaproteobacteria;o__Rhizobiales;f__Beijerinckiaceae;g__Bosea;s__	0.8737669365917005
dbdc21dd68e3925af15b8b5256233735	Unassigned	0.6941294697614759
394eda29c886632f514dd94b58381186	Unassigned	0.3461138362885625
8d11025591995dcbd37433b5d847d0bc	ASV17d__Bacteria;p__Bacteroidota;c__Bacteroidia;o__Sphingobacteriales;f__Sphingobacteriaceae;g__Pedobacter;s__	0.9605915047695854
3482bd0147da3f3f56bb004bf197f1ae	ASV31d__Bacteria;p__Proteobacteria;c__Gammaproteobacteria;o__Burkholderiales;f__Burkholderiaceae;g__Delftia;s__Delftia_acidovorans	0.9995209187083554
f8aeec3c1ff0f4e7e1c829e4db0618d9	ASV14d__Bacteria;p__Proteobacteria;c__Gammaproteobacteria;o__Pseudomonadales;f__Pseudomonadaceae;g__Pseudomonas_E;s__Pseudomonas_E fluorescens_AP	0.9999999818039386
c9715801e038294f6643f60fd3399602	ASV14d__Bacteria;p__Proteobacteria;c__Gammaproteobacteria;o__Pseudomonadales;f__Pseudomonadaceae;g__Pseudomonas_E;s__Pseudomonas_E fluorescens_AP	0.9999999995078497
3e62293879ac885a702f8dba8ff81b20	ASV14d__Bacteria;p__Proteobacteria;c__Gammaproteobacteria;o__Pseudomonadales;f__Pseudomonadaceae;g__Pseudomonas_E;s__Pseudomonas_E fluorescens_AP	0.9999999996830411
0e944ffc3f91e4afe8e6da102276c354	Unassigned	0.5476752666206884
190aef55d922eae7e78529e8e972d06b	Unassigned	0.7646879274094818
701d263eced985adb844444eb8468805	Unassigned	0.6729525316696262
74285648c0ad1f5fdf032f69ad85463b	Unassigned	0.7561904629912857
6a2558ee9bc867eb4c613972caba576c	ASV19d__Bacteria;p__Bacteroidota;c__Bacteroidia;o__Sphingobacteriales;f__Sphingobacteriaceae;g__Pedobacter;s__	0.9996334423278783
cf16f69eb769dc092e348d7d07f6d823	ASV17d__Bacteria;p__Bacteroidota;c__Bacteroidia;o__Sphingobacteriales;f__Sphingobacteriaceae;g__Pedobacter;s__	0.8952036445858474
f36a0227498ed8fcf004f11db2d1e952	Unassigned	0.6208528608919875
fc230d0f9bd49cecd0553f9e0648bf70	ASV29d__Bacteria;p__Proteobacteria;c__Gammaproteobacteria;o__Enterobacterales;f__Enterobacteriaceae;g__Citrobacter;s__Citrobacter_braakii	0.9996812991104091
e06b863198391a4b62f74f73c550e74d	ASV14d__Bacteria;p__Proteobacteria;c__Gammaproteobacteria;o__Pseudomonadales;f__Pseudomonadaceae;g__Pseudomonas_E;s__Pseudomonas_E fluorescens_AP	0.9999999999220677
00f459f91d40887b33617cb0cebb3345	Unassigned	0.4934313066495388
5702deb7f0a51441101b2ef0db924d61	Unassigned	0.4464515062480632
61289668ac42bf0069de97ab496a2c71	ASV17d__Bacteria;p__Bacteroidota;c__Bacteroidia;o__Sphingobacteriales;f__Sphingobacteriaceae;g__Pedobacter;s__	0.9679001170233047
1b0747a73ddb901a3250102045af02e7	Unassigned	0.7605739389855879
d5aca7b87f5293219d5ad0eee2c5d222	ASV2d__Bacteria;p__Bacteroidota;c__Bacteroidia;o__Sphingobacteriales;f__Sphingobacteriaceae;g__Pedobacter;s__	0.9986811040036112
7ec21b784aff05f756f724bd4a1ce30a	Unassigned	0.6190358863835598
6648020ed01454b349b59279f44a4e91	Unassigned	0.7148667379468774
b1e7c5cfb2c2b0f7b346925381dba2ee	Unassigned	0.7325242619776173
e5b9b267d35f110fe25692ada980f3c9	Unassigned	0.8397043995745648
a89ffe62605d0f900387b55e0c8f6046	ASV2d__Bacteria;p__Bacteroidota;c__Bacteroidia;o__Sphingobacteriales;f__Sphingobacteriaceae;g__Pedobacter;s__	0.9997637677346376
fd19bdeb0b8e56113a7ac58a1941e179	X120_Alphaproteobacteria;Sphingomonadales;Sphingomonadaceae;Sphingomonas	0.9991362337880663
3b010dbd9eae72a79f11af5d24eb3ca3	ASV21d__Bacteria;p__Proteobacteria;c__Gammaproteobacteria;o__Xanthomonadales;f__Rhodanobacteraceae;g__Dyella;s__	0.7766476288947458
0c579d21280801f02a641e1608606927	X391_Actinobacteria;Actinomycetales;Microbacteriaceae;Leifsonia	0.9999999646051954
e8103d5f53cebf626014409b0780413f	ASV27d__Bacteria;p__Proteobacteria;c__Gammaproteobacteria;o__Burkholderiales;f__Burkholderiaceae;g__Xylophilus;s__	0.9899951199746577
c550c0197217c545598df60f4167deea	ASV31d__Bacteria;p__Proteobacteria;c__Gammaproteobacteria;o__Burkholderiales;f__Burkholderiaceae;g__Delftia;s__Delftia_acidovorans	0.999598963373801
484a544f467557a2c754efeb0774b446	ASV30d__Bacteria;p__Proteobacteria;c__Gammaproteobacteria;o__Enterobacterales;f__Enterobacteriaceae;g__Serratia_A;s__Serratia_Afonticola	0.9993315626525304
2089b958cd98d80601d3abb4d36fbebf	ASV5d__Bacteria;p__Proteobacteria;c__Gammaproteobacteria;o__Burkholderiales;f__Chromobacteriaceae;g__Chromobacterium;s__Chromobacteriumsp002213445	0.9995331109038049
3b97d0dc1f17e9c5c968aba087ded95f	ASV27d__Bacteria;p__Proteobacteria;c__Gammaproteobacteria;o__Burkholderiales;f__Burkholderiaceae;g__Xylophilus;s__	0.9964351942565022
2981829e395147d1c87fb5f7aa0733f7	X120_Alphaproteobacteria;Sphingomonadales;Sphingomonadaceae;Sphingomonas	0.999999719426324
4a9f82266a71c02c8ca3c799c1243b48	ASV10d__Bacteria;p__Proteobacteria;c__Gammaproteobacteria;o__Burkholderiales;f__Burkholderiaceae;g__Comamonas_B;s__	0.9961687103172462
a8f9154d9d4c74988da0aa4d958c6e5f	ASV30d__Bacteria;p__Proteobacteria;c__Gammaproteobacteria;o__Enterobacterales;f__Enterobacteriaceae;g__Serratia_A;s__Serratia_Afonticola	0.9990030986973969
131abb35a9b5cd7891c84a618bce8d81	Unassigned	0.8218384890824235
aa7d4d9caddd9f2d38b64ce44f75c258	Unassigned	0.8037031646056113
dd8d0e0d6e0dc39180c6affdd07e68de	Unassigned	0.41377458985292603
25b690d90de7a40034e65fe809646810	X391_Actinobacteria;Actinomycetales;Microbacteriaceae;Leifsonia	0.9999999999998863
c9e9e75dc70aebbad9d8ab919f76f5eb	Unassigned	0.6004039054746282
463e57ef349c171020c54a2282eb97f8	ASV2d__Bacteria;p__Bacteroidota;c__Bacteroidia;o__Sphingobacteriales;f__Sphingobacteriaceae;g__Pedobacter;s__	0.9997665737124143
e65d5d221d66ed818a79d22a993e9858	ASV34d__Bacteria;p__Bacteroidota;c__Bacteroidia;o__Flavobacteriales;f__Weeksellaceae;g__Elizabethkingia;s__Elizabethkingia_miricola	0.9999999999849223
b2907cac4d0f2ff56df42c279c842e5b	Unassigned	0.5963962136956507
c0c775a171f756bf1a0f8d9229987699	ASV14d__Bacteria;p__Proteobacteria;c__Gammaproteobacteria;o__Pseudomonadales;f__Pseudomonadaceae;g__Pseudomonas_E;s__Pseudomonas_E fluorescens_AP	0.9999999998493365
3d57e6489af64cfb56dc4bafb91bb3f2	ASV34d__Bacteria;p__Bacteroidota;c__Bacteroidia;o__Flavobacteriales;f__Weeksellaceae;g__Elizabethkingia;s__Elizabethkingia_miricola	0.999999999948713
154c366e8b5b382a8f2d0e7f8dd85ebf	X491_Betaproteobacteria;Burkholderiales;Burkholderiaceae;Pandoraea	0.9971475723495449
bddbd9a0fd6e2b760df185f9d574bac5	Unassigned	0.6510169667344781
2bafbe85536f464d12b65ab8e2777e4f	ASV14d__Bacteria;p__Proteobacteria;c__Gammaproteobacteria;o__Pseudomonadales;f__Pseudomonadaceae;g__Pseudomonas_E;s__Pseudomonas_E fluorescens_AP	0.9999999995772697
b2672668bbb86e710cf48c34ea6bcb49	ASV2d__Bacteria;p__Bacteroidota;c__Bacteroidia;o__Sphingobacteriales;f__Sphingobacteriaceae;g__Pedobacter;s__	0.9996325651461958
6912eb76c761bdc9e759f3d570e2a5e5	Unassigned	0.8539855141119634
c98447d224d6ca44f699f765668e6b04	Unassigned	0.45640922328582034
5aec9bd35889489e4a05c78a82358060	ASV14d__Bacteria;p__Proteobacteria;c__Gammaproteobacteria;o__Pseudomonadales;f__Pseudomonadaceae;g__Pseudomonas_E;s__Pseudomonas_E fluorescens_AP	0.9999999988721697
4975a83abf07b9c4685bab0ce816ed11	ASV32d__Bacteria;p__Proteobacteria;c__Gammaproteobacteria;o__Burkholderiales;f__Burkholderiaceae;g__Achromobacter;s__	0.9999995643983607
ba1eaf1fa991a37f47e339252b626348	Unassigned	0.8680988947360441
b59bcb35e038dbaf8dc375cdf2f79c4d	X391_Actinobacteria;Actinomycetales;Microbacteriaceae;Leifsonia	0.9984860790888656
838e9fbcee2cda98e812b69152f79456	Unassigned	0.7538310372378922
a31d21c549c3a714a20d4abdc39a5c8c	ASV8d__Bacteria;p__Proteobacteria;c__Alphaproteobacteria;o__Rhizobiales;f__Rhizobiaceae;g__Rhizobium;s__	0.9999999754948877
0d28aad2e1a6bb0dfd176c6298dcfe6d	ASV31d__Bacteria;p__Proteobacteria;c__Gammaproteobacteria;o__Burkholderiales;f__Burkholderiaceae;g__Delftia;s__Delftia_acidovorans	0.998685818563013
afb0f7b9695ba8b5b288764d3d7ff06a	ASV31d__Bacteria;p__Proteobacteria;c__Gammaproteobacteria;o__Burkholderiales;f__Burkholderiaceae;g__Delftia;s__Delftia_acidovorans	0.9997624149481482
5bf581678f0b8bc1c343f1c8a100272a	ASV34d__Bacteria;p__Bacteroidota;c__Bacteroidia;o__Flavobacteriales;f__Weeksellaceae;g__Elizabethkingia;s__Elizabethkingia_miricola	0.9999999999716636
145529cf86ca4060d03598712f3ba62f	Unassigned	0.8248119029384045
5f02fe55f129a7cec329e7edc9831fc4	Unassigned	0.8357914192844386
532ae6f4e02022b6601004f8763c6b73	ASV17d__Bacteria;p__Bacteroidota;c__Bacteroidia;o__Sphingobacteriales;f__Sphingobacteriaceae;g__Pedobacter;s__	0.9639818769849728
01f8928ead1878f24cd65ad22adf9057	Unassigned	0.6674670233359883
a440a02afd88aec84c111315c4760829	Unassigned	0.6545408866159288
2ab31842e3b1d85a59ddd20694730a56	Unassigned	0.839950710259852
b8e243a126f95444af78b808d8c7bfcf	Unassigned	0.558613125982393
b8950f30bc16de736d2e062f7ae3d604	Unassigned	0.30286548781235
7a8e67403a2be9ec93abfec29ac97ab8	ASV34d__Bacteria;p__Bacteroidota;c__Bacteroidia;o__Flavobacteriales;f__Weeksellaceae;g__Elizabethkingia;s__Elizabethkingia_miricola	0.99999999990834
ba6ab66e70e45b70f9a4814a571a2a1d	ASV34d__Bacteria;p__Bacteroidota;c__Bacteroidia;o__Flavobacteriales;f__Weeksellaceae;g__Elizabethkingia;s__Elizabethkingia_miricola	0.9999999998564562
2431243df67561dde8e0adacaac4b8e8	ASV30d__Bacteria;p__Proteobacteria;c__Gammaproteobacteria;o__Enterobacterales;f__Enterobacteriaceae;g__Serratia_A;s__Serratia_Afonticola	0.99854760155508
677e42c6f79375a9913b3048a6753288	ASV14d__Bacteria;p__Proteobacteria;c__Gammaproteobacteria;o__Pseudomonadales;f__Pseudomonadaceae;g__Pseudomonas_E;s__Pseudomonas_E fluorescens_AP	0.9999999954635683
8612a638846acf832935cb932a1f0398	ASV34d__Bacteria;p__Bacteroidota;c__Bacteroidia;o__Flavobacteriales;f__Weeksellaceae;g__Elizabethkingia;s__Elizabethkingia_miricola	0.9999991131134134
68b642015893372f13ae0623094c868c	Unassigned	0.7546329295032497
a543eca79f57138fb36cea90ff074dc5	ASV32d__Bacteria;p__Proteobacteria;c__Gammaproteobacteria;o__Burkholderiales;f__Burkholderiaceae;g__Achromobacter;s__	0.9999997661043654
b89e49e0709ba07987bac83d7741b688	ASV14d__Bacteria;p__Proteobacteria;c__Gammaproteobacteria;o__Pseudomonadales;f__Pseudomonadaceae;g__Pseudomonas_E;s__Pseudomonas_E fluorescens_AP	0.9999999999544258
6cd6f84284e81eac3fb2cb51e26e693f	ASV14d__Bacteria;p__Proteobacteria;c__Gammaproteobacteria;o__Pseudomonadales;f__Pseudomonadaceae;g__Pseudomonas_E;s__Pseudomonas_E fluorescens_AP	0.9999999996762057
be550130e32d331a00fdc0bf92293a76	Unassigned	0.7308648563569631
d3b8dcfa1629b562e7dcb6c2bdc27ad4	X391_Actinobacteria;Actinomycetales;Microbacteriaceae;Leifsonia	0.9999999999998437
d6256706a95e07defb2d28674a1c19c5	X391_Actinobacteria;Actinomycetales;Microbacteriaceae;Leifsonia	0.9999999999993321
c70b193f1b374c1730b2306b4ef87fb3	X491_Betaproteobacteria;Burkholderiales;Burkholderiaceae;Pandoraea	0.9891730339988336
0743492db56ceecc5ba6629827872165	ASV32d__Bacteria;p__Proteobacteria;c__Gammaproteobacteria;o__Burkholderiales;f__Burkholderiaceae;g__Achromobacter;s__	0.9999997682652959
d238dd3016103ee8bd646579433b311a	X120_Alphaproteobacteria;Sphingomonadales;Sphingomonadaceae;Sphingomonas	0.9999998820231822
ab0b2e44db79b37a57b8881ee03c8214	ASV30d__Bacteria;p__Proteobacteria;c__Gammaproteobacteria;o__Enterobacterales;f__Enterobacteriaceae;g__Serratia_A;s__Serratia_Afonticola	0.998788543006976
857779cb7dce29a58e8a1031a297388e	Unassigned	0.5261802683053027
e2ff03f3258640225547b332bc8d647a	Unassigned	0.7459511914532175
fe11a14a8e2894e184a1775c94e5cb85	Unassigned	0.6956883822073885
64f0603a1c244639eecedb127608c4a6	Unassigned	0.6546882818894284
88980e1c727cfc109e54aafcf684de4d	Unassigned	0.5783319635484815
2eeedead0f29786a7ec9cf13de5f5144	ASV14d__Bacteria;p__Proteobacteria;c__Gammaproteobacteria;o__Pseudomonadales;f__Pseudomonadaceae;g__Pseudomonas_E;s__Pseudomonas_E fluorescens_AP	0.9999999682367507
4f0793ec56f9a1db53a64ca8cdc1873a	Unassigned	0.8374090033535245
e81a728ed72909264f296c70da62e855	Unassigned	0.7568044270836626
f95a68fe1c8b4b6499b3aff4246bd2d1	Unassigned	0.8846038600422889
d98f53d2eb513e9ccc403daf616a301c	X391_Actinobacteria;Actinomycetales;Microbacteriaceae;Leifsonia	0.9993422548796098
02b4cbe5c2955ab2f66dc82cdf6dad64	ASV31d__Bacteria;p__Proteobacteria;c__Gammaproteobacteria;o__Burkholderiales;f__Burkholderiaceae;g__Delftia;s__Delftia_acidovorans	0.915652385832253
caab8211599bb4cdb1ef7504a2438b70	Unassigned	0.8291232082145386
0891c096f3f37af79cf9b0b369c81ea0	Unassigned	0.693894791031804
5244e0099490f11613bd99f0518af5d7	ASV31d__Bacteria;p__Proteobacteria;c__Gammaproteobacteria;o__Burkholderiales;f__Burkholderiaceae;g__Delftia;s__Delftia_acidovorans	0.999736948405496
9ecc583435b571f84ace8e5621dc586a	ASV5d__Bacteria;p__Proteobacteria;c__Gammaproteobacteria;o__Burkholderiales;f__Chromobacteriaceae;g__Chromobacterium;s__Chromobacteriumsp002213445	0.9993132685715312
d8da57a6ddc6436943896783381464eb	Unassigned	0.8828902259047465
4ce8c04d6d9beba374b446bb0e086947	ASV29d__Bacteria;p__Proteobacteria;c__Gammaproteobacteria;o__Enterobacterales;f__Enterobacteriaceae;g__Citrobacter;s__Citrobacter_braakii	0.9998508115028922
bbe76cd9acb10b3f3a498edc2c00ba05	ASV34d__Bacteria;p__Bacteroidota;c__Bacteroidia;o__Flavobacteriales;f__Weeksellaceae;g__Elizabethkingia;s__Elizabethkingia_miricola	0.9999999999754294
9ef4229237c0a7f3ba4ec6a68a346c30	ASV8d__Bacteria;p__Proteobacteria;c__Alphaproteobacteria;o__Rhizobiales;f__Rhizobiaceae;g__Rhizobium;s__	0.9999999857298577
7095a0b5e2dd9e7045325146065cac91	ASV30d__Bacteria;p__Proteobacteria;c__Gammaproteobacteria;o__Enterobacterales;f__Enterobacteriaceae;g__Serratia_A;s__Serratia_Afonticola	0.9983817296912568
7c6df1b8f9e717b5f26ea4683b190ad3	ASV19d__Bacteria;p__Bacteroidota;c__Bacteroidia;o__Sphingobacteriales;f__Sphingobacteriaceae;g__Pedobacter;s__	0.9997083637150496
ad946186b2035c999af204ddfd8d467a	Unassigned	0.8562227360503175
08b9a956e42ed85f81ed31817fe3ac91	ASV14d__Bacteria;p__Proteobacteria;c__Gammaproteobacteria;o__Pseudomonadales;f__Pseudomonadaceae;g__Pseudomonas_E;s__Pseudomonas_E fluorescens_AP	0.9999999963273183
482e37c9a72e5ebbbb585ab034090b05	Unassigned	0.6599187475947412
f90a8330e05d295cc95104e948c72ebc	Unassigned	0.440713201802993
0c0ce4307cd4e784b07e30f9f0184689	Unassigned	0.8271877710088079
11c089eaa1afb5ed601f4131e6625d74	ASV33d__Bacteria;p__Proteobacteria;c__Alphaproteobacteria;o__Rhizobiales;f__Beijerinckiaceae;g__Bosea;s__	0.711186329921757
72d4d5c2e24790448e134cb32981088c	Unassigned	0.43665173418469183
cd02def2558706dee59b7a1e653358d8	ASV8d__Bacteria;p__Proteobacteria;c__Alphaproteobacteria;o__Rhizobiales;f__Rhizobiaceae;g__Rhizobium;s__	0.9999999938320911
f4dcec7de243009dd5cc621186ec4dc2	ASV19d__Bacteria;p__Bacteroidota;c__Bacteroidia;o__Sphingobacteriales;f__Sphingobacteriaceae;g__Pedobacter;s__	0.9992129174685423
681c1740d5917dc84caacdd55ece7ca2	ASV14d__Bacteria;p__Proteobacteria;c__Gammaproteobacteria;o__Pseudomonadales;f__Pseudomonadaceae;g__Pseudomonas_E;s__Pseudomonas_E fluorescens_AP	0.9999999994917346
508259b3cebfadff8e47e4c181f24e79	Unassigned	0.6258618806010918
2f6a3c4ae21e25f9ccd25f6f410f2c32	ASV34d__Bacteria;p__Bacteroidota;c__Bacteroidia;o__Flavobacteriales;f__Weeksellaceae;g__Elizabethkingia;s__Elizabethkingia_miricola	0.9999999998855884
ea1d43eb44b0b1d09cfa9e1d76c8bb00	ASV14d__Bacteria;p__Proteobacteria;c__Gammaproteobacteria;o__Pseudomonadales;f__Pseudomonadaceae;g__Pseudomonas_E;s__Pseudomonas_E fluorescens_AP	0.9999999986361843
12ddd9d179354a339463223773c209c6	ASV29d__Bacteria;p__Proteobacteria;c__Gammaproteobacteria;o__Enterobacterales;f__Enterobacteriaceae;g__Citrobacter;s__Citrobacter_braakii	0.9993983089356282
c00d2d61b462504f79311f70681de5f7	ASV31d__Bacteria;p__Proteobacteria;c__Gammaproteobacteria;o__Burkholderiales;f__Burkholderiaceae;g__Delftia;s__Delftia_acidovorans	0.9996021573340984
9dcf5619ad686e7dff75914726b34bda	ASV32d__Bacteria;p__Proteobacteria;c__Gammaproteobacteria;o__Burkholderiales;f__Burkholderiaceae;g__Achromobacter;s__	0.9999996320884288
dbd38b4d0e7f21dba83b655437d78b2b	ASV29d__Bacteria;p__Proteobacteria;c__Gammaproteobacteria;o__Enterobacterales;f__Enterobacteriaceae;g__Citrobacter;s__Citrobacter_braakii	0.9994803209385232
c779a4a84b620ff433a06191c2429372	ASV34d__Bacteria;p__Bacteroidota;c__Bacteroidia;o__Flavobacteriales;f__Weeksellaceae;g__Elizabethkingia;s__Elizabethkingia_miricola	0.9999999999710667
365ac3ac90a756b3f1828b07023622aa	Unassigned	0.6550385746161971
8ae4e6df6cbdf536952ad0481ea0cccc	ASV2d__Bacteria;p__Bacteroidota;c__Bacteroidia;o__Sphingobacteriales;f__Sphingobacteriaceae;g__Pedobacter;s__	0.9997476847210085
766b83bc39828171576b9632d07a391d	ASV5d__Bacteria;p__Proteobacteria;c__Gammaproteobacteria;o__Burkholderiales;f__Chromobacteriaceae;g__Chromobacterium;s__Chromobacteriumsp002213445	0.9998010558586676
94090d0709725de92198358fa4904c21	Unassigned	0.654186430635072
2c73e3bf68b73673fbb5c4557ca4a91a	Unassigned	0.6242537707472176
d09bb83ba3747d621f4e477d3ccbed94	Unassigned	0.5394073252309108
63588349c89d6fe0bdb2ff6865ccff23	ASV14d__Bacteria;p__Proteobacteria;c__Gammaproteobacteria;o__Pseudomonadales;f__Pseudomonadaceae;g__Pseudomonas_E;s__Pseudomonas_E fluorescens_AP	0.999999999746791
b5128184b9feff989167320403e47d52	ASV29d__Bacteria;p__Proteobacteria;c__Gammaproteobacteria;o__Enterobacterales;f__Enterobacteriaceae;g__Citrobacter;s__Citrobacter_braakii	0.9998566163130177
44800da171e7516c0b552943318166d0	Unassigned	0.7089088875609715
2e638c4609e5911b0fed83365fdd159a	ASV30d__Bacteria;p__Proteobacteria;c__Gammaproteobacteria;o__Enterobacterales;f__Enterobacteriaceae;g__Serratia_A;s__Serratia_Afonticola	0.9992548962119805
e6fc8112cedbc87b1e840b3829a7a2a1	ASV29d__Bacteria;p__Proteobacteria;c__Gammaproteobacteria;o__Enterobacterales;f__Enterobacteriaceae;g__Citrobacter;s__Citrobacter_braakii	0.9992471659128787
e3b1f2c05f9194becda5bb79e3b58366	ASV29d__Bacteria;p__Proteobacteria;c__Gammaproteobacteria;o__Enterobacterales;f__Enterobacteriaceae;g__Citrobacter;s__Citrobacter_braakii	0.9998790947255943
9d14d298da566f10598fcc9f06ae66fa	ASV34d__Bacteria;p__Bacteroidota;c__Bacteroidia;o__Flavobacteriales;f__Weeksellaceae;g__Elizabethkingia;s__Elizabethkingia_miricola	0.9999999999676419
7508dbb4210bb26d8730a2b2e501d81b	ASV32d__Bacteria;p__Proteobacteria;c__Gammaproteobacteria;o__Burkholderiales;f__Burkholderiaceae;g__Achromobacter;s__	0.9999995534306552
6812650403d89a110fdcc879348adf21	Unassigned	0.8504285481418291
ebbfb7fcab0118bd495508c40ac0bd0f	ASV14d__Bacteria;p__Proteobacteria;c__Gammaproteobacteria;o__Pseudomonadales;f__Pseudomonadaceae;g__Pseudomonas_E;s__Pseudomonas_E fluorescens_AP	0.999999999853415
1e280c48c3ac94439468564e13727865	ASV32d__Bacteria;p__Proteobacteria;c__Gammaproteobacteria;o__Burkholderiales;f__Burkholderiaceae;g__Achromobacter;s__	0.9999993105418487
1c4fa69dadbf2260f6eed0fa8d40c499	Unassigned	0.7270244520058531
0d9385b0b0c7d6b5da1435c462aae7d3	Unassigned	0.7900125260623776
9b3ebfe4b3b23c5edcae6e639f5c6537	Unassigned	0.8645251965428211
fe4aa90b6686cf7ee9bcf7db377bd869	ASV6d__Bacteria;p__Proteobacteria;c__Gammaproteobacteria;o__Burkholderiales;f__Burkholderiaceae;g__Ralstonia;s__	0.9921749374864358
e9b1e66b80c9d3d44861dc38440cfbbf	Unassigned	0.8073678377594087
227253fef87fe5013141954fceea878d	X391_Actinobacteria;Actinomycetales;Microbacteriaceae;Leifsonia	0.9999986900102781
7efc5f4d14c8a8a5e45ced3fd14e1679	ASV17d__Bacteria;p__Bacteroidota;c__Bacteroidia;o__Sphingobacteriales;f__Sphingobacteriaceae;g__Pedobacter;s__	0.9395652109127535
6364c1edd264eabb3c4fabe071b66f3f	ASV34d__Bacteria;p__Bacteroidota;c__Bacteroidia;o__Flavobacteriales;f__Weeksellaceae;g__Elizabethkingia;s__Elizabethkingia_miricola	0.9999999999883755
55bd718bdcb394fb77fa211dbf75be06	ASV31d__Bacteria;p__Proteobacteria;c__Gammaproteobacteria;o__Burkholderiales;f__Burkholderiaceae;g__Delftia;s__Delftia_acidovorans	0.9996706113689517
667fd209d71cbea9f0606e9427aa9b43	Unassigned	0.820784628844101
d679ea7e8682579097e265a48a44637b	Unassigned	0.7804811266558864
9e20e0e11627f557378defd0651e2038	Unassigned	0.7683160447696038
a4c7ddc19734d504e70123fc5637b9e6	ASV34d__Bacteria;p__Bacteroidota;c__Bacteroidia;o__Flavobacteriales;f__Weeksellaceae;g__Elizabethkingia;s__Elizabethkingia_miricola	0.9999999999670592
f069e680baa82c98d2b94a5d0e09d03e	ASV29d__Bacteria;p__Proteobacteria;c__Gammaproteobacteria;o__Enterobacterales;f__Enterobacteriaceae;g__Citrobacter;s__Citrobacter_braakii	0.9998515917429366
267aa632425d7f3df466f70fc2a3ea8b	Unassigned	0.8155177374308673
0624cff5f71d86e28748be3e584e3ac3	X491_Betaproteobacteria;Burkholderiales;Burkholderiaceae;Pandoraea	0.9980604570680175
8421996edb409be2efcdfeae6fc6cda2	Unassigned	0.3810412884234816
7bbf899ff4c64fe59e638fa8a1ce1518	ASV31d__Bacteria;p__Proteobacteria;c__Gammaproteobacteria;o__Burkholderiales;f__Burkholderiaceae;g__Delftia;s__Delftia_acidovorans	0.9997797355182776
f1cbb947d1cbe853842e37f7cd4ba601	ASV32d__Bacteria;p__Proteobacteria;c__Gammaproteobacteria;o__Burkholderiales;f__Burkholderiaceae;g__Achromobacter;s__	0.999999559030369
65133089b60f188c2b5897c2d3b3fea2	X391_Actinobacteria;Actinomycetales;Microbacteriaceae;Leifsonia	0.999999999999929
c4f44100c3bcd1b00d43266619088793	ASV30d__Bacteria;p__Proteobacteria;c__Gammaproteobacteria;o__Enterobacterales;f__Enterobacteriaceae;g__Serratia_A;s__Serratia_Afonticola	0.9977524516422714
276f27e206f213f09ffc5cd31a33dc57	ASV27d__Bacteria;p__Proteobacteria;c__Gammaproteobacteria;o__Burkholderiales;f__Burkholderiaceae;g__Xylophilus;s__	0.9965013329391691
f9e3aa5145a2aab1007fff5a86d0c1e0	Unassigned	0.6745093850277071
4b55d82c423b94f7e3832d45614f5727	X120_Alphaproteobacteria;Sphingomonadales;Sphingomonadaceae;Sphingomonas	0.9999988084005332
d1bf91e28469345fcd375e8cadcae088	ASV34d__Bacteria;p__Bacteroidota;c__Bacteroidia;o__Flavobacteriales;f__Weeksellaceae;g__Elizabethkingia;s__Elizabethkingia_miricola	0.9999999999653397
0b12fb883648514c43062ed2ea54a072	ASV31d__Bacteria;p__Proteobacteria;c__Gammaproteobacteria;o__Burkholderiales;f__Burkholderiaceae;g__Delftia;s__Delftia_acidovorans	0.9964940029631592
5f513d7fb532eafbf0e48a67e09db1c6	ASV28d__Bacteria;p__Bacteroidota;c__Bacteroidia;o__Sphingobacteriales;f__Sphingobacteriaceae;g__Pedobacter;s__	0.9988966136100843
0688ddc3ac59b078a53b2f6405305b74	Unassigned	0.7328535818513213
02e308322142333d6396e196aeac11a7	ASV8d__Bacteria;p__Proteobacteria;c__Alphaproteobacteria;o__Rhizobiales;f__Rhizobiaceae;g__Rhizobium;s__	0.9948014903013702
de1bc231b5e264065b9d354c20d888bb	ASV8d__Bacteria;p__Proteobacteria;c__Alphaproteobacteria;o__Rhizobiales;f__Rhizobiaceae;g__Rhizobium;s__	0.9999999931568482
d2eb1672dce1d8b8e8325d9da16be16f	Unassigned	0.836197935642459
9b5d3bca2a3ab75d043f26b94429bc57	Unassigned	0.7052223590297302
b0cbfd469ed636dca6d94f464983255c	Unassigned	0.6091759879781481
52d89c006a611062490952beda7c4a6d	Unassigned	0.7366608947682124
3c14a0e24d4d70aa93022a0765d02519	ASV34d__Bacteria;p__Bacteroidota;c__Bacteroidia;o__Flavobacteriales;f__Weeksellaceae;g__Elizabethkingia;s__Elizabethkingia_miricola	0.9999999999551221
c19185ebed83168c371918b5cf51d1b4	Unassigned	0.490368484064048
61b50000e36ccc7b947bad42b6aadc69	Unassigned	0.5863761521609543
65465e75ed84f51da1055483962ef548	ASV14d__Bacteria;p__Proteobacteria;c__Gammaproteobacteria;o__Pseudomonadales;f__Pseudomonadaceae;g__Pseudomonas_E;s__Pseudomonas_E fluorescens_AP	0.9999999994951168
a068b8b51b6423625ed21d9648ab1cfc	ASV11d__Bacteria;p__Proteobacteria;c__Gammaproteobacteria;o__Burkholderiales;f__Chromobacteriaceae;g__Aquitalea;s__Aquitaleapelogenes	0.9953363504437484
84a5eb5f10fe12178ec2d462e0a905b1	Unassigned	0.7524662450349712
3403dcd9efa89bc20215c04ebb5f2d60	Unassigned	0.8778222821893478
31fe3ca5922e5b6c4c9c37e10fdb4f2c	Unassigned	0.7672065205135046
ba7ace1f688993968f8905cb26c52183	ASV34d__Bacteria;p__Bacteroidota;c__Bacteroidia;o__Flavobacteriales;f__Weeksellaceae;g__Elizabethkingia;s__Elizabethkingia_miricola	0.9999999997765343
5fbc483f79cd97d3a7253931f37c33e8	Unassigned	0.6909335754359966
9fcb95eddbc9e05444a0ea715df09b4e	ASV17d__Bacteria;p__Bacteroidota;c__Bacteroidia;o__Sphingobacteriales;f__Sphingobacteriaceae;g__Pedobacter;s__	0.8500408369232383
d33f8e9436f8c89a1a9fbd0e043ba192	ASV30d__Bacteria;p__Proteobacteria;c__Gammaproteobacteria;o__Enterobacterales;f__Enterobacteriaceae;g__Serratia_A;s__Serratia_Afonticola	0.9992165303507844
bc61cedfbe6413a01214544b702c751f	Unassigned	0.6321109233830412
c489a5dd3e6b99cbbe986a7965f907ff	X391_Actinobacteria;Actinomycetales;Microbacteriaceae;Leifsonia	0.9999999633048879
0e138c1daf6175d0664ac0259ff89fa2	Unassigned	0.691826170843809
95fdd816723ca482a5caba10bea171c8	Unassigned	0.74931655930439
cbee7da9de37d7393001afc357c981a8	ASV27d__Bacteria;p__Proteobacteria;c__Gammaproteobacteria;o__Burkholderiales;f__Burkholderiaceae;g__Xylophilus;s__	0.9969074214034663
1929481fa0b943e074fb626f0cbe5572	Unassigned	0.6313296446342
b1ac17bbf485b2adf502f65d4c4176ff	Unassigned	0.7558037039273543
a60d7b5914ecba9fdcd58ff4e3b11718	X491_Betaproteobacteria;Burkholderiales;Burkholderiaceae;Pandoraea	0.9968030638133045
5942caa5b9ccade1c586ea5d5062fbe6	ASV34d__Bacteria;p__Bacteroidota;c__Bacteroidia;o__Flavobacteriales;f__Weeksellaceae;g__Elizabethkingia;s__Elizabethkingia_miricola	0.9999999999796358
1a38082fa35a8a317d05dc6881939ea0	ASV34d__Bacteria;p__Bacteroidota;c__Bacteroidia;o__Flavobacteriales;f__Weeksellaceae;g__Elizabethkingia;s__Elizabethkingia_miricola	0.999999999966505
e381bc8f6b51fa0bd81ad920a08ce6a6	ASV14d__Bacteria;p__Proteobacteria;c__Gammaproteobacteria;o__Pseudomonadales;f__Pseudomonadaceae;g__Pseudomonas_E;s__Pseudomonas_E fluorescens_AP	0.999999999826656
e53d8f88f2973cd37a6a299a8178c8a8	Unassigned	0.47907320452339464
666cde750cfb492cc21803eb736a97d8	Unassigned	0.7607305382509474
6d409053f4e0feb66180b7e4478dc5ad	Unassigned	0.8483591096990879
3540da9d7db53dca5c3ef7558e6e3d0b	Unassigned	0.5440656951568889
c1d9eada909d2d5dbe078f25f1038508	ASV31d__Bacteria;p__Proteobacteria;c__Gammaproteobacteria;o__Burkholderiales;f__Burkholderiaceae;g__Delftia;s__Delftia_acidovorans	0.8607955594188305
5f8db894a571d35c9d2fa4f8df8581f9	Unassigned	0.7562683693650452
c22b16cc6108c04f29fea3b6d4c81571	ASV30d__Bacteria;p__Proteobacteria;c__Gammaproteobacteria;o__Enterobacterales;f__Enterobacteriaceae;g__Serratia_A;s__Serratia_Afonticola	0.725534810171407
51bd32d78624f4d01400040d9542e959	Unassigned	0.5698111710650613
1c3e9aca160f6ed728ddfae4564150cb	ASV27d__Bacteria;p__Proteobacteria;c__Gammaproteobacteria;o__Burkholderiales;f__Burkholderiaceae;g__Xylophilus;s__	0.9970043394281389
f20ac21d65f782de1411a641204a539e	X391_Actinobacteria;Actinomycetales;Microbacteriaceae;Leifsonia	0.9999999999999147
c0ab308542ac1d5cbce323d6d85238ee	ASV34d__Bacteria;p__Bacteroidota;c__Bacteroidia;o__Flavobacteriales;f__Weeksellaceae;g__Elizabethkingia;s__Elizabethkingia_miricola	0.9999999999825633
4ccd1ba1ae3ff3c10b88dc88d40c0f92	ASV31d__Bacteria;p__Proteobacteria;c__Gammaproteobacteria;o__Burkholderiales;f__Burkholderiaceae;g__Delftia;s__Delftia_acidovorans	0.9997181855691349
0dbe955290f0f8e4ba59d0b7d3e70aaa	ASV29d__Bacteria;p__Proteobacteria;c__Gammaproteobacteria;o__Enterobacterales;f__Enterobacteriaceae;g__Citrobacter;s__Citrobacter_braakii	0.999828404277318
92566c5e1a99317db069c23b94f9702f	ASV32d__Bacteria;p__Proteobacteria;c__Gammaproteobacteria;o__Burkholderiales;f__Burkholderiaceae;g__Achromobacter;s__	0.9999986980656621
f5755ca56a003d982aaeb7c990751b2a	ASV29d__Bacteria;p__Proteobacteria;c__Gammaproteobacteria;o__Enterobacterales;f__Enterobacteriaceae;g__Citrobacter;s__Citrobacter_braakii	0.9998590861245145
e3055f1b3a2ef5ffe239567f02e0e758	Unassigned	0.7069476976679515
d434142a1cc23ce0a4e559d086a63b36	ASV30d__Bacteria;p__Proteobacteria;c__Gammaproteobacteria;o__Enterobacterales;f__Enterobacteriaceae;g__Serratia_A;s__Serratia_Afonticola	0.9995250700819193
90f82f2bd2d728cb873a0d44696ca728	X391_Actinobacteria;Actinomycetales;Microbacteriaceae;Leifsonia	0.9999999999998295
88a7fc05a368c187db4675897c81ba73	ASV16d__Bacteria;p__Proteobacteria;c__Gammaproteobacteria;o__Burkholderiales;f__Chromobacteriaceae;g__Aquitalea;s__	0.9906890199309535
14a3b55557b0dc12693eae31cb702342	ASV34d__Bacteria;p__Bacteroidota;c__Bacteroidia;o__Flavobacteriales;f__Weeksellaceae;g__Elizabethkingia;s__Elizabethkingia_miricola	0.9999999999213003
9d21ab6621c208d8f601facaee7d5c80	ASV14d__Bacteria;p__Proteobacteria;c__Gammaproteobacteria;o__Pseudomonadales;f__Pseudomonadaceae;g__Pseudomonas_E;s__Pseudomonas_E fluorescens_AP	0.9999999998722302
be787f8033113f850addaf60e25e47e8	ASV5d__Bacteria;p__Proteobacteria;c__Gammaproteobacteria;o__Burkholderiales;f__Chromobacteriaceae;g__Chromobacterium;s__Chromobacteriumsp002213445	0.9983457043617177
196d0fecb20632fc5a61f4b1b541dd68	Unassigned	0.7947147549227214
065c2cc689de1acfce8518b073b3b632	Unassigned	0.8263745081397905
9e1cfb630ce0cd0a1d346a88da07dec1	ASV14d__Bacteria;p__Proteobacteria;c__Gammaproteobacteria;o__Pseudomonadales;f__Pseudomonadaceae;g__Pseudomonas_E;s__Pseudomonas_E fluorescens_AP	0.9999999248262298
c7e207475c223cec5616ad57e4fe628e	Unassigned	0.716584873193421
76f95969627eab98135454556ead43f0	ASV14d__Bacteria;p__Proteobacteria;c__Gammaproteobacteria;o__Pseudomonadales;f__Pseudomonadaceae;g__Pseudomonas_E;s__Pseudomonas_E fluorescens_AP	0.9999999912596564
22edb5a77226ecba7f05b17344643cd8	Unassigned	0.7912365577936089
42a146777753d2cc2d74d5f4de95d9ea	Unassigned	0.5813048682475861
9d31e7c611ee680c24441c12712d8278	Unassigned	0.6432468939684343
2f637007ab70dc0c255111b6397a0f67	Unassigned	0.4527975613567373
d1be7c1af739c61c2687227f2d18c174	Unassigned	0.7433954254181904
506564bf2e2b3b8c3c1e032083611680	ASV8d__Bacteria;p__Proteobacteria;c__Alphaproteobacteria;o__Rhizobiales;f__Rhizobiaceae;g__Rhizobium;s__	0.9999999793714951
85dfba92965e15e59745949430b3525c	Unassigned	0.7862027908046205
baa301be637278a8ec75d37cae4ad9bb	Unassigned	0.5764604870568418
c0f7c6ee0283a5dd77aa4e527db57a5e	ASV8d__Bacteria;p__Proteobacteria;c__Alphaproteobacteria;o__Rhizobiales;f__Rhizobiaceae;g__Rhizobium;s__	0.9999999791998564
590862efec9e07f3c966b523b7cd0ef3	ASV31d__Bacteria;p__Proteobacteria;c__Gammaproteobacteria;o__Burkholderiales;f__Burkholderiaceae;g__Delftia;s__Delftia_acidovorans	0.9994170811036025
2f8c19a6f22c94b876aa59c8fa5fd4bf	ASV34d__Bacteria;p__Bacteroidota;c__Bacteroidia;o__Flavobacteriales;f__Weeksellaceae;g__Elizabethkingia;s__Elizabethkingia_miricola	0.9999999999958362
5ac536fc60dcb111de0f49a18642cada	ASV32d__Bacteria;p__Proteobacteria;c__Gammaproteobacteria;o__Burkholderiales;f__Burkholderiaceae;g__Achromobacter;s__	0.9999995192149688
da4c5e45fb37436c28ffc24cd0cd4c75	ASV29d__Bacteria;p__Proteobacteria;c__Gammaproteobacteria;o__Enterobacterales;f__Enterobacteriaceae;g__Citrobacter;s__Citrobacter_braakii	0.9997827768073402
cb5bb0392b139d4aa5ac190ca96aa8b0	ASV11d__Bacteria;p__Proteobacteria;c__Gammaproteobacteria;o__Burkholderiales;f__Chromobacteriaceae;g__Aquitalea;s__Aquitaleapelogenes	0.9938825636668518
7ffe17bca48ea926dd5f33390fade703	ASV32d__Bacteria;p__Proteobacteria;c__Gammaproteobacteria;o__Burkholderiales;f__Burkholderiaceae;g__Achromobacter;s__	0.999998561092594
e530200767f9b82330edf3fe5d5da8c4	ASV27d__Bacteria;p__Proteobacteria;c__Gammaproteobacteria;o__Burkholderiales;f__Burkholderiaceae;g__Xylophilus;s__	0.9974503189849773
9040867f2adee92e230414efc71adc51	ASV5d__Bacteria;p__Proteobacteria;c__Gammaproteobacteria;o__Burkholderiales;f__Chromobacteriaceae;g__Chromobacterium;s__Chromobacteriumsp002213445	0.982811906267052
521ff993fa1e146254bf086243d4431a	Unassigned	0.40434526733470966
14746703dac62889497bd6727e01db14	Unassigned	0.5912867356374598
dd8c885edb63d4ec99c7bb0265c9be87	ASV34d__Bacteria;p__Bacteroidota;c__Bacteroidia;o__Flavobacteriales;f__Weeksellaceae;g__Elizabethkingia;s__Elizabethkingia_miricola	0.9999999999500631
d2d8b5b4578118ff1480171eab3a7412	ASV5d__Bacteria;p__Proteobacteria;c__Gammaproteobacteria;o__Burkholderiales;f__Chromobacteriaceae;g__Chromobacterium;s__Chromobacteriumsp002213445	0.9970465903495785
c58347098ed8b346202f88e3a55ec835	Unassigned	0.7691872117965279
156986d0e14992680b7c8f7f29b4d563	X391_Actinobacteria;Actinomycetales;Microbacteriaceae;Leifsonia	0.9999999999998579
b11d3701340d8f9d621b1a656986541b	ASV2d__Bacteria;p__Bacteroidota;c__Bacteroidia;o__Sphingobacteriales;f__Sphingobacteriaceae;g__Pedobacter;s__	0.9982672194273134
b70e8d907778952d23bd4876542a2140	Unassigned	0.6126785408401988
dc0f946b2ee1c3cebb12daf343aa2304	ASV8d__Bacteria;p__Proteobacteria;c__Alphaproteobacteria;o__Rhizobiales;f__Rhizobiaceae;g__Rhizobium;s__	0.9999999823311186
5b2e090031fa75d0271b5404fb41762b	Unassigned	0.6269047802583185
2a79991c429bb05686971cf5cda01a53	ASV32d__Bacteria;p__Proteobacteria;c__Gammaproteobacteria;o__Burkholderiales;f__Burkholderiaceae;g__Achromobacter;s__	0.999999377341988
31d5da353cb483a14cb11357e5c651e5	ASV31d__Bacteria;p__Proteobacteria;c__Gammaproteobacteria;o__Burkholderiales;f__Burkholderiaceae;g__Delftia;s__Delftia_acidovorans	0.9994314083637648
e57139aebe2428799572039eee898d81	Unassigned	0.7285220026749872
9bff7046566b6e5a395f910c3c0993ca	Unassigned	0.8082905935857319
270f6cea53c36bc8c733f0b55085046b	ASV32d__Bacteria;p__Proteobacteria;c__Gammaproteobacteria;o__Burkholderiales;f__Burkholderiaceae;g__Achromobacter;s__	0.9999996976259413
17f5623bc7ecae97eb0ff31c4f2cc371	ASV32d__Bacteria;p__Proteobacteria;c__Gammaproteobacteria;o__Burkholderiales;f__Burkholderiaceae;g__Achromobacter;s__	0.9999992095773533
273a9347ffd794ab3d0b2df3507e5366	Unassigned	0.8229415280520235
ef6435046fa01df51fbc3c98cf3a327c	ASV14d__Bacteria;p__Proteobacteria;c__Gammaproteobacteria;o__Pseudomonadales;f__Pseudomonadaceae;g__Pseudomonas_E;s__Pseudomonas_E fluorescens_AP	0.9999999989829718
78ba26bc4b67e4ee06873190d17b1d01	ASV34d__Bacteria;p__Bacteroidota;c__Bacteroidia;o__Flavobacteriales;f__Weeksellaceae;g__Elizabethkingia;s__Elizabethkingia_miricola	0.9999999999796643
9d1b9b6f3c87543e4daaef339a20d3b1	ASV5d__Bacteria;p__Proteobacteria;c__Gammaproteobacteria;o__Burkholderiales;f__Chromobacteriaceae;g__Chromobacterium;s__Chromobacteriumsp002213445	0.9989653169900843
9d392e74a8eb245a1207844adaff8626	ASV34d__Bacteria;p__Bacteroidota;c__Bacteroidia;o__Flavobacteriales;f__Weeksellaceae;g__Elizabethkingia;s__Elizabethkingia_miricola	0.9999999999785842
a49d606aa17a46309dc3f0cca85b4948	ASV17d__Bacteria;p__Bacteroidota;c__Bacteroidia;o__Sphingobacteriales;f__Sphingobacteriaceae;g__Pedobacter;s__	0.9719025514255143
a217dc681bcdc71823521e9b2a57a49b	Unassigned	0.6378729522455984
5bcb42e9fd9ddab27b098eed81eb59d7	Unassigned	0.6483105818104151
00dd762366c616953559c81b6958f7f0	X391_Actinobacteria;Actinomycetales;Microbacteriaceae;Leifsonia	0.9999999999999432
fd496fd32dc8c08ade2e8b6c9d8ee13d	Unassigned	0.5475063580924608
faaa14d4588299027fe3cde3f2880039	Unassigned	0.5604587132017614
3d141a31f0774d5220f1701ad5f037c1	X391_Actinobacteria;Actinomycetales;Microbacteriaceae;Leifsonia	0.9999999999944293
df0c3c0322b5c445ffdf077f41dc6d55	Unassigned	0.7604678212862561
cdb89ef0987dd505e5aca23f9a89f13d	ASV17d__Bacteria;p__Bacteroidota;c__Bacteroidia;o__Sphingobacteriales;f__Sphingobacteriaceae;g__Pedobacter;s__	0.9557586614351815
b86d70fe24c097d860d49e23ff34b72e	ASV34d__Bacteria;p__Bacteroidota;c__Bacteroidia;o__Flavobacteriales;f__Weeksellaceae;g__Elizabethkingia;s__Elizabethkingia_miricola	0.9999999999810285
04f68f7dd539a8493e18e62d7a3046c1	X120_Alphaproteobacteria;Sphingomonadales;Sphingomonadaceae;Sphingomonas	0.9764640595695362
4a582a85dedda503b1835ce458a13cf5	Unassigned	0.8099971465625673
e8f8f16afb32fda28fe54fab42088aea	Unassigned	0.7116024166107622
4e065f7151902a499a950803b371dec0	Unassigned	0.3222244468621589
f0406c4ed05e6411075092aa6432dc44	Unassigned	0.6943689648243349
453d807e394805dcb33acc97fe8ea531	Unassigned	0.6971479711663668
dab3326455f4ced94c98f38a4b75d378	ASV29d__Bacteria;p__Proteobacteria;c__Gammaproteobacteria;o__Enterobacterales;f__Enterobacteriaceae;g__Citrobacter;s__Citrobacter_braakii	0.9996945909390846
8263cebfaa976ff28e33ff6d7e59054b	ASV34d__Bacteria;p__Bacteroidota;c__Bacteroidia;o__Flavobacteriales;f__Weeksellaceae;g__Elizabethkingia;s__Elizabethkingia_miricola	0.999999997689784
adfe668653f7d38f45623325c508d9a8	ASV29d__Bacteria;p__Proteobacteria;c__Gammaproteobacteria;o__Enterobacterales;f__Enterobacteriaceae;g__Citrobacter;s__Citrobacter_braakii	0.9996114557542114
618271bd93cc4d08afbda2570185f09b	ASV31d__Bacteria;p__Proteobacteria;c__Gammaproteobacteria;o__Burkholderiales;f__Burkholderiaceae;g__Delftia;s__Delftia_acidovorans	0.9995978079382458
f77c255d01148fb3fe51ca60e3e6eafa	ASV27d__Bacteria;p__Proteobacteria;c__Gammaproteobacteria;o__Burkholderiales;f__Burkholderiaceae;g__Xylophilus;s__	0.9966936873480581
e02e6bd2363ed1183f5ce71c0df9d53c	ASV34d__Bacteria;p__Bacteroidota;c__Bacteroidia;o__Flavobacteriales;f__Weeksellaceae;g__Elizabethkingia;s__Elizabethkingia_miricola	0.9999999999814406
48c0496bcf3ef695df912ef8cf2064dd	ASV27d__Bacteria;p__Proteobacteria;c__Gammaproteobacteria;o__Burkholderiales;f__Burkholderiaceae;g__Xylophilus;s__	0.9971759099118425
5017bb748a6b9c0c4ef2582be7b8e945	ASV30d__Bacteria;p__Proteobacteria;c__Gammaproteobacteria;o__Enterobacterales;f__Enterobacteriaceae;g__Serratia_A;s__Serratia_Afonticola	0.9996025003773752
6522ac5705ead83b557bc18373e56d8c	ASV34d__Bacteria;p__Bacteroidota;c__Bacteroidia;o__Flavobacteriales;f__Weeksellaceae;g__Elizabethkingia;s__Elizabethkingia_miricola	0.9999999999471356
810764fcd587a72c66328eea60c88153	ASV32d__Bacteria;p__Proteobacteria;c__Gammaproteobacteria;o__Burkholderiales;f__Burkholderiaceae;g__Achromobacter;s__	0.9999996216887587
088aac3b725b96c03c16a41b14e10b79	ASV31d__Bacteria;p__Proteobacteria;c__Gammaproteobacteria;o__Burkholderiales;f__Burkholderiaceae;g__Delftia;s__Delftia_acidovorans	0.9998235276866216
c88601d7b449ce34f3f67a9ac8e070d3	Unassigned	0.46179105294132095
851d69afbebdc44fc3b43a05b1e81e92	Unassigned	0.7587594912770312
094b955c6e6724825602925b92000b9a	ASV5d__Bacteria;p__Proteobacteria;c__Gammaproteobacteria;o__Burkholderiales;f__Chromobacteriaceae;g__Chromobacterium;s__Chromobacteriumsp002213445	0.9994463665399169
85f43f2d372e239f35810286edfa7d27	Unassigned	0.7640815168149643
2cfc2224ca789dfa619ff1677ad5d520	ASV30d__Bacteria;p__Proteobacteria;c__Gammaproteobacteria;o__Enterobacterales;f__Enterobacteriaceae;g__Serratia_A;s__Serratia_Afonticola	0.998962141536679
2e3c5f8619465518072f4d8f3fc45eeb	ASV5d__Bacteria;p__Proteobacteria;c__Gammaproteobacteria;o__Burkholderiales;f__Chromobacteriaceae;g__Chromobacterium;s__Chromobacteriumsp002213445	0.9998671281516861
43ac1766cef98d5b0367dd2e4761075d	ASV14d__Bacteria;p__Proteobacteria;c__Gammaproteobacteria;o__Pseudomonadales;f__Pseudomonadaceae;g__Pseudomonas_E;s__Pseudomonas_E fluorescens_AP	0.9999999998880611
dd2bacd0a1888278144aa04231d90415	Unassigned	0.7966881552685673
5829259e186d9eb0f6ca7b172758e8db	Unassigned	0.7746526322420436
cd5af79b479eb986cc0d5bbd8ddd2176	ASV17d__Bacteria;p__Bacteroidota;c__Bacteroidia;o__Sphingobacteriales;f__Sphingobacteriaceae;g__Pedobacter;s__	0.9193107720994066
af7a03ac961eaa4db99982415aee1621	Unassigned	0.7416759418562892
eb9ed89a44c92b7002dc094ed4c37dff	ASV30d__Bacteria;p__Proteobacteria;c__Gammaproteobacteria;o__Enterobacterales;f__Enterobacteriaceae;g__Serratia_A;s__Serratia_Afonticola	0.9989427875527047
2cad15dda9ccf5c97908fca87453fa3e	Unassigned	0.6793574156320827
c94f0a8b0c5340d65cfb6f128a76628e	Unassigned	0.7331003093535995
03e20154e3ebe044566e08e4620bc877	ASV30d__Bacteria;p__Proteobacteria;c__Gammaproteobacteria;o__Enterobacterales;f__Enterobacteriaceae;g__Serratia_A;s__Serratia_Afonticola	0.999541238008685
b3747a9b81ea56f24cfea5a958abfb8e	Unassigned	0.8789579125957289
65f7f2deb8b32535d2bc9bf4584bda25	Unassigned	0.8384127331592689
a73c0ce1d3af4e3978ee38487e3d9000	ASV14d__Bacteria;p__Proteobacteria;c__Gammaproteobacteria;o__Pseudomonadales;f__Pseudomonadaceae;g__Pseudomonas_E;s__Pseudomonas_E fluorescens_AP	0.9999999991308641
394be907b2628ce6bc7cafb7a1e8c528	ASV29d__Bacteria;p__Proteobacteria;c__Gammaproteobacteria;o__Enterobacterales;f__Enterobacteriaceae;g__Citrobacter;s__Citrobacter_braakii	0.9996355114007995
5721d1602a9597d42c3f6b0e58c20bc3	ASV32d__Bacteria;p__Proteobacteria;c__Gammaproteobacteria;o__Burkholderiales;f__Burkholderiaceae;g__Achromobacter;s__	0.9999983491560143
198b2f2789b9a2faa9d528a90e680884	ASV29d__Bacteria;p__Proteobacteria;c__Gammaproteobacteria;o__Enterobacterales;f__Enterobacteriaceae;g__Citrobacter;s__Citrobacter_braakii	0.99978616787122
0f82ef1cdcef8d751cb55f834567320c	ASV29d__Bacteria;p__Proteobacteria;c__Gammaproteobacteria;o__Enterobacterales;f__Enterobacteriaceae;g__Citrobacter;s__Citrobacter_braakii	0.9998607957884281
b794272d47e27323a65fc743e8d3085b	Unassigned	0.8679209792249961
c8f6d9151dba87f90e57bacc8ea87707	ASV11d__Bacteria;p__Proteobacteria;c__Gammaproteobacteria;o__Burkholderiales;f__Chromobacteriaceae;g__Aquitalea;s__Aquitaleapelogenes	0.9953803415223037
eacb758b9d19f8a789a0aa663c86826a	Unassigned	0.77397710451172
fa06394c7c3c4cc20c830c9cf8ed37a8	ASV17d__Bacteria;p__Bacteroidota;c__Bacteroidia;o__Sphingobacteriales;f__Sphingobacteriaceae;g__Pedobacter;s__	0.9658588640566226
be39e73830fdc90ae48559dc8c579c7c	ASV31d__Bacteria;p__Proteobacteria;c__Gammaproteobacteria;o__Burkholderiales;f__Burkholderiaceae;g__Delftia;s__Delftia_acidovorans	0.9997707934889131
5e9b534afb419e39c47bcb717e8d466b	ASV14d__Bacteria;p__Proteobacteria;c__Gammaproteobacteria;o__Pseudomonadales;f__Pseudomonadaceae;g__Pseudomonas_E;s__Pseudomonas_E fluorescens_AP	0.9999999997850608
ad5a1c0fa4b933eb18cd0af0c67beb8c	ASV14d__Bacteria;p__Proteobacteria;c__Gammaproteobacteria;o__Pseudomonadales;f__Pseudomonadaceae;g__Pseudomonas_E;s__Pseudomonas_E fluorescens_AP	0.9999999998664322
a935ebcf8e11b538d8300aa3dd6037c8	Unassigned	0.7039987702105062
dab2a192d5e467a4d7a58b809a814a0f	Unassigned	0.8181453028264312
1198eca207f58ab8f66ec0d74d6d3066	Unassigned	0.8711052170530934
413e9851169e21a428b61ffdfdc46bb4	Unassigned	0.7750883852356134
ff212fc1f1fc00f294770f68a580354a	Unassigned	0.7980129206744613
d506c6586662b9b818da53b84473e11f	Unassigned	0.8112198752133946
574f73609249b31b17608e398e78cea3	Unassigned	0.8230130374606801
20b30b87ac58123983d8f3d9d44ad072	ASV34d__Bacteria;p__Bacteroidota;c__Bacteroidia;o__Flavobacteriales;f__Weeksellaceae;g__Elizabethkingia;s__Elizabethkingia_miricola	0.9999999998462101
40767c57f7c0389d1c04961b0e7956f4	Unassigned	0.7270301240478014
dedcd3e9c5faf4408eb2a51c8d943b51	ASV19d__Bacteria;p__Bacteroidota;c__Bacteroidia;o__Sphingobacteriales;f__Sphingobacteriaceae;g__Pedobacter;s__	0.9995449585570164
c5da75f4989750920abd7faaf9f2ffa7	Unassigned	0.6467071463423634
1c0bd2ba0acf8666fbc8719dedf01634	ASV30d__Bacteria;p__Proteobacteria;c__Gammaproteobacteria;o__Enterobacterales;f__Enterobacteriaceae;g__Serratia_A;s__Serratia_Afonticola	0.999417652119451
4122b1af20d3b4562d362c800806e9e4	Unassigned	0.7795284847630466
b0e56c25ca193e27096e8fb4eb560eee	Unassigned	0.7073940293306642
1de4d33b413d66c12e12c79a8f70bde5	Unassigned	0.6321966912611416
08fb95d93baa5e70893e13fe73b8e024	Unassigned	0.7269413935689231
2c2b99ca666cdc3549987d8f0617bb1d	ASV31d__Bacteria;p__Proteobacteria;c__Gammaproteobacteria;o__Burkholderiales;f__Burkholderiaceae;g__Delftia;s__Delftia_acidovorans	0.9997748472243916
3c15dd51142e0d52895a5b2a68844b04	Unassigned	0.5892843885072732
45b6b6b208764160aaa6a8fd610e5777	ASV29d__Bacteria;p__Proteobacteria;c__Gammaproteobacteria;o__Enterobacterales;f__Enterobacteriaceae;g__Citrobacter;s__Citrobacter_braakii	0.999786453262623
42cec96bec4d9319c6d6443e65f0a9a0	ASV31d__Bacteria;p__Proteobacteria;c__Gammaproteobacteria;o__Burkholderiales;f__Burkholderiaceae;g__Delftia;s__Delftia_acidovorans	0.9994348843463265
18ad24985abb9056252ede448b450f9c	X391_Actinobacteria;Actinomycetales;Microbacteriaceae;Leifsonia	0.9999999999994174
9c5e1c346091d1fbdd88b364cb7a7a2c	Unassigned	0.8400534067458831
2146b1e3a2f494098396bf350ffa9827	Unassigned	0.8496563155882706
2b1c5847ec37324c34ca51d8c3fea34c	ASV29d__Bacteria;p__Proteobacteria;c__Gammaproteobacteria;o__Enterobacterales;f__Enterobacteriaceae;g__Citrobacter;s__Citrobacter_braakii	0.9996711397979006
597731b2846c5d9e466601897adcb01c	ASV17d__Bacteria;p__Bacteroidota;c__Bacteroidia;o__Sphingobacteriales;f__Sphingobacteriaceae;g__Pedobacter;s__	0.9669864672521903
705b2d1670df2ae639bd3953d71d9148	ASV29d__Bacteria;p__Proteobacteria;c__Gammaproteobacteria;o__Enterobacterales;f__Enterobacteriaceae;g__Citrobacter;s__Citrobacter_braakii	0.9998953112357667
7ed5d0fc796055380457b71fd8971118	Unassigned	0.8366918413972136
faa438f11cb951cd9de01fa704112ee3	Unassigned	0.675350649019423
5ce37bff070658828230e297c124ae0e	ASV34d__Bacteria;p__Bacteroidota;c__Bacteroidia;o__Flavobacteriales;f__Weeksellaceae;g__Elizabethkingia;s__Elizabethkingia_miricola	0.9999999988614974
0f5bef61549ef33929ee07deaeab067b	ASV14d__Bacteria;p__Proteobacteria;c__Gammaproteobacteria;o__Pseudomonadales;f__Pseudomonadaceae;g__Pseudomonas_E;s__Pseudomonas_E fluorescens_AP	0.9999999881193987
b354c78bcdf3f80c47df63e3711620e0	Unassigned	0.7763966781466449
10b99a219d009fd368f53489f3724b72	Unassigned	0.8205351978592459
ccfd996b5677777bc2b67ffbccaea7f3	X391_Actinobacteria;Actinomycetales;Microbacteriaceae;Leifsonia	0.9999999999997442
9da1e2f868d4597a78437a3402719d90	X391_Actinobacteria;Actinomycetales;Microbacteriaceae;Leifsonia	0.9999999999996874
22556c1b08bd3a59bc82bdb4a7f33a9c	Unassigned	0.8245525808831976
5e51571b39946e256c40cb003ab2539c	X391_Actinobacteria;Actinomycetales;Microbacteriaceae;Leifsonia	0.9999999999996589
72896826935c00524fe23578129568e6	ASV17d__Bacteria;p__Bacteroidota;c__Bacteroidia;o__Sphingobacteriales;f__Sphingobacteriaceae;g__Pedobacter;s__	0.9723506181618461
c835eb25dbfaed715b29d0db51eaf467	ASV17d__Bacteria;p__Bacteroidota;c__Bacteroidia;o__Sphingobacteriales;f__Sphingobacteriaceae;g__Pedobacter;s__	0.9736908599233468
e0d259d0aa5a77b1eda1be27c2797a77	ASV32d__Bacteria;p__Proteobacteria;c__Gammaproteobacteria;o__Burkholderiales;f__Burkholderiaceae;g__Achromobacter;s__	0.9999992908116823
f543578bf6370ae58eab6cac69296497	ASV34d__Bacteria;p__Bacteroidota;c__Bacteroidia;o__Flavobacteriales;f__Weeksellaceae;g__Elizabethkingia;s__Elizabethkingia_miricola	0.9999999999949551
f6190af4555eab021dc72deaa2d1429d	ASV31d__Bacteria;p__Proteobacteria;c__Gammaproteobacteria;o__Burkholderiales;f__Burkholderiaceae;g__Delftia;s__Delftia_acidovorans	0.9997817573444148
6592f17455058bd255157a86213032ee	ASV34d__Bacteria;p__Bacteroidota;c__Bacteroidia;o__Flavobacteriales;f__Weeksellaceae;g__Elizabethkingia;s__Elizabethkingia_miricola	0.9999999999565006
130ebd3dc253e66bf206f85675fc03b4	ASV14d__Bacteria;p__Proteobacteria;c__Gammaproteobacteria;o__Pseudomonadales;f__Pseudomonadaceae;g__Pseudomonas_E;s__Pseudomonas_E fluorescens_AP	0.9999999996747562
f9f50d481d65a4758c4068e03299cbaf	Unassigned	0.768959703355206
ba6a21744691f7f515c4b5d5812f74ab	Unassigned	0.7616988839559362
987e8c2188e4e2e487b0a3a4b34bab01	ASV8d__Bacteria;p__Proteobacteria;c__Alphaproteobacteria;o__Rhizobiales;f__Rhizobiaceae;g__Rhizobium;s__	0.9999999857879517
0e811d64d9e6830a27642dae4d61553a	Unassigned	0.6847241661338643
4075cb499d3d0c079e15b715deb0d93c	ASV31d__Bacteria;p__Proteobacteria;c__Gammaproteobacteria;o__Burkholderiales;f__Burkholderiaceae;g__Delftia;s__Delftia_acidovorans	0.9997743963387334
5c85a94dfa7a287a742ddac79baf8f7a	ASV29d__Bacteria;p__Proteobacteria;c__Gammaproteobacteria;o__Enterobacterales;f__Enterobacteriaceae;g__Citrobacter;s__Citrobacter_braakii	0.9998062953788068
b2574632cd105083065793a728d40c81	Unassigned	0.5378464829086396
74285fcca1add3d10d0ece2a997ac3aa	ASV10d__Bacteria;p__Proteobacteria;c__Gammaproteobacteria;o__Burkholderiales;f__Burkholderiaceae;g__Comamonas_B;s__	0.9974660436333399
f006133b6773f3247293da8d07e3405b	ASV31d__Bacteria;p__Proteobacteria;c__Gammaproteobacteria;o__Burkholderiales;f__Burkholderiaceae;g__Delftia;s__Delftia_acidovorans	0.9995463730973844
95c200544fc2cf35df5d75811b065b40	ASV17d__Bacteria;p__Bacteroidota;c__Bacteroidia;o__Sphingobacteriales;f__Sphingobacteriaceae;g__Pedobacter;s__	0.8850318702775195
da1b5155a7fc528e7443f61093cfc214	ASV31d__Bacteria;p__Proteobacteria;c__Gammaproteobacteria;o__Burkholderiales;f__Burkholderiaceae;g__Delftia;s__Delftia_acidovorans	0.999731836655374
7b67a4e764ccd648185d21e8b996d6f8	ASV2d__Bacteria;p__Bacteroidota;c__Bacteroidia;o__Sphingobacteriales;f__Sphingobacteriaceae;g__Pedobacter;s__	0.9996947501318729
1ad61ec2a5f3b64c11639d74828131f5	ASV34d__Bacteria;p__Bacteroidota;c__Bacteroidia;o__Flavobacteriales;f__Weeksellaceae;g__Elizabethkingia;s__Elizabethkingia_miricola	0.9999999999604796
22af514d01aa472cf731d648d24e5bbf	ASV11d__Bacteria;p__Proteobacteria;c__Gammaproteobacteria;o__Burkholderiales;f__Chromobacteriaceae;g__Aquitalea;s__Aquitaleapelogenes	0.9745612605116857
697777deb686e35fa0b69b6328d40e97	X391_Actinobacteria;Actinomycetales;Microbacteriaceae;Leifsonia	0.9999999999995737
6f6581da8bebf38cd98621ee0cb1b24f	X391_Actinobacteria;Actinomycetales;Microbacteriaceae;Leifsonia	0.9999999999988063
bb3f596cce61ff232859d5bedeb57f3b	Unassigned	0.5961134608451255
618f3f75c4286c3509d0c850ff9719f1	ASV32d__Bacteria;p__Proteobacteria;c__Gammaproteobacteria;o__Burkholderiales;f__Burkholderiaceae;g__Achromobacter;s__	0.9999996744982941
da97d5cfa29f2b4e220415a3be7d0818	Unassigned	0.5731794321400048
803b2597b93ac2fcca140aae54ef9831	X391_Actinobacteria;Actinomycetales;Microbacteriaceae;Leifsonia	0.9999999999996589
212dfc7e3604ddd69b4dcb7eae92eca8	ASV27d__Bacteria;p__Proteobacteria;c__Gammaproteobacteria;o__Burkholderiales;f__Burkholderiaceae;g__Xylophilus;s__	0.9944295494391148
fbef6266034c569311219a783587d518	ASV29d__Bacteria;p__Proteobacteria;c__Gammaproteobacteria;o__Enterobacterales;f__Enterobacteriaceae;g__Citrobacter;s__Citrobacter_braakii	0.999815255847646
bd96a435452960c87020f117d2e5e895	ASV34d__Bacteria;p__Bacteroidota;c__Bacteroidia;o__Flavobacteriales;f__Weeksellaceae;g__Elizabethkingia;s__Elizabethkingia_miricola	0.9999999999819522
20cc4e769619944f6fe55ee951685da2	X391_Actinobacteria;Actinomycetales;Microbacteriaceae;Leifsonia	0.9999999999997442
0abe316577b7676997260586db101c3b	ASV32d__Bacteria;p__Proteobacteria;c__Gammaproteobacteria;o__Burkholderiales;f__Burkholderiaceae;g__Achromobacter;s__	0.999999341568742
fccd274e718e26b32c71f188d97d9e59	ASV8d__Bacteria;p__Proteobacteria;c__Alphaproteobacteria;o__Rhizobiales;f__Rhizobiaceae;g__Rhizobium;s__	0.995612459333166
454a076c9fbd15debd7180c7c4d48ba5	Unassigned	0.5233726642058495
ffc86ff4147902b0c98c9ce4de5097c4	ASV5d__Bacteria;p__Proteobacteria;c__Gammaproteobacteria;o__Burkholderiales;f__Chromobacteriaceae;g__Chromobacterium;s__Chromobacteriumsp002213445	0.9994401822824152
4473daae9a852b8407fa40f30d1a2f33	ASV31d__Bacteria;p__Proteobacteria;c__Gammaproteobacteria;o__Burkholderiales;f__Burkholderiaceae;g__Delftia;s__Delftia_acidovorans	0.999421712338956
db40a1e2e748e43bafbfec4181832aea	Unassigned	0.6661765634652046
fb0ccb24849283d3aa6e4cc1a4b836a3	Unassigned	0.7227268148446944
a7da93a9744a7863292bcf97d47b6a10	X391_Actinobacteria;Actinomycetales;Microbacteriaceae;Leifsonia	0.9999997039775094
6f5372dd0614297fcad1cbfd3bc7fc88	Unassigned	0.8322577739286425
a3026304c28d8d4c4823ad159369be21	Unassigned	0.6729010186315258
09bc5cf66496755d71f6c282985205c2	ASV16d__Bacteria;p__Proteobacteria;c__Gammaproteobacteria;o__Burkholderiales;f__Chromobacteriaceae;g__Aquitalea;s__	0.9950495302024223
17c6052a197732ffc637e2dab7998444	Unassigned	0.7455770596966409
23eec09d9e2c3194617e42c77a799d3c	ASV17d__Bacteria;p__Bacteroidota;c__Bacteroidia;o__Sphingobacteriales;f__Sphingobacteriaceae;g__Pedobacter;s__	0.9631533593116095
b354a1e7a29c4f05aace7e65edc75c7f	Unassigned	0.5323440911072163
9b42b2d23627ff04664fa10d5dd20a34	ASV21d__Bacteria;p__Proteobacteria;c__Gammaproteobacteria;o__Xanthomonadales;f__Rhodanobacteraceae;g__Dyella;s__	0.9216688088506687
91f63fabab8a044149a67841a47e01ed	X391_Actinobacteria;Actinomycetales;Microbacteriaceae;Leifsonia	0.9999995454883399
373676ea1771929e38a870328a9c745f	ASV34d__Bacteria;p__Bacteroidota;c__Bacteroidia;o__Flavobacteriales;f__Weeksellaceae;g__Elizabethkingia;s__Elizabethkingia_miricola	0.999999999970612
618ceb973be13571f8219291194c9913	ASV34d__Bacteria;p__Bacteroidota;c__Bacteroidia;o__Flavobacteriales;f__Weeksellaceae;g__Elizabethkingia;s__Elizabethkingia_miricola	0.9999999999569127
88da084f2822d75d47d8cf252ad7834e	Unassigned	0.8246949466760205
2a5ef0c4bf26aca23d0c04d00cc0b7d8	ASV29d__Bacteria;p__Proteobacteria;c__Gammaproteobacteria;o__Enterobacterales;f__Enterobacteriaceae;g__Citrobacter;s__Citrobacter_braakii	0.9997827160792934
f46a41160d8040ab7bf02ed0560d1cc2	Unassigned	0.7785850989836101
42da2441895b6abffd2d91e463f00b16	Unassigned	0.6768061088093054
36044ff19bd323d08be44aa0961db6b7	Unassigned	0.8482251617755486
779d74dcaea0d7bcde1e2a489b6cd424	ASV29d__Bacteria;p__Proteobacteria;c__Gammaproteobacteria;o__Enterobacterales;f__Enterobacteriaceae;g__Citrobacter;s__Citrobacter_braakii	0.9997755025795362
e76f33999079c17a77d1878b1d70ac69	ASV29d__Bacteria;p__Proteobacteria;c__Gammaproteobacteria;o__Enterobacterales;f__Enterobacteriaceae;g__Citrobacter;s__Citrobacter_braakii	0.9995955780207337
b3d8c54a4db98fd8ec59f3144f8d4323	ASV31d__Bacteria;p__Proteobacteria;c__Gammaproteobacteria;o__Burkholderiales;f__Burkholderiaceae;g__Delftia;s__Delftia_acidovorans	0.9996021630254123
c366cfa06742ece05ce39b4cfd072ee5	ASV29d__Bacteria;p__Proteobacteria;c__Gammaproteobacteria;o__Enterobacterales;f__Enterobacteriaceae;g__Citrobacter;s__Citrobacter_braakii	0.9998254180478812
83ccfafd5a15f914741718ee08ae5e81	ASV34d__Bacteria;p__Bacteroidota;c__Bacteroidia;o__Flavobacteriales;f__Weeksellaceae;g__Elizabethkingia;s__Elizabethkingia_miricola	0.999999999712017
d2c4b660cbe390e2ebb73ef87a91cc1e	ASV29d__Bacteria;p__Proteobacteria;c__Gammaproteobacteria;o__Enterobacterales;f__Enterobacteriaceae;g__Citrobacter;s__Citrobacter_braakii	0.999872347997216
1571eda7868ab76adcec67cc8ebdbe1d	X391_Actinobacteria;Actinomycetales;Microbacteriaceae;Leifsonia	0.9999999999998579
13b8177391c96888e8025696bd759c4a	ASV31d__Bacteria;p__Proteobacteria;c__Gammaproteobacteria;o__Burkholderiales;f__Burkholderiaceae;g__Delftia;s__Delftia_acidovorans	0.9994410941050982
59e8b28784ca7fe8e6947b03ea78d4d1	Unassigned	0.7431977038314851
dac04e20780f8361745112d78e02af8a	ASV14d__Bacteria;p__Proteobacteria;c__Gammaproteobacteria;o__Pseudomonadales;f__Pseudomonadaceae;g__Pseudomonas_E;s__Pseudomonas_E fluorescens_AP	0.9999999994148112
6faa5d7bc1ff2c16b7fdef5c9ce6e210	ASV34d__Bacteria;p__Bacteroidota;c__Bacteroidia;o__Flavobacteriales;f__Weeksellaceae;g__Elizabethkingia;s__Elizabethkingia_miricola	0.9999999996598632
5345c1cfa1c3b0cfb196236d9bd503cd	ASV32d__Bacteria;p__Proteobacteria;c__Gammaproteobacteria;o__Burkholderiales;f__Burkholderiaceae;g__Achromobacter;s__	0.9999989856877419
c0dcab0cd002ae317a3ff575dd553030	ASV14d__Bacteria;p__Proteobacteria;c__Gammaproteobacteria;o__Pseudomonadales;f__Pseudomonadaceae;g__Pseudomonas_E;s__Pseudomonas_E fluorescens_AP	0.9999999995423963
deff9aa25c645a6c003f5f5858ab395d	ASV29d__Bacteria;p__Proteobacteria;c__Gammaproteobacteria;o__Enterobacterales;f__Enterobacteriaceae;g__Citrobacter;s__Citrobacter_braakii	0.9966685847889113
aebaf84283a26b489b7fd6b3ac4afd4a	Unassigned	0.621149731732342
21c1a31c1f0ab359b75ac5d1381f608b	Unassigned	0.6789943126612706
6430d0eaada86e4f6435eaf4637317b6	Unassigned	0.7910455911721581
d70ae5a9bed41e40f45c511af870d17e	Unassigned	0.5403849650173081
d30f76c6ace62e923a3605eb2f11d47f	Unassigned	0.5202485559223242
12804b05e6fa57e77bed493e1b0e1e5b	Unassigned	0.8849012697787534
d4738e9d81b2dd5ac0e9caf010f9c8f1	Unassigned	0.8705260909507906
afacb0b5d0cbbfd032ebd5e098330a82	ASV14d__Bacteria;p__Proteobacteria;c__Gammaproteobacteria;o__Pseudomonadales;f__Pseudomonadaceae;g__Pseudomonas_E;s__Pseudomonas_E fluorescens_AP	0.9999999866819992
a68a59ab1529443e4df2f6ecd36d7023	ASV2d__Bacteria;p__Bacteroidota;c__Bacteroidia;o__Sphingobacteriales;f__Sphingobacteriaceae;g__Pedobacter;s__	0.9984432805765805
4932b0c11c07c89ab75f7501097f580f	Unassigned	0.7163147296045254
1e6f3e74e07d612341576fccbcfc8282	Unassigned	0.7678632075255142
51600056c801bd3f15566a7a86783feb	Unassigned	0.8331485239436788
73e9ad19641edd8c32da1473b8a43077	ASV29d__Bacteria;p__Proteobacteria;c__Gammaproteobacteria;o__Enterobacterales;f__Enterobacteriaceae;g__Citrobacter;s__Citrobacter_braakii	0.9994913536717996
640dff965be957d16bd37530163e9003	ASV29d__Bacteria;p__Proteobacteria;c__Gammaproteobacteria;o__Enterobacterales;f__Enterobacteriaceae;g__Citrobacter;s__Citrobacter_braakii	0.99917001903713
5a05c63f9e22a7ca44bf3ce7e999bc48	ASV29d__Bacteria;p__Proteobacteria;c__Gammaproteobacteria;o__Enterobacterales;f__Enterobacteriaceae;g__Citrobacter;s__Citrobacter_braakii	0.9998796877125539
df590bb47d20482d2dfab432ea70f61d	ASV17d__Bacteria;p__Bacteroidota;c__Bacteroidia;o__Sphingobacteriales;f__Sphingobacteriaceae;g__Pedobacter;s__	0.9599731762726449
0a5f22beca902b103cf227b8fa380310	ASV31d__Bacteria;p__Proteobacteria;c__Gammaproteobacteria;o__Burkholderiales;f__Burkholderiaceae;g__Delftia;s__Delftia_acidovorans	0.9996386685507321
394c43cd24d031ae846d0e203659621e	ASV34d__Bacteria;p__Bacteroidota;c__Bacteroidia;o__Flavobacteriales;f__Weeksellaceae;g__Elizabethkingia;s__Elizabethkingia_miricola	0.999999999865608
753a03f70d5e064961203f6afaf62890	ASV29d__Bacteria;p__Proteobacteria;c__Gammaproteobacteria;o__Enterobacterales;f__Enterobacteriaceae;g__Citrobacter;s__Citrobacter_braakii	0.9998927931628239
6381e0885704cd755201f45528d5cfcb	ASV30d__Bacteria;p__Proteobacteria;c__Gammaproteobacteria;o__Enterobacterales;f__Enterobacteriaceae;g__Serratia_A;s__Serratia_Afonticola	0.999652233664916
0f2b2777e8a1a76ef492def486927b48	ASV29d__Bacteria;p__Proteobacteria;c__Gammaproteobacteria;o__Enterobacterales;f__Enterobacteriaceae;g__Citrobacter;s__Citrobacter_braakii	0.9997055396511277
b0ff209dd9d2b4125e3ed8ed812e14c5	ASV34d__Bacteria;p__Bacteroidota;c__Bacteroidia;o__Flavobacteriales;f__Weeksellaceae;g__Elizabethkingia;s__Elizabethkingia_miricola	0.9999999999171223
4f848c183ff1f302f20102af9882d180	X391_Actinobacteria;Actinomycetales;Microbacteriaceae;Leifsonia	0.9999999999999005
ebdf4e57980dc4da984c20ce21a0c8cd	ASV16d__Bacteria;p__Proteobacteria;c__Gammaproteobacteria;o__Burkholderiales;f__Chromobacteriaceae;g__Aquitalea;s__	0.9954151897724127
81642e98780bf4a54cd252ec820484ba	Unassigned	0.8401589193071989
074e0221d57681bf76ef4074dff95aa4	ASV34d__Bacteria;p__Bacteroidota;c__Bacteroidia;o__Flavobacteriales;f__Weeksellaceae;g__Elizabethkingia;s__Elizabethkingia_miricola	0.9999999999897398
deee007d5f63ef218ed370d974621e56	Unassigned	0.7735153197231137
fcffef4f8a6c5bc7909b01d1435f42ae	Unassigned	0.7497104291272162
ce3f8da4374d65307b6dec62c75fad3f	Unassigned	0.7072354804612304
b74538e78942a9ccfb668c8f2c7255c2	Unassigned	0.740151446554193
61dd7325e46a76e7431e9d4e133bb50c	Unassigned	0.5548364329949416
150340c7603f71d051642b4e10ab4788	ASV34d__Bacteria;p__Bacteroidota;c__Bacteroidia;o__Flavobacteriales;f__Weeksellaceae;g__Elizabethkingia;s__Elizabethkingia_miricola	0.9999999999337916
72688be0332390870bd85fdab2ad3661	Unassigned	0.7697127659411109
849c2ea342238b572d4d46e94c4e209b	Unassigned	0.754921777743339
64eed471d41e5f76b39d48788a9413c6	Unassigned	0.7392635422112421
b694410f0a1c63b1fdd619677cdd97ba	X391_Actinobacteria;Actinomycetales;Microbacteriaceae;Leifsonia	0.9999999999998863
675738589839c15f27478a9d0f5f8d4b	ASV34d__Bacteria;p__Bacteroidota;c__Bacteroidia;o__Flavobacteriales;f__Weeksellaceae;g__Elizabethkingia;s__Elizabethkingia_miricola	0.9999999999763389
f1b0ce18ab6e62b8eb2f3eede2776539	Unassigned	0.6787713296795121
00d95acb3cff5cfe27f89e3e91213611	Unassigned	0.8251956158974506
f60123ab942446b88480851ad93e8df8	X263_Sphingobacteriia;Sphingobacteriales;Chitinophagaceae; Chitinophaga	0.9999919982644029
1b23e74fb43b2b8a2d20b91679cf8e0e	X391_Actinobacteria;Actinomycetales;Microbacteriaceae;Leifsonia	0.9908918761657611
cca6801ccaf102a50f13f2e22f10bcb4	ASV34d__Bacteria;p__Bacteroidota;c__Bacteroidia;o__Flavobacteriales;f__Weeksellaceae;g__Elizabethkingia;s__Elizabethkingia_miricola	0.999999999977959
8fee234d28f2766e077fc367899ad65d	ASV34d__Bacteria;p__Bacteroidota;c__Bacteroidia;o__Flavobacteriales;f__Weeksellaceae;g__Elizabethkingia;s__Elizabethkingia_miricola	0.9999999999794369
a2dc40d90d6cf8ed1ad5d4a041bdf490	Unassigned	0.5001078571947694
314c6efcc8a2d30aed944c11e3bab22d	ASV17d__Bacteria;p__Bacteroidota;c__Bacteroidia;o__Sphingobacteriales;f__Sphingobacteriaceae;g__Pedobacter;s__	0.960036267547431
16045cb35ca7579fde6ecdfa39e1f571	ASV34d__Bacteria;p__Bacteroidota;c__Bacteroidia;o__Flavobacteriales;f__Weeksellaceae;g__Elizabethkingia;s__Elizabethkingia_miricola	0.9999999999465956
a5aebd74304d7b55aa963f6ed2732225	Unassigned	0.7843615879995568
6d88cb3e9c72f72def90e6c9deb02cc8	Unassigned	0.7968670855615791
8a0945c9cf8268750e4e7cc7ae8139a5	ASV29d__Bacteria;p__Proteobacteria;c__Gammaproteobacteria;o__Enterobacterales;f__Enterobacteriaceae;g__Citrobacter;s__Citrobacter_braakii	0.9998477695381551
c6c78971e7f07aa19a7e26d4db3073d4	ASV32d__Bacteria;p__Proteobacteria;c__Gammaproteobacteria;o__Burkholderiales;f__Burkholderiaceae;g__Achromobacter;s__	0.9999986318680081
bcbd2c82632dee29ced69423fe8186ea	ASV34d__Bacteria;p__Bacteroidota;c__Bacteroidia;o__Flavobacteriales;f__Weeksellaceae;g__Elizabethkingia;s__Elizabethkingia_miricola	0.9999999998032507
0c68a43fc6a35787d9a3b331cbc9e3c3	ASV32d__Bacteria;p__Proteobacteria;c__Gammaproteobacteria;o__Burkholderiales;f__Burkholderiaceae;g__Achromobacter;s__	0.9999921121908968
5d6fc9b46f78f3aa4c89d54acdc62ce7	Unassigned	0.7911938830814985
ea8fe529ff183ab91938d492123696e0	ASV17d__Bacteria;p__Bacteroidota;c__Bacteroidia;o__Sphingobacteriales;f__Sphingobacteriaceae;g__Pedobacter;s__	0.9708568927922675
2c6c91d2cfc44d3b04efacd8cefd8c08	ASV32d__Bacteria;p__Proteobacteria;c__Gammaproteobacteria;o__Burkholderiales;f__Burkholderiaceae;g__Achromobacter;s__	0.9999985867658733
a4e9c2e0fa23e02d9124e3adbc06c6e6	ASV31d__Bacteria;p__Proteobacteria;c__Gammaproteobacteria;o__Burkholderiales;f__Burkholderiaceae;g__Delftia;s__Delftia_acidovorans	0.9986928516023882
5bfeaf073fac355d22218d51aba07fbb	ASV27d__Bacteria;p__Proteobacteria;c__Gammaproteobacteria;o__Burkholderiales;f__Burkholderiaceae;g__Xylophilus;s__	0.9953325692836417
a7067f470de64f2efa17b77c30702b71	ASV29d__Bacteria;p__Proteobacteria;c__Gammaproteobacteria;o__Enterobacterales;f__Enterobacteriaceae;g__Citrobacter;s__Citrobacter_braakii	0.9998796909914989
cd73d72c2a2358214832142eb9865fa0	ASV31d__Bacteria;p__Proteobacteria;c__Gammaproteobacteria;o__Burkholderiales;f__Burkholderiaceae;g__Delftia;s__Delftia_acidovorans	0.9992104694499079
85c2ebfbc9406ca58c36bfb2c983d1fd	ASV34d__Bacteria;p__Bacteroidota;c__Bacteroidia;o__Flavobacteriales;f__Weeksellaceae;g__Elizabethkingia;s__Elizabethkingia_miricola	0.9999999999586322
c9c234aa963c640c7ce4c28418967319	Unassigned	0.8362460107043465
c4ae9cb769291a3f322d559f52a359ce	Unassigned	0.7408038851109784
54d378a6a8829e6ee0e92c5646eee95b	ASV30d__Bacteria;p__Proteobacteria;c__Gammaproteobacteria;o__Enterobacterales;f__Enterobacteriaceae;g__Serratia_A;s__Serratia_Afonticola	0.9995111541083661
03512e476afa9cac94ebd39593ff3ceb	Unassigned	0.8120998613123442
584107a123561198d54253e6dcd3ad19	ASV5d__Bacteria;p__Proteobacteria;c__Gammaproteobacteria;o__Burkholderiales;f__Chromobacteriaceae;g__Chromobacterium;s__Chromobacteriumsp002213445	0.9998039781758701
b93db16b190345d9ad8993bafc4e8950	X391_Actinobacteria;Actinomycetales;Microbacteriaceae;Leifsonia	0.9999999999976552
3f74f85137d0047865736d0f7ecdc8ee	Unassigned	0.697551777970611
bfe7feedc2af99f0a4670d37b9469c0b	ASV34d__Bacteria;p__Bacteroidota;c__Bacteroidia;o__Flavobacteriales;f__Weeksellaceae;g__Elizabethkingia;s__Elizabethkingia_miricola	0.9999999999905071
235c487255b37401c4d6959194c4521e	ASV34d__Bacteria;p__Bacteroidota;c__Bacteroidia;o__Flavobacteriales;f__Weeksellaceae;g__Elizabethkingia;s__Elizabethkingia_miricola	0.9999999999877218
dea5174eb7c84068ef819c4a634567e7	Unassigned	0.3645386581891734
8cd1aaf6f2b5bde0acd69f7ea25bb670	Unassigned	0.8488568846529472
d65868ccb586c54401a3216c33b6bec5	ASV30d__Bacteria;p__Proteobacteria;c__Gammaproteobacteria;o__Enterobacterales;f__Enterobacteriaceae;g__Serratia_A;s__Serratia_Afonticola	0.9996131913553129
57291dabe196e5d6deca8437faae9d92	Unassigned	0.8491700646487256
70ee1f0439205ddd8cd7f4905917f553	Unassigned	0.3918992553464168
a2101a432adc08bc69b40b4a1d805a76	Unassigned	0.586962299797999
38c8831a9ce4f64ca54af28dad575b74	Unassigned	0.7968561728248187
ab17a0b51786b1f1831c9cb7198f4d99	Unassigned	0.8496553978326932
6d1a90ecd410d79c43f6540d5ed0f04a	Unassigned	0.7172968320985339
6555d36483bd0e0cd671229530750e22	ASV10d__Bacteria;p__Proteobacteria;c__Gammaproteobacteria;o__Burkholderiales;f__Burkholderiaceae;g__Comamonas_B;s__	0.9918290772602617
41ebec1da0da74a4447cc117333d37c4	X391_Actinobacteria;Actinomycetales;Microbacteriaceae;Leifsonia	0.9999999999996305
90b57342fade2f4f6d7ec00650642613	X391_Actinobacteria;Actinomycetales;Microbacteriaceae;Leifsonia	0.9999999999999574
a5aacd45222b092298489de4e06e00cd	Unassigned	0.7804573883056426
56577aed37433aec38a2ad42d8752d24	ASV31d__Bacteria;p__Proteobacteria;c__Gammaproteobacteria;o__Burkholderiales;f__Burkholderiaceae;g__Delftia;s__Delftia_acidovorans	0.9947167522828675
caef067f0de9ba9bfa65c9832087b714	ASV5d__Bacteria;p__Proteobacteria;c__Gammaproteobacteria;o__Burkholderiales;f__Chromobacteriaceae;g__Chromobacterium;s__Chromobacteriumsp002213445	0.9411685008086812
80a42bc6e8b6a874fac7bc34eaebb32b	ASV14d__Bacteria;p__Proteobacteria;c__Gammaproteobacteria;o__Pseudomonadales;f__Pseudomonadaceae;g__Pseudomonas_E;s__Pseudomonas_E fluorescens_AP	0.9999999997721432
dbef0c10398f784e7122f8b54eb1fcf8	ASV32d__Bacteria;p__Proteobacteria;c__Gammaproteobacteria;o__Burkholderiales;f__Burkholderiaceae;g__Achromobacter;s__	0.9999965517632369
d0c5690491c5402740b7e57e855c722b	ASV31d__Bacteria;p__Proteobacteria;c__Gammaproteobacteria;o__Burkholderiales;f__Burkholderiaceae;g__Delftia;s__Delftia_acidovorans	0.9997611645977694
a8e53bd66879cd51ecb4e7daf552accb	X391_Actinobacteria;Actinomycetales;Microbacteriaceae;Leifsonia	0.9973780658155224
90282b742e89a60d888a1935804e2975	ASV17d__Bacteria;p__Bacteroidota;c__Bacteroidia;o__Sphingobacteriales;f__Sphingobacteriaceae;g__Pedobacter;s__	0.8944256191319716
a4d93afb255c8d266108f24edc7e3b15	ASV29d__Bacteria;p__Proteobacteria;c__Gammaproteobacteria;o__Enterobacterales;f__Enterobacteriaceae;g__Citrobacter;s__Citrobacter_braakii	0.9994952731262623
5527e8a608f0290ae5bc3dbf715b18c1	ASV32d__Bacteria;p__Proteobacteria;c__Gammaproteobacteria;o__Burkholderiales;f__Burkholderiaceae;g__Achromobacter;s__	0.999999402139758
d97b163f1bbf2cd83cdd15bf22ae0c6c	ASV34d__Bacteria;p__Bacteroidota;c__Bacteroidia;o__Flavobacteriales;f__Weeksellaceae;g__Elizabethkingia;s__Elizabethkingia_miricola	0.9999999999479314
994db3da6f09619cb6dcdec7cb017d4c	ASV17d__Bacteria;p__Bacteroidota;c__Bacteroidia;o__Sphingobacteriales;f__Sphingobacteriaceae;g__Pedobacter;s__	0.9564982528105885
59ed31408c634e604c3e039d3027265f	ASV34d__Bacteria;p__Bacteroidota;c__Bacteroidia;o__Flavobacteriales;f__Weeksellaceae;g__Elizabethkingia;s__Elizabethkingia_miricola	0.999999999937728
602106fef6b2f3a0936d59f7893a9da0	ASV17d__Bacteria;p__Bacteroidota;c__Bacteroidia;o__Sphingobacteriales;f__Sphingobacteriaceae;g__Pedobacter;s__	0.9577332257534104
dfad4e7f842a36d63c3defa11d112f75	ASV5d__Bacteria;p__Proteobacteria;c__Gammaproteobacteria;o__Burkholderiales;f__Chromobacteriaceae;g__Chromobacterium;s__Chromobacteriumsp002213445	0.9993830019844593
2a4c9ae97a1b900cb975d677512fad25	ASV34d__Bacteria;p__Bacteroidota;c__Bacteroidia;o__Flavobacteriales;f__Weeksellaceae;g__Elizabethkingia;s__Elizabethkingia_miricola	0.999999999937458
bece6d7b6badb32cde2ec7a0d663ac91	ASV29d__Bacteria;p__Proteobacteria;c__Gammaproteobacteria;o__Enterobacterales;f__Enterobacteriaceae;g__Citrobacter;s__Citrobacter_braakii	0.9991412212417804
8a08789edde6207fb4a99b3cf3e75abc	ASV31d__Bacteria;p__Proteobacteria;c__Gammaproteobacteria;o__Burkholderiales;f__Burkholderiaceae;g__Delftia;s__Delftia_acidovorans	0.9994968174414427
f9aa80ebfcbcdf69da7dad950e3bb838	ASV34d__Bacteria;p__Bacteroidota;c__Bacteroidia;o__Flavobacteriales;f__Weeksellaceae;g__Elizabethkingia;s__Elizabethkingia_miricola	0.9999999999754152
ffc4833ec0d7b1f9e104c8d301cff759	Unassigned	0.6584756963888944
f7f6cd021f486311180407af1bc8b6b9	ASV11d__Bacteria;p__Proteobacteria;c__Gammaproteobacteria;o__Burkholderiales;f__Chromobacteriaceae;g__Aquitalea;s__Aquitaleapelogenes	0.9944889674895008
6beb3a4252e63cf1c2a82ad5b39b4270	Unassigned	0.48006827337071534
6acdc15c4a096eaf1a336939131e901d	Unassigned	0.6320525067983929
e2a01c4ace6c83ce43592879c48def7c	Unassigned	0.8324070406217299
0848fa3c43fe89da6eaad02aa19b0a7b	ASV19d__Bacteria;p__Bacteroidota;c__Bacteroidia;o__Sphingobacteriales;f__Sphingobacteriaceae;g__Pedobacter;s__	0.9996444248000237
2ed985f4f538e7f0dfc070077a57f249	ASV16d__Bacteria;p__Proteobacteria;c__Gammaproteobacteria;o__Burkholderiales;f__Chromobacteriaceae;g__Aquitalea;s__	0.9922765109587864
2516c98a0ad1b0d205b672d3e063648c	ASV14d__Bacteria;p__Proteobacteria;c__Gammaproteobacteria;o__Pseudomonadales;f__Pseudomonadaceae;g__Pseudomonas_E;s__Pseudomonas_E fluorescens_AP	0.9999999998577778
ba7ac2fcc50c4dea6d3bb7d57d5154c3	Unassigned	0.5818357769591088
f7e57fd137eca554ae02a272a30925df	Unassigned	0.8075416870334333
7f27a844faeae241315c75766166589f	Unassigned	0.7277752585386872
ac5a13fb621732d65ce5cb07233b393a	Unassigned	0.7752419028789059
8e967507e86ed58d5985d051990049f0	Unassigned	0.7678193053093025
7ed99d17144712fb109cf22dc8fff8af	ASV30d__Bacteria;p__Proteobacteria;c__Gammaproteobacteria;o__Enterobacterales;f__Enterobacteriaceae;g__Serratia_A;s__Serratia_Afonticola	0.9797776763878808
e5394f683dd3757aec28691ed23d3d9f	Unassigned	0.5984337027881073
85405efc16b77769a66b9fb9c8f9028f	Unassigned	0.5874231659426232
79f88b777d402e745cb0c11bc88482c4	Unassigned	0.7938386391282909
3652fd9a41705cea97e6deafe09428b5	Unassigned	0.7488810738770855
95d0a198c1574b8ec3de5f455feb7e3c	Unassigned	0.8537647918224912
5372325cff2fce608d0d8811016a7890	Unassigned	0.7878632754412382
1e5b8fb4db8ff2ac35c8f9cbc7995e44	Unassigned	0.4088838927092059
554436f351b8f7fe385038af6c338de9	X391_Actinobacteria;Actinomycetales;Microbacteriaceae;Leifsonia	0.9999999999996447
f8c500e4af87442419db7c20604f2048	ASV31d__Bacteria;p__Proteobacteria;c__Gammaproteobacteria;o__Burkholderiales;f__Burkholderiaceae;g__Delftia;s__Delftia_acidovorans	0.999687955917058
c2771ca25ef67e8a1806bb65f1485377	Unassigned	0.4008738596349326
8dc0b3819122d13cbae8f3345570c277	X391_Actinobacteria;Actinomycetales;Microbacteriaceae;Leifsonia	0.9999999999990195
6eae8e8ac249005d1462a1de26425fc0	ASV34d__Bacteria;p__Bacteroidota;c__Bacteroidia;o__Flavobacteriales;f__Weeksellaceae;g__Elizabethkingia;s__Elizabethkingia_miricola	0.9999999996272351
0a6dda4b989bbabdaf9317363baf3dc3	X391_Actinobacteria;Actinomycetales;Microbacteriaceae;Leifsonia	0.9999999999999005
998dc5d40efff1cbb91aef56e57cbdb0	ASV14d__Bacteria;p__Proteobacteria;c__Gammaproteobacteria;o__Pseudomonadales;f__Pseudomonadaceae;g__Pseudomonas_E;s__Pseudomonas_E fluorescens_AP	0.999999999849777
219ff31fec2d566e69fdba20ae365754	X391_Actinobacteria;Actinomycetales;Microbacteriaceae;Leifsonia	0.9999998169644638
e849005c1444d421bf91adb504018429	ASV34d__Bacteria;p__Bacteroidota;c__Bacteroidia;o__Flavobacteriales;f__Weeksellaceae;g__Elizabethkingia;s__Elizabethkingia_miricola	0.9999999999887308
021207193dee7e1a085ff4b80cf2f823	Unassigned	0.710436753296928
04ecfad5772d2e09a84a0f5ef460536c	ASV33d__Bacteria;p__Proteobacteria;c__Alphaproteobacteria;o__Rhizobiales;f__Beijerinckiaceae;g__Bosea;s__	0.9997307832806982
ecd37ac3fef401c9ba8bd381a34481d8	Unassigned	0.6137297274415123
64195ae7406131416393182c396d8e95	ASV29d__Bacteria;p__Proteobacteria;c__Gammaproteobacteria;o__Enterobacterales;f__Enterobacteriaceae;g__Citrobacter;s__Citrobacter_braakii	0.9998478613097241
5a1d183a54a6ddbbe916057bd3b1ecd1	ASV8d__Bacteria;p__Proteobacteria;c__Alphaproteobacteria;o__Rhizobiales;f__Rhizobiaceae;g__Rhizobium;s__	0.9999999637669539
b9f22e8a29c349c9ab0649c3d14011e4	ASV31d__Bacteria;p__Proteobacteria;c__Gammaproteobacteria;o__Burkholderiales;f__Burkholderiaceae;g__Delftia;s__Delftia_acidovorans	0.9996587888310663
ae661e04b04f7c4058f029c98247e161	ASV29d__Bacteria;p__Proteobacteria;c__Gammaproteobacteria;o__Enterobacterales;f__Enterobacteriaceae;g__Citrobacter;s__Citrobacter_braakii	0.9998614959195964
f68565fb31352cb022d824c4672d86ba	ASV29d__Bacteria;p__Proteobacteria;c__Gammaproteobacteria;o__Enterobacterales;f__Enterobacteriaceae;g__Citrobacter;s__Citrobacter_braakii	0.9997827757401806
735abe8bea7c2f4a91f4bd8e73ec3e3e	ASV31d__Bacteria;p__Proteobacteria;c__Gammaproteobacteria;o__Burkholderiales;f__Burkholderiaceae;g__Delftia;s__Delftia_acidovorans	0.9994394861118862
021bc08b4c6c170032df6ddef0135852	ASV34d__Bacteria;p__Bacteroidota;c__Bacteroidia;o__Flavobacteriales;f__Weeksellaceae;g__Elizabethkingia;s__Elizabethkingia_miricola	0.9999999999462403
04bd15e6d7e54bbbfcc136316f3d888e	ASV30d__Bacteria;p__Proteobacteria;c__Gammaproteobacteria;o__Enterobacterales;f__Enterobacteriaceae;g__Serratia_A;s__Serratia_Afonticola	0.9997234474320116
54653efd4b3c76b755b3b43b26743de7	ASV34d__Bacteria;p__Bacteroidota;c__Bacteroidia;o__Flavobacteriales;f__Weeksellaceae;g__Elizabethkingia;s__Elizabethkingia_miricola	0.9999999998358362
c59eaeb5178fb9d77e288c93d147b413	Unassigned	0.6958726282252402
d1d873bd8f111057042e4ea85405dc03	ASV30d__Bacteria;p__Proteobacteria;c__Gammaproteobacteria;o__Enterobacterales;f__Enterobacteriaceae;g__Serratia_A;s__Serratia_Afonticola	0.9990404250676564
942b5571523067f497abcd0600ff8727	ASV29d__Bacteria;p__Proteobacteria;c__Gammaproteobacteria;o__Enterobacterales;f__Enterobacteriaceae;g__Citrobacter;s__Citrobacter_braakii	0.9998840199623454
cf8a195b98b2737e3fc6f367aaa64f11	ASV29d__Bacteria;p__Proteobacteria;c__Gammaproteobacteria;o__Enterobacterales;f__Enterobacteriaceae;g__Citrobacter;s__Citrobacter_braakii	0.9997711897823609
ac16441abf61dd99177600ba329d44f4	ASV32d__Bacteria;p__Proteobacteria;c__Gammaproteobacteria;o__Burkholderiales;f__Burkholderiaceae;g__Achromobacter;s__	0.9999997033928607
e591cc4d1a7f1971703adad91c375298	ASV34d__Bacteria;p__Bacteroidota;c__Bacteroidia;o__Flavobacteriales;f__Weeksellaceae;g__Elizabethkingia;s__Elizabethkingia_miricola	0.9999999999833307
cbd53ed46f60122bc89d7ae350fa538d	ASV32d__Bacteria;p__Proteobacteria;c__Gammaproteobacteria;o__Burkholderiales;f__Burkholderiaceae;g__Achromobacter;s__	0.9999985412266295
cad828fe59862c02a5eec854dcd4b9d9	Unassigned	0.8104964563547208
7741c6b67e4c28ebf970facfc762ea36	X391_Actinobacteria;Actinomycetales;Microbacteriaceae;Leifsonia	0.999999014738338
094f061d1afe6599b7b9447e1abe8fc6	Unassigned	0.7821291212709447
ec4f88b561f86878f540ff9632994855	ASV31d__Bacteria;p__Proteobacteria;c__Gammaproteobacteria;o__Burkholderiales;f__Burkholderiaceae;g__Delftia;s__Delftia_acidovorans	0.9995275105320455
fcb7fe80120c73cabc3acf29d6175b88	Unassigned	0.6113986903758052
5626f63341422bf64db1a8584ab4bb4e	Unassigned	0.7948792716797213
e7f97a0ffd90e2a95a5eb6f4c727792e	Unassigned	0.5215254798443365
d0dde4e80d6e30d927f305cad4d4a4ac	Unassigned	0.5021805997749649
6ec58be82f02dbb2ca855c77981c7c9d	Unassigned	0.8830412652303987
3690f88da287c5a7220c8cf46d796815	Unassigned	0.6411838266708816
7c61871a55d6083b3cea719569b8db6a	Unassigned	0.5443935634924557
f0f57538aec49522d376d3bae6c0abbc	Unassigned	0.8010484067723479
194e979889bfb580a8ef37f724cb9308	Unassigned	0.7240511185833673
54011b6d00828966a2bd2225469f8bc7	Unassigned	0.6675496243493328
d54f1f27eb240ec79e83f629112c64b5	Unassigned	0.8902936195784302
b5a6f2be5206c102999a28501a3cfeec	ASV29d__Bacteria;p__Proteobacteria;c__Gammaproteobacteria;o__Enterobacterales;f__Enterobacteriaceae;g__Citrobacter;s__Citrobacter_braakii	0.9965939313569072
e812be1eb48a2e6477230710d2734eda	X391_Actinobacteria;Actinomycetales;Microbacteriaceae;Leifsonia	0.9999999999998153
8693554761b5668cdfa71df42b69d11e	ASV2d__Bacteria;p__Bacteroidota;c__Bacteroidia;o__Sphingobacteriales;f__Sphingobacteriaceae;g__Pedobacter;s__	0.999766315637771
4f7e501e869dc38eb1224b8eaf236a56	ASV17d__Bacteria;p__Bacteroidota;c__Bacteroidia;o__Sphingobacteriales;f__Sphingobacteriaceae;g__Pedobacter;s__	0.9699597675048075
b16e90f8f968c7eb766ffcea3d3d06f0	ASV34d__Bacteria;p__Bacteroidota;c__Bacteroidia;o__Flavobacteriales;f__Weeksellaceae;g__Elizabethkingia;s__Elizabethkingia_miricola	0.9999999999831317
87ef5777a2692b7fe0ae9e0c723093f9	ASV34d__Bacteria;p__Bacteroidota;c__Bacteroidia;o__Flavobacteriales;f__Weeksellaceae;g__Elizabethkingia;s__Elizabethkingia_miricola	0.9999999999813269
9cdcf7d80ba998ee6cb83a082bd9ef8a	Unassigned	0.624228908518624
bd83da65f9bfe0f0ae6d5c50daaa9965	Unassigned	0.891907914974679
cd97c5ae888a339604cbc4460f35d7ea	ASV34d__Bacteria;p__Bacteroidota;c__Bacteroidia;o__Flavobacteriales;f__Weeksellaceae;g__Elizabethkingia;s__Elizabethkingia_miricola	0.9999999999191544
bb6b889f5af0d434a4295aaf3e7bc82d	Unassigned	0.8121747327863962
ae0bcb5191734cd44243c92c2ce39a4d	Unassigned	0.7241499071741553
1ac865aa1d9758951ca6daaa7aee0b49	Unassigned	0.8144637243458179
3bde58fee559a80df8c21da4ff4f4b6e	ASV29d__Bacteria;p__Proteobacteria;c__Gammaproteobacteria;o__Enterobacterales;f__Enterobacteriaceae;g__Citrobacter;s__Citrobacter_braakii	0.9998263890748011
ee2124f35578a601449b13f20d0f6314	ASV11d__Bacteria;p__Proteobacteria;c__Gammaproteobacteria;o__Burkholderiales;f__Chromobacteriaceae;g__Aquitalea;s__Aquitaleapelogenes	0.9929741070439945
26354098f8f54d344e77b917ba6a1020	ASV30d__Bacteria;p__Proteobacteria;c__Gammaproteobacteria;o__Enterobacterales;f__Enterobacteriaceae;g__Serratia_A;s__Serratia_Afonticola	0.9986064413321759
049d3a457236f8a37019fb4848fcf88d	ASV30d__Bacteria;p__Proteobacteria;c__Gammaproteobacteria;o__Enterobacterales;f__Enterobacteriaceae;g__Serratia_A;s__Serratia_Afonticola	0.999267884984354
87e119a892c7ed3cadc34450d4ae2a8f	ASV34d__Bacteria;p__Bacteroidota;c__Bacteroidia;o__Flavobacteriales;f__Weeksellaceae;g__Elizabethkingia;s__Elizabethkingia_miricola	0.9999999998476596
255aaaa5a7f180304cc0d024ebe3fbc6	ASV29d__Bacteria;p__Proteobacteria;c__Gammaproteobacteria;o__Enterobacterales;f__Enterobacteriaceae;g__Citrobacter;s__Citrobacter_braakii	0.9991968921709091
aec238bdce416dbe0cccb8b4f4e0d25d	ASV27d__Bacteria;p__Proteobacteria;c__Gammaproteobacteria;o__Burkholderiales;f__Burkholderiaceae;g__Xylophilus;s__	0.9920752364548856
1ae89ac1cb11028c8c8247925435bf5f	ASV30d__Bacteria;p__Proteobacteria;c__Gammaproteobacteria;o__Enterobacterales;f__Enterobacteriaceae;g__Serratia_A;s__Serratia_Afonticola	0.9993764720442657
114f8f03a31ad9edb7d1bc9df50d85dc	ASV5d__Bacteria;p__Proteobacteria;c__Gammaproteobacteria;o__Burkholderiales;f__Chromobacteriaceae;g__Chromobacterium;s__Chromobacteriumsp002213445	0.9997091773119583
2ca08e5d8e8dc9b9a444ff873aeab5ef	ASV27d__Bacteria;p__Proteobacteria;c__Gammaproteobacteria;o__Burkholderiales;f__Burkholderiaceae;g__Xylophilus;s__	0.9979788359800699
1a31eda859193db6c4986709e9f9112c	Unassigned	0.8788505978803922
0df6c802966e8670279671824da4f10a	Unassigned	0.7751305259722262
b618a3393312f39b35d3b10b4917c67b	ASV31d__Bacteria;p__Proteobacteria;c__Gammaproteobacteria;o__Burkholderiales;f__Burkholderiaceae;g__Delftia;s__Delftia_acidovorans	0.999438162587191
07add86e21f083638cdac65e27b9bff9	ASV34d__Bacteria;p__Bacteroidota;c__Bacteroidia;o__Flavobacteriales;f__Weeksellaceae;g__Elizabethkingia;s__Elizabethkingia_miricola	0.9999999998608047
76d5c7eecf09803af709b394ebd71440	ASV11d__Bacteria;p__Proteobacteria;c__Gammaproteobacteria;o__Burkholderiales;f__Chromobacteriaceae;g__Aquitalea;s__Aquitaleapelogenes	0.995380108398864
b3c69a051f7dd6ef267d8e48f30f68de	ASV31d__Bacteria;p__Proteobacteria;c__Gammaproteobacteria;o__Burkholderiales;f__Burkholderiaceae;g__Delftia;s__Delftia_acidovorans	0.9995550768239444
b8ef166c5490d8eecad245a84568472e	ASV5d__Bacteria;p__Proteobacteria;c__Gammaproteobacteria;o__Burkholderiales;f__Chromobacteriaceae;g__Chromobacterium;s__Chromobacteriumsp002213445	0.9994917453530954
6602504b55a2b3a585ab96fb20642daa	ASV8d__Bacteria;p__Proteobacteria;c__Alphaproteobacteria;o__Rhizobiales;f__Rhizobiaceae;g__Rhizobium;s__	0.9999999675149388
f4f38bb8b9175fe218073fe8ed773478	Unassigned	0.7886738443288029
3e7c07e6b46154ca614b2d5e2c1e1082	X391_Actinobacteria;Actinomycetales;Microbacteriaceae;Leifsonia	0.9999999999997016
bd99692f46953185b616e8cd76bd22a8	Unassigned	0.3953217483938082
946b5515dede7626ba074724235ba88c	Unassigned	0.8824264525350625
8b52393a8986c955c6d911363d7fca05	ASV5d__Bacteria;p__Proteobacteria;c__Gammaproteobacteria;o__Burkholderiales;f__Chromobacteriaceae;g__Chromobacterium;s__Chromobacteriumsp002213445	0.9998183030968206
750df32474c90f09ba23eb18084c73f3	ASV14d__Bacteria;p__Proteobacteria;c__Gammaproteobacteria;o__Pseudomonadales;f__Pseudomonadaceae;g__Pseudomonas_E;s__Pseudomonas_E fluorescens_AP	0.9999999995892352
7da877df69862ec5be72df0c704451b8	Unassigned	0.7568346297329452
d5165d905387241af019c4f61bf2be51	Unassigned	0.7375537402213501
fc45aa6ba54a366e3757b6f687d717d1	Unassigned	0.8741289754815913
029d48fbe8bd24356e8c9eb73cff64eb	Unassigned	0.8352959951450374
5656d6403688b283b6ed77808dad5b2e	ASV30d__Bacteria;p__Proteobacteria;c__Gammaproteobacteria;o__Enterobacterales;f__Enterobacteriaceae;g__Serratia_A;s__Serratia_Afonticola	0.9994653342287677
e0fe7f8dd13b91e2372463a2d849f3ab	Unassigned	0.6999500983213653
0342bf355063d6f98690112db8671905	ASV14d__Bacteria;p__Proteobacteria;c__Gammaproteobacteria;o__Pseudomonadales;f__Pseudomonadaceae;g__Pseudomonas_E;s__Pseudomonas_E fluorescens_AP	0.9999999972494038
e3f81cbe55cf0b5dbfafd341e5e6a3c1	Unassigned	0.8299919575308112
e25111bd8334932b24778c1fdcc9e9cb	Unassigned	0.7348905369745795
0f0ca5fae9be43c6729c11a6334ac8f2	ASV29d__Bacteria;p__Proteobacteria;c__Gammaproteobacteria;o__Enterobacterales;f__Enterobacteriaceae;g__Citrobacter;s__Citrobacter_braakii	0.9998977949807153
35f720a0cb9795c929c6952e75ad104b	Unassigned	0.3320105243565131
43c951b8ebd7cc900898c8fa6445dee3	Unassigned	0.5267426991107482
9428138f4d4334d87eaceeb3dadc75da	X391_Actinobacteria;Actinomycetales;Microbacteriaceae;Leifsonia	0.9999999999996305
4151b11e4aa5582e02cd542c1ab1f792	ASV32d__Bacteria;p__Proteobacteria;c__Gammaproteobacteria;o__Burkholderiales;f__Burkholderiaceae;g__Achromobacter;s__	0.9999992711344944
60194bc6a739c2a8eb76bc4df96410d0	ASV14d__Bacteria;p__Proteobacteria;c__Gammaproteobacteria;o__Pseudomonadales;f__Pseudomonadaceae;g__Pseudomonas_E;s__Pseudomonas_E fluorescens_AP	0.9999999985118535
5c03dc2b372d87001d5e52e604e47e8d	Unassigned	0.8531632452413761
077dcbc7563f915fb5db5a9845d2f99a	Unassigned	0.7960371809217374
0a9a0435362efdfc77efd64d94a98e40	Unassigned	0.6820337871130917
c5eb1c88988a37b12c5e6c0c2f7b9386	ASV30d__Bacteria;p__Proteobacteria;c__Gammaproteobacteria;o__Enterobacterales;f__Enterobacteriaceae;g__Serratia_A;s__Serratia_Afonticola	0.9972386338127248
8b2b5778301019c02de93d624e3133bc	ASV34d__Bacteria;p__Bacteroidota;c__Bacteroidia;o__Flavobacteriales;f__Weeksellaceae;g__Elizabethkingia;s__Elizabethkingia_miricola	0.9999999999664055
10afda2baef44de4c584a6641de399b1	X120_Alphaproteobacteria;Sphingomonadales;Sphingomonadaceae;Sphingomonas	0.9988693300074099
49575a16b9da65e01eab60b88a234af7	Unassigned	0.7118981101065196
7f5b7e27ac4e5b7208c0cca387db4327	X391_Actinobacteria;Actinomycetales;Microbacteriaceae;Leifsonia	0.9999999999996589
31f45636236a30307b74a5b6b3d79fb5	ASV14d__Bacteria;p__Proteobacteria;c__Gammaproteobacteria;o__Pseudomonadales;f__Pseudomonadaceae;g__Pseudomonas_E;s__Pseudomonas_E fluorescens_AP	0.9999999990231885
772e0b90db38f90c38ef50d909277b47	ASV14d__Bacteria;p__Proteobacteria;c__Gammaproteobacteria;o__Pseudomonadales;f__Pseudomonadaceae;g__Pseudomonas_E;s__Pseudomonas_E fluorescens_AP	0.9999999994684714
0b3f8f5b8b34ee26687629fa7b3857db	ASV11d__Bacteria;p__Proteobacteria;c__Gammaproteobacteria;o__Burkholderiales;f__Chromobacteriaceae;g__Aquitalea;s__Aquitaleapelogenes	0.994452376712903
c5f5c254e3d50d38fb81c138df537cf2	Unassigned	0.7048584825138815
77def41de9f6e750b0c9411c59270461	ASV32d__Bacteria;p__Proteobacteria;c__Gammaproteobacteria;o__Burkholderiales;f__Burkholderiaceae;g__Achromobacter;s__	0.9999997396677341
989166ddcfb6b2e4db89de19987ed33c	ASV29d__Bacteria;p__Proteobacteria;c__Gammaproteobacteria;o__Enterobacterales;f__Enterobacteriaceae;g__Citrobacter;s__Citrobacter_braakii	0.9998559074733777
5fc77cbe1b2d515e6d0ce1efa8a1b061	X391_Actinobacteria;Actinomycetales;Microbacteriaceae;Leifsonia	0.9999999999996589
2f5fc76bb511fed64ffa22741d8865c2	ASV34d__Bacteria;p__Bacteroidota;c__Bacteroidia;o__Flavobacteriales;f__Weeksellaceae;g__Elizabethkingia;s__Elizabethkingia_miricola	0.9999999999769784
13d7507f4b602a065c54df2a52fd842e	Unassigned	0.7120068228953026
0470b9f5600afa9df43bb5793f940dfe	ASV29d__Bacteria;p__Proteobacteria;c__Gammaproteobacteria;o__Enterobacterales;f__Enterobacteriaceae;g__Citrobacter;s__Citrobacter_braakii	0.9997723294236177
9fa767013ef6038cb6dce99d2434dfd9	X391_Actinobacteria;Actinomycetales;Microbacteriaceae;Leifsonia	0.9999999999969162
13e6c1d20aa017f8097e2e41081b133c	ASV29d__Bacteria;p__Proteobacteria;c__Gammaproteobacteria;o__Enterobacterales;f__Enterobacteriaceae;g__Citrobacter;s__Citrobacter_braakii	0.9994888993480224
7802ecac1a8c3b86c929703fe50e5206	ASV30d__Bacteria;p__Proteobacteria;c__Gammaproteobacteria;o__Enterobacterales;f__Enterobacteriaceae;g__Serratia_A;s__Serratia_Afonticola	0.9987656974103458
c57853bc4d3be3813419390281d88761	ASV31d__Bacteria;p__Proteobacteria;c__Gammaproteobacteria;o__Burkholderiales;f__Burkholderiaceae;g__Delftia;s__Delftia_acidovorans	0.9993833853880263
b4bd7ce8d87c6f8fa74f6b3d8049fc63	ASV17d__Bacteria;p__Bacteroidota;c__Bacteroidia;o__Sphingobacteriales;f__Sphingobacteriaceae;g__Pedobacter;s__	0.9775398863057398
894a0975966532d496eb54bdc51ac58d	ASV29d__Bacteria;p__Proteobacteria;c__Gammaproteobacteria;o__Enterobacterales;f__Enterobacteriaceae;g__Citrobacter;s__Citrobacter_braakii	0.9992846043439378
3b2447392d834e47f5cc5b9caceb0830	ASV29d__Bacteria;p__Proteobacteria;c__Gammaproteobacteria;o__Enterobacterales;f__Enterobacteriaceae;g__Citrobacter;s__Citrobacter_braakii	0.999797088590392
a4b8febb7c809c5f1d8bcfb23f0b5032	ASV29d__Bacteria;p__Proteobacteria;c__Gammaproteobacteria;o__Enterobacterales;f__Enterobacteriaceae;g__Citrobacter;s__Citrobacter_braakii	0.9998594389753055
6cb1d978ba4ca659fbb44e2771fc1aea	Unassigned	0.6336751871516748
4f135256b8627f1ce06c6c7d41819112	Unassigned	0.743828407293096
c5df6d06a9c1027f21f1c8c103848ac7	ASV5d__Bacteria;p__Proteobacteria;c__Gammaproteobacteria;o__Burkholderiales;f__Chromobacteriaceae;g__Chromobacterium;s__Chromobacteriumsp002213445	0.9993671257287342
bb9298e3ee787a58ae18da51a81d911a	ASV14d__Bacteria;p__Proteobacteria;c__Gammaproteobacteria;o__Pseudomonadales;f__Pseudomonadaceae;g__Pseudomonas_E;s__Pseudomonas_E fluorescens_AP	0.999999999821668
83c1e748e4f3c187825b9d3e2376cd88	ASV17d__Bacteria;p__Bacteroidota;c__Bacteroidia;o__Sphingobacteriales;f__Sphingobacteriaceae;g__Pedobacter;s__	0.9357560580324835
16456549c55afcdaa9f8eb5997f84b69	Unassigned	0.7664407192194739
8cea158846c5060a85a9b7bda4aa0dd7	Unassigned	0.6407600526336111
561428f1af20f63f87440dea86789d8f	Unassigned	0.8071679300041662
4936a39dcfdc5880551f7755d2e561e4	ASV30d__Bacteria;p__Proteobacteria;c__Gammaproteobacteria;o__Enterobacterales;f__Enterobacteriaceae;g__Serratia_A;s__Serratia_Afonticola	0.9639988298248092
5350184f8a846788b8b592e045d2a8b0	Unassigned	0.7171219241367888
4bccb36d77e56db2f364e80b2100b582	Unassigned	0.7724427236085114
4e4716add6731ede5ebf3e6db32baffa	Unassigned	0.7805628133480347
5d448ba2227539d5bd0d0ff232d1f081	Unassigned	0.8372354383629543
fd1fb773278ec5d350e0c2ad0505aae4	Unassigned	0.8599886603093637
0dd8fb3bb20e3ac6b1ca392dbababa4b	Unassigned	0.8393342624593336
ecb0e385a80e4d0ae8dff2830a64e151	ASV32d__Bacteria;p__Proteobacteria;c__Gammaproteobacteria;o__Burkholderiales;f__Burkholderiaceae;g__Achromobacter;s__	0.9999992331453837
2ef67793488be3e50b483a73dfab761f	Unassigned	0.49742984590491945
37aad2eebed65861aed33036bd3b6db9	X120_Alphaproteobacteria;Sphingomonadales;Sphingomonadaceae;Sphingomonas	0.9999998181191098
200700316fb41212f319e3d08376a0a5	Unassigned	0.3339932185768054
06c5ebd97460d68bbbe2d960c46fd607	Unassigned	0.6455852242392417
4f36a2c5e8ac4f680fb3a4a974647e10	ASV2d__Bacteria;p__Bacteroidota;c__Bacteroidia;o__Sphingobacteriales;f__Sphingobacteriaceae;g__Pedobacter;s__	0.9996839445114653
7873572bc4798f5a05eb2c643d3ebd71	ASV16d__Bacteria;p__Proteobacteria;c__Gammaproteobacteria;o__Burkholderiales;f__Chromobacteriaceae;g__Aquitalea;s__	0.995097436394875
22b3c70cdfb1714224e1bf8a6314bee9	Unassigned	0.7081958662965945
a8901b373872ee1d854a0c0d29dd4df6	ASV34d__Bacteria;p__Bacteroidota;c__Bacteroidia;o__Flavobacteriales;f__Weeksellaceae;g__Elizabethkingia;s__Elizabethkingia_miricola	0.999999999937387
310415b78e66ee0268fcc2d7da03e311	ASV34d__Bacteria;p__Bacteroidota;c__Bacteroidia;o__Flavobacteriales;f__Weeksellaceae;g__Elizabethkingia;s__Elizabethkingia_miricola	0.9999999999778879
3eb8275fad3ec6aeb5c90cd177b91d15	X391_Actinobacteria;Actinomycetales;Microbacteriaceae;Leifsonia	0.9999999999998721
7798588a79788c665b918557c18994b8	Unassigned	0.7919706235545869
4a66de031541faf4d71d443cc7701e3c	X391_Actinobacteria;Actinomycetales;Microbacteriaceae;Leifsonia	0.9999971444544385
4ecad46aa3140dc288c466ab8153bf96	Unassigned	0.7485077133288104
daece1418dbcd17dbc34e392276fba0f	ASV31d__Bacteria;p__Proteobacteria;c__Gammaproteobacteria;o__Burkholderiales;f__Burkholderiaceae;g__Delftia;s__Delftia_acidovorans	0.9997742692904092
7c0c5f364850325bad6240097272437f	ASV32d__Bacteria;p__Proteobacteria;c__Gammaproteobacteria;o__Burkholderiales;f__Burkholderiaceae;g__Achromobacter;s__	0.9999982955721437
a7fee61ad9bc359815925667b3c79422	ASV30d__Bacteria;p__Proteobacteria;c__Gammaproteobacteria;o__Enterobacterales;f__Enterobacteriaceae;g__Serratia_A;s__Serratia_Afonticola	0.9992067695188034
1c2e3493c5d44e7cad5274353873723c	ASV29d__Bacteria;p__Proteobacteria;c__Gammaproteobacteria;o__Enterobacterales;f__Enterobacteriaceae;g__Citrobacter;s__Citrobacter_braakii	0.9993858453969917
74a111eeae0133440e7bbaff60131bc2	ASV5d__Bacteria;p__Proteobacteria;c__Gammaproteobacteria;o__Burkholderiales;f__Chromobacteriaceae;g__Chromobacterium;s__Chromobacteriumsp002213445	0.9998175168442279
f567150cd041cbe1fcbd904b2d8316ca	ASV8d__Bacteria;p__Proteobacteria;c__Alphaproteobacteria;o__Rhizobiales;f__Rhizobiaceae;g__Rhizobium;s__	0.9999999466982544
5c795e0df5b63ed72ad53dc72c13bb18	ASV29d__Bacteria;p__Proteobacteria;c__Gammaproteobacteria;o__Enterobacterales;f__Enterobacteriaceae;g__Citrobacter;s__Citrobacter_braakii	0.9993702563845979
b4dc0d456db563753a5bbd9ac3709966	ASV27d__Bacteria;p__Proteobacteria;c__Gammaproteobacteria;o__Burkholderiales;f__Burkholderiaceae;g__Xylophilus;s__	0.9909708136357014
9a6f9383662ea2cfe018137cd686cca0	ASV27d__Bacteria;p__Proteobacteria;c__Gammaproteobacteria;o__Burkholderiales;f__Burkholderiaceae;g__Xylophilus;s__	0.9958191171897909
323c1b70afe56606944e99c40137ad1d	ASV17d__Bacteria;p__Bacteroidota;c__Bacteroidia;o__Sphingobacteriales;f__Sphingobacteriaceae;g__Pedobacter;s__	0.97507333235937
78b13c7361a62660a91f93136ccaf8a0	ASV8d__Bacteria;p__Proteobacteria;c__Alphaproteobacteria;o__Rhizobiales;f__Rhizobiaceae;g__Rhizobium;s__	0.9999999795068535
17f641a2084b7f207dad635d724c92c4	ASV30d__Bacteria;p__Proteobacteria;c__Gammaproteobacteria;o__Enterobacterales;f__Enterobacteriaceae;g__Serratia_A;s__Serratia_Afonticola	0.9993379633252183
3b3448cba92f1210b8b324cc028515a7	ASV34d__Bacteria;p__Bacteroidota;c__Bacteroidia;o__Flavobacteriales;f__Weeksellaceae;g__Elizabethkingia;s__Elizabethkingia_miricola	0.9999999999613323
520a31dc0a3c7cc044d0fbb0d9601386	Unassigned	0.5799520541803256
3c751456626dbc6fa73b2ec1ca82c595	ASV34d__Bacteria;p__Bacteroidota;c__Bacteroidia;o__Flavobacteriales;f__Weeksellaceae;g__Elizabethkingia;s__Elizabethkingia_miricola	0.9999999999420055
72e532d7c20f74b09e5c981cc4bf3e96	X391_Actinobacteria;Actinomycetales;Microbacteriaceae;Leifsonia	0.9999999999984652
edd31691c09f4df28ea5fc6077021a43	Unassigned	0.6465313904022107
753a64677754057e21e84836e1acd7f1	Unassigned	0.8091779447519251
d1f30bd628ad53cdc76b6112de73eb8e	Unassigned	0.7114692295685232
c9e35981b2d867f2dca2e16f42bd5a93	Unassigned	0.6605893364604669
10d7a3e334ad0635b0200e210cc5abe2	ASV31d__Bacteria;p__Proteobacteria;c__Gammaproteobacteria;o__Burkholderiales;f__Burkholderiaceae;g__Delftia;s__Delftia_acidovorans	0.9998142859174581
a09b60ab61519901d1a16db7152a3606	ASV34d__Bacteria;p__Bacteroidota;c__Bacteroidia;o__Flavobacteriales;f__Weeksellaceae;g__Elizabethkingia;s__Elizabethkingia_miricola	0.9999999999834017
246b53b5200ef4ba26ea1bd03bbf18d2	ASV31d__Bacteria;p__Proteobacteria;c__Gammaproteobacteria;o__Burkholderiales;f__Burkholderiaceae;g__Delftia;s__Delftia_acidovorans	0.9997447363650896
ba4928beef4bbfe6614c277bf116b1a9	Unassigned	0.6632517097180762
d5a27322262e35d4b120ac73c93ff12d	Unassigned	0.5931903865760535
ae31e01313d2b685deec3f759a281f2e	Unassigned	0.5090514414964256
14b606fbb2dbf351f63b4493fd39ed7a	Unassigned	0.4633232417936638
f7447c8e079023f4f2579d8580575dd3	Unassigned	0.5882950241297997
b09cd38e803b8473b25a9eed21ae6830	Unassigned	0.7675555152020649
0838914cf8494c1f46478ed10d73afeb	Unassigned	0.7254468794808039
85c7e99e883f1e9b8d9a822c265da718	Unassigned	0.8621366651573346
3751438ae889aba4eb63e2e70cc68a62	Unassigned	0.7167225295882387
a193bd16a4439baa8eb2b2c31e4f8d13	Unassigned	0.7739633308867535
362c2a0d5c7bd61e22efd89c7f2f28c0	ASV33d__Bacteria;p__Proteobacteria;c__Alphaproteobacteria;o__Rhizobiales;f__Beijerinckiaceae;g__Bosea;s__	0.7089561664742403
c409876a0af46a998de4a87fc3c38188	X391_Actinobacteria;Actinomycetales;Microbacteriaceae;Leifsonia	0.9999999999990479
bcb9c9d451275f56b334929239d45a7b	Unassigned	0.8443692100040725
76addc8524e10c6faff0161e36a1987a	Unassigned	0.6589194071861233
cd2941b99a9fcb14c83a5134f8f94d0e	ASV34d__Bacteria;p__Bacteroidota;c__Bacteroidia;o__Flavobacteriales;f__Weeksellaceae;g__Elizabethkingia;s__Elizabethkingia_miricola	0.9999999999870681
c539e5b59e9d3544a43624f834b96473	X120_Alphaproteobacteria;Sphingomonadales;Sphingomonadaceae;Sphingomonas	0.9999997439913287
1b561b08aaf128d217279d4da2d97c46	ASV2d__Bacteria;p__Bacteroidota;c__Bacteroidia;o__Sphingobacteriales;f__Sphingobacteriaceae;g__Pedobacter;s__	0.9993408671866068
7b29737efbd7c136e849b94ce4570e25	ASV34d__Bacteria;p__Bacteroidota;c__Bacteroidia;o__Flavobacteriales;f__Weeksellaceae;g__Elizabethkingia;s__Elizabethkingia_miricola	0.9999999999278231
be9dfd927046488d1754b7e99bfa1831	ASV34d__Bacteria;p__Bacteroidota;c__Bacteroidia;o__Flavobacteriales;f__Weeksellaceae;g__Elizabethkingia;s__Elizabethkingia_miricola	0.7442809152829577
aeea16835ee1a98ae63c9a8fcfe489dd	ASV30d__Bacteria;p__Proteobacteria;c__Gammaproteobacteria;o__Enterobacterales;f__Enterobacteriaceae;g__Serratia_A;s__Serratia_Afonticola	0.9980984196313465
7da461be4811b2b05ea7334537c4a5f0	Unassigned	0.7188096108188543
67011e1c650bf7d672e8e1de249d0f2d	Unassigned	0.7112388613812933
f8bcddaea88eb790743420346bb1bc80	X391_Actinobacteria;Actinomycetales;Microbacteriaceae;Leifsonia	0.9999990929974124
d518bae451caf6c0060df715ccf07722	Unassigned	0.8379310993411119
153a1c462f6c9cc86cb69c231e968272	Unassigned	0.5156649635453444
bc6d12418af6d58b5a9ceb3b96004dbc	ASV29d__Bacteria;p__Proteobacteria;c__Gammaproteobacteria;o__Enterobacterales;f__Enterobacteriaceae;g__Citrobacter;s__Citrobacter_braakii	0.9980742205238853
9e41e9b5f513cf89333ccd6a01983446	ASV32d__Bacteria;p__Proteobacteria;c__Gammaproteobacteria;o__Burkholderiales;f__Burkholderiaceae;g__Achromobacter;s__	0.999994782905953
ebe8b5391a9e9e78c6275a0405435ba4	ASV14d__Bacteria;p__Proteobacteria;c__Gammaproteobacteria;o__Pseudomonadales;f__Pseudomonadaceae;g__Pseudomonas_E;s__Pseudomonas_E fluorescens_AP	0.9999999997703242
dafd984f0dee4a11c9be5b5b716bb52d	ASV32d__Bacteria;p__Proteobacteria;c__Gammaproteobacteria;o__Burkholderiales;f__Burkholderiaceae;g__Achromobacter;s__	0.9999972460285967
fa1aa6320d89c4cc4e10d353f257aebb	Unassigned	0.6220948340885586
49653dcaa9e92f7ad0f65a45e5b64695	ASV27d__Bacteria;p__Proteobacteria;c__Gammaproteobacteria;o__Burkholderiales;f__Burkholderiaceae;g__Xylophilus;s__	0.9965095185290952
458aebc993c9a8b5ebacc0f70429fa38	ASV17d__Bacteria;p__Bacteroidota;c__Bacteroidia;o__Sphingobacteriales;f__Sphingobacteriaceae;g__Pedobacter;s__	0.9654832593271636
57b65615e68833578d8fe3b816a1f039	ASV27d__Bacteria;p__Proteobacteria;c__Gammaproteobacteria;o__Burkholderiales;f__Burkholderiaceae;g__Xylophilus;s__	0.9962812261887501
69cc24396a40de2bf07e13804d95a51a	ASV17d__Bacteria;p__Bacteroidota;c__Bacteroidia;o__Sphingobacteriales;f__Sphingobacteriaceae;g__Pedobacter;s__	0.969658864864295
ca941535d7e7c1cb0fb9099b14d6eaf1	ASV31d__Bacteria;p__Proteobacteria;c__Gammaproteobacteria;o__Burkholderiales;f__Burkholderiaceae;g__Delftia;s__Delftia_acidovorans	0.9995343310403706
f4d0570db6b77ef27aaf0f4284c7616e	ASV31d__Bacteria;p__Proteobacteria;c__Gammaproteobacteria;o__Burkholderiales;f__Burkholderiaceae;g__Delftia;s__Delftia_acidovorans	0.9997616991183993
979cf87d0ea5398823ed46c34e66546e	ASV33d__Bacteria;p__Proteobacteria;c__Alphaproteobacteria;o__Rhizobiales;f__Beijerinckiaceae;g__Bosea;s__	0.999999962375157
07ed9cbcb00f04e572ff1c354f61ebc7	X391_Actinobacteria;Actinomycetales;Microbacteriaceae;Leifsonia	0.9999999999989484
ac007328bce609a715815c6a7fbb9e95	Unassigned	0.7487766686078539
ff881a5eeabeb1e031cafb05b484366d	ASV17d__Bacteria;p__Bacteroidota;c__Bacteroidia;o__Sphingobacteriales;f__Sphingobacteriaceae;g__Pedobacter;s__	0.9231017522573143
2e633980d82d03f6e40c2d03ba4a75db	Unassigned	0.6565975261846894
3d16317d8df3eef0330641583941d98a	Unassigned	0.7474688851128066
bb1f15cf8c9046be5a851986c1e1a0b1	ASV17d__Bacteria;p__Bacteroidota;c__Bacteroidia;o__Sphingobacteriales;f__Sphingobacteriaceae;g__Pedobacter;s__	0.8825228271631443
e3127952d0179abdbf970df86d8a2f2c	ASV5d__Bacteria;p__Proteobacteria;c__Gammaproteobacteria;o__Burkholderiales;f__Chromobacteriaceae;g__Chromobacterium;s__Chromobacteriumsp002213445	0.999058191273283
ee0000d5d5499a504ed711678df1c627	Unassigned	0.744448283866457
2731e7a0d95a532a3ce96b037275b332	Unassigned	0.6695747336974286
ae9bc11d3070928007eee6f95d8f5dcb	Unassigned	0.8311092256315382
091231430de119a5f214b12909d8e765	Unassigned	0.7716714917412859
765ac693df874d7358ff3c12686d3ee0	Unassigned	0.8028996839575642
a4ef3ab7ef9d0e8845a2700723f77c94	Unassigned	0.5739074386253268
ec60b5169d5dae6cce4d3cab77013e6a	Unassigned	0.4001784275923632
4d1977831de9cfcbbe946f8c4c4b74b4	Unassigned	0.7310823231255061
f6ccbbe077c36d3eedb1325f3527a3ed	Unassigned	0.7429947665029453
680ea622997c34df0e0ef807e4056afa	Unassigned	0.7496369282387543
a56fde245a4d3c23f5481275c427961d	ASV32d__Bacteria;p__Proteobacteria;c__Gammaproteobacteria;o__Burkholderiales;f__Burkholderiaceae;g__Achromobacter;s__	0.9999996822963276
28ae36eed99199617219c7412570499d	ASV17d__Bacteria;p__Bacteroidota;c__Bacteroidia;o__Sphingobacteriales;f__Sphingobacteriaceae;g__Pedobacter;s__	0.9684622937865355
376a5472064b7bbd9473d42ded8f80ab	ASV14d__Bacteria;p__Proteobacteria;c__Gammaproteobacteria;o__Pseudomonadales;f__Pseudomonadaceae;g__Pseudomonas_E;s__Pseudomonas_E fluorescens_AP	0.9999999997866524
32e2f01c60c3bec0e4b5508710c865d1	ASV34d__Bacteria;p__Bacteroidota;c__Bacteroidia;o__Flavobacteriales;f__Weeksellaceae;g__Elizabethkingia;s__Elizabethkingia_miricola	0.9999999999815827
9058a57a739fc3ad01f7e1322dddd15b	ASV17d__Bacteria;p__Bacteroidota;c__Bacteroidia;o__Sphingobacteriales;f__Sphingobacteriaceae;g__Pedobacter;s__	0.9669354839528016
f7e3f3561fa25fde74c68983f41a4996	ASV2d__Bacteria;p__Bacteroidota;c__Bacteroidia;o__Sphingobacteriales;f__Sphingobacteriaceae;g__Pedobacter;s__	0.9995431476954818
41ac904df3c3e7e225f1b4b8185ac819	ASV19d__Bacteria;p__Bacteroidota;c__Bacteroidia;o__Sphingobacteriales;f__Sphingobacteriaceae;g__Pedobacter;s__	0.9989827591899993
0ecaf06ce8dab27b68d6eab2bacef4f6	Unassigned	0.7481968652377822
c83574becf3e6c3ed867b183fbcbdbfb	ASV30d__Bacteria;p__Proteobacteria;c__Gammaproteobacteria;o__Enterobacterales;f__Enterobacteriaceae;g__Serratia_A;s__Serratia_Afonticola	0.9996919312032514
fec6414c7b6bc95336a8385ca139a25b	X391_Actinobacteria;Actinomycetales;Microbacteriaceae;Leifsonia	0.9995568390893229
d73dad81f9633a42a2926b75fd4c569d	Unassigned	0.6272158504382124
c7ebfef9179792e5b4fec150f6228923	X391_Actinobacteria;Actinomycetales;Microbacteriaceae;Leifsonia	0.9999963798585882
a94051b8f0800bd3f299feb70077f22d	ASV34d__Bacteria;p__Bacteroidota;c__Bacteroidia;o__Flavobacteriales;f__Weeksellaceae;g__Elizabethkingia;s__Elizabethkingia_miricola	0.8589347523440946
99fee6617d20f02a0e0641f4d5a57916	X120_Alphaproteobacteria;Sphingomonadales;Sphingomonadaceae;Sphingomonas	0.8850977435083568
5fa834762b0fc5c2da4704cc78dc725e	ASV30d__Bacteria;p__Proteobacteria;c__Gammaproteobacteria;o__Enterobacterales;f__Enterobacteriaceae;g__Serratia_A;s__Serratia_Afonticola	0.9987655701459168
beff3b4ba484b7489b8284c05f6fa2d8	Unassigned	0.40896817162994237
a36911c03fc05b14bec656cad89c30fe	ASV29d__Bacteria;p__Proteobacteria;c__Gammaproteobacteria;o__Enterobacterales;f__Enterobacteriaceae;g__Citrobacter;s__Citrobacter_braakii	0.9998899449391627
11ea28ada2cdc0af9bfa42df725bd397	Unassigned	0.7545098166265602
347e6668f0dbab1cccad58d3f1ad4560	ASV5d__Bacteria;p__Proteobacteria;c__Gammaproteobacteria;o__Burkholderiales;f__Chromobacteriaceae;g__Chromobacterium;s__Chromobacteriumsp002213445	0.9993113788060092
37f7d713ae7196eec03a22702b5eed1a	Unassigned	0.8717589787102877
27f6a32149570367f93b7bda5c331c1e	ASV31d__Bacteria;p__Proteobacteria;c__Gammaproteobacteria;o__Burkholderiales;f__Burkholderiaceae;g__Delftia;s__Delftia_acidovorans	0.9997217840755456
f2347dbb24eaf8d5e3469b0011f7e0cc	ASV27d__Bacteria;p__Proteobacteria;c__Gammaproteobacteria;o__Burkholderiales;f__Burkholderiaceae;g__Xylophilus;s__	0.9967276746957481
dc3246348e03819f034809ac69ad256c	ASV27d__Bacteria;p__Proteobacteria;c__Gammaproteobacteria;o__Burkholderiales;f__Burkholderiaceae;g__Xylophilus;s__	0.9925426789742192
4248f3c137c0b51f0520ad791629a7fd	ASV31d__Bacteria;p__Proteobacteria;c__Gammaproteobacteria;o__Burkholderiales;f__Burkholderiaceae;g__Delftia;s__Delftia_acidovorans	0.9997191350022969
32df9951c30339f2aee4d2956f4974cb	X391_Actinobacteria;Actinomycetales;Microbacteriaceae;Leifsonia	0.9999999999998721
35af12a33c844767674ff9237687e5c4	ASV34d__Bacteria;p__Bacteroidota;c__Bacteroidia;o__Flavobacteriales;f__Weeksellaceae;g__Elizabethkingia;s__Elizabethkingia_miricola	0.9999999999774047
2a3f1b36c4ee2bce53bedacdd09d6ed6	ASV17d__Bacteria;p__Bacteroidota;c__Bacteroidia;o__Sphingobacteriales;f__Sphingobacteriaceae;g__Pedobacter;s__	0.9586400040427033
6f4997673fee7914841705bc08206ca8	X391_Actinobacteria;Actinomycetales;Microbacteriaceae;Leifsonia	0.9999999999992895
898a9d18c76c764b0c36fcb80ad9e35a	ASV31d__Bacteria;p__Proteobacteria;c__Gammaproteobacteria;o__Burkholderiales;f__Burkholderiaceae;g__Delftia;s__Delftia_acidovorans	0.9997090400139454
b15a2406ac1fdfad50eff7abbbf722c7	ASV29d__Bacteria;p__Proteobacteria;c__Gammaproteobacteria;o__Enterobacterales;f__Enterobacteriaceae;g__Citrobacter;s__Citrobacter_braakii	0.9998697523322098
95275df9f17358f01cec41dc1bb0a320	ASV31d__Bacteria;p__Proteobacteria;c__Gammaproteobacteria;o__Burkholderiales;f__Burkholderiaceae;g__Delftia;s__Delftia_acidovorans	0.9997500156180055
e5648f91d2ef81a2c03aa4fa2c84eb1f	ASV34d__Bacteria;p__Bacteroidota;c__Bacteroidia;o__Flavobacteriales;f__Weeksellaceae;g__Elizabethkingia;s__Elizabethkingia_miricola	0.9999999998919975
3bf6fa994f95e275417394ac787b7b09	ASV17d__Bacteria;p__Bacteroidota;c__Bacteroidia;o__Sphingobacteriales;f__Sphingobacteriaceae;g__Pedobacter;s__	0.9433811225000158
8d904d08d26d6b400c6103e78cef9dcf	ASV34d__Bacteria;p__Bacteroidota;c__Bacteroidia;o__Flavobacteriales;f__Weeksellaceae;g__Elizabethkingia;s__Elizabethkingia_miricola	0.9999999999781011
93c2ee9ca228f9516726318f21f3fec6	ASV29d__Bacteria;p__Proteobacteria;c__Gammaproteobacteria;o__Enterobacterales;f__Enterobacteriaceae;g__Citrobacter;s__Citrobacter_braakii	0.999786842709091
322fa98967655827732b8523cbe422b9	X491_Betaproteobacteria;Burkholderiales;Burkholderiaceae;Pandoraea	0.9976052207345977
b16278724a44466cb658e83a842b0425	Unassigned	0.6883229472992962
e3ffc18a35a9d7368218273e246419fd	Unassigned	0.7316800365808922
58b08ed8e28c7f9cde48422d5d0a773b	Unassigned	0.6936489799782077
c5e65553ec3711aa9c9557465b261b17	Unassigned	0.8544170851842455
bf965766c9cf5efb5559f5f79c8ded80	X391_Actinobacteria;Actinomycetales;Microbacteriaceae;Leifsonia	0.9999189760525505
0ecb6d6e6805cceb9ca0fc423c586208	ASV14d__Bacteria;p__Proteobacteria;c__Gammaproteobacteria;o__Pseudomonadales;f__Pseudomonadaceae;g__Pseudomonas_E;s__Pseudomonas_E fluorescens_AP	0.9999999995450821
7b7719dce8938933576b81d4711070a8	X263_Sphingobacteriia;Sphingobacteriales;Chitinophagaceae; Chitinophaga	0.999999999970882
2c5a504fa623572b0d23e6798230aa13	ASV29d__Bacteria;p__Proteobacteria;c__Gammaproteobacteria;o__Enterobacterales;f__Enterobacteriaceae;g__Citrobacter;s__Citrobacter_braakii	0.9204101325327937
aa4cc45a68e959a1a1b6f08b91c0d010	ASV11d__Bacteria;p__Proteobacteria;c__Gammaproteobacteria;o__Burkholderiales;f__Chromobacteriaceae;g__Aquitalea;s__Aquitaleapelogenes	0.9947374305534887
efae56c214ed225e5eb30e71c914d02b	ASV31d__Bacteria;p__Proteobacteria;c__Gammaproteobacteria;o__Burkholderiales;f__Burkholderiaceae;g__Delftia;s__Delftia_acidovorans	0.9996721470636301
ed5f370d700cfcfa212dc5745d3d94b7	Unassigned	0.7160440352330988
601bad1065ac6c107f508a5bccf9ee8d	Unassigned	0.6202195602647322
8a56f74fd6b2c98cc431f9f097e5d514	Unassigned	0.8842248890028716
0b69e1ff66b63c1fa6dd03b865909cd3	Unassigned	0.8349663703726071
3ca5f808d2dabb91e366cc76571c9af8	Unassigned	0.7336330023133677
263a2a10a021c7e508b30ee2999b4e3e	Unassigned	0.4790859840684313
8b4ecfad84feb681d0f8f8eff138b043	Unassigned	0.7454073369889908
696a1e9a4898459a56d7ea9ecb34b7ac	Unassigned	0.868373997094145
438a0fb0c006548bfe8bc7aa633138b5	Unassigned	0.6430224542836733
e1a6ce28a620dbce27106ab7cc5f534b	Unassigned	0.4801710569619949
1af3f1fb3385f91f8f25ed620d700c87	Unassigned	0.8029831349228602
1bd55da73f57d082096390f3d880bcab	Unassigned	0.6505965823476748
3df7007ea13dcad7d32d1e16d2e75176	X391_Actinobacteria;Actinomycetales;Microbacteriaceae;Leifsonia	0.9999999999998153
d63e6c0f8dc5015df98f712c734cc278	Unassigned	0.5145979792149883
9ac24b1f3ad28b00d1f13c51da50d250	X391_Actinobacteria;Actinomycetales;Microbacteriaceae;Leifsonia	0.9999999999997726
9104e464668ba956eb9de3d3d2f9eb19	Unassigned	0.5393139899316863
da3fe9159de07fc9e46e034952e22d03	ASV2d__Bacteria;p__Bacteroidota;c__Bacteroidia;o__Sphingobacteriales;f__Sphingobacteriaceae;g__Pedobacter;s__	0.9988349594954055
7adfae9429d46a2b7e3e1006346aeaa9	X120_Alphaproteobacteria;Sphingomonadales;Sphingomonadaceae;Sphingomonas	0.9999815437770263
6afe8ec3b14bcf64675ff4c597699978	Unassigned	0.7368546978948669
df1863deb9dabe84a29c926693098a50	ASV17d__Bacteria;p__Bacteroidota;c__Bacteroidia;o__Sphingobacteriales;f__Sphingobacteriaceae;g__Pedobacter;s__	0.9466795407419748
e7b6828843d7d9c5de598554c184eb6f	ASV14d__Bacteria;p__Proteobacteria;c__Gammaproteobacteria;o__Pseudomonadales;f__Pseudomonadaceae;g__Pseudomonas_E;s__Pseudomonas_E fluorescens_AP	0.9999999994869171
37f2cd00f8e7f97cf13975cc08870071	ASV5d__Bacteria;p__Proteobacteria;c__Gammaproteobacteria;o__Burkholderiales;f__Chromobacteriaceae;g__Chromobacterium;s__Chromobacteriumsp002213445	0.9996689721266322
cc76d20ecc4da405b3faac4e5b6d1656	ASV8d__Bacteria;p__Proteobacteria;c__Alphaproteobacteria;o__Rhizobiales;f__Rhizobiaceae;g__Rhizobium;s__	0.9999999800614605
83c339bb8a396a271cf45e843f74e072	Unassigned	0.8216520471615469
9d88acce7b2f13b58bf95d2f17ec8c2f	Unassigned	0.49393188802935706
e940d47fd48b44f70683f730067e2bb0	ASV34d__Bacteria;p__Bacteroidota;c__Bacteroidia;o__Flavobacteriales;f__Weeksellaceae;g__Elizabethkingia;s__Elizabethkingia_miricola	0.9999999999228635
f4656fc5dff3ce4b6ce276fafe2fe7e1	Unassigned	0.794935251307475
698b20cc0586d003e2d75876529cfd00	ASV33d__Bacteria;p__Proteobacteria;c__Alphaproteobacteria;o__Rhizobiales;f__Beijerinckiaceae;g__Bosea;s__	0.8293983821831473
225671ed33a06c9e372cb09428c37ff1	X391_Actinobacteria;Actinomycetales;Microbacteriaceae;Leifsonia	0.9999983900300321
2c90aa13e4fb4cc42f1762d9decff415	Unassigned	0.5904371785045206
b383a0f98e44fe8a7452ebf944105c48	Unassigned	0.6437647197269649
877141baf956b291d2499a6bbf9ea758	ASV32d__Bacteria;p__Proteobacteria;c__Gammaproteobacteria;o__Burkholderiales;f__Burkholderiaceae;g__Achromobacter;s__	0.9999990491350959
489fbe8cd15a3c118cd4df13bbf0cf69	Unassigned	0.594724706779642
59cdd78ac50ae4174fe968c069bf55df	Unassigned	0.8155507533903679
1b51357852b0b814b4d9918c6f0ab762	Unassigned	0.695298823638278
94031ad0349a261547281fa26048e1ef	ASV32d__Bacteria;p__Proteobacteria;c__Gammaproteobacteria;o__Burkholderiales;f__Burkholderiaceae;g__Achromobacter;s__	0.9999996767815371
fbf83fc43ff66319f59314fc413313d4	ASV31d__Bacteria;p__Proteobacteria;c__Gammaproteobacteria;o__Burkholderiales;f__Burkholderiaceae;g__Delftia;s__Delftia_acidovorans	0.9997768466871262
75f3fd19cf7f8af35ebe895402f854f3	ASV29d__Bacteria;p__Proteobacteria;c__Gammaproteobacteria;o__Enterobacterales;f__Enterobacteriaceae;g__Citrobacter;s__Citrobacter_braakii	0.9993014004081197
c276299012338334b00033c1dc54cf19	ASV8d__Bacteria;p__Proteobacteria;c__Alphaproteobacteria;o__Rhizobiales;f__Rhizobiaceae;g__Rhizobium;s__	0.9999999928064653
28b284900739ba3863be719615036894	ASV32d__Bacteria;p__Proteobacteria;c__Gammaproteobacteria;o__Burkholderiales;f__Burkholderiaceae;g__Achromobacter;s__	0.9999994314851417
d938510643daf68a3c174412f1c2db40	ASV29d__Bacteria;p__Proteobacteria;c__Gammaproteobacteria;o__Enterobacterales;f__Enterobacteriaceae;g__Citrobacter;s__Citrobacter_braakii	0.999781508025157
3f199f018161edbaa66e87c38c967ed8	ASV32d__Bacteria;p__Proteobacteria;c__Gammaproteobacteria;o__Burkholderiales;f__Burkholderiaceae;g__Achromobacter;s__	0.9999994985226387
246f9cdefc842e03f63457606307b5a7	ASV27d__Bacteria;p__Proteobacteria;c__Gammaproteobacteria;o__Burkholderiales;f__Burkholderiaceae;g__Xylophilus;s__	0.9952579981464486
e36592c6d62a51be321119d237152202	ASV31d__Bacteria;p__Proteobacteria;c__Gammaproteobacteria;o__Burkholderiales;f__Burkholderiaceae;g__Delftia;s__Delftia_acidovorans	0.9997148158603141
fedfdb757b2105daf8fc8c0502844f95	X391_Actinobacteria;Actinomycetales;Microbacteriaceae;Leifsonia	0.9999999999993605
2489cfbaf5a8a3ae4a5c89d908760eb8	ASV34d__Bacteria;p__Bacteroidota;c__Bacteroidia;o__Flavobacteriales;f__Weeksellaceae;g__Elizabethkingia;s__Elizabethkingia_miricola	0.9999999999715925
65243e49be93aac4ff1df4f9d7593e81	ASV34d__Bacteria;p__Bacteroidota;c__Bacteroidia;o__Flavobacteriales;f__Weeksellaceae;g__Elizabethkingia;s__Elizabethkingia_miricola	0.9999999999603233
9d84de94a41ed1e22f6d2cabc1232b94	ASV17d__Bacteria;p__Bacteroidota;c__Bacteroidia;o__Sphingobacteriales;f__Sphingobacteriaceae;g__Pedobacter;s__	0.9679883233918897
416765f004878af8bde5cdcb9190e484	Unassigned	0.8789661880183061
32ba8e20435aaac7cb9a95f63247315c	Unassigned	0.5519299187103812
b093c42493bb1bb3e0b5f3227b6851f2	X391_Actinobacteria;Actinomycetales;Microbacteriaceae;Leifsonia	0.9999999999997158
de8d54ba24e400f1f79bb240497c4891	X391_Actinobacteria;Actinomycetales;Microbacteriaceae;Leifsonia	0.999999999999801
2ab73deaff96b91064ad079e6acb5f69	ASV32d__Bacteria;p__Proteobacteria;c__Gammaproteobacteria;o__Burkholderiales;f__Burkholderiaceae;g__Achromobacter;s__	0.9999997001669266
be519e58440d8378377e25767a571c93	ASV17d__Bacteria;p__Bacteroidota;c__Bacteroidia;o__Sphingobacteriales;f__Sphingobacteriaceae;g__Pedobacter;s__	0.9616314466229459
d5a8c62e661605497f605797a60d9836	X391_Actinobacteria;Actinomycetales;Microbacteriaceae;Leifsonia	0.8152610476932469
00225068253e9f9ca88107ebb22338ad	Unassigned	0.7953918088151154
170ccde655280d5167b60b8762c21f18	Unassigned	0.45694296180209837
1561d180d57f093fff8b10cd6f5d52a8	ASV11d__Bacteria;p__Proteobacteria;c__Gammaproteobacteria;o__Burkholderiales;f__Chromobacteriaceae;g__Aquitalea;s__Aquitaleapelogenes	0.9947855184515456
7b34e5e16293e608ecaa81918728b3fa	ASV30d__Bacteria;p__Proteobacteria;c__Gammaproteobacteria;o__Enterobacterales;f__Enterobacteriaceae;g__Serratia_A;s__Serratia_Afonticola	0.9990171089682003
de77ac74d30d6ca627d00a441b224bed	ASV29d__Bacteria;p__Proteobacteria;c__Gammaproteobacteria;o__Enterobacterales;f__Enterobacteriaceae;g__Citrobacter;s__Citrobacter_braakii	0.999225788397113
2cde55cf4a6ff240f9bc2cb2a43b04d0	Unassigned	0.548803030173086
d0e6406c39efa6338118bb72235a282a	Unassigned	0.6122232151195746
850cafc029776c80ddea3599ff8a0696	ASV33d__Bacteria;p__Proteobacteria;c__Alphaproteobacteria;o__Rhizobiales;f__Beijerinckiaceae;g__Bosea;s__	0.9119071159637874
abee0faf861e64e551416c7b97d136ec	X391_Actinobacteria;Actinomycetales;Microbacteriaceae;Leifsonia	0.9998667785900144
9e77ebe336d72bc8f1fba91d60e85d31	ASV17d__Bacteria;p__Bacteroidota;c__Bacteroidia;o__Sphingobacteriales;f__Sphingobacteriaceae;g__Pedobacter;s__	0.9864260568153936
ad25459a088a2bb6a3e381e951fb0f52	Unassigned	0.5672537675771223
4a604eb39941a85019cd0c043b585dc7	ASV30d__Bacteria;p__Proteobacteria;c__Gammaproteobacteria;o__Enterobacterales;f__Enterobacteriaceae;g__Serratia_A;s__Serratia_Afonticola	0.9997125427097094
afc52b359de2702c8a3a6a252c2156f5	Unassigned	0.6887222945826362
96f7854116a4840d8209d55f17b2592b	Unassigned	0.8445955171675381
c96403d1230f349e7fc293d2b8ab22ed	ASV14d__Bacteria;p__Proteobacteria;c__Gammaproteobacteria;o__Pseudomonadales;f__Pseudomonadaceae;g__Pseudomonas_E;s__Pseudomonas_E fluorescens_AP	0.999999227988368
6664523980a50a12ae50ed12a3f9dd6b	Unassigned	0.7684129997161467
4936240c2b9fc299455d444de94ea1f7	Unassigned	0.7128285691215328
8c6e7757b9f998c6db45bdde95ff1ee7	Unassigned	0.8090405600220287
55b2530d2b364e18cdef2cef26254943	Unassigned	0.719901442979306
54104eb09e1f4dd4b4969a74776fc197	Unassigned	0.41254975135349037
62cfd2fe19bd3483121c6ef24d533a68	Unassigned	0.8301151935699351
5e4f4c5c9bd1e00d8c919b74b83810f4	ASV33d__Bacteria;p__Proteobacteria;c__Alphaproteobacteria;o__Rhizobiales;f__Beijerinckiaceae;g__Bosea;s__	0.8600258308356096
b48470150b7b5708b562c57daf32b726	Unassigned	0.8510203295178729
018390669ac3d47cc7e9efb78c86402e	Unassigned	0.650386810594266
ceaf94b25803dda5fbf2e83d275431ab	Unassigned	0.8175738853197577
4b8c4ed8758aebd0b5f9097ef9ddd987	ASV29d__Bacteria;p__Proteobacteria;c__Gammaproteobacteria;o__Enterobacterales;f__Enterobacteriaceae;g__Citrobacter;s__Citrobacter_braakii	0.8069581720360522
21d254934dbc5c314c1e25ab5e95712d	ASV17d__Bacteria;p__Bacteroidota;c__Bacteroidia;o__Sphingobacteriales;f__Sphingobacteriaceae;g__Pedobacter;s__	0.9626095743293074
c2a97457cb77635e3ef1cefd1067e02b	ASV5d__Bacteria;p__Proteobacteria;c__Gammaproteobacteria;o__Burkholderiales;f__Chromobacteriaceae;g__Chromobacterium;s__Chromobacteriumsp002213445	0.9997901991000712
2cc471d67159119f5d6637ddf9d75710	ASV34d__Bacteria;p__Bacteroidota;c__Bacteroidia;o__Flavobacteriales;f__Weeksellaceae;g__Elizabethkingia;s__Elizabethkingia_miricola	0.9999999999524078
8b58f8ab53e5eed6178c5fdca55d9454	Unassigned	0.8404521866260939
87a6575aea8b7fbbd2fc5141d3b5981a	Unassigned	0.742467672456703
ea001259803d7de475a484de835e225a	Unassigned	0.6225164929454452
b909a92ff7714e3dcc0db59c280a7ac9	ASV31d__Bacteria;p__Proteobacteria;c__Gammaproteobacteria;o__Burkholderiales;f__Burkholderiaceae;g__Delftia;s__Delftia_acidovorans	0.7286984569456835
9cc350c4a8096108a40da2676bf5db83	ASV2d__Bacteria;p__Bacteroidota;c__Bacteroidia;o__Sphingobacteriales;f__Sphingobacteriaceae;g__Pedobacter;s__	0.9997902256475253
13acc22a50174322fe3230a5d5e2590c	ASV2d__Bacteria;p__Bacteroidota;c__Bacteroidia;o__Sphingobacteriales;f__Sphingobacteriaceae;g__Pedobacter;s__	0.9998065446252631
a28e45b6603e4a7dc41d1c2743fb5226	ASV8d__Bacteria;p__Proteobacteria;c__Alphaproteobacteria;o__Rhizobiales;f__Rhizobiaceae;g__Rhizobium;s__	0.9999999683043092
bf47221429fd5daccdc9add24b02d98f	ASV8d__Bacteria;p__Proteobacteria;c__Alphaproteobacteria;o__Rhizobiales;f__Rhizobiaceae;g__Rhizobium;s__	0.9539826763144361
0eb3f5eaefccc4e80c9dc02fc3f683e7	ASV30d__Bacteria;p__Proteobacteria;c__Gammaproteobacteria;o__Enterobacterales;f__Enterobacteriaceae;g__Serratia_A;s__Serratia_Afonticola	0.9969328262092368
b98c978332bb9d7490f41f69936e2e00	ASV30d__Bacteria;p__Proteobacteria;c__Gammaproteobacteria;o__Enterobacterales;f__Enterobacteriaceae;g__Serratia_A;s__Serratia_Afonticola	0.9992480426851862
fb519d4e7028700bfc45801800323580	Unassigned	0.7684547318540688
ef5d5d78482e9d67d588d60361ac20dc	ASV32d__Bacteria;p__Proteobacteria;c__Gammaproteobacteria;o__Burkholderiales;f__Burkholderiaceae;g__Achromobacter;s__	0.9999996608591466
8c01bb5dd902455bb3bbdf7436d34123	Unassigned	0.8501813094950551
029c55cf20c99a188a417aae0fbcf04b	ASV14d__Bacteria;p__Proteobacteria;c__Gammaproteobacteria;o__Pseudomonadales;f__Pseudomonadaceae;g__Pseudomonas_E;s__Pseudomonas_E fluorescens_AP	0.9999999996366995
90df512af0333f85d5b1a202b90beeb4	ASV14d__Bacteria;p__Proteobacteria;c__Gammaproteobacteria;o__Pseudomonadales;f__Pseudomonadaceae;g__Pseudomonas_E;s__Pseudomonas_E fluorescens_AP	0.9999999996115179
25c128008425991d425d33c944980f45	ASV14d__Bacteria;p__Proteobacteria;c__Gammaproteobacteria;o__Pseudomonadales;f__Pseudomonadaceae;g__Pseudomonas_E;s__Pseudomonas_E fluorescens_AP	0.9999999853285432
a8b7e09b566a02b823f799265abe14da	ASV34d__Bacteria;p__Bacteroidota;c__Bacteroidia;o__Flavobacteriales;f__Weeksellaceae;g__Elizabethkingia;s__Elizabethkingia_miricola	0.9999999999440377
398fffd3e5b9293ee7aa7735722e711c	ASV34d__Bacteria;p__Bacteroidota;c__Bacteroidia;o__Flavobacteriales;f__Weeksellaceae;g__Elizabethkingia;s__Elizabethkingia_miricola	0.999999999983018
3e26116c703ecc7af96ed28b0a8a2973	X120_Alphaproteobacteria;Sphingomonadales;Sphingomonadaceae;Sphingomonas	0.9994301681245322
dc06ae29c41dc1b81132367600e1aa06	ASV14d__Bacteria;p__Proteobacteria;c__Gammaproteobacteria;o__Pseudomonadales;f__Pseudomonadaceae;g__Pseudomonas_E;s__Pseudomonas_E fluorescens_AP	0.9999999999101306
ae191e24ffca46556677fb3748424fac	ASV29d__Bacteria;p__Proteobacteria;c__Gammaproteobacteria;o__Enterobacterales;f__Enterobacteriaceae;g__Citrobacter;s__Citrobacter_braakii	0.9996781127565334
0fa9175a1ad711849f024b144521b2b3	ASV29d__Bacteria;p__Proteobacteria;c__Gammaproteobacteria;o__Enterobacterales;f__Enterobacteriaceae;g__Citrobacter;s__Citrobacter_braakii	0.9998286509610287
99625322e133432aaf6dd11a0895b640	ASV30d__Bacteria;p__Proteobacteria;c__Gammaproteobacteria;o__Enterobacterales;f__Enterobacteriaceae;g__Serratia_A;s__Serratia_Afonticola	0.9992872241755454
0692aa99192384a2c853bc34a4278bd3	ASV32d__Bacteria;p__Proteobacteria;c__Gammaproteobacteria;o__Burkholderiales;f__Burkholderiaceae;g__Achromobacter;s__	0.9999990344167856
ab86b60f58c3f94a62e1092e0526441e	Unassigned	0.662505545934869
26b7b528e04f40235d92a275a9df71ce	ASV31d__Bacteria;p__Proteobacteria;c__Gammaproteobacteria;o__Burkholderiales;f__Burkholderiaceae;g__Delftia;s__Delftia_acidovorans	0.9996413983159328
f2d674c004854520ce800dabe6eb6b6f	Unassigned	0.7833947227617494
c3f0a37fcfb30b9b5fea71d837f327e3	ASV29d__Bacteria;p__Proteobacteria;c__Gammaproteobacteria;o__Enterobacterales;f__Enterobacteriaceae;g__Citrobacter;s__Citrobacter_braakii	0.9998501403380786
bdfb81536cc3a29149cdf2b55d4f8cfa	ASV30d__Bacteria;p__Proteobacteria;c__Gammaproteobacteria;o__Enterobacterales;f__Enterobacteriaceae;g__Serratia_A;s__Serratia_Afonticola	0.9991588555385275
003edd82226de87cffa164cc7efca588	ASV29d__Bacteria;p__Proteobacteria;c__Gammaproteobacteria;o__Enterobacterales;f__Enterobacteriaceae;g__Citrobacter;s__Citrobacter_braakii	0.9998790242467449
fa8251b4e7025d1d6e146d928dd3bc5a	ASV31d__Bacteria;p__Proteobacteria;c__Gammaproteobacteria;o__Burkholderiales;f__Burkholderiaceae;g__Delftia;s__Delftia_acidovorans	0.9987113603792473
12caa0ac852444f26384d45b8149f1eb	ASV34d__Bacteria;p__Bacteroidota;c__Bacteroidia;o__Flavobacteriales;f__Weeksellaceae;g__Elizabethkingia;s__Elizabethkingia_miricola	0.9999999999566
d5e6d30532733011f3cc242a3aef76c7	ASV29d__Bacteria;p__Proteobacteria;c__Gammaproteobacteria;o__Enterobacterales;f__Enterobacteriaceae;g__Citrobacter;s__Citrobacter_braakii	0.9994964701208275
6dd03392b2f3825089835806f1979753	ASV31d__Bacteria;p__Proteobacteria;c__Gammaproteobacteria;o__Burkholderiales;f__Burkholderiaceae;g__Delftia;s__Delftia_acidovorans	0.9997694083130795
7f2120be292effb6b551dd5aeec8358e	ASV31d__Bacteria;p__Proteobacteria;c__Gammaproteobacteria;o__Burkholderiales;f__Burkholderiaceae;g__Delftia;s__Delftia_acidovorans	0.9998408271416085
0e38a613b1c2eaaf854921e1a6652eb3	Unassigned	0.8239150232203181
c33a2ac4a08abcc5367e81601132ebad	Unassigned	0.6153399832145883
02c3e7136c4f23ccd5064387f3906bbe	ASV32d__Bacteria;p__Proteobacteria;c__Gammaproteobacteria;o__Burkholderiales;f__Burkholderiaceae;g__Achromobacter;s__	0.9999991555577464
7e78263ff9bcf474c5c203904ec83525	Unassigned	0.5207554154571634
ecb403bd7f615e731d3444fc93d88cf2	ASV32d__Bacteria;p__Proteobacteria;c__Gammaproteobacteria;o__Burkholderiales;f__Burkholderiaceae;g__Achromobacter;s__	0.9999998430431399
6362d598725477c7eeb86c304db370e5	X391_Actinobacteria;Actinomycetales;Microbacteriaceae;Leifsonia	0.999999999999801
0a9b7801f9ecf2df53f20e7b961626a2	X491_Betaproteobacteria;Burkholderiales;Burkholderiaceae;Pandoraea	0.997795216440467
9f60951545b11004884322e62dd4332d	ASV30d__Bacteria;p__Proteobacteria;c__Gammaproteobacteria;o__Enterobacterales;f__Enterobacteriaceae;g__Serratia_A;s__Serratia_Afonticola	0.9986108462805106
2417643a1c44f4d502751d6cf3951a54	Unassigned	0.8216358566725218
a2835e64484c265629b1113f3ef39074	ASV5d__Bacteria;p__Proteobacteria;c__Gammaproteobacteria;o__Burkholderiales;f__Chromobacteriaceae;g__Chromobacterium;s__Chromobacteriumsp002213445	0.9985415786813301
4778a8c95c4cef98a983eb4eb3e52a95	Unassigned	0.4022701322105945
119ad4c025b38fb6ebad50e4828736b4	Unassigned	0.5246787742111307
30578b6bd02001a044405c999d5b0db8	Unassigned	0.7799235515022974
f6752fd190eb541254c0b3f4a0412688	ASV30d__Bacteria;p__Proteobacteria;c__Gammaproteobacteria;o__Enterobacterales;f__Enterobacteriaceae;g__Serratia_A;s__Serratia_Afonticola	0.9758835166851543
ba62e80f669481f426e445394f99c587	ASV17d__Bacteria;p__Bacteroidota;c__Bacteroidia;o__Sphingobacteriales;f__Sphingobacteriaceae;g__Pedobacter;s__	0.9659984764392546
25ac14f4774016025967ff7ceffe0f72	Unassigned	0.6528281179469468
c3ce1f959643e12d5454978228a08857	Unassigned	0.8439898099818903
9edb968d8ddf0e8ee02bc9575027a2fc	ASV30d__Bacteria;p__Proteobacteria;c__Gammaproteobacteria;o__Enterobacterales;f__Enterobacteriaceae;g__Serratia_A;s__Serratia_Afonticola	0.9524242158079965
6b986ed5ddc55fcf7603e400539f2d09	Unassigned	0.5387742763385472
8b654c92aae55eeead0bce001cfecb9f	Unassigned	0.7721864322462388
123ca7d3e0286147b230d61073aced7b	Unassigned	0.617650849675295
15df0626ea362d7af320ac2b384d1730	Unassigned	0.7610508837192771
e1fb929368765a0c6f4cfcde38d18168	Unassigned	0.7853609202102536
0e28e92cebc0fd9369c455a9d8f2d670	Unassigned	0.8151767813903406
c66418d4960604d97a29d44a48d162e7	Unassigned	0.6063674381005569
fa39c2e871125ce94f75985d754aaa4c	ASV33d__Bacteria;p__Proteobacteria;c__Alphaproteobacteria;o__Rhizobiales;f__Beijerinckiaceae;g__Bosea;s__	0.7127614593898375
c030c75f54f2f84a154688f3952cfb92	X391_Actinobacteria;Actinomycetales;Microbacteriaceae;Leifsonia	0.999999999999801
dfb293b8d4c01d5f0cfdf076c3b0a86b	X491_Betaproteobacteria;Burkholderiales;Burkholderiaceae;Pandoraea	0.992352878084501
48458f79b78f830575e156120119b1c3	X391_Actinobacteria;Actinomycetales;Microbacteriaceae;Leifsonia	0.9999999999996589
2f4b94d39dd515b62b80663e8b7ebb80	Unassigned	0.7828540702754563
aa932e7ab1749df161b6e555fc6efcc8	ASV31d__Bacteria;p__Proteobacteria;c__Gammaproteobacteria;o__Burkholderiales;f__Burkholderiaceae;g__Delftia;s__Delftia_acidovorans	0.9997425899058089
1ac47cfd05249913875846d152f5f08f	Unassigned	0.8057157482676383
28a033ced4b7ec4bb9da54208a818775	X391_Actinobacteria;Actinomycetales;Microbacteriaceae;Leifsonia	0.9999999999993321
894fb96cf46e505e7ad77b644898d855	Unassigned	0.7832615379307778
e10ed59251357659c2744895e12bed3b	Unassigned	0.713481544373264
b405135df224e6cd4381acb1d4e2fcb3	Unassigned	0.8459088542963338
631618c389f023769500e13e217daaac	ASV2d__Bacteria;p__Bacteroidota;c__Bacteroidia;o__Sphingobacteriales;f__Sphingobacteriaceae;g__Pedobacter;s__	0.9946319478140693
b33d47265c9a118b91fd199928d956ff	ASV14d__Bacteria;p__Proteobacteria;c__Gammaproteobacteria;o__Pseudomonadales;f__Pseudomonadaceae;g__Pseudomonas_E;s__Pseudomonas_E fluorescens_AP	0.9999999997274358
8c1cd420e2ad1dca41962cd2cf248352	ASV31d__Bacteria;p__Proteobacteria;c__Gammaproteobacteria;o__Burkholderiales;f__Burkholderiaceae;g__Delftia;s__Delftia_acidovorans	0.9988693204471926
ae2e778b16e637b6ef52c3cbd9fb02e7	ASV17d__Bacteria;p__Bacteroidota;c__Bacteroidia;o__Sphingobacteriales;f__Sphingobacteriaceae;g__Pedobacter;s__	0.914807973936007
25a5665b0235ea5f850c1c8930affd69	ASV32d__Bacteria;p__Proteobacteria;c__Gammaproteobacteria;o__Burkholderiales;f__Burkholderiaceae;g__Achromobacter;s__	0.9999995719023423
fbcb02ccf56f101243e0df8fcad38167	Unassigned	0.6736926861708694
66445bbea93d0889fdeb9e0a3880e547	Unassigned	0.5718057248106363
a63f65ad0f7a1ffc9e5ea828e95cdd6b	Unassigned	0.5980203314240695
e2f869eb50b4a702c65f0c60102fe3d2	Unassigned	0.7901150853676242
c2b950ce9fc5d6a18e37db5ff2918202	Unassigned	0.6458946085874164
b3be9f6954c061c919c786b31b8c6003	ASV30d__Bacteria;p__Proteobacteria;c__Gammaproteobacteria;o__Enterobacterales;f__Enterobacteriaceae;g__Serratia_A;s__Serratia_Afonticola	0.9994752332401582
f870f948de612817ed9e538ec43a66b3	Unassigned	0.8672115492380235
ec9562edcf3986f9a56ee377d8ff737c	Unassigned	0.5622777288852139
9b442020a310e7adf268b3e6ea5efe9a	Unassigned	0.7288058182077359
827108e7a8e138310f0944b45cbad10b	ASV34d__Bacteria;p__Bacteroidota;c__Bacteroidia;o__Flavobacteriales;f__Weeksellaceae;g__Elizabethkingia;s__Elizabethkingia_miricola	0.9999999997747011
737bd939f61eb3dc403940f02b3a2065	ASV14d__Bacteria;p__Proteobacteria;c__Gammaproteobacteria;o__Pseudomonadales;f__Pseudomonadaceae;g__Pseudomonas_E;s__Pseudomonas_E fluorescens_AP	0.9999999997721432
1df75d84b2b86dcf138f08ab80a52beb	Unassigned	0.7061712292889564
7b28c20e72c6c95b3e604f0849245770	ASV21d__Bacteria;p__Proteobacteria;c__Gammaproteobacteria;o__Xanthomonadales;f__Rhodanobacteraceae;g__Dyella;s__	0.7540009732363728
c45321f29c1936ae4572a5a055624e70	Unassigned	0.47129848288264053
bbb90093f80037243d0a0327a8f0e2ae	ASV34d__Bacteria;p__Bacteroidota;c__Bacteroidia;o__Flavobacteriales;f__Weeksellaceae;g__Elizabethkingia;s__Elizabethkingia_miricola	0.9999999999150475
84c2187ba3218a26f74813bac72132e2	ASV29d__Bacteria;p__Proteobacteria;c__Gammaproteobacteria;o__Enterobacterales;f__Enterobacteriaceae;g__Citrobacter;s__Citrobacter_braakii	0.999711464029024
e621841648314ad89e8a0b6af07963ef	ASV29d__Bacteria;p__Proteobacteria;c__Gammaproteobacteria;o__Enterobacterales;f__Enterobacteriaceae;g__Citrobacter;s__Citrobacter_braakii	0.9993348918182443
7005c06634d6ef4aa49f05ef8a03437b	ASV31d__Bacteria;p__Proteobacteria;c__Gammaproteobacteria;o__Burkholderiales;f__Burkholderiaceae;g__Delftia;s__Delftia_acidovorans	0.9997491741312573
f1c827c11a91b7bcef2a1a7220954172	ASV5d__Bacteria;p__Proteobacteria;c__Gammaproteobacteria;o__Burkholderiales;f__Chromobacteriaceae;g__Chromobacterium;s__Chromobacteriumsp002213445	0.9997034581146962
93c54dd15427561d56af6b3052e8b44d	ASV34d__Bacteria;p__Bacteroidota;c__Bacteroidia;o__Flavobacteriales;f__Weeksellaceae;g__Elizabethkingia;s__Elizabethkingia_miricola	0.9999999999809575
ef951104443fb4be4634f041d36214cc	ASV29d__Bacteria;p__Proteobacteria;c__Gammaproteobacteria;o__Enterobacterales;f__Enterobacteriaceae;g__Citrobacter;s__Citrobacter_braakii	0.9993013872300854
9662f7f47c2eea7ea897339290466fe7	Unassigned	0.8308802104224631
15594e17710d706c485834293dded38e	ASV31d__Bacteria;p__Proteobacteria;c__Gammaproteobacteria;o__Burkholderiales;f__Burkholderiaceae;g__Delftia;s__Delftia_acidovorans	0.9997494690092079
cdbc1038a81e3665c6ab75a22d47d0fe	ASV27d__Bacteria;p__Proteobacteria;c__Gammaproteobacteria;o__Burkholderiales;f__Burkholderiaceae;g__Xylophilus;s__	0.9969588868581006
f43ccd71611ee7a680ecbcc00cdc66fa	ASV8d__Bacteria;p__Proteobacteria;c__Alphaproteobacteria;o__Rhizobiales;f__Rhizobiaceae;g__Rhizobium;s__	0.9999999703272526
3e58a169f72ae12c195fd39585da6499	ASV32d__Bacteria;p__Proteobacteria;c__Gammaproteobacteria;o__Burkholderiales;f__Burkholderiaceae;g__Achromobacter;s__	0.9999995924787988
3af3b36890d46bfd1a62d2f2a964ecc9	ASV34d__Bacteria;p__Bacteroidota;c__Bacteroidia;o__Flavobacteriales;f__Weeksellaceae;g__Elizabethkingia;s__Elizabethkingia_miricola	0.9999999999773621
587340ba3234dd2bfcb79394147a3490	ASV17d__Bacteria;p__Bacteroidota;c__Bacteroidia;o__Sphingobacteriales;f__Sphingobacteriaceae;g__Pedobacter;s__	0.9550413915128708
484ff2fbaca99a388f14016662f73bf8	ASV5d__Bacteria;p__Proteobacteria;c__Gammaproteobacteria;o__Burkholderiales;f__Chromobacteriaceae;g__Chromobacterium;s__Chromobacteriumsp002213445	0.999783786467694
e96d8f2563534653711fedb332699bd3	ASV31d__Bacteria;p__Proteobacteria;c__Gammaproteobacteria;o__Burkholderiales;f__Burkholderiaceae;g__Delftia;s__Delftia_acidovorans	0.9998400148101219
6b3b142de851beacad389a2e44bf2e66	ASV2d__Bacteria;p__Bacteroidota;c__Bacteroidia;o__Sphingobacteriales;f__Sphingobacteriaceae;g__Pedobacter;s__	0.9996366499567104
d23bf581c230000df09eae3f06d99ecd	ASV31d__Bacteria;p__Proteobacteria;c__Gammaproteobacteria;o__Burkholderiales;f__Burkholderiaceae;g__Delftia;s__Delftia_acidovorans	0.9996783820873884
74b74c6ab6196a161f4563a9a4f1f879	X391_Actinobacteria;Actinomycetales;Microbacteriaceae;Leifsonia	0.9999999999999005
8a7ad256d65d168ba9e910a886aa1bf1	Unassigned	0.46699169717277345
6ad17044b475cbc4dea75b28c7e4de1f	Unassigned	0.8349641146366527
4e184e3879838572406800610f3e2713	ASV5d__Bacteria;p__Proteobacteria;c__Gammaproteobacteria;o__Burkholderiales;f__Chromobacteriaceae;g__Chromobacterium;s__Chromobacteriumsp002213445	0.999694687519138
d796d9d3aa139deeed0ddee34faa0646	ASV5d__Bacteria;p__Proteobacteria;c__Gammaproteobacteria;o__Burkholderiales;f__Chromobacteriaceae;g__Chromobacterium;s__Chromobacteriumsp002213445	0.9986111052465282
4a0705a991ae5eadc4e275a1a9bc01f4	ASV34d__Bacteria;p__Bacteroidota;c__Bacteroidia;o__Flavobacteriales;f__Weeksellaceae;g__Elizabethkingia;s__Elizabethkingia_miricola	0.9999999999227356
60045f4d571c0ecd6f24bfd5d57a636d	ASV34d__Bacteria;p__Bacteroidota;c__Bacteroidia;o__Flavobacteriales;f__Weeksellaceae;g__Elizabethkingia;s__Elizabethkingia_miricola	0.9999999999616875
e6706e1ee8f73feae480f7fee51d6c0d	ASV5d__Bacteria;p__Proteobacteria;c__Gammaproteobacteria;o__Burkholderiales;f__Chromobacteriaceae;g__Chromobacterium;s__Chromobacteriumsp002213445	0.9997749184828457
ef33980e4b13b01dcd2074a6d3452438	ASV33d__Bacteria;p__Proteobacteria;c__Alphaproteobacteria;o__Rhizobiales;f__Beijerinckiaceae;g__Bosea;s__	0.7234255376087801
0dc5c91846e178c60161e4817e63a387	Unassigned	0.8402967776805806
97357acf302fde944e17ea980f05592e	Unassigned	0.742787092987246
6966f5baef88af3bc892578fd9fe0d03	Unassigned	0.4796151867589913
aa3e63f4f6ffc8357d6cabe8a2e39e05	X263_Sphingobacteriia;Sphingobacteriales;Chitinophagaceae; Chitinophaga	0.9999999998690612
ee8dd1ab90c4fa6925ccb3d32f878a26	Unassigned	0.7351590813622535
c88e749977f3af1b20c46ddde7898aa9	Unassigned	0.8318567310707222
459660162e2e337bcf5b767a4f73ead9	Unassigned	0.8617518555889929
11c9eba59a31701a43b1cc37bab5000b	ASV31d__Bacteria;p__Proteobacteria;c__Gammaproteobacteria;o__Burkholderiales;f__Burkholderiaceae;g__Delftia;s__Delftia_acidovorans	0.9965194698775983
8f4bb2b9fcd8b9b32322b1e75023990e	Unassigned	0.33470652112960797
4c7778a3363a176537929721e028a70f	Unassigned	0.8209360600009086
7c8e7f1962d11991f50e2e797f0f5255	Unassigned	0.8071862135851139
cb9d62070af95fd8388bad8fbd73d1f0	X391_Actinobacteria;Actinomycetales;Microbacteriaceae;Leifsonia	0.9999999999992468
c91db3a2c84ece37a2084f7aef529add	ASV34d__Bacteria;p__Bacteroidota;c__Bacteroidia;o__Flavobacteriales;f__Weeksellaceae;g__Elizabethkingia;s__Elizabethkingia_miricola	0.999999999953431
bb883b72b3144f34bc7e3a3896d3132f	Unassigned	0.8490226114475979
b8495ca7570fd0b889a6786996d0fb45	ASV14d__Bacteria;p__Proteobacteria;c__Gammaproteobacteria;o__Pseudomonadales;f__Pseudomonadaceae;g__Pseudomonas_E;s__Pseudomonas_E fluorescens_AP	0.999999999925933
98172043769a02b9db00eba3febee39f	Unassigned	0.715688242239249
eb9e5eee6b5d6fbdda17b1f9bc8ec329	Unassigned	0.7425526236412052
41dfdc816ebc5bf587652bb5e5096961	ASV17d__Bacteria;p__Bacteroidota;c__Bacteroidia;o__Sphingobacteriales;f__Sphingobacteriaceae;g__Pedobacter;s__	0.9703306753517722
358d13dce3adc2dc6f81deada1d5270f	Unassigned	0.8216841761928847
74f2ca72a8ce7cd3d8083d68c6ae7e42	ASV19d__Bacteria;p__Bacteroidota;c__Bacteroidia;o__Sphingobacteriales;f__Sphingobacteriaceae;g__Pedobacter;s__	0.9993610110719388
a043707a31add6ae31b15b025723500a	ASV17d__Bacteria;p__Bacteroidota;c__Bacteroidia;o__Sphingobacteriales;f__Sphingobacteriaceae;g__Pedobacter;s__	0.9753495693593385
ea34e6d1b1620a4e5c78d2bae8181a6c	ASV17d__Bacteria;p__Bacteroidota;c__Bacteroidia;o__Sphingobacteriales;f__Sphingobacteriaceae;g__Pedobacter;s__	0.9182543281998414
e1e3c87e9c872f2061f2a6d6a790535a	ASV14d__Bacteria;p__Proteobacteria;c__Gammaproteobacteria;o__Pseudomonadales;f__Pseudomonadaceae;g__Pseudomonas_E;s__Pseudomonas_E fluorescens_AP	0.9999999998583462
1b652e2ff59acd87ee4d89abb269c683	Unassigned	0.6203847207110493
8697cfc00cd9f7f4ddee882da7d98338	ASV30d__Bacteria;p__Proteobacteria;c__Gammaproteobacteria;o__Enterobacterales;f__Enterobacteriaceae;g__Serratia_A;s__Serratia_Afonticola	0.9959221034524002
445125bd6b8a27d0620ca4c7ad591d09	Unassigned	0.7349967493678538
6e7cf76ce8319da2d255792b3cf38e2e	Unassigned	0.5749686448141146
d4c340d348217adcade0533fe2bd1159	ASV30d__Bacteria;p__Proteobacteria;c__Gammaproteobacteria;o__Enterobacterales;f__Enterobacteriaceae;g__Serratia_A;s__Serratia_Afonticola	0.9984144958316054
a16d00d46c6b9ba8636c00b96962c62e	ASV17d__Bacteria;p__Bacteroidota;c__Bacteroidia;o__Sphingobacteriales;f__Sphingobacteriaceae;g__Pedobacter;s__	0.9620243591419555
aa60a73178f3ef81426b81e427f5c2ac	ASV30d__Bacteria;p__Proteobacteria;c__Gammaproteobacteria;o__Enterobacterales;f__Enterobacteriaceae;g__Serratia_A;s__Serratia_Afonticola	0.9980301094070904
56585f35ebd5628fcff532018a7c9529	ASV14d__Bacteria;p__Proteobacteria;c__Gammaproteobacteria;o__Pseudomonadales;f__Pseudomonadaceae;g__Pseudomonas_E;s__Pseudomonas_E fluorescens_AP	0.9999999998221369
b0058b2865561505465c57613e30c312	ASV34d__Bacteria;p__Bacteroidota;c__Bacteroidia;o__Flavobacteriales;f__Weeksellaceae;g__Elizabethkingia;s__Elizabethkingia_miricola	0.9999999999910472
45741fd326b6f586e23b4bdd8c31cd7d	Unassigned	0.7775408516616658
f3d05ca923ac6b1acb18eaa40c168500	ASV14d__Bacteria;p__Proteobacteria;c__Gammaproteobacteria;o__Pseudomonadales;f__Pseudomonadaceae;g__Pseudomonas_E;s__Pseudomonas_E fluorescens_AP	0.9999999487302644
77e3c086a2acd1c789ce02560ebb7ca8	Unassigned	0.5204101372857795
061c87fad1c799634c6c78b244c8d21e	ASV32d__Bacteria;p__Proteobacteria;c__Gammaproteobacteria;o__Burkholderiales;f__Burkholderiaceae;g__Achromobacter;s__	0.9999993286536843
49a39e5a452f01e17fcc76d2b4a16e30	ASV29d__Bacteria;p__Proteobacteria;c__Gammaproteobacteria;o__Enterobacterales;f__Enterobacteriaceae;g__Citrobacter;s__Citrobacter_braakii	0.9997701675903794
d448e5403a206d1cdd49995b1a11bcf9	ASV34d__Bacteria;p__Bacteroidota;c__Bacteroidia;o__Flavobacteriales;f__Weeksellaceae;g__Elizabethkingia;s__Elizabethkingia_miricola	0.9999999999359375
4a83d0e29970b99bacb86d8f0a03b1bf	Unassigned	0.8610341419585704
ad9e92cfa3f9b01aa50a0ad35dfaef4d	ASV31d__Bacteria;p__Proteobacteria;c__Gammaproteobacteria;o__Burkholderiales;f__Burkholderiaceae;g__Delftia;s__Delftia_acidovorans	0.9995465698029901
2dfbee88ddbe4ae83aaa163770ef61f6	ASV31d__Bacteria;p__Proteobacteria;c__Gammaproteobacteria;o__Burkholderiales;f__Burkholderiaceae;g__Delftia;s__Delftia_acidovorans	0.9994510742105902
0384ddbdb19200266d37afdb02593020	ASV32d__Bacteria;p__Proteobacteria;c__Gammaproteobacteria;o__Burkholderiales;f__Burkholderiaceae;g__Achromobacter;s__	0.9999996313267414
e96672d59b7fd5af42304813086a0e8c	ASV32d__Bacteria;p__Proteobacteria;c__Gammaproteobacteria;o__Burkholderiales;f__Burkholderiaceae;g__Achromobacter;s__	0.9999990302845004
3ed5759f27d4fb5b0556b73fe1fe1c57	Unassigned	0.7710902012558642
a9529710df038b817009734e74285df2	ASV31d__Bacteria;p__Proteobacteria;c__Gammaproteobacteria;o__Burkholderiales;f__Burkholderiaceae;g__Delftia;s__Delftia_acidovorans	0.999723596450956
b3b199cad8291f16eef2aa429a0b5da6	ASV27d__Bacteria;p__Proteobacteria;c__Gammaproteobacteria;o__Burkholderiales;f__Burkholderiaceae;g__Xylophilus;s__	0.9973206573883626
4c132400526ebb00cc97098f91f26f76	ASV27d__Bacteria;p__Proteobacteria;c__Gammaproteobacteria;o__Burkholderiales;f__Burkholderiaceae;g__Xylophilus;s__	0.9964033200763626
db55fd3021f7fe4e14c5a3260165426b	ASV32d__Bacteria;p__Proteobacteria;c__Gammaproteobacteria;o__Burkholderiales;f__Burkholderiaceae;g__Achromobacter;s__	0.9999993594196956
65e13cf4b6a72db96aa88a559b28ee98	ASV32d__Bacteria;p__Proteobacteria;c__Gammaproteobacteria;o__Burkholderiales;f__Burkholderiaceae;g__Achromobacter;s__	0.9999987436492509
1064ae6e988a88a0991154dad8b24916	ASV34d__Bacteria;p__Bacteroidota;c__Bacteroidia;o__Flavobacteriales;f__Weeksellaceae;g__Elizabethkingia;s__Elizabethkingia_miricola	0.9999999998171205
4554354a8aab88e4c4cfdb3727622787	X391_Actinobacteria;Actinomycetales;Microbacteriaceae;Leifsonia	0.9999999999994458
3e142af48a5147b6b423d8ca5c94bee9	ASV27d__Bacteria;p__Proteobacteria;c__Gammaproteobacteria;o__Burkholderiales;f__Burkholderiaceae;g__Xylophilus;s__	0.9968187210592618
a1aab8347a6124554c6f5e2185019bc4	Unassigned	0.7678346023642081
a040fdf6dc358abb7cf6020603758928	ASV34d__Bacteria;p__Bacteroidota;c__Bacteroidia;o__Flavobacteriales;f__Weeksellaceae;g__Elizabethkingia;s__Elizabethkingia_miricola	0.9999999999742215
afa40603e6bba804e387b631ab76e2d7	X120_Alphaproteobacteria;Sphingomonadales;Sphingomonadaceae;Sphingomonas	0.9954444459377922
f4b824bc66444f7f481a848edbd7b34c	ASV29d__Bacteria;p__Proteobacteria;c__Gammaproteobacteria;o__Enterobacterales;f__Enterobacteriaceae;g__Citrobacter;s__Citrobacter_braakii	0.9992146957909374
3620e25d67e558333e442452ee56c3cc	ASV34d__Bacteria;p__Bacteroidota;c__Bacteroidia;o__Flavobacteriales;f__Weeksellaceae;g__Elizabethkingia;s__Elizabethkingia_miricola	0.9999999999735252
44826d74cf64ad0873579bd3047811dd	ASV29d__Bacteria;p__Proteobacteria;c__Gammaproteobacteria;o__Enterobacterales;f__Enterobacteriaceae;g__Citrobacter;s__Citrobacter_braakii	0.9999048872298099
379f4d8801f5f40a509e18d9b53f2728	Unassigned	0.42550788993254773
ad134c87ca7c57b8f7e623cfac27f6a0	Unassigned	0.8431062659699216
b11b583796556506144ff4414e446435	ASV5d__Bacteria;p__Proteobacteria;c__Gammaproteobacteria;o__Burkholderiales;f__Chromobacteriaceae;g__Chromobacterium;s__Chromobacteriumsp002213445	0.9997990355098667
836cd5ea357ad392c00a7e48d921be1d	Unassigned	0.5590830333744121
12aebe8061ceeb7f57cf97706e764939	ASV31d__Bacteria;p__Proteobacteria;c__Gammaproteobacteria;o__Burkholderiales;f__Burkholderiaceae;g__Delftia;s__Delftia_acidovorans	0.9995504354376046
675d414d0f1c6fddb0d7e8119a0da34e	ASV31d__Bacteria;p__Proteobacteria;c__Gammaproteobacteria;o__Burkholderiales;f__Burkholderiaceae;g__Delftia;s__Delftia_acidovorans	0.999806573156887
3279209c7183707aa3f7d34b70435e3d	Unassigned	0.8236090180584491
274f841653dc8b4c118f0c60bb70dff9	Unassigned	0.8453382307351947
d155b4c31b8c7c61d25f994ab5df238d	Unassigned	0.5994529810726654
1f4369ec8895172b0f3ab8382f9bfa93	ASV14d__Bacteria;p__Proteobacteria;c__Gammaproteobacteria;o__Pseudomonadales;f__Pseudomonadaceae;g__Pseudomonas_E;s__Pseudomonas_E fluorescens_AP	0.9999985463900649
20d1228415ceab853871040f1ebd71f0	Unassigned	0.7439704804298048
134945b9c672a5961074e844d518712a	Unassigned	0.7959808827452777
9c8255917fd850b2f5e0add0275cc32c	Unassigned	0.49148422004861203
ef1d62d6a711efd5af2a654bfbfe40d4	Unassigned	0.5547647339848907
a0ac9a979643ab6fa6d7ed7d37f17aff	Unassigned	0.7486028637761171
fb4e5a82303d936ba9ffa599ddc81498	Unassigned	0.4886135164192109
2d16d001e21717f960cf771ae879b1dd	X120_Alphaproteobacteria;Sphingomonadales;Sphingomonadaceae;Sphingomonas	0.99951406050693
b3258f54d9393fba62ca567ecea3f641	X391_Actinobacteria;Actinomycetales;Microbacteriaceae;Leifsonia	0.9999966983748371
3ca7e9f4b54c8d49946a773dbf74d279	Unassigned	0.833515114942379
ca6da49f922a49bb8e3f09b706bb2be2	Unassigned	0.49620945860930965
1ffd1ca5c77f68b8fa605ea9c6cd46fd	Unassigned	0.6980091456428044
9850faadd8153390142b7f70e38eecbd	Unassigned	0.8820752778850662
cfcd66c1310f85d586280b6dbd829635	ASV34d__Bacteria;p__Bacteroidota;c__Bacteroidia;o__Flavobacteriales;f__Weeksellaceae;g__Elizabethkingia;s__Elizabethkingia_miricola	0.9967526460862652
1d02b64e19ff79d463e77f9e5f189e5c	Unassigned	0.8035441302104054
ca43c95a2689b66f787337f241cda7d5	Unassigned	0.7275097125386161
d82f8316abb7c0888a7f523aea8a2fba	Unassigned	0.6700746126002743
1a7c6428fa954db0c16042631823d0ce	ASV27d__Bacteria;p__Proteobacteria;c__Gammaproteobacteria;o__Burkholderiales;f__Burkholderiaceae;g__Xylophilus;s__	0.9701873616524319
1c0058926cc512428d5edb3e28681b5c	ASV29d__Bacteria;p__Proteobacteria;c__Gammaproteobacteria;o__Enterobacterales;f__Enterobacteriaceae;g__Citrobacter;s__Citrobacter_braakii	0.8005054635490937
7136743f38fcfc6bca1f680e5e0e8ebb	ASV32d__Bacteria;p__Proteobacteria;c__Gammaproteobacteria;o__Burkholderiales;f__Burkholderiaceae;g__Achromobacter;s__	0.99999831525575
c41e38ec0abb37da79acd32fd3cd7c66	X391_Actinobacteria;Actinomycetales;Microbacteriaceae;Leifsonia	0.9999854866739097
f1ecd749d589a3be241ff8e8057ab6d9	ASV34d__Bacteria;p__Bacteroidota;c__Bacteroidia;o__Flavobacteriales;f__Weeksellaceae;g__Elizabethkingia;s__Elizabethkingia_miricola	0.9999999999743494
3842b284950f58b48e59e89adcf3c9b2	ASV31d__Bacteria;p__Proteobacteria;c__Gammaproteobacteria;o__Burkholderiales;f__Burkholderiaceae;g__Delftia;s__Delftia_acidovorans	0.9996655972413319
f0455e8b387f6f04904fc1c2b1c47093	ASV31d__Bacteria;p__Proteobacteria;c__Gammaproteobacteria;o__Burkholderiales;f__Burkholderiaceae;g__Delftia;s__Delftia_acidovorans	0.9997700016807942
5419fa6e497ae66f3a804c7f984fbfc8	ASV17d__Bacteria;p__Bacteroidota;c__Bacteroidia;o__Sphingobacteriales;f__Sphingobacteriaceae;g__Pedobacter;s__	0.8810636469661576
d75fcbb0ada4999193aecc8e344a178d	Unassigned	0.7759851533897916
8048c6d48b7eb0a432dc4aa28e73ecce	Unassigned	0.30676686836281675
709924ea36e2d93ebbc0dc09e9b09d35	Unassigned	0.7150911870818657
ac10e44e909733e4e698ff992b82615f	ASV29d__Bacteria;p__Proteobacteria;c__Gammaproteobacteria;o__Enterobacterales;f__Enterobacteriaceae;g__Citrobacter;s__Citrobacter_braakii	0.9986352330994277
719002b83e5ecddc62ce70514ee65114	ASV32d__Bacteria;p__Proteobacteria;c__Gammaproteobacteria;o__Burkholderiales;f__Burkholderiaceae;g__Achromobacter;s__	0.9999987547084652
f71276429467496b89c9670879a1a80f	ASV14d__Bacteria;p__Proteobacteria;c__Gammaproteobacteria;o__Pseudomonadales;f__Pseudomonadaceae;g__Pseudomonas_E;s__Pseudomonas_E fluorescens_AP	0.9999999996786926
3ccb066a002fbc0c3b4a1170f9ba57a1	ASV29d__Bacteria;p__Proteobacteria;c__Gammaproteobacteria;o__Enterobacterales;f__Enterobacteriaceae;g__Citrobacter;s__Citrobacter_braakii	0.9998129603426338
0bddc37e3eaf3dea3389456149e836c4	ASV34d__Bacteria;p__Bacteroidota;c__Bacteroidia;o__Flavobacteriales;f__Weeksellaceae;g__Elizabethkingia;s__Elizabethkingia_miricola	0.9999999999234177
ef3d33676766eca26d0a8c46eb8e2b6f	ASV34d__Bacteria;p__Bacteroidota;c__Bacteroidia;o__Flavobacteriales;f__Weeksellaceae;g__Elizabethkingia;s__Elizabethkingia_miricola	0.9999999999834017
fcd99a22cca8dbc3986f4d0181b2d9ee	ASV29d__Bacteria;p__Proteobacteria;c__Gammaproteobacteria;o__Enterobacterales;f__Enterobacteriaceae;g__Citrobacter;s__Citrobacter_braakii	0.9998672151026362
87702a80a102105c9ccceb95c56721ff	ASV29d__Bacteria;p__Proteobacteria;c__Gammaproteobacteria;o__Enterobacterales;f__Enterobacteriaceae;g__Citrobacter;s__Citrobacter_braakii	0.9998471511778732
c8292b70aaebe1c0cf33537325038c26	X391_Actinobacteria;Actinomycetales;Microbacteriaceae;Leifsonia	0.9999999999997868
6a02c4f1c5cb70dcd0920ca3dc4506da	ASV17d__Bacteria;p__Bacteroidota;c__Bacteroidia;o__Sphingobacteriales;f__Sphingobacteriaceae;g__Pedobacter;s__	0.9671467309275207
196c05ec0c1782deb3c79e71f6ed6bf3	X391_Actinobacteria;Actinomycetales;Microbacteriaceae;Leifsonia	0.9999999999993321
c27442c7c44ea4753144a04ad40a92f6	ASV29d__Bacteria;p__Proteobacteria;c__Gammaproteobacteria;o__Enterobacterales;f__Enterobacteriaceae;g__Citrobacter;s__Citrobacter_braakii	0.9998345292849536
a2eb7681e07723206c7d848cdc414717	ASV5d__Bacteria;p__Proteobacteria;c__Gammaproteobacteria;o__Burkholderiales;f__Chromobacteriaceae;g__Chromobacterium;s__Chromobacteriumsp002213445	0.9998758674570202
d992c60ea612c811761b68d50bd1e692	ASV29d__Bacteria;p__Proteobacteria;c__Gammaproteobacteria;o__Enterobacterales;f__Enterobacteriaceae;g__Citrobacter;s__Citrobacter_braakii	0.9998551723433768
679a05fcf58902de252bb6a86347f0da	ASV5d__Bacteria;p__Proteobacteria;c__Gammaproteobacteria;o__Burkholderiales;f__Chromobacteriaceae;g__Chromobacterium;s__Chromobacteriumsp002213445	0.9997886191095304
ec80329d676068d4ae2584af6a73e3a5	Unassigned	0.9039005641751315
2b5ba8a017452bd8e6c64dcfd632dbbf	ASV14d__Bacteria;p__Proteobacteria;c__Gammaproteobacteria;o__Pseudomonadales;f__Pseudomonadaceae;g__Pseudomonas_E;s__Pseudomonas_E fluorescens_AP	0.9999999999027551
fb8d333d81bd6117a734667fd6361588	ASV14d__Bacteria;p__Proteobacteria;c__Gammaproteobacteria;o__Pseudomonadales;f__Pseudomonadaceae;g__Pseudomonas_E;s__Pseudomonas_E fluorescens_AP	0.9999999993303561
f39c9aef97bc091dad1025590350e394	Unassigned	0.8976192234289099
a17c18eca9ff4833026f4175b31d9825	ASV17d__Bacteria;p__Bacteroidota;c__Bacteroidia;o__Sphingobacteriales;f__Sphingobacteriaceae;g__Pedobacter;s__	0.967202074169121
62f392592d7d8c577db4604f19da926d	ASV19d__Bacteria;p__Bacteroidota;c__Bacteroidia;o__Sphingobacteriales;f__Sphingobacteriaceae;g__Pedobacter;s__	0.9996362943115553
8edbd39212bc13e27a392a836f5abd68	ASV11d__Bacteria;p__Proteobacteria;c__Gammaproteobacteria;o__Burkholderiales;f__Chromobacteriaceae;g__Aquitalea;s__Aquitaleapelogenes	0.9914681841515629
06ecf64ad7ad34fd7e6e1b48bb660b0e	Unassigned	0.7531531655256131
c4e1f1572d3f68e1a6cf1b018e922892	Unassigned	0.6933032536091773
02c76b670adcb6f6c435b682ad58efeb	Unassigned	0.6958944793933108
e49df87da630e9b4820a59806d7407ee	Unassigned	0.5071430870968191
555509173ed0cccb6cea707938c2497a	Unassigned	0.680441564305428
99eec6e33a66efa3b2a73a118b38ae4d	Unassigned	0.7974375811666583
7d920080e02b30e5170ef597c7c44c44	Unassigned	0.7430068587405547
d0a1422e11b41b5dcc86ac069b37d13a	ASV33d__Bacteria;p__Proteobacteria;c__Alphaproteobacteria;o__Rhizobiales;f__Beijerinckiaceae;g__Bosea;s__	0.9731850533875905
57742da7d7d9cbbaa7cc2f1f92d58929	Unassigned	0.8013402427203707
fcd7a61e5c5f6661e599b8b101061a30	Unassigned	0.8571431134009463
10ec6d4e87e51fc8755935466493103c	Unassigned	0.7122228168998666
08cadec5e97e0ca5a25ec2388392af38	Unassigned	0.409783733324815
b20bf20e2556a37ddd659c653286e867	ASV33d__Bacteria;p__Proteobacteria;c__Alphaproteobacteria;o__Rhizobiales;f__Beijerinckiaceae;g__Bosea;s__	0.8647347536767704
9a59bb9755545d5aa4646a1ef6c28651	Unassigned	0.7506430390142029
a3aa1aa8ec6af119401198151fbb6277	Unassigned	0.5408798400910872
59ba7be6e8a391a37e096047cfe62c53	Unassigned	0.7926657890374627
f8d009971711d0f3c2c505b8fa3adde5	Unassigned	0.7292244483945032
2d8997d0351770c00040cf82b5c2c9ed	Unassigned	0.8052340688561583
9d4b043ff4c798bb99efddfe1c2a3fdf	Unassigned	0.8228163795952794
9fc8b05bfc847dcae143761ba27e9fe9	Unassigned	0.6206285233131736
7627ce3599e862e7677c367a50fb8b1a	Unassigned	0.794859645850605
128e9bae631aae43acebdf844fb52976	ASV34d__Bacteria;p__Bacteroidota;c__Bacteroidia;o__Flavobacteriales;f__Weeksellaceae;g__Elizabethkingia;s__Elizabethkingia_miricola	0.9999999995727222
3eaf9ca2d7cf4c78be2f65a85d1097dc	Unassigned	0.531716271926743
5f2bbe880948b53309b9e3018ba6a49d	Unassigned	0.7359642755944042
03fc51a2f852a0e52d152481ebb28d98	Unassigned	0.5659674033006427
f4717076f54d04a367d9e19ab412ddf2	ASV34d__Bacteria;p__Bacteroidota;c__Bacteroidia;o__Flavobacteriales;f__Weeksellaceae;g__Elizabethkingia;s__Elizabethkingia_miricola	0.999999999481318
f3a79bf296d63dc19da221af2b57a55e	ASV30d__Bacteria;p__Proteobacteria;c__Gammaproteobacteria;o__Enterobacterales;f__Enterobacteriaceae;g__Serratia_A;s__Serratia_Afonticola	0.9993281008857579
d31130b7a2df63154d01ddfd4e6ca7d5	ASV19d__Bacteria;p__Bacteroidota;c__Bacteroidia;o__Sphingobacteriales;f__Sphingobacteriaceae;g__Pedobacter;s__	0.9997006392731695
b69e3b101596be18a29bed9848381b1f	Unassigned	0.5379901431491236
3e1911cc23eddf3b8215594923a6722d	ASV30d__Bacteria;p__Proteobacteria;c__Gammaproteobacteria;o__Enterobacterales;f__Enterobacteriaceae;g__Serratia_A;s__Serratia_Afonticola	0.7693263933393246
40572a90a6aa2048550add502c4bdf72	Unassigned	0.6471103885917853
3cfcb2af5f3643ebcd26e9c19e577dc0	Unassigned	0.4586298301373596
a1df214facb46cbbba9847c38d6a22f0	ASV31d__Bacteria;p__Proteobacteria;c__Gammaproteobacteria;o__Burkholderiales;f__Burkholderiaceae;g__Delftia;s__Delftia_acidovorans	0.9998067816771887
c9bbb7aa9ae2dca2dbf6cf814ed24dfe	ASV31d__Bacteria;p__Proteobacteria;c__Gammaproteobacteria;o__Burkholderiales;f__Burkholderiaceae;g__Delftia;s__Delftia_acidovorans	0.9994564783803596
ff79c7bd8b6a84c647bf329ca384ca41	ASV29d__Bacteria;p__Proteobacteria;c__Gammaproteobacteria;o__Enterobacterales;f__Enterobacteriaceae;g__Citrobacter;s__Citrobacter_braakii	0.9995323871722921
50a7ce5988b86d1d5a3e2d29508cd4b4	ASV34d__Bacteria;p__Bacteroidota;c__Bacteroidia;o__Flavobacteriales;f__Weeksellaceae;g__Elizabethkingia;s__Elizabethkingia_miricola	0.9999999997225899
417a35a36c2dba526520e1c47989448e	X120_Alphaproteobacteria;Sphingomonadales;Sphingomonadaceae;Sphingomonas	0.9999253561131222
b701af8d98ca714dab16ab6724bb631a	X391_Actinobacteria;Actinomycetales;Microbacteriaceae;Leifsonia	0.9999999973509546
3caf75d34dc00ed2a13d9ec3d104acab	ASV33d__Bacteria;p__Proteobacteria;c__Alphaproteobacteria;o__Rhizobiales;f__Beijerinckiaceae;g__Bosea;s__	0.9999950098414723
2124bbfb3b2326345c9f8261fa5474a5	ASV32d__Bacteria;p__Proteobacteria;c__Gammaproteobacteria;o__Burkholderiales;f__Burkholderiaceae;g__Achromobacter;s__	0.9999991907407241
20c45a0d251fd6e1c817b1d82d2e5c96	ASV32d__Bacteria;p__Proteobacteria;c__Gammaproteobacteria;o__Burkholderiales;f__Burkholderiaceae;g__Achromobacter;s__	0.9999991037987891
b467fe744b18eb9e1ee632073a5da68a	ASV29d__Bacteria;p__Proteobacteria;c__Gammaproteobacteria;o__Enterobacterales;f__Enterobacteriaceae;g__Citrobacter;s__Citrobacter_braakii	0.9997868343599333
73b97b610a9ac02b874f86785ebb9612	Unassigned	0.8561677784332575
52fc799de879918282f1b8fcf2a477de	ASV5d__Bacteria;p__Proteobacteria;c__Gammaproteobacteria;o__Burkholderiales;f__Chromobacteriaceae;g__Chromobacterium;s__Chromobacteriumsp002213445	0.9998154176081085
e1ad00cd52e2435725e0fef54ea1f3bd	Unassigned	0.7861380191259026
1b06ccb33dc1162e10761fbc67a1d707	ASV33d__Bacteria;p__Proteobacteria;c__Alphaproteobacteria;o__Rhizobiales;f__Beijerinckiaceae;g__Bosea;s__	0.7411590697883371
18f030e4626a7bc34c290839bc539848	ASV29d__Bacteria;p__Proteobacteria;c__Gammaproteobacteria;o__Enterobacterales;f__Enterobacteriaceae;g__Citrobacter;s__Citrobacter_braakii	0.9954105870920544
1a3bde2565a7b3b8982774da96fdb6b7	ASV29d__Bacteria;p__Proteobacteria;c__Gammaproteobacteria;o__Enterobacterales;f__Enterobacteriaceae;g__Citrobacter;s__Citrobacter_braakii	0.9989111777294407
2086e79160175a208d9a8083eb96a1de	ASV10d__Bacteria;p__Proteobacteria;c__Gammaproteobacteria;o__Burkholderiales;f__Burkholderiaceae;g__Comamonas_B;s__	0.9960772875550497
fa826037c84876040c21c18295a8c52a	ASV32d__Bacteria;p__Proteobacteria;c__Gammaproteobacteria;o__Burkholderiales;f__Burkholderiaceae;g__Achromobacter;s__	0.9999986114978986
d4d2afcb5573f32648d0456d092f3822	ASV34d__Bacteria;p__Bacteroidota;c__Bacteroidia;o__Flavobacteriales;f__Weeksellaceae;g__Elizabethkingia;s__Elizabethkingia_miricola	0.9999999999927383
91bc41e25175bcef8f5a3e614ce9f589	ASV17d__Bacteria;p__Bacteroidota;c__Bacteroidia;o__Sphingobacteriales;f__Sphingobacteriaceae;g__Pedobacter;s__	0.7007415848825831
06b1ade72dc8688581b7a0df0a13740e	ASV29d__Bacteria;p__Proteobacteria;c__Gammaproteobacteria;o__Enterobacterales;f__Enterobacteriaceae;g__Citrobacter;s__Citrobacter_braakii	0.9998218723723571
3052e24d7749900eca61d4f6e404e994	ASV17d__Bacteria;p__Bacteroidota;c__Bacteroidia;o__Sphingobacteriales;f__Sphingobacteriaceae;g__Pedobacter;s__	0.9559308495021892
e12ae44bbbe292b1d52e4e7075f1aaf4	ASV34d__Bacteria;p__Bacteroidota;c__Bacteroidia;o__Flavobacteriales;f__Weeksellaceae;g__Elizabethkingia;s__Elizabethkingia_miricola	0.9999999999580353
a2b8c98d28f700b35d7b6bb7c9f29c2d	X391_Actinobacteria;Actinomycetales;Microbacteriaceae;Leifsonia	0.9999999999995879
3f116fd3c85036bd788b24adcd3bf93a	ASV8d__Bacteria;p__Proteobacteria;c__Alphaproteobacteria;o__Rhizobiales;f__Rhizobiaceae;g__Rhizobium;s__	0.999999974838872
474f29722a4c264ce1c1566cb860724b	ASV8d__Bacteria;p__Proteobacteria;c__Alphaproteobacteria;o__Rhizobiales;f__Rhizobiaceae;g__Rhizobium;s__	0.9999999625236462
7a9a9515e0bd58ef8265bff706a48f49	X391_Actinobacteria;Actinomycetales;Microbacteriaceae;Leifsonia	0.9999999999996732
fc9ec76146a385d4cb0423edfcd950f7	Unassigned	0.7964661268540442
5d173aaa906428e77f9f84286d1ad0ee	Unassigned	0.8012858124709787
2de43a404a3ca5e83ef7505bb4451fe5	Unassigned	0.8732243975639838
3459b2faaff960611724a7a6fefa3e39	ASV5d__Bacteria;p__Proteobacteria;c__Gammaproteobacteria;o__Burkholderiales;f__Chromobacteriaceae;g__Chromobacterium;s__Chromobacteriumsp002213445	0.9976309615030571
c2f451467d9c19770d8890f7da868743	ASV29d__Bacteria;p__Proteobacteria;c__Gammaproteobacteria;o__Enterobacterales;f__Enterobacteriaceae;g__Citrobacter;s__Citrobacter_braakii	0.9996329768849942
1adf453bde466e197c01d7a2faa4b9ee	ASV29d__Bacteria;p__Proteobacteria;c__Gammaproteobacteria;o__Enterobacterales;f__Enterobacteriaceae;g__Citrobacter;s__Citrobacter_braakii	0.9989274341320221
852ed3191d9c903526b5729690d42f91	Unassigned	0.6341231216095953
a4cbe987942964b584e95e4efab6a176	Unassigned	0.5985202341113398
1ec39fe2e68f250588da56586e9f7470	ASV30d__Bacteria;p__Proteobacteria;c__Gammaproteobacteria;o__Enterobacterales;f__Enterobacteriaceae;g__Serratia_A;s__Serratia_Afonticola	0.999006954219572
cee24fdc003a9271bc1524c1237e2de4	ASV31d__Bacteria;p__Proteobacteria;c__Gammaproteobacteria;o__Burkholderiales;f__Burkholderiaceae;g__Delftia;s__Delftia_acidovorans	0.999712063849952
6c55f0106af05f8b1581ba140788559e	Unassigned	0.7332592019156705
8433d28352153e6b0d0b13141d0f1247	Unassigned	0.8134244798978977
7d46342abcde626efb2bf59880300d21	Unassigned	0.7857703181980581
1006903da966b3638dbf53c2afa4e28d	Unassigned	0.5567831682501285
19cd2b5dc5d0bc055b5a5fcd352f79d6	ASV34d__Bacteria;p__Bacteroidota;c__Bacteroidia;o__Flavobacteriales;f__Weeksellaceae;g__Elizabethkingia;s__Elizabethkingia_miricola	0.9999999998310471
c8bb27a2d769b8d891eaa0f15343181b	Unassigned	0.6555250352968399
4a9c24927bc11f4c22e97491a095d04c	Unassigned	0.81747269585894
fdbff060c0adc3184b21540df9bbbee1	Unassigned	0.7048276546846501
68b443f0d09eacef11f1d8be99a373d7	Unassigned	0.5177081369556681
332929fc435453804b00b2be4c8116c9	Unassigned	0.859020897445129
c5a9cf7ecfbba41b2b4eabd8f35cf812	Unassigned	0.8567505875405221
09c33524f979d30743222993da3a0be4	Unassigned	0.8160262951654393
2dd17bbdbcc8a95f0c0d61b745fbad47	Unassigned	0.9104317841953129
c6a079e7ce3307908ec842668917ae7d	ASV30d__Bacteria;p__Proteobacteria;c__Gammaproteobacteria;o__Enterobacterales;f__Enterobacteriaceae;g__Serratia_A;s__Serratia_Afonticola	0.9557713117649537
7f0201ad58805f7df5cb52bae1e80d20	Unassigned	0.8116579117878817
8158b75b679f2543831f38a3fa734adc	Unassigned	0.8396397174590283
28900b05baee8ce8a359af34768be975	Unassigned	0.6153105046230567
5993142bb4d17f93489f1d3b9558ba5f	Unassigned	0.865957788391052
0c8ee5670e8c605325037b4eecc4c96a	Unassigned	0.8140162240884045
22a548131adaa334f0ab8222dd0e9b2d	Unassigned	0.8192288841735796
af9c57756f889e565c84d74fc67f9443	Unassigned	0.855670996873814
ca795d1a466b51ca5293e0394e1558cb	Unassigned	0.6081007172430264
3b8dfd6028bcc6a66a63c05f238b3fbb	Unassigned	0.675914982335412
b5e659396758dc76e0aad4e1552abbce	Unassigned	0.8421209388515027
bb565661aca597963d615b48322f849c	Unassigned	0.7225504638726689
547796408bddc825e0850e97cb1868ba	Unassigned	0.8555831250823678
22f5bfa8051cb3f8b7cd9da4189a461b	Unassigned	0.792744810355897
333de6143b968f29930a860b311a6749	Unassigned	0.7989237213048109
6fec9ee5c13e8c4dde35101159f1ae1d	ASV30d__Bacteria;p__Proteobacteria;c__Gammaproteobacteria;o__Enterobacterales;f__Enterobacteriaceae;g__Serratia_A;s__Serratia_Afonticola	0.9994566469713376
f13d96c086e3aad3999a5726d236a7df	Unassigned	0.46468735569734565
f2925193a667076f98abb83405ef7c29	Unassigned	0.8522301629148337
4baa6845783c0471479bfdffe54ededd	Unassigned	0.8980977912022017
3ea4a4dfa76385a1c9fd46d341a17567	Unassigned	0.761357594084017
7fd7f9f90ed17ee41da90f9f71e71d01	Unassigned	0.700869981366012
43fd78b07e41d2e3f1f5e70f2ea78604	Unassigned	0.7902012680596003
cee5969374ebf16f7f93c34dd049db8d	Unassigned	0.7820893393028912
f9ac6c39eefb52636e2bbdf4d73c01c7	ASV2d__Bacteria;p__Bacteroidota;c__Bacteroidia;o__Sphingobacteriales;f__Sphingobacteriaceae;g__Pedobacter;s__	0.9997276749999418
df3c41d001c632cf1b9e8ed3c952c32e	ASV5d__Bacteria;p__Proteobacteria;c__Gammaproteobacteria;o__Burkholderiales;f__Chromobacteriaceae;g__Chromobacterium;s__Chromobacteriumsp002213445	0.99983408568106
4003f8856d52a4cc6d2e53609ab4b178	ASV34d__Bacteria;p__Bacteroidota;c__Bacteroidia;o__Flavobacteriales;f__Weeksellaceae;g__Elizabethkingia;s__Elizabethkingia_miricola	0.9999999999162839
d3b0bfeb7676da4dabfa603199c29052	ASV31d__Bacteria;p__Proteobacteria;c__Gammaproteobacteria;o__Burkholderiales;f__Burkholderiaceae;g__Delftia;s__Delftia_acidovorans	0.9997271757209328
77c69f53a0de36a55b4cbac103773fb8	ASV30d__Bacteria;p__Proteobacteria;c__Gammaproteobacteria;o__Enterobacterales;f__Enterobacteriaceae;g__Serratia_A;s__Serratia_Afonticola	0.9987463778949123
3f71d82f170834de22609b07895efcb0	ASV5d__Bacteria;p__Proteobacteria;c__Gammaproteobacteria;o__Burkholderiales;f__Chromobacteriaceae;g__Chromobacterium;s__Chromobacteriumsp002213445	0.9989815887178295
9a51c5cab6ba44bc45f282f9fa6f1525	ASV34d__Bacteria;p__Bacteroidota;c__Bacteroidia;o__Flavobacteriales;f__Weeksellaceae;g__Elizabethkingia;s__Elizabethkingia_miricola	0.999999999895735
c00813e54da33419e452650292240d67	Unassigned	0.6684684564727972
3b19bc12def77915730558d797c0e436	Unassigned	0.7990629894854704
3cfa12c0a9a41c4e2c839016c3b6dd12	ASV17d__Bacteria;p__Bacteroidota;c__Bacteroidia;o__Sphingobacteriales;f__Sphingobacteriaceae;g__Pedobacter;s__	0.9402883863761882
0a3cf58d4ca062c13d42c9db4ebcbc53	Unassigned	0.5800909719269502
a40fb111b00630cfb9b4964441c5e31b	Unassigned	0.7441909662455328
1c5d6ca746a2255d52ac187c70a255b6	Unassigned	0.8244626963896483
c6606f6466672e05340f8cc75eac8096	Unassigned	0.846437236398714
1c425e2fe655704ac9345b492f8a5647	ASV14d__Bacteria;p__Proteobacteria;c__Gammaproteobacteria;o__Pseudomonadales;f__Pseudomonadaceae;g__Pseudomonas_E;s__Pseudomonas_E fluorescens_AP	0.9999999998175895
5b2c71491088c38f8bd4c3bc44bb9c8b	Unassigned	0.8199942800404386
b726b97ba4bdcc0dba3ab4c53fe22a0f	Unassigned	0.36706654297968255
a9a427cb625e6b0a69ed5aea73b3bcaa	Unassigned	0.5375048538695677
dd387ad6dd6ed30d20484d14b52dcebc	Unassigned	0.5385678286990567
29c3bff7c134ce8aacfed52b0c6748fb	Unassigned	0.6877104873375972
a7b98945821745f8c9c16c0b59dc4f06	Unassigned	0.8937219579174209
2db690ece2a0cbb238a4f0c6797ecdd7	ASV33d__Bacteria;p__Proteobacteria;c__Alphaproteobacteria;o__Rhizobiales;f__Beijerinckiaceae;g__Bosea;s__	0.774058568833321
b03929dfbaa430482fb716c862da3521	ASV34d__Bacteria;p__Bacteroidota;c__Bacteroidia;o__Flavobacteriales;f__Weeksellaceae;g__Elizabethkingia;s__Elizabethkingia_miricola	0.9999999999745199
3fa1458b38d0679e97e4bdc75f72b7b9	ASV31d__Bacteria;p__Proteobacteria;c__Gammaproteobacteria;o__Burkholderiales;f__Burkholderiaceae;g__Delftia;s__Delftia_acidovorans	0.9569027752087843
aeaa23afa23fa7565209582c7135aa60	Unassigned	0.8640518312620025
eb81318359f417b96b1effeff7bcc215	Unassigned	0.6981795764928898
8a9007905747c8a1aa7bdace7d505838	Unassigned	0.5692887449299584
92f1720367db58c68a96eceb9feb416a	ASV33d__Bacteria;p__Proteobacteria;c__Alphaproteobacteria;o__Rhizobiales;f__Beijerinckiaceae;g__Bosea;s__	0.9991835570640747
87e3bc7d81a395317e9e27dddbbd40e4	ASV29d__Bacteria;p__Proteobacteria;c__Gammaproteobacteria;o__Enterobacterales;f__Enterobacteriaceae;g__Citrobacter;s__Citrobacter_braakii	0.9998221246170305
4b4729b6ba0295ff60e300f1b3f30738	ASV34d__Bacteria;p__Bacteroidota;c__Bacteroidia;o__Flavobacteriales;f__Weeksellaceae;g__Elizabethkingia;s__Elizabethkingia_miricola	0.9999999999625686
9e7dbbbb01ba2dc86a0da423db92e638	Unassigned	0.5487817398485328
b64f50c240155658ab0ca4a97d1f981e	Unassigned	0.30891402466012197
594004dd446c1a22c5b49290e2875eac	ASV5d__Bacteria;p__Proteobacteria;c__Gammaproteobacteria;o__Burkholderiales;f__Chromobacteriaceae;g__Chromobacterium;s__Chromobacteriumsp002213445	0.9998184290255447
2858fb2c1adb36301d1f8bcdd327fb50	ASV29d__Bacteria;p__Proteobacteria;c__Gammaproteobacteria;o__Enterobacterales;f__Enterobacteriaceae;g__Citrobacter;s__Citrobacter_braakii	0.9988950651171581
3786d63a2dc7741b1053ea63b7cfc280	ASV27d__Bacteria;p__Proteobacteria;c__Gammaproteobacteria;o__Burkholderiales;f__Burkholderiaceae;g__Xylophilus;s__	0.9980598842620145
4e67577cd38ebed1beecd6efdf690bd0	ASV29d__Bacteria;p__Proteobacteria;c__Gammaproteobacteria;o__Enterobacterales;f__Enterobacteriaceae;g__Citrobacter;s__Citrobacter_braakii	0.9614039226912778
4538b20bd2f3deb5b905722ca339c524	Unassigned	0.8605388061801014
fc5d5f4257100855bbdbc74d2e67136d	X391_Actinobacteria;Actinomycetales;Microbacteriaceae;Leifsonia	0.99999999999973
5d6a47ee159a3e171906e3bed2065dce	Unassigned	0.8098694179787566
eb48aba275c68dcbc1eff0a7f7118c7b	ASV31d__Bacteria;p__Proteobacteria;c__Gammaproteobacteria;o__Burkholderiales;f__Burkholderiaceae;g__Delftia;s__Delftia_acidovorans	0.9997200467852819
ef4890e954daaa437a6c1cc0a3743b60	X391_Actinobacteria;Actinomycetales;Microbacteriaceae;Leifsonia	0.9999999999997584
73db58f4e40f0e5c8e1c072d3d15b235	Unassigned	0.85525840897192
caa3313862dedac974fd63e396c15587	ASV5d__Bacteria;p__Proteobacteria;c__Gammaproteobacteria;o__Burkholderiales;f__Chromobacteriaceae;g__Chromobacterium;s__Chromobacteriumsp002213445	0.9993071565443146
607dc81795ff383bfe4a6dc0b4398798	ASV27d__Bacteria;p__Proteobacteria;c__Gammaproteobacteria;o__Burkholderiales;f__Burkholderiaceae;g__Xylophilus;s__	0.9746872087676562
1ee325abbb2df409cc6bd008eb879b2d	ASV34d__Bacteria;p__Bacteroidota;c__Bacteroidia;o__Flavobacteriales;f__Weeksellaceae;g__Elizabethkingia;s__Elizabethkingia_miricola	0.9999999999230909
8e05d569214b8be2cf58e7e73505c3a6	ASV32d__Bacteria;p__Proteobacteria;c__Gammaproteobacteria;o__Burkholderiales;f__Burkholderiaceae;g__Achromobacter;s__	0.9999987626467667
aadc991be5ac50a699635da1d3ed9411	Unassigned	0.4300611477670675
2814dfbb2de2691a9dd3930d9b3cf26e	Unassigned	0.7184809033686894
d68abc572a93f705d2fb22778b6815c5	Unassigned	0.7522907694335088
05b0537e398579ef1805c2626be16541	Unassigned	0.7222574994567298
62eb31b83733b6aa99e112110d4b57f8	X391_Actinobacteria;Actinomycetales;Microbacteriaceae;Leifsonia	0.9999999999998579
6a78bc23fdd9a74492904d70b5db3ac0	Unassigned	0.8282355903010046
e0773c2af5e7073e3388afe133007225	Unassigned	0.6540416444579052
e320c18b8757f29aa4c0cf835cc36b18	Unassigned	0.7087306588792249
018130ae269984998a2ce61e9485f8c9	Unassigned	0.8001171866393848
14e512300ab927ee78daccebc83ca0d0	ASV34d__Bacteria;p__Bacteroidota;c__Bacteroidia;o__Flavobacteriales;f__Weeksellaceae;g__Elizabethkingia;s__Elizabethkingia_miricola	0.9999999999013625
0c4ea9a1fb4cb02b0604025c42245e22	ASV30d__Bacteria;p__Proteobacteria;c__Gammaproteobacteria;o__Enterobacterales;f__Enterobacteriaceae;g__Serratia_A;s__Serratia_Afonticola	0.997788337623649
75a41e372dfed3e4b5af8f4b044b1d52	Unassigned	0.7186818260035838
3ebe761bfb1238c87195d431f41bf976	Unassigned	0.5343222462316846
d1e0d660f87c3c465c16c0d5f59325cc	Unassigned	0.5432090278384716
be8d407fd870a226703b73630dc68d5e	Unassigned	0.8859081952898986
c91718f4bd74fcb8044497527992c7e5	Unassigned	0.5623283616572584
aab5d23371b93ab80db8351a208f8831	Unassigned	0.7953361038535605
3d762ca03d27e1c4e1ef8c3269c1fdf6	Unassigned	0.7388702867832702
0f079aab2ec642db3cdfce6e9f624610	Unassigned	0.7704630299215344
6947ccfefab00b4a63272e55d70892a8	Unassigned	0.824882870727093
bd95f36567d1cac9ba91c9419445c97e	Unassigned	0.8574715519377332
9eff6f7a4c44b1bc38ad56bc129eda35	Unassigned	0.8268055698655361
930dd16b971518b9b929f88755ba3284	Unassigned	0.33186078916529027
3981cbf4f9d0b24f379f59639b3e367f	Unassigned	0.8370328840672793
0cb107cd315952202564172830a81a46	Unassigned	0.7014365080589338
b3302b4787ab93e907312f8be27cbe2a	Unassigned	0.8576904325180769
13b0fe636a8c9f118673ddc167581ec3	Unassigned	0.8768195179337436
6b882edf6cd21f337d43ec5d6996c466	Unassigned	0.6964112892363796
80f216fe24177148f4c196014cd549c2	Unassigned	0.7660525429795392
7add69f1a8ccee2df23e4b745fd94edf	Unassigned	0.6757089091493003
0b88acba99c0e5659e3d489336406bca	Unassigned	0.7694167453342429
691140c22e67c197d496032ef01d3929	Unassigned	0.8329069496347417
93defe4e00bbffa1c28bd3109daeb778	Unassigned	0.756945555752332
e9a3c0db46f53e2cc0a49e27192f998b	Unassigned	0.6908003950673455
5d0653e0bd3f0cd30d9e31695f8bdf7f	Unassigned	0.5584406959846397
f1cd9e43a33c1de75be3558bb43f4591	Unassigned	0.7220562402185959
ceb2edd04762a484dc7b0b9978e2b494	Unassigned	0.4955341586092923
88b42e301d5fe0d6de06c1fabcc47976	Unassigned	0.478059605179717
c6f328bc5fc8ec34fce7977a26f00565	Unassigned	0.7620650016577764
2328217a443736c53af9e1f0c7425fd4	Unassigned	0.7994724753017746
02ace715242478f725df7839940a49f4	Unassigned	0.7850513886399544
8c09eec1d36c4cb2bd880e0b522f52ba	Unassigned	0.5903545994072792
ef323ac2008b221fd3a9a54de0abefb3	Unassigned	0.8893566079814648
3198eb823cfda11fcfb952b89cf8e4b8	Unassigned	0.719320330689585
cebe39bee8878a6bb53fe35cde70cff6	Unassigned	0.5763993292704737
ae07987301af7a1bf475f6d819611217	Unassigned	0.8090523097994162
348d921acc38dd0d5a7b6a027ea660ce	X391_Actinobacteria;Actinomycetales;Microbacteriaceae;Leifsonia	0.9999999999997016
800eba18db9d98740843378d7ad6feca	Unassigned	0.8189341831257764
ea7749ac24c23ec0290e4df67b2b3add	Unassigned	0.6681621945924903
97afa6f80913f0f499ae92248bf82829	Unassigned	0.5657284862355343
88ccc2b6cf49334fe7be0f0f89ad1c22	ASV17d__Bacteria;p__Bacteroidota;c__Bacteroidia;o__Sphingobacteriales;f__Sphingobacteriaceae;g__Pedobacter;s__	0.9537599022908672
f45c1a8240bb8cf4ac97c04f6478a18d	ASV17d__Bacteria;p__Bacteroidota;c__Bacteroidia;o__Sphingobacteriales;f__Sphingobacteriaceae;g__Pedobacter;s__	0.9812850183278483
bca31ef4d9f2d0d3ec4206dd8558b3d7	Unassigned	0.8398701387674541
3ac250ba08e2383622b144383444c7f7	Unassigned	0.727773799132797
cda2be8b66ecd92f93445ea62259bf2f	ASV32d__Bacteria;p__Proteobacteria;c__Gammaproteobacteria;o__Burkholderiales;f__Burkholderiaceae;g__Achromobacter;s__	0.9999998032631987
e914c61306caadb85c32b1924e114cc8	ASV10d__Bacteria;p__Proteobacteria;c__Gammaproteobacteria;o__Burkholderiales;f__Burkholderiaceae;g__Comamonas_B;s__	0.9968026778091864
a9cecbedb890f07440755a6a4ad63b5b	ASV5d__Bacteria;p__Proteobacteria;c__Gammaproteobacteria;o__Burkholderiales;f__Chromobacteriaceae;g__Chromobacterium;s__Chromobacteriumsp002213445	0.9990603392497097
539787137e977a3e226625afcc9ff0d6	ASV34d__Bacteria;p__Bacteroidota;c__Bacteroidia;o__Flavobacteriales;f__Weeksellaceae;g__Elizabethkingia;s__Elizabethkingia_miricola	0.9999999998897948
266c01764ed019a95520665ec3010088	ASV16d__Bacteria;p__Proteobacteria;c__Gammaproteobacteria;o__Burkholderiales;f__Chromobacteriaceae;g__Aquitalea;s__	0.9936268094283681
c0b58896d9eb706510b2d565b13f9277	ASV34d__Bacteria;p__Bacteroidota;c__Bacteroidia;o__Flavobacteriales;f__Weeksellaceae;g__Elizabethkingia;s__Elizabethkingia_miricola	0.9999999989749142
6330a0bdbbdd5aacf390a628e5e64e2e	ASV17d__Bacteria;p__Bacteroidota;c__Bacteroidia;o__Sphingobacteriales;f__Sphingobacteriaceae;g__Pedobacter;s__	0.918968664592619
104d17b23ea355c3020f8534fd5da633	ASV34d__Bacteria;p__Bacteroidota;c__Bacteroidia;o__Flavobacteriales;f__Weeksellaceae;g__Elizabethkingia;s__Elizabethkingia_miricola	0.999999999946084
69f4a2d0ec8a002a8d4fc10bd85bf224	ASV14d__Bacteria;p__Proteobacteria;c__Gammaproteobacteria;o__Pseudomonadales;f__Pseudomonadaceae;g__Pseudomonas_E;s__Pseudomonas_E fluorescens_AP	0.9999999996310578
58e2c12c00bcfee371ebc410781a55ed	ASV17d__Bacteria;p__Bacteroidota;c__Bacteroidia;o__Sphingobacteriales;f__Sphingobacteriaceae;g__Pedobacter;s__	0.8854441129525101
71f5289a0fc646121e794b477e4993fd	ASV14d__Bacteria;p__Proteobacteria;c__Gammaproteobacteria;o__Pseudomonadales;f__Pseudomonadaceae;g__Pseudomonas_E;s__Pseudomonas_E fluorescens_AP	0.9999999998921396
5e0df6a02b0431ced06acfb0c566eeb5	Unassigned	0.5317513072523397
8a8274b386bd27a4e07c24e8dfd08d22	Unassigned	0.7083890176481238
7287278594e4b75ea9625e42d5d230cd	ASV34d__Bacteria;p__Bacteroidota;c__Bacteroidia;o__Flavobacteriales;f__Weeksellaceae;g__Elizabethkingia;s__Elizabethkingia_miricola	0.999999999517371
374b724806294b861c4ed5cfb74e2f31	ASV33d__Bacteria;p__Proteobacteria;c__Alphaproteobacteria;o__Rhizobiales;f__Beijerinckiaceae;g__Bosea;s__	0.999763272553414
6d860023f7cb5928a25af41e9f53ed30	Unassigned	0.6632215764321923
42a2a41952031530ade9f7031dbcac52	Unassigned	0.7578059251523972
5f281951608be7d3aceb455b39fab3ab	ASV33d__Bacteria;p__Proteobacteria;c__Alphaproteobacteria;o__Rhizobiales;f__Beijerinckiaceae;g__Bosea;s__	0.9999999757714594
4e4c57a957f92ccb756969bdaf61a877	Unassigned	0.8556912232371973
5282754b44c6e4cc056b2a1819fe0820	ASV34d__Bacteria;p__Bacteroidota;c__Bacteroidia;o__Flavobacteriales;f__Weeksellaceae;g__Elizabethkingia;s__Elizabethkingia_miricola	0.9999999999197655
e0fb10bd17a571cd6284beb98dbf3627	Unassigned	0.6461650531923903
ecb37977faf6778579abb40fcef740cc	Unassigned	0.6413655431842256
99af45eea414bab2eb533cbcfdc255a0	Unassigned	0.8278862414754946
3e87e1c178a4eb034533a66fc4f6eab6	ASV31d__Bacteria;p__Proteobacteria;c__Gammaproteobacteria;o__Burkholderiales;f__Burkholderiaceae;g__Delftia;s__Delftia_acidovorans	0.9998168325039034
b5f9b9c83a892393ef13dcfc25ffe788	ASV31d__Bacteria;p__Proteobacteria;c__Gammaproteobacteria;o__Burkholderiales;f__Burkholderiaceae;g__Delftia;s__Delftia_acidovorans	0.998770642270246
737e0fb0856d8558de0f94b4e870efe6	ASV29d__Bacteria;p__Proteobacteria;c__Gammaproteobacteria;o__Enterobacterales;f__Enterobacteriaceae;g__Citrobacter;s__Citrobacter_braakii	0.9998007400080846
89140072d3470208010624947227cccc	ASV32d__Bacteria;p__Proteobacteria;c__Gammaproteobacteria;o__Burkholderiales;f__Burkholderiaceae;g__Achromobacter;s__	0.999999149828631
cf6f68eae30d5ee02431e6e0905a94fb	ASV30d__Bacteria;p__Proteobacteria;c__Gammaproteobacteria;o__Enterobacterales;f__Enterobacteriaceae;g__Serratia_A;s__Serratia_Afonticola	0.9977143916637264
0213a1271a54f70c532919ae9a6f3fe0	ASV32d__Bacteria;p__Proteobacteria;c__Gammaproteobacteria;o__Burkholderiales;f__Burkholderiaceae;g__Achromobacter;s__	0.9999993694561765
62753f82764250f331661bc8999a0a6d	Unassigned	0.805835710896371
0285a3c2aa2727789775c36a9a0e89a0	ASV29d__Bacteria;p__Proteobacteria;c__Gammaproteobacteria;o__Enterobacterales;f__Enterobacteriaceae;g__Citrobacter;s__Citrobacter_braakii	0.9938800292431574
d795e0c51b1551f08cc31c5bd14a9c20	Unassigned	0.6771498332270293
89dea6923977d8bf12f548e3c5d1075e	Unassigned	0.6943743660626522
55cab9edf8e54c9b1fe9aa937794694b	Unassigned	0.6519752534121448
0d1878f3f6f733163955372e925464dc	ASV27d__Bacteria;p__Proteobacteria;c__Gammaproteobacteria;o__Burkholderiales;f__Burkholderiaceae;g__Xylophilus;s__	0.9916738272841865
d2901461989058c2bda03948752a288f	ASV19d__Bacteria;p__Bacteroidota;c__Bacteroidia;o__Sphingobacteriales;f__Sphingobacteriaceae;g__Pedobacter;s__	0.999483135754794
fd1132923893489264f1b7da65c8ddeb	Unassigned	0.6474479908669766
1fe508c7d5fa2e7a391310cccf44ed0a	Unassigned	0.7358370260473273
3157078ed5cca7b285453aef40b2967a	ASV8d__Bacteria;p__Proteobacteria;c__Alphaproteobacteria;o__Rhizobiales;f__Rhizobiaceae;g__Rhizobium;s__	0.9999999650204365
106cbdb944fc17f2ffbbccb054fd2b2d	ASV34d__Bacteria;p__Bacteroidota;c__Bacteroidia;o__Flavobacteriales;f__Weeksellaceae;g__Elizabethkingia;s__Elizabethkingia_miricola	0.9999999999607354
c361dc3eff21ec12b11df1b96330ac7b	ASV34d__Bacteria;p__Bacteroidota;c__Bacteroidia;o__Flavobacteriales;f__Weeksellaceae;g__Elizabethkingia;s__Elizabethkingia_miricola	0.9999999999464677
49c38313deef7d174ca5eafa98f187c9	ASV29d__Bacteria;p__Proteobacteria;c__Gammaproteobacteria;o__Enterobacterales;f__Enterobacteriaceae;g__Citrobacter;s__Citrobacter_braakii	0.9980742220019607
ffdd2d58a1e46763da3b6c1711795dcd	ASV33d__Bacteria;p__Proteobacteria;c__Alphaproteobacteria;o__Rhizobiales;f__Beijerinckiaceae;g__Bosea;s__	0.8984669000418273
8dd7b937c5c906b316cf668e37c353d9	Unassigned	0.8408062137639182
518d46d6521f443c2b4501915fbdad49	Unassigned	0.7559751206798788
97da604ab21bcb931825539c6c19f349	Unassigned	0.7726641759322155
099869f7416510546c612889cc45e9ec	Unassigned	0.7650235586905283
5063fe8a8f488e9c3bfb8be1b5ad2f93	Unassigned	0.6086416291950212
02ae09ab00a4bfc8e58326f64b9405b3	Unassigned	0.48569577778053985
d8407f7ee26961605f5d6c8112c95d51	Unassigned	0.7484735942619607
7e7280f9e41f9a3ab45b6d92619cf949	Unassigned	0.5028394722589018
64fa4e53b8e3762a272d0ee5ebde852a	Unassigned	0.7780713867974646
27bcb9035aaeb6aceb635dd997151edc	Unassigned	0.8421338572524469
96f1d019688f77a0026470b14c78151e	ASV34d__Bacteria;p__Bacteroidota;c__Bacteroidia;o__Flavobacteriales;f__Weeksellaceae;g__Elizabethkingia;s__Elizabethkingia_miricola	0.9999999997556586
8149bc7639be6543a9bab772d9d6d6be	Unassigned	0.7758377093722086
4b589373cf58fb1f4d7a286edf372364	Unassigned	0.4772025276854134
d1ea84125927a011d0aa18bd565377bf	Unassigned	0.4734859429510967
5a027343e1b79784e76d21a2189c8083	Unassigned	0.7911791404271369
326d18e199c7375cbd13c29c19d995ea	Unassigned	0.7733766697921325
abd1693324c3efafc450eaa42d9118f3	Unassigned	0.8916026016868529
7cb52160cf5e97efa0ea08e7499ced8b	Unassigned	0.69678234878578
d773d3d4eae82ea638e8852ef9e31ee7	Unassigned	0.7600004435628065
3b27c90bebb78ba1e317ed3962ee1504	Unassigned	0.7647910758737864
521be0fa530a375c73e7a76c76d6a345	Unassigned	0.8853446138227739
684bc5517e6c5c221864530d885318d8	Unassigned	0.7620482486727383
739a9e60d1bcdbeeb392a7735137ce62	Unassigned	0.8579461873657793
3d24e7c095278cade933bca75f969434	Unassigned	0.6606402240091407
5d2d5c4dd780a6671f7b5a2c1d978b8f	Unassigned	0.682845354743491
ac631337f281ce8607904a11de6a4e8f	Unassigned	0.7117224409504803
15a0b8476100bdec537ebe47f9913017	Unassigned	0.5662329265526322
312aa6f735eeec0003ad15c9d88a5f53	ASV5d__Bacteria;p__Proteobacteria;c__Gammaproteobacteria;o__Burkholderiales;f__Chromobacteriaceae;g__Chromobacterium;s__Chromobacteriumsp002213445	0.9992839072872338
f8370e2b1b3af73b8b4faf85a6b209a7	Unassigned	0.7764497691039052
5bc34b3e1a346d780817b038052a586b	Unassigned	0.771731236114205
cc86e01be675ab9e79844b4f13a8b0ca	Unassigned	0.8749947550599293
e45e249daae5dee5f5898c95de358fae	Unassigned	0.40026669434792317
c58610d2ac981e7af44feccbb3e04260	Unassigned	0.7555406845909363
110af1a25622d25331ad5a80e9996fe3	Unassigned	0.7820142495093221
bbb76cc5f2a70cc90ee1f2237166a811	ASV14d__Bacteria;p__Proteobacteria;c__Gammaproteobacteria;o__Pseudomonadales;f__Pseudomonadaceae;g__Pseudomonas_E;s__Pseudomonas_E fluorescens_AP	0.9999928939731954
2e9bdbb5cce39f0146847bcdec86eeb1	Unassigned	0.555444860097353
c3cf62026da5f738469eec6869eee1a4	Unassigned	0.3255627818325876
319b8fd835694b6d86dcb3913cb72541	ASV34d__Bacteria;p__Bacteroidota;c__Bacteroidia;o__Flavobacteriales;f__Weeksellaceae;g__Elizabethkingia;s__Elizabethkingia_miricola	0.9999999998824336
4f60c6176ee6f48dae72f2f4c13d4dd7	ASV34d__Bacteria;p__Bacteroidota;c__Bacteroidia;o__Flavobacteriales;f__Weeksellaceae;g__Elizabethkingia;s__Elizabethkingia_miricola	0.9999999990195505
bb742453590c6f651014ad151838b6da	ASV30d__Bacteria;p__Proteobacteria;c__Gammaproteobacteria;o__Enterobacterales;f__Enterobacteriaceae;g__Serratia_A;s__Serratia_Afonticola	0.9992123888982357
4686f0a9436e5baa7bf12713b8a0eaa6	ASV17d__Bacteria;p__Bacteroidota;c__Bacteroidia;o__Sphingobacteriales;f__Sphingobacteriaceae;g__Pedobacter;s__	0.9775740160991568
c75df38c8e231534236592c9e6048cca	Unassigned	0.6573605737345058
9b8c9b9e16ae953690705d38b18c380f	Unassigned	0.8628171219628065
23615f0f829dde19feb12a57854fc36b	ASV17d__Bacteria;p__Bacteroidota;c__Bacteroidia;o__Sphingobacteriales;f__Sphingobacteriaceae;g__Pedobacter;s__	0.9672736171764129
8ff59a42d7407089d23c810004c3d703	X391_Actinobacteria;Actinomycetales;Microbacteriaceae;Leifsonia	0.9999999999999005
a72ef778d0c42cb08cbd955d496cbfa9	Unassigned	0.30120608315422825
3f7d4f53dcdab9ef5f81776ddd433df6	Unassigned	0.5931226358467163
af256cc138727560a59380510d86a150	Unassigned	0.7786887238410585
cdc42c86e678490c4a76472a5b1e30e9	ASV5d__Bacteria;p__Proteobacteria;c__Gammaproteobacteria;o__Burkholderiales;f__Chromobacteriaceae;g__Chromobacterium;s__Chromobacteriumsp002213445	0.999775092367011
2740cf2417c92847cc298cbd71dd1fcd	Unassigned	0.62795195733872
5e911ef51e8018ef672c33b0b469fff2	Unassigned	0.8361713713215588
daff54fde781da1bc883cd9017c48af5	Unassigned	0.7793755331387705
e0d11440d996a3bbafbd514e8cf4e137	Unassigned	0.6262839903964528
ca449ffc0581bee81cc5f8ff6004333a	Unassigned	0.7192956523682856
00a4d043afd6e667dc3e99f08f9b065c	ASV29d__Bacteria;p__Proteobacteria;c__Gammaproteobacteria;o__Enterobacterales;f__Enterobacteriaceae;g__Citrobacter;s__Citrobacter_braakii	0.9998763401628874
1be39b4d7d22aad1a9850d071dafbf15	Unassigned	0.47526090130971854
343ea10aef9d79890ec2f1733e75d791	Unassigned	0.8427850108077687
5a9c6368b56349e1d171f10cbeb439f3	ASV14d__Bacteria;p__Proteobacteria;c__Gammaproteobacteria;o__Pseudomonadales;f__Pseudomonadaceae;g__Pseudomonas_E;s__Pseudomonas_E fluorescens_AP	0.9999999978619201
bfc0a24c5ecfd60bf99c88ad826e454c	ASV10d__Bacteria;p__Proteobacteria;c__Gammaproteobacteria;o__Burkholderiales;f__Burkholderiaceae;g__Comamonas_B;s__	0.9968031721509795
7c1c7ec1560cfce7018af6777a5bd427	ASV32d__Bacteria;p__Proteobacteria;c__Gammaproteobacteria;o__Burkholderiales;f__Burkholderiaceae;g__Achromobacter;s__	0.9999994797692512
66dcd511d70faa37e2751679f890bf2c	ASV5d__Bacteria;p__Proteobacteria;c__Gammaproteobacteria;o__Burkholderiales;f__Chromobacteriaceae;g__Chromobacterium;s__Chromobacteriumsp002213445	0.9996490524236525
ec5dc20e2e51769ee856d23b066f46b8	Unassigned	0.8377395727590334
647b50cfa0c0b1b473b163a5e9f1eee7	Unassigned	0.6040530782275807
0684dea5e9deaf0b56ae04bda8ba467d	ASV29d__Bacteria;p__Proteobacteria;c__Gammaproteobacteria;o__Enterobacterales;f__Enterobacteriaceae;g__Citrobacter;s__Citrobacter_braakii	0.9996255019248053
3188ec566033592309ac574cd5b5e955	Unassigned	0.7842675419925498
20c4f9674af28688e16484e1c87f7f57	Unassigned	0.8008328054428124
08bd45c0807b6fb44faaa54fb53e4213	ASV31d__Bacteria;p__Proteobacteria;c__Gammaproteobacteria;o__Burkholderiales;f__Burkholderiaceae;g__Delftia;s__Delftia_acidovorans	0.9679050862412364
49682e90a9ea05d382c2cbb1ac19973c	ASV34d__Bacteria;p__Bacteroidota;c__Bacteroidia;o__Flavobacteriales;f__Weeksellaceae;g__Elizabethkingia;s__Elizabethkingia_miricola	0.9999999998325393
983df729ee52da7da30ec945f593c9ea	ASV34d__Bacteria;p__Bacteroidota;c__Bacteroidia;o__Flavobacteriales;f__Weeksellaceae;g__Elizabethkingia;s__Elizabethkingia_miricola	0.9999999999214282
9ca441ea1a099542d4881d975d2e4bf2	ASV31d__Bacteria;p__Proteobacteria;c__Gammaproteobacteria;o__Burkholderiales;f__Burkholderiaceae;g__Delftia;s__Delftia_acidovorans	0.9992232579136132
6b4d6b4d31bf599a78c82b63b335e4ed	ASV27d__Bacteria;p__Proteobacteria;c__Gammaproteobacteria;o__Burkholderiales;f__Burkholderiaceae;g__Xylophilus;s__	0.995067275336378
10123a1fd35e6dfa41ac0834f6354fac	Unassigned	0.6217262295547128
d08af9cc2314671e17d6894925ce7888	ASV19d__Bacteria;p__Bacteroidota;c__Bacteroidia;o__Sphingobacteriales;f__Sphingobacteriaceae;g__Pedobacter;s__	0.9996179783234586
5cf435fd1de653b7f09faf0f05d0e1d0	Unassigned	0.8385298662128043
9882330e4ea96f5883e117d589945980	Unassigned	0.35377936592629367
4ec239e1b10b2562e9ec11c74b0897e2	Unassigned	0.8350931653359142
215bfbeb43884b7082116b3fb4fd52e0	ASV34d__Bacteria;p__Bacteroidota;c__Bacteroidia;o__Flavobacteriales;f__Weeksellaceae;g__Elizabethkingia;s__Elizabethkingia_miricola	0.999999999933209
53da3459fab6d189efbb28c164d54aa9	Unassigned	0.7556947044361708
75f807ba5d719d01d32fb51dcec81e74	ASV34d__Bacteria;p__Bacteroidota;c__Bacteroidia;o__Flavobacteriales;f__Weeksellaceae;g__Elizabethkingia;s__Elizabethkingia_miricola	0.999999999955719
f7fcd2c942686ae3b78bbfec1a0d400f	ASV30d__Bacteria;p__Proteobacteria;c__Gammaproteobacteria;o__Enterobacterales;f__Enterobacteriaceae;g__Serratia_A;s__Serratia_Afonticola	0.9994384266449069
c6b6dead42e8347513722966fd9bed1e	ASV31d__Bacteria;p__Proteobacteria;c__Gammaproteobacteria;o__Burkholderiales;f__Burkholderiaceae;g__Delftia;s__Delftia_acidovorans	0.999827071008129
0d1837577f47f9f7eaea3c2c43c491c6	Unassigned	0.8547005216781762
5e8726e70de9dcd6669b7d5d54da0515	Unassigned	0.6815909390570856
d62f237df97b59f411ae8f4712e319c5	Unassigned	0.5418142354140771
0947e462b2b08629e613de87625d791e	Unassigned	0.7151782863038625
76755c92664b60a023e98e5338e9aaa9	Unassigned	0.7999948206234173
c33ccf26fa768d99594a82f10ac1803e	Unassigned	0.7278374517856745
bb45e77070cdc1d8227424ea92bbaec1	Unassigned	0.7181136047174572
f2963790ecb7bff7b3af3605967c4b9c	Unassigned	0.8473156340087882
e592d37257abe9113ad4f2896ec23b8d	Unassigned	0.8617267615920385
a1e8fa809b56df27637499c27b93fc46	X391_Actinobacteria;Actinomycetales;Microbacteriaceae;Leifsonia	0.9999999783453861
3be4b00b51be4720b4700d80f3bdc023	Unassigned	0.7279962637761485
80b209731505a65697820ad5088a6217	ASV14d__Bacteria;p__Proteobacteria;c__Gammaproteobacteria;o__Pseudomonadales;f__Pseudomonadaceae;g__Pseudomonas_E;s__Pseudomonas_E fluorescens_AP	0.9999999863858023
2acb8152786748016e7b829daf1fa1a3	ASV27d__Bacteria;p__Proteobacteria;c__Gammaproteobacteria;o__Burkholderiales;f__Burkholderiaceae;g__Xylophilus;s__	0.9975771713460689
63bf2a96a62f13da8c01e65350e5ce15	ASV34d__Bacteria;p__Bacteroidota;c__Bacteroidia;o__Flavobacteriales;f__Weeksellaceae;g__Elizabethkingia;s__Elizabethkingia_miricola	0.9999999999559464
fc33d0416e9f84213629ccc0b1d2b650	Unassigned	0.7556662954025894
1f9efbf3689c022e79a883238aaae903	Unassigned	0.7141399711765346
51cd850d9f4aa749053f93ab51036bce	Unassigned	0.3988578719592115
297f04f1f1a72b2c78d87d42d6b249a4	Unassigned	0.7321750568248075
7ae0adcd9032b18f762a2bdf08e32bdb	Unassigned	0.6567213500389706
7749e3aaf87515dea4a5d821b7eefc07	Unassigned	0.5741393162011514
1e690d9920f140384fd1eba15917f862	ASV14d__Bacteria;p__Proteobacteria;c__Gammaproteobacteria;o__Pseudomonadales;f__Pseudomonadaceae;g__Pseudomonas_E;s__Pseudomonas_E fluorescens_AP	0.9999999998000675
9e3863cdeb4db7590e288b04163578bb	Unassigned	0.8255215856429597
0de83a9788de8c79708e9acb52cbe6c7	Unassigned	0.6788774061115098
8f77e54d3bfdf30729855aa04d6830bb	Unassigned	0.6478305352485336
ffa5f7ce62308fc61d3ce0434f55ffac	Unassigned	0.8944731487298628
2f1cfad0538fa3d468974bed0b2a0f41	Unassigned	0.7680411103038396
b7621aace2b65e0c7fa420af87a29754	Unassigned	0.8212105789786829
4e1d53ff99d7da9478fa760318d70617	Unassigned	0.8633502901075196
30b5b7cad74d2fb68cb4bc8a4a201338	ASV17d__Bacteria;p__Bacteroidota;c__Bacteroidia;o__Sphingobacteriales;f__Sphingobacteriaceae;g__Pedobacter;s__	0.9604838359628101
b88b22f82fd5a739e46d5d9d407a55c3	Unassigned	0.6995586254358117
174783fce63bacf6052867e75297c0f5	X120_Alphaproteobacteria;Sphingomonadales;Sphingomonadaceae;Sphingomonas	0.9999996871744578
4313c55095582bb117fddf3704bddf97	Unassigned	0.5565460935913136
2a487129106131a7c9ca86dd6fd1570c	Unassigned	0.8395840992856689
86b01f605df1f2e2cda638f1b0b86163	ASV33d__Bacteria;p__Proteobacteria;c__Alphaproteobacteria;o__Rhizobiales;f__Beijerinckiaceae;g__Bosea;s__	0.999158091220097
5a300411b12fcf842939d2856797d1b1	Unassigned	0.8333572790667718
4f1be153cd9f648247b3aaf066b6d4c6	Unassigned	0.6664754073785053
b716c2ff46ed50a6a439fe153929c9e3	Unassigned	0.8588812645748123
1cbaeb3218b9f3d13c481647403689ff	ASV34d__Bacteria;p__Bacteroidota;c__Bacteroidia;o__Flavobacteriales;f__Weeksellaceae;g__Elizabethkingia;s__Elizabethkingia_miricola	0.9999999961602697
87f82c46ad35740e82e5638d3959654d	Unassigned	0.5397669856049706
c778068fc5fbaa7dbba4bdee659203c8	Unassigned	0.6567678921972355
26bb0afff71e941ef5692424f2931387	ASV5d__Bacteria;p__Proteobacteria;c__Gammaproteobacteria;o__Burkholderiales;f__Chromobacteriaceae;g__Chromobacterium;s__Chromobacteriumsp002213445	0.9997799601031581
f5f5e0da89730462abaf6301a9557193	Unassigned	0.5250670169227993
3704532369529ea826c70f908b9c274d	Unassigned	0.6420104251702489
a5bf5fdab1439eb1c32df617e64f41b4	Unassigned	0.5037127635199108
3c59e795c5548675900176e3d2a44822	X391_Actinobacteria;Actinomycetales;Microbacteriaceae;Leifsonia	0.9999999999972289
7e361a3bff6a62228e50b7e1649644ab	Unassigned	0.7851480455968258
67f6c5b7421607ae1a0def05a2efc69c	Unassigned	0.7532533069989528
a19a12ba34ee9175b09bd706434c6c00	Unassigned	0.8123933689325852
3292823c84a96b91768afc7410e45fa3	Unassigned	0.7978747112140127
9f0125db1515b14d6ab7fd145c1812e9	Unassigned	0.8128522954501765
f543e3088940c7c744a6aa774e492fad	Unassigned	0.3507362468909928
5b5308976f84c9a7b1a80a63a7a3532d	Unassigned	0.7931898988555345
78a610714e53eb7730ce50e47fc96859	Unassigned	0.7569043830926393
74440b1af69e546010e0ca549f4fd5a7	Unassigned	0.6308808056504787
9de38a0529a24e059d6f92805a2ee463	ASV31d__Bacteria;p__Proteobacteria;c__Gammaproteobacteria;o__Burkholderiales;f__Burkholderiaceae;g__Delftia;s__Delftia_acidovorans	0.9998294992058916
c0141c9df95d98546e5f8afa3632c28f	ASV31d__Bacteria;p__Proteobacteria;c__Gammaproteobacteria;o__Burkholderiales;f__Burkholderiaceae;g__Delftia;s__Delftia_acidovorans	0.9996916693382113
5872f58636e32af38a914466707ced77	ASV31d__Bacteria;p__Proteobacteria;c__Gammaproteobacteria;o__Burkholderiales;f__Burkholderiaceae;g__Delftia;s__Delftia_acidovorans	0.9993037863672951
cdf94660be4c90cd83fc8cb9e18d8ed7	ASV2d__Bacteria;p__Bacteroidota;c__Bacteroidia;o__Sphingobacteriales;f__Sphingobacteriaceae;g__Pedobacter;s__	0.9994844314001233
62332f4b78d33e7b0d60ec9dcf699956	ASV2d__Bacteria;p__Bacteroidota;c__Bacteroidia;o__Sphingobacteriales;f__Sphingobacteriaceae;g__Pedobacter;s__	0.9997341668370335
94f35af2f7841fdf08e7f8a305bf8d78	Unassigned	0.6169994588767371
a20eb37d50abf4ef13197bd4a0ea8c84	X391_Actinobacteria;Actinomycetales;Microbacteriaceae;Leifsonia	0.9999992812085193
30a35a07f06dc4be83f0c1a664e1ae7f	Unassigned	0.8654917345747116
5b4ff1af5ef9b804bed0eb2c65245a66	Unassigned	0.847249775901828
8a9525a36c4ec897269519ac2fe8b8f1	Unassigned	0.755816826651845
3337724d608baa85512e6b072b542e63	Unassigned	0.4942849149134908
d66546770b7c15cc20f19aa698e444a7	Unassigned	0.6719710645829597
1c6204d68381f723681e706c59f06b79	Unassigned	0.80418820502089
7a7482dd1cc85ed02da3fa23e42f9f62	Unassigned	0.8078793370974231
f368322b444e70e0e0aab3c8c59c052e	ASV31d__Bacteria;p__Proteobacteria;c__Gammaproteobacteria;o__Burkholderiales;f__Burkholderiaceae;g__Delftia;s__Delftia_acidovorans	0.9997893999320564
bbc58965ae6cb43698335b07fd7cdf29	Unassigned	0.5557657929989509
20f990cd4eee3733fe1ec1569cadbb10	Unassigned	0.7731429815622385
cb2a5c12395e93366a4d763106a19418	ASV31d__Bacteria;p__Proteobacteria;c__Gammaproteobacteria;o__Burkholderiales;f__Burkholderiaceae;g__Delftia;s__Delftia_acidovorans	0.9997511502219456
587ed8060c0f82b7e2999c794b0d9288	ASV30d__Bacteria;p__Proteobacteria;c__Gammaproteobacteria;o__Enterobacterales;f__Enterobacteriaceae;g__Serratia_A;s__Serratia_Afonticola	0.9970639703450686
823ba3903c330183f8946db38fcfc8b1	ASV32d__Bacteria;p__Proteobacteria;c__Gammaproteobacteria;o__Burkholderiales;f__Burkholderiaceae;g__Achromobacter;s__	0.9999995926842166
8e53c0dcdd9fb9810a5a07e8ae1df2c5	X120_Alphaproteobacteria;Sphingomonadales;Sphingomonadaceae;Sphingomonas	0.999999674110821
77e859bdfb3da4219afa8c5e2b54283b	Unassigned	0.7125846466326302
ae243b9418da7980d81d2bbc398d66bb	ASV34d__Bacteria;p__Bacteroidota;c__Bacteroidia;o__Flavobacteriales;f__Weeksellaceae;g__Elizabethkingia;s__Elizabethkingia_miricola	0.9999999998821352
6f3f2b118c5873fbaf2ed70d9e3a6359	ASV31d__Bacteria;p__Proteobacteria;c__Gammaproteobacteria;o__Burkholderiales;f__Burkholderiaceae;g__Delftia;s__Delftia_acidovorans	0.9998097922701014
1f88f4cba1eecd3f222f3dc6c5af4c31	ASV27d__Bacteria;p__Proteobacteria;c__Gammaproteobacteria;o__Burkholderiales;f__Burkholderiaceae;g__Xylophilus;s__	0.9965348143964028
10db0456cac616713e861338759b924d	Unassigned	0.6082551759629602
fbe4765f88955ba8e6d6ad35e297e4ac	Unassigned	0.578589995454293
f485cc4b3c366c261ec2792c31a20729	Unassigned	0.774941557727459
1bc272862f6d4b35655f60391bfe8c5a	ASV33d__Bacteria;p__Proteobacteria;c__Alphaproteobacteria;o__Rhizobiales;f__Beijerinckiaceae;g__Bosea;s__	0.7977984678190518
7119deee17038b91419dd953a610d75b	Unassigned	0.8141281210976157
2eda763aa6aa7732641692e38b6db586	Unassigned	0.7911968914579239
19db83ece55e76ef3e240575cbc6d915	ASV31d__Bacteria;p__Proteobacteria;c__Gammaproteobacteria;o__Burkholderiales;f__Burkholderiaceae;g__Delftia;s__Delftia_acidovorans	0.9997442350485559
abda8ee055347cb5cda024aefb87f0ca	Unassigned	0.8136748697880613
abf1a4301806652e153c7afdf52de30c	Unassigned	0.6121721397508433
faeaa6ff05e1feb94ac9aafe24446b31	ASV33d__Bacteria;p__Proteobacteria;c__Alphaproteobacteria;o__Rhizobiales;f__Beijerinckiaceae;g__Bosea;s__	0.9999999185973996
0a0ad9dfe9211664f67ed418fc0f11cf	Unassigned	0.8258686530244455
7b4543e92db56342b74ff1d66f787ef3	Unassigned	0.686220134666335
4026b5954d419a9e6d410e6fa3914117	Unassigned	0.6759933848283013
4a2da9a9e803f64152253cb6cd51baac	Unassigned	0.8603428322125992
f4c2587bbaa6e03cd0452af030d28bb5	Unassigned	0.7191155035422749
5a2c80c2dbbdfe65d5d62d847b0dc995	Unassigned	0.7115346152523139
95b56d712de274b52013ab2806c3d7ef	Unassigned	0.5798170826770753
27a37cc88adebcd46a607e163cca0d3e	ASV31d__Bacteria;p__Proteobacteria;c__Gammaproteobacteria;o__Burkholderiales;f__Burkholderiaceae;g__Delftia;s__Delftia_acidovorans	0.9944868021434548
90e09973e34dfba5332a6471e3a7e146	Unassigned	0.7499761815427006
517aa10ef1dd8b9ed01ffe4742c1816f	ASV31d__Bacteria;p__Proteobacteria;c__Gammaproteobacteria;o__Burkholderiales;f__Burkholderiaceae;g__Delftia;s__Delftia_acidovorans	0.9997832159006881
e3433f15aa68f135bd67664989b724e5	ASV33d__Bacteria;p__Proteobacteria;c__Alphaproteobacteria;o__Rhizobiales;f__Beijerinckiaceae;g__Bosea;s__	0.8147665477792327
98afe8865ad7034f7de1f78736866f86	Unassigned	0.787335938475046
497a26126c9e726c768bdec79e8c4e9b	X391_Actinobacteria;Actinomycetales;Microbacteriaceae;Leifsonia	0.9999999995785629
956d9200f2adfe6c822d53664cec5e22	Unassigned	0.7545171755136977
3a284a37757b4ad8f2cde0a8ec7b1600	ASV33d__Bacteria;p__Proteobacteria;c__Alphaproteobacteria;o__Rhizobiales;f__Beijerinckiaceae;g__Bosea;s__	0.711979203602788
890e2b8490b1fefd532e7a48f0a47596	Unassigned	0.7951327649352494
966adfbeccf190a46cc2c3cc0247d3dc	Unassigned	0.7936185474080909
7b78f6360f7ccdd415c85bbaf4ab31b9	Unassigned	0.7674727441376383
030a52a5ef4e02077e5fdb70052cf92e	Unassigned	0.6679029240095519
1c3ef9650d27c9a1f81efec3fb58244e	Unassigned	0.525353939126837
bcf70c4576bc05ea7c05be31178b653c	Unassigned	0.8029438375234393
73cff732991e79984219c09b9d7a9851	Unassigned	0.6991296456949059
cca42c37ec87fc84d55f63c6986ec53c	ASV33d__Bacteria;p__Proteobacteria;c__Alphaproteobacteria;o__Rhizobiales;f__Beijerinckiaceae;g__Bosea;s__	0.8194631823772299
efdf796a546736d0c0d67188e4d3fc29	Unassigned	0.6126291154042657
9f4f6aff1b7be82c28c7a1b8b963e1cd	Unassigned	0.8237800712604222
5ac48e4ca99be2a38a0d143d1afcd2f7	Unassigned	0.8186741305093952
6f2bf0fcc973d735bb3c8121c6ae4f67	Unassigned	0.7412527061119499
c666203c224de3d13c1f037ce61fe337	Unassigned	0.6005324763701734
d08320e5a1c32ed6a25feb4d9b137e33	Unassigned	0.8152767342061722
4556079cd4c34cb23502e389cbf3c7d9	Unassigned	0.5263930748838319
d8e2cad2a75a73081a45297b9fa95478	Unassigned	0.8266388999783842
b5322847b205aaf15392ec7158c87199	Unassigned	0.7774776788344391
bc6eb58bb2793c6c576c6708872ba9e9	Unassigned	0.8397740645343305
521343affa679d714c455dc1d5c92904	ASV14d__Bacteria;p__Proteobacteria;c__Gammaproteobacteria;o__Pseudomonadales;f__Pseudomonadaceae;g__Pseudomonas_E;s__Pseudomonas_E fluorescens_AP	0.9999999825027147
75c708c31eee74d3c4b14b06f5dda458	Unassigned	0.8126034311819919
f6f33fa07284ac8474016f72538e8a3e	Unassigned	0.7824492391684559
93b9be6bedd85ca6ee1caaac531a3b8d	Unassigned	0.5506523452506725
59e03536e90b04e3cc349425384ba95f	Unassigned	0.8155588766088184
b1cd5baafc33302307c89c2970262d14	Unassigned	0.6729995827774191
499eb2a94d9f808cb8aae3fae81222fd	Unassigned	0.6012084242174003
b0210b0d6fc86874fdfd2cea5bea8d86	ASV14d__Bacteria;p__Proteobacteria;c__Gammaproteobacteria;o__Pseudomonadales;f__Pseudomonadaceae;g__Pseudomonas_E;s__Pseudomonas_E fluorescens_AP	0.9999999988377084
4f335ea2d48099926aa681326d66070d	X391_Actinobacteria;Actinomycetales;Microbacteriaceae;Leifsonia	0.9999999999987779
3c8c54ccf9943e077ebf99669733cca0	Unassigned	0.645604548024872
23fb2a0da5d941d1f74a825b19052dc5	ASV32d__Bacteria;p__Proteobacteria;c__Gammaproteobacteria;o__Burkholderiales;f__Burkholderiaceae;g__Achromobacter;s__	0.9999995179091482
81d9544d10621a02187278a32212e489	ASV32d__Bacteria;p__Proteobacteria;c__Gammaproteobacteria;o__Burkholderiales;f__Burkholderiaceae;g__Achromobacter;s__	0.9999990461528797
3f930d35347c79f013296a8e52bf8393	Unassigned	0.7331425263024934
f5cf6654c641921da0b94f80a0eb3748	Unassigned	0.7722419558800475
dbf310e722d8f3ff0b7806c806ba535c	Unassigned	0.8427566994051411
5fc62bf0eaf631e20f10e9a051e0a09f	Unassigned	0.6828058425035888
a588ebdc760a66b2c00b4140f05f3857	ASV8d__Bacteria;p__Proteobacteria;c__Alphaproteobacteria;o__Rhizobiales;f__Rhizobiaceae;g__Rhizobium;s__	0.9898033198626506
147b8f6d887032554ce8c5a207771f14	Unassigned	0.574592709704028
04a3be8e2bcc2a25d5e9f0e4a6b3926c	Unassigned	0.8731473463256687
547f7f2981cbca43c2a25df6ceab3aac	Unassigned	0.7213463317115725
a4824199560bcae2111f094adb77ba40	Unassigned	0.5340586542566842
8633942ace33c55bd0d5c398d35f940b	Unassigned	0.8260551894816658
7fb19ee886fda805869f9f723ada2dfa	Unassigned	0.6622043452998406
4a2f1c2da1923bb3d46bb73bd71a1551	ASV2d__Bacteria;p__Bacteroidota;c__Bacteroidia;o__Sphingobacteriales;f__Sphingobacteriaceae;g__Pedobacter;s__	0.9997723648736461
2d577bc66b977f080115a8aab31fbcf0	ASV30d__Bacteria;p__Proteobacteria;c__Gammaproteobacteria;o__Enterobacterales;f__Enterobacteriaceae;g__Serratia_A;s__Serratia_Afonticola	0.9978152591143251
7c49c8bd33aec75c39c081d63babc50c	ASV17d__Bacteria;p__Bacteroidota;c__Bacteroidia;o__Sphingobacteriales;f__Sphingobacteriaceae;g__Pedobacter;s__	0.9577488421285592
4bd689e1ea5bd6babc85fe6deae3af33	Unassigned	0.60860686532984
48793288a17740d8c8671c7daff20590	Unassigned	0.6787204218750382
fbdf97d125a8c5a609842c235013b1d4	X120_Alphaproteobacteria;Sphingomonadales;Sphingomonadaceae;Sphingomonas	0.9027630432794626
5abda802ce4340fbcff04ad3f07c9def	Unassigned	0.6761634650168927
9b20663e71dea7d11f50f8b9dc06b6a3	ASV8d__Bacteria;p__Proteobacteria;c__Alphaproteobacteria;o__Rhizobiales;f__Rhizobiaceae;g__Rhizobium;s__	0.994927290250236
3f8ac7b39db78a43b9727d74b4635b9e	Unassigned	0.6953743461749519
ee5314ade9b2d1c8deaa6cfb95a43a11	Unassigned	0.7536113812552404
87384ea770264f7b894bf50492c1c0ad	Unassigned	0.8390214984555994
1a55cc031c6e24074d52daf449fdc5ac	Unassigned	0.7546844428104609
d81c7216048558b5ec2d654b92819f22	Unassigned	0.6409378099007386
e9b1ae190f0d09ee6ff97e7378d101d3	Unassigned	0.7192345290431577
a344b7719e08cc6485f023edcfd715c4	Unassigned	0.6376078579918085
20c584a11452fcb4aa6c0d397e12862f	Unassigned	0.40577392537304524
7617bb54f8e37d30f3a771bf0c519850	Unassigned	0.7550997509410599
3c5b3d69c00b8ab6bb695da991980fd5	Unassigned	0.5718730347010368
09f944acc15518b31e5803e1e4cb4e43	ASV7d__Bacteria;p__Proteobacteria;c__Gammaproteobacteria;o__Burkholderiales;f__Burkholderiaceae;g__Herbaspirillum;s__	0.8320784002584897
b22958ad967a8e5c58cae9b9a16b4579	ASV14d__Bacteria;p__Proteobacteria;c__Gammaproteobacteria;o__Pseudomonadales;f__Pseudomonadaceae;g__Pseudomonas_E;s__Pseudomonas_E fluorescens_AP	0.7157323391538973
51121c8f8cc8a7a03d9d7f1dd5142aa5	X391_Actinobacteria;Actinomycetales;Microbacteriaceae;Leifsonia	0.9999967788973984
8b5884acc8c736df09c4260b50dc9297	ASV14d__Bacteria;p__Proteobacteria;c__Gammaproteobacteria;o__Pseudomonadales;f__Pseudomonadaceae;g__Pseudomonas_E;s__Pseudomonas_E fluorescens_AP	0.9999998133889282
c3267a8ca28be1c758a4427082c081db	Unassigned	0.8931541121634066
d84b3d097d6055d96c4585dfc7f37cd6	Unassigned	0.7789319269199176
442f7aef4b410c775a7e500f6c8a404b	Unassigned	0.7005857272631346
2367122cdd1f0df81a6060a5c49fb18a	Unassigned	0.8044155055188151
aced9235a86456ed9b6fc2eff6c6c9b0	ASV34d__Bacteria;p__Bacteroidota;c__Bacteroidia;o__Flavobacteriales;f__Weeksellaceae;g__Elizabethkingia;s__Elizabethkingia_miricola	0.9999999998673132
9e32210c148e650b6a263f6531f2a252	Unassigned	0.8350062393224706
ae4455c3b9d4972368fa26b507159a67	ASV32d__Bacteria;p__Proteobacteria;c__Gammaproteobacteria;o__Burkholderiales;f__Burkholderiaceae;g__Achromobacter;s__	0.9999992714551478
1efe887de1bdd596c9461281fe80d17f	Unassigned	0.5756524161613854
f829f7ffc81a3340e64d94ff1015ab36	ASV14d__Bacteria;p__Proteobacteria;c__Gammaproteobacteria;o__Pseudomonadales;f__Pseudomonadaceae;g__Pseudomonas_E;s__Pseudomonas_E fluorescens_AP	0.9999999997596518
885a224462c55f157127b3e6f4f17165	Unassigned	0.7963901503074977
a145ac24c2516481a7fc87575eb5d467	Unassigned	0.755413198937779
3e50488248596c3dd57e87c8b11e881c	Unassigned	0.8574171053302551
ac897e5ed5ee0169c0eee5762eb07253	Unassigned	0.7754472103177705
3d9d0a775fc227c53ba0f7b9655a30ae	Unassigned	0.4739463264605305
69bba8a770d3f6e1e8862f97a5fc9239	ASV14d__Bacteria;p__Proteobacteria;c__Gammaproteobacteria;o__Pseudomonadales;f__Pseudomonadaceae;g__Pseudomonas_E;s__Pseudomonas_E fluorescens_AP	0.9999999979646361
6ce5f71b0de6726b96b3a4042c090ac3	Unassigned	0.564542246133283
b89a055d8673aaf8d1ff42ec73e6cd95	Unassigned	0.8375780830843205
affdca804f9327f452c5eb412b992415	Unassigned	0.7296050105240623
3b3cb7f743448eabf019170c569cc7f0	Unassigned	0.6182774028644115
2731fb21a98dab193680143e23acc2a0	Unassigned	0.8034132492509424
713caf0cb1fd3146001f70c650c22a25	Unassigned	0.609440604592348
1ad453c5651f23bf058f5b38c62d3a25	X391_Actinobacteria;Actinomycetales;Microbacteriaceae;Leifsonia	0.9999999896563736
b03d2e5ac94c7a0d115e5c542e9315e8	Unassigned	0.41812767915959725
22013dfa097fdb9e122860598052fa83	Unassigned	0.7849406670561951
edae9adfe27f04416b4738dc3403f66d	X120_Alphaproteobacteria;Sphingomonadales;Sphingomonadaceae;Sphingomonas	0.999999908437563
db6480adb22b19137ab39439694a6e0b	Unassigned	0.8464316375080702
5f6f9f39371c835d9f8e897ad2156827	Unassigned	0.8874553854209247
2e3f213c4a4af315262785ff894d0b75	ASV33d__Bacteria;p__Proteobacteria;c__Alphaproteobacteria;o__Rhizobiales;f__Beijerinckiaceae;g__Bosea;s__	0.7114379416786569
3617d587234f573fdd4e97dc9c4053be	Unassigned	0.6282156814371367
9df121683621a3882399cef5b14a9154	Unassigned	0.8145460205721903
8b3a955717626669dc3c436778e1bf7b	Unassigned	0.8321822312864761
eaa3efbe5d6f19caaa8eb7e19b4cd10d	Unassigned	0.3426098290860088
d9d558bec3f071d72e1e1ed680f8fab9	Unassigned	0.7492503371437425
0b28221f764b68db0c5f74418a65978c	Unassigned	0.8907247875489297
b645c7881c8e87ed210117e91305ba6d	Unassigned	0.6771705208946469
3a3c05e0a4cb45a7448898938c09dfd3	Unassigned	0.7312831560976183
c2d45ab46b770a4c22d80b46e9931f31	Unassigned	0.7357927476172781
db86a42242075f2f1c95119bfdafc325	Unassigned	0.7834720025460955
59fe2692aa00aac1cb55b918deaff8d2	Unassigned	0.6996986467427433
64e8818bb2b7df8edee26229540fa5eb	Unassigned	0.6999480980402495
2e46a3e90a1d8d905ddcb2594f64c80e	ASV29d__Bacteria;p__Proteobacteria;c__Gammaproteobacteria;o__Enterobacterales;f__Enterobacteriaceae;g__Citrobacter;s__Citrobacter_braakii	0.9998463763747042
2c36c6bf909a03f7ef842717aed1c8a0	Unassigned	0.8096759328075585
96337633367a452325b4af714cc7f351	Unassigned	0.7027708238557691
a7f5b5aa804338e75a769121f84d7190	Unassigned	0.8753486429171055
600164b0c22ab0fb377c5f815a19b2da	Unassigned	0.5467027919381936
d1b87da4ba2a0d0b265b2d9c8fe99d86	Unassigned	0.7688947405962625
bafdca06651bb7d31c2c7154efd9c4c8	Unassigned	0.8030456300577142
4df51077b03b0ed0444ae8210f986ee8	Unassigned	0.7705853517989839
5b5b38591386f445c895d2edaa688ae5	Unassigned	0.7061921650834341
0b6d6c45c0a5c88cc09bfce16de9cee0	Unassigned	0.8489652468005447
46049edda27ecef2bc40bf4d49063ada	Unassigned	0.8695459575846454
72d6f7b17eb1914bd41ed4eea5802127	Unassigned	0.8294579226693115
792b6d8311dedac4892dfedd1ec34766	Unassigned	0.6390420782197752
f4fe081391ddcca6afc8903a394e1f51	Unassigned	0.49475447438097686
86f5fa474e9ea428fb0f1a7d02018fa2	Unassigned	0.648919893910612
0b003749b1ce4885b4674d052d2ae3ea	Unassigned	0.47747491114946117
3ce28f7b073a5da977fc73f774f399e4	ASV33d__Bacteria;p__Proteobacteria;c__Alphaproteobacteria;o__Rhizobiales;f__Beijerinckiaceae;g__Bosea;s__	0.7467729122813068
5cb226cc84aaad54d5f749ee8b9460d1	Unassigned	0.7502842975536125
ce60fb766b23ffc5d2a6f00853e41d64	Unassigned	0.8006359242050769
ee4b439be168a2bd6c8cfc50ddfa6611	X391_Actinobacteria;Actinomycetales;Microbacteriaceae;Leifsonia	0.9999999999997442
2a0a1d0f8387700e3344db5c7af911b7	Unassigned	0.8693756025286323
0796e05932cfcee46af3bab466ab02eb	Unassigned	0.8748700981736149
d121a2dc877ccc18e6270a53df4cb671	ASV33d__Bacteria;p__Proteobacteria;c__Alphaproteobacteria;o__Rhizobiales;f__Beijerinckiaceae;g__Bosea;s__	0.8479193153560147
b401423eb14db29b8d92dd67c433661f	Unassigned	0.8537904209376667
7876a5906e5be58d068237cd0b6ebb3c	Unassigned	0.5190718012150419
af2475fe8b56ba9dc6f5c2bff1ff2182	Unassigned	0.7287754365887509
af05240a72e11ab9b5a86365604f5ab5	Unassigned	0.6015392057472572
aeb4df639a0c071d075dcc3cec2a63d2	Unassigned	0.5066021696698481
5e5b934f89ff0a0426d1cce3dc7658ba	Unassigned	0.7968308427765123
9b21d3e2cf1bedcae773304c8976f646	Unassigned	0.7300582498585932
661820bd6dd6e6223c9bd77c40d1a81a	Unassigned	0.8064295978663747
e3a1103c4eb5f6af106c4f9bd7517ccf	Unassigned	0.7681691873772598
4a4a1e900fb57b08dcb08e15c903d9b7	Unassigned	0.5263257531556629
3a450f77b737ef8847f082b501ee88e8	Unassigned	0.834587797999554
04b4b46bbe93c7228d3a76a58720e627	ASV14d__Bacteria;p__Proteobacteria;c__Gammaproteobacteria;o__Pseudomonadales;f__Pseudomonadaceae;g__Pseudomonas_E;s__Pseudomonas_E fluorescens_AP	0.7086240913622877
6dd5d81793a297ffb46735c2bf4fa8b6	Unassigned	0.6976401431220394
6a9961addac0b16100ac0c0fd79984c2	Unassigned	0.6549722605896764
8b237989aa88f1920bdfeb2a9724355f	Unassigned	0.8041735480430761
1b51d432835150025ca7040d24fe9240	ASV17d__Bacteria;p__Bacteroidota;c__Bacteroidia;o__Sphingobacteriales;f__Sphingobacteriaceae;g__Pedobacter;s__	0.9670290244224206
1172564612bce873ab339cd799bda503	ASV17d__Bacteria;p__Bacteroidota;c__Bacteroidia;o__Sphingobacteriales;f__Sphingobacteriaceae;g__Pedobacter;s__	0.9674564802161215
5f06fbf6dbc64181e031bf8268d39006	ASV10d__Bacteria;p__Proteobacteria;c__Gammaproteobacteria;o__Burkholderiales;f__Burkholderiaceae;g__Comamonas_B;s__	0.9961769065875995
64af9b4f4aa46e6333554b241ca8cca9	ASV14d__Bacteria;p__Proteobacteria;c__Gammaproteobacteria;o__Pseudomonadales;f__Pseudomonadaceae;g__Pseudomonas_E;s__Pseudomonas_E fluorescens_AP	0.9999999807917137
eb3307b9f17b0adf7fa61210135e0845	Unassigned	0.7891096351757962
3a41ac4f2f171b25ba760eb3338e2df0	Unassigned	0.547371521442827
31e410c697a46181a3f1a1e9246bf179	ASV33d__Bacteria;p__Proteobacteria;c__Alphaproteobacteria;o__Rhizobiales;f__Beijerinckiaceae;g__Bosea;s__	0.9681848528898201
b2062ae94fb00a931014b67b499295a8	Unassigned	0.4699304944469095
18cab44435838cf7be5a410b88c2d8ab	Unassigned	0.8312916288714931
4e7f5693b1d906fdc3d90df98dc13787	ASV34d__Bacteria;p__Bacteroidota;c__Bacteroidia;o__Flavobacteriales;f__Weeksellaceae;g__Elizabethkingia;s__Elizabethkingia_miricola	0.9999999999508447
dcb5cf5f4b0f5ac4540a01b2a643b156	Unassigned	0.7923751111829909
7052531a2488cd53ad3b41eb65abdd4f	ASV34d__Bacteria;p__Bacteroidota;c__Bacteroidia;o__Flavobacteriales;f__Weeksellaceae;g__Elizabethkingia;s__Elizabethkingia_miricola	0.9999999994508784
87d8c8ad6e4bc2f4bb3c54b4aa697221	Unassigned	0.38625761135093584
a97b102abf774b51ba32ee96e194f4c1	Unassigned	0.8249241765709499
cd37f1daa51788926cedc83fe4a1e352	Unassigned	0.842897257636825
2c876757f7ea5cb4020a34f5823753fe	Unassigned	0.6654363275165558
59dc9c718c573b6094a73f20eda5d1c2	X391_Actinobacteria;Actinomycetales;Microbacteriaceae;Leifsonia	0.9999999990541966
9386345d815abe81dd298a3e1c431692	X391_Actinobacteria;Actinomycetales;Microbacteriaceae;Leifsonia	0.9999999569073177
66e4140813a0152bbf39953eb0d809ae	ASV34d__Bacteria;p__Bacteroidota;c__Bacteroidia;o__Flavobacteriales;f__Weeksellaceae;g__Elizabethkingia;s__Elizabethkingia_miricola	0.9999999997299653
6238b7972b13c60a70f88c1a505fc168	Unassigned	0.6526171119676709
8ff9afdb06682cfe65774f066c5e305b	Unassigned	0.5293405590730738
e5801b81d5b43f10f76dd569d3758989	Unassigned	0.5951901499866866
a099b394e1c5bf8da4ea283c5f27fd68	ASV19d__Bacteria;p__Bacteroidota;c__Bacteroidia;o__Sphingobacteriales;f__Sphingobacteriaceae;g__Pedobacter;s__	0.9994308661290787
49fd491edb2b10af09e962dbe2ac5e09	Unassigned	0.41840498757681877
fdc5ac40ad4130866c633258e6886a74	Unassigned	0.689847198179163
9459f2dbc1e3c6fea1d54b87a226e786	ASV14d__Bacteria;p__Proteobacteria;c__Gammaproteobacteria;o__Pseudomonadales;f__Pseudomonadaceae;g__Pseudomonas_E;s__Pseudomonas_E fluorescens_AP	0.9999999898925012
b7f63072366a577caa4626e4bca680ae	Unassigned	0.8709805483182451
a23a991fa328cfbeccb431f390796cda	ASV32d__Bacteria;p__Proteobacteria;c__Gammaproteobacteria;o__Burkholderiales;f__Burkholderiaceae;g__Achromobacter;s__	0.9999900398124382
731ec83125faa6923143799043354c98	ASV29d__Bacteria;p__Proteobacteria;c__Gammaproteobacteria;o__Enterobacterales;f__Enterobacteriaceae;g__Citrobacter;s__Citrobacter_braakii	0.9989106170271563
57098acfce765c9cebe27f82dd811225	ASV29d__Bacteria;p__Proteobacteria;c__Gammaproteobacteria;o__Enterobacterales;f__Enterobacteriaceae;g__Citrobacter;s__Citrobacter_braakii	0.9991825246424213
0347cde5e19700b4b3aebbcc0d179053	Unassigned	0.714955693219353
d4920deed2dc7bb11141ab5a005620c1	X391_Actinobacteria;Actinomycetales;Microbacteriaceae;Leifsonia	0.9999999999997016
21b65d7758a89016cfcaa0d2f42ba620	Unassigned	0.7964117395240815
f45c23f160ce2c7838cfc5f81f929281	Unassigned	0.48411576519629407
ec2298ca6d2c8bee888bb02acf642e44	ASV17d__Bacteria;p__Bacteroidota;c__Bacteroidia;o__Sphingobacteriales;f__Sphingobacteriaceae;g__Pedobacter;s__	0.9738468182254129
825caca8edb2a68b3fbbfe0007fcd16f	Unassigned	0.6657405783740302
96e63f84f72e54ddf44347b7a6cf1367	ASV17d__Bacteria;p__Bacteroidota;c__Bacteroidia;o__Sphingobacteriales;f__Sphingobacteriaceae;g__Pedobacter;s__	0.978373469794508
7b83fa669788639c8d9233d67abff4e3	ASV5d__Bacteria;p__Proteobacteria;c__Gammaproteobacteria;o__Burkholderiales;f__Chromobacteriaceae;g__Chromobacterium;s__Chromobacteriumsp002213445	0.9997567304225181
358bb991c0dcfe71fc0b0cfa7a1646bb	Unassigned	0.3869977842505924
d2ce585b4dd84272b81bc54841cdabae	ASV5d__Bacteria;p__Proteobacteria;c__Gammaproteobacteria;o__Burkholderiales;f__Chromobacteriaceae;g__Chromobacterium;s__Chromobacteriumsp002213445	0.9994373705930913
4dd9496e3a29c55de062443f89464d65	ASV14d__Bacteria;p__Proteobacteria;c__Gammaproteobacteria;o__Pseudomonadales;f__Pseudomonadaceae;g__Pseudomonas_E;s__Pseudomonas_E fluorescens_AP	0.9999999978066256
b3c0f3e87f62678cd2141c7f9e7ffb85	Unassigned	0.8166063604917959
1b34ad31ff1cc3b400433f5d3304fae9	Unassigned	0.38519184722744937
c67ba62f34a05261ea7a810ff643a52c	X391_Actinobacteria;Actinomycetales;Microbacteriaceae;Leifsonia	0.9532437086036514
0da1eac693c3754cf65b9f79d131e90d	Unassigned	0.5833535176277741
c29b14cf7adec9828e5fcc5347ff259b	Unassigned	0.7426879052886233
69af461b736b9d599bd07a36279b3b38	Unassigned	0.5756530025328677
7c6090a2358e7bbf5b93399d3d2469ac	Unassigned	0.7265292310075595
f237ffcf3628b782a9c0a0770be6590d	Unassigned	0.626619842509948
cf783df4d1b270944e59426b723fd015	Unassigned	0.70152575230001
e253b4b57fa422a436c9fe4c133557a1	Unassigned	0.7917902128744263
06724c64dc55ad8666e4a556ec30eb35	Unassigned	0.4953870420896779
40e10eb3e5a09e63a3423c2f2a3a87af	Unassigned	0.7035240935283007
c7dc8bebbbfd2f15d122766be5e999f9	Unassigned	0.546187484410515
6400be98be706e381faa4df752eeba93	X391_Actinobacteria;Actinomycetales;Microbacteriaceae;Leifsonia	0.9999979192714978
7a4270b8e64b47ecbb82f6fbb20fc057	Unassigned	0.8026709798371172
7cbd067746b79a72d77334c894c4965b	Unassigned	0.8305383871410091
d03d0294b6af00712f0c49a368ddf7e6	Unassigned	0.604574759266213
516a67156dacfa4341327a7e2a22f877	Unassigned	0.630566130253575
dcceaf652a2b18635322394f2ba179fd	Unassigned	0.4827521806040531
5d166ba831037e5859b0b0bd308fe06a	Unassigned	0.8270728150671871
86748e6e46eddb955f6918863b3cf191	Unassigned	0.8070593937858025
69bc546696be4587b44d42357fbf1096	Unassigned	0.4504963418465998
d02559a592db02187fbe683e47f9f73f	Unassigned	0.6652581092744032
20f354aecf67b41419842d30054bd149	Unassigned	0.8116141236975587
db3dcd401b2ce8587652f35a8a24f965	Unassigned	0.7413181188600853
80b262ee204d270a0a38aee35d7def69	Unassigned	0.8474478773813695
9e904cff6750b080b4525d1268205d57	Unassigned	0.8510371905800926
28e8acb075191b73afb99fb5f81c2d29	Unassigned	0.48184274400890414
2a47f4655feeb963087a6b517e6e2670	Unassigned	0.7227853921031112
2353be58cd74b8511e4309c12217f197	Unassigned	0.7691829114700082
5a651a22882a230838a6d660d6893225	Unassigned	0.7429598128510275
8fd096f91f5347c314cc1c0c74a8189a	Unassigned	0.8399124779241485
0dd604b1f02f74e048f6035bd5d74c57	Unassigned	0.5427771757807813
4489da6a918cd400c5c9b00eab22de8e	Unassigned	0.4269289359984678
ee21d780b01752c888eaa2ea9f04a28a	Unassigned	0.5526714450532599
d0e9233bceee6fdaa974194755d0c553	Unassigned	0.4784663542550054
b171c668c53690cff1e4a5cc6c8a74f2	Unassigned	0.4385291038616502
506a79f67a608e118fe8f1718e5830eb	Unassigned	0.7276742676095505
2a1035ba286011d4a2fb57cc6b67b298	Unassigned	0.8270974197098874
df5df9e31307f11a5d6eaf4f8777431b	Unassigned	0.767202985381374
53591116bda4b35b6834b9121fca5834	Unassigned	0.8576040651244157
700e332637dd74540f998e7702066c1f	Unassigned	0.8776347319991404
94a3383a1ac62a256f766d8d8682bf4b	Unassigned	0.5764399903521962
20f46f61bd9e18e28449411f16962984	Unassigned	0.7776602753070478
239da0217d7ff2340a9eb6054cf21a8b	Unassigned	0.6883034405629154
25afedae76fa622d37e5268ae3628377	Unassigned	0.36609356205271704
cebba6c73cef6e9e701ca52746818569	Unassigned	0.8617645681976793
7b8d24913a75b335b6ce4656e7cd7eff	ASV34d__Bacteria;p__Bacteroidota;c__Bacteroidia;o__Flavobacteriales;f__Weeksellaceae;g__Elizabethkingia;s__Elizabethkingia_miricola	0.9999992183526203
1b028f0017ed18da48301ae220745e33	Unassigned	0.8144923856297726
97fcc7ec01d35e46f6b32477fcbdae00	Unassigned	0.7922063183242739
0e4520da52b3548ceaab6be6e72ff47e	ASV33d__Bacteria;p__Proteobacteria;c__Alphaproteobacteria;o__Rhizobiales;f__Beijerinckiaceae;g__Bosea;s__	0.7125121572100471
9c49c694a177e61ab5663cf5ee077b8e	ASV9d__Bacteria;p__Proteobacteria;c__Alphaproteobacteria;o__Caulobacterales;f__Caulobacteraceae;g__Brevundimonas;s__	0.9979382420412601
84b727433d65c35b587a93603eea0bcd	Unassigned	0.7435875750709935
e14e25ee353bb3c02fb53cb7d731e6f4	Unassigned	0.785098091226575
75b013e39fc4bbb4b382b4d32d391488	Unassigned	0.7100099631453831
476a71ed30ea779be06a73b4a373d6ee	Unassigned	0.815466563024839
eac245bcea55722dc75459f519afd172	ASV16d__Bacteria;p__Proteobacteria;c__Gammaproteobacteria;o__Burkholderiales;f__Chromobacteriaceae;g__Aquitalea;s__	0.9882255736449772
815652ecdf4b687a75c439e2315f24a7	Unassigned	0.7885581775487649
4551cbfb091ada1e3485be7cf83e7f1c	ASV34d__Bacteria;p__Bacteroidota;c__Bacteroidia;o__Flavobacteriales;f__Weeksellaceae;g__Elizabethkingia;s__Elizabethkingia_miricola	0.9999999998863558
7d7b6be14c95a8d16e2a8378ad7bdbe9	Unassigned	0.7286279402659102
eeb3b397fe9ffea6111a435c06e669fa	X391_Actinobacteria;Actinomycetales;Microbacteriaceae;Leifsonia	0.9999999959552213
d17ca3a25156abdab88fef95aa7e1246	Unassigned	0.45064265494192346
bb554cf19cdc5567a7919852094b56da	Unassigned	0.7707697105464589
f63719955c9f60951b7c5ee6f85df2e5	Unassigned	0.7655361963227665
dc6d7dfb13cc6a1d8c46a6dbd632937a	Unassigned	0.626236409606008
7384ce2a660c584ae6e37382f1d5c150	ASV34d__Bacteria;p__Bacteroidota;c__Bacteroidia;o__Flavobacteriales;f__Weeksellaceae;g__Elizabethkingia;s__Elizabethkingia_miricola	0.9999991974279775
6e42f4b8358f86b1889ed5a646a82b3c	Unassigned	0.8176082307231083
d5808d09182f4426c589fcee7e0f298d	Unassigned	0.770935744907191
5f774891f86fb87822f4d8e64b5ea98e	Unassigned	0.4594785087370876
7ed1dfd009b8f9b6e81276cbdcfb175d	Unassigned	0.8276355586839519
0022f6df4bd6d89591276d3a66e5deb2	ASV2d__Bacteria;p__Bacteroidota;c__Bacteroidia;o__Sphingobacteriales;f__Sphingobacteriaceae;g__Pedobacter;s__	0.9997435557133965
49f1f2893ba0bff898045b0506e780d8	Unassigned	0.8033290197501153
04bd3e066e3156c9694208719b10387e	ASV29d__Bacteria;p__Proteobacteria;c__Gammaproteobacteria;o__Enterobacterales;f__Enterobacteriaceae;g__Citrobacter;s__Citrobacter_braakii	0.9995002145414346
ee4109c1b283b492c8da164c50a65da8	Unassigned	0.839839139736609
91df77ba8d76fe823f1f0ec55c0fbeb3	ASV8d__Bacteria;p__Proteobacteria;c__Alphaproteobacteria;o__Rhizobiales;f__Rhizobiaceae;g__Rhizobium;s__	0.9666837910228944
87ace68671b521fa779b33d5fcf2b782	Unassigned	0.750269963439216
d6f2ddac620bd76e26a1720ab588ed6d	Unassigned	0.8382968984407888
8659246871bb817fa97d326aea48f021	Unassigned	0.7995425015506138
72aa4e686e95c39fdf6b8f576b861713	ASV11d__Bacteria;p__Proteobacteria;c__Gammaproteobacteria;o__Burkholderiales;f__Chromobacteriaceae;g__Aquitalea;s__Aquitaleapelogenes	0.9947650863788849
dff4c076933d5c2cd9e5a2223a68847e	ASV30d__Bacteria;p__Proteobacteria;c__Gammaproteobacteria;o__Enterobacterales;f__Enterobacteriaceae;g__Serratia_A;s__Serratia_Afonticola	0.9988218000109125
3f9bf7fe1e8fe37eb9a43a8f9b9419d3	ASV31d__Bacteria;p__Proteobacteria;c__Gammaproteobacteria;o__Burkholderiales;f__Burkholderiaceae;g__Delftia;s__Delftia_acidovorans	0.9998463465502625
e53f62a5475bb341c8c263eac9d5e73d	ASV17d__Bacteria;p__Bacteroidota;c__Bacteroidia;o__Sphingobacteriales;f__Sphingobacteriaceae;g__Pedobacter;s__	0.9685104772146754
90e9a0850f6219b0ea35797d4f4c1698	ASV17d__Bacteria;p__Bacteroidota;c__Bacteroidia;o__Sphingobacteriales;f__Sphingobacteriaceae;g__Pedobacter;s__	0.980674108216711
298665ce92838b548656b8d832f4bbf3	Unassigned	0.6736388372198319
2a9aa3572ffa26ff7ca91192dca30fea	Unassigned	0.6424671737728564
a085c5a31728c176711827f044f4d1dc	Unassigned	0.843897340084583
8d97bcadc300e2329f9414dc6ef600a6	Unassigned	0.679798894387831
6376ea6dab7d0fde3cd66f53b57e1484	ASV14d__Bacteria;p__Proteobacteria;c__Gammaproteobacteria;o__Pseudomonadales;f__Pseudomonadaceae;g__Pseudomonas_E;s__Pseudomonas_E fluorescens_AP	0.9999999258219702
e20fe16bdee3e67cf3113697a667b6d3	Unassigned	0.35532982801726365
5dd00fcaf3867f934aabfdf95010c218	Unassigned	0.5846251267658067
7557634cfd24d5549893a23056b5b76b	Unassigned	0.7153073327802059
46af0e8107d38b9a318c32d457b6ed75	Unassigned	0.7468023675667612
fac54fffc3590462dcdb5d93230fbb44	X391_Actinobacteria;Actinomycetales;Microbacteriaceae;Leifsonia	0.9999026975912778
0cb976ae172a93619eaa4d8e7fa8e7f5	ASV30d__Bacteria;p__Proteobacteria;c__Gammaproteobacteria;o__Enterobacterales;f__Enterobacteriaceae;g__Serratia_A;s__Serratia_Afonticola	0.9993455167995032
1e3aca9e980647400a3297db00d7e37d	Unassigned	0.7040221786247218
64d72f884cf5bac6269a63e1ea25be58	Unassigned	0.4601512054833221
72767c3837c14ece49f60644813bc728	Unassigned	0.5345843324082573
2a96e30662089614529a3c173fd30d32	Unassigned	0.7852833598810335
1dc3a7cd36625f81a603740de6b3160b	ASV8d__Bacteria;p__Proteobacteria;c__Alphaproteobacteria;o__Rhizobiales;f__Rhizobiaceae;g__Rhizobium;s__	0.9980896234719872
4cbd2c4a6b4d5cd57653b3ee1ddfd0fe	X120_Alphaproteobacteria;Sphingomonadales;Sphingomonadaceae;Sphingomonas	0.824176722901325
b11e4b59aa1604c47c2bfbe03ff47c22	Unassigned	0.428204119691726
ebbd9f0c18c63531539b05d4478e69ec	Unassigned	0.630228851155927
8a9a9e01bf6e8006b0e0d09ac8815af8	Unassigned	0.8217553532551674
8525fd32c54f0d22b7691be443545359	Unassigned	0.6298437870963324
9dc2262ce83bb57478559d11eeb535e6	ASV31d__Bacteria;p__Proteobacteria;c__Gammaproteobacteria;o__Burkholderiales;f__Burkholderiaceae;g__Delftia;s__Delftia_acidovorans	0.9995510710318658
167f95b0a662054cd7a3d0219ff58185	Unassigned	0.5233967864456042
5cba1d6886d33ba7b4a0d24fd1669ff4	ASV29d__Bacteria;p__Proteobacteria;c__Gammaproteobacteria;o__Enterobacterales;f__Enterobacteriaceae;g__Citrobacter;s__Citrobacter_braakii	0.9986401105491088
23bd044024010c3ba28e2542b98a22e1	X391_Actinobacteria;Actinomycetales;Microbacteriaceae;Leifsonia	0.996906919454964
3c9ff4bc2099584989317ebe912dffd1	Unassigned	0.8494896636252798
364622e9e167eb843010ea2d07e48f11	Unassigned	0.7830975181123799
97568f4ae213d47d3e371814150a0878	ASV11d__Bacteria;p__Proteobacteria;c__Gammaproteobacteria;o__Burkholderiales;f__Chromobacteriaceae;g__Aquitalea;s__Aquitaleapelogenes	0.9962253670299728
3d0900d06a19904ada0ab89f2d3ef97b	ASV31d__Bacteria;p__Proteobacteria;c__Gammaproteobacteria;o__Burkholderiales;f__Burkholderiaceae;g__Delftia;s__Delftia_acidovorans	0.9997970006701631
dde965346bd57a4a6f9e2f6fa4c0aa83	Unassigned	0.8741057570036493
89260e81c45ee31f2d88383c1557161a	ASV29d__Bacteria;p__Proteobacteria;c__Gammaproteobacteria;o__Enterobacterales;f__Enterobacteriaceae;g__Citrobacter;s__Citrobacter_braakii	0.9992789204852505
e2aea0fa02e190edf9173437cb4d5db5	Unassigned	0.7725227497676499
668f4927efd0f8907ff8195b05fe5868	Unassigned	0.6589690795529294
00cbf1fd808548476b82edfdfe6de701	Unassigned	0.8152937454176037
7ee6742393d7ba8b9bde826255f0d416	Unassigned	0.6788928845196045
df8cb2ca0282da246e5858c6e0bbff00	Unassigned	0.753602962851957
648652da769622f621d3dc6e0923c425	Unassigned	0.6923074040306151
77a18cf4399b2fb85888a1477b6e2cc0	Unassigned	0.8745566160577257
32464fb1e70cd25eb30afeb78b788e18	Unassigned	0.6998926354111843
63913d28474ad8ddbc45f00bf9236caa	Unassigned	0.7639818024017645
3abcfeeeec113607580ee462ae95622c	Unassigned	0.6326911315078861
e474ecb6328c3204d90352caab03481a	Unassigned	0.8559163603400053
72d1c6bd44ac03d0ee26c92adb441b06	Unassigned	0.6069139056551542
6de4a1e393c8766cbd095e2ddd4b098b	Unassigned	0.5343896548156066
b22c0957e9a1e451b7ce4dbbe81bc27a	Unassigned	0.6907452129363376
416ca68c1dba88792dc8946483ec77e2	Unassigned	0.8284193166106693
d030bbd1bbd2ae9635ee73888c8439bc	Unassigned	0.3645842128388168
b2de9c293754313a1a2dcf230b5e596c	Unassigned	0.7354266158753193
2283e5695ce944b1d4a1559cf0f0bd0c	Unassigned	0.8461539942698895
254b10262d57fc1661c17bd2d3001e3f	Unassigned	0.6999631332104018
3cc325920b581ece289def6c52c0b4e4	Unassigned	0.6680520147387429
ba109a1200af501d548fc46b820af4cf	Unassigned	0.7568860433759809
2cf5cd2b6ecb0de41671f77b05eaf30f	Unassigned	0.8073023411990421
0a08f2b19d75d09d7be558d2490ffd9d	Unassigned	0.4451073463320341
184a9d9332d47a842d76a8348ec3a3e5	Unassigned	0.8325915335669368
54e6d26853823ab8fe2e8df53c95adc5	Unassigned	0.724934560369022
15fdade975f5388f1783f31e222540c3	Unassigned	0.5709601691333666
35d987d7a387c10af407391e08fb69bc	Unassigned	0.8434010216074139
454b7e57c98b759ecc06f257bfafefec	Unassigned	0.8713473826240948
147e4c2e1b9f68f84d3ab0250b11caea	Unassigned	0.3567526816686375
8e7aedbf078f526589bb47ba805367af	Unassigned	0.8191126116694601
88ffcdc8647f7f004bcc0c9a9d905f6f	Unassigned	0.7057757467860484
889bb25a63adaa6a0468522b22dbbf92	Unassigned	0.7993370778781808
774741175e170875ba7ed5f78c528f4b	Unassigned	0.7814820436055802
3ec40e1f25d0957bdcb4727043ca7253	Unassigned	0.7762599279799955
653c11235a30a30af2f1f062123a25cd	Unassigned	0.8461727887433068
07a6e7f6f2fd6a7a6c426f7037dacd9c	Unassigned	0.7517404119336015
4d0a337d5019cee3006a98057ae88db6	Unassigned	0.8638824680108717
eb4a40aa013fcf41f231a63cacbb4876	Unassigned	0.6795321835173795
5909b0368851f216a9b6f3422be389ca	Unassigned	0.6237462947146883
2cd0c5a3c23ba7805f76cecd05161c29	Unassigned	0.8044994757202839
1f7e61e3085e5a92d9a132d14e7d55ca	Unassigned	0.5482649526025365
833576fdcac1e3091cdfb4a2da9468ed	Unassigned	0.8424221998120212
0efee490fdceb34a186af754529649b5	Unassigned	0.8219477107454676
5e4000c491ac2e1bd07825beb1a6b7eb	Unassigned	0.8041988335196903
641eef0421421a2e7a0c674479de4c74	Unassigned	0.5818711956041527
040754020d871dcff8b11e7960685674	Unassigned	0.7645895047602167
347de2224c6c289aaa976c0ab8eeab71	Unassigned	0.5737985432545656
b27573c14b42fa478915228295e11eb9	Unassigned	0.5873112747860538
04871cd9157ae2eb96b857ed6d5e43cb	Unassigned	0.6821522621389982
4f76561e37cb8eb90458b31ed146a902	Unassigned	0.8787187413546343
ff3350266161773c15f8f7a9024a3a19	Unassigned	0.8403273073935387
7fe430a0cb83f4964a1dcd1d7fad6abf	ASV33d__Bacteria;p__Proteobacteria;c__Alphaproteobacteria;o__Rhizobiales;f__Beijerinckiaceae;g__Bosea;s__	0.707928539733075
514677f24cb0a0813df01ee7dca6743c	Unassigned	0.7273372532217979
9ad73e3a7df20898ad33a84b12d99ade	Unassigned	0.791992542458414
34a592f733e513ad16becf1ae31ecd07	Unassigned	0.6645256410778574
53f859f5d721682e43674e71a14dd21a	Unassigned	0.8747058940206407
06cdfa49550984ba28f33416d6800f0a	Unassigned	0.8202779587581754
2d43cf7ebefbca687acd016447c95f8b	Unassigned	0.7378912413444854
aaeab53dd6dd54a93bac5b4d4102eb7f	Unassigned	0.6373702818319047
0772fb4a6563594cb17413a2809c3078	Unassigned	0.7093328858757515
1864bf28c9162ecf9c0fabd42e56e26c	Unassigned	0.8861211590788164
fe79cd3824b2119fc26bb5113aaa287c	Unassigned	0.8147915338808377
542bb801b1d20bcace5035b2cc25a949	Unassigned	0.7423763299706083
cdd38893c47de5833c43344d2f8d4e0a	Unassigned	0.6171762470183679
a7e0dc1afd67195ff0cb88639bec0353	Unassigned	0.8544696823870555
e296e64de3f9d2cc074f735e4bb5600b	Unassigned	0.7722732657754557
229c331083cdae89850f6797cdfb181f	Unassigned	0.6701974600684382
a7b58278e1849d4ae5756b0c5470ab49	Unassigned	0.7173167232982719
84206394b30356653bf09558ded3b461	Unassigned	0.6872576457206578
1040d72ae4eb31c6f635be57c304e4ac	Unassigned	0.7057313792199282
b2905fac12eadd88555be3f1556c3db3	Unassigned	0.7246667854251236
e638e77ffa2baeb63ce6da98bfe26d22	Unassigned	0.8205981847822585
54800eeac6c55068bdd4c1bb5a2d77e5	Unassigned	0.6606782888952887
7e7ef92c37b5a823802f770401c34484	Unassigned	0.8504724684583829
e8138661f4a047723b09d1e92e265302	Unassigned	0.8354912738290745
c965276db86015e82a0a8e99cb248896	Unassigned	0.8767506879316331
1709e331d18ccfe7c8ca2eeec77f05e0	Unassigned	0.705717056602136
4035683eb64e9b7e919d9efb4a95c804	Unassigned	0.7432419547000425
d480b5ac1abee8307998d235b8af6654	Unassigned	0.7741521260979556
656648d5165aaddc886022a87d24489f	Unassigned	0.8642601046114092
f6014198547124b4b8a2a92c08bae01f	Unassigned	0.4936314172061149
e060db7e04fb15fa1f4bd6ea566c02aa	Unassigned	0.7419216741611814
eb053a9461dd524f67ab18ce1fad6954	Unassigned	0.6767623923544726
a40ff970ee41c7820bf4a8c1fe814907	Unassigned	0.7265128323564283
5563044944c18a56cf97756b2931fdb3	Unassigned	0.7739373072821762
8cf7b1f3644051f8f0696aa8271a0b24	Unassigned	0.6320063287669977
923772a842d1059819081813f1620d7a	Unassigned	0.5008866573411481
e27a499636c1d2ab81a68c3dd1311f88	Unassigned	0.583679172729465
d2babfb333d29fce0467a5075c22de13	Unassigned	0.7061338658290878
9c3b49832e21caee912894d0797068c2	ASV29d__Bacteria;p__Proteobacteria;c__Gammaproteobacteria;o__Enterobacterales;f__Enterobacteriaceae;g__Citrobacter;s__Citrobacter_braakii	0.9989753769957354
15a3a3c5aa92e79fa62844a514014c83	Unassigned	0.7576707172117207
ed81815edc247c4b97dede0138293749	Unassigned	0.6715865900913762
dff85229e64cd4beac736b49cc5ac56b	Unassigned	0.7157705179696667
8465edd33b30b026883ac34fc86dee07	Unassigned	0.703918329294065
ac236870210d426e517d94f2223cbf11	Unassigned	0.4940940097584984
f93c192b3f8184ac914b43d868ecb3b1	Unassigned	0.3997971772743102
6eb262925e6dad40fb62594e748e59cc	Unassigned	0.672394264976198
036bae9fb0add9deafbbfdd0a1765239	ASV33d__Bacteria;p__Proteobacteria;c__Alphaproteobacteria;o__Rhizobiales;f__Beijerinckiaceae;g__Bosea;s__	0.7455852241027413
dbd6d535c353b452ca4bdc1289083769	ASV2d__Bacteria;p__Bacteroidota;c__Bacteroidia;o__Sphingobacteriales;f__Sphingobacteriaceae;g__Pedobacter;s__	0.9995987866042491
190c63af2ce767fed6dc6fc6d10ea8f1	Unassigned	0.5506289674003824
6226f7a6c8f8105b973c535aa35ecc58	ASV31d__Bacteria;p__Proteobacteria;c__Gammaproteobacteria;o__Burkholderiales;f__Burkholderiaceae;g__Delftia;s__Delftia_acidovorans	0.999627473463876
b02d987925e3f08d1046a83ccd66b860	Unassigned	0.844566682807709
a595c5eef3c2dbd793be9a5440e42a69	Unassigned	0.7340103895750261
0954266f0e5773c1ebd348e300073400	Unassigned	0.6635453031831318
919e6bba69510386a1bea1f68642254a	Unassigned	0.8128076071727205
5d3a3e3d535cf077d0e7304eea0153d4	Unassigned	0.7274675050251653
1d3c99cabc99926cf6dc4cbb5a615407	ASV9d__Bacteria;p__Proteobacteria;c__Alphaproteobacteria;o__Caulobacterales;f__Caulobacteraceae;g__Brevundimonas;s__	0.9920740373748338
b9bc2762d1e85ec8666bbfe9983254fe	X391_Actinobacteria;Actinomycetales;Microbacteriaceae;Leifsonia	0.9999988997915151
d37e86cb847400e597577d2eebc194d3	Unassigned	0.7393915572960137
956290465e6b3f3c2559cfd56d7a4536	X391_Actinobacteria;Actinomycetales;Microbacteriaceae;Leifsonia	0.9999611321141068
2b0765a2fc8d7ca6035a2a649f578111	Unassigned	0.688449981775054
4bb6f5b037ee05726bd65a72b4eadb17	Unassigned	0.6569582925360459
8a8d335849e918565bb8053b85c7101f	Unassigned	0.773339249064723
5b065cb6eeb301878e74b7b8be5451e4	Unassigned	0.8427638550117372
e1f307021295ac5cbeb1cbebd2aaacc2	Unassigned	0.7482695950921179
1ba088541c612f3f7c55ec1d061c8f15	Unassigned	0.7739244289786349
028b789af3b85c22b1750d3cbeab541b	Unassigned	0.6211428065155392
2a66214320864a1e2d28735e76d5afb2	Unassigned	0.7637005486079155
ff49a864eb04e34b3d505b46f46b4417	Unassigned	0.7786693619557606
4e7ae4d4e3d3752bb6a77bcb466917a4	Unassigned	0.617955608190807
19a75ae4e340f6757eca285fc1929920	Unassigned	0.8853280276315569
049ba5fb47be815fdf1b6bc4e1a91c8e	Unassigned	0.45519681002180823
8d07f06eedb75298aeb4a9778edc1673	Unassigned	0.8035205791940269
dd635ff4a875c3744ade680ceec8aa1d	Unassigned	0.7594842093620711
74f33c01d8e672d8792283755284a455	Unassigned	0.7006415094019824
6974491677f983d00ba7b35a1fa400d1	Unassigned	0.8578896897441799
3f3777347411091989ccc46f9efdf419	X391_Actinobacteria;Actinomycetales;Microbacteriaceae;Leifsonia	0.999999909895824
ea60638f9057ef506db0120b45f7cd16	Unassigned	0.818436312846778
db66071d30f1e311d4458035a349d027	X120_Alphaproteobacteria;Sphingomonadales;Sphingomonadaceae;Sphingomonas	0.9999351527396607
96d56095c598f631eb76a9fce689a3ce	Unassigned	0.7495302987283362
13727ea14fd61ea4eb2f6e8cbc77d9ee	Unassigned	0.7652856928311198
71aa1c90b45f161340628331e312d410	Unassigned	0.683716384163314
512b99e88c1c3e14215e3f6a802928c7	Unassigned	0.3952739658919867
eb9bd2046e5dc3ee7933fe8bd76dba29	Unassigned	0.8840242581458638
5befe70d53b5e2da71b57d3714cd1f4f	Unassigned	0.7900476468092056
45b3ded3019248ceafb684178f9c1090	Unassigned	0.48030557591325174
fa8bff4a139763146c62c62e8b5469b8	Unassigned	0.8440250447609108
24945f0239ca7d1e5291a3adfd9687d8	Unassigned	0.8097629757037377
473f657437591df52ea7e6814d733a45	Unassigned	0.572813926638943
a22c8ef72659b99e76dd5d4ec6b37843	X391_Actinobacteria;Actinomycetales;Microbacteriaceae;Leifsonia	0.891308337539369
5e686147b60f1a91032d4127545970b0	Unassigned	0.7669760999789319
55e7ff3f497fc0b941baf0b0d7986e0a	Unassigned	0.7635094179821076
18cbf98169112a4ca0a4c9c2c3d044a2	ASV8d__Bacteria;p__Proteobacteria;c__Alphaproteobacteria;o__Rhizobiales;f__Rhizobiaceae;g__Rhizobium;s__	0.9999999086538807
624479ef2585f55ab58db90d4df8cbda	Unassigned	0.3586505159325456
b3ca2ddc733a3886e5c6eb533dce83ab	Unassigned	0.7868276584253855
ddb6b5a1ba60931b43c2fcab854205c6	ASV17d__Bacteria;p__Bacteroidota;c__Bacteroidia;o__Sphingobacteriales;f__Sphingobacteriaceae;g__Pedobacter;s__	0.9443847754226973
9d1656f5a8335e18ed67b6504a142ae3	ASV5d__Bacteria;p__Proteobacteria;c__Gammaproteobacteria;o__Burkholderiales;f__Chromobacteriaceae;g__Chromobacterium;s__Chromobacteriumsp002213445	0.9981880601863071
0d9a28f1360bd5d31fd09c1a519b5b78	Unassigned	0.698107344296274
6d31a776348bb2272ba1e470fe2b309f	ASV31d__Bacteria;p__Proteobacteria;c__Gammaproteobacteria;o__Burkholderiales;f__Burkholderiaceae;g__Delftia;s__Delftia_acidovorans	0.9983945303312912
85c6af7d1641c72126c295b7c99c403c	ASV27d__Bacteria;p__Proteobacteria;c__Gammaproteobacteria;o__Burkholderiales;f__Burkholderiaceae;g__Xylophilus;s__	0.9945570096159418
b6c552437b69d2077d9582a208b45342	Unassigned	0.8653345355409264
edc9df66352073fb81bf81e73a134a3d	Unassigned	0.8666142208369974
617cd7cba60cdd0acb72011e97dcd94c	Unassigned	0.7948393262192668
cb4fea4c56909d434dbf4d4a16720e38	ASV31d__Bacteria;p__Proteobacteria;c__Gammaproteobacteria;o__Burkholderiales;f__Burkholderiaceae;g__Delftia;s__Delftia_acidovorans	0.9997475244559223
71de488526520afc156b6921fb5ca782	Unassigned	0.6530765480455352
0561a0814b88af350bae987d7e1919aa	ASV8d__Bacteria;p__Proteobacteria;c__Alphaproteobacteria;o__Rhizobiales;f__Rhizobiaceae;g__Rhizobium;s__	0.9999989016643048
3d34212dd17f6ba5f6c1b7e818204592	Unassigned	0.5918438115438078
8dfe4036dfb238c87edd61b3216a98f1	Unassigned	0.7179064842941569
aad2278040f100284c2b64fc894918b7	Unassigned	0.6750485395953449
0221b6686b621e5c2704292811525e5b	Unassigned	0.8348482730175397
bc9fe3e882737c6306fe3b2ff00679d2	Unassigned	0.5548039277685082
141dd32479869bea0c1c2d9b5eec8e9d	Unassigned	0.7914228442579647
85df69bd4d415a7b6c3144f41eb3777a	Unassigned	0.8077771500109494
58a4b0f3c19aa7a65cbf52c37e7b4048	Unassigned	0.8145392004547277
fc21fe7f3dd3b74e196bc4d66364e4df	Unassigned	0.5317938064450924
c506bdca62632b6017e96a0478429bab	Unassigned	0.7905377891521825
8590cbfec4f8460db7c93ff91b63d465	ASV33d__Bacteria;p__Proteobacteria;c__Alphaproteobacteria;o__Rhizobiales;f__Beijerinckiaceae;g__Bosea;s__	0.7489936396151045
69a3ed0b8486543e55fad1e8efc9f55f	Unassigned	0.7922918518132751
212bad8ea6ed024789c9c6a35734cf2b	Unassigned	0.7773657763398167
980f3e6b41cf441af26200fa6dfbcd23	Unassigned	0.7233516362690326
2fed6d564dcdce3458b62a7108b7b10b	Unassigned	0.36545603539952676
d7459e1546c4df02ba9d589c8931fe0e	Unassigned	0.8820210258888083
5e23f4144d5a3144a51a42309dc4955e	Unassigned	0.6018020630117512
8116520d26b60ac076f4ecb5fc722f9b	Unassigned	0.692862935788018
d7b0aa8230dbb21c06aeb9932b5b1206	Unassigned	0.8363791304252346
63bf93fe481fb702ede55e103cc2eea3	Unassigned	0.7435405067395642
0828d49fdfbae25446967e3d9f71cdd6	Unassigned	0.77220379668118
b20554a7e4dea36293316eee4c7fbef0	Unassigned	0.9053048382598696
681184b56c8b119bc2e164053d56a922	Unassigned	0.5247819224921504
7fe4b4a1035f83a81090a6d956876444	Unassigned	0.7891224693401151
5477b0a8e2dba045f6b86c3618913ded	ASV31d__Bacteria;p__Proteobacteria;c__Gammaproteobacteria;o__Burkholderiales;f__Burkholderiaceae;g__Delftia;s__Delftia_acidovorans	0.9928511144472034
89f43d1c8f0336df215c3a2333f40453	ASV8d__Bacteria;p__Proteobacteria;c__Alphaproteobacteria;o__Rhizobiales;f__Rhizobiaceae;g__Rhizobium;s__	0.7373993804884145
5a8b971869d58bdd52b415650578c909	Unassigned	0.4688494378239355
fa25e9da596cbf6df6953b324a36835d	Unassigned	0.8592206120979284
5b16f4499d867236a661c90cbb9a09dd	Unassigned	0.7451306840494518
9aecda2dc858ae53255af7fde27f1b03	ASV33d__Bacteria;p__Proteobacteria;c__Alphaproteobacteria;o__Rhizobiales;f__Beijerinckiaceae;g__Bosea;s__	0.8773241430359106
92331c8e63bef675275aace61e53143d	Unassigned	0.7699653599086781
5bee470eacc6e1db71fd1315547c195c	Unassigned	0.38745596543530825
56d20adde1e03bfc6c5e7d0efd27ada9	Unassigned	0.8119125213049149
ebe0505a38db0c87b2a00bdd13fac1ba	Unassigned	0.7728050261535941
6eb6aeb396804d36bd2d59cb34fa0328	Unassigned	0.7598669531705938
6d21cb91636db318698b6f0ef0dcd075	Unassigned	0.5171852236301699
9f766e02240f879f6ef238692d54f0cf	Unassigned	0.6857245604088612
063073f3085d89d0e4350f47dfed3bb2	Unassigned	0.5464614784752122
13f6667a4256a9480a5e6651bea1bcb2	Unassigned	0.7556943344767726
edae7a13c2a2bd0021fb8e0a14259080	Unassigned	0.7490563093274759
e5c53d32947d6724da9f555b1c62765c	ASV14d__Bacteria;p__Proteobacteria;c__Gammaproteobacteria;o__Pseudomonadales;f__Pseudomonadaceae;g__Pseudomonas_E;s__Pseudomonas_E fluorescens_AP	0.9999996569465301
ced17d8f3b2fd5393a63c7b6dbaaecac	Unassigned	0.31556300199202614
44ff6afd976558ad63e4238bebabd98e	Unassigned	0.7680291286328947
ac13f53db299f6657c4f5348073b6d5c	Unassigned	0.746394160910602
67e2bded1718c18e2ef617478fee9162	Unassigned	0.5487481223511238
48108c291064f155ec97511490521894	Unassigned	0.42269056334044597
4de9b174b835b38460aaa43436ec2ccf	Unassigned	0.8910154878480401
b33de084e7ec52f485c7f640cd92fd84	Unassigned	0.7410875971680224
5717c66809facac0ecca7067666d095b	Unassigned	0.66635579900194
c02127a73c06f274958c3482a3d1c966	Unassigned	0.5060388317579315
44d6b852950ad66463e703a7da6384bf	Unassigned	0.8744704895454742
6e6d9092955c08ff89afee4ce0345347	Unassigned	0.8205306595122634
09c233ce32af7144d4f4abde7c21363b	Unassigned	0.6375443542161866
a6378f7e7e937a95b9ec99d7e6bc6d9d	Unassigned	0.8022818726164391
4c5f9850f626d30a6fef81140ce08502	Unassigned	0.7700138194493994
e20698997062edc945c36a1287d68729	Unassigned	0.7264532851056695
9814f1560310827328133aa15dc3dc89	Unassigned	0.6180471249133405
1081b43e921defb24142140472e961e7	Unassigned	0.8415648084509251
61840ef2aee0d38c3ba5819a0bce72c3	ASV33d__Bacteria;p__Proteobacteria;c__Alphaproteobacteria;o__Rhizobiales;f__Beijerinckiaceae;g__Bosea;s__	0.8684450161009007
dcd8edc756667e86be591bb52f766204	Unassigned	0.8506265831485036
72dcd267e95e7fe7988353bbf61b40b7	Unassigned	0.4431931495085468
49be9259edda93814a2a91c2271e935d	Unassigned	0.6806510133998497
57869cdcd1c909fbea2107be0858aed2	Unassigned	0.46806624744426684
749a071745dfaefa91c7b6a7be38fc48	Unassigned	0.7682814317603501
fb34c044f7e972e476c53e7ce3c65991	ASV30d__Bacteria;p__Proteobacteria;c__Gammaproteobacteria;o__Enterobacterales;f__Enterobacteriaceae;g__Serratia_A;s__Serratia_Afonticola	0.9809810688793297
e94930c292246a888e1dd27d8a65babb	Unassigned	0.46140741553692766
72cdfcbdf557344ee23aab6d68911ae5	Unassigned	0.6676186112600033
7e3dddc774435eee39101c0a4daf661d	Unassigned	0.8007493353168499
4cc23c5deeb0915236c171febe938310	Unassigned	0.5053270549386638
d1d52d0fa0e65c67e7926c7f1c3cd8b3	Unassigned	0.6018037551411085
841869beb1780ef914f643b030b64fd1	Unassigned	0.46602693729426514
d586a0af76e0f74a19eb524442386589	Unassigned	0.6363521100674124
8e8aeab386b3621b3cbb818fac4ce43b	Unassigned	0.5862614711261047
d5485dfad9e9e233ba9eab41435e8f2a	Unassigned	0.8059477483890136
a55501fa522b282a17cb6ce8c450962b	Unassigned	0.8241184309343883
83ec8e53a44af6948f11de3c542fdedd	Unassigned	0.548264274826805
c6cdb4d7864a2701adbc656796d1fdd7	Unassigned	0.7537589190627703
87b1c514c05c695976ab3420a6e3d424	ASV21d__Bacteria;p__Proteobacteria;c__Gammaproteobacteria;o__Xanthomonadales;f__Rhodanobacteraceae;g__Dyella;s__	0.8594985761984952
37fe3fad7420165541db7044ca47ad26	Unassigned	0.8369043706665577
3adf06de813882757d26d30cef0ada57	Unassigned	0.7191743425300472
aa3501657f0c001eb95ae88ffecbd418	Unassigned	0.80806616813851
deb67743837e7ef544d4ed2ddb3018c7	Unassigned	0.7186881134598994
9908fffab7ed4f3bec44cda2f5084d49	Unassigned	0.6265160786727836
e32b5c8629f42b5a5458ae66870ec98b	Unassigned	0.7856348570464755
309cd01290f62db637bcc83a1c174bfd	ASV27d__Bacteria;p__Proteobacteria;c__Gammaproteobacteria;o__Burkholderiales;f__Burkholderiaceae;g__Xylophilus;s__	0.7795979970471014
4a6a416bf25099bc30d4a0bdc4fe4494	X120_Alphaproteobacteria;Sphingomonadales;Sphingomonadaceae;Sphingomonas	0.999991550009515
552318642f5c513c24151b358c662f8f	Unassigned	0.8492740645317711
ca9a9e9f0892c91cbd271532989e3fd8	Unassigned	0.8070591213422182
261dac34f21d1985e9a3685f5fdaa116	Unassigned	0.7374145088962216
356ba7d66e9e8d21d8c32c87f12bd02b	Unassigned	0.8493174059994573
a71cf09d21bcb683196af87ef2b17038	Unassigned	0.6394067845141516
46d04f365456a1316d0ac0f9fa6ec55e	Unassigned	0.7848018628143489
d9d2b606003472f6f79e6ff2c3196b1a	Unassigned	0.7956521354344112
458e66eba7ad9552ad52b21b27026f7b	Unassigned	0.5788141440454402
49d7d25ae63cf174c2a165ff3c44c9be	Unassigned	0.5654183572669893
dff469141041ec0004a96b342aff9c1c	ASV32d__Bacteria;p__Proteobacteria;c__Gammaproteobacteria;o__Burkholderiales;f__Burkholderiaceae;g__Achromobacter;s__	0.9998659880717969
4df425f1f4b45835366942dea7576f18	Unassigned	0.620931731320166
e73d902276fd83005f58fb087e7b401f	Unassigned	0.838870708240411
eea5ab23a0c9e3a85b6aec04a7cab41f	Unassigned	0.38371374983665685
1e00070f74d5ae54f37c66c9de37e7af	Unassigned	0.7569596483573602
555542305feb71432e886b46b8085c2f	Unassigned	0.3301586568896644
137ead328f1cf2ec874749a62c7d8356	ASV17d__Bacteria;p__Bacteroidota;c__Bacteroidia;o__Sphingobacteriales;f__Sphingobacteriaceae;g__Pedobacter;s__	0.9472263500729401
109446eb315c92d2972c8f7a04cc0c60	Unassigned	0.8265264366818168
fe333accef2c645b24afd492246dff3c	Unassigned	0.7462008782292673
7e5f83ac3d594ed58f0c4c4823fed61c	ASV31d__Bacteria;p__Proteobacteria;c__Gammaproteobacteria;o__Burkholderiales;f__Burkholderiaceae;g__Delftia;s__Delftia_acidovorans	0.9997501796312501
e9e6a73cb5573a76d5919a24710a8d78	Unassigned	0.6918219078899002
7fb139714154dfdd7bed2f8568bebf92	ASV33d__Bacteria;p__Proteobacteria;c__Alphaproteobacteria;o__Rhizobiales;f__Beijerinckiaceae;g__Bosea;s__	0.8355716704692827
1bdf92a4155e410831f38325e2ecdee1	Unassigned	0.8022624380336778
f13dbb9461dd8bdd5002b2175e18c0e4	Unassigned	0.7129412789197284
ec516453bf4c6b62a354c575ad6b4e72	Unassigned	0.811022851934
28dbafc8eaa3b8280e653229c5667124	ASV34d__Bacteria;p__Bacteroidota;c__Bacteroidia;o__Flavobacteriales;f__Weeksellaceae;g__Elizabethkingia;s__Elizabethkingia_miricola	0.9999999999406981
af6215fddbbfb16e7bc91450e59c850e	ASV21d__Bacteria;p__Proteobacteria;c__Gammaproteobacteria;o__Xanthomonadales;f__Rhodanobacteraceae;g__Dyella;s__	0.9934200631674096
ea70c530eded0bb9f4a90225d00e797e	Unassigned	0.7279043268223446
7a18a58e5e958c8c4ee4fd12efc7bb33	Unassigned	0.5759281526522007
f89f6390a7ef0132ea7ff9cd0a9bc7b6	Unassigned	0.720193600206335
16c006d2d7c38258bea8f19d2eff7ebc	Unassigned	0.6982973132912376
ec9a7c7c35be80dfd4deb35c3f1451eb	ASV31d__Bacteria;p__Proteobacteria;c__Gammaproteobacteria;o__Burkholderiales;f__Burkholderiaceae;g__Delftia;s__Delftia_acidovorans	0.9970139934853124
8534f0e47b6942447cb97233578aa07a	Unassigned	0.7600538588343548
69179c4a6011d0c9d30036cf18626520	Unassigned	0.584630944207466
27a0b04a98b1ae044bf576be9a44612d	Unassigned	0.7811954741953067
b698d94f0b21f920134ab59926a1f71c	Unassigned	0.8002924472020942
7e2891ab560fb926d4cdc77f5adf5106	Unassigned	0.67820976701143
e0839e0c7c65812dfbc9f0be3abf3a01	Unassigned	0.7864268282055475
b26f5782b08cf9fff98845dc7872294c	Unassigned	0.855004778457756
178b3f218027e21aaf4cd62563984f80	Unassigned	0.7471475510580371
737a916ee0f2cb4aef5ea13fea32d338	Unassigned	0.7793802550378444
3e5be1156a907eae060749d9e524d3ef	Unassigned	0.6059758252316347
84d8e06390f2ac7e103a1b5168c3b894	Unassigned	0.6019138410180634
2c674dd5dcc493fc0bad82c12f46397e	Unassigned	0.4273483260452009
1ad50f5ceec4c2b925b7d678d0a93ef6	Unassigned	0.7711446658239689
efbe1f58b1e2984ddc53a64f047d94ff	ASV7d__Bacteria;p__Proteobacteria;c__Gammaproteobacteria;o__Burkholderiales;f__Burkholderiaceae;g__Herbaspirillum;s__	0.8446793966829332
0ca46701a6e42c27cf06b2a13156955c	ASV32d__Bacteria;p__Proteobacteria;c__Gammaproteobacteria;o__Burkholderiales;f__Burkholderiaceae;g__Achromobacter;s__	0.9999838984550421
ac661348611b65235cbb40da1c8c8eac	Unassigned	0.8457442945209047
fe342438281b73d2fe465b1135b64a24	Unassigned	0.7035285506071971
f541704ea9e39b0efd1fde4a706ac2c9	Unassigned	0.8169036241532444
f77e7a8183c39f85b5bd6302fe58a1d8	Unassigned	0.6405593820074256
5d97eb623855208e19004bb41db25be4	Unassigned	0.6351831320702512
482fa873a7698b19c04f4786020e2fbe	Unassigned	0.6872556613750479
1cb271d0bfce98dee57675caea8c448b	Unassigned	0.7954312343296738
5271e5e34a4776b4e469f1262f71451d	Unassigned	0.7734064702796156
6882745065b0226b49d7188dae5e60b2	Unassigned	0.480044682514264
bafd9b2c7aa62c4947efda04ec98c239	Unassigned	0.839636502281474
072826a5b7ca9ff29216ebddb5f66c5c	Unassigned	0.7806881624780249
fc37b9297d14e140a670b3a8c00cffd2	Unassigned	0.7850501133248371
9ccb28c665fc4d2cefff059e0ea9f255	Unassigned	0.6802922571797881
d7a705fa3b67f54dabcc13760646acb7	Unassigned	0.8715033774080803
17ed6ff8aa389351dfad2fa159b3246f	Unassigned	0.7750384884911419
d516bf1e4ab74743576e73b46807913b	Unassigned	0.8103791832460701
8bd7162f400e0b1a701d1f9b70d98f2d	Unassigned	0.6713092923259094
4e138ba31749b43e51c5158e9ab1d53d	Unassigned	0.6203336540660662
c73e9c49733bd192ba5b13b954d95d4a	Unassigned	0.729132170941583
d575934af0aeffa7d063d86861f27b79	Unassigned	0.8374537259263827
add2fa95ccd2ddad4d3f86ec470cdd59	Unassigned	0.5878816115425923
88bb92d007d3ea60a347e763b558ab75	Unassigned	0.4742243286033708
a6dd05d22af1eaf142f6a9fb6731d32f	Unassigned	0.7273297298103611
8d56aeafc8fc75d96cc50015271b3a22	Unassigned	0.7777880877952242
bdb31af92b80d17aa6e1d1441cbe8455	Unassigned	0.7055609839115292
5392a263cea87aa5f43d3262bdfb2017	Unassigned	0.7325102237499
c0d32c02a9f21767a54b90a388c72c97	Unassigned	0.7642078018833642
5fdc335ee10dd4abb9ce9dd288ee9fa5	Unassigned	0.6919740826976973
4a8700005ea4517aa427d8a5f49a009b	ASV30d__Bacteria;p__Proteobacteria;c__Gammaproteobacteria;o__Enterobacterales;f__Enterobacteriaceae;g__Serratia_A;s__Serratia_Afonticola	0.9985031261054929
103db012b28015f33213b1a8c3164151	ASV14d__Bacteria;p__Proteobacteria;c__Gammaproteobacteria;o__Pseudomonadales;f__Pseudomonadaceae;g__Pseudomonas_E;s__Pseudomonas_E fluorescens_AP	0.8812626727615818
3fa5fd4f5f7c8fa8a19eb8cc7f2e784d	ASV34d__Bacteria;p__Bacteroidota;c__Bacteroidia;o__Flavobacteriales;f__Weeksellaceae;g__Elizabethkingia;s__Elizabethkingia_miricola	0.9999999997299653
c8d86d882062043ec541b241737692f8	Unassigned	0.6866977868116453
355c6f5375616c112e39bca02223b774	Unassigned	0.607735565955591
d369f07288b3d916f970101fccd86d7b	Unassigned	0.5152770362488261
823c7674c920f9d44b84fe0fbc3ef949	Unassigned	0.7698764961744975
4f9813ac83474611121eb7ab7d258618	Unassigned	0.865038137151817
d466410e3ca47cd18e78062a923b2fb2	Unassigned	0.7735694055339967
2c4232920a72c334833ea913284f2ae5	Unassigned	0.8319684280811677
a4e221fcc7ada5f5adc5743eeb1f436d	Unassigned	0.7705834914394426
a775674876be91780791d4229edf55e0	Unassigned	0.6886195930039343
fa73e93a12bf6204dbc34cc5dbcb83c3	Unassigned	0.810488319041724
76f4a2092e80ddbd14db8c041a5616f8	Unassigned	0.8470533817437306
819fa935c9ff443ff9350d08fe3069c6	ASV11d__Bacteria;p__Proteobacteria;c__Gammaproteobacteria;o__Burkholderiales;f__Chromobacteriaceae;g__Aquitalea;s__Aquitaleapelogenes	0.9939735474710581
a418b10c66e4bb019da81870d5080e45	Unassigned	0.7734365159675641
b1c745fccebd39b4612a6e5847f83131	Unassigned	0.7968931889661026
6a83372b00f9d01e9900265daeaa313a	Unassigned	0.8363957800348509
da8bfdd0e885bc7e709cf3c713aade44	Unassigned	0.7657821763183096
4e3fa1e550df224b256c33e8d6438775	Unassigned	0.6946425628860615
a24c3a1fcb309e181f18983d6c734544	Unassigned	0.5330888138170681
d91116ecbadb980bd97f5b1fd3394058	Unassigned	0.507245609452861
8593e0f101e40ebc1102249674e0126c	Unassigned	0.5179091142184928
ce13721c034a9cddaf99bffc2253c1f0	Unassigned	0.579284509959202
d2a95d1036a7d16e4c1a21b96070dc8b	Unassigned	0.6647042425064029
ec6f051dd344877ff3e048a649c5655e	Unassigned	0.7661931032445868
6f58b53527edb06020588193626139bd	Unassigned	0.6396091953342529
92e8bb1df22da96d0a5c24bb42da144d	ASV30d__Bacteria;p__Proteobacteria;c__Gammaproteobacteria;o__Enterobacterales;f__Enterobacteriaceae;g__Serratia_A;s__Serratia_Afonticola	0.9177686385389245
3f0b66373492ac4c5874f1330ba1efee	Unassigned	0.823139190163569
5b38ced914726199691bf8ddaa8f567c	Unassigned	0.6863081441648727
33ec9204b6a4cc71c51f973e9b2a5a62	Unassigned	0.8321696224544383
4b5684c8b80b275d28b3d43a97c51c2b	Unassigned	0.8413519336907789
70885648c9d4cc1bb2979faa9261d145	Unassigned	0.749971887419511
e0e1db39349aabb00357918cb4a320a9	Unassigned	0.5454441214094267
40dcc5f6c6b7f21c9548085a9dce621c	Unassigned	0.6733147410341462
d485e8f68972f4fd618b397bfdfc3d16	Unassigned	0.8338439960867509
644bd756975653165e9ee67a83b9b0b3	Unassigned	0.5865725362947084
245fa4be34099fb9dc010bf0b37c5476	Unassigned	0.7762202343757173
03088164fee91b994f3668f2e2fff960	Unassigned	0.869654246414759
fb2d208bf5bbfc13a74453bac5f4996d	Unassigned	0.7947334596561875
d8f9990e324ec24727eafd8564270f43	Unassigned	0.588795420796099
cc542be3193fa57456a1c5e2c8bb109e	Unassigned	0.6242786923285075
fd97f60e99cfd4e6b4491c337fa91877	Unassigned	0.882476048635578
9b070cec6e376dc79137b9143406fba8	Unassigned	0.41339750419589083
ac3d2f346d1171a3f42220fc37d39a73	Unassigned	0.6724215228540694
86b62aada38ea56dc864dcab1c19781d	Unassigned	0.6180338582917508
f1abff983e090f33b751be7996748587	Unassigned	0.5922196402531346
4fc28863290c09d72982116a3f1f40a2	Unassigned	0.8350614283542102
c6b06a55a92565fa6a4e13099141f104	Unassigned	0.6837141101916596
0b5fff363d877b192844a38a6017aec4	Unassigned	0.7025693046760728
7d766900ecb8767f8ca14ecf64e82750	Unassigned	0.6883190447167065
d7be73cb05424c43e63940d96fd4a013	Unassigned	0.748473310743111
d1e09dd3e7437fbc0f095260aae77c2e	Unassigned	0.8700099423518488
a2749668c76aea6db46f23c25ac40e08	Unassigned	0.7426933539830544
05050b8a566c99d0856dfcdf68078696	Unassigned	0.8422154892959388
a946b9fd82ae586a74dda90af56d734c	ASV33d__Bacteria;p__Proteobacteria;c__Alphaproteobacteria;o__Rhizobiales;f__Beijerinckiaceae;g__Bosea;s__	0.7047238953077977
65011177af8e7f058c23e1f153307087	Unassigned	0.782080102875761
8a790f1638fe1d407abe09d9b0fcf448	Unassigned	0.61224069586201
5505815d841026e20cd7eab07aa5187f	Unassigned	0.87282673865277
883064d2f6c11fbcdc3a1b2a3b7faaba	Unassigned	0.8386099594236907
acc6edc4f205ebb4c52f3d77dbf9a155	Unassigned	0.4696814062181711
754059b618d444151ab9a27dab0f1617	Unassigned	0.7666003318221347
de898493949cebe76acac6c534d92f75	Unassigned	0.8232620134679639
ad58122e4536e4d6143584354cef55ef	Unassigned	0.7871283590037721
43b76d1dd4f960bfcb3b3e95c48a5bf9	Unassigned	0.6201069713007547
ae6d70db9b3bbee04564fdcc46443285	Unassigned	0.7308466048254301
a504a9b62c8bdc12d634dc0ef529950b	Unassigned	0.8057761297678993
371ef60b4501abb1f549f828945ad3c0	Unassigned	0.7803935829927819
26f285ef3d56d15b95da3c5093abd214	Unassigned	0.49868092184863066
132061c48ce7873956884fbd0ffc94ac	Unassigned	0.6389344373380956
37708ca0151948f50b412bde9b0d7d34	Unassigned	0.7927305978071082
d79f3781ea47a47660962dc40b40e92f	Unassigned	0.6786285572527628
bd6d5832009dc82238f58d7421387077	Unassigned	0.8012469167016523
7fc1a6af5e7ce658d48b414bae4975f1	Unassigned	0.8210769646712204
34c3037fef8ae5b0af3692311175be54	Unassigned	0.5814168530367192
96e2b78382a9bef47c8236c3ef980465	Unassigned	0.7802223468133018
3e11d42326713ece366ee1d994b07be2	Unassigned	0.6351495202424023
30cc6ddb4444738bec06c851cfcaf5ba	ASV19d__Bacteria;p__Bacteroidota;c__Bacteroidia;o__Sphingobacteriales;f__Sphingobacteriaceae;g__Pedobacter;s__	0.9980187097166399
2d01b8089303792171773645ea4b7756	Unassigned	0.827644201468257
15d047d29dde3e93cf1dafdd8c4e6075	Unassigned	0.8185609641532394
ad9585e4e8ec1dd4822baa47b67db3a5	Unassigned	0.7305151467360519
e21717a8a5258d41c21b08bf5776684f	Unassigned	0.8005942111055223
d8f2c529f4ea860313f5090ee51ea060	ASV33d__Bacteria;p__Proteobacteria;c__Alphaproteobacteria;o__Rhizobiales;f__Beijerinckiaceae;g__Bosea;s__	0.722537737607962
894b8c698c0afbeb0654e9380f85518c	Unassigned	0.5442703381630427
78ab5142ee4e40975395d00e5a4725b9	Unassigned	0.6516807981167672
2495a68a6348f28187cf440ed638c896	Unassigned	0.712351102400365
5adad7d59d82a1852e307d4e8aa2f29d	Unassigned	0.5738255045564242
aef7393980d8e66ac7e213cc9dd124fb	Unassigned	0.7563664149605022
66717b08e1b9e833e44e7af77fb6bfe6	Unassigned	0.8349357274481182
4debebba2dcb2f0d8ebc864a376ab6cd	Unassigned	0.7365104890645557
f72866e05006690f61c810b775b3aa01	Unassigned	0.5127201416356342
800b0d6a3800c2e2dafad0cd121e7b56	Unassigned	0.6042949210353048
735746b69632a71b4a25d7f3ea17ea2d	Unassigned	0.6633583688363287
314c16b1aedc677244ae59cc516aa14b	Unassigned	0.783964532622172
849c311a0deffb811056ed4e312b9d64	Unassigned	0.8113791899244747
210fd3311cfb9a501ecfe4244e2c52f2	Unassigned	0.35745212977007523
ebce30b1f5a66ae8cbd2b82a9c250949	Unassigned	0.8722607683422007
d9dbac58930d1a0a7d05b4725e0452fa	Unassigned	0.4740751762523999
4b62bf231ea6a2d1d7672a6d66601310	Unassigned	0.7848785177096098
86be05bba6325a11f4f04b192713f1f9	X120_Alphaproteobacteria;Sphingomonadales;Sphingomonadaceae;Sphingomonas	0.9995764007453404
ad350f77780465e41bcdfdbbae95c6b9	Unassigned	0.8608722147242696
44e244bba33d381c5b2cacbe4c9db496	ASV17d__Bacteria;p__Bacteroidota;c__Bacteroidia;o__Sphingobacteriales;f__Sphingobacteriaceae;g__Pedobacter;s__	0.9318102805289106
cc9806768f588a16eaad269c6983a15b	Unassigned	0.6710366945904351
de85361639c9e0d00d9362d634aa9e07	Unassigned	0.5145475590802231
449611cb3477aac5f8b81c3b8a56e6e4	ASV32d__Bacteria;p__Proteobacteria;c__Gammaproteobacteria;o__Burkholderiales;f__Burkholderiaceae;g__Achromobacter;s__	0.9999997910043922
0468e44dce6283eb722a3a3361a8335a	ASV27d__Bacteria;p__Proteobacteria;c__Gammaproteobacteria;o__Burkholderiales;f__Burkholderiaceae;g__Xylophilus;s__	0.9971992773137748
c42d1a3f954b1ec045c6314253cdbaf6	Unassigned	0.7182956151673857
0f2d57396aed6b9bd2e62db06d780d45	Unassigned	0.6358599984888507
6d4bf6836117f8d6e8923150b7468b49	Unassigned	0.6548207735709232
0c6358ae79c3d8ae378f8aa1858378a3	Unassigned	0.45660837148474465
f83270af2eb8e635343132a1a68f89d4	Unassigned	0.3517548447048786
dcaed09c1ac365977cc873da0acd8d1d	Unassigned	0.8747197856479351
3460e0fec69ff56ebf2e6f880a688426	Unassigned	0.7148469006312044
47d5cf3c57e3ff0cf5c7964c010cd931	Unassigned	0.7712135365622685
b0d916e7790b8100d0021502436cd908	Unassigned	0.5407783354871574
1a34d974600f92db7d1682adb8d7486c	Unassigned	0.7682144153583857
f51cc0938a2db0fde8d7e73487f2222e	Unassigned	0.8084348927141428
03e12ab9d2b81f38f866c8307561c145	Unassigned	0.6895839564751296
2d47fa4f6710dc0aa82c08abcba3d01a	Unassigned	0.816620001977934
b6acee4b603388ab6f3ec58343d858cd	ASV5d__Bacteria;p__Proteobacteria;c__Gammaproteobacteria;o__Burkholderiales;f__Chromobacteriaceae;g__Chromobacterium;s__Chromobacteriumsp002213445	0.9910516128781056
029f68ebd0a9df3e42f5a18071747c00	Unassigned	0.64623769681406
d1af28e36aba7b4549e45ea4e1a15069	Unassigned	0.695258009345364
0156121650dcdb0eff5df685f5f3ee32	ASV14d__Bacteria;p__Proteobacteria;c__Gammaproteobacteria;o__Pseudomonadales;f__Pseudomonadaceae;g__Pseudomonas_E;s__Pseudomonas_E fluorescens_AP	0.9999998095986381
01bf1904833e7019b7799ac00e762424	ASV17d__Bacteria;p__Bacteroidota;c__Bacteroidia;o__Sphingobacteriales;f__Sphingobacteriaceae;g__Pedobacter;s__	0.9870653660566521
09ea87d16120824fd6498112fbee605f	Unassigned	0.7232455529574404
b4c0a780faeab50cc91ab4e08a1608cf	Unassigned	0.7682741329526046
0ec8af029e81e359dd2080949785774c	Unassigned	0.7354547059615355
5488426334b3e446db07bdbe4c4a90dd	Unassigned	0.6669849579922877
e3caae85052f06e7b6852423324ce0ff	Unassigned	0.8202882694581468
87e6bb5d53562cd6aed1ef004cbf8197	Unassigned	0.7860224134368587
97f6dccea4432fbc0283d7531b959ee9	Unassigned	0.7390042802570876
707be7aea03afc9393b7d08bf18a7d53	Unassigned	0.5973817720542243
c783b9786b8f2ec27dd21fb3665c8552	Unassigned	0.7395023759173465
62980a4ed737324d2643b53a4ca63a34	Unassigned	0.835207532134588
9fbf97d0b2d03fedb3992dd83921da3a	Unassigned	0.7383830857729781
1e6c6e24d02249607d40c7bff9b2c5c2	Unassigned	0.8089287799116669
9fc33e06ac27b219d1876bcd700a057f	Unassigned	0.7111558524747303
1c833a2a13efb7bb7409685bf4ebd34d	Unassigned	0.5583100428777439
9bbb41597941ce041125575d1691b9a9	Unassigned	0.6971493845123132
e071eeeda1461835c5edd97c2f0cf986	Unassigned	0.8330542244080663
88312e0b754b4551ebccd919dbb21cc4	Unassigned	0.4882486870732363
645f3e7a0882df8f9b66363a9ca3a4bb	Unassigned	0.5942412583293768
afaeb527bc879756523981436b624b53	Unassigned	0.48887301377787973
6e095bbfc8569a121075074dd8e3eb6f	Unassigned	0.519998593091018
7c081de77f955cbb794b821c95b97e53	Unassigned	0.7404179447473003
fe4430d3a4e094558937a61e37cadb76	X491_Betaproteobacteria;Burkholderiales;Burkholderiaceae;Pandoraea	0.9907716399529091
32c5af88a2ec23b5c429354b644ba3b9	ASV14d__Bacteria;p__Proteobacteria;c__Gammaproteobacteria;o__Pseudomonadales;f__Pseudomonadaceae;g__Pseudomonas_E;s__Pseudomonas_E fluorescens_AP	0.9999999959616446
9ad697e4c943ef6cfcf519e31473af76	ASV33d__Bacteria;p__Proteobacteria;c__Alphaproteobacteria;o__Rhizobiales;f__Beijerinckiaceae;g__Bosea;s__	0.9999998714314924
c9ebde7d4167348c7071cbab9a0e82cb	Unassigned	0.7582540710287751
970b8c4828f3cc86fab57e48bb8fad63	X391_Actinobacteria;Actinomycetales;Microbacteriaceae;Leifsonia	0.9875004221511614
03673ee7415ceb6aaa6d9770ae8fc5de	ASV6d__Bacteria;p__Proteobacteria;c__Gammaproteobacteria;o__Burkholderiales;f__Burkholderiaceae;g__Ralstonia;s__	0.980220677927817
bc3f9473a5dc429d5ef734000fa4683e	Unassigned	0.7456448190141856
d1b28f5b336492126299f37914f13023	Unassigned	0.8934758910309819
f83f1cd1903a7eaa22010eecea0dd496	Unassigned	0.5099418150162094
adead42bf71cc52ee2dc40a2cd15810b	Unassigned	0.5035938512650497
99de8f942af6dc2c166800fbaecdbfab	Unassigned	0.597645110962814
e3789c18f7da3801f4b3381c55acbb63	Unassigned	0.6089260864201925
032a9824185010a7469edc5c29cbd5b9	Unassigned	0.8492724560887017
31f809be21aaf4bb0c93b762edbd1ff0	Unassigned	0.6407878461672369
f4dcd200e902067124d2ddc0c5849f12	Unassigned	0.6355429419550205
b5bd77ebdc97edaaefee8611c0780fb6	Unassigned	0.8205558117224034
faf815054fd3b1bf1cf9d0a224584878	Unassigned	0.7469863214804024
b99d226b19ed582448aa01b7843ec929	ASV27d__Bacteria;p__Proteobacteria;c__Gammaproteobacteria;o__Burkholderiales;f__Burkholderiaceae;g__Xylophilus;s__	0.997312525626567
73625d8faa08e6dbe44ea6ca3eb0e976	Unassigned	0.7003211462857442
afee69550bad69180fd05f4a8827b96f	Unassigned	0.44909526505229325
120eba657e42a11a5c29f97b90f02035	X391_Actinobacteria;Actinomycetales;Microbacteriaceae;Leifsonia	0.9997583200477064
f9e4730401f413d228a252846686fa09	Unassigned	0.7105693177492218
dd7c2ad80d17f7ad53cb261950f7dd7c	Unassigned	0.8370454487221751
2a87d149d2c71e90814d2871efa75139	Unassigned	0.5253102740026574
8427372ddb5a2907a734789fb9595ea4	Unassigned	0.8660287138226463
594bc6f19caafcd4db7cb2bcda8b4dda	Unassigned	0.6786807847680838
9ceaf3333267aae66abefc4361158107	Unassigned	0.693707488175687
af11b4eae9f00e23e441e6b6af8a7b2e	ASV14d__Bacteria;p__Proteobacteria;c__Gammaproteobacteria;o__Pseudomonadales;f__Pseudomonadaceae;g__Pseudomonas_E;s__Pseudomonas_E fluorescens_AP	0.9999349116096569
52555e989c3cfcea6ab29706eb92fa8a	Unassigned	0.6612750148878555
e309ec4b058e4b77093a520b6361c214	ASV34d__Bacteria;p__Bacteroidota;c__Bacteroidia;o__Flavobacteriales;f__Weeksellaceae;g__Elizabethkingia;s__Elizabethkingia_miricola	0.9999999999804743
8100d2962cb4532282d053c8239a2da1	X391_Actinobacteria;Actinomycetales;Microbacteriaceae;Leifsonia	0.9524003141048629
d30fb68cacb7adde048344a83ef7949f	X391_Actinobacteria;Actinomycetales;Microbacteriaceae;Leifsonia	0.8525463924243089
399c693a296a9dab6b97c760096a2d54	Unassigned	0.699669104113553
ad72127c01dac114c005c83404612b5d	ASV9d__Bacteria;p__Proteobacteria;c__Alphaproteobacteria;o__Caulobacterales;f__Caulobacteraceae;g__Brevundimonas;s__	0.9999918004411165
1ea3c41243b0b264585552b06d603d71	ASV33d__Bacteria;p__Proteobacteria;c__Alphaproteobacteria;o__Rhizobiales;f__Beijerinckiaceae;g__Bosea;s__	0.7423375422291666
28bc4d20befe48bd9fc12456d11ad7d5	X263_Sphingobacteriia;Sphingobacteriales;Chitinophagaceae; Chitinophaga	0.9993230328872502
b70052f1527ee64b4d266d671f5a14c3	Unassigned	0.6635010253486777
4b6d823c43ed639321cb3b3026e557a3	Unassigned	0.797265745718373
3c16fe35d30c6ff6b66d3f50b97e8e4d	Unassigned	0.6693866466717775
69a7869978e16d2088db7939345bc5d6	Unassigned	0.8266837310039379
8a708778e5a5f5a6d79a3923406f7fca	ASV8d__Bacteria;p__Proteobacteria;c__Alphaproteobacteria;o__Rhizobiales;f__Rhizobiaceae;g__Rhizobium;s__	0.9999974941469664
0780f4ed9a97c13ad6c2d4adfe83c5b1	Unassigned	0.8968778127465237
f14742a032c49eb17ee819388820e3fc	Unassigned	0.7026133479968653
df35226c0e4a24fd600d8472a559a93e	Unassigned	0.753835511743936
124de9bc1b1dac2030d03976a1d770ab	Unassigned	0.7469721985617075
20f99c091ddaba6c29888e14bd81ba72	Unassigned	0.8259808280597084
3a42ddc2f677872361e566066fa16a55	ASV33d__Bacteria;p__Proteobacteria;c__Alphaproteobacteria;o__Rhizobiales;f__Beijerinckiaceae;g__Bosea;s__	0.7868511216691563
d4e6b9404c8304a5591cc42d620516af	Unassigned	0.5869178377181217
0f094774e08f0e87dac2a7fbc96f4ad0	Unassigned	0.8652780285377843
958d54f6c2724fdc04ad01d39d59aaca	Unassigned	0.43165966109217535
e9063788f5629528028ae5c49c77fc44	Unassigned	0.7284427961397107
56cbca9f318003e1e6d2a448997eda75	Unassigned	0.6127437965744011
4cbbc226605cc4d1bda21516275277cb	Unassigned	0.6821094931164315
2c8733f1ff91e398c4fa64a8637fa64b	Unassigned	0.7587148495566066
882af05083f4bb256d52281390f8b632	ASV29d__Bacteria;p__Proteobacteria;c__Gammaproteobacteria;o__Enterobacterales;f__Enterobacteriaceae;g__Citrobacter;s__Citrobacter_braakii	0.9996939137103594
2e07d97ee778718013848bbd4448326f	Unassigned	0.8049864481229776
0af40e509b800d46e2dc0ec3407258f1	Unassigned	0.6605259096764544
67521722461339fbe9d297051559822b	Unassigned	0.614440090215485
92ec75e85a5a15527f3c1feaa32b2db8	Unassigned	0.7082902095843564
09614d48b014fea50e5ffe8334880855	Unassigned	0.8700477303308592
c7a2dcf4b2cfc19dcc4c2f794fe9903e	Unassigned	0.7638016598966043
6c1eed43b2885c8b60d3d23786c73edf	Unassigned	0.8576658190412128
f88307c3c82aa31411ab6cb24f9cf7b1	Unassigned	0.8215967348782065
dc733a8402a573007fcfc4504598d971	Unassigned	0.6425049043757505
acab06668341cbdb87567d1370c9aec2	Unassigned	0.4855223036562132
2945bef3ec15686dfc437f86ced589e5	Unassigned	0.7426702281888666
e92c5209633292cc42bf9670f9724a9f	Unassigned	0.729120540652472
5b12a6ad77f8548f276030a228d4f488	Unassigned	0.7332436969380558
eaf707217917a01a2458a66947b6d8e3	Unassigned	0.7065414379048516
cdd9d592a485000ce6ae1aabb4991376	Unassigned	0.3898857101704011
7ced0b2fa5a90e01392b87240179e3b3	Unassigned	0.8426306257195387
03ad6d92a297c46b2ea7b103c0ad25af	Unassigned	0.8354987791067294
465807ac7d662b80ae2988afe7b0275f	Unassigned	0.7595861687206661
0b2fb407a552a324a38e33d676e37b75	Unassigned	0.5747415497004351
28fd7c0bdec8b7c685e2d3d31270e201	Unassigned	0.49691796222687523
588dc3390f60d6922f2b702ae81367d6	Unassigned	0.8502789769062591
f6a23034d789c222e1966d8b4ac62fe1	Unassigned	0.7423618458858124
1918de558d197134064a2e6edd596720	Unassigned	0.3416503010714712
e6acc0c29bd1b13ada8e2c851b793780	Unassigned	0.8013762110464974
a57beef8f39330f946e479794383aa38	Unassigned	0.6353526631844024
17b039160839e90816e685b39c6b838f	Unassigned	0.5993815994239708
3d51c0807c5716a9f2424d2b90188308	Unassigned	0.4804715213611256
08a0cf376add32f3f4b57ec1e82a7a27	Unassigned	0.41299049480296823
ae874606bde6654f6279436c41422176	Unassigned	0.7852426402372406
a3767c6fc49e4f7bd0e1518ff27dbc9a	Unassigned	0.3015743554864565
22302c3cad418b7001a6de78aed85fce	ASV30d__Bacteria;p__Proteobacteria;c__Gammaproteobacteria;o__Enterobacterales;f__Enterobacteriaceae;g__Serratia_A;s__Serratia_Afonticola	0.8950915714883307
d557ec2214eef70b15022f08413dbf47	Unassigned	0.569772793292142
aece0c03e2eed512ba549ccf50b71c13	Unassigned	0.6976602861944174
117aa80396b476f5b3351d65fc89e81f	Unassigned	0.828462086655984
e9866bd5d7f096b4b2b794e64d33aef6	Unassigned	0.4620028005002075
111271e5dfeb91fa844f2fad14206846	Unassigned	0.7355770851571005
54ef7398d56cff3f50bd8f891af574f4	X391_Actinobacteria;Actinomycetales;Microbacteriaceae;Leifsonia	0.9999781373982932
55cc4855ffcdd793b6a759abc5b43ec7	Unassigned	0.7450154609151546
553a8659f19667ebcaf95d3ddd501e22	Unassigned	0.7369715961138485
0e311d700b2d60cdffa2d7911be70a9a	Unassigned	0.8560194949205464
31a976adae3e6da31fb988cdd2483b9b	Unassigned	0.6715614007333208
fc6622c636a5210293fb2873fc4761d9	ASV8d__Bacteria;p__Proteobacteria;c__Alphaproteobacteria;o__Rhizobiales;f__Rhizobiaceae;g__Rhizobium;s__	0.9998982086977937
15c8b199eb365362a47442cfb76f6ce1	Unassigned	0.7766881455083217
17e80f76a52718fe78d7c14e028db964	Unassigned	0.7583502338106143
7fa4ab346b2d156e25d678214cf85943	Unassigned	0.8129992349009827
d3a58d32cb6c35f7b6060ddbb0aa40e9	Unassigned	0.8898374121574744
96898ba531b479be87f30785e6635fe1	Unassigned	0.7536821491792665
76ef09e958a2533a07279e8a9e9d2dd4	Unassigned	0.7839056371876986
5fbe148c654e252502e6c0a46d2baebc	Unassigned	0.7509912465331138
9b9801c247da9fc067b6b6ed97991365	Unassigned	0.8631770176680608
e0715fdb047839db3dab5cb5ac0b2bb9	ASV33d__Bacteria;p__Proteobacteria;c__Alphaproteobacteria;o__Rhizobiales;f__Beijerinckiaceae;g__Bosea;s__	0.7181308007692093
84de38531511c4b6c5f32e5ec2962011	Unassigned	0.7587587310418225
674756d398b6d044c2fe14bb6b6a10b0	Unassigned	0.7474112874702752
f66812bd05c3131a941334abe92327b1	Unassigned	0.8093345950683555
1b5e24e3c082b425529e2416a61e2e23	Unassigned	0.773960123309418
edf400f54b08b775846e72025e42dc79	ASV33d__Bacteria;p__Proteobacteria;c__Alphaproteobacteria;o__Rhizobiales;f__Beijerinckiaceae;g__Bosea;s__	0.9999999723163459
cc1cde8c386e1a14b728c4755715c971	Unassigned	0.7900316453260536
16223316f2085505d3f78dfb4b56f288	Unassigned	0.7252682194221007
53623a1def95d927f8f5b8323976474a	Unassigned	0.6234397377061758
24a8526febf82e4d7950837e984b7aaf	Unassigned	0.8972529713137573
8a8ae3c13a06fe04b33559085406716e	Unassigned	0.7356350329614919
15d1b8b05875ffbe9db6f7eb8b6b5b55	Unassigned	0.7535000261792979
f84580b58727a82011982ee3089b159d	Unassigned	0.6868953171536523
56c55b562dc5a3c0109211f3b30725cd	Unassigned	0.5737624764320162
82003666935f0768f952408ad4234e0a	Unassigned	0.8002138690048763
018506e48766a4805c6b6487070f67e4	Unassigned	0.7978797892601643
e218bbcdc6f4dfb49ec2365abda2b93b	Unassigned	0.7030982101578143
78f20e1ebc3dbd435a86a6d2a8b5c70f	Unassigned	0.7262547509545438
03ffd710af7cee3c57aa900bc2735446	X391_Actinobacteria;Actinomycetales;Microbacteriaceae;Leifsonia	0.9999108045151912
d9b4c0054f2c0c6bd9db43b5468284b0	Unassigned	0.7425215653343981
5a6db2ce79054b7fe6d38f91c2da10eb	Unassigned	0.8491492265256739
7db1c3a9e43eef6c462c249ced2f9699	Unassigned	0.7052236235339779
15f90547df3744c19e67b0143d0d55a7	Unassigned	0.7057614231274276
09a23807393e8448576b5ada2822eb1c	Unassigned	0.7675332871707468
eaa436d4a8c509a31f6fab8a8f853213	Unassigned	0.6393831320927368
4663130d59659b925c169f724d63299f	Unassigned	0.6679713605381172
a9626baa51fba267e5abaa14ffa08837	Unassigned	0.7400413322142982
038a5e894cf12a15cd78ddd624286825	Unassigned	0.7378422231275077
02bfc645d2c65ddc85f8061ca586c81c	Unassigned	0.8493993556430952
4513f13b54fc7dc59b3b9584eda47a34	Unassigned	0.8221447538498476
fa299065d592f14a17682c8d996f1e0f	Unassigned	0.8656902564397625
3ab600131581fcd522cf98b8cdbcd410	Unassigned	0.6904202378288022
87da7cf5035bb9cff1305983d4faeafa	Unassigned	0.7838167915639982
14878ec8433bd5b07d1f3c53b2c4858b	Unassigned	0.70762109557804
0e866051cb46d53a808194985e7574e9	Unassigned	0.8143601067407489
50b3da3d0f2356b90e6f9194ae773940	Unassigned	0.7858630790992622
39dfc070b1ed7d9e83f2daad85ff563b	Unassigned	0.41956882368410164
50c44e97b3ca66e9a22ccde243094860	Unassigned	0.6126867801208502
fbd67349783ebeacc69814257b694d56	Unassigned	0.5402620792518837
7036b46e96041fe9e77a99d575597f7d	Unassigned	0.841560963845828
899385940fc6f8d1e279f1108bab90ed	ASV33d__Bacteria;p__Proteobacteria;c__Alphaproteobacteria;o__Rhizobiales;f__Beijerinckiaceae;g__Bosea;s__	0.8174964837850076
f99cc7e4c950ab92b8d5d5ba5a3f625e	Unassigned	0.8171720348586341
22954450f6c932a45d51d299625453db	Unassigned	0.5856460335025951
4f3868f1591fa367446d93141a967578	Unassigned	0.6857434173066776
8c2ef4f42290e1619939cac706b33b47	Unassigned	0.6955382399602537
2273aa8d485a9544c80a40c74ee8959c	Unassigned	0.6793204276894199
7385434d3f11976744c86d2b00ff7dd3	Unassigned	0.7777903429336566
d52d4c3019b494a21dbce4097c1d2fa6	Unassigned	0.31259571300912325
828502001398083c49932c17043e09c0	Unassigned	0.741593347788209
27b35c6181893ae3b8cf6de8e1dd73ee	Unassigned	0.8389256501572411
4b37f292f2acb5598c20d0b7991c8d03	Unassigned	0.665385838860227
5f81a3dac9e7b276462e7976f79340bb	Unassigned	0.8355889485938419
f2076fd3a8052e0e2b905e77af55a17c	Unassigned	0.8143003138920406
72ab8f27575e18437ed6cdf2b2c8ac41	Unassigned	0.7268138182898884
777b41ee4714a792bdbf3d11fec181b2	ASV28d__Bacteria;p__Bacteroidota;c__Bacteroidia;o__Sphingobacteriales;f__Sphingobacteriaceae;g__Pedobacter;s__	0.9921979046007721
5f558e5bd508a0f59bd052f8ff5626f3	Unassigned	0.8401563334269294
1cbf10a012cc223dbc1cc0c0b898f6e7	Unassigned	0.3754743960167324
d58a9b21855745297e3715bddafa2f5e	Unassigned	0.3164773863378334
450fba81f070de9b6b88dcd8f70c180e	Unassigned	0.868637755359935
8ec51d1246ee2beffb542a07945f58ef	Unassigned	0.7451811292566568
fb10419d590e99dae5dc8c1ec0360c52	Unassigned	0.7768545516788629
0bbbc2105e1dfc56ec17c174c675dbdd	Unassigned	0.7626898319675983
716cc4c46e8c7692dd1e61d98903b3e5	Unassigned	0.613236805229702
d5d5fb87f9099af690e1a42903e54ba3	Unassigned	0.7077304434014493
cbe02989e8b8f54dc26453372765895d	Unassigned	0.5150672965841872
ed32c3eeec010e9b7a115883fb0d7db2	Unassigned	0.6922242836998718
eefbb38c743e73a72f2a4c77fb3732de	Unassigned	0.7850665945739026
af0002185ca33e0e59dcde37d9ab1bd6	Unassigned	0.5538824576704908
e86ef9b837b29374f11428f22a0d5fc3	Unassigned	0.7523757806925742
b06c5207680c46ea24fdc3af1cd4c3c3	Unassigned	0.7045445831750999
dc93174393fc085e2c3b112e1645880c	Unassigned	0.7301737115047466
e07b57483b440de5fcd04358fa32d1e2	Unassigned	0.777962439594763
8f1803dd3192e9e6d3c364f18f95b90d	Unassigned	0.8332701750969387
b0621ff9cdf171c5031db312197acea9	Unassigned	0.7894124520836417
27bed843043785011f5b6681c974b402	Unassigned	0.7290329432916485
8d823da7813454375711cc943daef224	Unassigned	0.6507194482548473
33f323d55327791f5458ea74fe17881e	ASV2d__Bacteria;p__Bacteroidota;c__Bacteroidia;o__Sphingobacteriales;f__Sphingobacteriaceae;g__Pedobacter;s__	0.998272617548389
cd2bb100b60397eb7d04a14ccd2319c5	Unassigned	0.7427337607180298
4189adde50dc5e7feb31141c98901fb9	Unassigned	0.7803720657181838
e4016cd288236e39e92aba5acdbed4e3	Unassigned	0.8228259622877534
7a2f72c892a98409a32cf589308edada	Unassigned	0.45226361375298496
292ccc75a47729eb0c2bf62afcb3d5b7	Unassigned	0.8198934461931723
916c9a2feb2f8e14826c90b32ec170b5	Unassigned	0.6597384779274367
c69cebb5ec3d82221906e83154a547e0	Unassigned	0.8374819313027979
a441574981713307c1e52c0d28985f7c	Unassigned	0.5225027741347623
f9c974ee8986a3b5ea71772b46a284bb	Unassigned	0.8446595396840257
1a10c61e0e79e51cd76e3e2ddc324a89	Unassigned	0.4899589357106481
56a46306037a828c685433db205be0f2	Unassigned	0.6729727663842828
a327d96e49bfb4a4658c2d005b720d46	Unassigned	0.8258015227759065
3d6be83d2908ae023e515d9c774a5a46	Unassigned	0.7373597294511988
c029e2e73cfbf62dd9366daaeabbec3f	Unassigned	0.6722132544653435
0844a9502e7869383b8ba5533dd18dec	ASV29d__Bacteria;p__Proteobacteria;c__Gammaproteobacteria;o__Enterobacterales;f__Enterobacteriaceae;g__Citrobacter;s__Citrobacter_braakii	0.996633217669874
0075ee28e504f36720fa58e06024d779	Unassigned	0.6951956560606689
857fab7c98db81b4613edeb55238eda5	Unassigned	0.8774412261595606
d248a40b9a984b41ffc425fc4df7c484	Unassigned	0.3933523931127092
991cb0b436871c08373d890ea7daef97	Unassigned	0.7643872584038589
64c0ff7f33b040be3085d8b47af12b4d	Unassigned	0.8375180389547758
082ef20a51aa2b5df7bb8e326c73fb6f	Unassigned	0.6883798253746892
04937da195821eecf020ae60cd8230cb	Unassigned	0.40126746865250973
cd8f713ee8d3b67b445f8600e565dbed	Unassigned	0.8323909677191308
f75c9aa3345e07868b2b30df681c8c94	Unassigned	0.47350267897005804
01c653816adc1b1e8a3e1374d3afac70	Unassigned	0.6413911719606896
71a6aa4d1601973e163a59258669fa4a	Unassigned	0.8637893685181172
a6104eb844df3b5dde37e3f0ebb7dab7	Unassigned	0.5073323106619657
039c3119015fa2b55d5d34e72fc6518d	Unassigned	0.8460242997396483
d6fa8be25b5cd78884efbb58d4056d2b	Unassigned	0.7611862103795523
3ab262fcb077237b8987300791ae8672	Unassigned	0.7296214106437734
c0f6213cb151415a2e39c00e1ed312ef	Unassigned	0.8893125690500752
fa52e64704b31453662a645070a0f48d	Unassigned	0.8712050450895134
9ff0b708f8aa139ce13a0569c1452673	Unassigned	0.7769565083719406
a05d573ff1b88a42b8dabc3e9ca04193	Unassigned	0.501805207052616
0419f69a73e4987fb4206e735e6b11d1	Unassigned	0.6918134902630064
91230f9ab0564f79a837a5dca7534b17	Unassigned	0.7938489808908424
722ef1a0569b5c01f974979d37b68d35	Unassigned	0.7718511961791545
9a64b6761facefdea1b563100d9247d7	Unassigned	0.7082595414475148
96f13e65f30dc89690239c3a5a5e75c3	Unassigned	0.7854222495592763
e0e546c8102b8de72a54ef7f1a65b142	Unassigned	0.8444148082103995
9e956f1eac9decbdf5de12f9a6d7437e	Unassigned	0.8104443326605248
a6e7567ada45d18c1907fd4d260d0890	Unassigned	0.8384812759757317
907878a3b14da09a424d552b151de3f4	Unassigned	0.8253154828318103
a27900c5baddc189353f1620b8196283	ASV17d__Bacteria;p__Bacteroidota;c__Bacteroidia;o__Sphingobacteriales;f__Sphingobacteriaceae;g__Pedobacter;s__	0.9684160103085875
3a09907625276400d06bcf056b70d56e	Unassigned	0.7664897005164687
997ceaa8b7557d5abaf42f0fc8e0a611	Unassigned	0.8127462082314638
f4da8336fbc4ccd65db3d342be508d96	Unassigned	0.6810896956762567
043cde5ebb86fba17bfb35a9cabe81ca	Unassigned	0.7735670976763045
51155cfe061447e49fe79ac1863d9eaf	Unassigned	0.8644370134846361
6c9c55a988221cc7fc6d9764f8dfae47	Unassigned	0.6639821902428347
5dd58bd4216fd1fc7500dc2001c78eba	X120_Alphaproteobacteria;Sphingomonadales;Sphingomonadaceae;Sphingomonas	0.9999998973283989
4a6bd84db93c7a0c49f6ce9cd8c2a58b	Unassigned	0.801925135469884
f9460063c493b92a5810c5933104d465	Unassigned	0.6371105826545362
0e7b01dcba699b285a1a7650d515d4bf	Unassigned	0.5123678619618945
fb3e172df3a5532d0d9bb0d4d6df631f	Unassigned	0.6866876234811186
c51387142526711cdebacc50bbe8b2d8	Unassigned	0.8409656710777595
f0e8bb2abc1aba0d759921dfcd96cfe9	Unassigned	0.5534202984292063
c0b51db44f2701530980293be056b47f	Unassigned	0.719754776843593
7906b43a4a0280915c0d49b6c34689ca	Unassigned	0.8352958684835066
6fcf5b3c6a4a96672a2109b986953857	Unassigned	0.5635885510156018
8bb1169eb0071284dd9141da480baeb3	Unassigned	0.8024341782674163
6e473c4348603aad6129fa9dc89dd700	Unassigned	0.7177622977875084
3eb5ee04d8bf79b7d801e5d5e30d5375	Unassigned	0.44958602200500186
1fb3b9188051e8c9d3b60bbb7648c7d6	Unassigned	0.8316416709747059
d1e8336267fcd32e82159c7010f40c02	Unassigned	0.7348221938989161
32770317de00bc7da88dc9ddae082c4d	Unassigned	0.7338929243742197
c403a7ad58e0064cab194cf137253c94	Unassigned	0.6690523623448894
f561c078dfad566b2ea94ae822a251ba	Unassigned	0.8083321777739614
c82127aeef90fd871ec76105f0274484	X391_Actinobacteria;Actinomycetales;Microbacteriaceae;Leifsonia	0.999131148403058
c26170c7e80eb83dccf63920f62ef8e8	Unassigned	0.7577514830975426
e00cd7b44df4374068170586bdf26d2f	Unassigned	0.8320860042289635
9251e49af5365e82f8619c5cbbb4baf9	Unassigned	0.7797451313095377
132bb7dca72ba28e7bb78e62c711080f	Unassigned	0.73852908927094
d4bf57a51119c9134eb4b85dfe5f3bd9	X391_Actinobacteria;Actinomycetales;Microbacteriaceae;Leifsonia	0.9999896046681749
0c92ba3e3299164b2a154b9cf004837c	ASV8d__Bacteria;p__Proteobacteria;c__Alphaproteobacteria;o__Rhizobiales;f__Rhizobiaceae;g__Rhizobium;s__	0.9981008159745641
218819ef42af5d5be9ee229158f8a5aa	Unassigned	0.7217238413195048
708e50f6b07a7fcee8183886a5f169b1	ASV21d__Bacteria;p__Proteobacteria;c__Gammaproteobacteria;o__Xanthomonadales;f__Rhodanobacteraceae;g__Dyella;s__	0.9144373523332955
dacee5240ae75a05655212d6a9d10fb3	Unassigned	0.8429080016009117
ef9b8ecaa7819d36486e810b32e48a99	Unassigned	0.8972555222032746
5654b8e26430438d67de702b1698d7e0	Unassigned	0.6582628655443086
fc3b12dec2cb20fc512ddc6acfa43bb4	Unassigned	0.789111573898629
49690f3fe8958fe23da0b78139b453cb	ASV21d__Bacteria;p__Proteobacteria;c__Gammaproteobacteria;o__Xanthomonadales;f__Rhodanobacteraceae;g__Dyella;s__	0.9956868923039065
b9aa22c0f3dd62136a18ea7b26d15a43	ASV14d__Bacteria;p__Proteobacteria;c__Gammaproteobacteria;o__Pseudomonadales;f__Pseudomonadaceae;g__Pseudomonas_E;s__Pseudomonas_E fluorescens_AP	0.9001753856136302
1f26c4c303be767c6d58e4a7d212393a	Unassigned	0.7977143208724488
665fc06e153771f3ea242a25b8da96c7	Unassigned	0.6892772887975736
d748e4cfeab1628b4bffc1b83ab8168b	Unassigned	0.6634661409023221
91a261ea2f9ae461dc94d2c31a814843	Unassigned	0.6809035896712169
81ee419e053643ccad7f15623c38f76d	Unassigned	0.7963215792186688
549abab55b72e64a9d5ad942e8b76e90	Unassigned	0.5994249445723991
891ff60f3080336ad1ed0f6dc1987f0f	Unassigned	0.7731636659860815
71fd3f55ea29eb6b5f95a41278a8aee0	ASV21d__Bacteria;p__Proteobacteria;c__Gammaproteobacteria;o__Xanthomonadales;f__Rhodanobacteraceae;g__Dyella;s__	0.9999999998012754
f4af3f882087d9c9a5d7c21970a48eae	Unassigned	0.8311612293668762
eb7feb8fa29617ae05631dc1f4ce53c0	Unassigned	0.8313259936713037
afe402cb6900264db44611b85fc7206c	Unassigned	0.7048100209640258
1479ef8231c15e2a00e270125753c8be	ASV34d__Bacteria;p__Bacteroidota;c__Bacteroidia;o__Flavobacteriales;f__Weeksellaceae;g__Elizabethkingia;s__Elizabethkingia_miricola	0.9999613708590664
6f6f3afb03f97c957ad0ee10cffc7540	Unassigned	0.6169784262219996
2233649d0682c053f2e9be405e71e505	Unassigned	0.6613459834707066
6c91f5a0b62ff10cbca287338436596a	Unassigned	0.8125122247314926
532fc33db80b373f89eff4538ee9165d	Unassigned	0.7293311536112443
7e05d1dd8d5d3f2c64a93fd3ef2a78d1	Unassigned	0.8068113290665664
d4c11a2f033359d71d2018f4f3fb2abb	Unassigned	0.703624897126172
9bbd3f5d0d0e6e0d7ab1a0baf904bf93	Unassigned	0.746519939215284
255ed273e4aa681164858c223fbacc0c	Unassigned	0.7609902936520996
dd06c86b1a1d7f2a0e49476bacf66092	Unassigned	0.8550404021285618
416b816018a8de1343f5d92d6ac5fc89	Unassigned	0.8235085593775548
f0a26f217e71245fbf33710c98cffc96	Unassigned	0.7816834970907522
5bb5df8cb193a2532a99b5a1458fe6df	Unassigned	0.8231166775687644
5a9aa71a2465ab532cd85e05f11e51d3	ASV29d__Bacteria;p__Proteobacteria;c__Gammaproteobacteria;o__Enterobacterales;f__Enterobacteriaceae;g__Citrobacter;s__Citrobacter_braakii	0.9998845272751251
48448bcfe59cf666989188a9f55e73a3	Unassigned	0.5942647793260194
dab81b27a61161185499a7d851d0cd52	Unassigned	0.5395260505120968
9651e31db0869620d3662ab2a75aa227	ASV33d__Bacteria;p__Proteobacteria;c__Alphaproteobacteria;o__Rhizobiales;f__Beijerinckiaceae;g__Bosea;s__	0.7572985980234718
609b6bb0d7ec07881720105d6f07f702	Unassigned	0.7372008378634152
5a19e54f5d9a8286f52cc969411a8ef0	Unassigned	0.6782792943843876
700a799e929813f4e24da8c7c298b5d9	Unassigned	0.34085026497793436
6c58eece7fb2141160fedda190ecc163	Unassigned	0.8234117135136445
8f36a0fb288b4e10ca17279c268ac24f	Unassigned	0.7221052992619175
35e32b47db8d675c0685418bdfc6c685	Unassigned	0.672224782138181
2651d104e6515983efcf06854f6c19e6	X391_Actinobacteria;Actinomycetales;Microbacteriaceae;Leifsonia	0.9999999814203735
2a4426d3d2adbd9d57cfc77e53585048	Unassigned	0.4739154554257331
26868c0b9347957bcc465482575c8eb7	Unassigned	0.696849983254447
7ae808cd4ae2caf0e35da0589ee28745	X391_Actinobacteria;Actinomycetales;Microbacteriaceae;Leifsonia	0.9999999999959215
af8f568f6528f8b3b32600c43cd95e94	Unassigned	0.3888859948619402
913cb85b467a10cde8a8dd01c77ae668	Unassigned	0.6794168557139957
594061ed4e2ea378773c474cd4803c29	X391_Actinobacteria;Actinomycetales;Microbacteriaceae;Leifsonia	0.9999999697509172
57eecad4660f4f37b712cc3320d4226c	Unassigned	0.8434411467542271
4738d0f3c2aefce49c3139b8d6a0ebd0	Unassigned	0.7390697113289071
01750fc0925c2f8246463eebac1fc821	Unassigned	0.7874531889409792
821dd34e0207260e164aa8fd0d4d37f4	Unassigned	0.851955055836534
f98861e6d320c80673e0ec4f67abdadf	Unassigned	0.8344311372060362
453dc194c23eaf830942e5152cfd625c	Unassigned	0.6552438633396014
79fdd2e7f79ab710d7e8c62d1785e704	Unassigned	0.6621432860653668
790ba2d930e11eebf22e1ae30ea252be	Unassigned	0.6891653396935333
a8cf05e8bc575f73c701bfeb1cf4ed87	Unassigned	0.6864735848550565
16de95204ae720057f460a3e5f326e4b	ASV8d__Bacteria;p__Proteobacteria;c__Alphaproteobacteria;o__Rhizobiales;f__Rhizobiaceae;g__Rhizobium;s__	0.9999991327967089
e5103d5dcd4dc6688c0c56e7da1162ba	ASV29d__Bacteria;p__Proteobacteria;c__Gammaproteobacteria;o__Enterobacterales;f__Enterobacteriaceae;g__Citrobacter;s__Citrobacter_braakii	0.9973138073312704
0b9214957a7cce28051332316f89356f	Unassigned	0.6581492821612291
8c1c50ac7bd602aed91e8e2fd495be2d	Unassigned	0.5690499733793959
521476e6462ce57ff5930cc312a30635	Unassigned	0.6358716702282257
3db5884d73818290f2954fb37fbe32ef	Unassigned	0.8340242792061624
36c77612bd703bf4fe3a604961913b25	Unassigned	0.8768792773216258
3ade6e1b8a4321523f0f5d0c17161b71	Unassigned	0.4795244511855118
d5c99673daf5651b4891c4e3d68791cf	Unassigned	0.8040308722319227
2f4ca24ab799d93874830a407a845f2a	Unassigned	0.7527253503719515
34c08168b3ad813c99ffdc904d78cc18	Unassigned	0.45296794338833113
5c4af54831aa4bff47201cf43ca3ccc9	Unassigned	0.7258659815078132
b5e54bbc9d8cd13fbb1ab0fc56daa3f7	Unassigned	0.712803331506074
9b9a8a59a4e79144babf952835b90d5c	Unassigned	0.821998311117379
969a55d44bdb7b9f3d7695e649af48f9	Unassigned	0.7776909477941534
a441ab97475b233428acc37fa13dfbe5	Unassigned	0.6439417179256183
cf88aa674c595539a04e689a323428ef	ASV9d__Bacteria;p__Proteobacteria;c__Alphaproteobacteria;o__Caulobacterales;f__Caulobacteraceae;g__Brevundimonas;s__	0.999999992867302
d0834a514de72c37f7e85366673ee6fe	Unassigned	0.8676726259284993
2c585666f52317dec912e3fcef06a722	Unassigned	0.39770134527197853
3f9eb777d57cb6ff7c29264643f689de	Unassigned	0.7595403216818735
44d13c126f17a69ae2b56d8bdd6c1001	ASV33d__Bacteria;p__Proteobacteria;c__Alphaproteobacteria;o__Rhizobiales;f__Beijerinckiaceae;g__Bosea;s__	0.8640659182605971
e09394144337aa38fd3b699b31809b7c	Unassigned	0.8606764274943018
13dcd4ee4949da92da9af92b8ee5bd03	Unassigned	0.4778072971608981
2456123f889583973181b13fd5ed9413	Unassigned	0.7845859640690742
f243af704823e52da71a86e898791043	Unassigned	0.8414477248390486
27f8c4b18888d74b338140fbf05336e9	Unassigned	0.6366537741824194
b2ad24f3d3e258905facf7ecbd66ff8a	Unassigned	0.8315653202468827
5eca011336b2c96341da414c14e4b33e	Unassigned	0.8746955673276208
4f29d167f539b2c406028f0d7cdaa051	Unassigned	0.6594081831764537
d4b916d64101df528509356d1c34bd0a	Unassigned	0.39786314719046445
40eeff4035a513cdefe6417eb1b01f59	Unassigned	0.5213915262302229
903072cc52b4a03f4e6c6adda05a9943	Unassigned	0.8531135101478473
978d22584e08b87ea405c8ee162f2421	Unassigned	0.7027097334028929
6de0de3f20dcc8969d4a7a19adadab14	Unassigned	0.854690016624486
90d900b0f5d10a3d6379af48809c14be	Unassigned	0.7282454147361889
a887c709630a66cc5d15fd88dfd0e724	ASV17d__Bacteria;p__Bacteroidota;c__Bacteroidia;o__Sphingobacteriales;f__Sphingobacteriaceae;g__Pedobacter;s__	0.9639990617475049
0b9a44b469b154e159b541e648752da1	Unassigned	0.7091339979565479
28bb22382e5c1b896c5e16bc9ce360db	Unassigned	0.42065467320913286
23f0be841e6ab5bc2795327943eee574	Unassigned	0.8683594277520525
2ce5f12ee50f0f0281eb616a935b19e9	Unassigned	0.6077844256303521
2df4f45de48232ace439ead737e3b413	Unassigned	0.8242138483678862
cc5aa86948db99a4237bbbf466cfb6cf	ASV32d__Bacteria;p__Proteobacteria;c__Gammaproteobacteria;o__Burkholderiales;f__Burkholderiaceae;g__Achromobacter;s__	0.9958582660307825
9a2afcba989874f14fe5b9e8c408bccd	Unassigned	0.7604318070293306
a6e74f75bc6435f8e1d0008aadfa4211	Unassigned	0.7646863813350099
1727e05b0ddbe1e30f9cf1cf63ac5761	X120_Alphaproteobacteria;Sphingomonadales;Sphingomonadaceae;Sphingomonas	0.9999087772902082
c5221531d0ddff4832a051905d120691	Unassigned	0.7978544799376649
6d2b33bb01c50fe126bc685178640f2a	ASV34d__Bacteria;p__Bacteroidota;c__Bacteroidia;o__Flavobacteriales;f__Weeksellaceae;g__Elizabethkingia;s__Elizabethkingia_miricola	0.9558906852730849
b5af35b4114252cbfea6b3532e042953	Unassigned	0.7704530773534943
d1c1e05de4a740f6a97d9bee540f108d	Unassigned	0.7754998068356797
b2579d8aaa8e7b4af1c473fdfd947fdc	Unassigned	0.8197140514422901
e2ac421694ecf3b620ffffebf5461d40	Unassigned	0.40681488289558887
6937ce51524b1934bc803b20e518e2b8	Unassigned	0.7705334590521642
c8aeb5bfbe389cf982857d761ad3d74a	Unassigned	0.42901442784392274
d421dd5d928be710fc3de0b01445b6a9	Unassigned	0.6322677653714583
f4485536b2f2d21436065de72ca6281d	Unassigned	0.7116699174117113
e7a14bfa7811164ecc1cf17312a28603	Unassigned	0.8057609313033317
381a1b58b43ee72d7cb051fae81dac6f	Unassigned	0.4334411073482626
5bfc61cd271ec9408bb6b384ff3bdc2f	Unassigned	0.8394908001641294
b87959cf2c65b55434a71b24148fd06d	Unassigned	0.7349312520300233
d0ab88277ad70ef5fa267515943868ff	ASV33d__Bacteria;p__Proteobacteria;c__Alphaproteobacteria;o__Rhizobiales;f__Beijerinckiaceae;g__Bosea;s__	0.7728834208615785
0236d94d250b74f211e1b5c14c1c4c3c	Unassigned	0.7807941513883196
fdc077f9cc549521732cc89cca8a71bf	ASV33d__Bacteria;p__Proteobacteria;c__Alphaproteobacteria;o__Rhizobiales;f__Beijerinckiaceae;g__Bosea;s__	0.7872696190157398
af6603b11c684250e6a8092a794efda6	Unassigned	0.6267969842013106
15d701e54707a31eac394fe20bdd0c4f	Unassigned	0.7538713328204979
180f8ae2a4ea501fa7d45b467522d03d	Unassigned	0.5487589379822201
a3ec92d9b2e4e604ede45b0933f4528f	Unassigned	0.5779823741327139
97a7d9845077bd6f89517572aa0d3858	Unassigned	0.4506357603206951
a16ea966dd55a1ff8ebea6716abc0e99	Unassigned	0.7913354273400095
acb18cfb751c010086bca93e1904e821	Unassigned	0.6796021620053543
643365071e89824647bfcdc8a17881a2	Unassigned	0.6973614305706721
b7394b1ca58288ffb985d15c2ab74853	Unassigned	0.6997650798131859
abfef8348ae3c7e1cf4393594d510747	Unassigned	0.8284029626995706
d4b6a0084d08338e200703083ee98852	Unassigned	0.7282315696433158
749690932efa6723cf50fde2baac8953	Unassigned	0.7790359857984953
d36dee5e62486c1c938d93ff9c028052	Unassigned	0.8075931842499249
b4ae3cea15a6b1a328b628dff2c54a17	Unassigned	0.727216541849663
0314cdb694767357be296d9a72718024	Unassigned	0.5365607730111639
b98905d8786d1cc63f3b0f04fd67535b	Unassigned	0.6070690195058068
4be845dc0b87dfb98beef677d93e7720	Unassigned	0.7524969222640602
0b6fbfe23238b9096e15ff97353e90ed	Unassigned	0.7384059516820265
3d357366fbed5986c91378dab7206ad3	Unassigned	0.847772613655004
56a9db67e939c1d4537f40233316794b	Unassigned	0.7848952323153673
a0da905b7974c508f32fe0aeabf7cd0c	X391_Actinobacteria;Actinomycetales;Microbacteriaceae;Leifsonia	0.9987966800583823
85de1a397c2d4cbd88fb7106eb7666f3	Unassigned	0.574627984407726
e6ec7745b56f262d8af344fcb1e9e07f	Unassigned	0.7127720991794837
f1e116456f463a32cd26c97d7ea79d9c	ASV33d__Bacteria;p__Proteobacteria;c__Alphaproteobacteria;o__Rhizobiales;f__Beijerinckiaceae;g__Bosea;s__	0.8066854114979597
d71d0b1cbea64640ddb4b742b43288fd	Unassigned	0.755373703079482
19adce1a1cd8573df6745eef9ac2fb85	Unassigned	0.7940649455844714
612a469ae4be5a0a0c4c0ed1edbdd2bb	Unassigned	0.5042063183041302
e16c4a974fc9de6bacf8be7af6916948	Unassigned	0.8488444014577348
7c4dbffde84797dee2e45fb1fa6c39f0	ASV34d__Bacteria;p__Bacteroidota;c__Bacteroidia;o__Flavobacteriales;f__Weeksellaceae;g__Elizabethkingia;s__Elizabethkingia_miricola	0.9999876735840584
fc847262ff0b2e7ca5a4811b43f2a5c1	Unassigned	0.7200099717978089
d8a58ee993223274d7e5d88ef4e78000	Unassigned	0.8360886865285786
c0bb2173e37b0e4836ae1f926ca93245	Unassigned	0.4711808333713766
7812e26944c3065d1578d20c121d0788	Unassigned	0.8296864686536223
f8874c1401e4277cec42b0821d7ec8dc	Unassigned	0.7540473693430975
94cce18ac3a1936073fbca7c1b45f6e6	Unassigned	0.7634238261418425
8feafda2cea7c2e458ccbb37428a77ba	Unassigned	0.7203474714951688
8556e9b0aece2a978e10bc940910ee93	Unassigned	0.3798631055533943
710dc373b5162dd61b5b96c06a569144	Unassigned	0.48611501229018983
c57334b100ff731f519123d82ba4134f	Unassigned	0.8017934782375206
8749e47f4f70cef114a5c7704de88544	Unassigned	0.7045849524154866
9ef840afdde1884da8784323e070edba	Unassigned	0.7694618703284547
f707834799d601a9b838028f11bf6566	Unassigned	0.7825811763303939
054a5d50304771929777d6f94d2305a1	Unassigned	0.7897948461305153
6fb1b388d2b57e939799f97cd94dcdce	Unassigned	0.7449259952844502
ef53e21351dd35e8ec86807250c0ad42	Unassigned	0.8149843891294395
68b3a1ac1fdcd8cec4c9e1b4f8511464	Unassigned	0.7604179943025429
305221af8dbe5770226fa77224b00d79	Unassigned	0.5363232799544528
2417957852b273250b83b12b3e64bbd0	Unassigned	0.803289243385908
99deb3c5ecb022ec05609ebd1112a557	Unassigned	0.4818904026364339
a2b1a37ed499b30b196ac498c740348b	Unassigned	0.7564896295944372
060a9fc00a0dc9fb1c500e4af0378510	Unassigned	0.8269607724176787
8a75424179ec12213a9cee1917185036	Unassigned	0.8394992503946083
acb67d6a94839116bb7c43413d51de2f	Unassigned	0.8104572073911006
e825710c7fa3fef760d41de8ef0eb179	Unassigned	0.7058924383693574
085e74e6397fe0e390b18b738d3f82cf	Unassigned	0.8168121747426281
2a18c720f82e672d0a029c14127d6bbd	Unassigned	0.5392965657965928
61cf28509425462a2b2e3f2ff0255ad0	Unassigned	0.7401292830965123
7580b94e6cf7c92bd11afa8909cb4ec9	Unassigned	0.5030308952755922
7a4024264d50156ab7bc20b2b6041c2f	Unassigned	0.8282714203579908
48b89cbec69cfed23d296b60e95546ce	Unassigned	0.6729065780756366
0900d9cef23c7ed29be6309952e20ad4	Unassigned	0.8444558963270286
3cc1077f8f96b511c7f6bc81f754630d	Unassigned	0.7569401491583994
1d28ce787ad9245f64875ce20f2f5c47	Unassigned	0.8225340635282165
ebaebfa9e33e61d6793f67e93ad48b5b	ASV33d__Bacteria;p__Proteobacteria;c__Alphaproteobacteria;o__Rhizobiales;f__Beijerinckiaceae;g__Bosea;s__	0.8470900384906874
6fa36df5e20653493c4f75d8e3306772	Unassigned	0.8499283730836993
fcc2ea41abf18d4d143abefe462b6e89	Unassigned	0.6039106004651683
d29b531499e8146289195f7cee6c2100	Unassigned	0.8632774569706428
3206409be864e0ec45c02fbc1572567e	Unassigned	0.6873553829371526
e4d14341693b90766c8b922503b505e3	Unassigned	0.6265540522523909
de0eb53aee28d34b5eb3c6ad0c1f7db9	Unassigned	0.6866294840532869
a23b95e996c61f01685ebfd0d652f317	Unassigned	0.7017208345631811
6268a326deedb05c2930f489d1f2558d	X391_Actinobacteria;Actinomycetales;Microbacteriaceae;Leifsonia	0.9999993701064506
50a2a6cfaee9b6175b7e1d8ddf20761c	Unassigned	0.754243914971708
6262f06a71a6eda0e29edac26e056f1a	Unassigned	0.8421152591619174
44526e35ba17325f5302223234481969	Unassigned	0.7818565363598283
7c5d9e191668221b2d54cb579a055582	Unassigned	0.7097458864070236
bddccc2e8f38b9900f57889ad66e8e0d	Unassigned	0.44745950502217036
5c175ccff52190b2db07a8f9363435d2	Unassigned	0.4041434183061281
9509423c63f6e3449cf4890cbf2bc4b1	Unassigned	0.7237442562840101
35238d02ae0c80c246c78f983059bbf2	ASV34d__Bacteria;p__Bacteroidota;c__Bacteroidia;o__Flavobacteriales;f__Weeksellaceae;g__Elizabethkingia;s__Elizabethkingia_miricola	0.999999997143675
f2e35eb376cee4710376790d020022bc	Unassigned	0.5046579971055147
f845966ed8d1266c54ee7b9897587097	Unassigned	0.4877507425070291
171972b080255260c9263c8ea1265bd2	X391_Actinobacteria;Actinomycetales;Microbacteriaceae;Leifsonia	0.9999981921889826
a0301064606c07672444d2c8c26df9e1	Unassigned	0.7836109971971659
16aeb4a6695e92583cb65efad9a6a613	Unassigned	0.7199585386089269
d8a97df9304428c3ff3f64a65ca1baa0	Unassigned	0.6630497292482371
02a8e7e414f9d238245a3db2a04ebfb0	Unassigned	0.696799250981825
1ef948c527b72c2f4eafa16b5f9b885f	Unassigned	0.8362570429215408
6a7f6524146813c0d386b17a4a0b2f72	Unassigned	0.8058748937998956
824ebdafcc0632c4b20856d31720569e	Unassigned	0.6328225151528761
cbc115d871247fc20c0fda586e210ef6	Unassigned	0.4074564941291319
6cb620f03315650e37669202a34384fc	Unassigned	0.8323613915065089
02d8ab2f71ffa8457c0531714a61fc86	Unassigned	0.6870194567770348
4e9488f0fee866d754137a92aea681b9	X120_Alphaproteobacteria;Sphingomonadales;Sphingomonadaceae;Sphingomonas	0.9999997934350446
1366534621aa99d5bed5e3336a20727d	Unassigned	0.7792274794992289
040b6e0778fed0948fd2b5cc9e5d1f82	Unassigned	0.5389575000344402
76ca4b62146e5fe477c31045faac3393	Unassigned	0.7096022656296458
c8681e9e2ff95e5d904b7b0ac17b0ce6	Unassigned	0.5738016797793313
d9d884b2005d8ad4e7930ace8ebd20e8	ASV29d__Bacteria;p__Proteobacteria;c__Gammaproteobacteria;o__Enterobacterales;f__Enterobacteriaceae;g__Citrobacter;s__Citrobacter_braakii	0.9995245956846358
2dc1cc709dce818343e8ed6b5d83e8ba	Unassigned	0.6341323775089679
386d34a13127e3f6bf6c15c653cda4cd	Unassigned	0.8224397134029432
7727ead17d220fd5058c765533a0cfab	Unassigned	0.7913364666684576
c6d8b91263e93647d7e5f0844b744835	Unassigned	0.7009617273003569
aabb14ec41eab6a3efd11da2abb1957f	Unassigned	0.8073203974991966
dac3a8636d0a70e20b5a3587279c585a	Unassigned	0.6318690324725296
4a30e087ae66f24c7bf03cde52b27268	Unassigned	0.7686597547065238
3420e9c925a1084bd3140e3ccf5a1c3a	Unassigned	0.7266497515646864
ae9c7c6d4438c5d0ab200ab461072cc7	Unassigned	0.66553629094678
2fb44d6a65a506d2fed48684e0bb8090	Unassigned	0.8304800599071993
79043acbb35e957355ab925a92d6520b	Unassigned	0.41937589317618595
e8a8e09a12098ac0eab13b3f250fc5f7	Unassigned	0.8426573515926092
701ac87004d4c42f1e80ebaedd62a27a	Unassigned	0.7165561252681993
2fcfd2b8114c81e4c85ff323bf2a64aa	Unassigned	0.8301452815792913
5d1384a86ebcd7b79f6bed7ca4a0b851	Unassigned	0.6927763179112681
6aaac37f56d07ffcea4fe9ef1cd00d2f	Unassigned	0.6973655376637432
46000025b42d4dca5fb21164ccb53dcf	Unassigned	0.47553977208947207
31667a8952adbae391a150b3ddde8c30	Unassigned	0.823572688935459
16389bcf153f45b5d1314f6f340a4611	Unassigned	0.7666354635695705
27aaa8248aef06b0aecbf917a41c4507	X391_Actinobacteria;Actinomycetales;Microbacteriaceae;Leifsonia	0.9999721699756657
f9005bc53005d21d3d5d831e30b206e4	Unassigned	0.7307222718881924
2451e204ce105c38758e771da0bd891f	Unassigned	0.6913567860064316
cdeeae0697bdc6cf58c4f0f256f058cd	Unassigned	0.7359706444387302
59e8ffac21d3311df53b9d21d5d18d55	Unassigned	0.7707609675702893
f03a36bec73438f07dc083157a209725	Unassigned	0.7405820987494024
a98757204afd8c0cd42c173c103c1bf2	Unassigned	0.8648139547216622
10e0597a4404c2c5acfbe2488d7f3934	Unassigned	0.6432891660762918
937f949d98c77ded83c24bff0f6f20e7	Unassigned	0.4976051127583422
1fff33563accb01bf14638a371f56830	Unassigned	0.821926565630206
ac9241827391986349e6fdc8f33166a5	Unassigned	0.7844802492850113
c31a5286de3d542a1b013351391ccefb	ASV34d__Bacteria;p__Bacteroidota;c__Bacteroidia;o__Flavobacteriales;f__Weeksellaceae;g__Elizabethkingia;s__Elizabethkingia_miricola	0.9956371166191648
b8d8bd3a6898020eb3b9aba9ce1598dd	ASV2d__Bacteria;p__Bacteroidota;c__Bacteroidia;o__Sphingobacteriales;f__Sphingobacteriaceae;g__Pedobacter;s__	0.9990789699341851
2a7c9cd04b760061d14ada7064da72bf	Unassigned	0.6056598370731521
a64942f99192df8856a6878bbae336d8	X391_Actinobacteria;Actinomycetales;Microbacteriaceae;Leifsonia	0.9992924617440714
300f91b69d073286a8d085e14b1afc63	Unassigned	0.8360100083940011
04482e43acf0e3a5e44de14ae131a65d	Unassigned	0.6814267954313605
c5ddd6aa443ec3667fef2b9e067bccee	Unassigned	0.3509889715440322
3e5ce8106d0ab13f8f57f01924204987	Unassigned	0.5623643885702638
82378687e920f59a5bf26c5506a038fc	Unassigned	0.8294172747056817
381aafed7ab3631af91fb3b3b9fec23c	Unassigned	0.7713884898375104
aeb8f7db74cb413c2f7fe2210aece247	Unassigned	0.6710436896784031
23104ad4ce9fbce05e3bef5fa252711e	Unassigned	0.6227184427693189
389fb91d89d3ef61692fd00a71b26862	Unassigned	0.7735611060466178
05d50b6826094ec099956f17572715ca	Unassigned	0.8455722296994747
2ce283d73c8ab2e3c735bffabafa0101	Unassigned	0.6064310430376331
7e97881377eeb493a648a86a2c1f5b14	Unassigned	0.430861415787116
f8d87bfe66fa80b205ad9333bf891cbe	Unassigned	0.8446965614446285
517895018d25e7a93fc128820e9fa015	Unassigned	0.5452606167238314
a203b0b28a46874e6d5e52a383eeb219	Unassigned	0.7247186651213704
8b6eeb6b77750aed5ea5e9e22fda7cb9	Unassigned	0.8832316223553703
62146d646d2d4c3346865580c62fc6e1	Unassigned	0.6670703060623195
0a7b83b523105701c1df88227d524e9d	Unassigned	0.7733604140199228
f89f1327b2780e2abe35563108bdb80b	Unassigned	0.36396531262825615
d3483181c2125fee42ca6bb9ac3af128	Unassigned	0.8783381409742206
3401f05337a62860ee1c37a543941f37	Unassigned	0.7064733249888315
75860dc53143effc4c4743fd0e99df6d	ASV30d__Bacteria;p__Proteobacteria;c__Gammaproteobacteria;o__Enterobacterales;f__Enterobacteriaceae;g__Serratia_A;s__Serratia_Afonticola	0.9993940439362469
6502339eba36bf1dec4177f4e3c5d3fc	Unassigned	0.8042738759552202
b1f16798b26837250160390c4b6910f2	Unassigned	0.7517791496845886
e1e1234c6ad1a75523c0410aa2d6b843	Unassigned	0.7151322131265281
8a0927b1e9f5cbf91b4751f4ae93da9a	Unassigned	0.791944082743294
1c97ac240ffe3fda46b7b6548c1794cc	Unassigned	0.5716542311733542
4fd389602b2fed834ad061d9470d391a	ASV34d__Bacteria;p__Bacteroidota;c__Bacteroidia;o__Flavobacteriales;f__Weeksellaceae;g__Elizabethkingia;s__Elizabethkingia_miricola	0.9999999999466382
50ee124df47a19222c8e8ca2d5ef1c6a	ASV33d__Bacteria;p__Proteobacteria;c__Alphaproteobacteria;o__Rhizobiales;f__Beijerinckiaceae;g__Bosea;s__	0.7361927439091255
0b22df19763bc7784457560373dfdd9b	Unassigned	0.6744876681927384
961217f2767f848e74e1f0bb22f67ac1	Unassigned	0.8241074990073949
cf664bdc4699b5048d91a528813cad61	Unassigned	0.6302678847668077
4b5f42dab40497cd92dd251ce92c25ad	Unassigned	0.7244784260943214
6656351e7ac2b03a66ecb514dc7bf4a0	Unassigned	0.5886882402874092
645d69b539f2bf3d7f5c451d4bb53144	Unassigned	0.7768134017291514
721547f2a08d10590f4ea98006ba71b7	Unassigned	0.8163302630603604
65c13036a2462416c03c1f8362ef6ac0	Unassigned	0.46112526899238315
9a57cc5e3098a6c1510806af78b5efea	Unassigned	0.7170855863546224
36dd3c3c39206b12d839b9af512e3f05	Unassigned	0.4121032488543397
cf480da42b3d1ccd30b0d33dc48b9e77	Unassigned	0.7860656138872437
7178f75e94708968bb9707c2a70b4724	Unassigned	0.7425836047232606
c2db6ffe0519e0ee680b3253cc19287c	ASV14d__Bacteria;p__Proteobacteria;c__Gammaproteobacteria;o__Pseudomonadales;f__Pseudomonadaceae;g__Pseudomonas_E;s__Pseudomonas_E fluorescens_AP	0.9999991300310517
ad6e6cb02a3b341443b355d123ee685c	Unassigned	0.9047268978938742
2526e364697760bb8faddacc305afc19	Unassigned	0.3381030947021554
4c92d79a055b0cb6d2b116ad153dfb6f	Unassigned	0.7644325602909867
b056eb4292be40003b64eb95e4e5f2bd	Unassigned	0.4139722169842872
250f61a00222b552e1ea2e3cef61a0b8	Unassigned	0.8802613499772663
90d24bf566bbd799ed1a8b385b501be4	Unassigned	0.8390957086235825
115a4fc04ce725fbdf395186a104775d	Unassigned	0.653955811869109
2d287c49961a396554868036ecd7d6a9	Unassigned	0.7378442692872718
e3335ec872a1bd8b9c8d6adbae7bd0e2	Unassigned	0.6402190605893603
8fa09a30df3be73bcdf4788dc4070c8e	Unassigned	0.7782686985487757
78367e082829acb96a56d23d408f14c8	Unassigned	0.6472541214989677
16758bf9e87790b361a267eb84320e24	Unassigned	0.49033579817539963
fc7b257064027e1bc2b6fbfb4584677d	ASV27d__Bacteria;p__Proteobacteria;c__Gammaproteobacteria;o__Burkholderiales;f__Burkholderiaceae;g__Xylophilus;s__	0.9587963917301319
a843fc211658b32d18ca8567f97f1a1e	ASV31d__Bacteria;p__Proteobacteria;c__Gammaproteobacteria;o__Burkholderiales;f__Burkholderiaceae;g__Delftia;s__Delftia_acidovorans	0.9895696897551918
2308b53c0d1c7958976087932aacbc13	Unassigned	0.6871741717361242
318731df8b5243f85b944770513f061e	Unassigned	0.6347489674971729
377bf1b86dd15d576b1b9edd617843ce	Unassigned	0.7105571005931236
77d20d0249bfbe55932586f91b46a191	Unassigned	0.6656275476448137
f985c60fc878f09493ea3b60c7c84e97	Unassigned	0.8005994948918844
77aac12fe67258e068423d7d00432bdc	Unassigned	0.4992912276144834
69d2592ab9b5402f7c4fe63a4b9780fa	Unassigned	0.8259382054211489
76df3471ca1324a6665730baf7688eb3	Unassigned	0.6828962570831751
e478dd7e4a13c27800911f7f7013a3a6	Unassigned	0.8575703370354125
900dcb2d06f00ff1683a0cebe2aae80a	Unassigned	0.751250755056751
b15c4df3b2cdd5c57ad696f4ae995c81	Unassigned	0.8115834876556055
3e24ea4151fe3658ab007c0725715824	Unassigned	0.752796861615085
a04a7056c51fcc69430e561a4c6d9355	Unassigned	0.7278981026990403
a68b538ae89b549d4a0ad74533a448c5	Unassigned	0.6437423871619955
9cd34506251a2a69dd984d1b1bc8284d	Unassigned	0.3981420526134538
7fb08fa9b7b2eef6a3db57d0de769227	Unassigned	0.5360935828522757
85367f670923255a7f7b176fbc312157	Unassigned	0.6770969610243818
736eedd00c151ed115d268be362e6c21	Unassigned	0.7788155930697196
72316f7a2187aef9575459741fe769c6	Unassigned	0.7254141860388792
e7836f18bd889e0f4e3160183ef7011f	Unassigned	0.6327675352640267
2239a1ff8c798f469f9713ea2a5732b5	Unassigned	0.41588319730782053
3d255cb168928c694483b0b1bd5fae09	Unassigned	0.6962502206943116
1f659aebe5b7343c10cb389c51cb9882	Unassigned	0.6967375518101608
52642de153b8f67bd18c91d8ff4028b6	Unassigned	0.6929354088876363
1ef97d895f01f9bc03428859e3563275	Unassigned	0.8490399858373305
c039f5aa823f7fa20de22921b9369b47	Unassigned	0.7513729217501551
bd79cc8ad55d35f453cd0d5593e5815e	Unassigned	0.5126733450990668
a78971a533e1cb45dac9c9b5d5eaefb2	ASV27d__Bacteria;p__Proteobacteria;c__Gammaproteobacteria;o__Burkholderiales;f__Burkholderiaceae;g__Xylophilus;s__	0.9927909823510566
80e2c24d4cb8c0cdae3b4e6a4e841089	Unassigned	0.7262335278098581
2671a6460660d4108bccb3a9349e17c2	Unassigned	0.6862506795375045
a95ea416319402643fc97b32dad5c42d	Unassigned	0.8733972278671619
e9426b210b468f59dc98e4a0a331ecf5	Unassigned	0.8054792631862664
051fbe227e83ef2bfc7110516f3e090c	ASV31d__Bacteria;p__Proteobacteria;c__Gammaproteobacteria;o__Burkholderiales;f__Burkholderiaceae;g__Delftia;s__Delftia_acidovorans	0.9997737606264893
cbd53822e41a8e0e147535437117d3ce	ASV17d__Bacteria;p__Bacteroidota;c__Bacteroidia;o__Sphingobacteriales;f__Sphingobacteriaceae;g__Pedobacter;s__	0.9200359120434102
6c216658a4f470b009659848e38ee4ba	Unassigned	0.6864708354159388
a98fb79f6f74423331d2d012e0282867	Unassigned	0.5654272969506624
061087289a4e158cb36d0332aecaac12	Unassigned	0.5965764735131862
9c67b55faf4bf330f40fa014a3f2e21c	Unassigned	0.7559937619875476
c45142f2b3af3eccac3ac5980aa942e4	Unassigned	0.8485071647177034
ee81251a1c96ead0af2f4cd70cd63174	Unassigned	0.7707360707489282
3b42006f4d10c1569b7f1bd82829d3c7	Unassigned	0.5923129117695043
837093d628eb0d8ca8248c801694a5c2	Unassigned	0.7342179607592174
c51c3b25262b95f8c6708918cb680e20	Unassigned	0.4118805813407619
2721008daed12b130f003dd7819eb438	Unassigned	0.7773378660487207
4a3cb19e3b0d1aa3686321baf5dc43ed	Unassigned	0.8833105092319932
f907668ae99d638ce28f2cb23c37d824	Unassigned	0.7516737623280709
88ee206ce5a170dcd22cf1f8722584f6	Unassigned	0.7751049257457064
f9c078d01874181b8871f045128a752c	ASV33d__Bacteria;p__Proteobacteria;c__Alphaproteobacteria;o__Rhizobiales;f__Beijerinckiaceae;g__Bosea;s__	0.8609791387328227
8b4624d224b7b5578a347458e0bb700c	Unassigned	0.7237762077084835
878fc53ff6f6333a92673b700951fa1b	Unassigned	0.5727512047342731
a6d799945dffab4a20efe04778e55814	Unassigned	0.7254116290527345
2444fa67548504fd5e43467a0baacf4b	Unassigned	0.755154376599682
48160393f958b40cabe542db608671ec	Unassigned	0.8256599371717043
bdd6fa476b333ddbaa25545560863f87	Unassigned	0.7600175238558128
eb8b8f468a0efcc458398bdf0c2802c2	Unassigned	0.7244346853086686
86e26cac3473558e22c6da10d3074cad	Unassigned	0.7472864039520626
97d61c700978efab67496880d5095776	ASV29d__Bacteria;p__Proteobacteria;c__Gammaproteobacteria;o__Enterobacterales;f__Enterobacteriaceae;g__Citrobacter;s__Citrobacter_braakii	0.9976595328427676
c0648ae4df2051c0252901d43f77394c	Unassigned	0.3391859479380157
5311bd1075143d10f705d3cc22173d7c	Unassigned	0.6690249586780848
a203067b1a72c4fbc0adc1eae08ae373	Unassigned	0.7528050487686074
137ba698561754b04398231b4a1459aa	Unassigned	0.8555281788247491
d0b38fa01032472fe30ebb9e661e62f9	Unassigned	0.6469114055565706
9a2d5a4b5ae7cc2457bd6badbfd9ef35	Unassigned	0.30607820041277845
4f0f7c8f1b42c583bce462133ffd098c	Unassigned	0.46719638998587276
bc0c0782606947eae9eb5218367601d8	Unassigned	0.8332833655437948
dc745ba7ed8ee960fd155ca8c854ab4e	Unassigned	0.775449358361878
b234787a79056d368701615b0b0e557e	Unassigned	0.485794018818248
04485b68b631d1e69b4bc6ba8a860604	Unassigned	0.3801264100678635
5510ef8029c80a6a19ccef6505de8efc	X391_Actinobacteria;Actinomycetales;Microbacteriaceae;Leifsonia	0.9999979762071705
9312cd629557a191469552b7f5529c63	Unassigned	0.8481004081519999
f57f01018524552e1e7711726e6046bf	Unassigned	0.7869491525391484
01ea69956e992b663387c0d9cfa1be33	Unassigned	0.6630993934451905
0ad94f045de5c21d546e06c8a9e4d45e	Unassigned	0.8222151374155466
37b16ac1d6e621bec2abb106fe1afede	Unassigned	0.4121185807299944
b5287b16c854498e3cc47c96a976cb00	Unassigned	0.7736528241882019
573806d0fc4f159f2f53764aec770019	Unassigned	0.7430077534713124
e8e91c6e320343b233cc1506dbff803b	Unassigned	0.5208147454827665
45b28e83b992afde84567d964fe03c3f	Unassigned	0.7011739586846799
b1acac968deceea70cb5ef4305b264df	Unassigned	0.5635216631957531
b06d300582d9a76a1eccc7d3914ab385	Unassigned	0.7184238170399477
bff76b82eff3e1522e6ad41255d853b6	Unassigned	0.8306693224337809
517fe8088e0bd0668f094abe14b9121a	Unassigned	0.8832284278636644
6218e5ce50d17c91cbeaf7e3474a97cc	Unassigned	0.6458017143139183
7bfe9e2c96155af6078263554454da73	ASV34d__Bacteria;p__Bacteroidota;c__Bacteroidia;o__Flavobacteriales;f__Weeksellaceae;g__Elizabethkingia;s__Elizabethkingia_miricola	0.9870828724284283
94ea4041a6688c3212c9e4b02c2da46b	Unassigned	0.7366625537839451
5bcc98d9b11fa0d1ca0b1977ee044523	Unassigned	0.59926753080428
f8942d4ed360a3bb1ea390103e665bfa	Unassigned	0.656983945007537
533095de453dd3b9b05f6bf9c0042e98	Unassigned	0.5713267312024186
c1c4a2ac2ea35a1fb8fc5075a4f9f5ed	Unassigned	0.7713060942198312
53a8add82d10ca8d530ceba56d7cff87	Unassigned	0.8421376648923723
b0aba38dc9c8016f1047cf79a188f17c	Unassigned	0.7414726578321931
9439e38323cc5e2da84ca48a03bcf1ca	Unassigned	0.7615932720334098
9e87adf79eb738fc37875b6f508dd814	Unassigned	0.8644383135948481
b584025cac9247fd561417912bf6264d	Unassigned	0.8309971735050847
99717fca2d9767973185774021018d61	Unassigned	0.6367300141949854
ff6a0e4659cc0007632313ab0c340ff8	Unassigned	0.8529810971293911
5722a40ff2d1a677f4dea9d80e525fb9	Unassigned	0.8316927530547399
f6cc0fb8de867327222b48dbac5ebde4	ASV9d__Bacteria;p__Proteobacteria;c__Alphaproteobacteria;o__Caulobacterales;f__Caulobacteraceae;g__Brevundimonas;s__	0.9999999922270177
25df44d12f1456841a7da1dad25e7bc9	Unassigned	0.7380802993982027
504b13784a9e3fb6165e5c4824145d1f	ASV29d__Bacteria;p__Proteobacteria;c__Gammaproteobacteria;o__Enterobacterales;f__Enterobacteriaceae;g__Citrobacter;s__Citrobacter_braakii	0.9996198477353563
8072529a82830a79e5ca1ce9f6d4e4e0	Unassigned	0.8533646982580183
27911a461acfa49b118c19a421fa75bc	Unassigned	0.6735195599144782
908c129df228370421419713b492ec58	Unassigned	0.8016037534419218
f092694716ba4da35caa62a4a10badd8	Unassigned	0.45906336185278007
b513bd0e8773533f4766b9adc32b8282	Unassigned	0.6147351776468456
51d980929dfc11dfb4b322ad65c08141	Unassigned	0.6575987516046073
c23148280d33cdecce3aa9db9b5338db	Unassigned	0.8322863949526474
47a3417621853388b987b7bbe906c517	Unassigned	0.8214931563375593
f17f23393e8c6273027bff3cc80d5782	Unassigned	0.709398764025886
7b1db5ab441e4bf06a173258570148ca	Unassigned	0.8643380915234701
93e8a6d101a926aa462ce2a76e1f7e75	Unassigned	0.8616763999213088
297c81262c324408b13e93b3b1a8bfea	Unassigned	0.7023367222217853
ec1c30702bf5ff1b0ea761a463825ddb	ASV34d__Bacteria;p__Bacteroidota;c__Bacteroidia;o__Flavobacteriales;f__Weeksellaceae;g__Elizabethkingia;s__Elizabethkingia_miricola	0.9999996885079755
9c10b0cefd46e8269376a662d980cadc	Unassigned	0.8254273325618622
d510e1c3678dcf163db3451a650a7dcf	Unassigned	0.8028739571882918
76ce0e7f2fcc9e024b98f4604f03b6c8	Unassigned	0.44192886609893256
dc0bce502cc93f36f2c5611d7ac732b3	Unassigned	0.8113961395467483
c504c1d8768262fff87abb4a9117d705	Unassigned	0.6295735553918075
0cbacfadb3123b17fd069b16b498053a	Unassigned	0.4890269559381537
fb56ad475ce2cfd37c89795d44b45795	Unassigned	0.5084217847289316
274fec06cd55b91c6b9270d1a021df66	Unassigned	0.8300918587237953
5d00828452ab1dd5acd381f0b4792e65	Unassigned	0.7522835804817248
ff3191e1b057593d20d268093cea26c4	Unassigned	0.7932453785479545
4af1c6e03b72beadd90578b5929de29a	Unassigned	0.7640594951384012
1b5e83bf8bf960413b2ef516574d331b	Unassigned	0.8420499505971603
7cbf318a351889e6ea3311913d1cf8d9	ASV33d__Bacteria;p__Proteobacteria;c__Alphaproteobacteria;o__Rhizobiales;f__Beijerinckiaceae;g__Bosea;s__	0.9998606740628945
9cbadd42d0f24944c18f0033d3107d36	Unassigned	0.3345409387889786
6535beda17223be81c7fb74e0386c189	Unassigned	0.8422384726846159
4606f3d4eac8f70adf7387e64df17ae3	Unassigned	0.7841237089169499
432bafb5f7d4e7b05fdddbe74a1aa481	Unassigned	0.4768244129853406
ca6b93e4a33f3015890b0f6455266fe5	Unassigned	0.5472331334147302
1ba239b67e47d3a1b23aaa70bde7cf90	Unassigned	0.6243365891858701
c787d7d3e048ac02c7cb4e88179804cc	Unassigned	0.7838963241621727
945e159955bac636f798919bc5ad21b1	Unassigned	0.783047630767156
ca89b7c3f883cfe8801e797cae7f5872	Unassigned	0.7851666212434117
489df379ea0d37901c8c2151c514f18c	ASV33d__Bacteria;p__Proteobacteria;c__Alphaproteobacteria;o__Rhizobiales;f__Beijerinckiaceae;g__Bosea;s__	0.7326116387326388
df59d51193d0db8e2c19ad14b1c8d714	Unassigned	0.6711366954542097
9021c8f446b60024e1860a900d4bf92a	Unassigned	0.8103616944347183
67af267e2d081e89dc954e287ffb0a1e	Unassigned	0.6853795549307979
8a74364135aced4c79c54db475a8800f	Unassigned	0.6944591109241984
98acbe7b63e0a390db34170da5611e11	Unassigned	0.8610924950469884
f8569acde514c6cbd902b008d145595c	Unassigned	0.4926966336566455
75d69237eb39f86951335b5824d504bf	X391_Actinobacteria;Actinomycetales;Microbacteriaceae;Leifsonia	0.999999999981739
d19c4627436349a892a84314ddb8f9d9	Unassigned	0.8239174539865862
d8805cb2c650541a56c5d1eec00afb67	Unassigned	0.8142326467031216
57b183628ebc6eda9509235b125bd841	Unassigned	0.8107306822624958
cb84f3ae81c04629098a92ec8f915ee5	Unassigned	0.6731944209173485
9217041285ed9835b0d8156fcf095e8a	Unassigned	0.6914104570083532
0827716d2e0fbae1586f5a0ed9035719	Unassigned	0.8448799137809918
9a3ffce5fa723bb977c7a5ee12db7090	Unassigned	0.876226827121505
f36ea321d51b1170b79c666f77f845e6	Unassigned	0.6661874148190805
0080cb0f37b34d39010d1b375ba9afba	Unassigned	0.7521681083756325
b19c7f7ad7e6a30238c226db24b1ceec	Unassigned	0.6874385786326374
52388f80f875cbe1ce95effe4484d834	Unassigned	0.5784005473926952
ccd0283e49d93f07199f7ef15aed2313	Unassigned	0.6686734006390274
a3740d38289c1c4a96669cd409d3092f	Unassigned	0.8210403839433434
e0a6fc17eec677646c4d9b01fffb52bf	Unassigned	0.7576985260730439
ab67a18341b3a4f6cf15bfbf0a4c1d20	Unassigned	0.47882948292609584
926abe7796090358cb44836bbf129425	Unassigned	0.8175217898315672
069b6738bf8b972f245e71def0c94bd4	Unassigned	0.7811303361978196
547dbd205f12fa51f4760389785bda38	Unassigned	0.6019788398294059
869c80f00ddcd0adf646f64adf9420b2	Unassigned	0.8029141044805455
0b4b6fe1ceea9bc9e50c6fed29564824	Unassigned	0.8479087273197452
f7479f58f63d6636f5069f8183899dc6	Unassigned	0.7509925727325507
3291438412512496e98bbb36c159c3c4	Unassigned	0.3374435057245383
9762d2218b021a383ae6b13159d4b210	ASV33d__Bacteria;p__Proteobacteria;c__Alphaproteobacteria;o__Rhizobiales;f__Beijerinckiaceae;g__Bosea;s__	0.7651666974307733
c1c9ec68e576b507e2d2c57286b0508f	Unassigned	0.862394028611424
0a8c5334b5a7410b5475343894c90489	Unassigned	0.6785996835893908
3397a1a4026cd8008c17e15ea1ceca56	Unassigned	0.7336731499570925
32e6f0b334a87685700ca5fa5c2e1730	Unassigned	0.8981715554205988
436029836bc87b2b99b58e6143f50afe	Unassigned	0.8086100477291964
9832b6695d647b4f9b3c9381a80a4bc8	Unassigned	0.7539537379118898
2b4d450faa02fd8f959fc3d1da487f5e	Unassigned	0.7216971013191902
af4e72cae23b53f8dbef15a33fdeff81	Unassigned	0.7836552317625198
38b4e5c4a61f2ad6e5b653832461e3c6	Unassigned	0.8274169980568609
895c3fa09928ac2cd24e2de8abc38aa7	Unassigned	0.5323156919608467
b565344c2c1b0f2f8191e9f38a721a69	Unassigned	0.8378650024136717
11a908d387f7538806abcdbd6585bd16	Unassigned	0.5831185008658819
2652eae86203ed22eb47f0d3173256d6	Unassigned	0.6502200103372047
eb012fd796c146d732755913d3b1c1ce	Unassigned	0.5413964400523097
c541542b317954dc0a342a9659ffafd0	Unassigned	0.5592763133046328
5b038e7fde2f057b7433b6a2afa0f0ff	Unassigned	0.7987962465013024
beef244cad7d523d7c8e6a2ef9e0dad9	Unassigned	0.7822425810876168
6e5b88ac430393e6a3628d58d7390fda	Unassigned	0.8743745873108031
e06de84188c10b498853038560192629	Unassigned	0.5862533122031968
70837eef06dccf3f536d6a5ceb760e22	Unassigned	0.8321477475474007
784a12bb12d061c443ffc39ee9b6765a	Unassigned	0.8554370708656064
761bdfa67e8fa901fb4c5952ca3802c9	Unassigned	0.8060903308734094
ddf8615c3ff84288c3503aa8dee72f03	Unassigned	0.8267422128371777
1340435b176aae9625aa2f4141be9d41	Unassigned	0.8532774939902987
a1a8e20bd7fe1a5994d2bda19e7e7ef1	Unassigned	0.7087043313866292
a5c6edda33fc283050c652d56fd439f7	Unassigned	0.4208844559654863
7f91e0d6039a07ec2a68b71bf24f0af9	Unassigned	0.3499862331318845
94ce9c0301be92bda2f9a102dde4382f	ASV31d__Bacteria;p__Proteobacteria;c__Gammaproteobacteria;o__Burkholderiales;f__Burkholderiaceae;g__Delftia;s__Delftia_acidovorans	0.7853592089075522
43b1526cae7f497f053151ecbcf6014a	Unassigned	0.6426926829152726
4bd665b7041de57303a303aa4004aba4	Unassigned	0.5298540195128134
eaa671ac1a9684824dfaec92b17e747f	Unassigned	0.6461446279066398
7299f9328e3fdaca0b18057d45472333	Unassigned	0.7409334671474035
918bb798efafcb050793e9aaada1e3d3	Unassigned	0.8905050933716204
7f4fc6990cf2bad59183e825fb009c5a	Unassigned	0.7684730006953057
27ef755aa94d4b67e156587ceb4c2f8f	Unassigned	0.6077695767885134
23ea95e9c9b19b495a9f86beb3a5f603	Unassigned	0.8729639712615137
58f55863b38cd0bd6e669a2826252e6a	Unassigned	0.7969077027255291
3d670a7cf12fb2a86dee72bd79d4963b	Unassigned	0.4969184997175836
61cc8533b211cb524fbfab9bbcdf8da2	Unassigned	0.7719650083026971
bf01ef064fbd3e0ef63a6f972cda2d6a	Unassigned	0.8561501003797605
b52b65e8558c5c9b6873c0f5e8d281f8	Unassigned	0.6232319841046705
1f9e4230a51b00ac46a3f86e5a65cfb2	Unassigned	0.8128688386842768
8ff2c2effe8c9e945410e0e4e9d27900	Unassigned	0.7806462358698205
de96bbcb5fef1f341407cde20112548b	Unassigned	0.8046014063069119
5766396381277fb1637ab05bcfa6ce59	Unassigned	0.8509124933145437
b99d401dd1e2aaf13dfc8f9a78ca535f	Unassigned	0.9016398016542936
436c600b8acfcb1e197d69e0ed7bf373	Unassigned	0.4111049382827515
d75ad4edfefb1f26cbe0fe919b1c949a	Unassigned	0.8329466982489869
fc17ddf26f36aadf54a2d7d4a222e462	Unassigned	0.8272095391166872
a3f4b3cacaacbd9d858be503e8cf85f0	Unassigned	0.7592568240931072
79cd2495c4589f3126dd9da0f76cf947	Unassigned	0.4902723828503356
e74e64373f7eb54f4d2e4f940c06a407	Unassigned	0.4888191404848915
775a775684276145f2e766e1991a65ff	Unassigned	0.7659458371995828
4364afaa0e9f952a612ef824baf2af1a	Unassigned	0.846113623252996
d9e9799d996b0cb9a1b3f3816fa1bb83	Unassigned	0.8619270825591135
7cd9fd27261ee6eceaa65727eaa919c9	Unassigned	0.8294744358664814
a1a60b836d3b632a9943e0260f684d29	Unassigned	0.7468678923887675
ea7e416fa023fa093a4e40c891365b39	Unassigned	0.6645486242842376
9e3ac9bf0db86ee20f0afd7b450e0fb7	Unassigned	0.6808617449242482
94ac06e46fa69fbea6a13e198e9896ef	Unassigned	0.7793508498841216
157dab63c99c4d2f483e6ea4f4cd2dfa	Unassigned	0.6395554273090884
bbd959aba67bf21c38362d044a119906	Unassigned	0.7082241732396246
069216a36d859f0fd2e8638fdffcaae6	Unassigned	0.8091405145872756
e63f726ced18800559ffbbda1ea3ea19	Unassigned	0.6341124790296244
f4fa8085ba93a4d35692b3e8dc122991	Unassigned	0.7303747377728396
650de09f80e4a6bf22154efed205c0a5	Unassigned	0.7320922374746213
9a253395f83d7a57ecf37f813f2de002	Unassigned	0.7876955189486778
5b26c101c516afc780b68170401f9e57	Unassigned	0.4497380704239907
b62abf7b4235b6b596ba7cd49b85ad06	Unassigned	0.7569090075386149
ed18d408b9460f4dcbae60de50db4e7e	Unassigned	0.8511356505391265
223f9e2428b26cf218a64085d23b9e6c	Unassigned	0.7445237917246539
9d25e040916ed36f7f734333b2293bb2	Unassigned	0.8630545854848606
6563d49161667db3e53730a066311943	Unassigned	0.7005868625145972
e1fa3c54c6559391eb883b97da99b625	ASV33d__Bacteria;p__Proteobacteria;c__Alphaproteobacteria;o__Rhizobiales;f__Beijerinckiaceae;g__Bosea;s__	0.7368262150797287
e7e39810916627041b6d3b923b5fdb8d	Unassigned	0.4887939193046197
12fc4b47a544278ec42f28c5d7ea837e	Unassigned	0.7585649625083946
6bcad5ae2bd9c862073cf73625b46b52	Unassigned	0.6402990507976287
0ab4290bf3d66c5182b7e56b206bd6e9	Unassigned	0.6455610077486006
50e3d42f6294eb25d95f37d7b09c0876	Unassigned	0.8460502922922122
267cc0f00367925b4e5a27f9540c1f6e	Unassigned	0.8269674948210389
7d75e20af56ae3fa174b17dedbeeee37	Unassigned	0.7501355740904705
d974bb2ec0be2017b9d22fc49e04ff7f	Unassigned	0.8295624817518045
9d5e2488f0624125005c676fa6a840e3	Unassigned	0.6280400058545167
a887d1f3f3c43aace2ba3599643dde1e	Unassigned	0.7458917225639694
6c62a8f22d876413cb22fd376575f5cb	X491_Betaproteobacteria;Burkholderiales;Burkholderiaceae;Pandoraea	0.7904730491641624
9c1c48852bee50b7e8430a89f12efb48	Unassigned	0.71333457776057
5e5ede33236ef5608f77c5369fed2e90	Unassigned	0.7749226802549247
58a871f78f94bfbdaf821369e2a26840	Unassigned	0.8178637794108978
a198b91140af70844bb104ec2a76482a	Unassigned	0.8937055405512908
af691580f51bdfacad0207ef40bdf095	Unassigned	0.8238994203409753
35d76ae0c079be8d4f10d7628ed4bdae	Unassigned	0.7145187168829585
f1094fcfb3cf30788381d4e6874d9dc8	Unassigned	0.6893085129008163
eb584dc03fbc5ce5f0512a555e72b914	Unassigned	0.41204809544791376
9fb2171f05a2320a3eb3a77fcea0a2f0	Unassigned	0.5477497000240539
ad1a6b7142d8dc9016fa21ae7778e6ba	Unassigned	0.6823989076189766
a5393033132ba08ba8ec8c0a12f0a96e	X120_Alphaproteobacteria;Sphingomonadales;Sphingomonadaceae;Sphingomonas	0.9954641687063298
1faa54e9f3b80085df2a41cba2498587	Unassigned	0.8034881532482434
45e24c72430c81f0ea633b7a5a0573fa	Unassigned	0.8429855254466897
a6194965af0112ac718347004be5e9b4	ASV14d__Bacteria;p__Proteobacteria;c__Gammaproteobacteria;o__Pseudomonadales;f__Pseudomonadaceae;g__Pseudomonas_E;s__Pseudomonas_E fluorescens_AP	0.9999940151748666
52011129179ba3c3bde4c0a788a29e61	Unassigned	0.7360596912635459
fe825a5905233eebf59ee3caebc55393	Unassigned	0.847710906310398
7eb42fed5dc67e3822901176bde60cea	Unassigned	0.6313461051924435
657da15bd849b917bbb40cfbea605f41	Unassigned	0.8361671910748385
8193f514b9782531b10cceab21abd184	Unassigned	0.8284709300288404
ad667e9a990b978db3b73d0d5665e28b	Unassigned	0.8040054986090135
02c1c4ba971550c1a7e8d50fbdf68461	Unassigned	0.8753029407854761
0b10d6d602bc65079d0e9df5e2667fb3	Unassigned	0.8084252519276394
976725ded23951dd3fc256eed646637e	Unassigned	0.8694262131600976
a88f7257138f18ce19eb070913e02a55	Unassigned	0.488662598456051
fc51aca364274c41fa580824b6c5824c	Unassigned	0.7174464671618941
2dd44f1075f11c71e51c42abd4849973	Unassigned	0.6965664416278639
ad6f7d06e81fd81e412104af3f5d809f	Unassigned	0.6857670518765305
40a2853f3f48423d3841c8b1587665e9	Unassigned	0.8187563907094194
629b5a8c4eecafe02b8a5f882f80d247	Unassigned	0.7698283579372318
65d059516da211826e7dc4c8c7eddd16	X391_Actinobacteria;Actinomycetales;Microbacteriaceae;Leifsonia	0.9999999544222372
ceccd6dc7f75a3934995b70c98bdeece	Unassigned	0.7901619952577281
eb31b37665dd58154e70037a3b7437bd	Unassigned	0.8180779139106625
82f8748154e9ad6d7c0df28658212274	Unassigned	0.8647878919307354
dbc7621fe64154d684ae3bba9f78652f	Unassigned	0.49203438545711253
acde81d6124b2d50c9ab702825eabf27	Unassigned	0.7893991237141513
84b641bf40ab559b3d7d5578b3c5ad87	Unassigned	0.7262888952955351
e3d6ca41ec8ac5d6a98cabc4bb2130d9	Unassigned	0.7070660313566804
f470e44d19593ac8eebb091961bbd0b2	Unassigned	0.691310316806738
4bfc8b1bbadb9871edb06d2f650acf4e	Unassigned	0.7622604556851592
841fba4f07d135f7d81f6c15b5f738e2	ASV34d__Bacteria;p__Bacteroidota;c__Bacteroidia;o__Flavobacteriales;f__Weeksellaceae;g__Elizabethkingia;s__Elizabethkingia_miricola	0.9999999999957367
e87e3e8a736c33bce4b6ce9de8873811	Unassigned	0.6119051751809175
d8350c8ec55db435a8752e901089fe9a	Unassigned	0.8105963860216895
95d52d760fcc1bfe402db114fd4a5485	Unassigned	0.8066945733628241
c0adf7b4e4eb87c0a33501a4cca04da8	Unassigned	0.8590754360572166
bf52e93045be1b73e344b38656deed76	Unassigned	0.5855618139914756
2a313333f0c9292478524a75245dcda0	Unassigned	0.5381962999046739
c40077f8b06f13d2822d2584a4adf139	Unassigned	0.864461400588495
65ef029052929cf7c9c0752360d23c2b	Unassigned	0.8778782344468621
97b29838b187a5f4d2d0704caab5a2a2	Unassigned	0.3671076092997948
adcfc2dec8cf99f83649b37ce436de05	Unassigned	0.5350293308847478
b7eb407054cb697ff8ea941e0a78c52a	Unassigned	0.7361073078861695
6453e79590becccf8f48f067f2cc8b73	Unassigned	0.6938392393197228
5c40dd2839bfaead49c87a9eda25c07e	Unassigned	0.5497210676426996
82712f649857a9844216292c3b32fe11	Unassigned	0.8039639173741266
464b9ea2f6840df4210513eb728e2d21	Unassigned	0.8933746891347842
9804f24c07ed1616c32bb41e322aa680	Unassigned	0.8410418316881018
6f926fb87a0a90b31b8d4b7c9204f1af	Unassigned	0.7050536074439668
30ec0d95db3fb1062074d7044cd325d7	ASV32d__Bacteria;p__Proteobacteria;c__Gammaproteobacteria;o__Burkholderiales;f__Burkholderiaceae;g__Achromobacter;s__	0.999996894390454
569bf9605efeb6247d785a013bf7663c	Unassigned	0.757625620558358
8afe4b98d557be0c7ae2ce82a8ccab0e	Unassigned	0.838179915791189
dd6a11138bef6d258a4261f63e727309	Unassigned	0.855198650146763
2ae4e690256eec8a45847d3065dda1a1	Unassigned	0.4334109335005012
757755349aed1d776846644d3835a180	Unassigned	0.6908255311727823
649f2efd13df2dff8125deb6f1a44f58	ASV14d__Bacteria;p__Proteobacteria;c__Gammaproteobacteria;o__Pseudomonadales;f__Pseudomonadaceae;g__Pseudomonas_E;s__Pseudomonas_E fluorescens_AP	0.799683676316922
5c1b3408f4f3df0e83b364eece779f8c	Unassigned	0.7579715995787129
8468d2552d7f5cdc499805560b646d95	Unassigned	0.8747500400058464
81bda2d6d0470a671069b9268a587362	Unassigned	0.8293145266353737
67fe1f06827748a819ae1736d28e01a5	Unassigned	0.8080932549625566
a6ec42b61d915d9bd187ae3b8a9df43d	Unassigned	0.8166208571471957
1a654f1454089c166dd9184c51fca176	Unassigned	0.5680922055139311
6400df1545baaf987751de825cb61303	ASV17d__Bacteria;p__Bacteroidota;c__Bacteroidia;o__Sphingobacteriales;f__Sphingobacteriaceae;g__Pedobacter;s__	0.9555950086341514
03d74caff0531c51dc8a20c6249dc00e	Unassigned	0.5056221150520006
828d0a8d42ad88bec10d14913e0894b5	Unassigned	0.6658991975192018
94a2bfcb0ff0496f622ed957a5391cc7	Unassigned	0.8844244364400304
be0679e332ba6e402b413a837be47252	Unassigned	0.8018032169467302
9c7e0c0f19a508c817a944cd7863f293	Unassigned	0.8279469171096501
a661ba39c0d43278213aeb74319ad55e	ASV21d__Bacteria;p__Proteobacteria;c__Gammaproteobacteria;o__Xanthomonadales;f__Rhodanobacteraceae;g__Dyella;s__	0.7719418981183217
1e1178f3163cc9169597e95ff04f6ec6	ASV31d__Bacteria;p__Proteobacteria;c__Gammaproteobacteria;o__Burkholderiales;f__Burkholderiaceae;g__Delftia;s__Delftia_acidovorans	0.9215703269982819
0ee20278221685d19df32a3a5fa105b6	Unassigned	0.830334263460252
0beab0c7a2dde108eccdcaa5acf517c0	Unassigned	0.7554011609779856
49ea55ccd58cf02f1672294ec743f980	Unassigned	0.7776583550012098
8a63e2c2990687c1f3e2f9166353907c	Unassigned	0.7683432570714992
a5a72f449f6cb2ea7ab0b24a02909885	Unassigned	0.7335230353946407
71ca6b7133bb9ec1214bcff80f5f581c	Unassigned	0.6700857840346293
f0114395611e87e0a3e723a452323413	Unassigned	0.5651478326644199
9a4e6f446c3d4885d6339da491f1b9f9	Unassigned	0.6625527972361087
1d049c2ac03f543137dac9fb308484aa	Unassigned	0.8560925648598179
96da0e5d9d29a354bc941b07f58434c1	Unassigned	0.796097127603428
cea6651868bc36e3673e700de2f21d4c	Unassigned	0.782705224483653
51797f5deaf2eba3a8850857ec37d751	Unassigned	0.7806296432291354
32a424f6df915d238315583a99f7cb9d	X120_Alphaproteobacteria;Sphingomonadales;Sphingomonadaceae;Sphingomonas	0.9988867698321761
dac7a6a09d822b7e3074a9fe2c91cbe7	Unassigned	0.5368469452131033
7e815b474e2069432c26b4a093b5551b	Unassigned	0.6756853026435984
a249d91529d8d28ac5e29a7a6be3ee25	Unassigned	0.8102050949589503
efa5534fcadf005b6a9a8057429b544e	Unassigned	0.6062658682150175
f2faa145a0818f9f6784bb44925fdb95	Unassigned	0.36830518062273654
3b1e12d26037c86c841e182c14f4757f	Unassigned	0.5386123810969263
0a807fa951f025186f7ea430a42c9426	ASV11d__Bacteria;p__Proteobacteria;c__Gammaproteobacteria;o__Burkholderiales;f__Chromobacteriaceae;g__Aquitalea;s__Aquitaleapelogenes	0.7394593733434346
22498b6bb6f136d8c77fc0bb95ad5f05	Unassigned	0.7280027150879786
b5ece2f2ea386d28d73be45eec0de5b9	Unassigned	0.7779962497331487
1fc3b666fa09f74f41d2308c8b1d6f61	Unassigned	0.8057394684195055
48b881fbeec372735d0f0681e394dcb5	Unassigned	0.3727374767760244
3a0791158074b4a43f3ffb14a1776760	Unassigned	0.8261562674512706
b52dd959d3c7eb805c033831ae2e7472	Unassigned	0.5925905316230282
097a3cc3b4bfa8a46d2d2cd31b9bd13b	Unassigned	0.8293153998942413
b73807b076d4b4e06e8a7f27de5d1ead	Unassigned	0.3799966661455526
35e7ea357c9ae08db29049a859294aea	Unassigned	0.8116335146908169
6972c9426e89fa83c0e0bfe4259adcec	Unassigned	0.7178864187568874
81648cdcd0edec3746fae8e153e07c8b	Unassigned	0.774024897823316
9379dee1e1eab992d813f53ca08d6013	Unassigned	0.8484863390241955
a801492421d20e07a6167bc3a0a1972f	Unassigned	0.8672090316616611
9757b41c61d99040735a11e793e82d23	Unassigned	0.7364973831563555
8c9f41761a705dd0ff425392e9034fb4	Unassigned	0.7673461385816897
9f27dd0cdbb11972980896e238512f03	Unassigned	0.711001970417369
10c9ef8fd1a35a13f7b9fa6c4840cf1f	Unassigned	0.8623372948092206
4dd15f37d7d57306f00b10669c5af47f	Unassigned	0.848640210236367
a16df047abb581379150651679c3e442	Unassigned	0.9075491830268363
7ab53418bc324587ed5a826c48d8bf12	Unassigned	0.8302032857916569
2005227d38553cceeeab28737f216536	Unassigned	0.5830810798144654
fdaf3630b30ab470ca970a7d1f95b01c	Unassigned	0.805299955199977
51bfb73375f704185b53a1a2fa9df317	X391_Actinobacteria;Actinomycetales;Microbacteriaceae;Leifsonia	0.9999998706347325
ebdc2615b61fe628b9ce6252f7465d9d	X391_Actinobacteria;Actinomycetales;Microbacteriaceae;Leifsonia	0.9998061028508451
b9cb46af76e0d0b38cbf1988904390bf	Unassigned	0.5672580306936048
68062eba38094d9388321d9dcab9fb5f	Unassigned	0.7508964186140433
fb410fb38a4c54043598605e378975a9	Unassigned	0.8519895172941225
cf1b8cd2fb289b36c2aea1f1040b5c9c	ASV14d__Bacteria;p__Proteobacteria;c__Gammaproteobacteria;o__Pseudomonadales;f__Pseudomonadaceae;g__Pseudomonas_E;s__Pseudomonas_E fluorescens_AP	0.8261801065897869
0d6a188df1a9b0c860204296c19056dc	Unassigned	0.7014035078274594
a4d990ed04c9216d5a6f75a2bddc0232	Unassigned	0.8275063348760419
3aa1d4acf98776f95c1220ba59785237	Unassigned	0.41927955368231107
5f47113ddb149cbdce8f0650d80ebba8	Unassigned	0.4275179583257165
5ae1e3d6063ea8d8bdcd77cd84de2698	Unassigned	0.6094365139980189
7abdcf5322744591c02caf17d493619c	Unassigned	0.7742538363362556
3d592ea839771c84c6c80e169fd48fc4	Unassigned	0.7919622190177025
b8f33d58b3a8f52a2b8bdbcca9b08105	Unassigned	0.6403622747156335
2c850284d4a0d45dc39270f01bc3cad9	Unassigned	0.8069296346313694
e1960adec1681f4cc196877029d094e0	Unassigned	0.755462300129219
75b97f058b7600a87908e8784b113c62	Unassigned	0.8770331011189895
87130a692b9834f25c45c9a03908a68b	Unassigned	0.7492480857826003
fbef8f64ffb2428c547366bfe6c58414	Unassigned	0.8343813647957656
ce61c74e1f4862d5441132a9496c8ab7	Unassigned	0.7891588265043534
015f3759be31342fc79f3b7728631561	Unassigned	0.8368204144007686
737c098d1007948d40e6cbaf904b72d9	Unassigned	0.4854125908546949
bd350abad9c50cb24ad56f51cd34381b	Unassigned	0.7567549320239264
a52d3789c035f90fa30f025e64b36cbf	Unassigned	0.7721837541088279
0c86e489047a779e9587d0f756304124	Unassigned	0.7286001941838951
9b31d66cebad3737f298f80fc98a0372	Unassigned	0.8349979078764588
f81affec119b98fe8b68ad255be6aeba	Unassigned	0.7893426530842215
1cf2649d6813ebf481ad20972a0bf725	Unassigned	0.6501535211257667
dc1dd2783e40d90bd1f35d4f93411f6d	Unassigned	0.614481155117355
e77e5a81fe87617871b820f701354d0f	Unassigned	0.7537701619498389
20ce0ccadb51f1e62441b27c1cef5b90	Unassigned	0.7942075167422586
b934dab8127577c1df225eb47946dfcd	Unassigned	0.711955689751832
e8a9cf4c6ff8180f17d144ebee5f4e9d	ASV32d__Bacteria;p__Proteobacteria;c__Gammaproteobacteria;o__Burkholderiales;f__Burkholderiaceae;g__Achromobacter;s__	0.7979934181504418
62da6d7a2ff802b262e2e4c93c5a0315	Unassigned	0.8438324555301184
279ec18ace7a45fb812a87c1452ae4c7	Unassigned	0.6619270302495388
5f63d646995c12a2c9e34629b089e046	Unassigned	0.7772441720399612
3d05238e1bfb0588d9542eff414bc553	Unassigned	0.7708488200680718
32bc1ab246517505e42ae6c16b2b8f5d	Unassigned	0.8319336172333159
5c0f8d81b794b2cd9fbfc22d5a4ae6b8	Unassigned	0.8348392798690928
7b98ec54e71d0855f21281c8b10206d2	Unassigned	0.7035596644278461
86e3c06f9d7fc427541cdaeb65a79c8d	Unassigned	0.8853858564136738
eab875b74ebeea9b6815be9dfa5fe0dd	Unassigned	0.6382893000617069
a6509af2c2135f9711ff1aaca1e170a3	Unassigned	0.785518224959527
53898a287932ca30d28827d173882826	Unassigned	0.5262818704694325
ba5beba6b5707cabd0fefd6ded1bdfb5	Unassigned	0.5776282283079601
775cde2ffe6651549d9e579c9e37bc19	Unassigned	0.4748586584619804
c654677e057447e051ab97af6770c1c0	Unassigned	0.8308243797462863
cebab08f4731e589d25007fc396e3ac6	Unassigned	0.7991827837241938
6b64002cc588ae7c1d5bf6fb2ee036bc	Unassigned	0.8128456828690751
a180ac5f14c477e3027927369e9013f6	Unassigned	0.7346785321319335
8b5b0d9bc5001e26d4be77595c7f3c92	Unassigned	0.46764095258049476
9910994f91b6c4263c4db35b3986ef3a	Unassigned	0.8373040146098771
35bf63e639d65dc55848d0710a1cfc8e	Unassigned	0.7847976721232167
2316dd98345589a0166a5bd03af89329	Unassigned	0.8516123461487692
3f19b3460f419ded8de0494ec6a97e9c	Unassigned	0.5874505537198196
207c09ae5bf0eb944d0ba75da6e54f6f	ASV33d__Bacteria;p__Proteobacteria;c__Alphaproteobacteria;o__Rhizobiales;f__Beijerinckiaceae;g__Bosea;s__	0.9063355244560012
c5efc70a345f81a9bba4617e4615cfd0	Unassigned	0.6778423983627311
06617a3049523193c7660ade11883660	Unassigned	0.7164605520498115
ec34a3b0663094779b57d41939b62813	Unassigned	0.8528317576707622
e5bf3b5b3d1f80b258368f679f6bde21	Unassigned	0.7363873990540063
6cc65241716979e5b54362a4567d11c6	Unassigned	0.8012469375430196
7035958a5d538a6ff3ff7827267c9163	Unassigned	0.8434892088705622
042fa36d50c6fe9db35cd4a1d1171cb8	Unassigned	0.8122020191676533
65f7a8f72169295cdc7d8c8cd2c92c8b	Unassigned	0.6811064848267814
1111e168822e08781e6373e3b2145960	Unassigned	0.8328904023888609
444464715509eceb8bde82e02bec23d0	Unassigned	0.7726946299181832
38afd4d3d159cacf7923689c5f51fb1b	Unassigned	0.7551157541747872
7eb1531c439637b86bcacc54a1305098	Unassigned	0.8665963534031877
10767e9e68a1a0a62cfd2adbd8620b2c	Unassigned	0.7990234855609647
9eec32450b2bb2bf379b8a3a93ea5c7c	Unassigned	0.8457778508203866
0091be4645f8892010e36cf9932d2f36	Unassigned	0.7963960485380412
dcba105f35d8ebc9e22269c7491ad3a7	ASV21d__Bacteria;p__Proteobacteria;c__Gammaproteobacteria;o__Xanthomonadales;f__Rhodanobacteraceae;g__Dyella;s__	0.8245260180469115
f1e62d2822ab4891dc108de08d522ad4	X391_Actinobacteria;Actinomycetales;Microbacteriaceae;Leifsonia	0.9999999995552002
b449f5066387be07ee577a95585d45ca	ASV8d__Bacteria;p__Proteobacteria;c__Alphaproteobacteria;o__Rhizobiales;f__Rhizobiaceae;g__Rhizobium;s__	0.9999860371724427
87f1010028df3dd38645a6110ff3c9c0	Unassigned	0.6048591072479067
6112d362565c5797eb555106a550d353	ASV14d__Bacteria;p__Proteobacteria;c__Gammaproteobacteria;o__Pseudomonadales;f__Pseudomonadaceae;g__Pseudomonas_E;s__Pseudomonas_E fluorescens_AP	0.8194086515091408
4d04e6a8931d28d6d8ab862440dbad40	Unassigned	0.582357889866348
d224d545189c7b520d0ba9b0a5de03fa	Unassigned	0.8693791084063496
9f95d0ed1524e13b47eea8c59c6b9e7d	Unassigned	0.6243387087273464
660528450512e9cb9bd29a0b1b90eb2d	Unassigned	0.8152380310052095
35ffcc3b809d667286737d79670b8de5	X391_Actinobacteria;Actinomycetales;Microbacteriaceae;Leifsonia	0.9963689601307727
0d5cdfacc9e7e26f1c8cb222ae023f66	Unassigned	0.5390916608492
78130f458d0efd9f9700199444ea4d15	Unassigned	0.8546219214852852
07699fa14cb8970eee5e8dda19dd5dbe	Unassigned	0.6550817179654709
c69b780e4950e09e6c025afa69ea0c9d	Unassigned	0.7167093389925643
2de272e8fafa29f272f5c9fc576b405e	Unassigned	0.8375836942419425
f63ee308a01926679b2c7717fa0ee726	Unassigned	0.6036583289409387
203c5443b04b0f34ddfa617161daafb1	Unassigned	0.523963811925741
8f22ca4225d495f56d445ff08fbb88e7	Unassigned	0.8157757321940502
a42af0ce8099c756d6f665967d31c92b	Unassigned	0.6997455316723575
25f4cd09c7ddc5537dc133c4ed7ea8f6	Unassigned	0.7308260295495587
fa80ea581d4f2b53f6d991b343d86761	Unassigned	0.7682847073136561
69b432f766a28195d65a67247d4f6b10	Unassigned	0.5921499114632138
ac7f40b460e430b61ac3153b5aadaec2	Unassigned	0.7115627538319078
46672c5140821505af608a5f06ac2350	Unassigned	0.5839654522653737
bc7acd6f468226ca25eb54f54cef5746	Unassigned	0.5455125902636733
9c86735bf80ef5a81125e36a178ebb10	Unassigned	0.7819795869753056
15e37621c3fd34db00be6172c87e1443	Unassigned	0.8279394558892385
cdc2f2d0be6e2da3086f2e549d526f86	Unassigned	0.7263164196847618
37e95af4cb2fc7b763e6ecdb2c226cc2	Unassigned	0.7020569934898904
c154dea7c188b67c88c5e0b4445f7e3e	Unassigned	0.9128635150462394
42b6f94d720413f97745329a4d552b71	Unassigned	0.5306210349358429
13c1b2a8c491cf3fba2fa50e45717450	Unassigned	0.6251504179541001
e6a0f538be76708fd5332d6759ae455c	Unassigned	0.82021791161685
8c8a98209c742a203422d55bf285f070	Unassigned	0.700363876112165
25b4b461d2a8d994d521a5f516d9dc8e	Unassigned	0.6689928055681607
eb8debbe0a4c6590210e6755696aca18	Unassigned	0.35056650676697765
9dedd5b420d4934a8b1477715983b3dc	Unassigned	0.6830715708621272
369b80f108933154a468788511296705	Unassigned	0.767615533043101
6d8ca4f2b8b4a6f057dbf50acb18a23e	Unassigned	0.7695588189226555
a05a04dcc8265c4ca5e8e369f072202d	Unassigned	0.6834192100985139
0418c3e3d8d66468fc4d3fe191cebff3	Unassigned	0.6281461993815817
c67491d4eae6bcd0cb81814c766b7c07	ASV5d__Bacteria;p__Proteobacteria;c__Gammaproteobacteria;o__Burkholderiales;f__Chromobacteriaceae;g__Chromobacterium;s__Chromobacteriumsp002213445	0.9978271563214076
dce5c9b1b524a5cd2978a60ae265b85e	Unassigned	0.41114330741323446
4dbf7eab59a8b79ce8c12ec34ff57e0f	ASV27d__Bacteria;p__Proteobacteria;c__Gammaproteobacteria;o__Burkholderiales;f__Burkholderiaceae;g__Xylophilus;s__	0.9292230221241361
c257e67a7d239d71702a5a533e33a48b	Unassigned	0.5251052357181341
f55db1b8bf0249c707bfb9edaae26471	Unassigned	0.7635729737478844
4b36c33b50265dc599242f7589852bb8	Unassigned	0.7229803010061289
3e8a3f584b390ab56afadd1ea2fb4f7e	Unassigned	0.7421351134924841
da7d4be897a9f02246e4aef2b5b480df	Unassigned	0.7067453070583654
9266fb425d5611a0909e4a4b8dd766a9	Unassigned	0.652474055199173
6303a1bd671efcb9bd723725514fbedf	Unassigned	0.6845336491985151
e39eef2ce0adf7516a1b76348a8eb6e6	Unassigned	0.8673590594989249
c31ede74a28ccea0a0b799ecc1404317	Unassigned	0.6818933803308618
5a62c8cc5578cc495ec185c4f0a556b1	Unassigned	0.8163071650461211
6c6720bf3400d83aa1674567b44ca3cc	Unassigned	0.7532465651323339
1450c6a2def3e960eee17dca934b1915	Unassigned	0.49273817304069123
1111f6a2b8242bbb19d5028a4573b5e8	Unassigned	0.8076251259577666
90fb860f866e16348f86e062cfdaf36b	Unassigned	0.4990998490769595
8026a4ff3f4f5fde0d13077d6290f337	X391_Actinobacteria;Actinomycetales;Microbacteriaceae;Leifsonia	0.9987730187393824
e4a0bcc80b594f1f99b9f05777e0afe3	ASV33d__Bacteria;p__Proteobacteria;c__Alphaproteobacteria;o__Rhizobiales;f__Beijerinckiaceae;g__Bosea;s__	0.7436484282326102
63d5340dabec44ccf6f979e6d393761c	Unassigned	0.6624518953637608
d130be037f71afc1f2052bb6dfa0bef6	Unassigned	0.8413145211004499
1946978d276c90b5061587b03870061e	Unassigned	0.6777519159001504
f27571ca77dea8c59232fca6cfc90e6d	Unassigned	0.7817791862447998
0b06cf48d7b9938764cf48e0060d5dee	Unassigned	0.748275987618593
3dc5836ad76974b0b7d6dba90adc6b1b	Unassigned	0.6156623893556732
0f648f55aa16879eda9be83e4fd60f13	Unassigned	0.7792268269589622
ef9719d5433cb778e3fff246655d7def	Unassigned	0.6620296024050305
c29b4747254f3105f38ba80d78c047b1	Unassigned	0.7198830878512297
d76a001ed0a122d6469f3f8b17f4a9a3	Unassigned	0.5101728735133222
54f60c33ac5606375adfebe14dcb625c	ASV29d__Bacteria;p__Proteobacteria;c__Gammaproteobacteria;o__Enterobacterales;f__Enterobacteriaceae;g__Citrobacter;s__Citrobacter_braakii	0.925077043931578
fe8323595dc9111d76c8809e8c581309	Unassigned	0.617029627544187
30c5d74be365b20eaedce4c0b6d4cef6	Unassigned	0.8310669322425954
1d60095722f6c2791ad6b37e590ff112	ASV33d__Bacteria;p__Proteobacteria;c__Alphaproteobacteria;o__Rhizobiales;f__Beijerinckiaceae;g__Bosea;s__	0.8385350815983906
67d4daab6c7647890a9d20ea69f3b99a	Unassigned	0.44498885664534027
ecaf02a62a57fc4905974e6549d12f7c	Unassigned	0.8518014488916565
a1cd8ac748f7fc7292c1e064c41394ec	ASV30d__Bacteria;p__Proteobacteria;c__Gammaproteobacteria;o__Enterobacterales;f__Enterobacteriaceae;g__Serratia_A;s__Serratia_Afonticola	0.9747890122846106
e3f2fb5f9699fa93242e422e44fef359	Unassigned	0.8445463402863184
2586754c060c8ac657682136012da6a9	Unassigned	0.8651647141355209
73ef7ee29249bea2487aaf41f15948e3	Unassigned	0.8368959032287012
6a2f27d2d813f8eec650f58566ccadf3	Unassigned	0.7851723046008147
2f2f1c1ac2a853d1584f3b2736366155	Unassigned	0.684447863646721
d82feeb51c75d9229847a862a29f433f	Unassigned	0.8156266597994094
a690dd5cb0a7af40ac8095c9fac89d90	ASV11d__Bacteria;p__Proteobacteria;c__Gammaproteobacteria;o__Burkholderiales;f__Chromobacteriaceae;g__Aquitalea;s__Aquitaleapelogenes	0.9957309234248448
33a0348cd80d7406388aaa8a1393bbce	Unassigned	0.6282595130510772
f7a8be6dc78d72caac9e6f53dc5e7e4f	Unassigned	0.8392275095229907
556e46af811e2926a3213b63777fd7e9	ASV10d__Bacteria;p__Proteobacteria;c__Gammaproteobacteria;o__Burkholderiales;f__Burkholderiaceae;g__Comamonas_B;s__	0.9388396358271565
2aeee0212ef35bf540fde44a5b101cf9	ASV7d__Bacteria;p__Proteobacteria;c__Gammaproteobacteria;o__Burkholderiales;f__Burkholderiaceae;g__Herbaspirillum;s__	0.9991466998235801
5706572dbd0fbdf37145070d11bf87c6	ASV33d__Bacteria;p__Proteobacteria;c__Alphaproteobacteria;o__Rhizobiales;f__Beijerinckiaceae;g__Bosea;s__	0.9882743017456052
5fbc383331a1ce66371be3be88f837e9	Unassigned	0.7690489491711383
d1f13c0ab514f3ae2ca1932f241e7dbf	Unassigned	0.8787311757022174
4e633e3ebc417ab27ccc28136520d8ac	Unassigned	0.7995106602030562
beb81effb0847b20cbd819bfbb3f461c	Unassigned	0.47437322106574087
368fd8bb13695d3df7fe436f864344fa	Unassigned	0.5835570258015956
d944833e4a61f2bc97f3ef7252ead755	X263_Sphingobacteriia;Sphingobacteriales;Chitinophagaceae; Chitinophaga	0.9999931249734293
94bf4be6a90a175af43a97af834f08ef	Unassigned	0.695113695283095
026d55145ae85a9fc0491b171a9cefe2	Unassigned	0.677972130100251
746842826517fc3b1be1791fdb594293	Unassigned	0.55003850878774
c02add61ca47d667fe210343e51a5e14	Unassigned	0.8258681829124028
49028b4053eb5922008d3d66a442b38f	Unassigned	0.6939078666774249
653fd789c2a38d141e4d70e62eea6b65	ASV19d__Bacteria;p__Bacteroidota;c__Bacteroidia;o__Sphingobacteriales;f__Sphingobacteriaceae;g__Pedobacter;s__	0.9427854638891476
9b892444135317868840d133618bc2b9	Unassigned	0.7692045685281566
d79d510d1991ad1887c199a7b80a4cba	Unassigned	0.8218839339590991
fcd5db0347a6e285ed54010300b3c925	Unassigned	0.6874579806666944
6ec3925d352c075491305bb79f7d87da	Unassigned	0.6839802950849181
b19994cee0898da0155ac1f4dc8282b2	Unassigned	0.6217384246372522
b441aaf1641f3946995d2c443e841104	Unassigned	0.6064424540210058
b7cc4cbddc49c9ea3df2cd3134461d33	Unassigned	0.7715171231025
98262dc06debdf02a5b57e93ce608f55	Unassigned	0.450527513320371
9b77fc5924a6b6c9fd48ef3a71ddbf50	Unassigned	0.8832625313363208
987c717f779c071e6bfcab3d6c7a3beb	Unassigned	0.865645720497742
7e497e3c01485b830333f1c6618c71f2	Unassigned	0.8099020751565402
b4c8a719f8409eaa382991c303547995	Unassigned	0.7307609864997593
25626225d8bccf78801cd92612fab963	Unassigned	0.589810601969875
71d142e4a1d4fcd19a9c126bf6e2eaa0	Unassigned	0.6386350990520833
1919c3c7046ecb67196c43ae5cda7d86	Unassigned	0.7436252410705957
edc34f33cbaf195071a9db8c4274e880	Unassigned	0.8093019137792687
81bd797b0c4be37d38c0fa256b0a5af8	Unassigned	0.34092743247743096
935a1f7ee4d37bded64ee76468e9a3af	Unassigned	0.8063518233854412
b52442bccdbf3ed58649790b05a19633	Unassigned	0.799106699970431
65d18ed1cd0d7cefdac44d7680da32b8	Unassigned	0.5397605829073006
ff2c98969d8706258eb34848542569e5	ASV34d__Bacteria;p__Bacteroidota;c__Bacteroidia;o__Flavobacteriales;f__Weeksellaceae;g__Elizabethkingia;s__Elizabethkingia_miricola	0.9991066451952305
a1d83433e07f97fd446f7ff512e44fc6	ASV10d__Bacteria;p__Proteobacteria;c__Gammaproteobacteria;o__Burkholderiales;f__Burkholderiaceae;g__Comamonas_B;s__	0.9912685569405756
32ccd039aa78b1887484a39fe05d6333	Unassigned	0.8524612129927006
749187eb5bf35362341ca4e5c93eb801	Unassigned	0.5680474359996661
ff0799d1ec0388f336635df9e51c61c9	Unassigned	0.7320322315110256
0521726dd878120895db0645674a70fe	Unassigned	0.5188053233722296
f04f02e047348d8305f5f99ac8532dc2	Unassigned	0.7376981480320091
66b3b4609729d2233344ec5c0ecbe0a3	Unassigned	0.4598568271755542
a4b8862d6fd3def61bf537a7c31ca5e1	Unassigned	0.5413512326062437
39f2366a513577e99e8e441febb8bd25	ASV5d__Bacteria;p__Proteobacteria;c__Gammaproteobacteria;o__Burkholderiales;f__Chromobacteriaceae;g__Chromobacterium;s__Chromobacteriumsp002213445	0.9989896064903506
08d73569dde8e8784b1909c2b919a1f0	Unassigned	0.711413970796115
4c34b3c89fd252975c10d1d8dbf14c2d	ASV32d__Bacteria;p__Proteobacteria;c__Gammaproteobacteria;o__Burkholderiales;f__Burkholderiaceae;g__Achromobacter;s__	0.9999914432659712
ea5cf64a2239609848032a44c153af6d	Unassigned	0.8881754924818481
7db09eddf77e134a6cd69fdf93cd47d9	Unassigned	0.691943651679706
0d7c4988b308f4b4843fdf43fed0fe27	Unassigned	0.8100891598145883
84fee62bb8d0e205536413f172cb8b61	Unassigned	0.7476077950718686
a4a5d28b82966ca1e6ec036f531cacbc	Unassigned	0.680727633782142
d5cd2c288c4378a63b30d669954c4326	Unassigned	0.693245759421159
87ab1bf298f71d49ee9bb74e00f73cfa	Unassigned	0.49057026982795937
143d8a69ad3f4426820ff17278e3172f	Unassigned	0.8162292747433343
7d2797d22aacda29bbc19882e973c904	Unassigned	0.5714513362867226
7a7cf7aad2ac433f213fc42fdd684dbf	Unassigned	0.4633745082761539
7ccb3fd9c77229bdc333d753a6d7873b	Unassigned	0.6892061266041049
93a8f2166dcfc90a2ed4f00b5eff835e	ASV8d__Bacteria;p__Proteobacteria;c__Alphaproteobacteria;o__Rhizobiales;f__Rhizobiaceae;g__Rhizobium;s__	0.999997201005636
2c982937754e6321f861027032db80f7	Unassigned	0.6312051698767072
9096b6d7b6ca5cf33398f241ea13f189	Unassigned	0.8648642223647223
bc094b2b4746cb492493451a5e8ce9a0	Unassigned	0.8735217689906096
a4a66bef1f03b9d86bd354dd7b762621	Unassigned	0.7579262321236685
0cee1b0d3c5f41933a4bb5741b160233	Unassigned	0.8568535795526502
8bb8444ee683b3e5514cde81014338d7	Unassigned	0.4622305023593042
4970dadc32b77ec670edcd903c15d6ef	Unassigned	0.8557774759268539
079731e573f7923e3d019c9caa29dec6	Unassigned	0.4765420120781295
0151ef80eb0dc727181da3d18be42a21	Unassigned	0.606438167750725
172cc6738b93d387d6b68f8a231bb56a	Unassigned	0.7600074681997571
998068916b8c27eead355caf3a2c7f93	Unassigned	0.7608438683114904
e37c9e7754343d572f6aadedcf3c06a1	Unassigned	0.7640102437515682
3fce017f43d394645bb2f38e59157eeb	Unassigned	0.7307085477457116
d365fe0cf85b2f4f31fc3824ac51eb12	Unassigned	0.5893644085025134
a2efd38c19f34e46ada648f9ba747987	Unassigned	0.6528699124782212
646c287ae0ba23bfb28c6452ef9f072f	Unassigned	0.8524358040034492
d4c93d27dff2fa5d7f656703a9da83af	Unassigned	0.6204680031519108
24b6b62ed22764f500c85834934979b3	Unassigned	0.7296643316573191
de639c2fa4d50d66bdc4080a0fbe3c89	Unassigned	0.31605631828292446
f5c9edcfbdd6e33e97f384990f22666a	Unassigned	0.34999089673059447
21a44a9ade31b4744d738fef9c943f28	Unassigned	0.7701439016123316
d9d00dca64e77b40ab8e0e6696fc6a87	Unassigned	0.8709181473857734
021174ab041244952dc9d0a188b83e3e	Unassigned	0.8473314430032289
2dc5cd3210841d3999a9bf9f1d16c0b0	ASV14d__Bacteria;p__Proteobacteria;c__Gammaproteobacteria;o__Pseudomonadales;f__Pseudomonadaceae;g__Pseudomonas_E;s__Pseudomonas_E fluorescens_AP	0.9999999864428873
60ead43cab762685069fc39c8495acff	Unassigned	0.7569284480080797
e7956db44440df58785d6f8e5ada513e	ASV33d__Bacteria;p__Proteobacteria;c__Alphaproteobacteria;o__Rhizobiales;f__Beijerinckiaceae;g__Bosea;s__	0.7239761520660056
d0cd50a1ea906b9481dd45f836c980af	Unassigned	0.7179587326801284
ee2a3f37145b8034b767689089430e31	Unassigned	0.7001053273261342
cfbff263bf5a5349780de4e7e3d88970	Unassigned	0.8012582592158777
79029cb0a699cbf353b968e9c95d218a	Unassigned	0.7050976705180013
0d68ef5e4bdf364529b68377cd22d354	Unassigned	0.881727093279536
87f801ba43835139955ae5e5ad1fd31c	Unassigned	0.7686992199484621
659dde19e85d07aed75e81804d2213f8	Unassigned	0.8107559934242081
88637785982752cd1bbed47026ec7015	Unassigned	0.9024886994045809
608e045a9241850c7854812fff97590b	Unassigned	0.8260372013926712
0a2a6a41b6b42f4a2943e3c971b85c17	Unassigned	0.7579138764207498
0371c2dfd26be0361cd4d5f97246348c	Unassigned	0.7744323494016241
e76db10d54248ae1d966d74cb701dec5	ASV14d__Bacteria;p__Proteobacteria;c__Gammaproteobacteria;o__Pseudomonadales;f__Pseudomonadaceae;g__Pseudomonas_E;s__Pseudomonas_E fluorescens_AP	0.9975940469719526
510b41063240d65866431c08f978edc5	ASV29d__Bacteria;p__Proteobacteria;c__Gammaproteobacteria;o__Enterobacterales;f__Enterobacteriaceae;g__Citrobacter;s__Citrobacter_braakii	0.9980684643877001
b2f4f14b5b84873cdc9661078e780c16	ASV29d__Bacteria;p__Proteobacteria;c__Gammaproteobacteria;o__Enterobacterales;f__Enterobacteriaceae;g__Citrobacter;s__Citrobacter_braakii	0.9985111371266271
75c73e05863c80e2afc61904c319414d	Unassigned	0.8759047496230769
dba0e5a0bd55659c08d7d25482a95088	Unassigned	0.7067700713290226
87a8979010738f80a7c543857e30b69a	Unassigned	0.7406337294386114
15adfe7c0f2a8aa9fe51bb297c8b85d0	Unassigned	0.8431872857990745
00d843e61f852a256258805004b1f1c3	Unassigned	0.8649625908186345
95542023202c310474367e95b186a54e	Unassigned	0.7433247852032988
472478090614835a14d024be588072d0	Unassigned	0.7116884805364887
1b4a0afe3562e577efc99f7e445b07f5	Unassigned	0.8058712036041038
b0ba038906430684e0bc43c3dffd73a9	Unassigned	0.8134148217728001
712ebbd6b245a041853b8a9dc8a0086c	Unassigned	0.8806454815635026
3c5f4244db7b23f9b955fca57f644b15	Unassigned	0.554838756027322
d01b4cf4e434f1856dbf61514b4b9d46	Unassigned	0.3948835476869491
360d80978f1426e2fc011ca1d89f1c39	Unassigned	0.8007059899050534
304a01d992066916faeefcabd0f6de89	Unassigned	0.8064365733516207
ca1bc44baec2305e7f84075e835cdff4	Unassigned	0.7141587371330442
9f42bfb82afb5c2e30091ba1ee4e8d10	ASV14d__Bacteria;p__Proteobacteria;c__Gammaproteobacteria;o__Pseudomonadales;f__Pseudomonadaceae;g__Pseudomonas_E;s__Pseudomonas_E fluorescens_AP	0.999999989037022
a851e9dc354d34718b095fb6fab994c8	ASV33d__Bacteria;p__Proteobacteria;c__Alphaproteobacteria;o__Rhizobiales;f__Beijerinckiaceae;g__Bosea;s__	0.7237018136850467
218b566e15ab5ff34c9bd855a914879d	Unassigned	0.8202384985011091
40fdc840621f4413fbfe377151a4408b	Unassigned	0.8838395895023915
639296eaec921d7eaf567f2bd4dc2b3d	Unassigned	0.6368422544803227
97d1139d942d7c5130a7e55ed519c520	Unassigned	0.6318425539689719
ef510d9420eb66c892d6d9457e698c0a	Unassigned	0.7618317230182983
f757ab64b31ab41dff28266038dd9ff8	Unassigned	0.8162495391844315
591005d73136ddef16b9bb39546d59cc	Unassigned	0.8199046377375059
569867cd72a0adad9db62a31a4103bf5	Unassigned	0.8004333818609266
4d49995fa4dc306a34cebd59102cdf72	Unassigned	0.6842297340018316
ada88f64837da16f43d8d2332c0aa583	Unassigned	0.8210492529607775
4c636b3725a7bc4fa09beb4e5fdc212a	Unassigned	0.5764960495297731
ebcfe4624f5db99170ed586879124d53	Unassigned	0.790628316391367
c4062b3ffa4c2784653f37b4ae886545	Unassigned	0.30329322433688777
c7d1aabe6104332426180deb0155d61d	Unassigned	0.7224228810332678
1d89d71ae4547cf5a950b68dd61c5ea7	Unassigned	0.8413107786694971
8d7bf37930d60d9cce141f5c24eea162	Unassigned	0.7224167518576594
9e43633019b317f6f5eb6c80a225cdd3	Unassigned	0.583442431964039
be8ad2d2e6d36367ef40bc3f7a39b835	Unassigned	0.6311090938625178
38f2c5b35d358aac361f618d9f3d54e9	Unassigned	0.6603945477300293
bc66a9b8fef95716589aca59ac47bffb	Unassigned	0.5805157429518089
b7e31c513e34f8191cb4170b33a31ad9	Unassigned	0.4483875397658236
6c7237cd5107eea5ecec56f9c01ab06c	Unassigned	0.780158388193657
273c4ecd6444d290d524bd1f120b4fb5	Unassigned	0.7789628214612025
c640865ed8b64e913ecdd08a07c60e66	Unassigned	0.5427487583682625
4443a80b451b544f5c1e629bf91b8597	Unassigned	0.7498896682580477
afb02135c33c1dc8a672ac77ae461d9b	Unassigned	0.8484988694111357
454bd1b4bb8cdb7109c3ccf2f72e1fb7	Unassigned	0.8299208443414973
4295681ee56b30a5d95eb51f6d31cdcf	Unassigned	0.8467902157527558
4a910016bb50603906853cce3d7e5ec9	Unassigned	0.7014566697414821
731e259ae35270643acf4a035f4d753c	Unassigned	0.68548622433659
4c4610ac1d44be977d20a3f35ec56ddc	ASV33d__Bacteria;p__Proteobacteria;c__Alphaproteobacteria;o__Rhizobiales;f__Beijerinckiaceae;g__Bosea;s__	0.8074158006305441
12951759582f2ae033fae71c45fd7029	Unassigned	0.5459556185248814
1c9b1b950b77ccaef092c36856c59dcb	Unassigned	0.8174968476661484
162089b411592e67df5393859ed536eb	Unassigned	0.801406975722419
fafdb4d1d4a43eef3439a7b3f87ee0f5	Unassigned	0.7699967189094142
9913b26072b7ddd6f80abbcac5564914	Unassigned	0.9206396092265282
3cf302ad23117605ea105320b9c461dc	Unassigned	0.829365853886927
b7a03f5d2014f8f6a4bd52b5a2dc409e	Unassigned	0.8700191094036056
3bc633db5308226dd994fd2cbbeac962	Unassigned	0.6559870495486582
a403627edfb7b9da52e3d45aded182d8	Unassigned	0.8131205408288653
e5b8569d7fd9fc10bc9e5eab02068cfd	Unassigned	0.8450425555680394
c28d91a7d452af35a877f5a76f0880b0	Unassigned	0.6897343954136566
cf15614fffae8cae3553c7ca09926f4c	Unassigned	0.7460579089892223
a49d54147f7ec684646c3a52c10d2a67	Unassigned	0.5281194417017809
7233cc346e09beee2719c1eb590c25f2	Unassigned	0.44482880544043824
9af53b2baf9338275645dc0c6b55a287	ASV33d__Bacteria;p__Proteobacteria;c__Alphaproteobacteria;o__Rhizobiales;f__Beijerinckiaceae;g__Bosea;s__	0.7212670553585253
4adc9a2220437c6a65ef15e032ce23bf	Unassigned	0.8006288223658796
0f798964449b1473c14720fbb4eb1d7a	Unassigned	0.4572696307319486
36c99a2bce53d7426f5ff5eb1f7cdfc6	Unassigned	0.8152674240981388
ef9232b2aebf824a5f78388f7a1275ba	Unassigned	0.7523031977110658
65349591de49e1cdc8d87791f7ca08a9	Unassigned	0.7069078399378709
5fa887302f8fec18cfeddf7739b1ed53	Unassigned	0.5800934888897897
f8dca90350c00750fdb49e9acbbe77da	Unassigned	0.4332790973201909
264f4e81309839d79d980e2544b3f9f3	Unassigned	0.7699741882652388
75abce6a2d29b36b75e8710a646330e6	Unassigned	0.8521125358083695
d59f5bdbd2a1e901551f1ce4cd959b46	Unassigned	0.6697098388545357
4d744f48cbcaacdffc9445744540c34f	Unassigned	0.522072154219321
c24dd5f579843113421572cd83454a32	Unassigned	0.6476380266700286
b63a1e6a0e587f47a11dacff431618f6	ASV30d__Bacteria;p__Proteobacteria;c__Gammaproteobacteria;o__Enterobacterales;f__Enterobacteriaceae;g__Serratia_A;s__Serratia_Afonticola	0.9989613133690988
d628c84683bdfa5256f8ff1813c95370	Unassigned	0.7990300724455548
a97599c8f33a71f98e22f163302ba50e	Unassigned	0.8569027395514603
3efd626316c2ac5a1e59148e436e89ac	Unassigned	0.7968652603487919
d82331c08bd93da161ce5699119af7b5	Unassigned	0.8872861434703211
7dc5d9d2e8edb656aa96faf50cbb187e	Unassigned	0.8267370232304583
fb6e5bfce46ad2da91d6183600b77f22	ASV33d__Bacteria;p__Proteobacteria;c__Alphaproteobacteria;o__Rhizobiales;f__Beijerinckiaceae;g__Bosea;s__	0.7052045555493772
db8320b74cab565961a14a7dc5a09920	Unassigned	0.6914441141308495
be2d881ddcf5828c5ef77b7329ce958a	Unassigned	0.7951074852674271
248c7988944b52cd77fc7c0bf6be06fa	Unassigned	0.7802792309242619
0aeba44c7fba2c68f59710c23fc9ad0d	Unassigned	0.4791354424073986
b64769a6f5871f7325ad7c6e0be250a9	Unassigned	0.4738687521930812
cc3941d2976077e6dfc4394aacb89217	Unassigned	0.8064017165679723
d54bd706bcb1c079c127b6510b040950	ASV33d__Bacteria;p__Proteobacteria;c__Alphaproteobacteria;o__Rhizobiales;f__Beijerinckiaceae;g__Bosea;s__	0.7781661815313252
c6b84b198e580086fcb7f7f385d3293b	Unassigned	0.7424113796048313
21892113b882b3b337622d23cba90443	Unassigned	0.7704406876673684
5c7ef865ac4e39a8cbef8418c13cd2c1	Unassigned	0.8667096404821812
9d3dead69e6b2b33986518fe647f3d53	Unassigned	0.5624393384248987
c9324c5844dc5a1233a160f5386e228e	Unassigned	0.7813088004376311
6d583d5785fa42d40e67bddeccb3774f	Unassigned	0.7789359730817065
d70180a00d487879dfab2d7ac88b8922	Unassigned	0.7418865975863174
32373953a18e8effb7a2bd3e45cafb47	Unassigned	0.7518390475644882
1c857f48234534c03a69e3fcbf4c9804	Unassigned	0.7896539560070794
bc987c319f63681492f0dfdc7f675979	Unassigned	0.8761477184138966
d8c070ab90be0425cb22d66cc31b1540	Unassigned	0.798600380721197
868e6f9bdc83226129471b11d4ed226e	Unassigned	0.785699244908715
434560594022fd11c816b1d734df3346	Unassigned	0.8662472452451453
5ce8e35fdc054a21337ee5332f38aff1	Unassigned	0.513567345286823
cea2a487a773bfce8f5e778606dd21c1	Unassigned	0.6246757309381582
881d2bc7295068c64311fe9a163f92d0	Unassigned	0.7138048275938265
bbe3461781abc3d7bce4a283a88faa1f	Unassigned	0.8119916394270423
37cbca65d94616dab5b7e4a2411da6c7	Unassigned	0.7847659361983536
15745d9e758d8ec57fa1edfd6f90c530	Unassigned	0.674726209675383
9dda0f48c37045367fd7d614a4ac48dc	Unassigned	0.3991609163814679
117a3d17d11c90298080892adc0b4e11	ASV33d__Bacteria;p__Proteobacteria;c__Alphaproteobacteria;o__Rhizobiales;f__Beijerinckiaceae;g__Bosea;s__	0.8706861722081669
6a19d8254bee04cbff1f705d071df1a6	Unassigned	0.6081517563475164
c312ff86919f2a03f72353b72b52fffa	Unassigned	0.8072536706163984
edfd49c8cb37bc8d96be479f1dbb93a4	Unassigned	0.7599797437811611
d43a39421c6eb02ccf1404dbec68fa64	Unassigned	0.7805200123566195
a3879413d25ff74e36444c01aac1c44a	Unassigned	0.7882517455835422
062ccc2f7ccce53cc9c596dc9048b1cb	Unassigned	0.8505337161284059
251258a5ebeedeeb8f8374d0a8627b96	Unassigned	0.6987333445339544
052d2dfc22c636cb2ee6f9808a3f2fe8	Unassigned	0.8200567811361996
6c3f7134a7fa9d654a8fdac7e530c89f	Unassigned	0.6437232323304596
7180aee2f2c4ef7f2525e36d526b45cd	Unassigned	0.8312791874517105
df19755ee977b8ac20069d13ec445386	Unassigned	0.6563316597958877
6f5fe7a5c89ca2a005550d76b1742ab1	Unassigned	0.8479326967880872
c8dd1d1db896ae88c1175e5240b8c251	ASV14d__Bacteria;p__Proteobacteria;c__Gammaproteobacteria;o__Pseudomonadales;f__Pseudomonadaceae;g__Pseudomonas_E;s__Pseudomonas_E fluorescens_AP	0.9999941975293839
2c57dadd0a2d30c11acd975d5ad63b3a	Unassigned	0.79374447385709
650fe8f07e1ccb007075028af0ada213	Unassigned	0.9105857030232619
59b61822a27d666825eff616edaad6ce	Unassigned	0.7827744170244828
cbeaf2ae74f08a350524bf621ac2da37	ASV33d__Bacteria;p__Proteobacteria;c__Alphaproteobacteria;o__Rhizobiales;f__Beijerinckiaceae;g__Bosea;s__	0.7241842287083127
c727b89acb5390374afaa568ad4eaf0b	Unassigned	0.7195769920085633
b593594a1803ab0820131a7d72a5e879	Unassigned	0.6700947032362349
73fb1e61eca040bae4de940c6540cd7c	Unassigned	0.7640008440250158
6828a078d6b798dac58258e69cb64b49	Unassigned	0.6221498772804872
89bc29f1c351d9163295342295c6b40e	Unassigned	0.8919625578112258
9d270ca23d6e34fc3d2cadf0ddd19776	Unassigned	0.8611228922464849
0b181c26921476ff61a7d64abff7f7f6	Unassigned	0.6154095981395975
bdfc3e510e42c7a350038896ee24d27a	Unassigned	0.8479512723457026
3f09725286692f38b1494f17a02ea1dd	Unassigned	0.7999095331863454
95fdbac600bb79749f7079a7ff3864ab	Unassigned	0.5843198377623882
4735a9f26e816e703b38f7a6e8d8f23e	Unassigned	0.8363736336040546
f7a3235c576a0bb17b3c4ca1aa96dc4e	Unassigned	0.4121098106440323
779528fc5ccd82c7823bd848e27bf7f3	Unassigned	0.47832764851025555
2a0178e386990f791b8c245085be82a8	Unassigned	0.8632991049095777
706a02dfa55b08761cd3cbd5f908a56d	Unassigned	0.584484442524102
7429a4fd2487a899fc5a983850aad057	Unassigned	0.7955790712317549
032a7f78dbbdac81faeb05b528a8b485	Unassigned	0.8082125204785209
0313eff5908fc4637d4043868477a83a	Unassigned	0.8576057467628061
6caf26f66cae41b07eeed1e6a936c274	Unassigned	0.520830444403205
b85ad87dd84f4a337120895a0ce7f30d	Unassigned	0.833400631666169
4e24e514dcd3f3db1e92a805af279381	Unassigned	0.40965512778459445
00f590fd0e252342f9af78ad412cdac7	Unassigned	0.5843655719765772
c6feb489dabcce68eb7dae2687ee2022	Unassigned	0.5046270399739333
9f4e4a97d0c2e0e9495e7b8d1d9ddfbc	Unassigned	0.6787914848537879
0d089488490c7d213c50a9bcb0e7ceac	Unassigned	0.8123132535205407
2263ed3e31b14926a5d68eb0ff1dc546	Unassigned	0.797803945863437
3c3fc964100bd6fb60d150df83105fa3	Unassigned	0.784964146890154
ef938d31b4c936e10b66b47a60f64204	Unassigned	0.8660564694037747
8b9e555cb7e2f72ec8b39818453ee959	Unassigned	0.8463734215558514
ee821546f7c15d6dd3221d42bf632437	Unassigned	0.6111842636103038
c240e07dc5c68fb51dfce3cb04530131	Unassigned	0.7757293659674975
0a17960d968ecac7ba92683e2863c68b	Unassigned	0.8077451857331038
8121e8a0f84d78e30cf761dccd3221df	Unassigned	0.3707182726658279
2328351e5edb51dd0d49787e933fe61f	Unassigned	0.3161204026290222
dbbe7e48c6cbac309d9ac60e9bddb840	Unassigned	0.7985896851509215
6c190c69cb02ebbe7e63069ffaf30e99	ASV29d__Bacteria;p__Proteobacteria;c__Gammaproteobacteria;o__Enterobacterales;f__Enterobacteriaceae;g__Citrobacter;s__Citrobacter_braakii	0.9998833925065884
78e2a409ef62f661b4b04fc0f2b11ad4	Unassigned	0.8784170841486076
a89b32f8bc92e35157e103c60488437d	ASV32d__Bacteria;p__Proteobacteria;c__Gammaproteobacteria;o__Burkholderiales;f__Burkholderiaceae;g__Achromobacter;s__	0.9999920010369042
027268197f621603839f83cf8c010615	ASV34d__Bacteria;p__Bacteroidota;c__Bacteroidia;o__Flavobacteriales;f__Weeksellaceae;g__Elizabethkingia;s__Elizabethkingia_miricola	0.9999999999914593
a3b525e8711f7e8b9529ecfad2d95214	Unassigned	0.7362518361785815
5ef864c1dc5008fe81680ba9ab273a0f	Unassigned	0.6886137501862863
2ba456fcb876a7f1883934df90678aa8	Unassigned	0.851787939588383
7035579711076bc09a4fdcd9ae4c5c17	Unassigned	0.7811145029675486
4e187c83d09078650ea0ae73f183327a	Unassigned	0.6150689770878269
4d626743bb263b4ee4a0fc075bd85799	Unassigned	0.8306972966479723
5c1a93df7b401a4f76e96a264f989e38	Unassigned	0.8492451817943931
3aeee78f1f433f87dbdc4dd5595b75f6	Unassigned	0.7351816588733188
93bc8788b16451f5b66ec1ff07ad1a40	Unassigned	0.7838512220554333
03bc824d5b377e75eb4321e4817e7f3d	Unassigned	0.6572620685304184
ed8fe037d45131caca5eec3e2c0a1ba3	Unassigned	0.6378670430920953
525b382933fdabde236e71f113493d64	Unassigned	0.7400362692582345
6db1adb36ae95e3702543000071ddd6f	Unassigned	0.7077318589370445
a2a6b7512c4e3c26f9d9c9d3fae75db8	Unassigned	0.5614026646666606
e5b99b7154055e76be4c6c00050eaaa8	Unassigned	0.679834921242368
fb0f86aa89d1e2b3e1862ef29bd18e56	Unassigned	0.8416563761647923
dd7e45845da75cd13e69fd5186d3e4f7	Unassigned	0.8047204171042504
a1745efdec7492ee20b8214eeee59abf	Unassigned	0.701137397876809
4e70499692573ab56c221c493d58d296	Unassigned	0.8327304347085902
d79e293d7bbd8471162be45f49a59ad6	Unassigned	0.7179590955965575
b1b45bfa240ac71c2bd7ea6eea0f1642	Unassigned	0.4064828915981128
825c815d10a20acf9e1f06b637dbafa2	Unassigned	0.883322663020428
bda89e5812d4b91a8d90a50611aa8d10	X391_Actinobacteria;Actinomycetales;Microbacteriaceae;Leifsonia	0.9999999988249044
2b07964e1a3d042b8b080b28bda94dc6	Unassigned	0.6606963565921409
d7e46b16bc4d2e863d6673ca68a347b8	Unassigned	0.8079861856240428
80f2af1405167b7e3f8e2ab6c4c78515	Unassigned	0.8668326181964575
eb9c191f0b2e70cb7076e8e784810793	ASV5d__Bacteria;p__Proteobacteria;c__Gammaproteobacteria;o__Burkholderiales;f__Chromobacteriaceae;g__Chromobacterium;s__Chromobacteriumsp002213445	0.7079133252370041
935da85a3f579b6eef742eeb665b2940	Unassigned	0.6755139852332787
a2a68894676530c6fc8b9933a8921a63	Unassigned	0.6648056790731247
791997800797c198be752bf7dbc1d7bf	Unassigned	0.8142441843821634
05fba2489fc0a4583aee8296de90fd1a	Unassigned	0.7908455339853692
b24012b5781105220062b3086660f0d5	Unassigned	0.8630010274770898
409595f8834a871f6c8b79ca0f44596d	Unassigned	0.7911887349093458
c2fdf33233b221e39267b2d9126551d5	Unassigned	0.7294067632820045
39e10a7bd27c3929f5382ffd1bfe2416	Unassigned	0.5236629693864944
b8cc46b1330df9a80d5726cc041bd203	Unassigned	0.6420029530623941
75dd6eb49409a1bf1761973ee625b547	Unassigned	0.7601770424437445
0a44f1140a5ee3fac14afb220d62c3fa	Unassigned	0.8143296650142337
468c924426a8b6e055ff82613502c76e	Unassigned	0.7534132335567227
9d11677bbaee670db51a8d7b5cf3813d	Unassigned	0.6597950209150574
1f2e6777a8f0d0279c260df42a2c88c6	Unassigned	0.7839821092293422
27bc6b287fa41116d37b5acd791afe58	ASV29d__Bacteria;p__Proteobacteria;c__Gammaproteobacteria;o__Enterobacterales;f__Enterobacteriaceae;g__Citrobacter;s__Citrobacter_braakii	0.7607340274273531
24cbb906e2f398cb4de051fadf55c76e	Unassigned	0.785930713392692
058aa16673862ad854fafa9d8439b7f4	Unassigned	0.8319361709596222
753e841ed0fc55f4551b24a2a0baca70	Unassigned	0.5258180877838453
801de3401adeb9b6ea50e950580f6faf	Unassigned	0.7770799426378954
02360b92426ef0fbb34c3d7f135c5ab6	Unassigned	0.813612730779358
6cb2b580180e404e8a8a216dbe601785	ASV32d__Bacteria;p__Proteobacteria;c__Gammaproteobacteria;o__Burkholderiales;f__Burkholderiaceae;g__Achromobacter;s__	0.9999998295212013
e5167d2c522d72e9464475973b13dd42	Unassigned	0.8247549053841475
1acaca57a9da87c0ab70e21123905df7	Unassigned	0.6778007680210045
41b7832746fe17aca2b65093b8184b19	Unassigned	0.7459229403310113
6b729294bad12a2f6cc1bd6a7a63f314	Unassigned	0.647190960537922
e1fd25df328f672dfe9690f204dd1472	Unassigned	0.7134885853040015
462c70ae52997c04bb5c627ad4de64f7	Unassigned	0.8396647518817584
31084ae6ed6be05e849242d3d73bc661	Unassigned	0.8373775250337347
cfdb7bee284abb39c084a0f0e4cebcee	Unassigned	0.7694260461428591
9eada2e0ba1ab9957e2526cb3a30c678	Unassigned	0.7573920123066403
1b82eae03341d34b6977609d27f17cb3	Unassigned	0.8630303199515752
4d37fd9d7e2217a3e4cb4c34ef5dfdb7	Unassigned	0.6954212341678325
66beec9efb499db6ca76af7db2fff033	Unassigned	0.61959694548097
17f75b92b4b0d0befc7464f652176344	Unassigned	0.7520047464205369
1a6ec254c8a871810a1329f5eac37274	Unassigned	0.8699453015285687
baf966a15f8f15a0b77a22a458f3b712	Unassigned	0.8181873262745143
6dcd0ca75205c08182af8039c19761be	ASV31d__Bacteria;p__Proteobacteria;c__Gammaproteobacteria;o__Burkholderiales;f__Burkholderiaceae;g__Delftia;s__Delftia_acidovorans	0.9929842490954482
0e67f273c61698c71d67d8244a68784a	Unassigned	0.7361735282574499
86622ad67465f60a257342d078a676d4	Unassigned	0.7509500171885273
e31cffa50537675ba7597336cd7c45a9	Unassigned	0.8545193625822475
f21193410e57847c5154218e02951d9e	Unassigned	0.7050170741148679
8d66e761c25d2fcbe442d1cc275b23c0	Unassigned	0.4304915648861938
b4da881e7b3dbea42783fca0eb63c440	Unassigned	0.7648924878708702
09832e6b2af74435d777638ec5452b3c	Unassigned	0.688460710129166
5b49b0b775cdaa501ff262a52f906a0e	X391_Actinobacteria;Actinomycetales;Microbacteriaceae;Leifsonia	0.9988792769067611
22c66f75cba3b21e760457b60c436dc1	Unassigned	0.595049197538414
d24435cad1ff552e2217d812bcb8241f	Unassigned	0.8841535892846036
8d0ec9a5978ffa625987894bcc942a77	Unassigned	0.6427343463587044
d68eb02507742f7b2507bc91aa13e41b	Unassigned	0.6810254675602587
3611f67d75c8fc5cb82651c8c1c2a38b	Unassigned	0.8338608303195363
5f3ddf8eabedd94fddd0a00990888c67	Unassigned	0.8155035080407165
a9d6eb825ca539aa79f385c6e1d38fce	Unassigned	0.5830957305747095
3e43da67a807547cc17f46a4f8da75d9	Unassigned	0.8320709098649627
adfd2925d680b026256a1a44c7bfa243	Unassigned	0.6688191659055267
b110b087cbec66a3a9557aca5bf9b1f5	Unassigned	0.7690462588997756
b627f78578fe9d8fdee0da37a90922a7	Unassigned	0.6828866767037173
1ac5a41f938412f56961f90a15765810	Unassigned	0.8660540985822442
e1f7c4e0c6e33352fabe83e37a6587f3	Unassigned	0.5479147355956614
25fc5f62fde841d6bb7d9172c1c40b76	Unassigned	0.6266596826761553
f9ca67a86ab099a92bc231d032b18477	Unassigned	0.61417874360184
b891ec2434bb485dd5ac3f45eaadefe9	Unassigned	0.8001602740658814
072fc55db46aa97432dea669bd0c342b	Unassigned	0.7591154607032207
067ba3f46229edd1f0a35b3dacaaaeca	Unassigned	0.8553831182013969
ea403ad8dcf4bdb8ca52fa2b61ebf8f8	Unassigned	0.8268577247775009
b1327933386e50b28b2de04b4bff40b0	Unassigned	0.8528982020916446
3ca4ca077b33cdfb409437c4dc147b6a	Unassigned	0.8112466899133369
4318ecb303201f76ce7509856de8c731	Unassigned	0.7914391478136037
7e044cd20f72120d864ece25ed96e479	ASV34d__Bacteria;p__Bacteroidota;c__Bacteroidia;o__Flavobacteriales;f__Weeksellaceae;g__Elizabethkingia;s__Elizabethkingia_miricola	0.9999999995948912
8fd3f1589c91921366837e46186f7065	ASV34d__Bacteria;p__Bacteroidota;c__Bacteroidia;o__Flavobacteriales;f__Weeksellaceae;g__Elizabethkingia;s__Elizabethkingia_miricola	0.9911448325440342
9f932f17cb13fb5832b75e6368914428	Unassigned	0.5555426625318012
58ce7ea3b38a6a2e54b86732ba265f41	Unassigned	0.765649865886088
1975f92d488ae2493dd9a8a50e6ded21	Unassigned	0.7194775441172774
bfcbe29de7dfe63c81f90396bffbe3e8	Unassigned	0.7699761360653963
7eeec5130f5fe799c3626c8f191a26b1	Unassigned	0.8650281477722612
1fe272c3979cfb969b81154f0e79088f	Unassigned	0.6440212331461879
e7ed402e880f19a07f5cd5361f7a288c	Unassigned	0.7265038179840755
9d1d55922ca99dc918b449d73b52f08f	Unassigned	0.7776319716263387
402929df335643382a197c77cb9570f4	Unassigned	0.5408279408966921
f2123e2c4117bde71fa7f2a9b8c343bf	Unassigned	0.8350371187014124
f0c64feab77f9f1a917c5832f3858aed	Unassigned	0.7334762328939093
3c6690a94a6fa9e290e46f1f36ff79d9	Unassigned	0.8003253487683419
26e73ef83901e22e07ab8d020fa73bfd	Unassigned	0.8638963835195919
725db4d97a8e9faf928356443c50fcb9	Unassigned	0.7637720443646872
9df62ecde8a05818dc118e05c79d530e	Unassigned	0.8457589426596408
8eb7ed1998b224c5b5497c8677c4f3fa	Unassigned	0.8706864836996709
430a125ddc5560213e733ffc0cc3c130	Unassigned	0.5340265497266703
03e2fed32c3587acedb0d940ad872ab0	ASV33d__Bacteria;p__Proteobacteria;c__Alphaproteobacteria;o__Rhizobiales;f__Beijerinckiaceae;g__Bosea;s__	0.7117913403919149
c191dfa81e4dfbec07f159025791f8f4	Unassigned	0.597105029318598
d3cb906d4829f28bdd3f3f6933cf7b41	Unassigned	0.7834564135614741
e36505b912c7ab01e80dccde4002a5f1	Unassigned	0.5698054064723681
f4c3546010c9378fbdb6d72c5f2b208a	Unassigned	0.7577173104917361
86bbf972785629f3367361fedb36f44d	Unassigned	0.6182289414282506
31c2b66f920087e2383c80d677b15837	Unassigned	0.7643794085360895
c40232c4fa5e10d04bbd8199debe4f19	ASV7d__Bacteria;p__Proteobacteria;c__Gammaproteobacteria;o__Burkholderiales;f__Burkholderiaceae;g__Herbaspirillum;s__	0.9996787841454011
551695eba6f3b678914bba94ef0ce501	Unassigned	0.4909275902416297
110c979ec3672eb5c62924c10e8cf763	Unassigned	0.8440378549345648
121fbe0e5ab4355bbdae6fdce95dbc76	Unassigned	0.8578954874325575
e8ea9fbabbca9a3a1c4d74a3a2c6a2c3	Unassigned	0.6649798031024057
82b2b4ec6a49c38a03a8bf6936ed01e3	Unassigned	0.7412614830859674
aca8d53494e78ff85c2a41e1b8644a9d	Unassigned	0.6152790837052815
7ff346973a282aa55de296afdb5d74af	X391_Actinobacteria;Actinomycetales;Microbacteriaceae;Leifsonia	0.9999989376339288
e60945b12305ddb1dbaf2f3fba5594dc	Unassigned	0.838234067221948
d32d0b00b3e6fd6172d5c458565ee042	Unassigned	0.7584100621831447
4aa3923f75292c314f8fdad75355b5da	Unassigned	0.517163646341728
ebd3d7f9d2a984cbbaaee8ac5f79b745	Unassigned	0.47625952428667395
9268b7ae0f0b1d98eb8ffe428e6fa848	Unassigned	0.7050816979520009
8cccdc3773f499f579840a4149512fb7	ASV2d__Bacteria;p__Bacteroidota;c__Bacteroidia;o__Sphingobacteriales;f__Sphingobacteriaceae;g__Pedobacter;s__	0.9998754580571813
caeda206d14c5c60172e73ee34cdbf01	Unassigned	0.7980027036903204
1da8332f2e747dba0dbfff5ff4755cad	Unassigned	0.6432546707333071
1992d5f3c5ca2f0229abcbce7545b5f4	Unassigned	0.8697699475132995
899c8adf7bd7a887b876cbd39c8a9b28	Unassigned	0.823494766287742
50d64a0e752e1870bc6068fb3be159b8	Unassigned	0.7124351527700759
a7b434c8f60c559c387a22ba3792b53c	Unassigned	0.8007445899420406
c5b679dd17ce56a8a54f738df045203a	Unassigned	0.6209640334389919
c7fef38913c71b81aed82ee239d35a24	Unassigned	0.5244104711846672
cd1c62fbfb5351ef3f8945c6eff7781d	Unassigned	0.8107889025973773
f7d39eead7b113232e98407de9b8f1e1	Unassigned	0.4437553294834091
fe2491bbe488dfa2ae96c77d7ffe49f7	Unassigned	0.41532967666100473
0ad781d2bd5d0eabd5354e13dac3b867	Unassigned	0.5947685791031614
85c44c83eddc5d3028261a1000b7d0e1	ASV14d__Bacteria;p__Proteobacteria;c__Gammaproteobacteria;o__Pseudomonadales;f__Pseudomonadaceae;g__Pseudomonas_E;s__Pseudomonas_E fluorescens_AP	0.8922514376976783
50578cd7d7d75465ffc6738305b66278	Unassigned	0.7172370961219052
e97a5c26f888f67829a8070551876ef7	ASV33d__Bacteria;p__Proteobacteria;c__Alphaproteobacteria;o__Rhizobiales;f__Beijerinckiaceae;g__Bosea;s__	0.8354910097574966
a0ff8507ab646db6b1406d06fb65694e	Unassigned	0.8328401084051957
a22e3c4036e331a056cca2f70f289ba6	Unassigned	0.4534202266471974
0f38c4d088469e344e2dad35ad6bb7d5	Unassigned	0.8830114866271184
df3a3f2670a44b8a54b93d6b3cd2b80b	ASV33d__Bacteria;p__Proteobacteria;c__Alphaproteobacteria;o__Rhizobiales;f__Beijerinckiaceae;g__Bosea;s__	0.7020390407904651
cd05b36dec467dfcd8b1c26e466da502	Unassigned	0.671623072051629
3ff865ebcda4ae6ee929e95628d598df	Unassigned	0.8289683047922041
f9a925351f52c16dfa42d760d995bb6a	Unassigned	0.7801821644857188
6f4197a34e42c3f22f36ec48d12caf24	Unassigned	0.8948490098270223
3f86097059824ec1aa7a422aaec881ca	Unassigned	0.6118551825911749
26d3c286977c802882a6b4adb3da6382	Unassigned	0.6238975051061035
9460d17ef7e162682449a5234ad68306	Unassigned	0.8287044842247531
999c2725c9b55c1b7ce3327416c55017	Unassigned	0.6704227561022917
186a89922c1b7ea8f322c62329f89939	Unassigned	0.7136703927704642
72438130d20a5e9950e7d35b2c531e81	Unassigned	0.6924063085461822
e68d1d974380c34c9701417e526bef14	ASV14d__Bacteria;p__Proteobacteria;c__Gammaproteobacteria;o__Pseudomonadales;f__Pseudomonadaceae;g__Pseudomonas_E;s__Pseudomonas_E fluorescens_AP	0.9999999969659541
1ed839f5ca292ca66bfd44e91d7a6c2f	Unassigned	0.810695232735194
c93609198139d8e2250230572400e3e8	Unassigned	0.7692077340551416
b026e657c4d8181ba388d75351e1d8b4	Unassigned	0.44296456413630714
eec8afb02b7513e7c49af52ef1728b5c	Unassigned	0.7596373840617899
ccd12dcb015d1943604133067ab8b710	Unassigned	0.5690184277541812
01b3752b70aace952741721e7fb2e91a	Unassigned	0.8157840881121582
89a9a7b86f34f2a21a848b497f94cb08	Unassigned	0.8198459503683646
9cca219ac7e1d9722ab63545dc219ecd	ASV14d__Bacteria;p__Proteobacteria;c__Gammaproteobacteria;o__Pseudomonadales;f__Pseudomonadaceae;g__Pseudomonas_E;s__Pseudomonas_E fluorescens_AP	0.9999677316840279
1c1b6e85e18c7d222cee5ee8794898fa	Unassigned	0.7703643395595084
c576480dcabff3f0700458977baa62df	Unassigned	0.8106783962155872
86c296fa2ef09d22e7887c5393f33dc8	Unassigned	0.6715891441665603
72e4e78ea57c3080badf80438cec6aa1	Unassigned	0.740703607872198
21951ff4f38ebe29dd37a1bd3f721436	Unassigned	0.7156003466149747
209619f8a4c3b89d842e822098af4c02	Unassigned	0.8336886846479878
a6afd1eb3631b064e6818e8d285ddb69	Unassigned	0.6798524908481682
49f9a9fa6c19049801a12174aba03821	Unassigned	0.7009572222932701
1e16c0c8ac407cb5ca21ca433bdd52d8	Unassigned	0.8969281837501041
ef130510145c60f072af3f5c6dcc125b	Unassigned	0.7375265454645572
123964e21760b8b93b13f3ec371d455e	Unassigned	0.8425326755408272
e9edd843e7b17160844dfd3a7a4696df	Unassigned	0.5383014559666779
ac5ee582fe9ffde83a579a89fc6331e3	Unassigned	0.8209654897081162
4bf1b616d25ada323901295668300fda	Unassigned	0.7263194821673732
8ed18b64162798209d1ad9996abda31a	Unassigned	0.46988724326396347
472e998579a0fa30a4a90d9702cfdb64	Unassigned	0.7722184292154949
f00f8bfd6738b1ce1cdb925f748d9bb3	Unassigned	0.8337559051282339
01b3e2c7cfb406133ed137a327ef4efd	Unassigned	0.8036598819004295
f245f277b6faa13da20e6e23d3d13503	Unassigned	0.8561184818165538
3764131aa6452b15649030048e57a78b	ASV33d__Bacteria;p__Proteobacteria;c__Alphaproteobacteria;o__Rhizobiales;f__Beijerinckiaceae;g__Bosea;s__	0.8777561083610887
2c2c4bc3a9a07722437b8653bd813c36	Unassigned	0.8480777715281131
d9d42c3fade3c9f076d578953ca2d074	Unassigned	0.8215017851809117
35e0bb2fa369500e6c720c522c13d33d	Unassigned	0.630846894184265
594316adf36484137cf4de63380aed03	Unassigned	0.8162333713410017
d165d576f73a47e460d12ffced8f5c73	Unassigned	0.4084352157973796
79f0b7ee70f3d1f9ae4fd685f03e13a4	Unassigned	0.7339788510001577
fb553c1a10b72c32a902cb835c8a4f50	Unassigned	0.5277492415834353
1c46e82fbec6597dfca8b895374910a6	ASV30d__Bacteria;p__Proteobacteria;c__Gammaproteobacteria;o__Enterobacterales;f__Enterobacteriaceae;g__Serratia_A;s__Serratia_Afonticola	0.9661673434965546
c8e8e4d98ffa40e7745f26022e367312	Unassigned	0.42679697643696013
5ec3a936f73286418dc0eef789dc0b56	Unassigned	0.8097847982399624
c5d8e1599f1f5c573170c5f9dd819d4d	Unassigned	0.8242032316054603
e34666b96761ff3684210149db28474d	Unassigned	0.6050498940562501
ec051b864ddbc4ecf0d4f0f84a329b82	Unassigned	0.5285883198550207
d38b4d0c9de4f357d7aaab46cee27bec	Unassigned	0.7609392004036264
83fbb451fe4d180fa56627733b1faaea	Unassigned	0.73754092203504
7185060809aea24681df1db5ea7ae686	Unassigned	0.6801680316690295
55eedd178edd98442243f440e7916089	ASV30d__Bacteria;p__Proteobacteria;c__Gammaproteobacteria;o__Enterobacterales;f__Enterobacteriaceae;g__Serratia_A;s__Serratia_Afonticola	0.9540332162523469
d6cbc3222914ae57282ef4c0806fdaaa	Unassigned	0.6323513624077797
e6a37f934268e9d95976a7257f0fbfd0	Unassigned	0.6482272258799477
346b0a8d262453d14a06dc5cffe6f254	ASV14d__Bacteria;p__Proteobacteria;c__Gammaproteobacteria;o__Pseudomonadales;f__Pseudomonadaceae;g__Pseudomonas_E;s__Pseudomonas_E fluorescens_AP	0.8182669811225389
19d42058f3d2549040afb8a6b7ba1518	Unassigned	0.6313743299915118
7bbc49aab7e5652d1cd8d50f61e9bbbf	Unassigned	0.808469747416326
b12d34b56e864371b845f41b6fe18463	Unassigned	0.778067732642274
d8997a711b8f2b672e939464b09d5c9d	X391_Actinobacteria;Actinomycetales;Microbacteriaceae;Leifsonia	0.9999788741562136
cf943234e9ae2c3bc652b122b64e5882	ASV34d__Bacteria;p__Bacteroidota;c__Bacteroidia;o__Flavobacteriales;f__Weeksellaceae;g__Elizabethkingia;s__Elizabethkingia_miricola	0.999999999994202
39f8370257ebb9bcd7967fe08b5a579d	Unassigned	0.550381589995877
a51840f7641c9de40efcde5e73698879	Unassigned	0.8288941161526415
6359c06ce75b6c523c33788b86542213	Unassigned	0.6866170205405041
5bfcac52124d0222ce10f708e2205deb	Unassigned	0.668942868947551
24b33aca2db91ab1f4e929e992055f7f	Unassigned	0.43648705835995616
158dbb4ceb8a0dfe629f0d5933011831	Unassigned	0.7865086069845406
6b826dbbcdaab853f23eba7b251a9829	Unassigned	0.6990841116365245
dec9b632c6240909700e2949a2a89131	Unassigned	0.6485932221198708
c3677997746fddd0a4de4720a9256dcb	Unassigned	0.6681867708440534
4ffcd0a9425567bce6c4d6719621d3da	ASV14d__Bacteria;p__Proteobacteria;c__Gammaproteobacteria;o__Pseudomonadales;f__Pseudomonadaceae;g__Pseudomonas_E;s__Pseudomonas_E fluorescens_AP	0.7908525437070697
12f2304f862a9902906a142277c26e8b	Unassigned	0.37840182589924953
1603206047be3cd4d10a27d7d82124e8	Unassigned	0.8706570899880908
67f63270032dea75fdf1a7a0d20f260a	Unassigned	0.8433059096762501
31c26d9ce1099ab6ffa3fd2febff644e	ASV34d__Bacteria;p__Bacteroidota;c__Bacteroidia;o__Flavobacteriales;f__Weeksellaceae;g__Elizabethkingia;s__Elizabethkingia_miricola	0.9999999999898961
9cca4cc94bc506f880e684c1cf8c899b	Unassigned	0.4704331436659953
0952299d87618319b70016986c74ab69	ASV33d__Bacteria;p__Proteobacteria;c__Alphaproteobacteria;o__Rhizobiales;f__Beijerinckiaceae;g__Bosea;s__	0.8823836084023094
99e1f8ee8c7dd4d12e594438ac2b60f8	Unassigned	0.39096265554676257
c4df78d3ac2d8c5691433dcf2f973cdb	Unassigned	0.7345015952992424
f54447ae705d557e2c2b3777fbdd56f0	Unassigned	0.702576694670303
05fdc90f2d2be227d8477389ee9b4f81	Unassigned	0.6546476035242375
aa44a4396225a2ac1684d5624603da2e	Unassigned	0.8646703218542031
4347fc8da493152741c7db2977fc80cd	Unassigned	0.3713309367804024
7580c767e6b931fc43cec6914b77d611	Unassigned	0.5112848195086068
7bc1eb843abbfcc5b14f83fc97b3b34a	Unassigned	0.8695148297349707
ae5e0ff573dadf0f40f4ec6d83e85519	ASV29d__Bacteria;p__Proteobacteria;c__Gammaproteobacteria;o__Enterobacterales;f__Enterobacteriaceae;g__Citrobacter;s__Citrobacter_braakii	0.999828143161402
6c6ce944c12c1c740a7710f48be9d16d	Unassigned	0.3604578420141312
9f7d3bc8ec5948da57ea0a2f96d715bf	Unassigned	0.7812299798855331
c8f0bd726d2c99ec04f07d8fb7a8080d	Unassigned	0.8021016616809518
b9f37b600d9b212624db55dc9b7673bf	Unassigned	0.6733869955403484
ffed81f906528b679988014518398293	ASV34d__Bacteria;p__Bacteroidota;c__Bacteroidia;o__Flavobacteriales;f__Weeksellaceae;g__Elizabethkingia;s__Elizabethkingia_miricola	0.9999999999440377
0a53090db3d1799dbfc3f5e391428a41	Unassigned	0.7788630286964281
2b02736d274d1e7fcd5532b98f0f8645	Unassigned	0.5151866211387541
d6b049581104d3ef23c135106b40d111	Unassigned	0.6620687173157451
d1af99d2f303ea2c742710a05a7e72a9	Unassigned	0.8005371169446326
da13021f53e98e4f27bcda6a384638c8	Unassigned	0.6872676024439814
9d35d403084b9423741346ddca32e280	Unassigned	0.49895065292948937
b608faa37aac9ab1261620f4ef65f789	Unassigned	0.5626249595094246
1223782e7639cf5e46c6129bc92aad16	Unassigned	0.5414602034457237
356b806ad52feb0f348309af98a22449	Unassigned	0.6395601240187874
1acdfa81a56e6bb808fd6037f03d528a	Unassigned	0.8414535128060675
85ef498afaa29efe7bc752c51e725be1	Unassigned	0.5972366410743054
a384fa287b6e87e560119d4d5dbd81ec	Unassigned	0.6432071274614838
01e2b0826bd2dad0bf4ded7cb2a18f61	Unassigned	0.7223367485654172
6768a93c102d434a7c43964592ccdb07	Unassigned	0.8438647585300355
e13124ac319f078ac5b51cd4102c6b71	Unassigned	0.5151845750756454
c422c27ba3d310a4efa54485e93ca8fc	Unassigned	0.7047714412175974
139e2aaa206b1584c8e25652bdc6c9a5	Unassigned	0.5219007461936886
d08d8e757f1fc19852b0b01eb17d218e	Unassigned	0.7465703828230885
9c8f55880e2fab44087ed01241801d77	Unassigned	0.8645778703488252
f912c9b7ac5932bf340d9f84e77bbde6	Unassigned	0.8322430499788729
8e1dc4df1832ef6a87c41e483719bb4d	ASV33d__Bacteria;p__Proteobacteria;c__Alphaproteobacteria;o__Rhizobiales;f__Beijerinckiaceae;g__Bosea;s__	0.7455488021697734
b7d492d32eaafa7f16dcb246418d31e8	Unassigned	0.6361133848272442
a3e5857c8668034f453ce81cb8f932cf	ASV21d__Bacteria;p__Proteobacteria;c__Gammaproteobacteria;o__Xanthomonadales;f__Rhodanobacteraceae;g__Dyella;s__	0.8938866010229932
72785c167707f8600bd7326481233f9d	Unassigned	0.873236597090595
0accf5ad8776015e1fa6854b2bfb5708	Unassigned	0.6440108817845087
4b2645d7ff8fed507ed3ee2c4458b75d	Unassigned	0.8691288316995882
b3ac9be00727f09ce45ddc6d6ba1ad4b	Unassigned	0.4691221829508706
0865b542908bc39b86d0a1ec527daa5e	Unassigned	0.9002464972891671
1279714624b44c6a0948880d4078c25c	Unassigned	0.5458796713950644
a757d32b6b9f16122790d238a49f6b8d	Unassigned	0.7292240539086543
91c496fabce3f785ff46c5fbcd2e4b64	Unassigned	0.8530573429823598
894e08d2513c1eb25b2cd430e7873591	Unassigned	0.8165470130537527
0302bdd5cd9aad8d4c61677c36c0421e	Unassigned	0.7338183079660097
fa438da162541820ef14156d1079d574	Unassigned	0.9066979406083244
b2c609c1b8cec9acd0c348c63d717739	Unassigned	0.4071119648755104
58f65bc60b15ae4344af30d2ff64e1d8	Unassigned	0.670475560775488
9252e9bbb8b4d7ab21802746d3ad73b1	Unassigned	0.6794893208217994
7e55ff5035eacf647dddb50e83526c88	Unassigned	0.5513436769536764
864bd76deec21bbe6ea500b495d51eb8	Unassigned	0.5066280765486325
7af5b36e51ce2db12c72ac67f84628bf	Unassigned	0.8399180207206509
73b30f79852cf8fd6382ba7346193954	Unassigned	0.3221670118058674
f1c8d7fbd71c3aabd732fadcae7f6ffa	Unassigned	0.7489716455997522
59a8be2a93e117b4ef6d1cdec8b8db05	Unassigned	0.8111573398595234
74b3227ceb5165aea8c8ed419042c26d	Unassigned	0.39566455884033824
4ed7895e9d1f64bd9d6d5bf2b5273815	Unassigned	0.3937053752130375
660470102d584d6f9c5c54ae0038ffc2	ASV14d__Bacteria;p__Proteobacteria;c__Gammaproteobacteria;o__Pseudomonadales;f__Pseudomonadaceae;g__Pseudomonas_E;s__Pseudomonas_E fluorescens_AP	0.9999999290234766
bada30a8990f12180d3f12093d6f204b	Unassigned	0.35372182862183554
f1c4a77a5ec001f20c0fab134f842d85	Unassigned	0.7551045799600541
2f40a590d0efec4c9e12c768bb8243e7	Unassigned	0.8067229306243269
90fd9cadcc797723ed54811fc613aeba	Unassigned	0.8178331224791405
29a270c896e1435da00efdf45c23f38b	Unassigned	0.7909923686681173
faf919fdf2b3d3b97e83a5366c19d524	Unassigned	0.7178842558792476
56d754db9b2827212c25c7bcf9a517f0	Unassigned	0.6740493868257893
37ba825e9a44e77034d5cd6fc824c752	Unassigned	0.5913546740269116
8e3a153516e6ab186e0c162fe8b843de	Unassigned	0.5868585468038948
94ae7436a1502f5de979d963e4740fd2	X391_Actinobacteria;Actinomycetales;Microbacteriaceae;Leifsonia	0.9794975943895726
05c2d2963f606b1530be56ab8ce2e427	X391_Actinobacteria;Actinomycetales;Microbacteriaceae;Leifsonia	0.9901712758102653
b0da3c167e9d3d124884b00a55908517	Unassigned	0.6669863020943663
b99a860aedee3db3125e4ad9ad8c0554	Unassigned	0.49834891754099253
32dd1212683944ab7c0bcc9497cf24e3	Unassigned	0.7094551666279152
5b66e989cbb1eb9882ea6452ab7599db	Unassigned	0.630508825267122
afef8181da16474beb1d752ca185f30f	Unassigned	0.6620384305301865
2242af0e754e7a78de93a96eb52d7f4f	Unassigned	0.851714989841907
ee9f797a009e6c1e7b718c453d6d9d61	Unassigned	0.7642904426450016
f8ffeaf9110520f1b99475630a894901	Unassigned	0.8625756230789668
d382a8e046be95055d355c75c939a7f5	Unassigned	0.8108044948104227
472cf189c5223008981088b3ed0cf258	ASV29d__Bacteria;p__Proteobacteria;c__Gammaproteobacteria;o__Enterobacterales;f__Enterobacteriaceae;g__Citrobacter;s__Citrobacter_braakii	0.9934219696976724
94dfb9f139564304cd16159572b6d520	Unassigned	0.8554544480271898
16ec25f8738940deef8a65534d76b814	Unassigned	0.816519766169929
77a39a2e5eb2db6e5cbe3aa5b3a34933	Unassigned	0.65911232811217
0395c967923bd2e31d01152b1f09b86b	Unassigned	0.8379323975643351
56112ec8d98d4e2f135376804769e14f	Unassigned	0.6017875109302909
7bd8121e8497360784f255f6da973b62	Unassigned	0.44155270352948395
bf997ba39e7f23bee167f881335ec2bc	Unassigned	0.8577689679541358
403c8a2f01e8395611cd144345c068a4	Unassigned	0.7006145228748739
19cbad092d7c1fddeba7d898e6916754	Unassigned	0.7154745985107209
f8dd56c5d53ddc633e5b8cadd9c87281	Unassigned	0.7408925512956664
f7646af842e81c81054a56ec68c107d6	Unassigned	0.5835329197581508
46c283d38f203a9dfb2d86757a0bf822	ASV14d__Bacteria;p__Proteobacteria;c__Gammaproteobacteria;o__Pseudomonadales;f__Pseudomonadaceae;g__Pseudomonas_E;s__Pseudomonas_E fluorescens_AP	0.9999999835718115
265c2db7baffd5d24c443a03af799245	Unassigned	0.6509593912090732
c8f9cd63da076de78b90fa90e66ddf88	Unassigned	0.8193514748646549
31965a440d511f316e799c606b3b28ae	Unassigned	0.6396594291937175
25450c7bacefe64173c8ae5b1b40a3ea	Unassigned	0.661449610681556
3d1ae5730a7bd5af3eed43a2942203dd	Unassigned	0.820796257598489
cc677e2653b443d762488ce35035ef6f	Unassigned	0.7705107528899519
0e21ab4b28629d593682b9e1f1cb9613	Unassigned	0.5674728637439077
aa0f68360c54bf0a1cd8f3653fa90d88	ASV19d__Bacteria;p__Bacteroidota;c__Bacteroidia;o__Sphingobacteriales;f__Sphingobacteriaceae;g__Pedobacter;s__	0.9994100018467941
08f254ac9c8279355d5f2c027b10c0e0	Unassigned	0.7451886188154799
377a1dc2ccd106b49fc7b69800d9a07a	Unassigned	0.7622889657467975
36b8eca163d4b093cee7d59d7520bc3d	Unassigned	0.7895267292037298
01d7906d23399d61552c5d6410dbbbae	Unassigned	0.551954139885711
8bb7972762752a204a216107c729d1f1	Unassigned	0.6951918483771442
0c14dd3698706531b7ce994c6d3bfbd1	Unassigned	0.8462428730626
7f01ea56ea073b3386ce019580088709	Unassigned	0.6748495011691121
cea7c3db84374ec7963b5c50377b3d4a	Unassigned	0.772878388505527
8e6be144b071646b28af029e99e163a2	ASV14d__Bacteria;p__Proteobacteria;c__Gammaproteobacteria;o__Pseudomonadales;f__Pseudomonadaceae;g__Pseudomonas_E;s__Pseudomonas_E fluorescens_AP	0.9735474829351218
3a2200cad451e58f0a577bf00f5a3a3d	Unassigned	0.8481748616587358
c20a6db37cdbe0fcd22efe36c836190a	Unassigned	0.7759243449170892
1038387d10374072f355efa593d5b657	Unassigned	0.8511553731144039
e28fc06046c8be7df61c7a23f55e2b6b	Unassigned	0.6852089097785489
16d5e460db7048394f0305a7864a3b93	Unassigned	0.6575225746526072
e2ff5f4426e171e0652fd1bdf5a5f488	ASV33d__Bacteria;p__Proteobacteria;c__Alphaproteobacteria;o__Rhizobiales;f__Beijerinckiaceae;g__Bosea;s__	0.8527630006402436
6f5ac5bd223f893b52ee23ddcf1b9472	ASV32d__Bacteria;p__Proteobacteria;c__Gammaproteobacteria;o__Burkholderiales;f__Burkholderiaceae;g__Achromobacter;s__	0.9987945978175903
678a7b37aa877d203bbb8d57cd5fada0	Unassigned	0.8286761404950345
2953ce4ceedfbec72e2b09ea9d8e2284	ASV14d__Bacteria;p__Proteobacteria;c__Gammaproteobacteria;o__Pseudomonadales;f__Pseudomonadaceae;g__Pseudomonas_E;s__Pseudomonas_E fluorescens_AP	0.9999999705388238
20cd2626747ad6baa2e2a8d4ce192049	Unassigned	0.860532892882022
e8aa483465f836cbc6f197d853041591	Unassigned	0.8713956119463321
4b1719eb8342492e08692d1465b88095	Unassigned	0.5690462733241506
d703ee096023cd342af5a4914e1635da	ASV5d__Bacteria;p__Proteobacteria;c__Gammaproteobacteria;o__Burkholderiales;f__Chromobacteriaceae;g__Chromobacterium;s__Chromobacteriumsp002213445	0.970446163764061
e7a4c585be7febb917093650a5dcbc77	Unassigned	0.859838963740981
c90df09c11486943d4152188d400c278	Unassigned	0.7462156531823051
5968e4ebc6bf6ccdf55cb06bd979d1c8	Unassigned	0.6629911610091297
e9d72db42a940f616eb01a2c863c810f	Unassigned	0.8527139119356599
afeefe492c64daac732f15ba2288f518	ASV14d__Bacteria;p__Proteobacteria;c__Gammaproteobacteria;o__Pseudomonadales;f__Pseudomonadaceae;g__Pseudomonas_E;s__Pseudomonas_E fluorescens_AP	0.8934807913260158
52ba389d7b1a5ab9ba6cf0ca72dd9bd6	Unassigned	0.6256109666445939
16a3c059747d499b7f51e9738243295c	Unassigned	0.8592701200830595
97129793f32dd6386c222fd4cf985b0a	Unassigned	0.5528601176358845
98f66e141740caac3fbe17948f3c2242	ASV22d__Bacteria;p__Proteobacteria;c__Gammaproteobacteria;o__Burkholderiales;f__Burkholderiaceae;g__Paraburkholderia_B;s__	0.9749874811907293
714dc742b4a264ad51a316cb94785282	Unassigned	0.7609712482395796
35489d0913ca39a91639ae08f78251ff	ASV14d__Bacteria;p__Proteobacteria;c__Gammaproteobacteria;o__Pseudomonadales;f__Pseudomonadaceae;g__Pseudomonas_E;s__Pseudomonas_E fluorescens_AP	0.9999999074205917
99e348cc65b62b0eb72b42abb877ed6a	Unassigned	0.4096575091983544
6c954554a33019e1c3b7dc24da506d6f	Unassigned	0.7836181270988657
301fd6df80178c1797a95c2e616f43bc	Unassigned	0.43192232717638557
aa6f2daadea8e5e9765548ac1b829bed	Unassigned	0.6582894384560392
ea8963654059771ac3038abf4bed8e09	Unassigned	0.8018304513237655
ca63e874a8ee18383968f5ce175e5648	Unassigned	0.781658726793782
59e6d443bc78531e5094b781ca136168	Unassigned	0.582847463947866
ef127a02c5f3d3df9c24e7aa79af513d	Unassigned	0.8024972388133463
1f217e74f860ab85f2a71d3473d20863	Unassigned	0.8645806867706012
70aa6c06cd9e5a242bef57181ff4aa2c	ASV11d__Bacteria;p__Proteobacteria;c__Gammaproteobacteria;o__Burkholderiales;f__Chromobacteriaceae;g__Aquitalea;s__Aquitaleapelogenes	0.977000204363203
8fe9f8992ac68f2ce4b98be7b09c53e1	Unassigned	0.8498382927397
54f6a442a1f4d5570f7764151fe6e6aa	Unassigned	0.8223298140323482
f6a0985f7e01c16b4ccaecd1db863ec4	Unassigned	0.8590017379916685
6f34c7e25dcd65d8d1a5ed7296b0924d	Unassigned	0.8562983298846001
7e7b208e12e7e6accb99b5c71fc80c50	Unassigned	0.8249307181132131
58a3066b00edf886e4f749ea2367b831	Unassigned	0.7355576187280131
865aeb34532b966ae4d0b3ca5f5c6e55	Unassigned	0.7402325919481008
053da5279e1b824057eb78655b589a4d	Unassigned	0.47193581651344996
f5fdc7c69b534394d90919aee7489416	Unassigned	0.6488875656118758
ef83751c85f32457981fbbed035ef566	Unassigned	0.6163621925798307
ca1ffb134db3a238a0ce18e60d7ca4a9	ASV14d__Bacteria;p__Proteobacteria;c__Gammaproteobacteria;o__Pseudomonadales;f__Pseudomonadaceae;g__Pseudomonas_E;s__Pseudomonas_E fluorescens_AP	0.9999999967416073
dfdd227c4e6310fec4b49c2063a8ab6d	ASV33d__Bacteria;p__Proteobacteria;c__Alphaproteobacteria;o__Rhizobiales;f__Beijerinckiaceae;g__Bosea;s__	0.7933061177293708
d9bcab0217d298c3b2ddfea1fbdb7791	Unassigned	0.36899302434330494
6244831732507718c537bcbc0d67ea3f	Unassigned	0.38750423725414795
3024aa00819aa005e0c3c3f09738eab6	Unassigned	0.727663139828959
4b05a6193d6e7852f96e3bda34b2ecde	Unassigned	0.8479927321930203
430a58783e7a4bf41cba704478243fa9	Unassigned	0.7664427216284955
e330c3bc917569905189a9cfc3f01ba0	Unassigned	0.827738115178881
9c9058f043c3c96956d384cfda91280c	Unassigned	0.8149251137826395
041357082977a6a837ca801f202d4755	Unassigned	0.5170013634292823
e834253ff4c0d845ae231170851f0bf0	Unassigned	0.7528513319051097
383d824f3035c1ba92170205d17eef04	Unassigned	0.7839765888578483
10fd74026d1f9ebc5cd66d663a187106	Unassigned	0.40176641093476917
32a353ca4977b0001ff6e798909ec6db	Unassigned	0.8537400010947098
648283c62742412af88862a0c36a3dc8	Unassigned	0.6508770834642675
17ab2a7790acfdca456cec1bd3262342	Unassigned	0.8576291998195286
67d43c02b68251a99635d69ca20ecac6	Unassigned	0.8131710168934747
357bb0eba284c7ee50afd1aa3cbe0495	Unassigned	0.744283192820443
1aac91c7768c8efcaa65d9f441897695	Unassigned	0.8015504787702155
e7806ae755711270723ffdb98770fc41	Unassigned	0.7763698667559751
212d44946ca8e59eed0501bf54bab42b	Unassigned	0.8817002697156853
80f597c96eb819647527f6701419ed75	Unassigned	0.8257216343381978
d02a39d95ca26bedee3cc0b7124a6697	Unassigned	0.8455417975314045
48c5dc8215632347c3541195c5fd7447	Unassigned	0.8160781332872246
cc935a665c2dc2c75be4326ea30792e6	Unassigned	0.8408521580938981
5385f918b5236f0e2f357b2f741065d5	Unassigned	0.8617008294843471
150a84c1d34d03d7689197fa2db3e6af	Unassigned	0.9020684467172931
30c562c4e2ab0b5a123dc215ef8bbfdb	Unassigned	0.8682701077158697
885765f375b2e24fe0b391a825b2f878	Unassigned	0.37078874239725235
6ddc4bbc337a538dc24e320cc1e28388	Unassigned	0.830600520827319
bf316a11eb1d91b9fa7cae536cc2a0a7	Unassigned	0.43720293624252415
2136f11bb5fd741adb1a41a6a140157f	Unassigned	0.6741639568651214
89bbf6f2bb818dd7d0ca21c0f7577e73	Unassigned	0.7724618544404018
9b0fd1cc0d4b1e38c4a71b4c5f9373c4	Unassigned	0.5157320056202974
535157dd092d58e2f102caf54e6ac57b	Unassigned	0.5156892889602125
5a448b3ca66c0d16938adf64b1772b17	Unassigned	0.8210430349225488
d39cafeeb551f606cc610dead43cd64a	Unassigned	0.6673176196843318
9296636705f5080da38d8abd0d75b298	Unassigned	0.7395132037210908
af6a2fa9bf148049d5cacbaddbbad092	Unassigned	0.8078695512861096
8aca747598e18ed496cefc9e52b1b9f7	Unassigned	0.5916052073961987
2e74d39e50dc3458262bdce31f2b1be8	Unassigned	0.6070092595430094
5d1b5523286efc4812c173d59c1cdf97	Unassigned	0.8422623206793505
f010e7d34d058e8d895e44fe8e5f6432	Unassigned	0.835333944510936
1861d32b9b194e59afb0953907da43f1	Unassigned	0.8480136661626096
86fda55b21ed39f0691e1ad015008876	Unassigned	0.51249231621824
a7b54fa4d31a5b8f6686ae1fd7ad4a84	Unassigned	0.657555607330868
7119d504a9e0e4650feda7863556ea86	Unassigned	0.8230512156812726
3fedabab08a663cc3da6c8278ed7a56e	Unassigned	0.46809157303775806
7f1b5cf93df8b2f80ae557eba98b9b95	Unassigned	0.7043276811673951
e1905c58a50d8d9a77268acb62279a55	Unassigned	0.8711312590782341
0a35c8968290893a964c9fd4d4712426	Unassigned	0.7870626730734676
557006b0e7bc5e500c35ccc957b58492	Unassigned	0.7517911514014018
176a4c1f724cee4907b5564ec11c0eb8	Unassigned	0.7819146494456135
8f0f034ffbee9f10d01584f69c8567af	Unassigned	0.6528192899089171
5904ccaf1df41552ad05108368c7f197	Unassigned	0.7859908228934968
3804740afc449af76bb982e943e2eb21	Unassigned	0.7304428820410992
dda7f95d163e9d3d678708310632fde9	Unassigned	0.7499560851632805
4095239e97c03320b05357b855033baf	Unassigned	0.8344421726955502
750e53615f2feb359f5ca1f23d2df9c7	Unassigned	0.8304853787094402
d964bc51909493daa0d985d6d02fba03	Unassigned	0.7131605878459497
52d9543044d005bbab4c6f53b17c797d	Unassigned	0.6986594463262088
b96cf1d0089f4c7f6bf01fd46832c7e3	Unassigned	0.7759135447714655
952ff8a2c12a23f274c9f726e2561756	Unassigned	0.7513041726600868
127a2dabdfd541601dcf9ad82ac88495	Unassigned	0.8308414759728421
9e7b94094f238f8f13a846c6eae7b2d4	Unassigned	0.8432232118407988
d194d4df36d26de377cfd9b9e8938bd9	Unassigned	0.568712299604462
cee0cc87504084c405f2b18285076ba3	Unassigned	0.8714255592765938
844c4af95d18e35671395d0bd9ec006e	Unassigned	0.6207780001348239
07308bd77b8752a1aa0f7ccccc8e1367	Unassigned	0.6502780082522388
77dad1d0712a9338935720ac799eeec9	ASV14d__Bacteria;p__Proteobacteria;c__Gammaproteobacteria;o__Pseudomonadales;f__Pseudomonadaceae;g__Pseudomonas_E;s__Pseudomonas_E fluorescens_AP	0.9876408728733959
758ecdb359c3aec62ceba86d1063a826	Unassigned	0.6537348988326781
8323833057c4312562949607ff8e75f2	Unassigned	0.8286486286406287
e6eebf7a274af9f864dcd6cc3bd075a7	Unassigned	0.8310554888357181
c39c2e952cc26e22873523a3109bdcfc	ASV33d__Bacteria;p__Proteobacteria;c__Alphaproteobacteria;o__Rhizobiales;f__Beijerinckiaceae;g__Bosea;s__	0.7443040706804364
1c7b2bc2a54dd7d27cb45f2761ce6f5f	Unassigned	0.7481556373140792
493c8ce311962e8fa7ad9e949d186e6d	Unassigned	0.7147014553283058
1695ab1fba796f51970613d933bc5286	Unassigned	0.6166670886393766
d3944811b52e04544f24fa05858a6b71	Unassigned	0.7552776317079211
ccc692954ee1e48aeeaa43e2bb9bba52	Unassigned	0.62940866782769
cf2815d97e5bc5a28f2691d3a3576600	Unassigned	0.6497886430053137
bb8013d256ef81cecfb90623e0033fd6	Unassigned	0.4851243673024177
5ccf2f582eba110444ca9cedcc9583b8	Unassigned	0.6106214354683437
01508c69311e69a0882a16bfcc64eabb	Unassigned	0.5736185237207168
a5dab7ea5a00ba71963b2c5cf49dffa2	Unassigned	0.720309263189566
c67c5fc5b1b691d532e2067a39c0184f	Unassigned	0.7927993065984057
f2642f0ca627b61c6d0ec515894b62e7	Unassigned	0.7610060816975501
f47eccae5bff63047b66f287eeac1ca4	Unassigned	0.6474846796046971
c2aa2df8505015025870a5fc0d99db75	Unassigned	0.8765473412876255
033add0192ca5c8c7cea6814c01e5897	Unassigned	0.8063732119189682
e530a200cc8c4f09ad87f00fc4713981	Unassigned	0.5265675665031403
2c68715ac2170f15d11009c565605810	Unassigned	0.3956016444904763
073720948e91d8ff99fdce289fb88090	Unassigned	0.3855519053593387
95c33e85a417878d38d09d969f2789b1	Unassigned	0.7394650314031705
08bdc6c81f6b9daab3d132b54e1d45bc	X391_Actinobacteria;Actinomycetales;Microbacteriaceae;Leifsonia	0.9967013679336437
c23e0022edaf8bb931a188667ad19739	Unassigned	0.7322365834209792
16d13ed513218adc8b205a10b716e08c	Unassigned	0.5906988831994575
b69fdb61c0f19dbf723dafbb2d45cdb1	Unassigned	0.6998473821863813
a0a9d004d4cc824eca9600de794485ad	Unassigned	0.8751999404056495
5714b35adb0ae81628993eadd44a6324	Unassigned	0.8416358120148998
57ab527f0cee1957fb26f64955b2f645	Unassigned	0.7877961400586031
8fa3a730813c0772681ebf70b053181c	Unassigned	0.8090698814809393
95e58a53897b416b3c73ed15deea6fdc	Unassigned	0.7130723042833418
d8174c5a9605edf30e92e194cbff4c1c	Unassigned	0.8717477603024706
d16ad9d8899cabd0238e2decfd7dca6e	Unassigned	0.3805038679714329
95c399c26934ec54d16b21c66f662e8f	Unassigned	0.7633543510945215
ea3d0781c1359f7b9d02acef5a096a85	Unassigned	0.37912385399971693
87c978336570613093760e59a1b5dca2	Unassigned	0.8251984890663188
b679cecc7eab9cf62b827d17b116968f	Unassigned	0.6962052609311534
9168d5aa01c10e0053f0203dc82c88e9	Unassigned	0.6252685189996856
4c18d4469206ac2d1f40fe5b81874083	Unassigned	0.7858782047600625
abb977c042630f995b778c78b9234055	Unassigned	0.6418836932895191
f78333f5f69aec27f7ceee9a29a52827	Unassigned	0.7079543342200796
2cd00b2594c0be46dbfaa414eb433d65	Unassigned	0.754348751403976
feb964f0fe01f0ec3d6961225e5e837a	Unassigned	0.7021003493751391
7995763e04fe0cba99a2afccea0fe052	Unassigned	0.7515471671204481
487bc949690ee5dc75955126299f7d67	Unassigned	0.5280078989539494
3aaead97d136eeaa085c3546e94b2702	ASV32d__Bacteria;p__Proteobacteria;c__Gammaproteobacteria;o__Burkholderiales;f__Burkholderiaceae;g__Achromobacter;s__	0.9991035690849104
51aff60697de7e1979f17a43bbedb7f2	Unassigned	0.8762842123502307
4d55b81462860f0d4665834ae570e7dd	Unassigned	0.7412318099751973
34de32e2f768cfcf6089cd9592cc975a	Unassigned	0.5362045450559042
c567f68c4b5f1375e27e5e98354b1af4	Unassigned	0.820267197587776
efe8ae3975433b8a4759bb4e8e3b3bda	Unassigned	0.5416397667322453
6d3d59f9608fd1b383fd8539fe6ffc4b	ASV33d__Bacteria;p__Proteobacteria;c__Alphaproteobacteria;o__Rhizobiales;f__Beijerinckiaceae;g__Bosea;s__	0.849707870554389
2dc8bf3516f2707ff22c99dc3fcc7bb6	Unassigned	0.6309072127838591
68dad54e81b9e11bf7467f5d178d692d	Unassigned	0.8624429145479185
41658e1360d4650a26d43a5e36dc5a04	Unassigned	0.8552407117323886
a6e049c9c6a6d8dd77392bbe9d0d14d9	Unassigned	0.7428429754605821
27e9c69a6cd3df9bdc42ff7df9fef3a9	Unassigned	0.7972449374805711
a8f20669074406ca06d20f24e1238622	Unassigned	0.7716653203538912
fe110f98627fcb007145c59252a8c43a	Unassigned	0.7715373583085107
07ee35311d98933b12c4e33a06e1c0d6	Unassigned	0.5149065072889762
a6455193cc4dcaa2a0aa6077c133fd20	Unassigned	0.7715664595810594
6f6f05cdc3e6bcdf1b046b5e9988e51e	Unassigned	0.621716249625731
2e263a886fa98df118009bbbdd4912ad	Unassigned	0.5158353934297819
6b1fc7e6acff52a3124ed5e0f829e455	Unassigned	0.7813890249631696
c8749c1e3b9cfe9d2f5dca4e7f342b02	Unassigned	0.6120764974908504
5ba600d7807d46ed2536cd9d0f49e164	ASV14d__Bacteria;p__Proteobacteria;c__Gammaproteobacteria;o__Pseudomonadales;f__Pseudomonadaceae;g__Pseudomonas_E;s__Pseudomonas_E fluorescens_AP	0.9999999950759673
f62893756d92771d3a541b8ec92356d7	Unassigned	0.8431503534098724
f387e664503698e4038bbee87ba1f349	ASV14d__Bacteria;p__Proteobacteria;c__Gammaproteobacteria;o__Pseudomonadales;f__Pseudomonadaceae;g__Pseudomonas_E;s__Pseudomonas_E fluorescens_AP	0.9999999982920826
41e98da01628a83b2eeeead0d04a5caf	Unassigned	0.8747991897372527
de5717105976f51a43b63e09c0a67597	Unassigned	0.8594282017146886
7cc3e1bb09ec58ec5ee23962a409f8b6	Unassigned	0.46820739956411517
1f2baf445a1c9774185cd0c473360c04	Unassigned	0.869689840979849
80faec1cac39d1ccc1041cb4065d0cdc	Unassigned	0.8235197211401305
233ef2050e74daf24de26f2695194e27	Unassigned	0.674384820874141
de8a310ec24c7f0796bf05ef787504ee	Unassigned	0.790610251470802
db657e8e397682fbc8277cc0206f2286	Unassigned	0.6132983992559788
4cc4a5e9642b84617e93dbb8bcc4dc9d	Unassigned	0.7224764371577035
55a33ce94d5b190c57a7126b08dcc97f	Unassigned	0.37792532824327185
5020a8f4e2410397500e2bcc8b5bd8e5	Unassigned	0.8405075427293915
86b5b6f4150487d152900bdf3c1f4fb9	Unassigned	0.776169263640688
bdc1221c591cf124d7030bfdcfce7e7c	Unassigned	0.6074086691060754
8d4a8dd664de601008d959719e278e4c	Unassigned	0.7377359810113847
b607b00f7ade95b30affbdb7a196ae3f	Unassigned	0.6976383622817768
0cd1ae85ef342cd608fbf81f4ce04121	Unassigned	0.7756298304131405
ab889b0e69b2c04c795ce821147d7779	Unassigned	0.48602604373568625
a04c451c03b4c293af3fb3e645ca7984	Unassigned	0.7141211493667706
dce38d634047bb6a94d14aba59c8e615	Unassigned	0.7796648404886454
03190ca4c7061e5b23e0504bcd757e17	Unassigned	0.5065416684533164
08957720a32c4aa80628ebab1265178e	Unassigned	0.8417029008919936
1f0ff9d045ada57276af36a8ec783ce8	Unassigned	0.895970080308388
41934f061a713d74b8897efae37c4e57	Unassigned	0.7925161955006322
0015a289869d33102f11d1fd9c10327c	Unassigned	0.6436331306044429
3d2d86f61eadeb2fd943b9cc121a81fb	ASV14d__Bacteria;p__Proteobacteria;c__Gammaproteobacteria;o__Pseudomonadales;f__Pseudomonadaceae;g__Pseudomonas_E;s__Pseudomonas_E fluorescens_AP	0.9999999779804798
bd2ad9145a29bb69200915367b02f3f3	Unassigned	0.8387735262792415
c2ceb0015d2ca928b769d755631ff882	Unassigned	0.5152921330883409
f720bd70ce7f5c381914d31365822b3c	Unassigned	0.7587451249993509
7292bca6525b1b03a9e858ca76c89374	Unassigned	0.8425220305495376
b11840824df777412e2029a8fec344ad	Unassigned	0.6185585812686314
25bd42532b281c3225ef0f8272f570a0	Unassigned	0.8178761418255192
ff8d50026297d12a4713b7df6d2a058f	Unassigned	0.6887419533399479
4475dd943250835f06d38d5e4be1d928	Unassigned	0.6588024824872939
fb37017e24e56255d2898bf7e997d07b	Unassigned	0.7998989359835237
b8fafae827143f0256e35180616d2b6b	ASV14d__Bacteria;p__Proteobacteria;c__Gammaproteobacteria;o__Pseudomonadales;f__Pseudomonadaceae;g__Pseudomonas_E;s__Pseudomonas_E fluorescens_AP	0.999999987258903
2327a36c344d187c76feabb69e6690c0	Unassigned	0.8137888420066512
d3db2bc0c0cb4e6ba549b476708ce7e9	Unassigned	0.6583741688384737
e7ded22515f051e5d1442289125ded85	Unassigned	0.7850198210372178
8e931617a07e18262b554f5c7f1cfab0	Unassigned	0.8360228393957994
89aeb0b84de12bc501d25f2e6cb29f13	Unassigned	0.7238105621123249
84e4d73aef2e7efea9386b0ff45207e4	ASV34d__Bacteria;p__Bacteroidota;c__Bacteroidia;o__Flavobacteriales;f__Weeksellaceae;g__Elizabethkingia;s__Elizabethkingia_miricola	0.9911871007419744
f5883d83eec6d6d22cf57ba1d66cb4a0	Unassigned	0.7580034418938485
0b68f20d50b52e17af6c1d4784041f95	Unassigned	0.5333323662268006
47a21d1c853568d10a60716513d99377	Unassigned	0.7000098193238535
e88fa3056fab73d86a3fdeda62a3942a	Unassigned	0.665671637428465
05c55122b7b31551e977678e1bddd093	Unassigned	0.6489509092786248
4270d4a36582b1c3131705c502cef6b6	ASV33d__Bacteria;p__Proteobacteria;c__Alphaproteobacteria;o__Rhizobiales;f__Beijerinckiaceae;g__Bosea;s__	0.7978732398081315
ebabb6c421220957a90ff8ac3c5880fc	Unassigned	0.8640122793655297
273db5d6d118845735aa0171a7384032	Unassigned	0.5808681076537276
120e9acbc7f23cd97495302613678720	Unassigned	0.7828516075397305
acae71c5b46da593a99dc6031f1b26f0	Unassigned	0.37512458099470136
2ec5fbec9148f2081c5172dc8d583fb9	ASV32d__Bacteria;p__Proteobacteria;c__Gammaproteobacteria;o__Burkholderiales;f__Burkholderiaceae;g__Achromobacter;s__	0.9999979882619299
06c185a024defcdceb82dac6fa989282	Unassigned	0.7511536445600839
b4f84b3542c699c78cb8bf1e6a370f6f	Unassigned	0.8167381665958857
ca4600dd6d748725927ca077dcacfd33	Unassigned	0.8048373966688578
e639e68de82f6095321329a4bf0f1bc6	Unassigned	0.6718809911282395
adc15f905505bc97a43fdd291bd60749	Unassigned	0.8306840241052142
2e2f7d02a3a84ef650117a7cb09e1c48	Unassigned	0.8779717491684995
59bd54727f7eadc67fcab32ff14b0e1f	Unassigned	0.4007984776271568
7a8571cefe5bbf89c0f38a29a4f87894	Unassigned	0.6194815921620715
26d2f3e24f66fe5b0609ed1f3827e6e7	Unassigned	0.3885178718211809
a14ac063c33354b892a0884fd2509681	ASV33d__Bacteria;p__Proteobacteria;c__Alphaproteobacteria;o__Rhizobiales;f__Beijerinckiaceae;g__Bosea;s__	0.7421016199227457
86f4bac3bc1cf90618c813f9efd60d8d	Unassigned	0.8039405868202791
e18fb0eea7a2e7bdb7d449ea5300b319	Unassigned	0.8251293079409533
57f9041fdb3b334bebe1b2f0eb5cc15c	Unassigned	0.7993049041631871
fc176cc58d1829aa9685af94ce0cfeb6	Unassigned	0.7787848000723291
ab31131ef24f5daffb225c505301a9cd	Unassigned	0.770019669185546
95e56d870ceb6d845ef6474e196bb0f3	Unassigned	0.7892651285380989
9cb1bd11dc242fbcd6114ee5403fd406	Unassigned	0.7947229831106761
d4539cb7c8dfe4d9cc1dc36619d46d9a	Unassigned	0.7882851201651773
d7fca88d4bfde4c45f49ff255fd40dba	Unassigned	0.7211825524801876
b5fa366b87948404cde9a3380829e36a	Unassigned	0.8765758706400513
0c3acede8ee380567a5cc58da779a0da	Unassigned	0.8273328179692794
1cc76c713c37b814acf0b7ab739c4aca	Unassigned	0.46304260778177864
d490555a9e30b75753d96a23a572d703	Unassigned	0.8503799971162049
b9a2d03a50a1d69ec3c70b44444573fe	Unassigned	0.4385138066296187
de1a05283affabd055b1adb606883268	Unassigned	0.7403616603866321
f496ca692dd12bef91bf5db66f9c8739	Unassigned	0.8326780081741736
c7101d00d109da5bd0b4c555933714a1	Unassigned	0.7845933363374672
019245104ed4e1a751a760748c8a5205	Unassigned	0.560737195884012
56357ee6d25062da770ba2d169f96a79	Unassigned	0.49058799820607146
3baa7e495f913f4959f9f041e048c720	Unassigned	0.8182764699576653
e9b15758bd679a5c294acf14eca1ccbb	Unassigned	0.5028758852882471
b6333ac53295f5e7091b71d672aa1602	Unassigned	0.5099619102259467
c2ddf7ee5f5b0bac1d52e58b331bec8c	Unassigned	0.7825015114899999
61cda7e4d8904b232565f1ccb3802976	Unassigned	0.8443775122184712
7d4b5e0cd0292e976fb1089882710a1b	Unassigned	0.8025556743152888
565252ebd150a5ec71767debba95fce9	Unassigned	0.6367514114617362
b50c7518eeafecae2151bb0b44cf82cd	ASV14d__Bacteria;p__Proteobacteria;c__Gammaproteobacteria;o__Pseudomonadales;f__Pseudomonadaceae;g__Pseudomonas_E;s__Pseudomonas_E fluorescens_AP	0.9999986326598358
47444050e2b97e2441e7294a5cfee400	Unassigned	0.7648082955473663
40e431e70af179c8fcb5c0c5803ccf00	Unassigned	0.34553191112555093
668f78409414a464a4ffb768f8113ac6	ASV33d__Bacteria;p__Proteobacteria;c__Alphaproteobacteria;o__Rhizobiales;f__Beijerinckiaceae;g__Bosea;s__	0.9999290430685432
a5039eeefa56797cf397f6e305e0882b	X120_Alphaproteobacteria;Sphingomonadales;Sphingomonadaceae;Sphingomonas	0.9999999214864519
f0d2eaf18d244fa19d6157fe923da954	Unassigned	0.6517292697706338
e16b00ec897f3a9d1703a30c954908c0	Unassigned	0.5264487264019436
58991e4d5cf28583503d081df089ca56	Unassigned	0.6137241677538334
bbf0e42d3095c0028653e455366cf3c3	Unassigned	0.788670386453454
94a57941c6a0bc0527599269cad2101a	Unassigned	0.8197738228167529
fcd568fc15b5d5339476149bdef968da	Unassigned	0.6774981297727004
18a5c02156fad52ab0743da889a46029	ASV32d__Bacteria;p__Proteobacteria;c__Gammaproteobacteria;o__Burkholderiales;f__Burkholderiaceae;g__Achromobacter;s__	0.9999993626516824
2bf56a90d646bf8687724a500210f8b9	Unassigned	0.6977463110324418
bede287e4e2a68033b45ff7f828f550a	Unassigned	0.3396278200130046
6456af02f84d8521d09297d9c195073e	Unassigned	0.8725133236793918
d23cba758adaf5d3283aba26dcaf317e	Unassigned	0.8306319259935502
4105f36ef656f97ae910b6ec67dcc463	Unassigned	0.688229351327913
4663b4b29cab5829e02054ed196e220b	Unassigned	0.8188601595918829
55ccc3a179ae25a25ae3e51ff780b19c	Unassigned	0.7142678266088138
138f560387fb9ec583d78b54a862f1c5	Unassigned	0.7031432681222215
2bbbd314ba608f311ff1c9dff1e8daa3	Unassigned	0.7375303813633896
3ad3b53e44166b8478d1283df497a384	Unassigned	0.8679800529439894
b54582f18243c9a79aed7f2638555f96	Unassigned	0.7803572573265909
3462aacfea45e88af48d23425b8f6676	Unassigned	0.6729847629107127
42d7cb02eab81c904c83965c8b2fb0c6	Unassigned	0.7596453217354392
36b350c69179324a78c1e9acc1a74eae	ASV22d__Bacteria;p__Proteobacteria;c__Gammaproteobacteria;o__Burkholderiales;f__Burkholderiaceae;g__Paraburkholderia_B;s__	0.9985011867433012
0ced1261fd8bb9cd87589874edd80056	Unassigned	0.40424740478324184
1a3119b5cf177c1331d24812ce5ba459	Unassigned	0.8875001560104372
a2ab807562bbd3404d28aa9c073db4d4	Unassigned	0.5248237657736861
741b7ab79a5ab546d797c28cbde48b0a	Unassigned	0.7456918105474988
35d44174bb924a77c986a16c3e9636e4	Unassigned	0.8175491315900951
8cf65ed95e3b226c68bdaeaaff9c32d6	ASV33d__Bacteria;p__Proteobacteria;c__Alphaproteobacteria;o__Rhizobiales;f__Beijerinckiaceae;g__Bosea;s__	0.9949691447337375
1ae3534f8c970dbb7578f07580dc854c	Unassigned	0.8347364774659514
584b08a99223bea95f5e1453af35a089	Unassigned	0.77047375849284
b9c7d060fc67c7a6823918b9435b1060	ASV33d__Bacteria;p__Proteobacteria;c__Alphaproteobacteria;o__Rhizobiales;f__Beijerinckiaceae;g__Bosea;s__	0.9970932018532277
17334d3a9705172d1fd3314ecf18f9be	Unassigned	0.6944711681584911
dc2073394fabbe0178eeb7b50607fb6b	Unassigned	0.8203251535896513
b3e5250ab9b89b51a26593d1fc48847b	Unassigned	0.6620116946540436
8f72d9db120b94e9d097c871915d1b56	Unassigned	0.587376741113554
0f314eaa186bf95d9ec97ed756d2a54e	Unassigned	0.7168829736010269
4e729295f1439a2b7b2aa3a2beb794bb	Unassigned	0.7268907319389681
ba726919e707dec3643a7784d7dcc5b4	Unassigned	0.7391279719727677
b4c824cbb96c5e079befc927ecdb44d9	Unassigned	0.7363712244515432
936f23a9b5ea3ef353d1f0d25214f7d5	Unassigned	0.8646207722416106
f97d0c75fe9935829673de3be3bd212a	Unassigned	0.7264807572567247
a77884d6274b1c49faa7c7e5c8f0e2b2	Unassigned	0.48687528509338274
a59e22662948f5ab9ec21762fd24a98f	Unassigned	0.6971786580618671
641a6a8889eee7201ead4bfabf485dbf	Unassigned	0.4263573722355767
3225e698520d2603941ca82f17972e12	Unassigned	0.5396381564647733
25ad7a999426506d2779f3e421df2461	Unassigned	0.8316951372738854
7f39f3ddc50a8cfbf32058c69275289b	Unassigned	0.7579883753114418
0db8f4322e6a038bf5a04ce78828e106	Unassigned	0.8121063019913419
9a275f830df174334633f2c904677bac	Unassigned	0.81911054308163
f922e6a83ddfaaa97c44e336dc24d059	Unassigned	0.8471414516952654
803d38cea87f9e13a2c443778e4124bf	Unassigned	0.35004418698461737
46e3030d0385aba081b971a1be12e192	Unassigned	0.7975744341679452
0e021eef5c3eddcd23af4a7ffb917ae9	Unassigned	0.8882622155271449
f07d133efe38187a8efe6fb81ccff27c	Unassigned	0.7797782858539748
1c8c2e1db58da4ad174f9436ef82ecab	Unassigned	0.8693435896927363
dbfba91ff1d956ae92a4cc02a6ff21ba	Unassigned	0.579475912030072
b5a8e7ed4cd7fad3d9f92ac18618060a	Unassigned	0.5783728778913673
4220db4f8d5300999d622e8348b51524	Unassigned	0.7964620940832388
1054f17f941ccaf278a814bf412ef9c5	Unassigned	0.8400056577404367
46f01c3b023c8203dfb6857c07e55f12	Unassigned	0.6220973990351121
7dec70ae7f89d0308eac70a392561b1e	Unassigned	0.6148556111242729
203e5e216cf64347b20dbc26edf3b6a9	Unassigned	0.8272411533865545
7e4bea57327216bc13eedf8e61c3beab	Unassigned	0.7482417054858641
852a15d35443735950e9b13279681bcc	Unassigned	0.6607714530423343
0be1fde037874ed7cd8dc8e915041a26	Unassigned	0.6519238502836109
b600128842e5c7fc591d3b20a32b38d1	Unassigned	0.8724580309008448
78055e4ed4347c17ae2b959d71c7e007	Unassigned	0.8302670502791997
3830ac6b540513ab2262474507f303a7	Unassigned	0.8119709979166139
b88b8e9cd2d29d7211f2ba10f49c5585	Unassigned	0.4934834628267517
9e34c22c9ec4ba95403a0b8a22fbf25a	Unassigned	0.7303186113545301
cb5a332c520f5bb3cfdf24f6ce24360b	Unassigned	0.707797226599413
652758ca97947dae11a90775aa80889f	Unassigned	0.8195682883296734
1b72785af6ae82544bac3669f0c7cda9	Unassigned	0.7859471893928657
60f562d2b8fceba89126023cba22662f	Unassigned	0.8574176232801397
b61b3e6e2563c69189cc2fb58555733a	ASV2d__Bacteria;p__Bacteroidota;c__Bacteroidia;o__Sphingobacteriales;f__Sphingobacteriaceae;g__Pedobacter;s__	0.9053783643148351
9cbcee31722adaf0786a678b360e312b	ASV31d__Bacteria;p__Proteobacteria;c__Gammaproteobacteria;o__Burkholderiales;f__Burkholderiaceae;g__Delftia;s__Delftia_acidovorans	0.8548207733870309
0f2148ba22f8ca95b2db55a2666563fb	Unassigned	0.847995972655588
216238575813ff550c2ad4e31f7e25bf	Unassigned	0.8262283802575998
a36322439f0588d4cda1c117493ee4f9	ASV19d__Bacteria;p__Bacteroidota;c__Bacteroidia;o__Sphingobacteriales;f__Sphingobacteriaceae;g__Pedobacter;s__	0.9954206420300118
6d6f579b02ec8d9d22a570af05df4ca4	Unassigned	0.7274593008316308
d00a99e0f5385dc9cd2c9c4a75a3735e	Unassigned	0.8135986074365045
e70d42e4981bcfdc8ea91b20d668a43c	Unassigned	0.7621810680340005
a0624ee601a5f5dd824694839674a76f	Unassigned	0.6489347343675296
bd21560cffea2cee8107f795facf06d2	Unassigned	0.7788822015836399
81cc6a1353e3e0c6cfc2bc86fe6ef2d4	Unassigned	0.790948562661492
7863b66802cde813c9bba6d1b0c1f594	ASV33d__Bacteria;p__Proteobacteria;c__Alphaproteobacteria;o__Rhizobiales;f__Beijerinckiaceae;g__Bosea;s__	0.7231675654907507
2b4982b161d9a2e517c3b8d21df58e64	Unassigned	0.7502045048727273
305136734bce0769e22244d32aad36c1	Unassigned	0.4636571456112586
d077193c4f566b8d443dae99ed5100c3	Unassigned	0.5910661547385416
dc52e46775927a63ffa2339ee427a444	Unassigned	0.6707467234814231
d2c6a9a2701c19c0a20d70f0d2f4ca1e	ASV31d__Bacteria;p__Proteobacteria;c__Gammaproteobacteria;o__Burkholderiales;f__Burkholderiaceae;g__Delftia;s__Delftia_acidovorans	0.9995091001393618
e3c13ee01aa9663008279e23f0e7c4fa	Unassigned	0.8300389871880163
91b72727ffab4558afac68d7694b3155	Unassigned	0.7853521130749972
1d147c8860173631606e68f7af7b25f1	Unassigned	0.6777117944446247
f129b04b2ded2a89ce28b69a1f198964	Unassigned	0.677838472248576
592d528e3c3e4fa1ddac46b018436da7	Unassigned	0.66840897894233
dbc59ac63d26dc2db5dd0adc1f688def	Unassigned	0.8384727896809349
8fe2c8c0542da26be17ae796f796d919	Unassigned	0.7871770773252826
3b1438af2311fc985366c348aa6a052d	Unassigned	0.7867030138773613
072437998cf9ffffc966e541e11ba708	Unassigned	0.651047349581003
43bb0dc73250080642f4325ecccbb17a	Unassigned	0.604324368789257
cdd2b39aab7ed7fb9acd38a3a63bedc4	Unassigned	0.5945463437269225
140bb9ee6598c6ee1801dc1b9b9e388f	Unassigned	0.48754805963070436
722e3206f8801bc49d2cd62117af91a1	ASV5d__Bacteria;p__Proteobacteria;c__Gammaproteobacteria;o__Burkholderiales;f__Chromobacteriaceae;g__Chromobacterium;s__Chromobacteriumsp002213445	0.7455348609252943
a9860517102fe266807eb1d63e1cb5b9	Unassigned	0.5351212790460231
3c23b77128bb98645486eea358b5ed96	Unassigned	0.8610637580663796
c9921f7ce7ebe901ea581b71e8490fa5	Unassigned	0.4621517367804454
40b3b059e887273497b677fb4b3d1537	Unassigned	0.79498791319838
8a772347487b94d661a37f1dcadee226	Unassigned	0.7425067063553754
8acc55859c39e856be4a41597288a367	ASV33d__Bacteria;p__Proteobacteria;c__Alphaproteobacteria;o__Rhizobiales;f__Beijerinckiaceae;g__Bosea;s__	0.7628131217813938
28d3c38a8b606f170485aebbe139db5b	Unassigned	0.7953419986547223
87523baafd6789dabeccb35988cd8249	Unassigned	0.8655332297573528
f1e567743944ed43ae5a47e1ab3041f1	Unassigned	0.642890192255146
0a55b003c7236d58b026c2d2c1199cea	Unassigned	0.8602181401212482
27f0c78646db0c024e8acedf96f95edc	Unassigned	0.8268240462862055
b63e638978adc5e78bf4ac2664d8a10c	Unassigned	0.7247284777870864
c6cce8f48f1eb8d092e9bb21e4896766	Unassigned	0.8536024701888013
e8d51c30e83c808293287956c3889c12	Unassigned	0.6419315918817108
b6abffbaf5a870574655d7f68f4bde94	Unassigned	0.6716288632651053
4856ce864072859c90884bba36f7493c	ASV17d__Bacteria;p__Bacteroidota;c__Bacteroidia;o__Sphingobacteriales;f__Sphingobacteriaceae;g__Pedobacter;s__	0.9260084565557594
2f8afc993ecc10f956a80a11184583f0	Unassigned	0.8313157916356438
fc4210573520945727452876f828e772	Unassigned	0.445220929998817
d1530448c32527792a67632c5f29d2c3	Unassigned	0.4544368438115195
e8f3eacc7528e47ec4c8a84a0600f7e3	Unassigned	0.8257786681054304
6e826b978aef24f5ad61e130dc9e75f3	ASV14d__Bacteria;p__Proteobacteria;c__Gammaproteobacteria;o__Pseudomonadales;f__Pseudomonadaceae;g__Pseudomonas_E;s__Pseudomonas_E fluorescens_AP	0.9999999992780175
3c42b60a376f651af135f4492d64698d	Unassigned	0.49933899567535145
84304a46d65e980d47a415f791cc06e9	ASV34d__Bacteria;p__Bacteroidota;c__Bacteroidia;o__Flavobacteriales;f__Weeksellaceae;g__Elizabethkingia;s__Elizabethkingia_miricola	0.9355379735056103
79abb01d67176689fff4e54ac15e876d	Unassigned	0.8659441076096656
90866acb4b3102fe0360880b5347d736	Unassigned	0.8447184869657818
3a84f497f71d331052b2ce57b3325e21	Unassigned	0.7076204966711777
914821a6171f91ff56cceaf3b51179dc	Unassigned	0.8081030600986638
4a7ce5351853c99bc6f6bebfd05e86a4	Unassigned	0.4673828661161822
f29a6da0fcee8c0d5719cd788fb0f4be	Unassigned	0.8011290286505087
43d201423e949c9c031458fa89b18cf8	Unassigned	0.8699847343987972
00f96280cef00c16ac168a7a12fcabaf	Unassigned	0.8319581962634621
3f29cf78f4174377c107a6eac6852644	Unassigned	0.7085151923963813
606360c29b93e2675efee12f547158df	Unassigned	0.39603899869325765
3120f89b4ee116813dc4d7f772198ad2	Unassigned	0.8664928873895918
a73408324b790ee507aad437ea220027	Unassigned	0.6847029875031287
c75037046724b152b56300e562dfb441	Unassigned	0.31568675455732176
fd8d1ebab08bdca87f560fdfed4cf1b1	Unassigned	0.3806394001678989
14c9b5f6c6cdd2e3c5619bf363b3b1ee	Unassigned	0.7375242774575852
f5a5b09f983cabb0f520f117637d106e	Unassigned	0.8036750464182388
a078a4da5c69de1003208d1b9d2ce590	Unassigned	0.7083792028967937
34aa3bd04810bd3192aa1b60a37251f0	Unassigned	0.6658608089378847
2ce7ad923014563bcca9a392cba74b04	Unassigned	0.7758222890617705
6cbcb0f0272e43ef25177e78b7186e4c	Unassigned	0.7245417900459798
0c502eef71f7255913f34eeafbc1369a	Unassigned	0.7159043940663401
91b30b3a11587cdf683b8051a7ba8c1f	Unassigned	0.8249445335357146
89fd4192633326a923272281cb77cad7	Unassigned	0.3665957097998034
dd7f28a7fc05bed3effc213117edbe82	Unassigned	0.5881242314793146
1bf49f593751fab2b42bd1626063de76	Unassigned	0.8450395793270141
f320f7daa219ae8999fc9d9427ae943d	Unassigned	0.7948793482922671
9f010aca7444917af67bf9aa25791ef7	Unassigned	0.8425603982854879
9aa8a1636cb88aac5e3052c18674a2ac	Unassigned	0.6796740712565195
efaf3ed4745b49b10806fdbd9921bb1c	Unassigned	0.78007653346757
0fcd818015ae95ab2b11c6f3394b3638	Unassigned	0.7292652110297799
4222218c6626b3076a2293c34847bc85	ASV32d__Bacteria;p__Proteobacteria;c__Gammaproteobacteria;o__Burkholderiales;f__Burkholderiaceae;g__Achromobacter;s__	0.9999967332307802
86d3cd99baebbe25d69b4b0875f4fb59	ASV19d__Bacteria;p__Bacteroidota;c__Bacteroidia;o__Sphingobacteriales;f__Sphingobacteriaceae;g__Pedobacter;s__	0.9951729297643379
1f0efe4156329b96a1256d15e86bcc7a	Unassigned	0.614780617994862
0dd2ed37194dc83ab6030e87f6ea9295	Unassigned	0.8227512879208493
508ba9f400bb5496bee4e124b797f047	Unassigned	0.848351525169672
53d7613c48a261a682089c702bf7b7ee	Unassigned	0.6973006365849397
1083decea379416c61f898f399a94e70	Unassigned	0.7343518108124449
a15b4559cc3552ef37f3b2392ae2cc88	Unassigned	0.630024369000852
a4c78229ab46d9c8ee1665548ad93856	Unassigned	0.7751107068702592
45e446f83eb8cd576bf5d9625f5a5b28	Unassigned	0.7170643357831148
a5a38964ce4c81f546dcc4a80643bc5e	Unassigned	0.8718853956519906
0af0a152abed29c4a7e3268782d51aef	Unassigned	0.5464754422569569
7f584c5e30acbf081186bf4a37245920	Unassigned	0.5088408113596865
0fa776125c6038fc9168095df98f0232	Unassigned	0.7592514299867991
9a0d817223921b8f3d5a6a3db5c57c65	Unassigned	0.9024268775073047
97025f982f987c27aceb243f33602e55	Unassigned	0.44398446137816594
7eeb26f864d55e217e46798114f1b249	Unassigned	0.8403865090775587
5990a2ee54e283a6a607c4146b725224	Unassigned	0.7402492652067039
d8e0c55f596165af4276cf18f59321ff	Unassigned	0.4871638075943687
5c9bf8c7f0c7f73d311c315459df7e89	Unassigned	0.7758500370560598
38a57016394de9e6376cfe53f66101aa	Unassigned	0.8558011298552763
62264483630c29d299a46bc9a0c27420	Unassigned	0.8641759288697561
d006d4c97273db8beec3355ceaf829bf	Unassigned	0.8156390315058937
04c551c81bc753b95a8431117362662b	Unassigned	0.6887235573598833
ff0572015acae8cbe08f22922fbe0c4d	Unassigned	0.7401781581267166
dd2a71b0ba5ad6d06fc42fb669387730	Unassigned	0.6039131141490297
f3898c364bc35c6d322560a4fd5a78ae	Unassigned	0.6826733085036398
e42158d3c18700de53a19a542c34b6b7	Unassigned	0.8039299269574401
c3784054858b338f36d77e5ff5586b95	ASV14d__Bacteria;p__Proteobacteria;c__Gammaproteobacteria;o__Pseudomonadales;f__Pseudomonadaceae;g__Pseudomonas_E;s__Pseudomonas_E fluorescens_AP	0.9999018704540509
9dca11d7a0d0cd32bf1a69cede8189c3	ASV33d__Bacteria;p__Proteobacteria;c__Alphaproteobacteria;o__Rhizobiales;f__Beijerinckiaceae;g__Bosea;s__	0.8420163339974142
6b5d6ad111ee9a463b2c78560029d389	Unassigned	0.8398080379676715
db827924dba813492d536be067868755	ASV14d__Bacteria;p__Proteobacteria;c__Gammaproteobacteria;o__Pseudomonadales;f__Pseudomonadaceae;g__Pseudomonas_E;s__Pseudomonas_E fluorescens_AP	0.9437868750833189
2887d81bc63e8ef2aacc186aebfbe07b	Unassigned	0.8170586774569689
e07089eb4b720e66961b1795830c0556	Unassigned	0.8122557648629438
82b1fe2cdb3f5ce4ffccbafb5788cb0e	Unassigned	0.7312018962663314
2b142577383d145d04863c7dad48a4d9	Unassigned	0.5761807485518611
186fe69e5269de8f9365d687e4c855d6	Unassigned	0.7648015518458762
badb03ff17aed149dbab34be0dddb5bb	Unassigned	0.7966164312156511
4b61458f1a15976fa6081340c02fb48d	Unassigned	0.6940998729893466
8db9575399e0f1532f764e83db01e495	Unassigned	0.6667358389467929
74414c6d0bc66bedd9e2be314c4b6e67	Unassigned	0.48987228381018155
4e4291412d2b21d7710b6d31ac23b82b	ASV14d__Bacteria;p__Proteobacteria;c__Gammaproteobacteria;o__Pseudomonadales;f__Pseudomonadaceae;g__Pseudomonas_E;s__Pseudomonas_E fluorescens_AP	0.9999999461272481
54bec13799a5bcad616723934607ba2d	Unassigned	0.854825412629722
f37826bac9aee511e7f0aaf2273b7eec	Unassigned	0.6760362793477298
ececc229c4814255945f5aa574c5b691	Unassigned	0.7817131013552425
d6a8599951cadecd37299a61ab7fa5e8	Unassigned	0.4167957114482288
115505d2d5fa8f7bda4fb3c6d04d31d5	Unassigned	0.7441582819070183
73c3077a599683475d8471339b9d13ab	Unassigned	0.6778309520846284
91e09db27eced90f8744ee3f3f2e9eb0	Unassigned	0.8108889410282156
7d5957f4bf598b3d22c6fa15b00d5b92	Unassigned	0.867132639230041
a51bda57931fef398972a6479b598e8f	Unassigned	0.8210215425308274
8dac07dac9d5a211d3eab5f446679be3	Unassigned	0.5072333213465985
f68fc4c61c8b415e02cbbac340d1946b	Unassigned	0.7975641877106823
9ebee7738a54ca28bd953a7f9140c0ce	Unassigned	0.8154655891902605
87c934376b714d3fe641f71fa6354f6f	Unassigned	0.43731971658758306
01c35e9a7ae822b3da64b1c33c56ac0e	Unassigned	0.5840244875700048
7694dcde311725ea5a42cf466e355902	ASV34d__Bacteria;p__Bacteroidota;c__Bacteroidia;o__Flavobacteriales;f__Weeksellaceae;g__Elizabethkingia;s__Elizabethkingia_miricola	0.9999999954033996
3e773cc2eb1ef6ddcc4d5a40d0ad9ffe	Unassigned	0.85087676288556
e2d6d26e101f77811e5c5481b16cab1d	Unassigned	0.7987817422320568
4a3723d723e40e2f2f95f0885d9ad4ed	Unassigned	0.6335007622981481
a696c2b22cd7939b988243a57e9f28df	Unassigned	0.8697226547949111
2bc99fc2712eab973426e2e078617806	Unassigned	0.5830779260850024
923375653dc53a4b5f2ead03e05abd1c	Unassigned	0.8046625655366836
dd1acad9a11f58092ce533cd7cc8a5d1	Unassigned	0.854126913394496
f30f1d01a4b3041f8da163c4fa8baddc	Unassigned	0.7733922806984757
57154b3d67942265f0bc89cf2e9307c0	ASV17d__Bacteria;p__Bacteroidota;c__Bacteroidia;o__Sphingobacteriales;f__Sphingobacteriaceae;g__Pedobacter;s__	0.8932552208490454
16df59962a9dd37759073a60ceb1fd6a	Unassigned	0.6504425474494838
c64997e6d1c7d6a6506587ab5f315d5c	Unassigned	0.6442167345560899
19edb743bc9aeacdd330836a5ed18830	Unassigned	0.6908038939486167
51b40fa4e25bd0179bb1d61e9b224ae4	Unassigned	0.8441196997471906
c00ca667ac74ec5ba31cba311675da9d	Unassigned	0.5874426211100713
d9976911d13b351c437b96e30ade115f	Unassigned	0.8436315019910059
c1d65b95512dd99a5a88bd7fb5220150	ASV14d__Bacteria;p__Proteobacteria;c__Gammaproteobacteria;o__Pseudomonadales;f__Pseudomonadaceae;g__Pseudomonas_E;s__Pseudomonas_E fluorescens_AP	0.9999961528089721
d6358c4cc72636a09cb217288079f636	Unassigned	0.8714277007274843
2271e7556196fe44eb21c42376565d3c	Unassigned	0.6063108520056059
d9734da7f6b391ae413e03b417ce86d1	Unassigned	0.8165676320800054
5a2b57d422802bbd14142a9a6669c231	Unassigned	0.7758550133390731
47d14a431bd4bd9c47de9f9883cd5b0d	Unassigned	0.807779195118056
30666be8b080603be74a9fd861caa334	Unassigned	0.4180175358407414
69fe3f846d63257a42ab581733092ab6	Unassigned	0.4898325588553508
efd9dd5b38ac4d7141d25bdf6f8916f2	Unassigned	0.6906800030229505
95157b829ed3cba18da89da7999905c0	Unassigned	0.7876367637286501
18e4f7efecbc941cffeb6d299c900350	Unassigned	0.7744484155039797
04e1a3901d5dca2ecf5252871c878259	Unassigned	0.33051433209325587
19136baaaeeb186468ac6de71bdfc9af	Unassigned	0.8161110429048873
9a6419cda26c0643fc54c327869c09aa	Unassigned	0.4416485553995424
7ae2a59e34e71a830675c09a9dadf9c0	Unassigned	0.8582523954577455
848a721fa6fba80cc7c38b6055d06daf	Unassigned	0.45345128854601735
0b2fbbd12c5a99d523eecfbdebf9a4d5	Unassigned	0.8841300581212227
080b778559b689c1d4ec8b65c6cd6373	Unassigned	0.5439237097440316
1d974d9adc850600c996fb270faa7e76	Unassigned	0.7000451389934637
d5e60f85e9e097804c7fb760f9190b59	Unassigned	0.7636488600631487
13f716663a285f924e6da23e97d48152	ASV33d__Bacteria;p__Proteobacteria;c__Alphaproteobacteria;o__Rhizobiales;f__Beijerinckiaceae;g__Bosea;s__	0.7975778140374418
9630b17baf63c7cc762f273f14c3fd53	Unassigned	0.40689595164066206
596cb2f0d42edf730118e6777727ffed	Unassigned	0.8182156619521067
6903335eb3d6d511f055e866627003d3	Unassigned	0.5201972427051067
37a97ed644b46dee644b5279c4ffaaf9	Unassigned	0.7360985051648092
4deec9c1d96e96f6ffdbda710f17e4b5	Unassigned	0.6981627992147512
01c35faa14b4a288a3f10abb27edd0d6	Unassigned	0.8398066745147033
97b98b465dca7d32d88c4ba4fabab411	Unassigned	0.8271341033780003
02735a2234bd2912861a70e40c74720b	ASV33d__Bacteria;p__Proteobacteria;c__Alphaproteobacteria;o__Rhizobiales;f__Beijerinckiaceae;g__Bosea;s__	0.8334466244159501
d4977d955f91ee950868b29476d4bd92	Unassigned	0.8308768682745831
964284e756fc084ceb79cc5078b2715b	Unassigned	0.6065422154017043
8236bace1e8fed4ace409ce1a012b759	Unassigned	0.8259460133232033
950026f533229dd6caf414a3a0b15422	ASV14d__Bacteria;p__Proteobacteria;c__Gammaproteobacteria;o__Pseudomonadales;f__Pseudomonadaceae;g__Pseudomonas_E;s__Pseudomonas_E fluorescens_AP	0.9652256093809635
63265a2797b816ea34491a2d24a649a5	ASV8d__Bacteria;p__Proteobacteria;c__Alphaproteobacteria;o__Rhizobiales;f__Rhizobiaceae;g__Rhizobium;s__	0.9999953149380089
c50de460b600ca151fe109ebfaf23921	Unassigned	0.38239333581296986
e23f8e42641a384e79ca97d3fc4ac40d	Unassigned	0.5965684902946367
4888fc388904b82e0eea895088670579	ASV14d__Bacteria;p__Proteobacteria;c__Gammaproteobacteria;o__Pseudomonadales;f__Pseudomonadaceae;g__Pseudomonas_E;s__Pseudomonas_E fluorescens_AP	0.9999999152871375
b1a48a6853b1f0014247e4c1846999d4	Unassigned	0.5082794488632678
2f0dbae5f13010047ea4194e708add43	Unassigned	0.624863990449421
2208893d5191a9239211e8c54326dcc9	Unassigned	0.4256952288103677
e8968c4e98a8937f477c6a2d3c69c6fd	Unassigned	0.5039101284784824
45167de70c9c0d33b5acbfaf4adaa76b	Unassigned	0.644832073253268
ac8c206a6d81af25b4facad2b513b44b	Unassigned	0.8573525187910296
7bd854cc1595624f324713b70eef5bb4	Unassigned	0.8646137236534349
16ea2922d498f781fbe2ff7a19ebf716	Unassigned	0.8472348777172252
e2a6663fb8047c3ee1c2fd06865c3d89	Unassigned	0.6447016355028434
99209eb473e09cd89b1b0bd91246eb6c	Unassigned	0.6920755414785827
b37d8b63351e2e2bc0658f300fbc80d3	Unassigned	0.7865941225425743
a74a332d58120f8ef5ba62179e331b59	Unassigned	0.7091480396382277
d8cefcde13a1c7e59a6c97a5883bdf7e	Unassigned	0.8583981137530696
75dff3d6b9c5f4519fdb87e87bc27110	Unassigned	0.7538134604611284
81d2d38f0edc28da38e2223454fff9a9	Unassigned	0.8074425032174397
54569f4687a316f0d3fe5fa161f16db2	Unassigned	0.8642008091924227
8c4398acd334d03ed24f794a79b920d9	Unassigned	0.8314373282603075
54a6b32b8643888e844c069e9c47deda	ASV21d__Bacteria;p__Proteobacteria;c__Gammaproteobacteria;o__Xanthomonadales;f__Rhodanobacteraceae;g__Dyella;s__	0.9970509631483339
2982d58860c9a6984fe84984ac45e5fd	Unassigned	0.8254841516956286
875acdbd6daba28d7e9336813f788daa	Unassigned	0.5718598518249849
25938103d13c29113be2c5e63b8ea719	Unassigned	0.7556323495143259
7431ff3e8bed87fbcecb202694bf73b9	Unassigned	0.7630239696272452
ea2f35158862411efb0793c07331c132	Unassigned	0.8679656279974453
a7bb52f1d3d01560ef0479bdf3e787db	Unassigned	0.7345799528068738
c828a91077e4c7b9f93dada526758996	Unassigned	0.5523354414392079
d119cfc3d3c6b39a3907fc9d6f38d219	Unassigned	0.8270222309677874
566df3e14de02420ba0f7e78d0cd0326	Unassigned	0.8040640997816044
2ce9f100851edc3a0e86e2322f1795d0	Unassigned	0.5090915720616003
904f8bb654409b06d349c123fd5508e7	Unassigned	0.6430945708323239
920c633cc5fec9028bed727321e3d378	Unassigned	0.7094734262335523
4d9677dd70df9b55afe14031950505ef	Unassigned	0.6248607821013916
d64690fdda0954442dde1ff2693994b9	Unassigned	0.5808697515409362
4645c5f41a22e1140cad94f6102db8c4	Unassigned	0.43528761031384666
8d4205caa5af68600b3dde4070f81d0d	Unassigned	0.7597036194734537
f6b37ec99496ae5f7cf26f9c90d4f65f	ASV14d__Bacteria;p__Proteobacteria;c__Gammaproteobacteria;o__Pseudomonadales;f__Pseudomonadaceae;g__Pseudomonas_E;s__Pseudomonas_E fluorescens_AP	0.9999998877326625
72710d0af15a0629be5317ec3fc35055	Unassigned	0.7989742018109898
4959df5b0561f0a475c59f171e57ffba	X391_Actinobacteria;Actinomycetales;Microbacteriaceae;Leifsonia	0.9999999356494008
7807c5a62ca3bad75939419168e65a61	Unassigned	0.34446725102750975
fe4b0c6cfb9c62e54ba9fb82ac0c933c	ASV11d__Bacteria;p__Proteobacteria;c__Gammaproteobacteria;o__Burkholderiales;f__Chromobacteriaceae;g__Aquitalea;s__Aquitaleapelogenes	0.9805559079157044
31fe1770f5ef14a6f6817e2b7c966858	ASV31d__Bacteria;p__Proteobacteria;c__Gammaproteobacteria;o__Burkholderiales;f__Burkholderiaceae;g__Delftia;s__Delftia_acidovorans	0.980833020767585
a60294edbec86a858a12e2c94183cb5a	ASV34d__Bacteria;p__Bacteroidota;c__Bacteroidia;o__Flavobacteriales;f__Weeksellaceae;g__Elizabethkingia;s__Elizabethkingia_miricola	0.9999999870500461
3a5f66867a1613bd0abf5c4430ffef60	ASV31d__Bacteria;p__Proteobacteria;c__Gammaproteobacteria;o__Burkholderiales;f__Burkholderiaceae;g__Delftia;s__Delftia_acidovorans	0.9468913020647228
568a661efd5b67e20c1bd8e77d3a5176	ASV34d__Bacteria;p__Bacteroidota;c__Bacteroidia;o__Flavobacteriales;f__Weeksellaceae;g__Elizabethkingia;s__Elizabethkingia_miricola	0.9999999997653077
5bed05bcccb63ec3d2c505c9fa672914	ASV30d__Bacteria;p__Proteobacteria;c__Gammaproteobacteria;o__Enterobacterales;f__Enterobacteriaceae;g__Serratia_A;s__Serratia_Afonticola	0.998272913768967
51a1b500b1a45f85f6ff654fd4693b06	ASV14d__Bacteria;p__Proteobacteria;c__Gammaproteobacteria;o__Pseudomonadales;f__Pseudomonadaceae;g__Pseudomonas_E;s__Pseudomonas_E fluorescens_AP	0.9954774291894021
ddd7af17b627307647c5e708b75f4ed5	ASV31d__Bacteria;p__Proteobacteria;c__Gammaproteobacteria;o__Burkholderiales;f__Burkholderiaceae;g__Delftia;s__Delftia_acidovorans	0.9695751225761878
e5a671286ea17aa4cef0e19d11f95ef4	ASV14d__Bacteria;p__Proteobacteria;c__Gammaproteobacteria;o__Pseudomonadales;f__Pseudomonadaceae;g__Pseudomonas_E;s__Pseudomonas_E fluorescens_AP	0.9999999994955004
bf3f2b9b4a5779caa4726c0945a135ce	ASV32d__Bacteria;p__Proteobacteria;c__Gammaproteobacteria;o__Burkholderiales;f__Burkholderiaceae;g__Achromobacter;s__	0.9996187886232254
8b155f59846e7930e3e2caa1989ae943	Unassigned	0.4909450808383856
4d0cc4e185fc362a600775c1e80f7595	ASV34d__Bacteria;p__Bacteroidota;c__Bacteroidia;o__Flavobacteriales;f__Weeksellaceae;g__Elizabethkingia;s__Elizabethkingia_miricola	0.9999999999816396
