Sample,S10,S11,S14,S16,S17,S19,S2,S21,S22,S27,S28,S29,S30,S31,S32,S33,S34,S5,S6,S7,S8,S9,Unassigned,S120,S263,S391,S491,Rare,hill0,hill1,hill2,Experiment,Shake,Media,Beads,Temp,Rep,Time,Day,ID,Treatment,ComplexityB
PMXC6.NS.CR.B.RT.REP1.OG,0.049364146,0,0.055791057,0,0.041980036,0.062901682,0.055380829,0.053876658,0.02994667,0.013947764,0.029126214,0.048406947,0.034869411,0.051962259,0.021331875,0.020511418,0.089019554,0.052782716,0.029809928,0.034322439,0.018733762,0.045261862,0,0.026801586,0.049637632,0.031450841,0.031314098,0.021468618,25,22.92945872,21.23035665,PMXC6,NS,CR,B,RT,REP1,OG,0,PMXC6.NS.CR.B.RT.REP1,NSCRRTB,3
PMXC6.NS.CR.B.RT.REP2.OG,0.049364146,0,0.055791057,0,0.041980036,0.062901682,0.055380829,0.053876658,0.02994667,0.013947764,0.029126214,0.048406947,0.034869411,0.051962259,0.021331875,0.020511418,0.089019554,0.052782716,0.029809928,0.034322439,0.018733762,0.045261862,0,0.026801586,0.049637632,0.031450841,0.031314098,0.021468618,25,22.92945872,21.23035665,PMXC6,NS,CR,B,RT,REP2,OG,0,PMXC6.NS.CR.B.RT.REP2,NSCRRTB,3
PMXC6.NS.CR.B.RT.REP3.OG,0.049364146,0,0.055791057,0,0.041980036,0.062901682,0.055380829,0.053876658,0.02994667,0.013947764,0.029126214,0.048406947,0.034869411,0.051962259,0.021331875,0.020511418,0.089019554,0.052782716,0.029809928,0.034322439,0.018733762,0.045261862,0,0.026801586,0.049637632,0.031450841,0.031314098,0.021468618,25,22.92945872,21.23035665,PMXC6,NS,CR,B,RT,REP3,OG,0,PMXC6.NS.CR.B.RT.REP3,NSCRRTB,3
PMXC6.NS.CR.B.VT.REP1.OG,0.049364146,0,0.055791057,0,0.041980036,0.062901682,0.055380829,0.053876658,0.02994667,0.013947764,0.029126214,0.048406947,0.034869411,0.051962259,0.021331875,0.020511418,0.089019554,0.052782716,0.029809928,0.034322439,0.018733762,0.045261862,0,0.026801586,0.049637632,0.031450841,0.031314098,0.021468618,25,22.92945872,21.23035665,PMXC6,NS,CR,B,VT,REP1,OG,0,PMXC6.NS.CR.B.VT.REP1,NSCRVTB,4
PMXC6.NS.CR.B.VT.REP2.OG,0.049364146,0,0.055791057,0,0.041980036,0.062901682,0.055380829,0.053876658,0.02994667,0.013947764,0.029126214,0.048406947,0.034869411,0.051962259,0.021331875,0.020511418,0.089019554,0.052782716,0.029809928,0.034322439,0.018733762,0.045261862,0,0.026801586,0.049637632,0.031450841,0.031314098,0.021468618,25,22.92945872,21.23035665,PMXC6,NS,CR,B,VT,REP2,OG,0,PMXC6.NS.CR.B.VT.REP2,NSCRVTB,4
PMXC6.NS.CR.B.VT.REP3.OG,0.049364146,0,0.055791057,0,0.041980036,0.062901682,0.055380829,0.053876658,0.02994667,0.013947764,0.029126214,0.048406947,0.034869411,0.051962259,0.021331875,0.020511418,0.089019554,0.052782716,0.029809928,0.034322439,0.018733762,0.045261862,0,0.026801586,0.049637632,0.031450841,0.031314098,0.021468618,25,22.92945872,21.23035665,PMXC6,NS,CR,B,VT,REP3,OG,0,PMXC6.NS.CR.B.VT.REP3,NSCRVTB,4
PMXC6.NS.CR.NB.RT.REP1.OG,0.049364146,0,0.055791057,0,0.041980036,0.062901682,0.055380829,0.053876658,0.02994667,0.013947764,0.029126214,0.048406947,0.034869411,0.051962259,0.021331875,0.020511418,0.089019554,0.052782716,0.029809928,0.034322439,0.018733762,0.045261862,0,0.026801586,0.049637632,0.031450841,0.031314098,0.021468618,25,22.92945872,21.23035665,PMXC6,NS,CR,NB,RT,REP1,OG,0,PMXC6.NS.CR.NB.RT.REP1,NSCRRTNB,2
PMXC6.NS.CR.NB.RT.REP2.OG,0.049364146,0,0.055791057,0,0.041980036,0.062901682,0.055380829,0.053876658,0.02994667,0.013947764,0.029126214,0.048406947,0.034869411,0.051962259,0.021331875,0.020511418,0.089019554,0.052782716,0.029809928,0.034322439,0.018733762,0.045261862,0,0.026801586,0.049637632,0.031450841,0.031314098,0.021468618,25,22.92945872,21.23035665,PMXC6,NS,CR,NB,RT,REP2,OG,0,PMXC6.NS.CR.NB.RT.REP2,NSCRRTNB,2
PMXC6.NS.CR.NB.RT.REP3.OG,0.049364146,0,0.055791057,0,0.041980036,0.062901682,0.055380829,0.053876658,0.02994667,0.013947764,0.029126214,0.048406947,0.034869411,0.051962259,0.021331875,0.020511418,0.089019554,0.052782716,0.029809928,0.034322439,0.018733762,0.045261862,0,0.026801586,0.049637632,0.031450841,0.031314098,0.021468618,25,22.92945872,21.23035665,PMXC6,NS,CR,NB,RT,REP3,OG,0,PMXC6.NS.CR.NB.RT.REP3,NSCRRTNB,2
PMXC6.NS.CR.NB.VT.REP1.OG,0.049364146,0,0.055791057,0,0.041980036,0.062901682,0.055380829,0.053876658,0.02994667,0.013947764,0.029126214,0.048406947,0.034869411,0.051962259,0.021331875,0.020511418,0.089019554,0.052782716,0.029809928,0.034322439,0.018733762,0.045261862,0,0.026801586,0.049637632,0.031450841,0.031314098,0.021468618,25,22.92945872,21.23035665,PMXC6,NS,CR,NB,VT,REP1,OG,0,PMXC6.NS.CR.NB.VT.REP1,NSCRVTNB,3
PMXC6.NS.CR.NB.VT.REP2.OG,0.049364146,0,0.055791057,0,0.041980036,0.062901682,0.055380829,0.053876658,0.02994667,0.013947764,0.029126214,0.048406947,0.034869411,0.051962259,0.021331875,0.020511418,0.089019554,0.052782716,0.029809928,0.034322439,0.018733762,0.045261862,0,0.026801586,0.049637632,0.031450841,0.031314098,0.021468618,25,22.92945872,21.23035665,PMXC6,NS,CR,NB,VT,REP2,OG,0,PMXC6.NS.CR.NB.VT.REP2,NSCRVTNB,3
PMXC6.NS.CR.NB.VT.REP3.OG,0.049364146,0,0.055791057,0,0.041980036,0.062901682,0.055380829,0.053876658,0.02994667,0.013947764,0.029126214,0.048406947,0.034869411,0.051962259,0.021331875,0.020511418,0.089019554,0.052782716,0.029809928,0.034322439,0.018733762,0.045261862,0,0.026801586,0.049637632,0.031450841,0.031314098,0.021468618,25,22.92945872,21.23035665,PMXC6,NS,CR,NB,VT,REP3,OG,0,PMXC6.NS.CR.NB.VT.REP3,NSCRVTNB,3
PMXC6.NS.R2A.B.RT.REP1.OG,0.035142896,0,0.063585396,0,0.0549706,0.038014495,0.061124026,0.029126214,0.030493641,0,0.030630384,0.042527007,0.039792151,0.035963353,0.038014495,0.015588678,0.165185286,0.051688773,0.025434158,0.030356899,0.021331875,0.044304663,0,0.015451935,0.033501983,0.047723233,0.020374675,0.029673185,24,20.33435745,16.27350737,PMXC6,NS,R2A,B,RT,REP1,OG,0,PMXC6.NS.R2A.B.RT.REP1,NSR2ARTB,2
PMXC6.NS.R2A.B.RT.REP2.OG,0.035142896,0,0.063585396,0,0.0549706,0.038014495,0.061124026,0.029126214,0.030493641,0,0.030630384,0.042527007,0.039792151,0.035963353,0.038014495,0.015588678,0.165185286,0.051688773,0.025434158,0.030356899,0.021331875,0.044304663,0,0.015451935,0.033501983,0.047723233,0.020374675,0.029673185,24,20.33435745,16.27350737,PMXC6,NS,R2A,B,RT,REP2,OG,0,PMXC6.NS.R2A.B.RT.REP2,NSR2ARTB,2
PMXC6.NS.R2A.B.RT.REP3.OG,0.035142896,0,0.063585396,0,0.0549706,0.038014495,0.061124026,0.029126214,0.030493641,0,0.030630384,0.042527007,0.039792151,0.035963353,0.038014495,0.015588678,0.165185286,0.051688773,0.025434158,0.030356899,0.021331875,0.044304663,0,0.015451935,0.033501983,0.047723233,0.020374675,0.029673185,24,20.33435745,16.27350737,PMXC6,NS,R2A,B,RT,REP3,OG,0,PMXC6.NS.R2A.B.RT.REP3,NSR2ARTB,2
PMXC6.NS.R2A.B.VT.REP1.OG,0.035142896,0,0.063585396,0,0.0549706,0.038014495,0.061124026,0.029126214,0.030493641,0,0.030630384,0.042527007,0.039792151,0.035963353,0.038014495,0.015588678,0.165185286,0.051688773,0.025434158,0.030356899,0.021331875,0.044304663,0,0.015451935,0.033501983,0.047723233,0.020374675,0.029673185,24,20.33435745,16.27350737,PMXC6,NS,R2A,B,VT,REP1,OG,0,PMXC6.NS.R2A.B.VT.REP1,NSR2AVTB,3
PMXC6.NS.R2A.B.VT.REP2.OG,0.035142896,0,0.063585396,0,0.0549706,0.038014495,0.061124026,0.029126214,0.030493641,0,0.030630384,0.042527007,0.039792151,0.035963353,0.038014495,0.015588678,0.165185286,0.051688773,0.025434158,0.030356899,0.021331875,0.044304663,0,0.015451935,0.033501983,0.047723233,0.020374675,0.029673185,24,20.33435745,16.27350737,PMXC6,NS,R2A,B,VT,REP2,OG,0,PMXC6.NS.R2A.B.VT.REP2,NSR2AVTB,3
PMXC6.NS.R2A.B.VT.REP3.OG,0.035142896,0,0.063585396,0,0.0549706,0.038014495,0.061124026,0.029126214,0.030493641,0,0.030630384,0.042527007,0.039792151,0.035963353,0.038014495,0.015588678,0.165185286,0.051688773,0.025434158,0.030356899,0.021331875,0.044304663,0,0.015451935,0.033501983,0.047723233,0.020374675,0.029673185,24,20.33435745,16.27350737,PMXC6,NS,R2A,B,VT,REP3,OG,0,PMXC6.NS.R2A.B.VT.REP3,NSR2AVTB,3
PMXC6.NS.R2A.NB.RT.REP1.OG,0.035142896,0,0.063585396,0,0.0549706,0.038014495,0.061124026,0.029126214,0.030493641,0,0.030630384,0.042527007,0.039792151,0.035963353,0.038014495,0.015588678,0.165185286,0.051688773,0.025434158,0.030356899,0.021331875,0.044304663,0,0.015451935,0.033501983,0.047723233,0.020374675,0.029673185,24,20.33435745,16.27350737,PMXC6,NS,R2A,NB,RT,REP1,OG,0,PMXC6.NS.R2A.NB.RT.REP1,NSR2ARTNB,1
PMXC6.NS.R2A.NB.RT.REP2.OG,0.035142896,0,0.063585396,0,0.0549706,0.038014495,0.061124026,0.029126214,0.030493641,0,0.030630384,0.042527007,0.039792151,0.035963353,0.038014495,0.015588678,0.165185286,0.051688773,0.025434158,0.030356899,0.021331875,0.044304663,0,0.015451935,0.033501983,0.047723233,0.020374675,0.029673185,24,20.33435745,16.27350737,PMXC6,NS,R2A,NB,RT,REP2,OG,0,PMXC6.NS.R2A.NB.RT.REP2,NSR2ARTNB,1
PMXC6.NS.R2A.NB.RT.REP3.OG,0.035142896,0,0.063585396,0,0.0549706,0.038014495,0.061124026,0.029126214,0.030493641,0,0.030630384,0.042527007,0.039792151,0.035963353,0.038014495,0.015588678,0.165185286,0.051688773,0.025434158,0.030356899,0.021331875,0.044304663,0,0.015451935,0.033501983,0.047723233,0.020374675,0.029673185,24,20.33435745,16.27350737,PMXC6,NS,R2A,NB,RT,REP3,OG,0,PMXC6.NS.R2A.NB.RT.REP3,NSR2ARTNB,1
PMXC6.NS.R2A.NB.VT.REP1.OG,0.035142896,0,0.063585396,0,0.0549706,0.038014495,0.061124026,0.029126214,0.030493641,0,0.030630384,0.042527007,0.039792151,0.035963353,0.038014495,0.015588678,0.165185286,0.051688773,0.025434158,0.030356899,0.021331875,0.044304663,0,0.015451935,0.033501983,0.047723233,0.020374675,0.029673185,24,20.33435745,16.27350737,PMXC6,NS,R2A,NB,VT,REP1,OG,0,PMXC6.NS.R2A.NB.VT.REP1,NSR2AVTNB,2
PMXC6.NS.R2A.NB.VT.REP2.OG,0.035142896,0,0.063585396,0,0.0549706,0.038014495,0.061124026,0.029126214,0.030493641,0,0.030630384,0.042527007,0.039792151,0.035963353,0.038014495,0.015588678,0.165185286,0.051688773,0.025434158,0.030356899,0.021331875,0.044304663,0,0.015451935,0.033501983,0.047723233,0.020374675,0.029673185,24,20.33435745,16.27350737,PMXC6,NS,R2A,NB,VT,REP2,OG,0,PMXC6.NS.R2A.NB.VT.REP2.RS,NSR2AVTNB,2
PMXC6.NS.R2A.NB.VT.REP3.OG,0.035142896,0,0.063585396,0,0.0549706,0.038014495,0.061124026,0.029126214,0.030493641,0,0.030630384,0.042527007,0.039792151,0.035963353,0.038014495,0.015588678,0.165185286,0.051688773,0.025434158,0.030356899,0.021331875,0.044304663,0,0.015451935,0.033501983,0.047723233,0.020374675,0.029673185,24,20.33435745,16.27350737,PMXC6,NS,R2A,NB,VT,REP3,OG,0,PMXC6.NS.R2A.NB.VT.REP3.RS,NSR2AVTNB,2
PMXC6.S.CR.B.RT.REP1.OG,0.049364146,0,0.055791057,0,0.041980036,0.062901682,0.055380829,0.053876658,0.02994667,0.013947764,0.029126214,0.048406947,0.034869411,0.051962259,0.021331875,0.020511418,0.089019554,0.052782716,0.029809928,0.034322439,0.018733762,0.045261862,0,0.026801586,0.049637632,0.031450841,0.031314098,0.021468618,25,22.92945872,21.23035665,PMXC6,S,CR,B,RT,REP1,OG,0,PMXC6.S.CR.B.RT.REP1,SCRRTB,2
PMXC6.S.CR.B.RT.REP2.OG,0.049364146,0,0.055791057,0,0.041980036,0.062901682,0.055380829,0.053876658,0.02994667,0.013947764,0.029126214,0.048406947,0.034869411,0.051962259,0.021331875,0.020511418,0.089019554,0.052782716,0.029809928,0.034322439,0.018733762,0.045261862,0,0.026801586,0.049637632,0.031450841,0.031314098,0.021468618,25,22.92945872,21.23035665,PMXC6,S,CR,B,RT,REP2,OG,0,PMXC6.S.CR.B.RT.REP2,SCRRTB,2
PMXC6.S.CR.B.RT.REP3.OG,0.049364146,0,0.055791057,0,0.041980036,0.062901682,0.055380829,0.053876658,0.02994667,0.013947764,0.029126214,0.048406947,0.034869411,0.051962259,0.021331875,0.020511418,0.089019554,0.052782716,0.029809928,0.034322439,0.018733762,0.045261862,0,0.026801586,0.049637632,0.031450841,0.031314098,0.021468618,25,22.92945872,21.23035665,PMXC6,S,CR,B,RT,REP3,OG,0,PMXC6.S.CR.B.RT.REP3,SCRRTB,2
PMXC6.S.CR.B.VT.REP1.OG,0.049364146,0,0.055791057,0,0.041980036,0.062901682,0.055380829,0.053876658,0.02994667,0.013947764,0.029126214,0.048406947,0.034869411,0.051962259,0.021331875,0.020511418,0.089019554,0.052782716,0.029809928,0.034322439,0.018733762,0.045261862,0,0.026801586,0.049637632,0.031450841,0.031314098,0.021468618,25,22.92945872,21.23035665,PMXC6,S,CR,B,VT,REP1,OG,0,PMXC6.S.CR.B.VT.REP1,SCRVTB,3
PMXC6.S.CR.B.VT.REP2.OG,0.049364146,0,0.055791057,0,0.041980036,0.062901682,0.055380829,0.053876658,0.02994667,0.013947764,0.029126214,0.048406947,0.034869411,0.051962259,0.021331875,0.020511418,0.089019554,0.052782716,0.029809928,0.034322439,0.018733762,0.045261862,0,0.026801586,0.049637632,0.031450841,0.031314098,0.021468618,25,22.92945872,21.23035665,PMXC6,S,CR,B,VT,REP2,OG,0,PMXC6.S.CR.B.VT.REP2,SCRVTB,3
PMXC6.S.CR.B.VT.REP3.OG,0.049364146,0,0.055791057,0,0.041980036,0.062901682,0.055380829,0.053876658,0.02994667,0.013947764,0.029126214,0.048406947,0.034869411,0.051962259,0.021331875,0.020511418,0.089019554,0.052782716,0.029809928,0.034322439,0.018733762,0.045261862,0,0.026801586,0.049637632,0.031450841,0.031314098,0.021468618,25,22.92945872,21.23035665,PMXC6,S,CR,B,VT,REP3,OG,0,PMXC6.S.CR.B.VT.REP3,SCRVTB,3
PMXC6.S.CR.NB.RT.REP1.OG,0.049364146,0,0.055791057,0,0.041980036,0.062901682,0.055380829,0.053876658,0.02994667,0.013947764,0.029126214,0.048406947,0.034869411,0.051962259,0.021331875,0.020511418,0.089019554,0.052782716,0.029809928,0.034322439,0.018733762,0.045261862,0,0.026801586,0.049637632,0.031450841,0.031314098,0.021468618,25,22.92945872,21.23035665,PMXC6,S,CR,NB,RT,REP1,OG,0,PMXC6.S.CR.NB.RT.REP1,SCRRTNB,1
PMXC6.S.CR.NB.RT.REP2.OG,0.049364146,0,0.055791057,0,0.041980036,0.062901682,0.055380829,0.053876658,0.02994667,0.013947764,0.029126214,0.048406947,0.034869411,0.051962259,0.021331875,0.020511418,0.089019554,0.052782716,0.029809928,0.034322439,0.018733762,0.045261862,0,0.026801586,0.049637632,0.031450841,0.031314098,0.021468618,25,22.92945872,21.23035665,PMXC6,S,CR,NB,RT,REP2,OG,0,PMXC6.S.CR.NB.RT.REP2,SCRRTNB,1
PMXC6.S.CR.NB.RT.REP3.OG,0.049364146,0,0.055791057,0,0.041980036,0.062901682,0.055380829,0.053876658,0.02994667,0.013947764,0.029126214,0.048406947,0.034869411,0.051962259,0.021331875,0.020511418,0.089019554,0.052782716,0.029809928,0.034322439,0.018733762,0.045261862,0,0.026801586,0.049637632,0.031450841,0.031314098,0.021468618,25,22.92945872,21.23035665,PMXC6,S,CR,NB,RT,REP3,OG,0,PMXC6.S.CR.NB.RT.REP3,SCRRTNB,1
PMXC6.S.CR.NB.VT.REP1.OG,0.049364146,0,0.055791057,0,0.041980036,0.062901682,0.055380829,0.053876658,0.02994667,0.013947764,0.029126214,0.048406947,0.034869411,0.051962259,0.021331875,0.020511418,0.089019554,0.052782716,0.029809928,0.034322439,0.018733762,0.045261862,0,0.026801586,0.049637632,0.031450841,0.031314098,0.021468618,25,22.92945872,21.23035665,PMXC6,S,CR,NB,VT,REP1,OG,0,PMXC6.S.CR.NB.VT.REP1,SCRVTNB,2
PMXC6.S.CR.NB.VT.REP2.OG,0.049364146,0,0.055791057,0,0.041980036,0.062901682,0.055380829,0.053876658,0.02994667,0.013947764,0.029126214,0.048406947,0.034869411,0.051962259,0.021331875,0.020511418,0.089019554,0.052782716,0.029809928,0.034322439,0.018733762,0.045261862,0,0.026801586,0.049637632,0.031450841,0.031314098,0.021468618,25,22.92945872,21.23035665,PMXC6,S,CR,NB,VT,REP2,OG,0,PMXC6.S.CR.NB.VT.REP2,SCRVTNB,2
PMXC6.S.CR.NB.VT.REP3.OG,0.049364146,0,0.055791057,0,0.041980036,0.062901682,0.055380829,0.053876658,0.02994667,0.013947764,0.029126214,0.048406947,0.034869411,0.051962259,0.021331875,0.020511418,0.089019554,0.052782716,0.029809928,0.034322439,0.018733762,0.045261862,0,0.026801586,0.049637632,0.031450841,0.031314098,0.021468618,25,22.92945872,21.23035665,PMXC6,S,CR,NB,VT,REP3,OG,0,PMXC6.S.CR.NB.VT.REP3,SCRVTNB,2
PMXC6.S.R2A.B.RT.REP1.OG,0.035142896,0,0.063585396,0,0.0549706,0.038014495,0.061124026,0.029126214,0.030493641,0,0.030630384,0.042527007,0.039792151,0.035963353,0.038014495,0.015588678,0.165185286,0.051688773,0.025434158,0.030356899,0.021331875,0.044304663,0,0.015451935,0.033501983,0.047723233,0.020374675,0.029673185,24,20.33435745,16.27350737,PMXC6,S,R2A,B,RT,REP1,OG,0,PMXC6.S.R2A.B.RT.REP1,SR2ARTB,1
PMXC6.S.R2A.B.RT.REP2.OG,0.035142896,0,0.063585396,0,0.0549706,0.038014495,0.061124026,0.029126214,0.030493641,0,0.030630384,0.042527007,0.039792151,0.035963353,0.038014495,0.015588678,0.165185286,0.051688773,0.025434158,0.030356899,0.021331875,0.044304663,0,0.015451935,0.033501983,0.047723233,0.020374675,0.029673185,24,20.33435745,16.27350737,PMXC6,S,R2A,B,RT,REP2,OG,0,PMXC6.S.R2A.B.RT.REP2,SR2ARTB,1
PMXC6.S.R2A.B.RT.REP3.OG,0.035142896,0,0.063585396,0,0.0549706,0.038014495,0.061124026,0.029126214,0.030493641,0,0.030630384,0.042527007,0.039792151,0.035963353,0.038014495,0.015588678,0.165185286,0.051688773,0.025434158,0.030356899,0.021331875,0.044304663,0,0.015451935,0.033501983,0.047723233,0.020374675,0.029673185,24,20.33435745,16.27350737,PMXC6,S,R2A,B,RT,REP3,OG,0,PMXC6.S.R2A.B.RT.REP3,SR2ARTB,1
PMXC6.S.R2A.B.VT.REP1.OG,0.035142896,0,0.063585396,0,0.0549706,0.038014495,0.061124026,0.029126214,0.030493641,0,0.030630384,0.042527007,0.039792151,0.035963353,0.038014495,0.015588678,0.165185286,0.051688773,0.025434158,0.030356899,0.021331875,0.044304663,0,0.015451935,0.033501983,0.047723233,0.020374675,0.029673185,24,20.33435745,16.27350737,PMXC6,S,R2A,B,VT,REP1,OG,0,PMXC6.S.R2A.B.VT.REP1,SR2AVTB,2
PMXC6.S.R2A.B.VT.REP2.OG,0.035142896,0,0.063585396,0,0.0549706,0.038014495,0.061124026,0.029126214,0.030493641,0,0.030630384,0.042527007,0.039792151,0.035963353,0.038014495,0.015588678,0.165185286,0.051688773,0.025434158,0.030356899,0.021331875,0.044304663,0,0.015451935,0.033501983,0.047723233,0.020374675,0.029673185,24,20.33435745,16.27350737,PMXC6,S,R2A,B,VT,REP2,OG,0,PMXC6.S.R2A.B.VT.REP2,SR2AVTB,2
PMXC6.S.R2A.B.VT.REP3.OG,0.035142896,0,0.063585396,0,0.0549706,0.038014495,0.061124026,0.029126214,0.030493641,0,0.030630384,0.042527007,0.039792151,0.035963353,0.038014495,0.015588678,0.165185286,0.051688773,0.025434158,0.030356899,0.021331875,0.044304663,0,0.015451935,0.033501983,0.047723233,0.020374675,0.029673185,24,20.33435745,16.27350737,PMXC6,S,R2A,B,VT,REP3,OG,0,PMXC6.S.R2A.B.VT.REP3,SR2AVTB,2
PMXC6.S.R2A.NB.RT.REP1.OG,0.035142896,0,0.063585396,0,0.0549706,0.038014495,0.061124026,0.029126214,0.030493641,0,0.030630384,0.042527007,0.039792151,0.035963353,0.038014495,0.015588678,0.165185286,0.051688773,0.025434158,0.030356899,0.021331875,0.044304663,0,0.015451935,0.033501983,0.047723233,0.020374675,0.029673185,24,20.33435745,16.27350737,PMXC6,S,R2A,NB,RT,REP1,OG,0,PMXC6.S.R2A.NB.RT.REP1,SR2ARTNB,0
PMXC6.S.R2A.NB.RT.REP2.OG,0.035142896,0,0.063585396,0,0.0549706,0.038014495,0.061124026,0.029126214,0.030493641,0,0.030630384,0.042527007,0.039792151,0.035963353,0.038014495,0.015588678,0.165185286,0.051688773,0.025434158,0.030356899,0.021331875,0.044304663,0,0.015451935,0.033501983,0.047723233,0.020374675,0.029673185,24,20.33435745,16.27350737,PMXC6,S,R2A,NB,RT,REP2,OG,0,PMXC6.S.R2A.NB.RT.REP2,SR2ARTNB,0
PMXC6.S.R2A.NB.RT.REP3.OG,0.035142896,0,0.063585396,0,0.0549706,0.038014495,0.061124026,0.029126214,0.030493641,0,0.030630384,0.042527007,0.039792151,0.035963353,0.038014495,0.015588678,0.165185286,0.051688773,0.025434158,0.030356899,0.021331875,0.044304663,0,0.015451935,0.033501983,0.047723233,0.020374675,0.029673185,24,20.33435745,16.27350737,PMXC6,S,R2A,NB,RT,REP3,OG,0,PMXC6.S.R2A.NB.RT.REP3,SR2ARTNB,0
PMXC6.S.R2A.NB.VT.REP1.OG,0.035142896,0,0.063585396,0,0.0549706,0.038014495,0.061124026,0.029126214,0.030493641,0,0.030630384,0.042527007,0.039792151,0.035963353,0.038014495,0.015588678,0.165185286,0.051688773,0.025434158,0.030356899,0.021331875,0.044304663,0,0.015451935,0.033501983,0.047723233,0.020374675,0.029673185,24,20.33435745,16.27350737,PMXC6,S,R2A,NB,VT,REP1,OG,0,PMXC6.S.R2A.NB.VT.REP1,SR2AVTNB,1
PMXC6.S.R2A.NB.VT.REP2.OG,0.035142896,0,0.063585396,0,0.0549706,0.038014495,0.061124026,0.029126214,0.030493641,0,0.030630384,0.042527007,0.039792151,0.035963353,0.038014495,0.015588678,0.165185286,0.051688773,0.025434158,0.030356899,0.021331875,0.044304663,0,0.015451935,0.033501983,0.047723233,0.020374675,0.029673185,24,20.33435745,16.27350737,PMXC6,S,R2A,NB,VT,REP2,OG,0,PMXC6.S.R2A.NB.VT.REP2,SR2AVTNB,1
PMXC6.S.R2A.NB.VT.REP3.OG,0.035142896,0,0.063585396,0,0.0549706,0.038014495,0.061124026,0.029126214,0.030493641,0,0.030630384,0.042527007,0.039792151,0.035963353,0.038014495,0.015588678,0.165185286,0.051688773,0.025434158,0.030356899,0.021331875,0.044304663,0,0.015451935,0.033501983,0.047723233,0.020374675,0.029673185,24,20.33435745,16.27350737,PMXC6,S,R2A,NB,VT,REP3,OG,0,PMXC6.S.R2A.NB.VT.REP3,SR2AVTNB,1
PMXC7.NS.CR.B.RT.REP1.T0,0,0,0.425760888,0.011938793,0,0,0,0,0,0,0,0.12639426,0.065186929,0.022756572,0.024045737,0,0.222521159,0.051958971,0,0,0,0,0,0,0,0,0,0.049436691,9,5.3029496,3.885076945,PMXC7,NS,CR,B,RT,REP1,T0,3,PMXC7.NS.CR.B.RT.REP1,NSCRRTB,3
PMXC7.NS.CR.B.RT.REP2.T0,0.013844515,0,0.399585225,0.010145171,0,0,0,0,0,0,0,0.124936943,0.057003531,0.016478897,0.02595146,0,0.254021636,0.056947481,0,0,0,0,0,0,0,0,0,0.041085141,10,5.476066943,4.012444718,PMXC7,NS,CR,B,RT,REP2,T0,3,PMXC7.NS.CR.B.RT.REP2,NSCRRTB,3
PMXC7.NS.CR.B.RT.REP3.T0,0,0,0.4560843,0.010481475,0,0,0,0,0,0,0,0.112213441,0.043327168,0.017712012,0.016198644,0,0.266689087,0.036488986,0,0,0,0,0,0,0,0,0,0.040804888,9,4.615087647,3.363747039,PMXC7,NS,CR,B,RT,REP3,T0,3,PMXC7.NS.CR.B.RT.REP3,NSCRRTB,3
PMXC7.NS.CR.B.VT.REP1.T0,0,0,0.519421557,0,0,0,0,0,0,0,0,0.074323188,0.021579508,0,0.01844067,0,0.283784541,0.015357884,0,0,0,0,0.028866095,0,0,0,0,0.038226557,8,3.813456868,2.784022687,PMXC7,NS,CR,B,VT,REP1,T0,3,PMXC7.NS.CR.B.VT.REP1,NSCRVTB,4
PMXC7.NS.CR.B.VT.REP2.T0,0,0,0.399697326,0,0,0,0,0,0,0,0,0.119219775,0.043102965,0,0.016086542,0,0.35395998,0.03267754,0,0,0,0,0,0,0,0,0,0.035255871,7,4.134610307,3.292870375,PMXC7,NS,CR,B,VT,REP2,T0,3,PMXC7.NS.CR.B.VT.REP2,NSCRVTB,4
PMXC7.NS.CR.B.VT.REP3.T0,0,0,0.393027297,0,0,0,0,0,0,0,0,0.11378286,0.045737347,0,0.015694188,0,0.354296284,0.036545037,0,0,0,0,0,0,0,0,0,0.040916989,7,4.220590679,3.352433219,PMXC7,NS,CR,B,VT,REP3,T0,3,PMXC7.NS.CR.B.VT.REP3,NSCRVTB,4
PMXC7.NS.CR.NB.RT.REP1.T0,0,0,0.322011098,0,0,0,0,0,0,0,0,0.185359565,0.086766437,0.016422846,0.026175663,0,0.268146404,0.036657138,0,0,0,0,0,0,0,0,0,0.058460849,8,5.432388839,4.480356671,PMXC7,NS,CR,NB,RT,REP1,T0,3,PMXC7.NS.CR.NB.RT.REP1,NSCRRTNB,2
PMXC7.NS.CR.NB.RT.REP2.T0,0,0,0.418137997,0.010761729,0,0,0,0,0,0,0,0.164228463,0.071520655,0.015750238,0.015245782,0,0.23098481,0.032397287,0,0,0,0,0,0,0,0,0,0.04097304,9,4.994582367,3.793565519,PMXC7,NS,CR,NB,RT,REP2,T0,3,PMXC7.NS.CR.NB.RT.REP2,NSCRRTNB,2
PMXC7.NS.CR.NB.RT.REP3.T0,0,0,0.358219831,0,0,0,0,0,0,0,0,0.158903649,0.070399641,0.016983353,0.019449582,0,0.281262261,0.035199821,0,0,0,0,0,0,0,0,0,0.059581862,8,5.131124929,4.113666666,PMXC7,NS,CR,NB,RT,REP3,T0,3,PMXC7.NS.CR.NB.RT.REP3,NSCRRTNB,2
PMXC7.NS.CR.NB.VT.REP1.T0,0,0,0.377557312,0,0,0,0,0,0,0,0,0.115632532,0.090129477,0,0.026175663,0,0.322851858,0.034190909,0,0,0,0,0,0,0,0,0,0.03346225,7,4.588590959,3.686622942,PMXC7,NS,CR,NB,VT,REP1,T0,3,PMXC7.NS.CR.NB.VT.REP1,NSCRVTNB,3
PMXC7.NS.CR.NB.VT.REP2.T0,0,0,0.404910039,0,0,0,0,0,0,0,0,0.118379015,0.057788241,0,0.019617734,0,0.322795807,0.032397287,0,0,0,0,0,0,0,0,0,0.044111877,7,4.36814927,3.461613315,PMXC7,NS,CR,NB,VT,REP2,T0,3,PMXC7.NS.CR.NB.VT.REP2,NSCRVTNB,3
PMXC7.NS.CR.NB.VT.REP3.T0,0,0,0.447564598,0,0,0,0,0,0,0,0,0.202791323,0.044560282,0,0.015469985,0,0.211535228,0.036993442,0,0,0,0,0,0,0,0,0,0.041085141,7,4.341432885,3.430920304,PMXC7,NS,CR,NB,VT,REP3,T0,3,PMXC7.NS.CR.NB.VT.REP3,NSCRVTNB,3
PMXC7.NS.M9.B.RT.REP1.T0,0,0,0.272013901,0,0,0,0,0,0,0,0,0.455691946,0.105207107,0,0.025334903,0,0.092539656,0,0,0,0,0,0,0,0,0,0,0.049212488,6,4.099124529,3.285771129,PMXC7,NS,M9,B,RT,REP1,T0,3,PMXC7.NS.M9.B.RT.REP1,NSM9RTB,2
PMXC7.NS.M9.B.RT.REP2.T0,0,0,0.240065019,0,0,0,0,0,0,0,0,0.38411524,0.106720475,0,0.049772995,0,0.140238776,0.014741326,0,0,0,0,0,0,0,0,0,0.064346169,7,5.014686299,4.114092131,PMXC7,NS,M9,B,RT,REP2,T0,3,PMXC7.NS.M9.B.RT.REP2,NSM9RTB,2
PMXC7.NS.M9.B.RT.REP3.T0,0,0,0.348579116,0,0,0,0,0,0,0,0,0.27946864,0.091026288,0,0.048147525,0,0.160304916,0.013059806,0,0,0,0,0,0,0,0,0,0.05941371,7,4.98144204,4.173408407,PMXC7,NS,M9,B,RT,REP3,T0,3,PMXC7.NS.M9.B.RT.REP3,NSM9RTB,2
PMXC7.NS.M9.B.VT.REP1.T0,0,0,0.402724063,0,0,0,0,0,0,0,0,0.280085197,0.04938064,0,0.05352839,0,0.154419595,0.020178241,0,0,0,0,0,0,0,0,0,0.039683874,7,4.587180053,3.679642833,PMXC7,NS,M9,B,VT,REP1,T0,3,PMXC7.NS.M9.B.VT.REP1,NSM9VTB,3
PMXC7.NS.M9.B.VT.REP2.T0,0,0,0.436130262,0,0,0,0,0,0,0,0,0.340339667,0.042822712,0,0.040692786,0,0.089400818,0.019337481,0,0,0,0,0,0,0,0,0,0.031276274,7,4.032856139,3.136024779,PMXC7,NS,M9,B,VT,REP2,T0,3,PMXC7.NS.M9.B.VT.REP2,NSM9VTB,3
PMXC7.NS.M9.B.VT.REP3.T0,0,0,0.407264167,0,0,0,0,0,0,0,0,0.303178073,0.034807466,0,0.050277451,0,0.129084693,0.02258842,0,0,0,0,0,0,0,0,0,0.052799731,7,4.482021345,3.552633448,PMXC7,NS,M9,B,VT,REP3,T0,3,PMXC7.NS.M9.B.VT.REP3,NSM9VTB,3
PMXC7.NS.M9.NB.RT.REP1.T0,0,0,0.103525587,0,0.020178241,0,0,0,0,0,0,0.372680904,0.140350877,0,0.044111877,0,0.207275377,0.021691609,0,0,0,0.012050894,0,0,0,0,0,0.078134634,9,5.791499697,4.517857751,PMXC7,NS,M9,NB,RT,REP1,T0,3,PMXC7.NS.M9.NB.RT.REP1,NSM9RTNB,1
PMXC7.NS.M9.NB.RT.REP2.T0,0,0,0.194776078,0,0,0,0,0,0,0,0,0.399248921,0.101507763,0,0.06109523,0,0.137716496,0.019505633,0,0,0,0,0.017431758,0,0,0,0,0.068718121,8,5.433751935,4.241849495,PMXC7,NS,M9,NB,RT,REP2,T0,3,PMXC7.NS.M9.NB.RT.REP2,NSM9RTNB,1
PMXC7.NS.M9.NB.RT.REP3.T0,0,0,0.173588924,0,0,0,0,0,0,0,0,0.395325374,0.095566392,0,0.049885096,0,0.184462754,0.021915812,0,0,0,0,0.010705678,0,0,0,0,0.068549969,8,5.326073203,4.213058682,PMXC7,NS,M9,NB,RT,REP3,T0,3,PMXC7.NS.M9.NB.RT.REP3,NSM9RTNB,1
PMXC7.NS.M9.NB.VT.REP1.T0,0,0,0.224202679,0,0.015357884,0,0,0,0,0,0,0.252228014,0.069951236,0.010145171,0.131046466,0,0.225772098,0.019954038,0,0,0,0,0,0,0,0,0,0.051342414,9,6.12451244,5.254910436,PMXC7,NS,M9,NB,VT,REP1,T0,3,PMXC7.NS.M9.NB.VT.REP1,NSM9VTNB,2
PMXC7.NS.M9.NB.VT.REP2.T0,0,0,0.307157671,0,0,0,0,0,0,0,0,0.229639594,0.043663472,0,0.130317807,0,0.210302113,0.019561684,0,0,0,0,0,0,0,0,0,0.059357659,7,5.339882603,4.670662755,PMXC7,NS,M9,NB,VT,REP2,T0,3,PMXC7.NS.M9.NB.VT.REP2,NSM9VTNB,2
PMXC7.NS.M9.NB.VT.REP3.T0,0,0,0.292584496,0,0,0,0,0,0,0,0,0.279300488,0.043999776,0.013227958,0.130317807,0,0.166862844,0.022196065,0,0,0,0,0,0,0,0,0,0.051510566,8,5.540677768,4.67951516,PMXC7,NS,M9,NB,VT,REP3,T0,3,PMXC7.NS.M9.NB.VT.REP3,NSM9VTNB,2
PMXC7.S.CR.B.RT.REP1.T0,0,0,0.068830223,0,0,0,0,0,0,0,0,0.043271117,0.076453114,0,0.185639818,0,0.572669693,0,0,0,0,0,0,0,0,0,0,0.053136035,6,3.685611184,2.647665425,PMXC7,S,CR,B,RT,REP1,T0,3,PMXC7.S.CR.B.RT.REP1,SCRRTB,2
PMXC7.S.CR.B.RT.REP2.T0,0,0,0.039459672,0,0,0,0,0,0,0,0,0.061039179,0.045457093,0,0.255422902,0,0.563085029,0,0,0,0,0,0,0,0,0,0,0.035536125,6,3.418954637,2.558083725,PMXC7,S,CR,B,RT,REP2,T0,3,PMXC7.S.CR.B.RT.REP2,SCRRTB,2
PMXC7.S.CR.B.RT.REP3.T0,0.014348971,0,0.202567121,0,0,0,0,0,0,0,0,0.061599686,0.04439213,0.020458494,0.141808195,0,0.47446892,0,0,0,0,0,0,0,0,0,0,0.040356482,8,4.637320152,3.398100799,PMXC7,S,CR,B,RT,REP3,T0,3,PMXC7.S.CR.B.RT.REP3,SCRRTB,2
PMXC7.S.CR.B.VT.REP1.T0,0,0,0.259122247,0,0,0,0,0,0,0,0,0.07701362,0.048595931,0.01507763,0.228014125,0,0.327952469,0,0,0,0,0,0,0,0,0,0,0.044223978,7,4.944187849,4.216502937,PMXC7,S,CR,B,VT,REP1,T0,3,PMXC7.S.CR.B.VT.REP1,SCRVTB,3
PMXC7.S.CR.B.VT.REP2.T0,0,0,0.311978028,0,0,0,0,0,0,0,0,0.13721204,0.087270893,0.013227958,0.143041309,0,0.267922202,0.013340059,0,0,0,0,0,0,0,0,0,0.026007511,8,5.416831906,4.607316319,PMXC7,S,CR,B,VT,REP2,T0,3,PMXC7.S.CR.B.VT.REP2,SCRVTB,3
PMXC7.S.CR.B.VT.REP3.T0,0.012219046,0,0.311193319,0,0,0,0,0,0,0,0,0.100498851,0.041533546,0.022812623,0.129308895,0,0.335463259,0.01675915,0,0,0,0,0,0,0,0,0,0.030211311,9,5.320324101,4.170384603,PMXC7,S,CR,B,VT,REP3,T0,3,PMXC7.S.CR.B.VT.REP3,SCRVTB,3
PMXC7.S.CR.NB.RT.REP1.T0,0.014965529,0,0.252115913,0,0,0,0,0,0,0,0,0.066476094,0.096743456,0.011546438,0.135866824,0,0.384675747,0.011658539,0,0,0,0,0,0,0,0,0,0.02595146,9,5.224295317,4.082587279,PMXC7,S,CR,NB,RT,REP1,T0,3,PMXC7.S.CR.NB.RT.REP1,SCRRTNB,1
PMXC7.S.CR.NB.RT.REP2.T0,0.01754386,0,0.507763018,0,0,0,0,0,0,0,0,0.09119444,0.058068494,0,0.085869626,0,0.178801637,0.017375708,0,0,0,0,0.013115857,0,0,0,0,0.030267362,9,4.713617142,3.220061062,PMXC7,S,CR,NB,RT,REP2,T0,3,PMXC7.S.CR.NB.RT.REP2,SCRRTNB,1
PMXC7.S.CR.NB.RT.REP3.T0,0.01003307,0,0.201053753,0,0,0,0,0,0,0,0,0.039739925,0.069502831,0.012667451,0.128916541,0,0.501485343,0,0,0,0,0,0,0,0,0,0,0.036601087,8,4.34408159,3.159155343,PMXC7,S,CR,NB,RT,REP3,T0,3,PMXC7.S.CR.NB.RT.REP3,SCRRTNB,1
PMXC7.S.CR.NB.VT.REP1.T0,0.010369374,0,0.370214674,0,0,0,0,0,0,0,0,0.136091026,0.060646825,0.015357884,0.076284962,0,0.292472395,0.013171907,0,0,0,0,0,0,0,0,0,0.025390953,9,5.088318003,3.971740351,PMXC7,S,CR,NB,VT,REP1,T0,3,PMXC7.S.CR.NB.VT.REP1,SCRVTNB,2
PMXC7.S.CR.NB.VT.REP2.T0,0,0,0.308502887,0,0,0,0,0,0,0,0,0.083291295,0.095678493,0.013003755,0.086149879,0,0.355080993,0.014461073,0,0,0,0,0.015638137,0,0,0,0,0.028193487,9,5.241391823,4.06193966,PMXC7,S,CR,NB,VT,REP2,T0,3,PMXC7.S.CR.NB.VT.REP2,SCRVTNB,2
PMXC7.S.CR.NB.VT.REP3.T0,0,0,0.38489995,0,0,0,0,0,0,0,0,0.105038955,0.058741102,0.019729836,0.083123143,0,0.279636792,0.017768062,0,0,0,0,0.01754386,0,0,0,0,0.033518301,9,5.299447819,4.002015471,PMXC7,S,CR,NB,VT,REP3,T0,3,PMXC7.S.CR.NB.VT.REP3,SCRVTNB,2
PMXC7.S.M9.B.RT.REP1.T0,0.014180819,0,0.441062721,0,0,0,0,0,0,0,0,0.262148983,0.066756348,0,0.077181772,0,0.06860602,0.010649627,0,0,0,0,0,0,0,0,0,0.05941371,8,4.714762855,3.543295642,PMXC7,S,M9,B,RT,REP1,T0,3,PMXC7.S.M9.B.RT.REP1,SM9RTB,1
PMXC7.S.M9.B.RT.REP2.T0,0.01003307,0,0.51549801,0,0,0,0,0,0,0,0,0.219382322,0.050613755,0,0.060814977,0,0.081946079,0,0,0,0,0,0,0,0,0,0,0.061711787,7,4.131804247,3.023420788,PMXC7,S,M9,B,RT,REP2,T0,3,PMXC7.S.M9.B.RT.REP2,SM9RTB,1
PMXC7.S.M9.B.RT.REP3.T0,0.013620313,0,0.385516507,0,0.016871252,0,0.012499299,0,0,0,0.011826691,0.239784765,0.05689143,0,0.085140967,0,0.132055378,0.011602489,0,0,0,0,0,0,0,0,0,0.034190909,11,5.765103188,4.235245097,PMXC7,S,M9,B,RT,REP3,T0,3,PMXC7.S.M9.B.RT.REP3,SM9RTB,1
PMXC7.S.M9.B.VT.REP1.T0,0,0,0.483156774,0,0,0,0,0,0,0,0,0.264839415,0.066644246,0.010369374,0.042430357,0,0.077630178,0.013844515,0,0,0,0,0,0,0,0,0,0.041085141,8,4.280575331,3.146278654,PMXC7,S,M9,B,VT,REP1,T0,3,PMXC7.S.M9.B.VT.REP1,SM9VTB,2
PMXC7.S.M9.B.VT.REP2.T0,0.010145171,0,0.453057564,0,0.01003307,0,0.010593577,0,0,0,0,0.218765764,0.059301609,0,0.05358444,0,0.126226108,0.013059806,0,0,0,0,0,0,0,0,0,0.045232891,10,5.024781654,3.597471656,PMXC7,S,M9,B,VT,REP2,T0,3,PMXC7.S.M9.B.VT.REP2,SM9VTB,2
PMXC7.S.M9.B.VT.REP3.T0,0.011658539,0,0.499747772,0,0,0,0,0,0,0,0,0.21927022,0.054705454,0,0.04271061,0,0.102236422,0.015413934,0,0,0,0,0.012891654,0,0,0,0,0.041365394,9,4.527827147,3.171107553,PMXC7,S,M9,B,VT,REP3,T0,3,PMXC7.S.M9.B.VT.REP3,SM9VTB,2
PMXC7.S.M9.NB.RT.REP1.T0,0.020514545,0,0.079591951,0.016254694,0.021971863,0,0,0,0,0,0.013340059,0.561347458,0.074995796,0.019001177,0.026848271,0,0.06356146,0.031108122,0,0,0,0.0167031,0,0,0.011378286,0,0,0.043383218,14,5.57864859,2.969154554,PMXC7,S,M9,NB,RT,REP1,T0,3,PMXC7.S.M9.NB.RT.REP1,SM9RTNB,0
PMXC7.S.M9.NB.RT.REP2.T0,0.026007511,0,0.061263382,0.014180819,0.035199821,0,0.012106945,0,0,0,0.018889076,0.511013957,0.102572726,0.018720924,0.025839359,0,0.073706631,0.031612578,0,0,0,0.017880164,0,0,0.015974441,0,0,0.035031669,15,6.520769024,3.480902874,PMXC7,S,M9,NB,RT,REP2,T0,3,PMXC7.S.M9.NB.RT.REP2,SM9RTNB,0
PMXC7.S.M9.NB.RT.REP3.T0,0.012387198,0,0.032509388,0.01087383,0,0,0,0,0,0,0,0.754722269,0.096182949,0.01003307,0,0,0.021523457,0.013564262,0,0,0,0,0,0,0,0,0,0.048203576,9,2.680032294,1.714510359,PMXC7,S,M9,NB,RT,REP3,T0,3,PMXC7.S.M9.NB.RT.REP3,SM9RTNB,0
PMXC7.S.M9.NB.VT.REP1.T0,0.016647049,0,0.098200773,0.016590998,0.013900566,0,0,0,0,0,0,0.541113166,0.072249313,0.034359061,0.028810044,0,0.080152458,0.032060983,0,0,0,0.011602489,0,0,0,0,0,0.054313099,12,5.398873021,3.11565457,PMXC7,S,M9,NB,VT,REP1,T0,3,PMXC7.S.M9.NB.VT.REP1,SM9VTNB,1
PMXC7.S.M9.NB.VT.REP2.T0,0.019057228,0,0.086710386,0.020346393,0.014965529,0,0,0,0,0,0,0.546998487,0.071408553,0.035648226,0.02679222,0,0.074042935,0.03682529,0,0,0,0.012219046,0,0,0,0,0,0.054985707,12,5.428049044,3.078569894,PMXC7,S,M9,NB,VT,REP2,T0,3,PMXC7.S.M9.NB.VT.REP2,SM9VTNB,1
PMXC7.S.M9.NB.VT.REP3.T0,0.01844067,0,0.09539824,0.017936214,0.011882742,0,0,0,0,0,0,0.574239112,0.074042935,0.033238047,0.02012219,0,0.067036601,0.033406199,0,0,0,0,0,0,0,0,0,0.054257048,11,4.847322327,2.815314668,PMXC7,S,M9,NB,VT,REP3,T0,3,PMXC7.S.M9.NB.VT.REP3,SM9VTNB,1
PMXC7.NS.CR.B.RT.REP1.OG,0.024942548,0.051678718,0.055882518,0.020458494,0.105991817,0.014348971,0.026960372,0.048091475,0.05526596,0.011546438,0.031668628,0.037890253,0.028753994,0.046129701,0.016254694,0,0.052351326,0.037441847,0,0.057620089,0.027352727,0.131214618,0,0.020738748,0.056386974,0.022364217,0,0.018664873,24,19.93541067,16.65406225,PMXC7,NS,CR,B,RT,REP1,OG,0,PMXC7.NS.CR.B.RT.REP1,NSCRRTB,3
PMXC7.NS.CR.B.RT.REP2.OG,0.024942548,0.051678718,0.055882518,0.020458494,0.105991817,0.014348971,0.026960372,0.048091475,0.05526596,0.011546438,0.031668628,0.037890253,0.028753994,0.046129701,0.016254694,0,0.052351326,0.037441847,0,0.057620089,0.027352727,0.131214618,0,0.020738748,0.056386974,0.022364217,0,0.018664873,24,19.93541067,16.65406225,PMXC7,NS,CR,B,RT,REP2,OG,0,PMXC7.NS.CR.B.RT.REP2,NSCRRTB,3
PMXC7.NS.CR.B.RT.REP3.OG,0.024942548,0.051678718,0.055882518,0.020458494,0.105991817,0.014348971,0.026960372,0.048091475,0.05526596,0.011546438,0.031668628,0.037890253,0.028753994,0.046129701,0.016254694,0,0.052351326,0.037441847,0,0.057620089,0.027352727,0.131214618,0,0.020738748,0.056386974,0.022364217,0,0.018664873,24,19.93541067,16.65406225,PMXC7,NS,CR,B,RT,REP3,OG,0,PMXC7.NS.CR.B.RT.REP3,NSCRRTB,3
PMXC7.NS.CR.B.VT.REP1.OG,0.024942548,0.051678718,0.055882518,0.020458494,0.105991817,0.014348971,0.026960372,0.048091475,0.05526596,0.011546438,0.031668628,0.037890253,0.028753994,0.046129701,0.016254694,0,0.052351326,0.037441847,0,0.057620089,0.027352727,0.131214618,0,0.020738748,0.056386974,0.022364217,0,0.018664873,24,19.93541067,16.65406225,PMXC7,NS,CR,B,VT,REP1,OG,0,PMXC7.NS.CR.B.VT.REP1,NSCRVTB,4
PMXC7.NS.CR.B.VT.REP2.OG,0.024942548,0.051678718,0.055882518,0.020458494,0.105991817,0.014348971,0.026960372,0.048091475,0.05526596,0.011546438,0.031668628,0.037890253,0.028753994,0.046129701,0.016254694,0,0.052351326,0.037441847,0,0.057620089,0.027352727,0.131214618,0,0.020738748,0.056386974,0.022364217,0,0.018664873,24,19.93541067,16.65406225,PMXC7,NS,CR,B,VT,REP2,OG,0,PMXC7.NS.CR.B.VT.REP2,NSCRVTB,4
PMXC7.NS.CR.B.VT.REP3.OG,0.024942548,0.051678718,0.055882518,0.020458494,0.105991817,0.014348971,0.026960372,0.048091475,0.05526596,0.011546438,0.031668628,0.037890253,0.028753994,0.046129701,0.016254694,0,0.052351326,0.037441847,0,0.057620089,0.027352727,0.131214618,0,0.020738748,0.056386974,0.022364217,0,0.018664873,24,19.93541067,16.65406225,PMXC7,NS,CR,B,VT,REP3,OG,0,PMXC7.NS.CR.B.VT.REP3,NSCRVTB,4
PMXC7.NS.CR.NB.RT.REP1.OG,0.024942548,0.051678718,0.055882518,0.020458494,0.105991817,0.014348971,0.026960372,0.048091475,0.05526596,0.011546438,0.031668628,0.037890253,0.028753994,0.046129701,0.016254694,0,0.052351326,0.037441847,0,0.057620089,0.027352727,0.131214618,0,0.020738748,0.056386974,0.022364217,0,0.018664873,24,19.93541067,16.65406225,PMXC7,NS,CR,NB,RT,REP1,OG,0,PMXC7.NS.CR.NB.RT.REP1,NSCRRTNB,2
PMXC7.NS.CR.NB.RT.REP2.OG,0.024942548,0.051678718,0.055882518,0.020458494,0.105991817,0.014348971,0.026960372,0.048091475,0.05526596,0.011546438,0.031668628,0.037890253,0.028753994,0.046129701,0.016254694,0,0.052351326,0.037441847,0,0.057620089,0.027352727,0.131214618,0,0.020738748,0.056386974,0.022364217,0,0.018664873,24,19.93541067,16.65406225,PMXC7,NS,CR,NB,RT,REP2,OG,0,PMXC7.NS.CR.NB.RT.REP2,NSCRRTNB,2
PMXC7.NS.CR.NB.RT.REP3.OG,0.024942548,0.051678718,0.055882518,0.020458494,0.105991817,0.014348971,0.026960372,0.048091475,0.05526596,0.011546438,0.031668628,0.037890253,0.028753994,0.046129701,0.016254694,0,0.052351326,0.037441847,0,0.057620089,0.027352727,0.131214618,0,0.020738748,0.056386974,0.022364217,0,0.018664873,24,19.93541067,16.65406225,PMXC7,NS,CR,NB,RT,REP3,OG,0,PMXC7.NS.CR.NB.RT.REP3,NSCRRTNB,2
PMXC7.NS.CR.NB.VT.REP1.OG,0.024942548,0.051678718,0.055882518,0.020458494,0.105991817,0.014348971,0.026960372,0.048091475,0.05526596,0.011546438,0.031668628,0.037890253,0.028753994,0.046129701,0.016254694,0,0.052351326,0.037441847,0,0.057620089,0.027352727,0.131214618,0,0.020738748,0.056386974,0.022364217,0,0.018664873,24,19.93541067,16.65406225,PMXC7,NS,CR,NB,VT,REP1,OG,0,PMXC7.NS.CR.NB.VT.REP1,NSCRVTNB,3
PMXC7.NS.CR.NB.VT.REP2.OG,0.024942548,0.051678718,0.055882518,0.020458494,0.105991817,0.014348971,0.026960372,0.048091475,0.05526596,0.011546438,0.031668628,0.037890253,0.028753994,0.046129701,0.016254694,0,0.052351326,0.037441847,0,0.057620089,0.027352727,0.131214618,0,0.020738748,0.056386974,0.022364217,0,0.018664873,24,19.93541067,16.65406225,PMXC7,NS,CR,NB,VT,REP2,OG,0,PMXC7.NS.CR.NB.VT.REP2,NSCRVTNB,3
PMXC7.NS.CR.NB.VT.REP3.OG,0.024942548,0.051678718,0.055882518,0.020458494,0.105991817,0.014348971,0.026960372,0.048091475,0.05526596,0.011546438,0.031668628,0.037890253,0.028753994,0.046129701,0.016254694,0,0.052351326,0.037441847,0,0.057620089,0.027352727,0.131214618,0,0.020738748,0.056386974,0.022364217,0,0.018664873,24,19.93541067,16.65406225,PMXC7,NS,CR,NB,VT,REP3,OG,0,PMXC7.NS.CR.NB.VT.REP3,NSCRVTNB,3
PMXC7.NS.M9.B.RT.REP1.OG,0.02841769,0.068213665,0.067372905,0.021579508,0.067597108,0.013732414,0.030883919,0.042486408,0.049044336,0.010369374,0.046129701,0.034022757,0.026680119,0.04349532,0.024101788,0,0.072865871,0.015694188,0,0.062328345,0.022868673,0.119780281,0,0.022420268,0.062664649,0.030827868,0,0.016422846,24,20.27852947,17.5667583,PMXC7,NS,M9,B,RT,REP1,OG,0,PMXC7.NS.M9.B.RT.REP1,NSM9RTB,2
PMXC7.NS.M9.B.RT.REP2.OG,0.02841769,0.068213665,0.067372905,0.021579508,0.067597108,0.013732414,0.030883919,0.042486408,0.049044336,0.010369374,0.046129701,0.034022757,0.026680119,0.04349532,0.024101788,0,0.072865871,0.015694188,0,0.062328345,0.022868673,0.119780281,0,0.022420268,0.062664649,0.030827868,0,0.016422846,24,20.27852947,17.5667583,PMXC7,NS,M9,B,RT,REP2,OG,0,PMXC7.NS.M9.B.RT.REP2,NSM9RTB,2
PMXC7.NS.M9.B.RT.REP3.OG,0.02841769,0.068213665,0.067372905,0.021579508,0.067597108,0.013732414,0.030883919,0.042486408,0.049044336,0.010369374,0.046129701,0.034022757,0.026680119,0.04349532,0.024101788,0,0.072865871,0.015694188,0,0.062328345,0.022868673,0.119780281,0,0.022420268,0.062664649,0.030827868,0,0.016422846,24,20.27852947,17.5667583,PMXC7,NS,M9,B,RT,REP3,OG,0,PMXC7.NS.M9.B.RT.REP3,NSM9RTB,2
PMXC7.NS.M9.B.VT.REP1.OG,0.02841769,0.068213665,0.067372905,0.021579508,0.067597108,0.013732414,0.030883919,0.042486408,0.049044336,0.010369374,0.046129701,0.034022757,0.026680119,0.04349532,0.024101788,0,0.072865871,0.015694188,0,0.062328345,0.022868673,0.119780281,0,0.022420268,0.062664649,0.030827868,0,0.016422846,24,20.27852947,17.5667583,PMXC7,NS,M9,B,VT,REP1,OG,0,PMXC7.NS.M9.B.VT.REP1,NSM9VTB,3
PMXC7.NS.M9.B.VT.REP2.OG,0.02841769,0.068213665,0.067372905,0.021579508,0.067597108,0.013732414,0.030883919,0.042486408,0.049044336,0.010369374,0.046129701,0.034022757,0.026680119,0.04349532,0.024101788,0,0.072865871,0.015694188,0,0.062328345,0.022868673,0.119780281,0,0.022420268,0.062664649,0.030827868,0,0.016422846,24,20.27852947,17.5667583,PMXC7,NS,M9,B,VT,REP2,OG,0,PMXC7.NS.M9.B.VT.REP2,NSM9VTB,3
PMXC7.NS.M9.B.VT.REP3.OG,0.02841769,0.068213665,0.067372905,0.021579508,0.067597108,0.013732414,0.030883919,0.042486408,0.049044336,0.010369374,0.046129701,0.034022757,0.026680119,0.04349532,0.024101788,0,0.072865871,0.015694188,0,0.062328345,0.022868673,0.119780281,0,0.022420268,0.062664649,0.030827868,0,0.016422846,24,20.27852947,17.5667583,PMXC7,NS,M9,B,VT,REP3,OG,0,PMXC7.NS.M9.B.VT.REP3,NSM9VTB,3
PMXC7.NS.M9.NB.RT.REP1.OG,0.02841769,0.068213665,0.067372905,0.021579508,0.067597108,0.013732414,0.030883919,0.042486408,0.049044336,0.010369374,0.046129701,0.034022757,0.026680119,0.04349532,0.024101788,0,0.072865871,0.015694188,0,0.062328345,0.022868673,0.119780281,0,0.022420268,0.062664649,0.030827868,0,0.016422846,24,20.27852947,17.5667583,PMXC7,NS,M9,NB,RT,REP1,OG,0,PMXC7.NS.M9.NB.RT.REP1,NSM9RTNB,1
PMXC7.NS.M9.NB.RT.REP2.OG,0.02841769,0.068213665,0.067372905,0.021579508,0.067597108,0.013732414,0.030883919,0.042486408,0.049044336,0.010369374,0.046129701,0.034022757,0.026680119,0.04349532,0.024101788,0,0.072865871,0.015694188,0,0.062328345,0.022868673,0.119780281,0,0.022420268,0.062664649,0.030827868,0,0.016422846,24,20.27852947,17.5667583,PMXC7,NS,M9,NB,RT,REP2,OG,0,PMXC7.NS.M9.NB.RT.REP2,NSM9RTNB,1
PMXC7.NS.M9.NB.RT.REP3.OG,0.02841769,0.068213665,0.067372905,0.021579508,0.067597108,0.013732414,0.030883919,0.042486408,0.049044336,0.010369374,0.046129701,0.034022757,0.026680119,0.04349532,0.024101788,0,0.072865871,0.015694188,0,0.062328345,0.022868673,0.119780281,0,0.022420268,0.062664649,0.030827868,0,0.016422846,24,20.27852947,17.5667583,PMXC7,NS,M9,NB,RT,REP3,OG,0,PMXC7.NS.M9.NB.RT.REP3,NSM9RTNB,1
PMXC7.NS.M9.NB.VT.REP1.OG,0.02841769,0.068213665,0.067372905,0.021579508,0.067597108,0.013732414,0.030883919,0.042486408,0.049044336,0.010369374,0.046129701,0.034022757,0.026680119,0.04349532,0.024101788,0,0.072865871,0.015694188,0,0.062328345,0.022868673,0.119780281,0,0.022420268,0.062664649,0.030827868,0,0.016422846,24,20.27852947,17.5667583,PMXC7,NS,M9,NB,VT,REP1,OG,0,PMXC7.NS.M9.NB.VT.REP1,NSM9VTNB,2
PMXC7.NS.M9.NB.VT.REP2.OG,0.02841769,0.068213665,0.067372905,0.021579508,0.067597108,0.013732414,0.030883919,0.042486408,0.049044336,0.010369374,0.046129701,0.034022757,0.026680119,0.04349532,0.024101788,0,0.072865871,0.015694188,0,0.062328345,0.022868673,0.119780281,0,0.022420268,0.062664649,0.030827868,0,0.016422846,24,20.27852947,17.5667583,PMXC7,NS,M9,NB,VT,REP2,OG,0,PMXC7.NS.M9.NB.VT.REP2,NSM9VTNB,2
PMXC7.NS.M9.NB.VT.REP3.OG,0.02841769,0.068213665,0.067372905,0.021579508,0.067597108,0.013732414,0.030883919,0.042486408,0.049044336,0.010369374,0.046129701,0.034022757,0.026680119,0.04349532,0.024101788,0,0.072865871,0.015694188,0,0.062328345,0.022868673,0.119780281,0,0.022420268,0.062664649,0.030827868,0,0.016422846,24,20.27852947,17.5667583,PMXC7,NS,M9,NB,VT,REP3,OG,0,PMXC7.NS.M9.NB.VT.REP3,NSM9VTNB,2
PMXC7.S.CR.B.RT.REP1.OG,0.024942548,0.051678718,0.055882518,0.020458494,0.105991817,0.014348971,0.026960372,0.048091475,0.05526596,0.011546438,0.031668628,0.037890253,0.028753994,0.046129701,0.016254694,0,0.052351326,0.037441847,0,0.057620089,0.027352727,0.131214618,0,0.020738748,0.056386974,0.022364217,0,0.018664873,24,19.93541067,16.65406225,PMXC7,S,CR,B,RT,REP1,OG,0,PMXC7.S.CR.B.RT.REP1,SCRRTB,2
PMXC7.S.CR.B.RT.REP2.OG,0.024942548,0.051678718,0.055882518,0.020458494,0.105991817,0.014348971,0.026960372,0.048091475,0.05526596,0.011546438,0.031668628,0.037890253,0.028753994,0.046129701,0.016254694,0,0.052351326,0.037441847,0,0.057620089,0.027352727,0.131214618,0,0.020738748,0.056386974,0.022364217,0,0.018664873,24,19.93541067,16.65406225,PMXC7,S,CR,B,RT,REP2,OG,0,PMXC7.S.CR.B.RT.REP2,SCRRTB,2
PMXC7.S.CR.B.RT.REP3.OG,0.024942548,0.051678718,0.055882518,0.020458494,0.105991817,0.014348971,0.026960372,0.048091475,0.05526596,0.011546438,0.031668628,0.037890253,0.028753994,0.046129701,0.016254694,0,0.052351326,0.037441847,0,0.057620089,0.027352727,0.131214618,0,0.020738748,0.056386974,0.022364217,0,0.018664873,24,19.93541067,16.65406225,PMXC7,S,CR,B,RT,REP3,OG,0,PMXC7.S.CR.B.RT.REP3,SCRRTB,2
PMXC7.S.CR.B.VT.REP1.OG,0.024942548,0.051678718,0.055882518,0.020458494,0.105991817,0.014348971,0.026960372,0.048091475,0.05526596,0.011546438,0.031668628,0.037890253,0.028753994,0.046129701,0.016254694,0,0.052351326,0.037441847,0,0.057620089,0.027352727,0.131214618,0,0.020738748,0.056386974,0.022364217,0,0.018664873,24,19.93541067,16.65406225,PMXC7,S,CR,B,VT,REP1,OG,0,PMXC7.S.CR.B.VT.REP1,SCRVTB,3
PMXC7.S.CR.B.VT.REP2.OG,0.024942548,0.051678718,0.055882518,0.020458494,0.105991817,0.014348971,0.026960372,0.048091475,0.05526596,0.011546438,0.031668628,0.037890253,0.028753994,0.046129701,0.016254694,0,0.052351326,0.037441847,0,0.057620089,0.027352727,0.131214618,0,0.020738748,0.056386974,0.022364217,0,0.018664873,24,19.93541067,16.65406225,PMXC7,S,CR,B,VT,REP2,OG,0,PMXC7.S.CR.B.VT.REP2,SCRVTB,3
PMXC7.S.CR.B.VT.REP3.OG,0.024942548,0.051678718,0.055882518,0.020458494,0.105991817,0.014348971,0.026960372,0.048091475,0.05526596,0.011546438,0.031668628,0.037890253,0.028753994,0.046129701,0.016254694,0,0.052351326,0.037441847,0,0.057620089,0.027352727,0.131214618,0,0.020738748,0.056386974,0.022364217,0,0.018664873,24,19.93541067,16.65406225,PMXC7,S,CR,B,VT,REP3,OG,0,PMXC7.S.CR.B.VT.REP3,SCRVTB,3
PMXC7.S.CR.NB.RT.REP1.OG,0.024942548,0.051678718,0.055882518,0.020458494,0.105991817,0.014348971,0.026960372,0.048091475,0.05526596,0.011546438,0.031668628,0.037890253,0.028753994,0.046129701,0.016254694,0,0.052351326,0.037441847,0,0.057620089,0.027352727,0.131214618,0,0.020738748,0.056386974,0.022364217,0,0.018664873,24,19.93541067,16.65406225,PMXC7,S,CR,NB,RT,REP1,OG,0,PMXC7.S.CR.NB.RT.REP1,SCRRTNB,1
PMXC7.S.CR.NB.RT.REP2.OG,0.024942548,0.051678718,0.055882518,0.020458494,0.105991817,0.014348971,0.026960372,0.048091475,0.05526596,0.011546438,0.031668628,0.037890253,0.028753994,0.046129701,0.016254694,0,0.052351326,0.037441847,0,0.057620089,0.027352727,0.131214618,0,0.020738748,0.056386974,0.022364217,0,0.018664873,24,19.93541067,16.65406225,PMXC7,S,CR,NB,RT,REP2,OG,0,PMXC7.S.CR.NB.RT.REP2,SCRRTNB,1
PMXC7.S.CR.NB.RT.REP3.OG,0.024942548,0.051678718,0.055882518,0.020458494,0.105991817,0.014348971,0.026960372,0.048091475,0.05526596,0.011546438,0.031668628,0.037890253,0.028753994,0.046129701,0.016254694,0,0.052351326,0.037441847,0,0.057620089,0.027352727,0.131214618,0,0.020738748,0.056386974,0.022364217,0,0.018664873,24,19.93541067,16.65406225,PMXC7,S,CR,NB,RT,REP3,OG,0,PMXC7.S.CR.NB.RT.REP3,SCRRTNB,1
PMXC7.S.CR.NB.VT.REP1.OG,0.024942548,0.051678718,0.055882518,0.020458494,0.105991817,0.014348971,0.026960372,0.048091475,0.05526596,0.011546438,0.031668628,0.037890253,0.028753994,0.046129701,0.016254694,0,0.052351326,0.037441847,0,0.057620089,0.027352727,0.131214618,0,0.020738748,0.056386974,0.022364217,0,0.018664873,24,19.93541067,16.65406225,PMXC7,S,CR,NB,VT,REP1,OG,0,PMXC7.S.CR.NB.VT.REP1,SCRVTNB,2
PMXC7.S.CR.NB.VT.REP2.OG,0.024942548,0.051678718,0.055882518,0.020458494,0.105991817,0.014348971,0.026960372,0.048091475,0.05526596,0.011546438,0.031668628,0.037890253,0.028753994,0.046129701,0.016254694,0,0.052351326,0.037441847,0,0.057620089,0.027352727,0.131214618,0,0.020738748,0.056386974,0.022364217,0,0.018664873,24,19.93541067,16.65406225,PMXC7,S,CR,NB,VT,REP2,OG,0,PMXC7.S.CR.NB.VT.REP2,SCRVTNB,2
PMXC7.S.CR.NB.VT.REP3.OG,0.024942548,0.051678718,0.055882518,0.020458494,0.105991817,0.014348971,0.026960372,0.048091475,0.05526596,0.011546438,0.031668628,0.037890253,0.028753994,0.046129701,0.016254694,0,0.052351326,0.037441847,0,0.057620089,0.027352727,0.131214618,0,0.020738748,0.056386974,0.022364217,0,0.018664873,24,19.93541067,16.65406225,PMXC7,S,CR,NB,VT,REP3,OG,0,PMXC7.S.CR.NB.VT.REP3,SCRVTNB,2
PMXC7.S.M9.B.RT.REP1.OG,0.02841769,0.068213665,0.067372905,0.021579508,0.067597108,0.013732414,0.030883919,0.042486408,0.049044336,0.010369374,0.046129701,0.034022757,0.026680119,0.04349532,0.024101788,0,0.072865871,0.015694188,0,0.062328345,0.022868673,0.119780281,0,0.022420268,0.062664649,0.030827868,0,0.016422846,24,20.27852947,17.5667583,PMXC7,S,M9,B,RT,REP1,OG,0,PMXC7.S.M9.B.RT.REP1,SM9RTB,1
PMXC7.S.M9.B.RT.REP2.OG,0.02841769,0.068213665,0.067372905,0.021579508,0.067597108,0.013732414,0.030883919,0.042486408,0.049044336,0.010369374,0.046129701,0.034022757,0.026680119,0.04349532,0.024101788,0,0.072865871,0.015694188,0,0.062328345,0.022868673,0.119780281,0,0.022420268,0.062664649,0.030827868,0,0.016422846,24,20.27852947,17.5667583,PMXC7,S,M9,B,RT,REP2,OG,0,PMXC7.S.M9.B.RT.REP2,SM9RTB,1
PMXC7.S.M9.B.RT.REP3.OG,0.02841769,0.068213665,0.067372905,0.021579508,0.067597108,0.013732414,0.030883919,0.042486408,0.049044336,0.010369374,0.046129701,0.034022757,0.026680119,0.04349532,0.024101788,0,0.072865871,0.015694188,0,0.062328345,0.022868673,0.119780281,0,0.022420268,0.062664649,0.030827868,0,0.016422846,24,20.27852947,17.5667583,PMXC7,S,M9,B,RT,REP3,OG,0,PMXC7.S.M9.B.RT.REP3,SM9RTB,1
PMXC7.S.M9.B.VT.REP1.OG,0.02841769,0.068213665,0.067372905,0.021579508,0.067597108,0.013732414,0.030883919,0.042486408,0.049044336,0.010369374,0.046129701,0.034022757,0.026680119,0.04349532,0.024101788,0,0.072865871,0.015694188,0,0.062328345,0.022868673,0.119780281,0,0.022420268,0.062664649,0.030827868,0,0.016422846,24,20.27852947,17.5667583,PMXC7,S,M9,B,VT,REP1,OG,0,PMXC7.S.M9.B.VT.REP1,SM9VTB,2
PMXC7.S.M9.B.VT.REP2.OG,0.02841769,0.068213665,0.067372905,0.021579508,0.067597108,0.013732414,0.030883919,0.042486408,0.049044336,0.010369374,0.046129701,0.034022757,0.026680119,0.04349532,0.024101788,0,0.072865871,0.015694188,0,0.062328345,0.022868673,0.119780281,0,0.022420268,0.062664649,0.030827868,0,0.016422846,24,20.27852947,17.5667583,PMXC7,S,M9,B,VT,REP2,OG,0,PMXC7.S.M9.B.VT.REP2,SM9VTB,2
PMXC7.S.M9.B.VT.REP3.OG,0.02841769,0.068213665,0.067372905,0.021579508,0.067597108,0.013732414,0.030883919,0.042486408,0.049044336,0.010369374,0.046129701,0.034022757,0.026680119,0.04349532,0.024101788,0,0.072865871,0.015694188,0,0.062328345,0.022868673,0.119780281,0,0.022420268,0.062664649,0.030827868,0,0.016422846,24,20.27852947,17.5667583,PMXC7,S,M9,B,VT,REP3,OG,0,PMXC7.S.M9.B.VT.REP3,SM9VTB,2
PMXC7.S.M9.NB.RT.REP1.OG,0.02841769,0.068213665,0.067372905,0.021579508,0.067597108,0.013732414,0.030883919,0.042486408,0.049044336,0.010369374,0.046129701,0.034022757,0.026680119,0.04349532,0.024101788,0,0.072865871,0.015694188,0,0.062328345,0.022868673,0.119780281,0,0.022420268,0.062664649,0.030827868,0,0.016422846,24,20.27852947,17.5667583,PMXC7,S,M9,NB,RT,REP1,OG,0,PMXC7.S.M9.NB.RT.REP1,SM9RTNB,0
PMXC7.S.M9.NB.RT.REP2.OG,0.02841769,0.068213665,0.067372905,0.021579508,0.067597108,0.013732414,0.030883919,0.042486408,0.049044336,0.010369374,0.046129701,0.034022757,0.026680119,0.04349532,0.024101788,0,0.072865871,0.015694188,0,0.062328345,0.022868673,0.119780281,0,0.022420268,0.062664649,0.030827868,0,0.016422846,24,20.27852947,17.5667583,PMXC7,S,M9,NB,RT,REP2,OG,0,PMXC7.S.M9.NB.RT.REP2,SM9RTNB,0
PMXC7.S.M9.NB.RT.REP3.OG,0.02841769,0.068213665,0.067372905,0.021579508,0.067597108,0.013732414,0.030883919,0.042486408,0.049044336,0.010369374,0.046129701,0.034022757,0.026680119,0.04349532,0.024101788,0,0.072865871,0.015694188,0,0.062328345,0.022868673,0.119780281,0,0.022420268,0.062664649,0.030827868,0,0.016422846,24,20.27852947,17.5667583,PMXC7,S,M9,NB,RT,REP3,OG,0,PMXC7.S.M9.NB.RT.REP3,SM9RTNB,0
PMXC7.S.M9.NB.VT.REP1.OG,0.02841769,0.068213665,0.067372905,0.021579508,0.067597108,0.013732414,0.030883919,0.042486408,0.049044336,0.010369374,0.046129701,0.034022757,0.026680119,0.04349532,0.024101788,0,0.072865871,0.015694188,0,0.062328345,0.022868673,0.119780281,0,0.022420268,0.062664649,0.030827868,0,0.016422846,24,20.27852947,17.5667583,PMXC7,S,M9,NB,VT,REP1,OG,0,PMXC7.S.M9.NB.VT.REP1,SM9VTNB,1
PMXC7.S.M9.NB.VT.REP2.OG,0.02841769,0.068213665,0.067372905,0.021579508,0.067597108,0.013732414,0.030883919,0.042486408,0.049044336,0.010369374,0.046129701,0.034022757,0.026680119,0.04349532,0.024101788,0,0.072865871,0.015694188,0,0.062328345,0.022868673,0.119780281,0,0.022420268,0.062664649,0.030827868,0,0.016422846,24,20.27852947,17.5667583,PMXC7,S,M9,NB,VT,REP2,OG,0,PMXC7.S.M9.NB.VT.REP2,SM9VTNB,1
PMXC7.S.M9.NB.VT.REP3.OG,0.02841769,0.068213665,0.067372905,0.021579508,0.067597108,0.013732414,0.030883919,0.042486408,0.049044336,0.010369374,0.046129701,0.034022757,0.026680119,0.04349532,0.024101788,0,0.072865871,0.015694188,0,0.062328345,0.022868673,0.119780281,0,0.022420268,0.062664649,0.030827868,0,0.016422846,24,20.27852947,17.5667583,PMXC7,S,M9,NB,VT,REP3,OG,0,PMXC7.S.M9.NB.VT.REP3,SM9VTNB,1
PMXC6.NS.CR.B.RT.REP1.T0,0.011623137,0.018733762,0.148229181,0,0.022289074,0.01326405,0.038971694,0,0,0,0,0.101463148,0.083276357,0.048270204,0.046355805,0,0.306850814,0.053603172,0,0,0.012443594,0,0,0,0,0.019964447,0.019007247,0.055654314,16,9.912863333,6.784219576,PMXC6,NS,CR,B,RT,REP1,T0,3,PMXC6.NS.CR.B.RT.REP1,NSCRRTB,3
PMXC6.NS.CR.B.RT.REP2.T0,0.011076166,0.021058389,0.185559962,0.012306851,0.028989471,0.016819363,0.04170655,0,0,0,0,0.092164638,0.064679338,0.057295228,0.041296322,0,0.294133734,0.044304663,0,0,0,0,0,0,0.01080268,0.020921646,0.011076166,0.045808834,17,10.10428766,6.805879606,PMXC6,NS,CR,B,RT,REP2,T0,3,PMXC6.NS.CR.B.RT.REP2,NSCRRTB,3
PMXC6.NS.CR.B.RT.REP3.T0,0.014084507,0.024340216,0.182141392,0.013127308,0.032271298,0.015998906,0.045672091,0,0,0,0,0.161629974,0.086421441,0.03828798,0.023383017,0,0.18938876,0.080541501,0,0,0.018870505,0,0,0,0.012033365,0.013537536,0.010255709,0.038014495,18,11.35892354,8.494942345,PMXC6,NS,CR,B,RT,REP3,T0,3,PMXC6.NS.CR.B.RT.REP3,NSCRRTB,3
PMXC6.NS.CR.B.VT.REP1.T0,0.011896622,0.02256256,0.252974156,0.01572542,0.036510324,0.016272392,0.016956106,0,0,0,0,0.126897306,0.063858881,0.027758786,0.033775468,0,0.207438808,0.111035143,0,0,0.014084507,0,0,0,0,0,0,0.042253521,15,9.243318882,6.839256408,PMXC6,NS,CR,B,VT,REP1,T0,3,PMXC6.NS.CR.B.VT.REP1,NSCRVTB,4
PMXC6.NS.CR.B.VT.REP2.T0,0.012717079,0.020511418,0.224531656,0.016135649,0.026117872,0.017639819,0.013127308,0,0,0,0,0.14672501,0.067277451,0.030630384,0.028852728,0,0.205661151,0.109941201,0,0,0.024476959,0,0,0,0.01080268,0,0.012443594,0.03240804,17,10.03613127,7.323185166,PMXC6,NS,CR,B,VT,REP2,T0,3,PMXC6.NS.CR.B.VT.REP2,NSCRVTB,4
PMXC6.NS.CR.B.VT.REP3.T0,0.016409134,0.024340216,0.242991932,0.017503077,0.027211815,0.016135649,0.015588678,0,0,0,0,0.141939013,0.060577055,0.030356899,0.021195132,0,0.199370983,0.124435936,0,0,0.017229591,0,0,0,0,0,0,0.044714891,15,9.267053904,6.9360922,PMXC6,NS,CR,B,VT,REP3,T0,3,PMXC6.NS.CR.B.VT.REP3,NSCRVTB,4
PMXC6.NS.CR.NB.RT.REP1.T0,0.017776562,0.024750444,0.195678928,0.014904964,0.03336524,0.017639819,0.041022836,0,0,0,0,0.126076849,0.070969506,0.050184603,0.025297416,0,0.194721728,0.115137427,0,0,0.013811021,0,0,0,0.010392452,0,0,0.048270204,16,10.73138723,8.302841023,PMXC6,NS,CR,NB,RT,REP1,T0,3,PMXC6.NS.CR.NB.RT.REP1,NSCRRTNB,2
PMXC6.NS.CR.NB.RT.REP2.T0,0.016545877,0.024476959,0.200875154,0.012853822,0.023246274,0.014631478,0.043894435,0,0,0,0,0.144810611,0.078763845,0.045261862,0.032681526,0,0.182688363,0.096266922,0,0,0.014768221,0,0,0,0.012853822,0,0.011212909,0.04416792,17,10.99752429,8.370798574,PMXC6,NS,CR,NB,RT,REP2,T0,3,PMXC6.NS.CR.NB.RT.REP2,NSCRRTNB,2
PMXC6.NS.CR.NB.RT.REP3.T0,0.02256256,0.024476959,0.203473267,0.013537536,0.030630384,0.019690961,0.046082319,0,0,0,0,0.124025708,0.067140708,0.044031177,0.020511418,0,0.190619445,0.112539314,0,0,0.015178449,0,0,0,0.011896622,0,0.010665937,0.042937235,17,11.06297183,8.352667865,PMXC6,NS,CR,NB,RT,REP3,T0,3,PMXC6.NS.CR.NB.RT.REP3,NSCRRTNB,2
PMXC6.NS.CR.NB.VT.REP1.T0,0.01326405,0.027758786,0.215506632,0.011076166,0.030083413,0.015998906,0.019827704,0,0,0,0,0.122384794,0.063722139,0.025434158,0.0284425,0,0.199370983,0.16340763,0,0,0.011349651,0,0,0,0.012990565,0,0,0.039381923,16,9.641428621,7.253727337,PMXC6,NS,CR,NB,VT,REP1,T0,3,PMXC6.NS.CR.NB.VT.REP1,NSCRVTNB,3
PMXC6.NS.CR.NB.VT.REP2.T0,0.013674279,0.031861069,0.210036921,0.013400793,0.037057295,0.016819363,0.020237932,0,0,0,0,0.144810611,0.067414194,0.024750444,0.024750444,0,0.188294817,0.133597703,0,0,0.014904964,0,0,0,0,0,0,0.05838917,15,9.780711165,7.619767266,PMXC6,NS,CR,NB,VT,REP2,T0,3,PMXC6.NS.CR.NB.VT.REP2,NSCRVTNB,3
PMXC6.NS.CR.NB.VT.REP3.T0,0.011212909,0.030493641,0.203336524,0.015178449,0.026938329,0.018323533,0.024613702,0,0,0,0,0.139751128,0.070832764,0.029126214,0.025434158,0,0.186653904,0.140434842,0,0,0.018870505,0,0,0,0.010392452,0,0,0.048406947,16,10.20545423,7.830189762,PMXC6,NS,CR,NB,VT,REP3,T0,3,PMXC6.NS.CR.NB.VT.REP3,NSCRVTNB,3
PMXC6.NS.R2A.B.RT.REP1.T0,0.092711609,0.012853822,0.202242582,0,0.042116778,0.026664843,0.023246274,0,0,0,0,0.180637221,0.087788869,0.017366334,0.023519759,0,0.169834541,0.030767127,0,0,0,0,0,0,0.014494735,0,0.011212909,0.064542595,15,9.927198238,7.80205427,PMXC6,NS,R2A,B,RT,REP1,T0,3,PMXC6.NS.R2A.B.RT.REP1,NSR2ARTB,2
PMXC6.NS.R2A.B.RT.REP2.T0,0.090523725,0.014904964,0.217831259,0,0.042253521,0.033638726,0.02502393,0,0,0,0,0.167373171,0.076439218,0.014904964,0.022425817,0,0.175440995,0.023929988,0,0.012443594,0,0,0,0,0.012443594,0,0.01080268,0.059619855,16,10.14172492,7.732445798,PMXC6,NS,R2A,B,RT,REP2,T0,3,PMXC6.NS.R2A.B.RT.REP2,NSR2ARTB,2
PMXC6.NS.R2A.B.RT.REP3.T0,0.10501846,0.01326405,0.191166416,0,0.043484206,0.033638726,0.021742103,0,0,0,0,0.190619445,0.088062355,0.017503077,0.018733762,0,0.132777246,0.040612608,0,0.010665937,0,0,0,0,0.013537536,0,0,0.079174074,15,10.22560109,8.207662106,PMXC6,NS,R2A,B,RT,REP3,T0,3,PMXC6.NS.R2A.B.RT.REP3,NSR2ARTB,2
PMXC6.NS.R2A.B.VT.REP1.T0,0.040612608,0,0.214139204,0,0.047723233,0.024340216,0.017776562,0,0,0,0,0.122931765,0.060166826,0.015451935,0.046355805,0,0.287706823,0.023793245,0,0,0,0,0,0,0,0,0.01668262,0.082319158,13,8.3496588,6.164965133,PMXC6,NS,R2A,B,VT,REP1,T0,3,PMXC6.NS.R2A.B.VT.REP1,NSR2AVTB,3
PMXC6.NS.R2A.B.VT.REP2.T0,0.039381923,0,0.226856283,0,0.038698209,0.019964447,0.025981129,0,0,0,0.01080268,0.102830576,0.050594831,0.018460276,0.067687679,0,0.282920826,0.021878846,0,0,0,0,0,0.010529195,0.010939423,0,0.01668262,0.055791057,16,9.207124611,6.332990316,PMXC6,NS,R2A,B,VT,REP2,T0,3,PMXC6.NS.R2A.B.VT.REP2,NSR2AVTB,3
PMXC6.NS.R2A.B.VT.REP3.T0,0.029399699,0,0.25611924,0,0.051415288,0.016272392,0.023383017,0,0.010392452,0,0,0.100505948,0.044988377,0.012717079,0.059072884,0,0.285108711,0.024887187,0,0,0,0,0,0,0,0,0.022015589,0.063722139,14,8.245347235,5.805421755,PMXC6,NS,R2A,B,VT,REP3,T0,3,PMXC6.NS.R2A.B.VT.REP3,NSR2AVTB,3
PMXC6.NS.R2A.NB.RT.REP1.T0,0.082866129,0.011349651,0.1383837,0,0.0559278,0.035689867,0.023656502,0,0.013947764,0,0.012306851,0.186790647,0.106932859,0.017913305,0.022015589,0,0.160399289,0.038834951,0,0,0,0,0,0.010255709,0.015862163,0,0.015041707,0.051825516,18,11.8323912,9.166832331,PMXC6,NS,R2A,NB,RT,REP1,T0,3,PMXC6.NS.R2A.NB.RT.REP1,NSR2ARTNB,1
PMXC6.NS.R2A.NB.RT.REP2.T0,0.091344182,0.013400793,0.127717763,0,0.057021742,0.033638726,0.02256256,0.010392452,0.016135649,0,0.010529195,0.195405442,0.09913852,0.020511418,0.019964447,0,0.160536032,0.037604266,0,0.011486394,0,0,0,0,0.016272392,0,0.012580336,0.043757692,19,12.15247273,9.200210669,PMXC6,NS,R2A,NB,RT,REP2,T0,3,PMXC6.NS.R2A.NB.RT.REP2,NSR2ARTNB,1
PMXC6.NS.R2A.NB.RT.REP3.T0,0.06426911,0,0.106249145,0,0.016545877,0.015588678,0.011486394,0,0.015998906,0,0,0.324627376,0.177492137,0.012306851,0.011896622,0,0.132230275,0.029809928,0,0.01080268,0,0,0,0,0,0,0.021742103,0.048953918,15,8.132091044,5.718768082,PMXC6,NS,R2A,NB,RT,REP3,T0,3,PMXC6.NS.R2A.NB.RT.REP3,NSR2ARTNB,1
PMXC6.NS.R2A.NB.VT.REP1.T0,0.036100096,0.012580336,0.220155887,0,0.046492548,0.026801586,0.012306851,0,0.011896622,0,0.01080268,0.141939013,0.069875564,0.015315192,0.028715985,0,0.231505538,0.045808834,0,0,0,0,0,0,0.012443594,0,0.020648161,0.056611514,17,10.07241062,7.205263915,PMXC6,NS,R2A,NB,VT,REP1,T0,3,PMXC6.NS.R2A.NB.VT.REP1,NSR2AVTNB,2
PMXC6.NS.R2A.NB.VT.REP2.T0,0,0,0.01422125,0,0.347326679,0.22425817,0.101052919,0,0,0,0.102420347,0.010255709,0,0,0,0,0.037330781,0,0,0,0,0,0.01175988,0.062491454,0.065499795,0,0,0.023383017,11,6.616904782,4.945338078,PMXC6,NS,R2A,NB,VT,REP2,T0,3,PMXC6.NS.R2A.NB.VT.REP2.RS,NSR2AVTNB,2
PMXC6.NS.R2A.NB.VT.REP3.T0,0,0,0.029262956,0,0.365786955,0.203199781,0.11431697,0,0,0,0.06180774,0.010255709,0,0,0,0,0.031587584,0,0,0,0,0,0,0.067140708,0.087105155,0,0,0.029536442,10,6.482351796,4.83312025,PMXC6,NS,R2A,NB,VT,REP3,T0,3,PMXC6.NS.R2A.NB.VT.REP3.RS,NSR2AVTNB,2
PMXC6.S.CR.B.RT.REP1.T0,0.024340216,0,0.030493641,0.013947764,0.014631478,0.045672091,0.097771093,0,0,0,0,0.04909066,0.066456994,0.067550937,0.217831259,0,0.157937919,0.01422125,0,0,0,0,0,0.010255709,0,0.055380829,0.09517298,0.03924518,16,11.45963918,8.982063407,PMXC6,S,CR,B,RT,REP1,T0,3,PMXC6.S.CR.B.RT.REP1,SCRRTB,2
PMXC6.S.CR.B.RT.REP2.T0,0.020374675,0,0.097087379,0.027758786,0.03090387,0.067003966,0.090250239,0,0,0,0,0.068644879,0.064132367,0.05004786,0.153151921,0,0.130726104,0.06919185,0,0,0.012170108,0,0,0.017366334,0,0.011212909,0.055654314,0.034322439,17,13.5968889,11.66665227,PMXC6,S,CR,B,RT,REP2,T0,3,PMXC6.S.CR.B.RT.REP2,SCRRTB,2
PMXC6.S.CR.B.RT.REP3.T0,0.017913305,0,0.128127991,0.027211815,0.052099002,0.102420347,0.07849036,0,0,0,0,0.067824422,0.040065637,0.0559278,0.066593737,0,0.145904554,0.121837823,0,0,0.020648161,0,0,0.010255709,0,0,0.023246274,0.041433064,16,12.90091707,11.16914328,PMXC6,S,CR,B,RT,REP3,T0,3,PMXC6.S.CR.B.RT.REP3,SCRRTB,2
PMXC6.S.CR.B.VT.REP1.T0,0.024476959,0,0.138657186,0.023109531,0.066046766,0.042663749,0.026254615,0,0,0,0,0.092711609,0.037604266,0.067550937,0.082592643,0,0.196089156,0.090933953,0,0,0.019007247,0,0,0.017913305,0.013537536,0,0.019827704,0.041022836,17,12.74547503,10.17436432,PMXC6,S,CR,B,VT,REP1,T0,3,PMXC6.S.CR.B.VT.REP1,SCRVTB,3
PMXC6.S.CR.B.VT.REP2.T0,0.025844387,0,0.104061261,0.028579242,0.053739915,0.034869411,0.02256256,0,0,0,0,0.112949542,0.06180774,0.0549706,0.07165322,0.013811021,0.19089293,0.084370299,0,0,0.046902776,0,0,0.018597019,0,0.011212909,0.034732668,0.0284425,18,13.84259044,11.09925873,PMXC6,S,CR,B,VT,REP2,T0,3,PMXC6.S.CR.B.VT.REP2,SCRVTB,3
PMXC6.S.CR.B.VT.REP3.T0,0.022015589,0,0.143306441,0.020374675,0.068097908,0.029262956,0.020921646,0,0,0,0,0.119649938,0.050731574,0.055244086,0.053056201,0,0.165322029,0.134691645,0,0,0.031997812,0,0,0.01572542,0,0,0.019827704,0.049774374,16,12.18391141,10.02611121,PMXC6,S,CR,B,VT,REP3,T0,3,PMXC6.S.CR.B.VT.REP3,SCRVTB,3
PMXC6.S.CR.NB.RT.REP1.T0,0.027348557,0,0.145357582,0.013947764,0.036373581,0.068508136,0.06426911,0,0,0,0,0.103651032,0.035553125,0.043073978,0.061260768,0,0.166279229,0.137153015,0,0,0.027211815,0,0,0.01080268,0,0,0.015588678,0.043620949,16,12.16234708,10.07082328,PMXC6,S,CR,NB,RT,REP1,T0,3,PMXC6.S.CR.NB.RT.REP1,SCRRTNB,1
PMXC6.S.CR.NB.RT.REP2.T0,0.027895529,0,0.143032955,0.017366334,0.033501983,0.065499795,0.063448653,0,0,0,0,0.119786681,0.045398605,0.03924518,0.052645973,0,0.126897306,0.169561056,0,0,0.03090387,0,0,0,0,0,0.015315192,0.049500889,15,11.88652165,9.980836894,PMXC6,S,CR,NB,RT,REP2,T0,3,PMXC6.S.CR.NB.RT.REP2,SCRRTNB,1
PMXC6.S.CR.NB.RT.REP3.T0,0.027622043,0,0.138246957,0.019417476,0.021742103,0.069328593,0.063585396,0,0,0,0,0.09517298,0.043210721,0.050458088,0.085190756,0,0.1383837,0.153835635,0,0,0.019827704,0,0,0,0,0,0.020921646,0.053056201,15,12.04798345,10.33438738,PMXC6,S,CR,NB,RT,REP3,T0,3,PMXC6.S.CR.NB.RT.REP3,SCRRTNB,1
PMXC6.S.CR.NB.VT.REP1.T0,0.019827704,0,0.106932859,0.018186791,0.066593737,0.033775468,0.024476959,0,0,0,0,0.125256393,0.044031177,0.047449747,0.054560372,0.012717079,0.199370983,0.121154109,0,0,0.037741009,0,0,0.019690961,0.012443594,0,0.019554219,0.036236839,18,12.95961519,10.0562494,PMXC6,S,CR,NB,VT,REP1,T0,3,PMXC6.S.CR.NB.VT.REP1,SCRVTNB,2
PMXC6.S.CR.NB.VT.REP2.T0,0.018870505,0,0.097224121,0.018323533,0.051825516,0.048133461,0.024340216,0,0,0,0,0.107343088,0.039792151,0.03582661,0.058525913,0,0.20265281,0.176671681,0,0,0.0274853,0,0,0.024613702,0.021331875,0,0.010665937,0.036373581,17,12.04510118,9.166870042,PMXC6,S,CR,NB,VT,REP2,T0,3,PMXC6.S.CR.NB.VT.REP2,SCRVTNB,2
PMXC6.S.CR.NB.VT.REP3.T0,0.018050048,0,0.112129085,0.018460276,0.074251333,0.026391358,0.018870505,0,0,0,0,0.131273075,0.041843293,0.057021742,0.05346643,0,0.201285382,0.134144674,0,0,0.024750444,0,0,0.018323533,0.012443594,0,0.014904964,0.042390264,17,11.97639083,9.386862527,PMXC6,S,CR,NB,VT,REP3,T0,3,PMXC6.S.CR.NB.VT.REP3,SCRVTNB,2
PMXC6.S.R2A.B.RT.REP1.T0,0.068644879,0,0.216190346,0,0.060303569,0.022289074,0.046219062,0,0,0,0,0.090933953,0.051141802,0.025160673,0.061397511,0,0.249145358,0.01572542,0,0,0,0,0,0,0,0,0.02256256,0.070285792,13,9.290511541,7.103435538,PMXC6,S,R2A,B,RT,REP1,T0,3,PMXC6.S.R2A.B.RT.REP1,SR2ARTB,1
PMXC6.S.R2A.B.RT.REP2.T0,0.025844387,0,0.104881717,0,0.077122932,0.014494735,0.067140708,0,0,0,0,0.031861069,0.05346643,0.017776562,0.07753316,0,0.454943252,0,0,0,0,0,0,0,0,0,0.031040613,0.043894435,12,6.759173442,4.125432744,PMXC6,S,R2A,B,RT,REP2,T0,3,PMXC6.S.R2A.B.RT.REP2,SR2ARTB,1
PMXC6.S.R2A.B.RT.REP3.T0,0.015315192,0,0.0549706,0,0.111308628,0.019280733,0.10009572,0,0,0,0,0.014084507,0.035279639,0.020784904,0.085600985,0,0.465745932,0,0,0,0,0,0,0,0,0,0.033912211,0.043620949,12,6.363511592,3.918318759,PMXC6,S,R2A,B,RT,REP3,T0,3,PMXC6.S.R2A.B.RT.REP3,SR2ARTB,1
PMXC6.S.R2A.B.VT.REP1.T0,0,0,0,0,0.092164638,0.035142896,0.05346643,0,0,0,0,0.013400793,0.04074935,0.030630384,0.121564337,0,0.46861753,0,0,0,0,0,0,0.014494735,0,0,0.078216874,0.051552031,11,6.134231638,3.865000471,PMXC6,S,R2A,B,VT,REP1,T0,3,PMXC6.S.R2A.B.VT.REP1,SR2AVTB,2
PMXC6.S.R2A.B.VT.REP2.T0,0.045672091,0.011076166,0.19185013,0,0.044714891,0.0284425,0.069602078,0,0.015451935,0,0,0.075755504,0.049911117,0.025160673,0.071789963,0,0.267195405,0.01326405,0,0,0.011076166,0,0,0.011896622,0,0,0.024340216,0.042800492,17,10.6165559,7.39746544,PMXC6,S,R2A,B,VT,REP2,T0,3,PMXC6.S.R2A.B.VT.REP2,SR2AVTB,2
PMXC6.S.R2A.B.VT.REP3.T0,0.022699303,0,0.101599891,0,0.060166826,0.028305757,0.067550937,0,0,0,0,0.025160673,0.059756598,0.029126214,0.082729386,0,0.436072747,0,0,0,0,0,0,0.010665937,0,0,0.032134555,0.044031177,13,7.380311537,4.445172202,PMXC6,S,R2A,B,VT,REP3,T0,3,PMXC6.S.R2A.B.VT.REP3,SR2AVTB,2
PMXC6.S.R2A.NB.RT.REP1.T0,0.045535348,0,0.127854506,0,0.055791057,0.014357993,0.026117872,0,0,0,0,0.071379735,0.06085054,0.028169014,0.041296322,0,0.416928757,0.018733762,0,0,0,0,0,0,0.011623137,0,0.021331875,0.060030083,14,7.796682976,4.714930283,PMXC6,S,R2A,NB,RT,REP1,T0,3,PMXC6.S.R2A.NB.RT.REP1,SR2ARTNB,0
PMXC6.S.R2A.NB.RT.REP2.T0,0.031040613,0,0.088609326,0,0.054013401,0.034595925,0.0274853,0,0,0,0.013400793,0.06426911,0.079721045,0.024476959,0.048817175,0,0.415834815,0.012443594,0,0,0,0,0,0,0,0,0.045261862,0.060030083,14,8.148266146,4.852993944,PMXC6,S,R2A,NB,RT,REP2,T0,3,PMXC6.S.R2A.NB.RT.REP2,SR2ARTNB,0
PMXC6.S.R2A.NB.RT.REP3.T0,0.024340216,0,0.075208533,0,0.083276357,0.035142896,0.031177355,0,0,0,0,0.055107343,0.078080131,0.028032271,0.072747163,0,0.37782032,0.01175988,0,0,0,0,0,0.01326405,0,0,0.061124026,0.052919458,14,8.768852396,5.549355831,PMXC6,S,R2A,NB,RT,REP3,T0,3,PMXC6.S.R2A.NB.RT.REP3,SR2ARTNB,0
PMXC6.S.R2A.NB.VT.REP1.T0,0.040202379,0,0.175440995,0,0.057568713,0.029399699,0.014904964,0,0,0,0,0.096540407,0.047313004,0.037604266,0.043620949,0,0.322986462,0.020511418,0,0,0,0,0,0.011076166,0,0,0.037467524,0.065363052,14,8.946684366,6.164784627,PMXC6,S,R2A,NB,VT,REP1,T0,3,PMXC6.S.R2A.NB.VT.REP1,SR2AVTNB,1
PMXC6.S.R2A.NB.VT.REP2.T0,0,0,0.050184603,0,0.062764939,0.023519759,0,0,0,0,0,0.025570901,0.089156297,0.030493641,0.038971694,0,0.546287433,0,0,0,0,0,0,0.012580336,0,0,0.053192944,0.067277451,11,5.350796026,3.086358294,PMXC6,S,R2A,NB,VT,REP2,T0,3,PMXC6.S.R2A.NB.VT.REP2,SR2AVTNB,1
PMXC6.S.R2A.NB.VT.REP3.T0,0,0,0,0,0.072063449,0.018460276,0,0,0,0,0,0,0.060030083,0.031450841,0.029126214,0,0.669219199,0,0,0,0,0,0,0,0,0,0.060713797,0.058936141,8,3.489079225,2.145973426,PMXC6,S,R2A,NB,VT,REP3,T0,3,PMXC6.S.R2A.NB.VT.REP3,SR2AVTNB,1
PMXC6.NS.CR.B.RT.REP1.T1,0.020921646,0.02502393,0.314645152,0,0,0,0,0,0,0,0,0.111035143,0.03336524,0.062354711,0.029126214,0,0.284288254,0.098318064,0,0,0,0,0,0,0,0,0,0.020921646,10,6.278052223,4.780847367,PMXC6,NS,CR,B,RT,REP1,T1,6,PMXC6.NS.CR.B.RT.REP1,NSCRRTB,3
PMXC6.NS.CR.B.RT.REP2.T1,0.025434158,0.025707644,0.334062628,0.012717079,0,0,0,0,0,0,0,0.122521537,0.029126214,0.061397511,0.024613702,0,0.260358266,0.094626008,0,0,0,0,0,0,0,0,0,0.009435252,11,6.356539899,4.758908298,PMXC6,NS,CR,B,RT,REP2,T1,6,PMXC6.NS.CR.B.RT.REP2,NSCRRTB,3
PMXC6.NS.CR.B.RT.REP3.T1,0.014768221,0.03336524,0.348283878,0.013674279,0,0,0,0,0,0,0,0.101599891,0.028305757,0.092985095,0.025844387,0,0.227266512,0.100232463,0,0,0,0,0,0,0,0,0,0.013674279,11,6.529309961,4.874684086,PMXC6,NS,CR,B,RT,REP3,T1,6,PMXC6.NS.CR.B.RT.REP3,NSCRRTB,3
PMXC6.NS.CR.B.VT.REP1.T1,0,0,0,0,0,0,0,0,0,0,0,0.236565021,0.348420621,0,0.065226309,0.011623137,0.0834131,0.032818269,0,0,0.013537536,0,0.029536442,0,0,0.176124709,0,0.002734856,10,5.707622428,4.507197657,PMXC6,NS,CR,B,VT,REP1,T1,6,PMXC6.NS.CR.B.VT.REP1,NSCRVTB,4
PMXC6.NS.CR.B.VT.REP2.T1,0,0,0.015451935,0,0,0,0,0,0,0,0,0.105565431,0.082319158,0.011076166,0.135512102,0,0.607274716,0,0,0,0,0,0,0,0,0.021195132,0,0.02160536,8,3.652851333,2.460968524,PMXC6,NS,CR,B,VT,REP2,T1,6,PMXC6.NS.CR.B.VT.REP2,NSCRVTB,4
PMXC6.NS.CR.B.VT.REP3.T1,0,0,0.01175988,0,0,0,0,0,0,0,0,0.113496513,0.061534254,0.012443594,0.208122522,0,0.544509777,0,0,0,0,0,0,0,0,0.025160673,0,0.022972788,8,3.905454284,2.79385993,PMXC6,NS,CR,B,VT,REP3,T1,6,PMXC6.NS.CR.B.VT.REP3,NSCRVTB,4
PMXC6.NS.CR.NB.RT.REP1.T1,0,0.01175988,0.311500068,0,0,0,0,0,0,0,0,0.093942295,0.035279639,0.104471489,0.062901682,0,0.245590045,0.100642691,0,0,0,0,0,0,0,0,0,0.033912211,9,6.400691598,5.162495529,PMXC6,NS,CR,NB,RT,REP1,T1,6,PMXC6.NS.CR.NB.RT.REP1,NSCRRTNB,2
PMXC6.NS.CR.NB.RT.REP2.T1,0.018597019,0.015862163,0.289621222,0,0,0,0,0,0,0,0,0.083686586,0.030630384,0.127170792,0.059619855,0,0.23601805,0.112129085,0,0,0,0,0,0,0,0,0,0.026664843,10,6.863616467,5.520744872,PMXC6,NS,CR,NB,RT,REP2,T1,6,PMXC6.NS.CR.NB.RT.REP2,NSCRRTNB,2
PMXC6.NS.CR.NB.RT.REP3.T1,0.023519759,0.03090387,0.334336114,0,0,0,0,0,0,0,0,0.076439218,0.025434158,0.094079037,0.021468618,0,0.202379324,0.153425407,0,0,0,0,0,0,0,0,0,0.038014495,10,6.632187674,5.127355021,PMXC6,NS,CR,NB,RT,REP3,T1,6,PMXC6.NS.CR.NB.RT.REP3,NSCRRTNB,2
PMXC6.NS.CR.NB.VT.REP1.T1,0,0,0.090386982,0,0,0,0,0,0,0,0,0.284014768,0.14180227,0.018460276,0.089429783,0,0.283194312,0.027895529,0,0,0,0,0,0,0,0.037741009,0,0.027075072,9,6.171082423,4.989642288,PMXC6,NS,CR,NB,VT,REP1,T1,6,PMXC6.NS.CR.NB.VT.REP1,NSCRVTNB,3
PMXC6.NS.CR.NB.VT.REP2.T1,0,0,0.169971284,0,0,0,0,0,0,0,0,0.144810611,0.083002872,0.061397511,0.073020648,0,0.361000957,0.054560372,0,0,0,0,0,0,0,0.013674279,0,0.038561466,9,6.42865922,4.97948466,PMXC6,NS,CR,NB,VT,REP2,T1,6,PMXC6.NS.CR.NB.VT.REP2,NSCRVTNB,3
PMXC6.NS.CR.NB.VT.REP3.T1,0,0,0.024887187,0,0,0,0,0,0,0,0,0.195542185,0.164091344,0.032681526,0.072063449,0,0.466703131,0,0,0,0,0,0,0,0,0.014357993,0,0.029673185,8,4.6177619,3.437113859,PMXC6,NS,CR,NB,VT,REP3,T1,6,PMXC6.NS.CR.NB.VT.REP3,NSCRVTNB,3
PMXC6.NS.R2A.B.RT.REP1.T1,0.071789963,0.010939423,0.396554082,0,0.013127308,0.01422125,0.011349651,0,0,0,0,0.173663339,0.127444277,0.032134555,0.031997812,0,0.076849446,0.013811021,0,0,0,0,0,0,0,0,0,0.026117872,13,6.767886886,4.581519265,PMXC6,NS,R2A,B,RT,REP1,T1,6,PMXC6.NS.R2A.B.RT.REP1,NSR2ARTB,2
PMXC6.NS.R2A.B.RT.REP2.T1,0.070012307,0.012443594,0.486804321,0,0,0,0,0,0,0,0,0.11431697,0.061397511,0.027211815,0.015862163,0,0.150690551,0.016819363,0,0,0,0,0,0,0,0,0,0.044441406,10,5.293735866,3.510857504,PMXC6,NS,R2A,B,RT,REP2,T1,6,PMXC6.NS.R2A.B.RT.REP2,NSR2ARTB,2
PMXC6.NS.R2A.B.RT.REP3.T1,0.074251333,0.015588678,0.490086148,0,0.012443594,0,0,0,0,0,0,0.166689457,0.090250239,0.023793245,0.015998906,0,0.053329687,0.019964447,0,0,0,0,0,0,0,0,0,0.037604266,11,5.423217752,3.478202525,PMXC6,NS,R2A,B,RT,REP3,T1,6,PMXC6.NS.R2A.B.RT.REP3,NSR2ARTB,2
PMXC6.NS.R2A.B.VT.REP1.T1,0.017913305,0,0.401340079,0,0.03924518,0,0,0,0,0,0,0.067277451,0.030493641,0.050321346,0.044304663,0,0.279775742,0.021878846,0,0,0,0,0,0,0,0,0.018460276,0.028989471,11,5.803031928,3.955375309,PMXC6,NS,R2A,B,VT,REP1,T1,6,PMXC6.NS.R2A.B.VT.REP1,NSR2AVTB,3
PMXC6.NS.R2A.B.VT.REP2.T1,0.014084507,0,0.405442363,0,0.028169014,0,0,0,0,0,0,0.069055107,0.039108437,0.030493641,0.028852728,0,0.32189252,0.019417476,0,0,0,0,0,0,0,0,0.011076166,0.03240804,11,5.202338498,3.589367827,PMXC6,NS,R2A,B,VT,REP2,T1,6,PMXC6.NS.R2A.B.VT.REP2,NSR2AVTB,3
PMXC6.NS.R2A.B.VT.REP3.T1,0,0,0.139887871,0,0,0,0,0,0,0,0,0.02406673,0.067824422,0.040475865,0.093805552,0,0.581567072,0,0,0,0,0,0,0,0,0,0.012580336,0.039792151,8,4.045943021,2.665616818,PMXC6,NS,R2A,B,VT,REP3,T1,6,PMXC6.NS.R2A.B.VT.REP3,NSR2AVTB,3
PMXC6.NS.R2A.NB.RT.REP1.T1,0.099412006,0.020237932,0.471625872,0,0.027211815,0,0,0,0,0,0,0.151647751,0.077669903,0.012853822,0,0,0.036236839,0.050321346,0,0,0,0,0,0,0,0,0,0.052782716,10,5.62568588,3.713468713,PMXC6,NS,R2A,NB,RT,REP1,T1,6,PMXC6.NS.R2A.NB.RT.REP1,NSR2ARTNB,1
PMXC6.NS.R2A.NB.RT.REP2.T1,0.097497607,0.010255709,0.440448516,0,0.014084507,0,0,0,0,0,0.011896622,0.055244086,0.067687679,0.029126214,0.012306851,0,0.183645563,0.028305757,0,0,0,0,0,0,0,0,0,0.049500889,12,6.099105243,4.007111278,PMXC6,NS,R2A,NB,RT,REP2,T1,6,PMXC6.NS.R2A.NB.RT.REP2,NSR2ARTNB,1
PMXC6.NS.R2A.NB.RT.REP3.T1,0.095719951,0.016956106,0.46027622,0,0.028579242,0.011896622,0,0,0,0,0,0.111992342,0.063175168,0.020237932,0,0,0.095309722,0.044714891,0,0,0,0,0,0,0,0,0,0.051141802,11,6.16460278,3.954067505,PMXC6,NS,R2A,NB,RT,REP3,T1,6,PMXC6.NS.R2A.NB.RT.REP3,NSR2ARTNB,1
PMXC6.NS.R2A.NB.VT.REP1.T1,0,0,0.392451798,0,0.015588678,0,0,0,0,0,0,0.054560372,0.054833858,0.012717079,0.02256256,0,0.374948721,0.020648161,0,0,0,0,0,0,0,0,0,0.051688773,9,4.445749248,3.282989568,PMXC6,NS,R2A,NB,VT,REP1,T1,6,PMXC6.NS.R2A.NB.VT.REP1,NSR2AVTNB,2
PMXC6.NS.R2A.NB.VT.REP2.T1,0,0,0.406673048,0,0.016409134,0,0,0,0,0,0,0.084917271,0.040886093,0.01572542,0.018870505,0,0.348967592,0.021468618,0,0,0,0,0,0,0,0,0,0.046082319,9,4.505705007,3.338886014,PMXC6,NS,R2A,NB,VT,REP2,T1,6,PMXC6.NS.R2A.NB.VT.REP2,NSR2AVTNB,2
PMXC6.NS.R2A.NB.VT.REP3.T1,0,0,0.346642965,0,0,0,0,0,0,0,0,0.05346643,0.079721045,0,0.031587584,0,0.386435116,0.031997812,0,0,0,0,0,0,0,0,0.017639819,0.05250923,8,4.655837851,3.523638403,PMXC6,NS,R2A,NB,VT,REP3,T1,6,PMXC6.NS.R2A.NB.VT.REP3,NSR2AVTNB,2
PMXC6.S.CR.B.RT.REP1.T1,0.028579242,0,0.131409818,0.014631478,0.048406947,0.04662929,0.081498701,0,0,0,0,0.0559278,0.026801586,0.072747163,0.157937919,0,0.204977437,0.073294134,0,0,0,0,0,0,0,0.011212909,0.022152331,0.023793245,15,11.07254988,8.919644762,PMXC6,S,CR,B,RT,REP1,T1,6,PMXC6.S.CR.B.RT.REP1,SCRRTB,2
PMXC6.S.CR.B.RT.REP2.T1,0.02502393,0,0.173526596,0.020648161,0.044578149,0.057978942,0.088609326,0,0,0,0,0.049364146,0.019007247,0.071379735,0.059756598,0,0.224941884,0.123615479,0,0,0,0,0,0,0,0,0,0.041569807,13,9.991046534,8.101357463,PMXC6,S,CR,B,RT,REP2,T1,6,PMXC6.S.CR.B.RT.REP2,SCRRTB,2
PMXC6.S.CR.B.RT.REP3.T1,0.014494735,0,0.076028989,0.010392452,0.027622043,0.0559278,0.111718857,0,0,0,0,0.037877752,0.025981129,0.087652126,0.194448243,0,0.235334336,0.061534254,0,0,0,0,0,0,0,0,0.03828798,0.022699303,14,9.811212134,7.620603313,PMXC6,S,CR,B,RT,REP3,T1,6,PMXC6.S.CR.B.RT.REP3,SCRRTB,2
PMXC6.S.CR.B.VT.REP1.T1,0.01175988,0,0,0.016956106,0.018186791,0.012990565,0.015451935,0,0,0,0,0.057158485,0.041433064,0.091480924,0.393682483,0,0.204703952,0,0,0,0,0,0,0.011896622,0,0.011349651,0.089976754,0.022972788,14,6.875826322,4.539261623,PMXC6,S,CR,B,VT,REP1,T1,6,PMXC6.S.CR.B.VT.REP1,SCRVTB,3
PMXC6.S.CR.B.VT.REP2.T1,0.015998906,0,0.015451935,0.058662656,0.027211815,0.029673185,0.04074935,0,0,0,0,0.07261042,0.021468618,0.066456994,0.230958567,0,0.323533434,0.013947764,0,0,0,0,0,0.011623137,0,0,0.05004786,0.02160536,15,8.419607917,5.596465999,PMXC6,S,CR,B,VT,REP2,T1,6,PMXC6.S.CR.B.VT.REP2,SCRVTB,3
PMXC6.S.CR.B.VT.REP3.T1,0.016545877,0,0,0.025844387,0,0.01422125,0.017092848,0,0,0,0,0.072063449,0.035416382,0.077943388,0.317653494,0,0.310816354,0,0,0,0,0,0,0.017503077,0,0,0.04909066,0.045808834,12,6.597071526,4.623550763,PMXC6,S,CR,B,VT,REP3,T1,6,PMXC6.S.CR.B.VT.REP3,SCRVTB,3
PMXC6.S.CR.NB.RT.REP1.T1,0.011896622,0,0.184055791,0,0.024203473,0.054560372,0.117051826,0,0,0,0,0.053329687,0.020374675,0.093121838,0.090933953,0,0.167509914,0.135375359,0,0,0,0,0,0,0,0,0.01080268,0.03678381,13,9.769050052,8.379596736,PMXC6,S,CR,NB,RT,REP1,T1,6,PMXC6.S.CR.NB.RT.REP1,SCRRTNB,1
PMXC6.S.CR.NB.RT.REP2.T1,0.01572542,0,0.190209216,0.016135649,0.024750444,0.035553125,0.080268016,0,0,0,0,0.091891153,0.032955012,0.081361958,0.067550937,0,0.093942295,0.227266512,0,0,0,0,0,0,0,0,0.012306851,0.030083413,14,9.940628033,7.858461936,PMXC6,S,CR,NB,RT,REP2,T1,6,PMXC6.S.CR.NB.RT.REP2,SCRRTNB,1
PMXC6.S.CR.NB.RT.REP3.T1,0.01175988,0,0.186106933,0.010529195,0.029399699,0.048817175,0.119513196,0,0,0,0,0.07411459,0.024203473,0.080268016,0.04909066,0,0.137289758,0.18104745,0,0,0.015588678,0,0,0.010665937,0,0,0,0.02160536,15,10.27415235,8.347408642,PMXC6,S,CR,NB,RT,REP3,T1,6,PMXC6.S.CR.NB.RT.REP3,SCRRTNB,1
PMXC6.S.CR.NB.VT.REP1.T1,0,0,0.166552714,0,0.062901682,0.02010119,0.045535348,0,0,0,0,0.049637632,0.018733762,0.118009025,0.113633256,0,0.241077533,0.099548749,0,0,0,0,0,0.011212909,0,0,0.014084507,0.038971694,13,9.245274391,7.479505681,PMXC6,S,CR,NB,VT,REP1,T1,6,PMXC6.S.CR.NB.VT.REP1,SCRVTNB,2
PMXC6.S.CR.NB.VT.REP2.T1,0,0,0.173253111,0.016956106,0.057568713,0.027075072,0.048406947,0,0,0,0,0.064405853,0.014357993,0.087788869,0.113223027,0,0.199644469,0.130589361,0,0,0.01080268,0,0,0.012717079,0,0,0.01326405,0.02994667,15,10.31506578,8.344608339,PMXC6,S,CR,NB,VT,REP2,T1,6,PMXC6.S.CR.NB.VT.REP2,SCRVTNB,2
PMXC6.S.CR.NB.VT.REP3.T1,0,0,0.134007931,0.012580336,0.078763845,0.019417476,0.046492548,0,0,0,0,0.102967318,0.030630384,0.094489266,0.060577055,0,0.18938876,0.162450431,0,0,0.013537536,0,0,0,0,0,0.013947764,0.04074935,14,10.33958099,8.673509953,PMXC6,S,CR,NB,VT,REP3,T1,6,PMXC6.S.CR.NB.VT.REP3,SCRVTNB,2
PMXC6.S.R2A.B.RT.REP1.T1,0.092301381,0,0.37194038,0,0.07753316,0.018050048,0.055244086,0,0,0,0,0.085464242,0.049364146,0.031314098,0.060577055,0,0.113769999,0.012306851,0,0,0,0,0,0,0,0,0.012170108,0.019964447,13,8.074630737,5.426490543,PMXC6,S,R2A,B,RT,REP1,T1,6,PMXC6.S.R2A.B.RT.REP1,SR2ARTB,1
PMXC6.S.R2A.B.RT.REP2.T1,0.079721045,0,0.400656365,0,0.052235745,0.019280733,0.046355805,0,0,0,0,0.066046766,0.045945576,0.029262956,0.069328593,0,0.153972378,0,0,0,0,0,0,0,0,0,0.01175988,0.025434158,12,7.270971864,4.790217721,PMXC6,S,R2A,B,RT,REP2,T1,6,PMXC6.S.R2A.B.RT.REP2,SR2ARTB,1
PMXC6.S.R2A.B.RT.REP3.T1,0.072200191,0,0.394913168,0,0.063448653,0.014494735,0.071379735,0,0,0,0,0.051825516,0.043757692,0.028989471,0.07014905,0,0.147271981,0.01175988,0,0,0,0,0,0,0,0,0.013127308,0.01668262,13,7.540629947,4.922712449,PMXC6,S,R2A,B,RT,REP3,T1,6,PMXC6.S.R2A.B.RT.REP3,SR2ARTB,1
PMXC6.S.R2A.B.VT.REP1.T1,0,0,0.18350882,0,0.056474771,0.025981129,0.061670997,0,0,0,0,0.01080268,0.042116778,0.034048954,0.085054013,0,0.463421305,0,0,0,0,0,0,0,0,0,0.014768221,0.022152331,11,5.755634663,3.743980802,PMXC6,S,R2A,B,VT,REP1,T1,6,PMXC6.S.R2A.B.VT.REP1,SR2AVTB,2
PMXC6.S.R2A.B.VT.REP2.T1,0.011896622,0,0.272254889,0,0.054286886,0.031587584,0.036100096,0,0,0,0,0.016135649,0.036373581,0.03336524,0.079584302,0,0.392862027,0,0,0,0,0,0,0,0,0,0.016272392,0.019280733,12,6.088046094,4.106443642,PMXC6,S,R2A,B,VT,REP2,T1,6,PMXC6.S.R2A.B.VT.REP2,SR2AVTB,2
PMXC6.S.R2A.B.VT.REP3.T1,0.022015589,0,0.260631752,0,0.073704362,0.024887187,0.037194038,0,0,0,0,0.019964447,0.037877752,0.039381923,0.068644879,0,0.386708601,0,0,0,0,0,0,0,0,0,0,0.028989471,11,6.199429106,4.267504459,PMXC6,S,R2A,B,VT,REP3,T1,6,PMXC6.S.R2A.B.VT.REP3,SR2AVTB,2
PMXC6.S.R2A.NB.RT.REP1.T1,0.041296322,0,0.362915356,0,0.020511418,0.014494735,0,0,0,0,0,0.059756598,0.072747163,0.031997812,0.080404759,0,0.265554492,0.017503077,0,0,0,0,0,0,0,0,0,0.032818269,11,6.343477609,4.498463431,PMXC6,S,R2A,NB,RT,REP1,T1,6,PMXC6.S.R2A.NB.RT.REP1,SR2ARTNB,0
PMXC6.S.R2A.NB.RT.REP2.T1,0.029536442,0,0.274442773,0,0.013537536,0.019964447,0.010118966,0,0,0,0,0.03336524,0.093668809,0.031177355,0.073841105,0,0.381512375,0.01080268,0,0,0,0,0,0,0,0,0,0.028032271,12,6.015206202,4.172903515,PMXC6,S,R2A,NB,RT,REP2,T1,6,PMXC6.S.R2A.NB.RT.REP2,SR2ARTNB,0
PMXC6.S.R2A.NB.RT.REP3.T1,0,0,0.023383017,0,0,0,0,0,0,0,0,0,0.071516478,0.018186791,0.067277451,0,0.781211541,0,0,0,0,0,0,0,0,0,0,0.038424723,6,2.337397501,1.60697732,PMXC6,S,R2A,NB,RT,REP3,T1,6,PMXC6.S.R2A.NB.RT.REP3,SR2ARTNB,0
PMXC6.S.R2A.NB.VT.REP1.T1,0,0,0,0,0.010118966,0,0,0,0,0,0,0.011212909,0.164775058,0.029809928,0.11923971,0,0.584165185,0,0,0,0,0,0,0,0,0,0.054560372,0.026117872,8,3.744052497,2.581353791,PMXC6,S,R2A,NB,VT,REP1,T1,6,PMXC6.S.R2A.NB.VT.REP1,SR2AVTNB,1
PMXC6.S.R2A.NB.VT.REP2.T1,0,0,0.01668262,0,0.015315192,0,0,0,0,0,0,0.017913305,0.132913989,0.061260768,0.06673048,0,0.609189115,0,0,0,0,0,0,0,0,0,0.049364146,0.030630384,9,3.980889755,2.49257129,PMXC6,S,R2A,NB,VT,REP2,T1,6,PMXC6.S.R2A.NB.VT.REP2,SR2AVTNB,1
PMXC6.S.R2A.NB.VT.REP3.T1,0,0,0,0,0.010665937,0,0,0,0,0,0,0.014631478,0.116094626,0.047313004,0.085600985,0,0.690004102,0,0,0,0,0,0,0,0,0,0.013674279,0.022015589,8,3.045709868,1.999403431,PMXC6,S,R2A,NB,VT,REP3,T1,6,PMXC6.S.R2A.NB.VT.REP3,SR2AVTNB,1
PMXC6.NS.CR.B.RT.REP1.T2,0.016272392,0,0.100369206,0,0,0,0,0,0,0,0,0.30862847,0.087378641,0.015315192,0.215233146,0,0.230821824,0,0,0,0,0,0,0,0,0.010255709,0,0.01572542,9,5.578130709,4.685676113,PMXC6,NS,CR,B,RT,REP1,T2,9,PMXC6.NS.CR.B.RT.REP1,NSCRRTB,3
PMXC6.NS.CR.B.RT.REP2.T2,0.059072884,0,0.416245043,0,0,0,0,0,0,0,0,0.130179133,0.053329687,0.03678381,0.108300287,0,0.146861753,0.041296322,0,0,0,0,0,0,0,0,0,0.007931082,9,5.856772677,4.29260329,PMXC6,NS,CR,B,RT,REP2,T2,9,PMXC6.NS.CR.B.RT.REP2,NSCRRTB,3
PMXC6.NS.CR.B.RT.REP3.T2,0.025844387,0,0.215780118,0,0,0,0,0,0,0,0,0.136606044,0.036510324,0.092438124,0.292492821,0,0.177081909,0.013674279,0,0,0,0,0,0,0,0,0,0.009571995,9,6.095764966,5.182510529,PMXC6,NS,CR,B,RT,REP3,T2,9,PMXC6.NS.CR.B.RT.REP3,NSCRRTB,3
PMXC6.NS.CR.B.VT.REP2.T2,0,0,0.226309312,0,0.032818269,0,0,0,0,0,0,0.07753316,0.013127308,0.101463148,0.062081225,0,0.388076029,0.061670997,0,0,0,0,0,0,0,0,0,0.036920552,9,5.866019169,4.378380465,PMXC6,NS,CR,B,VT,REP2,T2,9,PMXC6.NS.CR.B.VT.REP2,NSCRVTB,4
PMXC6.NS.CR.B.VT.REP3.T2,0,0,0.14180227,0,0.013811021,0,0,0,0,0,0,0.086421441,0.01914399,0.083960071,0.110351429,0,0.461780391,0.042116778,0,0,0,0,0,0,0,0,0,0.040612608,9,5.446636241,3.787522218,PMXC6,NS,CR,B,VT,REP3,T2,9,PMXC6.NS.CR.B.VT.REP3,NSCRVTB,4
PMXC6.NS.CR.NB.RT.REP1.T2,0,0.015451935,0.399015452,0,0,0,0,0,0,0,0,0.067277451,0.01914399,0.067140708,0.018597019,0,0.178039108,0.220976343,0,0,0,0,0,0,0,0,0,0.014357993,9,5.183987649,4.001069322,PMXC6,NS,CR,NB,RT,REP1,T2,9,PMXC6.NS.CR.NB.RT.REP1,NSCRRTNB,2
PMXC6.NS.CR.NB.RT.REP2.T2,0.018870505,0.021058389,0.417885957,0,0,0,0,0,0,0,0,0.056884999,0.012443594,0.066320252,0.017913305,0,0.162997402,0.215233146,0,0,0,0,0,0,0,0,0,0.010392452,10,5.281641886,3.898032214,PMXC6,NS,CR,NB,RT,REP2,T2,9,PMXC6.NS.CR.NB.RT.REP2,NSCRRTNB,2
PMXC6.NS.CR.NB.RT.REP3.T2,0.017092848,0.022289074,0.410638589,0,0,0,0,0,0,0,0,0.055244086,0.014904964,0.08095173,0.016545877,0,0.159715575,0.211404348,0,0,0,0,0,0,0,0,0,0.011212909,10,5.396300634,4.002551591,PMXC6,NS,CR,NB,RT,REP3,T2,9,PMXC6.NS.CR.NB.RT.REP3,NSCRRTNB,2
PMXC6.NS.CR.NB.VT.REP1.T2,0,0,0.285108711,0,0.035553125,0,0,0,0,0,0,0.065363052,0.011076166,0.067824422,0.042390264,0,0.280049227,0.188158075,0,0,0,0,0,0,0,0,0,0.024476959,9,5.945544589,4.812939092,PMXC6,NS,CR,NB,VT,REP1,T2,9,PMXC6.NS.CR.NB.VT.REP1,NSCRVTNB,3
PMXC6.NS.CR.NB.VT.REP2.T2,0,0.011076166,0.292356078,0,0.021468618,0,0,0,0,0,0,0.068918365,0.015178449,0.097087379,0.026664843,0,0.256666211,0.187064132,0,0,0,0,0,0,0,0,0,0.023519759,10,6.133006584,4.935920127,PMXC6,NS,CR,NB,VT,REP2,T2,9,PMXC6.NS.CR.NB.VT.REP2,NSCRVTNB,3
PMXC6.NS.CR.NB.VT.REP3.T2,0.01175988,0.012443594,0.279912485,0,0.067824422,0,0,0,0,0,0,0.078080131,0.013537536,0.115957883,0.017092848,0,0.168877342,0.213865719,0,0,0,0,0,0,0,0,0,0.020648161,11,6.909021389,5.619653773,PMXC6,NS,CR,NB,VT,REP3,T2,9,PMXC6.NS.CR.NB.VT.REP3,NSCRVTNB,3
PMXC6.NS.R2A.B.RT.REP1.T2,0.022425817,0.011212909,0.577191303,0,0,0,0,0,0,0,0,0.078763845,0.076849446,0.075482018,0.01422125,0,0.111445371,0.012443594,0,0,0,0,0,0,0,0,0,0.019964447,10,4.405513773,2.741518908,PMXC6,NS,R2A,B,RT,REP1,T2,9,PMXC6.NS.R2A.B.RT.REP1,NSR2ARTB,2
PMXC6.NS.R2A.B.RT.REP2.T2,0.033091754,0.012306851,0.502529742,0,0,0,0,0,0,0,0,0.093942295,0.087241898,0.06331191,0.010392452,0,0.176398195,0.010939423,0,0,0,0,0,0,0,0,0,0.009845481,10,4.810471839,3.271520183,PMXC6,NS,R2A,B,RT,REP2,T2,9,PMXC6.NS.R2A.B.RT.REP2,NSR2ARTB,2
PMXC6.NS.R2A.B.RT.REP3.T2,0.025707644,0.012580336,0.542732121,0,0,0,0,0,0,0,0,0.084096814,0.060987283,0.0824559,0.012717079,0,0.154382606,0.015178449,0,0,0,0,0,0,0,0,0,0.009161767,10,4.553564365,2.964912886,PMXC6,NS,R2A,B,RT,REP3,T2,9,PMXC6.NS.R2A.B.RT.REP3,NSR2ARTB,2
PMXC6.NS.R2A.B.VT.REP1.T2,0.014494735,0.023519759,0.380965404,0,0.026391358,0,0,0,0,0,0,0.130862847,0.0549706,0.153288664,0.028989471,0,0.125256393,0.028989471,0,0,0,0,0.010665937,0,0,0,0.010255709,0.011349651,13,6.944475003,4.808700642,PMXC6,NS,R2A,B,VT,REP1,T2,9,PMXC6.NS.R2A.B.VT.REP1,NSR2AVTB,3
PMXC6.NS.R2A.B.VT.REP2.T2,0,0,0.112539314,0,0.035553125,0,0,0,0,0,0,0.022425817,0.053876658,0.070012307,0.049774374,0,0.632025161,0,0,0,0,0,0,0,0,0,0.01080268,0.012990565,9,3.810806412,2.355961235,PMXC6,NS,R2A,B,VT,REP2,T2,9,PMXC6.NS.R2A.B.VT.REP2,NSR2AVTB,3
PMXC6.NS.R2A.B.VT.REP3.T2,0,0,0,0,0,0,0,0,0,0,0,0.022972788,0.040339122,0.024887187,0.139614385,0,0.746752359,0,0,0,0,0,0,0,0,0,0,0.025434158,6,2.445983362,1.722497032,PMXC6,NS,R2A,B,VT,REP3,T2,9,PMXC6.NS.R2A.B.VT.REP3,NSR2AVTB,3
PMXC6.NS.R2A.NB.RT.REP1.T2,0.058662656,0.019827704,0.612744428,0,0.030767127,0,0,0,0,0,0,0.118419253,0.06673048,0.020237932,0,0,0.012580336,0.036236839,0,0,0,0,0,0,0,0,0,0.023793245,10,4.169447172,2.492771355,PMXC6,NS,R2A,NB,RT,REP1,T2,9,PMXC6.NS.R2A.NB.RT.REP1,NSR2ARTNB,1
PMXC6.NS.R2A.NB.RT.REP2.T2,0.051552031,0.01572542,0.615069055,0,0.019827704,0,0,0,0,0,0,0.14672501,0.073567619,0.019690961,0,0,0.010665937,0.035279639,0,0,0,0,0,0,0,0,0,0.011896622,10,3.915277026,2.436432958,PMXC6,NS,R2A,NB,RT,REP2,T2,9,PMXC6.NS.R2A.NB.RT.REP2,NSR2ARTNB,1
PMXC6.NS.R2A.NB.RT.REP3.T2,0.066046766,0.017913305,0.562423082,0,0.019690961,0,0,0,0,0,0,0.134007931,0.079857788,0.01668262,0,0,0.041296322,0.043210721,0,0,0,0,0,0,0,0,0,0.018870505,10,4.638025023,2.857690968,PMXC6,NS,R2A,NB,RT,REP3,T2,9,PMXC6.NS.R2A.NB.RT.REP3,NSR2ARTNB,1
PMXC6.NS.R2A.NB.VT.REP1.T2,0,0,0.500615343,0,0.013127308,0,0,0,0,0,0,0.082045672,0.047039519,0.015862163,0.019554219,0,0.282373855,0.015588678,0,0,0,0,0,0,0,0,0,0.023793245,9,4.078621609,2.933322492,PMXC6,NS,R2A,NB,VT,REP1,T2,9,PMXC6.NS.R2A.NB.VT.REP1,NSR2AVTNB,2
PMXC6.NS.R2A.NB.VT.REP2.T2,0,0.015588678,0.523451388,0,0.013537536,0,0,0,0,0,0,0.093942295,0.043620949,0.016819363,0.012580336,0,0.242171475,0.020648161,0,0,0,0,0,0,0,0,0,0.017639819,10,4.217658671,2.898708193,PMXC6,NS,R2A,NB,VT,REP2,T2,9,PMXC6.NS.R2A.NB.VT.REP2,NSR2AVTNB,2
PMXC6.NS.R2A.NB.VT.REP3.T2,0,0,0.323670176,0,0,0,0,0,0,0,0,0.048817175,0.092848352,0.012990565,0.021468618,0,0.463558047,0.021058389,0,0,0,0,0,0,0,0,0,0.015588678,8,3.953688874,3.012334017,PMXC6,NS,R2A,NB,VT,REP3,T2,9,PMXC6.NS.R2A.NB.VT.REP3,NSR2AVTNB,2
PMXC6.S.CR.B.RT.REP1.T2,0.01326405,0,0,0.020921646,0,0.015315192,0.058799398,0,0,0,0,0.080268016,0.039518665,0.148776152,0.205250923,0,0.365376726,0,0,0,0,0,0,0,0,0.01080268,0.017913305,0.023793245,12,6.588166085,4.737621208,PMXC6,S,CR,B,RT,REP1,T2,9,PMXC6.S.CR.B.RT.REP1,SCRRTB,2
PMXC6.S.CR.B.RT.REP2.T2,0,0,0,0.015178449,0,0.021058389,0.068371393,0,0,0,0,0.044578149,0.031587584,0.122931765,0.222480514,0,0.415014358,0.010529195,0,0,0,0,0,0,0,0,0.02160536,0.026664843,11,5.815673777,4.057307683,PMXC6,S,CR,B,RT,REP2,T2,9,PMXC6.S.CR.B.RT.REP2,SCRRTB,2
PMXC6.S.CR.B.RT.REP3.T2,0,0,0,0,0,0,0.026391358,0,0,0,0,0.169424313,0.060303569,0.177218652,0.139751128,0,0.336523998,0,0,0,0.016545877,0,0,0,0,0.03240804,0,0.041433064,9,6.203739664,4.99341873,PMXC6,S,CR,B,RT,REP3,T2,9,PMXC6.S.CR.B.RT.REP3,SCRRTB,2
PMXC6.S.CR.B.VT.REP1.T2,0.013400793,0,0.025707644,0.04758649,0.035142896,0,0.023929988,0,0,0,0,0.073157391,0.012033365,0.187747846,0.169971284,0,0.348694106,0.01326405,0,0,0,0,0,0,0,0,0.023519759,0.025844387,13,7.177440175,5.062431708,PMXC6,S,CR,B,VT,REP1,T2,9,PMXC6.S.CR.B.VT.REP1,SCRVTB,3
PMXC6.S.CR.B.VT.REP2.T2,0,0,0.030630384,0.077396417,0.052919458,0.031450841,0.06577328,0,0,0,0,0.030493641,0,0.113769999,0.196225899,0,0.313687953,0.030493641,0,0,0,0,0,0,0,0,0.012717079,0.044441406,12,8.047823851,5.921048398,PMXC6,S,CR,B,VT,REP2,T2,9,PMXC6.S.CR.B.VT.REP2,SCRVTB,3
PMXC6.S.CR.B.VT.REP3.T2,0,0,0.016545877,0.042937235,0.07411459,0.020648161,0.07507179,0,0,0,0,0.041296322,0,0.118692739,0.12170108,0,0.412552988,0.024476959,0,0,0,0,0,0,0,0,0.013127308,0.038834951,12,7.031507925,4.613470963,PMXC6,S,CR,B,VT,REP3,T2,9,PMXC6.S.CR.B.VT.REP3,SCRVTB,3
PMXC6.S.CR.NB.RT.REP1.T2,0,0,0.151237522,0,0.02256256,0.023656502,0.133324217,0,0,0,0,0.055107343,0.024203473,0.117051826,0.11582114,0,0.195815671,0.118829482,0,0,0,0,0,0,0,0,0,0.042390264,11,8.894166483,7.89164549,PMXC6,S,CR,NB,RT,REP1,T2,9,PMXC6.S.CR.NB.RT.REP1,SCRRTNB,1
PMXC6.S.CR.NB.RT.REP2.T2,0,0,0.138520443,0,0.019827704,0.0284425,0.147955695,0,0,0,0,0.036920552,0.026117872,0.105155203,0.154109121,0,0.181184193,0.109394229,0,0,0.011486394,0,0,0.011076166,0,0,0,0.029809928,13,9.346922101,7.995427743,PMXC6,S,CR,NB,RT,REP2,T2,9,PMXC6.S.CR.NB.RT.REP2,SCRRTNB,1
PMXC6.S.CR.NB.RT.REP3.T2,0,0,0.17858608,0,0.026528101,0.029673185,0.132777246,0,0,0,0,0.056338028,0.015588678,0.117872282,0.07999453,0,0.153698892,0.164638315,0,0,0,0,0,0,0,0,0,0.044304663,11,8.849184623,7.842581783,PMXC6,S,CR,NB,RT,REP3,T2,9,PMXC6.S.CR.NB.RT.REP3,SCRRTNB,1
PMXC6.S.CR.NB.VT.REP1.T2,0,0,0.115684398,0.026528101,0.092711609,0.021058389,0.04758649,0,0,0,0,0.051552031,0.012443594,0.178175851,0.078080131,0,0.212771776,0.125940107,0,0,0,0,0,0,0,0,0,0.037467524,12,9.204291744,7.777129699,PMXC6,S,CR,NB,VT,REP1,T2,9,PMXC6.S.CR.NB.VT.REP1,SCRVTNB,2
PMXC6.S.CR.NB.VT.REP2.T2,0,0,0.121564337,0.02994667,0.085600985,0.019827704,0.069465336,0,0,0,0,0.06331191,0.011486394,0.123068508,0.069602078,0,0.213728976,0.147955695,0,0,0.010665937,0,0,0,0,0,0,0.033775468,13,9.770479975,8.25239521,PMXC6,S,CR,NB,VT,REP2,T2,9,PMXC6.S.CR.NB.VT.REP2,SCRVTNB,2
PMXC6.S.CR.NB.VT.REP3.T2,0,0,0.132093532,0.024203473,0.091617667,0.016272392,0.065636538,0,0,0,0,0.058252427,0.012443594,0.154245864,0.0559278,0,0.194995214,0.157937919,0,0,0,0,0,0,0,0,0,0.036373581,12,9.233196802,7.951672744,PMXC6,S,CR,NB,VT,REP3,T2,9,PMXC6.S.CR.NB.VT.REP3,SCRVTNB,2
PMXC6.S.R2A.B.RT.REP1.T2,0.019280733,0,0,0,0.068097908,0.027622043,0.123341994,0,0,0,0,0,0.03582661,0.014904964,0.082866129,0,0.603172433,0,0,0,0,0,0,0,0,0,0,0.024887187,9,4.061539249,2.539397797,PMXC6,S,R2A,B,RT,REP1,T2,9,PMXC6.S.R2A.B.RT.REP1,SR2ARTB,1
PMXC6.S.R2A.B.RT.REP2.T2,0.031040613,0,0.207028579,0,0.014494735,0.031587584,0.075208533,0,0,0,0,0.012443594,0.054286886,0.039792151,0.047039519,0,0.472583071,0,0,0,0,0,0,0,0,0,0,0.014494735,11,5.470465195,3.557054948,PMXC6,S,R2A,B,RT,REP2,T2,9,PMXC6.S.R2A.B.RT.REP2,SR2ARTB,1
PMXC6.S.R2A.B.RT.REP3.T2,0.054013401,0,0.020784904,0,0.02406673,0.021058389,0.12853822,0,0,0,0,0,0.053056201,0.049500889,0.059072884,0,0.568576508,0,0,0,0,0,0,0,0,0,0,0.021331875,10,4.700380775,2.829787745,PMXC6,S,R2A,B,RT,REP3,T2,9,PMXC6.S.R2A.B.RT.REP3,SR2ARTB,1
PMXC6.S.R2A.B.VT.REP1.T2,0,0,0.021058389,0,0.048270204,0.044988377,0,0,0,0,0,0,0.053603172,0.043894435,0.072883905,0,0.69137153,0,0,0,0,0,0,0,0,0,0,0.023929988,8,3.308694037,2.026437945,PMXC6,S,R2A,B,VT,REP1,T2,9,PMXC6.S.R2A.B.VT.REP1,SR2AVTB,2
PMXC6.S.R2A.B.VT.REP2.T2,0,0,0.025707644,0,0.015041707,0,0,0,0,0,0,0,0.030220156,0.017639819,0.111445371,0,0.770545604,0,0,0,0,0,0,0,0,0,0,0.029399699,7,2.418828806,1.641668172,PMXC6,S,R2A,B,VT,REP2,T2,9,PMXC6.S.R2A.B.VT.REP2,SR2AVTB,2
PMXC6.S.R2A.B.VT.REP3.T2,0,0,0,0,0.106385888,0,0.013537536,0,0,0,0,0,0.027758786,0.018323533,0.058115684,0,0.748803501,0,0,0,0,0,0,0,0,0,0,0.027075072,7,2.583350225,1.731827547,PMXC6,S,R2A,B,VT,REP3,T2,9,PMXC6.S.R2A.B.VT.REP3,SR2AVTB,2
PMXC6.S.R2A.NB.RT.REP1.T2,0.012717079,0,0.240393819,0,0.022699303,0.011349651,0,0,0,0,0,0.018050048,0.12511965,0.064132367,0.084507042,0,0.397101053,0.014357993,0,0,0,0,0,0,0,0,0,0.009571995,11,5.610319916,4.101434406,PMXC6,S,R2A,NB,RT,REP1,T2,9,PMXC6.S.R2A.NB.RT.REP1,SR2ARTNB,0
PMXC6.S.R2A.NB.RT.REP2.T2,0.010392452,0,0.138657186,0,0,0.010529195,0,0,0,0,0,0.015451935,0.155613291,0.052645973,0.110077943,0,0.482291809,0,0,0,0,0,0,0,0,0,0,0.024340216,9,4.77461646,3.424827271,PMXC6,S,R2A,NB,RT,REP2,T2,9,PMXC6.S.R2A.NB.RT.REP2,SR2ARTNB,0
PMXC6.S.R2A.NB.RT.REP3.T2,0.023109531,0,0.377546834,0,0.03090387,0,0,0,0,0,0,0.075345276,0.082045672,0.035006153,0.066183509,0,0.253521127,0.027758786,0,0,0,0,0,0,0,0,0,0.028579242,10,6.100077902,4.38779148,PMXC6,S,R2A,NB,RT,REP3,T2,9,PMXC6.S.R2A.NB.RT.REP3,SR2ARTNB,0
PMXC6.S.R2A.NB.VT.REP1.T2,0,0,0.016272392,0,0,0,0,0,0,0,0,0.011212909,0.161629974,0.026664843,0.056064543,0,0.710242035,0,0,0,0,0,0,0,0,0,0,0.017913305,7,2.678267944,1.868692056,PMXC6,S,R2A,NB,VT,REP1,T2,9,PMXC6.S.R2A.NB.VT.REP1,SR2AVTNB,1
PMXC6.S.R2A.NB.VT.REP2.T2,0,0,0,0,0,0,0,0,0,0,0,0,0.230958567,0.047449747,0.089156297,0,0.60207849,0,0,0,0,0,0,0,0,0,0,0.030356899,5,3.034941067,2.342127528,PMXC6,S,R2A,NB,VT,REP2,T2,9,PMXC6.S.R2A.NB.VT.REP2,SR2AVTNB,1
PMXC6.S.R2A.NB.VT.REP3.T2,0,0,0,0,0,0,0,0,0,0,0,0,0.034869411,0.026117872,0.110077943,0,0.804184329,0,0,0,0,0,0,0,0,0,0,0.024750444,5,2.058396556,1.512081091,PMXC6,S,R2A,NB,VT,REP3,T2,9,PMXC6.S.R2A.NB.VT.REP3,SR2AVTNB,1
PMXC6.NS.CR.B.RT.REP1.T3,0.051415288,0,0.370025981,0,0,0,0,0,0,0,0,0.086421441,0.01422125,0.015178449,0.034185697,0,0.253384384,0.159168604,0,0,0,0,0,0,0,0,0,0.015998906,9,5.355172945,4.194156379,PMXC6,NS,CR,B,RT,REP1,T3,12,PMXC6.NS.CR.B.RT.REP1,NSCRRTB,3
PMXC6.NS.CR.B.RT.REP2.T3,0.04170655,0.012170108,0.454122795,0,0,0,0,0,0,0,0,0.106796117,0.015178449,0.021468618,0.036920552,0,0.152194722,0.155613291,0,0,0,0,0,0,0,0,0,0.003828798,10,5.200134541,3.7179106,PMXC6,NS,CR,B,RT,REP2,T3,12,PMXC6.NS.CR.B.RT.REP2,NSCRRTB,3
PMXC6.NS.CR.B.RT.REP3.T3,0.042390264,0,0.351702448,0,0,0,0,0,0,0,0,0.099412006,0.015588678,0.018050048,0.036100096,0,0.277314372,0.144126897,0,0,0,0,0,0,0,0,0,0.015315192,9,5.403800089,4.252483566,PMXC6,NS,CR,B,RT,REP3,T3,12,PMXC6.NS.CR.B.RT.REP3,NSCRRTB,3
PMXC6.NS.CR.B.VT.REP1.T3,0.082182415,0,0.154382606,0,0,0,0,0,0,0,0,0.056201285,0.010255709,0.058936141,0.094079037,0,0.462600848,0.076165732,0,0,0,0,0,0,0,0,0,0.005196226,9,5.322015874,3.759344785,PMXC6,NS,CR,B,VT,REP1,T3,12,PMXC6.NS.CR.B.VT.REP1,NSCRVTB,4
PMXC6.NS.CR.B.VT.REP2.T3,0.015588678,0,0.300423903,0,0.073294134,0,0,0,0,0,0,0.079310816,0,0.079310816,0.011896622,0,0.212361548,0.193491043,0,0,0,0,0,0,0,0,0,0.034322439,9,6.265166894,5.200052798,PMXC6,NS,CR,B,VT,REP2,T3,12,PMXC6.NS.CR.B.VT.REP2,NSCRVTB,4
PMXC6.NS.CR.B.VT.REP3.T3,0.012990565,0.011212909,0.156570491,0,0.079310816,0,0,0,0,0.023656502,0,0.048680432,0,0.102146862,0.011623137,0,0.340626282,0.182825106,0,0,0,0,0,0,0,0,0,0.030356899,11,6.700727039,5.128985624,PMXC6,NS,CR,B,VT,REP3,T3,12,PMXC6.NS.CR.B.VT.REP3,NSCRVTB,4
PMXC6.NS.CR.NB.RT.REP1.T3,0,0,0.406536305,0,0,0,0,0,0,0,0,0.096403665,0.018050048,0.04909066,0.021195132,0,0.155613291,0.239573363,0,0,0,0,0,0,0,0,0,0.013537536,8,4.872491208,3.852903508,PMXC6,NS,CR,NB,RT,REP1,T3,12,PMXC6.NS.CR.NB.RT.REP1,NSCRRTNB,2
PMXC6.NS.CR.NB.RT.REP2.T3,0.013127308,0,0.406809791,0,0,0,0,0,0,0,0,0.097360864,0.020511418,0.046355805,0.017229591,0,0.159715575,0.225352113,0,0,0,0,0,0,0,0,0,0.013537536,9,5.096946728,3.929458176,PMXC6,NS,CR,NB,RT,REP2,T3,12,PMXC6.NS.CR.NB.RT.REP2,NSCRRTNB,2
PMXC6.NS.CR.NB.RT.REP3.T3,0,0,0.391631341,0,0,0,0,0,0,0,0,0.089976754,0.018733762,0.04416792,0.020237932,0,0.169424313,0.248051415,0,0,0,0,0,0,0,0,0,0.017776562,8,4.919889861,3.925688826,PMXC6,NS,CR,NB,RT,REP3,T3,12,PMXC6.NS.CR.NB.RT.REP3,NSCRRTNB,2
PMXC6.NS.CR.NB.VT.REP1.T3,0.01080268,0,0.29782579,0,0.042116778,0,0,0,0,0,0,0.049911117,0,0.053056201,0.024203473,0,0.251880213,0.248051415,0,0,0,0,0,0,0,0,0,0.022152331,9,5.562372502,4.505590668,PMXC6,NS,CR,NB,VT,REP1,T3,12,PMXC6.NS.CR.NB.VT.REP1,NSCRVTNB,3
PMXC6.NS.CR.NB.VT.REP2.T3,0,0,0.245726788,0,0.019554219,0,0,0,0,0,0,0.113496513,0.020648161,0.112129085,0.018460276,0,0.251333242,0.202926296,0,0,0,0,0,0,0,0,0,0.01572542,9,6.073820045,5.219743114,PMXC6,NS,CR,NB,VT,REP2,T3,12,PMXC6.NS.CR.NB.VT.REP2,NSCRVTNB,3
PMXC6.NS.CR.NB.VT.REP3.T3,0.011076166,0,0.251880213,0,0.066046766,0.010529195,0,0,0,0,0,0.077669903,0.010392452,0.096266922,0,0,0.201832353,0.244222617,0,0,0,0,0,0,0,0,0,0.030083413,10,6.478690893,5.413209291,PMXC6,NS,CR,NB,VT,REP3,T3,12,PMXC6.NS.CR.NB.VT.REP3,NSCRVTNB,3
PMXC6.NS.R2A.B.RT.REP1.T3,0.011076166,0.012717079,0.514836592,0,0.011486394,0,0,0,0,0,0,0.127170792,0.111992342,0.091891153,0.011076166,0,0.092164638,0.011896622,0,0,0,0,0,0,0,0,0,0.003692055,11,4.79850867,3.211263555,PMXC6,NS,R2A,B,RT,REP1,T3,12,PMXC6.NS.R2A.B.RT.REP1,NSR2ARTB,2
PMXC6.NS.R2A.B.RT.REP2.T3,0.019690961,0.016819363,0.523451388,0,0,0,0,0,0,0,0,0.148365924,0.110624915,0.064816081,0,0,0.08833584,0.014768221,0,0,0,0,0,0,0,0,0,0.013127308,9,4.58307848,3.112190699,PMXC6,NS,R2A,B,RT,REP2,T3,12,PMXC6.NS.R2A.B.RT.REP2,NSR2ARTB,2
PMXC6.NS.R2A.B.RT.REP3.T3,0.019007247,0.017913305,0.553808287,0,0,0,0,0,0,0,0,0.143853412,0.102010119,0.064816081,0,0,0.060577055,0.018597019,0,0,0,0,0,0,0,0,0,0.019417476,9,4.411710095,2.88118644,PMXC6,NS,R2A,B,RT,REP3,T3,12,PMXC6.NS.R2A.B.RT.REP3,NSR2ARTB,2
PMXC6.NS.R2A.B.VT.REP1.T3,0,0.01080268,0.386982087,0,0.065363052,0,0,0,0,0,0,0.073704362,0.049911117,0.084507042,0.029262956,0,0.254341583,0.020511418,0,0,0,0,0,0,0,0,0,0.024613702,10,5.857235773,4.241213613,PMXC6,NS,R2A,B,VT,REP1,T3,12,PMXC6.NS.R2A.B.VT.REP1,NSR2AVTB,3
PMXC6.NS.R2A.B.VT.REP2.T3,0,0,0.352112676,0,0.039381923,0,0,0,0,0,0,0.063858881,0.081088473,0.073977848,0.024476959,0,0.329823602,0.014084507,0,0,0,0,0,0,0,0,0,0.021195132,9,5.287356746,3.973131645,PMXC6,NS,R2A,B,VT,REP2,T3,12,PMXC6.NS.R2A.B.VT.REP2,NSR2AVTB,3
PMXC6.NS.R2A.B.VT.REP3.T3,0,0.010529195,0,0,0,0,0,0,0,0,0,0.030356899,0.101463148,0.01422125,0.079721045,0,0.753042527,0,0,0,0,0,0,0,0,0,0,0.010665937,7,2.485125374,1.709192299,PMXC6,NS,R2A,B,VT,REP3,T3,12,PMXC6.NS.R2A.B.VT.REP3,NSR2AVTB,3
PMXC6.NS.R2A.NB.RT.REP1.T3,0.034322439,0.030493641,0.60891563,0,0.025570901,0,0,0,0,0,0,0.126487078,0.069328593,0.035142896,0,0,0.023246274,0.041569807,0,0,0,0,0,0,0,0,0,0.00492274,10,4.170435026,2.513363956,PMXC6,NS,R2A,NB,RT,REP1,T3,12,PMXC6.NS.R2A.NB.RT.REP1,NSR2ARTNB,1
PMXC6.NS.R2A.NB.RT.REP2.T3,0.034732668,0.020784904,0.612197457,0,0.021331875,0,0,0,0,0,0,0.153151921,0.083960071,0.033091754,0,0,0,0.029536442,0,0,0,0,0,0,0,0,0,0.011212909,9,3.827608219,2.442138745,PMXC6,NS,R2A,NB,RT,REP2,T3,12,PMXC6.NS.R2A.NB.RT.REP2,NSR2ARTNB,1
PMXC6.NS.R2A.NB.RT.REP3.T3,0.037604266,0.023246274,0.561465883,0,0.021195132,0,0,0,0,0,0,0.162313688,0.097224121,0.039108437,0,0,0.012853822,0.036510324,0,0,0,0,0,0,0,0,0,0.008478053,10,4.403208784,2.804691316,PMXC6,NS,R2A,NB,RT,REP3,T3,12,PMXC6.NS.R2A.NB.RT.REP3,NSR2ARTNB,1
PMXC6.NS.R2A.NB.VT.REP1.T3,0,0.018870505,0.536168467,0,0,0,0,0,0,0,0,0.079857788,0.044578149,0.023929988,0,0,0.239163134,0.033775468,0,0,0,0,0,0,0,0,0,0.023656502,8,3.991206997,2.811600867,PMXC6,NS,R2A,NB,VT,REP1,T3,12,PMXC6.NS.R2A.NB.VT.REP1,NSR2AVTNB,2
PMXC6.NS.R2A.NB.VT.REP2.T3,0,0.016956106,0.549706003,0,0,0,0,0,0,0,0,0.084917271,0.040065637,0.015451935,0.010665937,0,0.231642281,0.022289074,0,0,0,0,0.01326405,0,0,0,0,0.015041707,10,4.02802459,2.730822357,PMXC6,NS,R2A,NB,VT,REP2,T3,12,PMXC6.NS.R2A.NB.VT.REP2,NSR2AVTNB,2
PMXC6.NS.R2A.NB.VT.REP3.T3,0,0,0.349104335,0,0,0,0,0,0,0,0,0.038014495,0.104061261,0.025981129,0.030630384,0,0.406673048,0.024476959,0,0,0,0,0.010118966,0,0,0,0,0.010939423,9,4.398915083,3.311641224,PMXC6,NS,R2A,NB,VT,REP3,T3,12,PMXC6.NS.R2A.NB.VT.REP3,NSR2AVTNB,2
PMXC6.S.CR.B.RT.REP1.T3,0.010939423,0,0.095719951,0.028032271,0.013811021,0.016545877,0.12416245,0,0,0,0,0.066183509,0.013400793,0.128948448,0.085737727,0,0.337207712,0.064679338,0,0,0,0,0,0,0,0,0,0.014631478,13,7.988039566,5.793955951,PMXC6,S,CR,B,RT,REP1,T3,12,PMXC6.S.CR.B.RT.REP1,SCRRTB,2
PMXC6.S.CR.B.RT.REP2.T3,0,0,0.120880624,0.037057295,0.043347463,0.023793245,0.153972378,0,0,0,0,0.036100096,0.010529195,0.148776152,0.064952824,0,0.216737317,0.116641597,0,0,0,0,0,0,0,0,0,0.027211815,12,9.021479386,7.620436089,PMXC6,S,CR,B,RT,REP2,T3,12,PMXC6.S.CR.B.RT.REP2,SCRRTB,2
PMXC6.S.CR.B.RT.REP3.T3,0,0,0.115274169,0.027075072,0.034459182,0.01668262,0.162040202,0,0,0,0,0.038834951,0,0.169014085,0.066320252,0,0.237932449,0.093942295,0,0,0,0,0,0,0,0,0,0.038424723,11,8.344446228,6.986669145,PMXC6,S,CR,B,RT,REP3,T3,12,PMXC6.S.CR.B.RT.REP3,SCRRTB,2
PMXC6.S.CR.B.VT.REP1.T3,0,0,0.022425817,0.057978942,0.035142896,0.019007247,0.041022836,0,0,0,0,0.063585396,0.014357993,0.140024614,0.202379324,0,0.348694106,0.017092848,0,0,0,0,0,0,0,0,0.019964447,0.018323533,13,7.369516564,5.139505164,PMXC6,S,CR,B,VT,REP1,T3,12,PMXC6.S.CR.B.VT.REP1,SCRVTB,3
PMXC6.S.CR.B.VT.REP2.T3,0,0,0.044031177,0.086011213,0.067140708,0.024340216,0.080541501,0,0,0,0,0.044031177,0,0.127991248,0.121154109,0,0.334336114,0.024340216,0,0,0,0,0,0,0,0,0.010529195,0.035553125,12,8.189411367,5.964070469,PMXC6,S,CR,B,VT,REP2,T3,12,PMXC6.S.CR.B.VT.REP2,SCRVTB,3
PMXC6.S.CR.B.VT.REP3.T3,0,0,0.102420347,0.063585396,0.068781622,0.02502393,0.096266922,0,0,0,0,0.064405853,0,0.143443183,0.087515384,0,0.231232053,0.06180774,0,0,0,0,0,0,0,0,0,0.055517571,11,9.486133411,8.202697075,PMXC6,S,CR,B,VT,REP3,T3,12,PMXC6.S.CR.B.VT.REP3,SCRVTB,3
PMXC6.S.CR.NB.RT.REP1.T3,0,0,0.169971284,0,0.027622043,0.027211815,0.158895118,0,0,0,0,0.040339122,0,0.135785587,0.041159579,0,0.160125803,0.195405442,0,0,0,0,0,0,0,0,0,0.043484206,10,7.935461553,6.98739394,PMXC6,S,CR,NB,RT,REP1,T3,12,PMXC6.S.CR.NB.RT.REP1,SCRRTNB,1
PMXC6.S.CR.NB.RT.REP2.T3,0,0,0.139067414,0.01668262,0.020511418,0.020648161,0.153015178,0,0,0,0,0.049911117,0.015588678,0.165869,0.060166826,0,0.171201969,0.155750034,0,0,0,0,0,0.010255709,0,0,0,0.021331875,13,8.954180476,7.583002806,PMXC6,S,CR,NB,RT,REP2,T3,12,PMXC6.S.CR.NB.RT.REP2,SCRRTNB,1
PMXC6.S.CR.NB.RT.REP3.T3,0,0,0.159031861,0.012580336,0.023519759,0.024340216,0.147135239,0,0,0,0,0.053329687,0.011896622,0.152878436,0.053603172,0,0.140981813,0.18255162,0,0,0.013947764,0,0,0,0,0,0,0.024203473,13,9.0016069,7.607118691,PMXC6,S,CR,NB,RT,REP3,T3,12,PMXC6.S.CR.NB.RT.REP3,SCRRTNB,1
PMXC6.S.CR.NB.VT.REP1.T3,0,0,0.099958977,0.05838917,0.07165322,0.01326405,0.051415288,0,0,0,0,0.099822234,0.018733762,0.226719541,0.075892247,0,0.119923424,0.137973472,0,0,0,0,0,0,0,0,0,0.026254615,12,9.53285204,8.134104046,PMXC6,S,CR,NB,VT,REP1,T3,12,PMXC6.S.CR.NB.VT.REP1,SCRVTNB,2
PMXC6.S.CR.NB.VT.REP2.T3,0,0,0.120060167,0.051415288,0.077122932,0.014494735,0.059209627,0,0,0,0,0.077943388,0.017229591,0.160125803,0.072473677,0,0.14672501,0.169971284,0,0,0,0,0,0,0,0,0,0.033228497,12,9.793915749,8.657323885,PMXC6,S,CR,NB,VT,REP2,T3,12,PMXC6.S.CR.NB.VT.REP2,SCRVTNB,2
PMXC6.S.CR.NB.VT.REP3.T3,0,0,0,0,0.466703131,0.071242992,0.392588541,0,0,0,0,0,0,0,0,0,0.012033365,0,0,0,0,0,0,0.027895529,0,0,0,0.029536442,6,3.215521874,2.639856265,PMXC6,S,CR,NB,VT,REP3,T3,12,PMXC6.S.CR.NB.VT.REP3.RS,SCRVTNB,2
PMXC6.S.R2A.B.RT.REP1.T3,0,0,0.015041707,0,0.143169698,0.033912211,0.122248051,0,0,0,0,0,0.035963353,0.060987283,0.121290852,0,0.443183372,0,0,0,0,0,0,0,0,0,0,0.024203473,9,5.528194591,3.944150342,PMXC6,S,R2A,B,RT,REP1,T3,12,PMXC6.S.R2A.B.RT.REP1,SR2ARTB,1
PMXC6.S.R2A.B.RT.REP2.T3,0,0,0.01080268,0,0.014768221,0.01572542,0.124299193,0,0,0,0,0,0.038834951,0.018597019,0.049774374,0,0.711062491,0,0,0,0,0,0,0,0,0,0,0.016135649,9,2.987051305,1.900294969,PMXC6,S,R2A,B,RT,REP2,T3,12,PMXC6.S.R2A.B.RT.REP2,SR2ARTB,1
PMXC6.S.R2A.B.RT.REP3.T3,0,0,0.019827704,0,0.090660468,0.026938329,0.099001778,0,0,0,0,0,0.047039519,0.035689867,0.07753316,0,0.584575414,0,0,0,0,0,0,0,0,0,0,0.018733762,9,4.353772411,2.697477428,PMXC6,S,R2A,B,RT,REP3,T3,12,PMXC6.S.R2A.B.RT.REP3,SR2ARTB,1
PMXC6.S.R2A.B.VT.REP1.T3,0,0,0,0,0.02160536,0,0,0,0,0,0,0,0.028715985,0.023929988,0.086284698,0,0.802543416,0,0,0,0,0,0,0,0,0,0,0.036920552,6,2.189922831,1.527304802,PMXC6,S,R2A,B,VT,REP1,T3,12,PMXC6.S.R2A.B.VT.REP1,SR2AVTB,2
PMXC6.S.R2A.B.VT.REP2.T3,0,0,0.021195132,0,0.06180774,0,0.025434158,0,0,0,0,0.012170108,0.031724327,0.025981129,0.098044578,0,0.711609463,0,0,0,0,0,0,0,0,0,0,0.012033365,9,3.089725757,1.91244279,PMXC6,S,R2A,B,VT,REP2,T3,12,PMXC6.S.R2A.B.VT.REP2,SR2AVTB,2
PMXC6.S.R2A.B.VT.REP3.T3,0,0,0.012170108,0,0.032544783,0,0.011212909,0,0,0,0,0.013127308,0.045808834,0.017913305,0.076986189,0,0.7782032,0,0,0,0,0,0,0,0,0,0,0.012033365,9,2.538040304,1.624440524,PMXC6,S,R2A,B,VT,REP3,T3,12,PMXC6.S.R2A.B.VT.REP3,SR2AVTB,2
PMXC6.S.R2A.NB.RT.REP1.T3,0,0,0.309038698,0,0.040886093,0,0,0,0,0,0,0.015315192,0.142212498,0.037194038,0.071926706,0,0.349788049,0.010665937,0,0,0,0,0,0,0,0,0,0.022972788,9,5.203233759,4.045543481,PMXC6,S,R2A,NB,RT,REP1,T3,12,PMXC6.S.R2A.NB.RT.REP1,SR2ARTNB,0
PMXC6.S.R2A.NB.RT.REP2.T3,0,0,0.225488855,0,0.031450841,0,0,0,0,0,0,0,0.067414194,0.039928894,0.082319158,0,0.529878299,0,0,0,0,0,0,0,0,0,0,0.023519759,7,3.996255879,2.88955538,PMXC6,S,R2A,NB,RT,REP2,T3,12,PMXC6.S.R2A.NB.RT.REP2,SR2ARTNB,0
PMXC6.S.R2A.NB.RT.REP3.T3,0,0,0.391494599,0,0.029399699,0,0,0,0,0,0,0.019007247,0.109257487,0.04170655,0.072336934,0,0.310132641,0.016956106,0,0,0,0,0,0,0,0,0,0.009708738,9,4.892781364,3.704157407,PMXC6,S,R2A,NB,RT,REP3,T3,12,PMXC6.S.R2A.NB.RT.REP3,SR2ARTNB,0
PMXC6.S.R2A.NB.VT.REP1.T3,0,0,0.22863394,0,0.022836045,0,0,0,0,0,0,0.016272392,0.145904554,0.034048954,0.094762751,0,0.441952687,0.011623137,0,0,0,0,0,0,0,0,0,0.003965541,9,4.685652208,3.571936253,PMXC6,S,R2A,NB,VT,REP1,T3,12,PMXC6.S.R2A.NB.VT.REP1,SR2AVTNB,1
PMXC6.S.R2A.NB.VT.REP2.T3,0,0,0.02160536,0,0.012033365,0,0,0,0,0,0,0.014357993,0.171201969,0.044441406,0.142212498,0,0.584712156,0,0,0,0,0,0,0,0,0,0,0.009435252,8,3.570298933,2.536110262,PMXC6,S,R2A,NB,VT,REP2,T3,12,PMXC6.S.R2A.NB.VT.REP2,SR2AVTNB,1
PMXC6.S.R2A.NB.VT.REP3.T3,0,0,0.04416792,0,0,0,0,0,0,0,0,0.017092848,0.067961165,0.042663749,0.052645973,0,0.760289895,0,0,0,0,0,0,0,0,0,0,0.015178449,7,2.589811755,1.695706793,PMXC6,S,R2A,NB,VT,REP3,T3,12,PMXC6.S.R2A.NB.VT.REP3,SR2AVTNB,1
PMXC6.NS.CR.B.RT.REP1.T4,0.065089567,0,0.466839874,0,0,0,0,0,0,0,0,0.070696021,0.010939423,0.015862163,0.019690961,0,0.125529878,0.216600574,0,0,0,0,0,0,0,0,0,0.008751538,9,4.695083995,3.440171188,PMXC6,NS,CR,B,RT,REP1,T4,15,PMXC6.NS.CR.B.RT.REP1,NSCRRTB,3
PMXC6.NS.CR.B.RT.REP2.T4,0.045261862,0,0.431560235,0,0,0,0,0,0,0,0,0.094899494,0.012853822,0.022972788,0.030083413,0,0.198960755,0.157664433,0,0,0,0,0,0,0,0,0,0.005743197,9,5.035119838,3.796893418,PMXC6,NS,CR,B,RT,REP2,T4,15,PMXC6.NS.CR.B.RT.REP2,NSCRRTB,3
PMXC6.NS.CR.B.RT.REP3.T4,0.052919458,0,0.466292903,0,0,0,0,0,0,0,0,0.097907835,0.02010119,0.032134555,0.027348557,0,0.10597566,0.183372077,0,0,0,0,0,0,0,0,0,0.013947764,9,5.128090679,3.609446158,PMXC6,NS,CR,B,RT,REP3,T4,15,PMXC6.NS.CR.B.RT.REP3,NSCRRTB,3
PMXC6.NS.CR.B.VT.REP1.T4,0.049774374,0,0.220155887,0,0,0,0,0,0,0,0,0.109941201,0.011212909,0.088746069,0.073841105,0,0.327362232,0.108026802,0,0,0,0,0,0,0,0,0,0.010939423,9,6.285989517,5.116587464,PMXC6,NS,CR,B,VT,REP1,T4,15,PMXC6.NS.CR.B.VT.REP1,NSCRVTB,4
PMXC6.NS.CR.B.VT.REP2.T4,0.015588678,0,0.298509504,0,0.077259675,0.010118966,0,0,0,0,0,0.07261042,0,0.07999453,0,0,0.20853275,0.203336524,0,0,0,0,0,0,0,0,0,0.034048954,9,6.224098281,5.179072641,PMXC6,NS,CR,B,VT,REP2,T4,15,PMXC6.NS.CR.B.VT.REP2,NSCRVTB,4
PMXC6.NS.CR.B.VT.REP3.T4,0,0.016135649,0.140298099,0,0.054013401,0,0,0,0,0.026938329,0,0.140571585,0.020921646,0.097087379,0,0,0.27430603,0.171885683,0,0,0.011212909,0,0,0,0,0,0,0.04662929,11,7.62212807,6.238319213,PMXC6,NS,CR,B,VT,REP3,T4,15,PMXC6.NS.CR.B.VT.REP3,NSCRVTB,4
PMXC6.NS.CR.NB.RT.REP1.T4,0,0,0.430056065,0,0,0,0,0,0,0,0,0.065089567,0.011486394,0.041022836,0.021468618,0,0.15506632,0.267332148,0,0,0,0,0,0,0,0,0,0.008478053,8,4.4267082,3.483780381,PMXC6,NS,CR,NB,RT,REP1,T4,15,PMXC6.NS.CR.NB.RT.REP1,NSCRRTNB,2
PMXC6.NS.CR.NB.RT.REP2.T4,0,0,0.418706413,0,0,0,0,0,0,0,0,0.071789963,0.015178449,0.048680432,0.018733762,0,0.175851224,0.237248735,0,0,0,0,0,0,0,0,0,0.013811021,8,4.687681717,3.692471173,PMXC6,NS,CR,NB,RT,REP2,T4,15,PMXC6.NS.CR.NB.RT.REP2,NSCRRTNB,2
PMXC6.NS.CR.NB.RT.REP3.T4,0,0,0.430876521,0,0,0,0,0,0,0,0,0.050321346,0,0.03924518,0.022425817,0,0.175030767,0.262409408,0,0,0,0,0,0,0,0,0,0.019690961,7,4.301127769,3.446943243,PMXC6,NS,CR,NB,RT,REP3,T4,15,PMXC6.NS.CR.NB.RT.REP3,NSCRRTNB,2
PMXC6.NS.CR.NB.VT.REP1.T4,0.01572542,0,0.294270477,0,0.038014495,0,0,0,0,0,0,0.05838917,0.010665937,0.055517571,0.02994667,0,0.269793518,0.212498291,0,0,0,0,0,0,0,0,0,0.015178449,10,5.90364688,4.673683051,PMXC6,NS,CR,NB,VT,REP1,T4,15,PMXC6.NS.CR.NB.VT.REP1,NSCRVTNB,3
PMXC6.NS.CR.NB.VT.REP2.T4,0,0,0.279775742,0,0,0,0,0,0,0,0,0.120743881,0.013127308,0.088199097,0.012580336,0,0.224941884,0.244906331,0,0,0,0,0,0,0,0,0,0.01572542,8,5.382582274,4.721692277,PMXC6,NS,CR,NB,VT,REP2,T4,15,PMXC6.NS.CR.NB.VT.REP2,NSCRVTNB,3
PMXC6.NS.CR.NB.VT.REP3.T4,0,0.011486394,0.248188158,0,0.127854506,0,0.019007247,0,0,0,0,0.062491454,0,0.077396417,0,0,0.163544373,0.248735129,0,0,0,0,0,0,0,0,0,0.041296322,9,6.55749013,5.597410223,PMXC6,NS,CR,NB,VT,REP3,T4,15,PMXC6.NS.CR.NB.VT.REP3,NSCRVTNB,3
PMXC6.NS.R2A.B.RT.REP1.T4,0,0.02160536,0.494735403,0,0.015451935,0,0,0,0,0,0,0.08929304,0.098044578,0.153151921,0,0,0.107616573,0,0,0,0,0,0,0,0,0,0,0.02010119,8,4.686341416,3.350133645,PMXC6,NS,R2A,B,RT,REP1,T4,15,PMXC6.NS.R2A.B.RT.REP1,NSR2ARTB,2
PMXC6.NS.R2A.B.RT.REP2.T4,0,0.025981129,0.302338302,0,0,0,0,0,0,0,0,0.062217968,0.129632162,0.18009025,0,0,0.272938602,0.010255709,0,0,0,0,0,0,0,0,0,0.016545877,8,5.323383462,4.544092035,PMXC6,NS,R2A,B,RT,REP2,T4,15,PMXC6.NS.R2A.B.RT.REP2,NSR2ARTB,2
PMXC6.NS.R2A.B.RT.REP3.T4,0,0.016135649,0.519212362,0,0,0,0,0,0,0,0,0.12170108,0.112676056,0.107206345,0,0,0.081088473,0.015998906,0,0,0,0,0,0,0,0,0,0.025981129,8,4.541824614,3.16107171,PMXC6,NS,R2A,B,RT,REP3,T4,15,PMXC6.NS.R2A.B.RT.REP3,NSR2ARTB,2
PMXC6.NS.R2A.B.VT.REP1.T4,0,0.013674279,0.403527964,0,0.06919185,0,0.019007247,0,0,0,0,0.06426911,0.061944482,0.091070696,0.021878846,0,0.227950226,0.012717079,0,0,0,0,0,0,0,0,0,0.014768221,11,5.991722909,4.214929117,PMXC6,NS,R2A,B,VT,REP1,T4,15,PMXC6.NS.R2A.B.VT.REP1,NSR2AVTB,3
PMXC6.NS.R2A.B.VT.REP2.T4,0,0.018323533,0.214275947,0,0.067140708,0,0,0,0,0,0,0.038424723,0.148776152,0.07753316,0.01914399,0,0.394229454,0,0,0,0,0,0,0,0,0,0,0.022152331,9,5.577570851,4.225576796,PMXC6,NS,R2A,B,VT,REP2,T4,15,PMXC6.NS.R2A.B.VT.REP2,NSR2AVTB,3
PMXC6.NS.R2A.B.VT.REP3.T4,0,0,0,0,0,0,0,0,0,0,0,0.014631478,0,0.048953918,0.09421578,0,0.818815807,0,0,0,0,0,0,0,0,0,0,0.023383017,5,1.980901341,1.46521591,PMXC6,NS,R2A,B,VT,REP3,T4,15,PMXC6.NS.R2A.B.VT.REP3,NSR2AVTB,3
PMXC6.NS.R2A.NB.RT.REP1.T4,0.015998906,0.025297416,0.594831123,0,0.016409134,0,0,0,0,0,0,0.147408724,0.101189662,0.049500889,0,0,0.015178449,0.030630384,0,0,0,0,0,0,0,0,0,0.003555312,10,4.010099602,2.560232594,PMXC6,NS,R2A,NB,RT,REP1,T4,15,PMXC6.NS.R2A.NB.RT.REP1,NSR2ARTNB,1
PMXC6.NS.R2A.NB.RT.REP2.T4,0.017639819,0.019827704,0.619308081,0,0.022699303,0,0,0,0,0,0,0.135375359,0.088746069,0.063038425,0,0,0,0.021331875,0,0,0,0,0,0,0,0,0,0.012033365,9,3.768903414,2.406518167,PMXC6,NS,R2A,NB,RT,REP2,T4,15,PMXC6.NS.R2A.NB.RT.REP2,NSR2ARTNB,1
PMXC6.NS.R2A.NB.RT.REP3.T4,0.015588678,0.017913305,0.578285245,0,0.01080268,0,0,0,0,0,0,0.158895118,0.119376453,0.054423629,0,0,0,0.030493641,0,0,0,0,0,0,0,0,0,0.01422125,9,3.950775022,2.640704318,PMXC6,NS,R2A,NB,RT,REP3,T4,15,PMXC6.NS.R2A.NB.RT.REP3,NSR2ARTNB,1
PMXC6.NS.R2A.NB.VT.REP1.T4,0,0.020921646,0.531108984,0,0,0,0,0,0,0,0,0.108026802,0.07165322,0.022289074,0,0,0.199781212,0.030083413,0,0,0,0,0,0,0,0,0,0.016135649,8,4.15695251,2.933470518,PMXC6,NS,R2A,NB,VT,REP1,T4,15,PMXC6.NS.R2A.NB.VT.REP1,NSR2AVTNB,2
PMXC6.NS.R2A.NB.VT.REP2.T4,0,0.023246274,0.566525366,0,0,0,0,0,0,0,0,0.091070696,0.055791057,0.020921646,0,0,0.209763435,0.018050048,0,0,0,0,0,0,0,0,0,0.014631478,8,3.786270785,2.646369427,PMXC6,NS,R2A,NB,VT,REP2,T4,15,PMXC6.NS.R2A.NB.VT.REP2,NSR2AVTNB,2
PMXC6.NS.R2A.NB.VT.REP3.T4,0,0.011623137,0.454396281,0,0,0,0,0,0,0,0,0.081635444,0.065910023,0.018870505,0.01914399,0,0.310816354,0.033638726,0,0,0,0,0,0,0,0,0,0.003965541,9,4.23703971,3.163593489,PMXC6,NS,R2A,NB,VT,REP3,T4,15,PMXC6.NS.R2A.NB.VT.REP3,NSR2AVTNB,2
PMXC6.S.CR.B.RT.REP1.T4,0,0,0.123478736,0.019690961,0.036236839,0.01668262,0.123888965,0,0,0,0,0.05250923,0.016819363,0.186243676,0.060303569,0,0.229591139,0.111308628,0,0,0,0,0,0,0,0,0,0.023246274,12,8.65657944,7.164347384,PMXC6,S,CR,B,RT,REP1,T4,15,PMXC6.S.CR.B.RT.REP1,SCRRTB,2
PMXC6.S.CR.B.RT.REP2.T4,0,0,0.048406947,0.022289074,0.010255709,0.018050048,0.114727198,0,0,0,0,0.089976754,0.02502393,0.17858608,0.157801176,0,0.265691235,0.033638726,0,0,0,0,0,0,0,0.01080268,0.010255709,0.014494735,14,8.420748995,6.489084972,PMXC6,S,CR,B,RT,REP2,T4,15,PMXC6.S.CR.B.RT.REP2,SCRRTB,2
PMXC6.S.CR.B.RT.REP3.T4,0,0,0.011896622,0.011486394,0,0.013811021,0.105838917,0,0,0,0,0.098454807,0.025981129,0.174894024,0.207849036,0,0.293176535,0.012443594,0,0,0,0,0,0,0,0,0.01668262,0.0274853,12,6.936374176,5.465535984,PMXC6,S,CR,B,RT,REP3,T4,15,PMXC6.S.CR.B.RT.REP3,SCRRTB,2
PMXC6.S.CR.B.VT.REP1.T4,0.012170108,0,0,0.019690961,0.038698209,0.010255709,0.035142896,0,0,0,0,0.042116778,0,0.158758375,0.13099959,0,0.482428552,0,0,0,0,0,0,0,0,0.01175988,0.010392452,0.04758649,12,5.526680702,3.536560405,PMXC6,S,CR,B,VT,REP1,T4,15,PMXC6.S.CR.B.VT.REP1,SCRVTB,3
PMXC6.S.CR.B.VT.REP2.T4,0.010255709,0,0.048680432,0.115547655,0.058252427,0.02010119,0.069602078,0,0,0,0,0.057705456,0,0.182688363,0.088746069,0,0.27034049,0.030767127,0,0,0,0,0,0,0,0,0,0.047313004,12,8.743308256,6.881459205,PMXC6,S,CR,B,VT,REP2,T4,15,PMXC6.S.CR.B.VT.REP2,SCRVTB,3
PMXC6.S.CR.B.VT.REP3.T4,0,0.010529195,0.108984001,0.067961165,0.076302475,0.016409134,0.084096814,0,0,0,0,0.052919458,0,0.166142486,0.070422535,0,0.233966908,0.062354711,0,0,0,0,0,0,0,0,0,0.049911117,12,9.462220361,7.920568119,PMXC6,S,CR,B,VT,REP3,T4,15,PMXC6.S.CR.B.VT.REP3,SCRVTB,3
PMXC6.S.CR.NB.RT.REP1.T4,0,0,0.140708328,0,0.011623137,0.017913305,0.149870094,0,0,0,0,0.065089567,0.01572542,0.143716669,0.057295228,0,0.200464925,0.162313688,0,0,0.010255709,0,0,0,0,0,0,0.02502393,12,8.385700252,7.225416647,PMXC6,S,CR,NB,RT,REP1,T4,15,PMXC6.S.CR.NB.RT.REP1,SCRRTNB,1
PMXC6.S.CR.NB.RT.REP2.T4,0,0,0.134965131,0.011623137,0.012990565,0.021058389,0.142896212,0,0,0,0,0.066593737,0.01175988,0.153425407,0.054013401,0,0.197866813,0.172569397,0,0,0,0,0,0,0,0,0,0.020237932,12,8.31807225,7.155476773,PMXC6,S,CR,NB,RT,REP2,T4,15,PMXC6.S.CR.NB.RT.REP2,SCRRTNB,1
PMXC6.S.CR.NB.RT.REP3.T4,0,0,0.158758375,0,0.014768221,0.022425817,0.141255299,0,0,0,0,0.066456994,0.012580336,0.131683304,0.043073978,0,0.209900178,0.167783399,0,0,0,0,0,0,0,0,0,0.031314098,11,8.079712621,7.000894879,PMXC6,S,CR,NB,RT,REP3,T4,15,PMXC6.S.CR.NB.RT.REP3,SCRRTNB,1
PMXC6.S.CR.NB.VT.REP1.T4,0,0,0.10747983,0.043210721,0.104744975,0.01326405,0.061260768,0,0,0,0,0.077669903,0.014631478,0.196362642,0.060713797,0,0.159442089,0.131956789,0,0,0,0,0,0,0,0,0,0.029262956,12,9.521718888,8.298669248,PMXC6,S,CR,NB,VT,REP1,T4,15,PMXC6.S.CR.NB.VT.REP1,SCRVTNB,2
PMXC6.S.CR.NB.VT.REP2.T4,0,0,0.121290852,0.03828798,0.096266922,0.012443594,0.066183509,0,0,0,0,0.079584302,0.013400793,0.14180227,0.062628196,0,0.19773007,0.132093532,0,0,0.013674279,0,0,0,0,0,0,0.024613702,13,9.853987963,8.48450031,PMXC6,S,CR,NB,VT,REP2,T4,15,PMXC6.S.CR.NB.VT.REP2,SCRVTNB,2
PMXC6.S.CR.NB.VT.REP3.T4,0,0,0.138520443,0.022289074,0.104471489,0.010255709,0.077943388,0,0,0,0,0.05743197,0.010118966,0.143032955,0.04170655,0,0.188568303,0.170791741,0,0,0,0,0,0,0,0,0,0.034869411,12,8.981209515,7.792911419,PMXC6,S,CR,NB,VT,REP3,T4,15,PMXC6.S.CR.NB.VT.REP3,SCRVTNB,2
PMXC6.S.R2A.B.RT.REP1.T4,0,0,0.02994667,0,0.147271981,0.012033365,0.043210721,0,0,0,0,0.011896622,0.128401477,0.095309722,0.02010119,0,0.484342951,0,0,0,0,0,0,0,0,0,0,0.0274853,10,5.18030561,3.495796838,PMXC6,S,R2A,B,RT,REP1,T4,15,PMXC6.S.R2A.B.RT.REP1,SR2ARTB,1
PMXC6.S.R2A.B.RT.REP2.T4,0,0,0.054150144,0,0.06180774,0,0.072883905,0,0,0,0,0,0.047449747,0.063175168,0.017913305,0,0.648707781,0,0,0,0,0,0,0,0,0,0,0.033912211,8,3.696902905,2.269633412,PMXC6,S,R2A,B,RT,REP2,T4,15,PMXC6.S.R2A.B.RT.REP2,SR2ARTB,1
PMXC6.S.R2A.B.RT.REP3.T4,0,0,0.039108437,0,0.198413784,0.020784904,0.067824422,0,0,0,0,0,0.052782716,0.081908929,0.03240804,0,0.484342951,0,0,0,0,0,0,0,0,0,0,0.022425817,9,5.044711615,3.429754665,PMXC6,S,R2A,B,RT,REP3,T4,15,PMXC6.S.R2A.B.RT.REP3,SR2ARTB,1
PMXC6.S.R2A.B.VT.REP1.T4,0,0,0,0,0,0,0,0,0,0,0,0,0,0,0.243675646,0,0.734718994,0,0,0,0,0,0,0,0,0,0,0.02160536,3,1.922049631,1.66762107,PMXC6,S,R2A,B,VT,REP1,T4,15,PMXC6.S.R2A.B.VT.REP1,SR2AVTB,2
PMXC6.S.R2A.B.VT.REP2.T4,0,0,0,0,0.019417476,0,0.098591549,0,0,0,0,0,0.02160536,0.016272392,0.179543279,0,0.647066867,0,0,0,0,0,0,0,0,0,0,0.017503077,7,3.051494515,2.164190223,PMXC6,S,R2A,B,VT,REP2,T4,15,PMXC6.S.R2A.B.VT.REP2,SR2AVTB,2
PMXC6.S.R2A.B.VT.REP3.T4,0,0,0,0,0.019007247,0,0.024750444,0,0,0,0,0.011896622,0.01326405,0.025844387,0.173116368,0,0.722685628,0,0,0,0,0,0,0,0,0,0,0.009435252,8,2.595379772,1.804103008,PMXC6,S,R2A,B,VT,REP3,T4,15,PMXC6.S.R2A.B.VT.REP3,SR2AVTB,2
PMXC6.S.R2A.NB.RT.REP1.T4,0,0,0.52454533,0,0.030220156,0,0,0,0,0,0,0.041843293,0.079584302,0.033091754,0.017229591,0,0.197456584,0.04662929,0,0,0,0,0.020921646,0,0,0,0,0.008478053,10,4.691711291,3.056136715,PMXC6,S,R2A,NB,RT,REP1,T4,15,PMXC6.S.R2A.NB.RT.REP1,SR2ARTNB,0
PMXC6.S.R2A.NB.RT.REP2.T4,0,0,0.550663203,0,0.033775468,0,0,0,0,0,0,0.041296322,0.071516478,0.034595925,0.019964447,0,0.193080815,0.040886093,0,0,0,0,0,0,0,0,0,0.01422125,9,4.334024493,2.841390897,PMXC6,S,R2A,NB,RT,REP2,T4,15,PMXC6.S.R2A.NB.RT.REP2,SR2ARTNB,0
PMXC6.S.R2A.NB.RT.REP3.T4,0,0,0.509093395,0,0.0284425,0,0,0,0,0,0,0.056884999,0.081361958,0.040065637,0.019554219,0,0.202789553,0.05346643,0,0,0,0,0,0,0,0,0,0.00834131,9,4.655598149,3.165757202,PMXC6,S,R2A,NB,RT,REP3,T4,15,PMXC6.S.R2A.NB.RT.REP3,SR2ARTNB,0
PMXC6.S.R2A.NB.VT.REP1.T4,0,0,0.098865035,0,0.04074935,0,0,0,0,0,0,0.019827704,0.177492137,0.0549706,0.083276357,0,0.515930535,0,0,0,0,0,0,0,0,0,0,0.008888281,8,4.453311179,3.129386637,PMXC6,S,R2A,NB,VT,REP1,T4,15,PMXC6.S.R2A.NB.VT.REP1,SR2AVTNB,1
PMXC6.S.R2A.NB.VT.REP2.T4,0,0,0.025844387,0,0.062901682,0,0,0,0,0,0,0.019007247,0.070832764,0.083002872,0.087105155,0,0.640776699,0,0,0,0,0,0,0,0,0,0,0.010529195,8,3.609758311,2.297870486,PMXC6,S,R2A,NB,VT,REP2,T4,15,PMXC6.S.R2A.NB.VT.REP2,SR2AVTNB,1
PMXC6.S.R2A.NB.VT.REP3.T4,0,0,0.031040613,0,0,0,0,0,0,0,0,0.013400793,0.053603172,0.043757692,0.052919458,0,0.793108164,0,0,0,0,0,0,0,0,0,0,0.012170108,7,2.345206685,1.567643152,PMXC6,S,R2A,NB,VT,REP3,T4,15,PMXC6.S.R2A.NB.VT.REP3,SR2AVTNB,1
PMXC6.NS.CR.B.RT.REP1.T5,0.030630384,0,0.400656365,0,0,0,0,0,0,0,0,0.094762751,0.01422125,0.048543689,0.02160536,0,0.174620539,0.211130863,0,0,0,0,0,0,0,0,0,0.003828798,9,5.161023439,4.023295178,PMXC6,NS,CR,B,RT,REP1,T5,18,PMXC6.NS.CR.B.RT.REP1,NSCRRTB,3
PMXC6.NS.CR.B.RT.REP2.T5,0.01422125,0,0.396280596,0,0,0,0,0,0,0,0,0.115274169,0.016135649,0.050594831,0.018733762,0,0.198824012,0.186243676,0,0,0,0,0,0,0,0,0,0.003692055,9,5.069665382,4.033377576,PMXC6,NS,CR,B,RT,REP2,T5,18,PMXC6.NS.CR.B.RT.REP2,NSCRRTB,3
PMXC6.NS.CR.B.RT.REP3.T5,0.01080268,0,0.392178313,0,0,0,0,0,0,0,0,0.158074662,0.032134555,0.086558184,0.025981129,0,0.154382606,0.134281417,0,0,0,0,0,0,0,0,0,0.005606454,9,5.539116511,4.347731313,PMXC6,NS,CR,B,RT,REP3,T5,18,PMXC6.NS.CR.B.RT.REP3,NSCRRTB,3
PMXC6.NS.CR.B.VT.REP3.T5,0,0,0,0,0,0,0,0,0,0.02010119,0,0.129495419,0.06331191,0.068644879,0.062217968,0,0.5270067,0,0,0,0,0,0,0,0,0.098318064,0,0.03090387,8,4.700662211,3.143445469,PMXC6,NS,CR,B,VT,REP3,T5,18,PMXC6.NS.CR.B.VT.REP3,NSCRVTB,4
PMXC6.NS.CR.NB.RT.REP1.T5,0,0,0.380008205,0,0,0,0,0,0,0,0,0.141528784,0.042116778,0.088882811,0.041296322,0,0.166279229,0.137426501,0,0,0,0,0,0,0,0,0,0.00246137,8,5.531170351,4.49727485,PMXC6,NS,CR,NB,RT,REP1,T5,18,PMXC6.NS.CR.NB.RT.REP1,NSCRRTNB,2
PMXC6.NS.CR.NB.RT.REP2.T5,0,0,0.40776699,0,0,0,0,0,0,0,0,0.076986189,0.015315192,0.100642691,0.021058389,0,0.186517161,0.184329277,0,0,0,0,0,0,0,0,0,0.00738411,8,4.956697608,3.970960958,PMXC6,NS,CR,NB,RT,REP2,T5,18,PMXC6.NS.CR.NB.RT.REP2,NSCRRTNB,2
PMXC6.NS.CR.NB.RT.REP3.T5,0,0,0.416245043,0,0,0,0,0,0,0,0,0.059346369,0.015041707,0.07411459,0.025297416,0,0.187747846,0.196499385,0,0,0,0,0,0,0,0,0,0.025707644,8,4.99945053,3.881034539,PMXC6,NS,CR,NB,RT,REP3,T5,18,PMXC6.NS.CR.NB.RT.REP3,NSCRRTNB,2
PMXC6.NS.CR.NB.VT.REP1.T5,0,0,0.077396417,0,0.010392452,0,0,0,0,0,0,0.489265691,0.199370983,0.035689867,0.01080268,0,0.127307535,0.026117872,0,0,0.013400793,0,0,0,0,0,0,0.010255709,10,4.69728493,3.291720598,PMXC6,NS,CR,NB,VT,REP1,T5,18,PMXC6.NS.CR.NB.VT.REP1,NSCRVTNB,3
PMXC6.NS.CR.NB.VT.REP2.T5,0,0,0.152057979,0,0,0,0,0,0,0,0,0.446875427,0.128948448,0.074524819,0.017503077,0,0.106796117,0.059483112,0,0,0,0,0,0,0,0,0,0.013811021,8,5.15872992,3.839631191,PMXC6,NS,CR,NB,VT,REP2,T5,18,PMXC6.NS.CR.NB.VT.REP2,NSCRVTNB,3
PMXC6.NS.CR.NB.VT.REP3.T5,0,0.034185697,0.237248735,0,0.06919185,0.011349651,0.037467524,0,0,0,0,0.068644879,0.018460276,0.104061261,0.017913305,0,0.153288664,0.23697525,0,0,0,0,0,0,0,0,0,0.011212909,12,7.842413449,6.259439522,PMXC6,NS,CR,NB,VT,REP3,T5,18,PMXC6.NS.CR.NB.VT.REP3,NSCRVTNB,3
PMXC6.NS.R2A.B.RT.REP1.T5,0,0.01175988,0.449063312,0,0.01175988,0,0,0,0,0,0,0.127991248,0.135238616,0.148776152,0,0,0.093258581,0.010118966,0,0,0,0,0,0,0,0,0,0.012033365,9,4.963401995,3.735742647,PMXC6,NS,R2A,B,RT,REP1,T5,18,PMXC6.NS.R2A.B.RT.REP1,NSR2ARTB,2
PMXC6.NS.R2A.B.RT.REP2.T5,0,0.01326405,0.511007794,0,0,0,0,0,0,0,0,0.139204157,0.124846164,0.126897306,0,0,0.055791057,0.012580336,0,0,0,0,0,0,0,0,0,0.016409134,8,4.393527605,3.16543491,PMXC6,NS,R2A,B,RT,REP2,T5,18,PMXC6.NS.R2A.B.RT.REP2,NSR2ARTB,2
PMXC6.NS.R2A.B.RT.REP3.T5,0,0.014357993,0.461506906,0,0,0,0,0,0,0,0,0.145357582,0.136606044,0.127717763,0,0,0.076712703,0.018050048,0,0,0,0,0,0,0,0,0,0.019690961,8,4.853345201,3.624567083,PMXC6,NS,R2A,B,RT,REP3,T5,18,PMXC6.NS.R2A.B.RT.REP3,NSR2ARTB,2
PMXC6.NS.R2A.B.VT.REP1.T5,0,0.013947764,0.052782716,0,0.080814987,0,0.033775468,0,0,0,0,0.033912211,0.162860659,0.143443183,0.011076166,0,0.453302338,0,0,0,0,0,0,0,0,0,0,0.014084507,10,5.419571735,3.777775478,PMXC6,NS,R2A,B,VT,REP1,T5,18,PMXC6.NS.R2A.B.VT.REP1,NSR2AVTB,3
PMXC6.NS.R2A.B.VT.REP2.T5,0,0.010392452,0.181594421,0,0.054150144,0,0,0,0,0,0,0.040065637,0.094899494,0.181594421,0.021742103,0,0.406399562,0,0,0,0,0,0,0,0,0,0,0.009161767,9,5.309507799,4.076279598,PMXC6,NS,R2A,B,VT,REP2,T5,18,PMXC6.NS.R2A.B.VT.REP2,NSR2AVTB,3
PMXC6.NS.R2A.B.VT.REP3.T5,0,0,0,0,0,0,0,0,0,0,0,0.027895529,0.131136333,0.051415288,0.035416382,0,0.740872419,0,0,0,0,0,0,0,0,0,0,0.01326405,6,2.501019742,1.751495609,PMXC6,NS,R2A,B,VT,REP3,T5,18,PMXC6.NS.R2A.B.VT.REP3,NSR2AVTB,3
PMXC6.NS.R2A.NB.RT.REP1.T5,0,0.026254615,0.581567072,0,0.01080268,0,0,0,0,0,0,0.137699986,0.109257487,0.0834131,0,0,0.018050048,0.023519759,0,0,0,0,0,0,0,0,0,0.009435252,9,4.000723468,2.646549366,PMXC6,NS,R2A,NB,RT,REP1,T5,18,PMXC6.NS.R2A.NB.RT.REP1,NSR2ARTNB,1
PMXC6.NS.R2A.NB.RT.REP2.T5,0,0.023109531,0.54806509,0,0.013537536,0,0,0,0,0,0,0.141255299,0.127717763,0.083139614,0,0,0.022015589,0.027075072,0,0,0,0,0,0,0,0,0,0.014084507,9,4.317796188,2.892799851,PMXC6,NS,R2A,NB,RT,REP2,T5,18,PMXC6.NS.R2A.NB.RT.REP2,NSR2ARTNB,1
PMXC6.NS.R2A.NB.RT.REP3.T5,0,0.018050048,0.584575414,0,0,0,0,0,0,0,0,0.138930671,0.117051826,0.084643785,0,0,0.010255709,0.02502393,0,0,0,0,0,0,0,0,0,0.021468618,8,3.828020601,2.608147295,PMXC6,NS,R2A,NB,RT,REP3,T5,18,PMXC6.NS.R2A.NB.RT.REP3,NSR2ARTNB,1
PMXC6.NS.R2A.NB.VT.REP1.T5,0,0.013947764,0.559414741,0,0,0,0,0,0,0,0,0.072747163,0.061397511,0.022015589,0,0,0.248735129,0,0,0,0,0,0,0,0,0,0,0.021742103,7,3.524871557,2.597215286,PMXC6,NS,R2A,NB,VT,REP1,T5,18,PMXC6.NS.R2A.NB.VT.REP1,NSR2AVTNB,2
PMXC6.NS.R2A.NB.VT.REP2.T5,0,0.017229591,0.550116231,0,0,0,0,0,0,0,0,0.070422535,0.078900588,0.020784904,0,0,0.231505538,0.017503077,0,0,0,0,0,0,0,0,0,0.013537536,8,3.797124324,2.712778019,PMXC6,NS,R2A,NB,VT,REP2,T5,18,PMXC6.NS.R2A.NB.VT.REP2,NSR2AVTNB,2
PMXC6.NS.R2A.NB.VT.REP3.T5,0,0,0.071926706,0,0,0,0,0,0,0,0,0.059072884,0.20757555,0,0.06673048,0,0.584985642,0,0,0,0,0,0,0,0,0,0,0.009708738,6,3.394278878,2.50937198,PMXC6,NS,R2A,NB,VT,REP3,T5,18,PMXC6.NS.R2A.NB.VT.REP3,NSR2AVTNB,2
PMXC6.S.CR.B.RT.REP1.T5,0,0,0.083960071,0.024340216,0.032544783,0.016409134,0.141528784,0,0,0,0,0.038834951,0,0.181867906,0.042253521,0,0.317380008,0.088746069,0,0,0,0,0,0,0,0,0,0.032134555,11,7.490006863,5.714005829,PMXC6,S,CR,B,RT,REP1,T5,18,PMXC6.S.CR.B.RT.REP1,SCRRTB,2
PMXC6.S.CR.B.RT.REP2.T5,0,0,0.116231369,0.024340216,0.031587584,0.01422125,0.141392042,0,0,0,0,0.065363052,0.013947764,0.182141392,0.03678381,0,0.245590045,0.096813893,0,0,0.014084507,0,0,0,0,0,0,0.017503077,13,8.654581261,6.921304157,PMXC6,S,CR,B,RT,REP2,T5,18,PMXC6.S.CR.B.RT.REP2,SCRRTB,2
PMXC6.S.CR.B.RT.REP3.T5,0,0,0.138520443,0.015315192,0.041296322,0.017229591,0.120333652,0,0,0,0,0.049227403,0.013947764,0.221933543,0.037877752,0,0.206755094,0.113086285,0,0,0,0,0,0,0,0,0,0.024476959,12,8.358705218,6.880072851,PMXC6,S,CR,B,RT,REP3,T5,18,PMXC6.S.CR.B.RT.REP3,SCRRTB,2
PMXC6.S.CR.B.VT.REP1.T5,0,0,0,0,0,0,0,0,0,0,0,0.061124026,0.089156297,0.051278545,0.225352113,0.043347463,0.010939423,0,0,0,0.012853822,0,0,0,0,0.498290715,0,0.007657596,9,4.482968291,3.168424991,PMXC6,S,CR,B,VT,REP1,T5,18,PMXC6.S.CR.B.VT.REP1,SCRVTB,3
PMXC6.S.CR.B.VT.REP3.T5,0,0,0,0,0,0,0,0,0,0,0,0.041296322,0.025981129,0.028032271,0.644878983,0.017776562,0.16094626,0,0,0,0,0,0,0,0,0.048953918,0,0.032134555,8,3.432710276,2.228740365,PMXC6,S,CR,B,VT,REP3,T5,18,PMXC6.S.CR.B.VT.REP3,SCRVTB,3
PMXC6.S.CR.NB.RT.REP1.T5,0,0,0.158074662,0,0.025297416,0.013947764,0.121427595,0,0,0,0,0.095036237,0.012853822,0.173936825,0.040886093,0,0.177355395,0.148502666,0,0,0.012306851,0,0,0,0,0,0,0.020374675,12,8.48435443,7.365716289,PMXC6,S,CR,NB,RT,REP1,T5,18,PMXC6.S.CR.NB.RT.REP1,SCRRTNB,1
PMXC6.S.CR.NB.RT.REP2.T5,0,0,0.14180227,0.011212909,0.026801586,0.021468618,0.116231369,0,0,0,0,0.063722139,0.011896622,0.176398195,0.054560372,0,0.207985779,0.134554902,0,0,0.011486394,0,0,0.01175988,0,0,0,0.010118966,14,8.992367733,7.409959723,PMXC6,S,CR,NB,RT,REP2,T5,18,PMXC6.S.CR.NB.RT.REP2,SCRRTNB,1
PMXC6.S.CR.NB.RT.REP3.T5,0,0,0.172159169,0.010118966,0.028032271,0.019964447,0.121154109,0,0,0,0,0.063858881,0.014904964,0.139751128,0.051278545,0,0.19923424,0.157254205,0,0,0,0,0,0,0,0,0,0.022289074,12,8.552571794,7.300131684,PMXC6,S,CR,NB,RT,REP3,T5,18,PMXC6.S.CR.NB.RT.REP3,SCRRTNB,1
PMXC6.S.CR.NB.VT.REP1.T5,0,0,0,0,0,0,0,0,0,0,0,0.296595105,0.063722139,0.222480514,0.087788869,0,0.247230959,0,0,0,0.019417476,0,0,0.012853822,0,0,0,0.049911117,8,5.537059071,4.686251758,PMXC6,S,CR,NB,VT,REP1,T5,18,PMXC6.S.CR.NB.VT.REP1,SCRVTNB,2
PMXC6.S.CR.NB.VT.REP2.T5,0,0,0.049227403,0,0.021468618,0,0.022836045,0,0,0,0,0.210583892,0.038698209,0.215780118,0.16094626,0,0.181867906,0.028579242,0,0,0.016272392,0,0,0.016409134,0,0,0.011486394,0.025844387,13,8.065874385,6.371852243,PMXC6,S,CR,NB,VT,REP2,T5,18,PMXC6.S.CR.NB.VT.REP2,SCRVTNB,2
PMXC6.S.CR.NB.VT.REP3.T5,0,0,0.024887187,0,0.014494735,0,0.020237932,0,0,0,0,0.390537399,0.069602078,0.118145768,0.067824422,0.029399699,0.130726104,0.024887187,0,0,0.044578149,0,0,0,0,0.035416382,0.019554219,0.009708738,14,7.847855967,5.013719675,PMXC6,S,CR,NB,VT,REP3,T5,18,PMXC6.S.CR.NB.VT.REP3,SCRVTNB,2
PMXC6.S.R2A.B.RT.REP1.T5,0.010529195,0,0.245590045,0,0.101326405,0.033638726,0.037741009,0,0,0,0,0.030493641,0.071242992,0.156843976,0.032134555,0,0.26692192,0,0,0,0,0,0,0,0,0,0,0.013537536,11,7.163411052,5.671603269,PMXC6,S,R2A,B,RT,REP1,T5,18,PMXC6.S.R2A.B.RT.REP1,SR2ARTB,1
PMXC6.S.R2A.B.RT.REP2.T5,0,0,0.054833858,0,0.04416792,0,0.128674962,0,0,0,0,0.010665937,0.033091754,0.128811705,0.018050048,0,0.560098455,0,0,0,0,0,0,0,0,0,0,0.02160536,9,4.331992623,2.826304166,PMXC6,S,R2A,B,RT,REP2,T5,18,PMXC6.S.R2A.B.RT.REP2,SR2ARTB,1
PMXC6.S.R2A.B.RT.REP3.T5,0,0,0.099412006,0,0.088746069,0.051552031,0.074798304,0,0,0,0,0,0.11431697,0.133324217,0.020237932,0,0.394366197,0,0,0,0,0,0,0,0,0,0,0.023246274,9,6.303702723,4.687586714,PMXC6,S,R2A,B,RT,REP3,T5,18,PMXC6.S.R2A.B.RT.REP3,SR2ARTB,1
PMXC6.S.R2A.B.VT.REP1.T5,0,0,0,0,0,0,0,0,0,0,0,0,0,0,0.132777246,0,0.842198824,0,0,0,0,0,0,0,0,0,0,0.02502393,3,1.657007125,1.374466812,PMXC6,S,R2A,B,VT,REP1,T5,18,PMXC6.S.R2A.B.VT.REP1,SR2AVTB,2
PMXC6.S.R2A.B.VT.REP2.T5,0,0,0,0,0.015862163,0,0.048133461,0,0,0,0,0,0.039792151,0.013400793,0.182961849,0,0.68549159,0,0,0,0,0,0,0,0,0,0,0.014357993,7,2.796526956,1.968847535,PMXC6,S,R2A,B,VT,REP2,T5,18,PMXC6.S.R2A.B.VT.REP2,SR2AVTB,2
PMXC6.S.R2A.B.VT.REP3.T5,0,0,0,0,0.017503077,0,0.026801586,0,0,0,0,0,0.027075072,0.022425817,0.075208533,0,0.819773007,0,0,0,0,0,0,0,0,0,0,0.011212909,7,2.135192722,1.470435796,PMXC6,S,R2A,B,VT,REP3,T5,18,PMXC6.S.R2A.B.VT.REP3,SR2AVTB,2
PMXC6.S.R2A.NB.RT.REP1.T5,0,0,0.49364146,0,0.030356899,0,0,0,0,0,0,0.041159579,0.085190756,0.040202379,0.029673185,0,0.223437714,0.050868317,0,0,0,0,0,0,0,0,0,0.005469711,9,4.683881437,3.240507347,PMXC6,S,R2A,NB,RT,REP1,T5,18,PMXC6.S.R2A.NB.RT.REP1,SR2ARTNB,0
PMXC6.S.R2A.NB.RT.REP2.T5,0,0,0.484889922,0,0.031587584,0,0,0,0,0,0,0.051415288,0.101599891,0.037194038,0.030356899,0,0.21441269,0.041843293,0,0,0,0,0,0,0,0,0,0.006700397,9,4.806933647,3.342742292,PMXC6,S,R2A,NB,RT,REP2,T5,18,PMXC6.S.R2A.NB.RT.REP2,SR2ARTNB,0
PMXC6.S.R2A.NB.RT.REP3.T5,0,0,0.439491317,0,0.044578149,0,0,0,0,0,0,0.035279639,0.076712703,0.045398605,0.038971694,0,0.256802954,0.043620949,0,0,0,0,0.013811021,0,0,0,0,0.005332969,10,5.230924732,3.650715914,PMXC6,S,R2A,NB,RT,REP3,T5,18,PMXC6.S.R2A.NB.RT.REP3,SR2ARTNB,0
PMXC6.S.R2A.NB.VT.REP1.T5,0,0,0.017092848,0,0.018186791,0,0,0,0,0,0,0,0.098044578,0.022699303,0.07849036,0,0.758238753,0,0,0,0,0,0,0,0,0,0,0.007247368,7,2.462910309,1.689502575,PMXC6,S,R2A,NB,VT,REP1,T5,18,PMXC6.S.R2A.NB.VT.REP1,SR2AVTNB,1
PMXC6.S.R2A.NB.VT.REP2.T5,0,0,0.030630384,0,0.051415288,0,0,0,0,0,0,0,0.120333652,0.018050048,0.093942295,0,0.673458225,0,0,0,0,0,0,0,0,0,0,0.012170108,7,3.091646797,2.079404162,PMXC6,S,R2A,NB,VT,REP2,T5,18,PMXC6.S.R2A.NB.VT.REP2,SR2AVTNB,1
PMXC6.S.R2A.NB.VT.REP3.T5,0,0,0.017639819,0,0,0,0,0,0,0,0,0.015178449,0.205524409,0,0.18692739,0,0.546287433,0,0,0,0,0,0,0,0,0,0,0.0284425,6,3.336735692,2.652782951,PMXC6,S,R2A,NB,VT,REP3,T5,18,PMXC6.S.R2A.NB.VT.REP3,SR2AVTNB,1
PMXC6.NS.CR.B.RT.REP1.T6,0,0,0.418843156,0,0,0,0,0,0,0,0,0.090933953,0.01572542,0.087378641,0.018050048,0,0.179543279,0.181320935,0,0,0,0,0,0,0,0,0,0.008204567,8,4.90680536,3.889732635,PMXC6,NS,CR,B,RT,REP1,T6,21,PMXC6.NS.CR.B.RT.REP1,NSCRRTB,3
PMXC6.NS.CR.B.RT.REP2.T6,0,0,0.401340079,0,0,0,0,0,0,0,0,0.097907835,0.023383017,0.088062355,0.018323533,0,0.182278135,0.18350882,0,0,0,0,0,0,0,0,0,0.005196226,8,5.041647131,4.061324286,PMXC6,NS,CR,B,RT,REP2,T6,21,PMXC6.NS.CR.B.RT.REP2,NSCRRTB,3
PMXC6.NS.CR.B.RT.REP3.T6,0,0,0.331874744,0,0,0,0,0,0,0,0,0.168877342,0.026528101,0.120333652,0.018460276,0,0.194174757,0.137973472,0,0,0,0,0,0,0,0,0,0.001777656,8,5.441186945,4.740936566,PMXC6,NS,CR,B,RT,REP3,T6,21,PMXC6.NS.CR.B.RT.REP3,NSCRRTB,3
PMXC6.NS.CR.B.VT.REP1.T6,0.011486394,0,0.02256256,0,0,0,0,0,0,0,0,0.223847942,0.046902776,0.108026802,0.073704362,0,0.491863804,0,0,0,0.01080268,0,0,0,0,0,0,0.01080268,9,4.458627724,3.202928261,PMXC6,NS,CR,B,VT,REP1,T6,21,PMXC6.NS.CR.B.VT.REP1,NSCRVTB,4
PMXC6.NS.CR.B.VT.REP2.T6,0,0,0.070012307,0,0.034869411,0,0,0,0,0.025434158,0,0.22863394,0.027758786,0.112539314,0.03582661,0,0.35033502,0.056748257,0,0,0.025434158,0,0,0,0,0.012170108,0,0.020237932,12,7.062542367,4.977186085,PMXC6,NS,CR,B,VT,REP2,T6,21,PMXC6.NS.CR.B.VT.REP2,NSCRVTB,4
PMXC6.NS.CR.B.VT.REP3.T6,0,0.011623137,0.04909066,0,0.037194038,0,0,0,0,0.022425817,0,0.219745658,0.027075072,0.111582114,0.017913305,0,0.400929851,0.043210721,0,0,0.018323533,0,0,0,0,0.011896622,0,0.028989471,13,6.590450329,4.344925278,PMXC6,NS,CR,B,VT,REP3,T6,21,PMXC6.NS.CR.B.VT.REP3,NSCRVTB,4
PMXC6.NS.CR.NB.RT.REP1.T6,0,0,0.418432928,0,0,0,0,0,0,0,0,0.076028989,0.017229591,0.081498701,0.012717079,0,0.164911801,0.226582798,0,0,0,0,0,0,0,0,0,0.002598113,8,4.661577023,3.752210617,PMXC6,NS,CR,NB,RT,REP1,T6,21,PMXC6.NS.CR.NB.RT.REP1,NSCRRTNB,2
PMXC6.NS.CR.NB.RT.REP2.T6,0,0,0.366744154,0,0,0,0,0,0,0,0,0.110624915,0.021195132,0.105702174,0,0,0.190756188,0.194174757,0,0,0,0,0,0,0,0,0,0.01080268,7,5.022087925,4.299784649,PMXC6,NS,CR,NB,RT,REP2,T6,21,PMXC6.NS.CR.NB.RT.REP2,NSCRRTNB,2
PMXC6.NS.CR.NB.RT.REP3.T6,0,0,0.383426774,0,0,0,0,0,0,0,0,0.092985095,0.020921646,0.09667715,0,0,0.20019144,0.195678928,0,0,0,0,0,0,0,0,0,0.010118966,7,4.869023524,4.099776176,PMXC6,NS,CR,NB,RT,REP3,T6,21,PMXC6.NS.CR.NB.RT.REP3,NSCRRTNB,2
PMXC6.NS.CR.NB.VT.REP1.T6,0,0,0.240120334,0,0.03828798,0,0,0,0,0,0,0.235881307,0.037467524,0.067824422,0.020374675,0,0.141255299,0.179543279,0,0,0.016272392,0,0,0,0,0,0,0.022972788,10,6.900392059,5.741707506,PMXC6,NS,CR,NB,VT,REP1,T6,21,PMXC6.NS.CR.NB.VT.REP1,NSCRVTNB,3
PMXC6.NS.CR.NB.VT.REP2.T6,0,0,0.242308218,0,0.045535348,0,0,0,0,0,0,0.148502666,0.025844387,0.116504854,0,0,0.201832353,0.187747846,0,0,0.015178449,0,0,0,0,0,0,0.016545877,9,6.558602875,5.761337739,PMXC6,NS,CR,NB,VT,REP2,T6,21,PMXC6.NS.CR.NB.VT.REP2,NSCRVTNB,3
PMXC6.NS.CR.NB.VT.REP3.T6,0,0.031450841,0.18009025,0,0.086694927,0.013537536,0.043347463,0,0,0,0,0.128674962,0.030493641,0.095856694,0.014084507,0,0.191439902,0.156297005,0,0,0.015862163,0,0,0,0,0,0,0.012170108,13,9.068970249,7.613152683,PMXC6,NS,CR,NB,VT,REP3,T6,21,PMXC6.NS.CR.NB.VT.REP3,NSCRVTNB,3
PMXC6.NS.R2A.B.RT.REP1.T6,0,0,0.177492137,0,0,0,0,0,0,0,0,0.042800492,0.149459866,0.331601258,0,0,0.281963626,0,0,0,0,0,0,0,0,0,0,0.01668262,6,4.558920678,4.074734157,PMXC6,NS,R2A,B,RT,REP1,T6,21,PMXC6.NS.R2A.B.RT.REP1,NSR2ARTB,2
PMXC6.NS.R2A.B.RT.REP2.T6,0,0.012853822,0.174483796,0,0,0,0,0,0,0,0,0.053329687,0.160672775,0.257896896,0,0,0.323259948,0,0,0,0,0,0,0,0,0,0,0.017503077,7,4.933563923,4.33681863,PMXC6,NS,R2A,B,RT,REP2,T6,21,PMXC6.NS.R2A.B.RT.REP2,NSR2ARTB,2
PMXC6.NS.R2A.B.RT.REP3.T6,0,0.013537536,0.361821414,0,0,0,0,0,0,0,0,0.04170655,0.146041296,0.189252017,0,0,0.230821824,0,0,0,0,0,0,0,0,0,0,0.016819363,7,4.766943899,4.106043865,PMXC6,NS,R2A,B,RT,REP3,T6,21,PMXC6.NS.R2A.B.RT.REP3,NSR2ARTB,2
PMXC6.NS.R2A.B.VT.REP1.T6,0.010118966,0,0.33953234,0,0.081088473,0,0.062628196,0,0,0,0,0.121427595,0.094899494,0.143032955,0.01175988,0,0.098454807,0.013811021,0,0,0,0,0,0,0,0,0,0.023246274,11,7.207999831,5.535443055,PMXC6,NS,R2A,B,VT,REP1,T6,21,PMXC6.NS.R2A.B.VT.REP1,NSR2AVTB,3
PMXC6.NS.R2A.B.VT.REP2.T6,0,0.01422125,0.423902639,0,0.096266922,0,0,0,0,0,0,0.087378641,0.071516478,0.126760563,0.018733762,0,0.141665527,0.012306851,0,0,0,0,0,0,0,0,0,0.007247368,10,5.779240349,4.191027998,PMXC6,NS,R2A,B,VT,REP2,T6,21,PMXC6.NS.R2A.B.VT.REP2,NSR2AVTB,3
PMXC6.NS.R2A.B.VT.REP3.T6,0,0.040065637,0,0,0.040475865,0,0,0,0,0,0,0.01914399,0.073157391,0.106249145,0.053192944,0,0.655681663,0,0,0,0,0,0,0,0,0,0,0.012033365,8,3.490201571,2.206805664,PMXC6,NS,R2A,B,VT,REP3,T6,21,PMXC6.NS.R2A.B.VT.REP3,NSR2AVTB,3
PMXC6.NS.R2A.NB.RT.REP1.T6,0,0.01668262,0.507452482,0,0,0,0,0,0,0,0,0.158621633,0.173800082,0.093532066,0,0,0.020921646,0.014768221,0,0,0,0,0,0,0,0,0,0.01422125,8,4.195287398,3.098278039,PMXC6,NS,R2A,NB,RT,REP1,T6,21,PMXC6.NS.R2A.NB.RT.REP1,NSR2ARTNB,1
PMXC6.NS.R2A.NB.RT.REP2.T6,0,0.017503077,0.464241761,0,0,0,0,0,0,0,0,0.167920142,0.193627786,0.092711609,0,0,0.029536442,0.015588678,0,0,0,0,0,0,0,0,0,0.018870505,8,4.521611691,3.429559796,PMXC6,NS,R2A,NB,RT,REP2,T6,21,PMXC6.NS.R2A.NB.RT.REP2,NSR2ARTNB,1
PMXC6.NS.R2A.NB.RT.REP3.T6,0,0.018460276,0.493914946,0,0.01668262,0,0,0,0,0,0,0.157254205,0.172432654,0.096130179,0,0,0.020237932,0.016272392,0,0,0,0,0,0,0,0,0,0.008614796,9,4.465716562,3.236009681,PMXC6,NS,R2A,NB,RT,REP3,T6,21,PMXC6.NS.R2A.NB.RT.REP3,NSR2ARTNB,1
PMXC6.NS.R2A.NB.VT.REP1.T6,0,0.02010119,0.452208396,0,0,0,0,0,0,0,0,0.142349241,0.117872282,0.037194038,0,0,0.206344865,0.012033365,0,0,0,0,0,0,0,0,0,0.011896622,8,4.576520503,3.529807053,PMXC6,NS,R2A,NB,VT,REP1,T6,21,PMXC6.NS.R2A.NB.VT.REP1,NSR2AVTNB,2
PMXC6.NS.R2A.NB.VT.REP2.T6,0,0.013400793,0.438944346,0,0,0,0,0,0,0,0,0.156570491,0.142896212,0.014631478,0,0,0.211130863,0.013127308,0,0,0,0,0,0,0,0,0,0.00929851,8,4.384659004,3.535636867,PMXC6,NS,R2A,NB,VT,REP2,T6,21,PMXC6.NS.R2A.NB.VT.REP2,NSR2AVTNB,2
PMXC6.NS.R2A.NB.VT.REP3.T6,0,0,0.404621906,0,0,0,0,0,0,0,0,0.078080131,0.193901272,0.012443594,0.027622043,0,0.264734035,0,0,0,0,0,0,0,0,0,0,0.018597019,7,4.31869498,3.587303982,PMXC6,NS,R2A,NB,VT,REP3,T6,21,PMXC6.NS.R2A.NB.VT.REP3,NSR2AVTNB,2
PMXC6.S.CR.B.RT.REP2.T6,0,0,0,0,0,0,0,0,0,0,0,0.053739915,0.038424723,0.102967318,0.426090524,0,0.050458088,0,0,0,0.015315192,0,0,0,0,0.295911391,0,0.017092848,8,4.592862623,3.482426078,PMXC6,S,CR,B,RT,REP2,T6,21,PMXC6.S.CR.B.RT.REP2,SCRRTB,2
PMXC6.S.CR.B.RT.REP3.T6,0,0,0,0,0,0,0,0,0,0,0,0.203473267,0.044031177,0.07849036,0.186790647,0,0.190619445,0,0,0,0.014631478,0,0,0,0,0.25762341,0,0.024340216,8,6.002708656,5.321874479,PMXC6,S,CR,B,RT,REP3,T6,21,PMXC6.S.CR.B.RT.REP3,SCRRTB,2
PMXC6.S.CR.B.VT.REP1.T6,0.04662929,0,0.016819363,0.035963353,0.022015589,0,0.052919458,0,0,0,0,0.142485984,0.019827704,0.146998496,0.107206345,0.023519759,0.313687953,0,0,0,0.014084507,0,0,0,0,0.015451935,0,0.042390264,14,8.651455233,6.172068672,PMXC6,S,CR,B,VT,REP1,T6,21,PMXC6.S.CR.B.VT.REP1,SCRVTB,3
PMXC6.S.CR.B.VT.REP2.T6,0.048543689,0,0,0.013537536,0,0,0.047859975,0,0,0,0,0.06331191,0.024887187,0.110488172,0.281279912,0,0.317106523,0,0,0,0,0,0,0,0,0.031040613,0.022015589,0.039928894,11,6.699100871,4.892770141,PMXC6,S,CR,B,VT,REP2,T6,21,PMXC6.S.CR.B.VT.REP2,SCRVTB,3
PMXC6.S.CR.B.VT.REP3.T6,0.045535348,0,0,0.013947764,0,0,0.022972788,0,0,0,0,0.051962259,0,0.207028579,0.212635034,0,0.363872556,0,0,0,0,0,0,0,0,0,0.037194038,0.044851634,9,5.614664357,4.35979418,PMXC6,S,CR,B,VT,REP3,T6,21,PMXC6.S.CR.B.VT.REP3,SCRVTB,3
PMXC6.S.CR.NB.RT.REP3.T6,0,0,0.025160673,0,0,0,0.012170108,0,0,0,0,0.473266785,0.080131273,0.12416245,0.047176261,0,0.156570491,0.01572542,0,0,0.029536442,0,0,0,0,0.025981129,0,0.010118966,11,5.510645319,3.633232754,PMXC6,S,CR,NB,RT,REP3,T6,21,PMXC6.S.CR.NB.RT.REP3,SCRRTNB,1
PMXC6.S.CR.NB.VT.REP1.T6,0,0,0.031861069,0,0.016819363,0,0.021742103,0,0,0,0,0.262135922,0.038971694,0.192807329,0.130179133,0.019554219,0.19677287,0.019417476,0,0,0.026391358,0,0,0.011623137,0,0,0.01080268,0.020921646,14,7.947552387,5.988345674,PMXC6,S,CR,NB,VT,REP1,T6,21,PMXC6.S.CR.NB.VT.REP1,SCRVTNB,2
PMXC6.S.CR.NB.VT.REP2.T6,0,0,0.030083413,0.016819363,0.024340216,0,0.034048954,0,0,0,0,0.212088062,0.033638726,0.217147545,0.104471489,0.013811021,0.210447149,0.028715985,0,0,0.039792151,0,0,0.017229591,0,0,0,0.017366334,14,8.567556282,6.46808955,PMXC6,S,CR,NB,VT,REP2,T6,21,PMXC6.S.CR.NB.VT.REP2,SCRVTNB,2
PMXC6.S.CR.NB.VT.REP3.T6,0,0,0.054286886,0.011896622,0.033775468,0,0.044578149,0,0,0,0,0.221249829,0.033912211,0.201832353,0.067961165,0.023929988,0.192807329,0.039108437,0,0,0.035279639,0,0,0.012443594,0,0,0.011349651,0.015588678,15,9.392838531,7.006666032,PMXC6,S,CR,NB,VT,REP3,T6,21,PMXC6.S.CR.NB.VT.REP3,SCRVTNB,2
PMXC6.S.R2A.B.RT.REP1.T6,0,0,0.013674279,0,0.096266922,0.028715985,0.145904554,0,0,0.010665937,0,0,0.065089567,0.211541091,0.081225215,0,0.333515657,0,0,0,0,0,0,0,0,0,0,0.013400793,10,6.357188508,5.033297522,PMXC6,S,R2A,B,RT,REP1,T6,21,PMXC6.S.R2A.B.RT.REP1,SR2ARTB,1
PMXC6.S.R2A.B.RT.REP2.T6,0,0,0,0,0.037194038,0,0.306030357,0,0,0.014084507,0,0,0.028305757,0.067414194,0.073567619,0,0.456857651,0,0,0,0,0,0,0,0,0,0,0.016545877,8,4.243023533,3.174733064,PMXC6,S,R2A,B,RT,REP2,T6,21,PMXC6.S.R2A.B.RT.REP2,SR2ARTB,1
PMXC6.S.R2A.B.RT.REP3.T6,0,0,0.015588678,0,0.101873376,0.020648161,0.201148639,0,0,0.017229591,0,0,0.040065637,0.096130179,0.087241898,0,0.41460413,0,0,0,0,0,0,0,0,0,0,0.005469711,10,5.643890552,4.129005159,PMXC6,S,R2A,B,RT,REP3,T6,21,PMXC6.S.R2A.B.RT.REP3,SR2ARTB,1
PMXC6.S.R2A.B.VT.REP1.T6,0,0,0,0,0.013127308,0,0.036373581,0,0,0,0,0,0,0,0.102420347,0,0.831669629,0,0,0,0,0,0,0,0,0,0,0.016409134,5,1.880496758,1.420597971,PMXC6,S,R2A,B,VT,REP1,T6,21,PMXC6.S.R2A.B.VT.REP1,SR2AVTB,2
PMXC6.S.R2A.B.VT.REP2.T6,0,0,0,0,0,0,0.012306851,0,0,0,0,0,0,0,0.107616573,0,0.861479557,0,0,0,0,0,0,0,0,0,0,0.018597019,4,1.643079014,1.325863135,PMXC6,S,R2A,B,VT,REP2,T6,21,PMXC6.S.R2A.B.VT.REP2,SR2AVTB,2
PMXC6.S.R2A.B.VT.REP3.T6,0,0,0,0,0.041843293,0,0.029262956,0,0,0,0,0,0,0,0.061260768,0,0.851360591,0,0,0,0,0,0,0,0,0,0,0.016272392,5,1.842707702,1.367166681,PMXC6,S,R2A,B,VT,REP3,T6,21,PMXC6.S.R2A.B.VT.REP3,SR2AVTB,2
PMXC6.S.R2A.NB.RT.REP1.T6,0,0,0.018733762,0,0,0,0,0,0,0,0,0,0.229317653,0.015451935,0.058252427,0,0.667851771,0,0,0,0,0,0,0,0,0,0,0.010392452,6,2.609932407,1.989243609,PMXC6,S,R2A,NB,RT,REP1,T6,21,PMXC6.S.R2A.NB.RT.REP1,SR2ARTNB,0
PMXC6.S.R2A.NB.RT.REP2.T6,0,0,0.345549022,0,0,0,0,0,0,0,0,0.016545877,0.202926296,0.026664843,0.044304663,0,0.344728566,0,0,0,0,0,0,0,0,0,0,0.019280733,7,4.206779047,3.536813,PMXC6,S,R2A,NB,RT,REP2,T6,21,PMXC6.S.R2A.NB.RT.REP2,SR2ARTNB,0
PMXC6.S.R2A.NB.RT.REP3.T6,0,0,0.321482292,0,0,0,0,0,0,0,0,0.019690961,0.246273759,0.047449747,0.052099002,0,0.293996992,0,0,0,0,0,0,0,0,0,0,0.019007247,7,4.577079118,3.903952564,PMXC6,S,R2A,NB,RT,REP3,T6,21,PMXC6.S.R2A.NB.RT.REP3,SR2ARTNB,0
PMXC6.S.R2A.NB.VT.REP1.T6,0,0,0,0,0.072063449,0,0,0,0,0,0,0.010118966,0.133324217,0.030767127,0.249965814,0,0.490086148,0,0,0,0,0,0,0,0,0,0,0.013674279,7,3.921783439,3.05930315,PMXC6,S,R2A,NB,VT,REP1,T6,21,PMXC6.S.R2A.NB.VT.REP1,SR2AVTNB,1
PMXC6.S.R2A.NB.VT.REP2.T6,0,0,0.072063449,0,0.055380829,0,0,0,0,0,0,0.014768221,0.188294817,0.033091754,0.154792835,0,0.474360727,0,0,0,0,0,0,0,0,0,0,0.007247368,8,4.56085141,3.400669706,PMXC6,S,R2A,NB,VT,REP2,T6,21,PMXC6.S.R2A.NB.VT.REP2,SR2AVTNB,1
PMXC6.S.R2A.NB.VT.REP3.T6,0,0,0,0,0.011212909,0,0,0,0,0,0,0,0.014084507,0,0.107206345,0,0.849172706,0,0,0,0,0,0,0,0,0,0,0.018323533,5,1.754007125,1.363796288,PMXC6,S,R2A,NB,VT,REP3,T6,21,PMXC6.S.R2A.NB.VT.REP3,SR2AVTNB,1
PMXC7.NS.CR.B.RT.REP1.T7,0,0,0.311529623,0,0,0,0,0,0,0,0,0.133008239,0.031556527,0.156381369,0,0,0.180371055,0.171907404,0,0,0,0,0,0,0,0,0,0.015245782,7,5.508370077,4.937999669,PMXC7,NS,CR,B,RT,REP1,T7,24,PMXC7.NS.CR.B.RT.REP1,NSCRRTB,3
PMXC7.NS.CR.B.RT.REP2.T7,0,0,0.363488594,0,0,0,0,0,0,0,0,0.105823665,0.015582086,0.118883471,0,0,0.182108626,0.207947985,0,0,0,0,0,0,0,0,0,0.006165574,7,4.911910649,4.270901265,PMXC7,NS,CR,B,RT,REP2,T7,24,PMXC7.NS.CR.B.RT.REP2,NSCRRTB,3
PMXC7.NS.CR.B.RT.REP3.T7,0,0,0.320217477,0,0,0,0,0,0,0,0,0.108962502,0.018833025,0.152625974,0,0,0.182725184,0.204921249,0,0,0,0,0,0,0,0,0,0.01171459,7,5.235237217,4.682089134,PMXC7,NS,CR,B,RT,REP3,T7,24,PMXC7.NS.CR.B.RT.REP3,NSCRRTB,3
PMXC7.NS.CR.B.VT.REP1.T7,0,0,0,0,0,0,0,0,0,0,0,0.239224259,0.025166751,0.119612129,0,0,0.56403789,0.041701698,0,0,0,0,0,0,0,0,0,0.010257273,6,3.291356986,2.550033846,PMXC7,NS,CR,B,VT,REP1,T7,24,PMXC7.NS.CR.B.VT.REP1,NSCRVTB,4
PMXC7.NS.CR.B.VT.REP2.T7,0,0,0,0,0,0,0,0,0,0,0,0.199428283,0.022196065,0.115296228,0.011322235,0,0.592007174,0.048203576,0,0,0,0,0,0,0,0,0,0.011546438,7,3.366570318,2.459328134,PMXC7,NS,CR,B,VT,REP2,T7,24,PMXC7.NS.CR.B.VT.REP2,NSCRVTB,4
PMXC7.NS.CR.B.VT.REP3.T7,0,0,0.126786615,0,0,0,0,0,0,0,0,0.200605347,0.025783308,0.12465669,0,0,0.378902528,0.123535676,0,0,0.013956617,0,0,0,0,0,0,0.005773219,8,5.224775191,4.318204583,PMXC7,NS,CR,B,VT,REP3,T7,24,PMXC7.NS.CR.B.VT.REP3,NSCRVTB,4
PMXC7.NS.CR.NB.RT.REP1.T7,0,0,0.365450367,0,0,0,0,0,0,0,0,0.112437644,0.024886497,0.097360013,0,0,0.179866599,0.212600191,0,0,0,0,0,0,0,0,0,0.007398688,7,4.984515607,4.275329881,PMXC7,NS,CR,NB,RT,REP1,T7,24,PMXC7.NS.CR.NB.RT.REP1,NSCRRTNB,2
PMXC7.NS.CR.NB.RT.REP2.T7,0,0,0.389776358,0,0,0,0,0,0,0,0,0.107224931,0.016815201,0.096295051,0,0,0.159239953,0.22173645,0,0,0,0,0,0,0,0,0,0.008912056,7,4.803556119,4.039063833,PMXC7,NS,CR,NB,RT,REP2,T7,24,PMXC7.NS.CR.NB.RT.REP2,NSCRRTNB,2
PMXC7.NS.CR.NB.RT.REP3.T7,0,0,0.425200381,0,0,0,0,0,0,0,0,0.102628776,0.017487809,0.08368365,0,0,0.108065691,0.253292977,0,0,0,0,0,0,0,0,0,0.009640715,7,4.520644159,3.642121157,PMXC7,NS,CR,NB,RT,REP3,T7,24,PMXC7.NS.CR.NB.RT.REP3,NSCRRTNB,2
PMXC7.NS.CR.NB.VT.REP1.T7,0,0,0.191413037,0,0,0,0,0,0,0,0,0.316910487,0.043046914,0.165461577,0,0,0.151785214,0.108738299,0,0,0.019001177,0,0,0,0,0,0,0.003643294,8,5.679726058,4.96182212,PMXC7,NS,CR,NB,VT,REP1,T7,24,PMXC7.NS.CR.NB.VT.REP1,NSCRVTNB,3
PMXC7.NS.CR.NB.VT.REP2.T7,0,0,0.094277227,0,0,0,0,0,0,0,0,0.238887955,0.05689143,0.153859089,0.023092876,0,0.329465837,0.071576705,0,0,0.031948882,0,0,0,0,0,0,0,8,5.855139974,4.805615754,PMXC7,NS,CR,NB,VT,REP2,T7,24,PMXC7.NS.CR.NB.VT.REP2,NSCRVTNB,3
PMXC7.NS.CR.NB.VT.REP3.T7,0,0,0.095566392,0,0,0,0,0,0,0,0,0.225323693,0.056555126,0.153410683,0,0,0.340339667,0.089625021,0,0,0.03598453,0,0,0,0,0,0,0.003194888,8,5.64750731,4.721304939,PMXC7,NS,CR,NB,VT,REP3,T7,24,PMXC7.NS.CR.NB.VT.REP3,NSCRVTNB,3
PMXC7.NS.M9.B.RT.REP1.T7,0,0,0.55226725,0,0,0,0,0,0,0,0,0.429852587,0.013003755,0,0,0,0,0,0,0,0,0,0,0,0,0,0,0.004876408,4,2.166800869,2.040961117,PMXC7,NS,M9,B,RT,REP1,T7,24,PMXC7.NS.M9.B.RT.REP1,NSM9RTB,2
PMXC7.NS.M9.B.RT.REP2.T7,0,0,0.523513256,0,0,0,0,0,0,0,0,0.454346729,0.015133681,0,0,0,0,0,0,0,0,0,0,0,0,0,0,0.007006334,4,2.215385677,2.079974189,PMXC7,NS,M9,B,RT,REP2,T7,24,PMXC7.NS.M9.B.RT.REP2,NSM9RTB,2
PMXC7.NS.M9.B.RT.REP3.T7,0,0,0.585000841,0,0,0,0,0,0,0,0,0.404910039,0,0,0,0,0,0,0,0,0,0,0,0,0,0,0,0.010089121,3,2.066985741,1.975191931,PMXC7,NS,M9,B,RT,REP3,T7,24,PMXC7.NS.M9.B.RT.REP3,NSM9RTB,2
PMXC7.NS.M9.B.VT.REP1.T7,0,0,0.687909871,0,0,0,0,0,0,0,0,0.249201278,0.036152682,0,0.013956617,0,0,0,0,0,0,0,0,0,0,0,0,0.012779553,5,2.313990994,1.862244599,PMXC7,NS,M9,B,VT,REP1,T7,24,PMXC7.NS.M9.B.VT.REP1,NSM9VTB,3
PMXC7.NS.M9.B.VT.REP2.T7,0,0,0.773499243,0,0,0,0,0,0,0,0,0.19410347,0.022924724,0,0,0,0,0,0,0,0,0,0,0,0,0,0,0.009472563,4,1.910860619,1.5708636,PMXC7,NS,M9,B,VT,REP2,T7,24,PMXC7.NS.M9.B.VT.REP2,NSM9VTB,3
PMXC7.NS.M9.B.VT.REP3.T7,0,0,0.64351774,0,0,0,0,0,0,0,0,0.281934869,0.057171683,0,0,0,0.010313323,0,0,0,0,0,0,0,0,0,0,0.007062384,5,2.426336198,2.011962342,PMXC7,NS,M9,B,VT,REP3,T7,24,PMXC7.NS.M9.B.VT.REP3,NSM9VTB,3
PMXC7.NS.M9.NB.RT.REP1.T7,0,0,0.560282495,0,0,0,0,0,0,0,0,0.405975001,0.022756572,0,0,0,0,0,0,0,0,0,0,0,0,0,0,0.010985931,4,2.284612095,2.086068131,PMXC7,NS,M9,NB,RT,REP1,T7,24,PMXC7.NS.M9.NB.RT.REP1,NSM9RTNB,1
PMXC7.NS.M9.NB.RT.REP2.T7,0,0,0.593912897,0,0,0,0,0,0,0,0,0.390505017,0.011826691,0,0,0,0,0,0,0,0,0,0,0,0,0,0,0.003755395,4,2.117193759,1.978706463,PMXC7,NS,M9,NB,RT,REP2,T7,24,PMXC7.NS.M9.NB.RT.REP2,NSM9RTNB,1
PMXC7.NS.M9.NB.RT.REP3.T7,0,0,0.598396951,0,0,0,0,0,0,0,0,0.365394316,0.027913234,0,0,0,0,0,0,0,0,0,0,0,0,0,0,0.008295499,4,2.258707229,2.030704738,PMXC7,NS,M9,NB,RT,REP3,T7,24,PMXC7.NS.M9.NB.RT.REP3,NSM9RTNB,1
PMXC7.NS.M9.NB.VT.REP1.T7,0,0,0.575808531,0,0,0,0,0,0,0,0,0.265343871,0.058124545,0,0.019057228,0,0.063449358,0,0,0,0,0,0.01591839,0,0,0,0,0.002298077,7,3.207693517,2.439089996,PMXC7,NS,M9,NB,VT,REP1,T7,24,PMXC7.NS.M9.NB.VT.REP1,NSM9VTNB,2
PMXC7.NS.M9.NB.VT.REP2.T7,0,0,0.643405639,0,0,0,0,0,0,0,0,0.203968387,0.087551146,0,0,0,0.0418138,0,0,0,0,0,0.018496721,0,0,0,0,0.004764307,6,2.866943334,2.148909346,PMXC7,NS,M9,NB,VT,REP2,T7,24,PMXC7.NS.M9.NB.VT.REP2,NSM9VTNB,2
PMXC7.NS.M9.NB.VT.REP3.T7,0,0,0.57821871,0,0,0,0,0,0,0,0,0.353455524,0.057620089,0,0,0,0,0,0,0,0,0,0,0,0,0,0,0.010705678,4,2.453107055,2.161216509,PMXC7,NS,M9,NB,VT,REP3,T7,24,PMXC7.NS.M9.NB.VT.REP3,NSM9VTNB,2
PMXC7.S.CR.B.RT.REP1.T7,0,0,0.029650804,0,0.049997197,0.018720924,0.06524298,0,0,0,0,0.072025111,0.016142593,0.131494871,0.061599686,0,0.355865703,0,0,0,0.030491564,0,0,0,0,0.16232274,0,0.006445827,12,7.410982007,5.305603109,PMXC7,S,CR,B,RT,REP1,T7,24,PMXC7.S.CR.B.RT.REP1,SCRRTB,2
PMXC7.S.CR.B.RT.REP2.T7,0,0,0.016198644,0,0.023092876,0.019505633,0.084860714,0,0,0,0,0.097696317,0.021243204,0.128187882,0.077518076,0,0.472731349,0,0,0,0.026624068,0,0,0,0,0.026063561,0,0.006277675,12,5.978431518,3.763402349,PMXC7,S,CR,B,RT,REP2,T7,24,PMXC7.S.CR.B.RT.REP2,SCRRTB,2
PMXC7.S.CR.B.RT.REP3.T7,0,0,0.013508211,0,0.026904322,0.015357884,0.089176616,0,0,0,0,0.090465781,0.016534948,0.154251443,0.039795976,0,0.515946416,0,0,0,0.021467407,0,0,0,0,0.011490387,0,0.005100611,12,5.150337722,3.228421102,PMXC7,S,CR,B,RT,REP3,T7,24,PMXC7.S.CR.B.RT.REP3,SCRRTB,2
PMXC7.S.CR.B.VT.REP1.T7,0,0,0,0,0.059974217,0.01922538,0,0,0,0,0,0.055546214,0.01423687,0.079648002,0.021131103,0,0.67030996,0,0,0,0.014573174,0,0,0,0,0.034471162,0,0.030883919,10,3.676961619,2.147236812,PMXC7,S,CR,B,VT,REP1,T7,24,PMXC7.S.CR.B.VT.REP1,SCRVTB,3
PMXC7.S.CR.B.VT.REP2.T7,0,0,0.014292921,0,0.081946079,0.022812623,0.017039404,0,0,0,0,0.080881117,0.023036825,0.217476599,0,0,0.417129085,0,0,0,0,0,0,0,0,0.090633933,0,0.034751415,10,5.711508628,4.073028258,PMXC7,S,CR,B,VT,REP2,T7,24,PMXC7.S.CR.B.VT.REP2,SCRVTB,3
PMXC7.S.CR.B.VT.REP3.T7,0,0,0.012947705,0,0.085309119,0.014909478,0.02426994,0,0,0,0,0.085309119,0.013844515,0.16820806,0.032341236,0,0.500924836,0,0,0,0,0,0,0,0,0.032509388,0,0.029426602,11,5.263013906,3.356669892,PMXC7,S,CR,B,VT,REP3,T7,24,PMXC7.S.CR.B.VT.REP3,SCRVTB,3
PMXC7.S.CR.NB.RT.REP1.T7,0,0,0.098144723,0,0,0,0.254806345,0,0,0,0,0.139846421,0.041421445,0.159632308,0,0,0.203127627,0.030659716,0,0,0.05436915,0,0,0,0,0,0,0.017992265,9,6.940192732,5.995402658,PMXC7,S,CR,NB,RT,REP1,T7,24,PMXC7.S.CR.NB.RT.REP1,SCRRTNB,1
PMXC7.S.CR.NB.RT.REP2.T7,0,0,0.058236646,0,0,0,0.228014125,0,0,0,0,0.154924051,0.045793397,0.184799058,0,0,0.219942828,0.018608822,0,0,0.073314276,0,0,0,0,0,0,0.016366796,9,6.759219812,5.882521528,PMXC7,S,CR,NB,RT,REP2,T7,24,PMXC7.S.CR.NB.RT.REP2,SCRRTNB,1
PMXC7.S.CR.NB.RT.REP3.T7,0,0,0.062664649,0,0,0,0.212880444,0,0,0,0,0.138557256,0.04439213,0.179586346,0,0,0.266016479,0.013844515,0,0,0.066363993,0,0,0,0,0,0,0.015694188,9,6.554360031,5.609409111,PMXC7,S,CR,NB,RT,REP3,T7,24,PMXC7.S.CR.NB.RT.REP3,SCRRTNB,1
PMXC7.S.CR.NB.VT.REP1.T7,0,0,0.156549521,0,0.134633709,0,0.046073651,0,0,0,0,0.194720027,0.050501653,0.157053977,0,0,0.134073202,0.041141192,0,0,0.075107898,0,0,0,0,0,0,0.010145171,10,8.197826924,7.39090823,PMXC7,S,CR,NB,VT,REP1,T7,24,PMXC7.S.CR.NB.VT.REP1,SCRVTNB,2
PMXC7.S.CR.NB.VT.REP2.T7,0,0,0.103301384,0,0.064178017,0,0.130654111,0,0,0,0,0.210806569,0.056386974,0.20419259,0,0,0.107617286,0.030435514,0,0,0.08452441,0,0,0,0,0,0,0.007903144,10,8.041796582,7.097804272,PMXC7,S,CR,NB,VT,REP2,T7,24,PMXC7.S.CR.NB.VT.REP2,SCRVTNB,2
PMXC7.S.CR.NB.VT.REP3.T7,0,0,0.075500252,0,0.047250715,0,0.155596659,0,0,0,0,0.183005437,0.043831624,0.235861219,0,0,0.150776302,0.031668628,0,0,0.067204753,0,0,0,0,0,0,0.009304411,10,7.666894722,6.599553596,PMXC7,S,CR,NB,VT,REP3,T7,24,PMXC7.S.CR.NB.VT.REP3,SCRVTNB,2
PMXC7.S.M9.B.RT.REP1.T7,0,0,0.672720139,0,0,0,0,0,0,0,0,0.296339891,0.011882742,0,0,0,0,0,0,0,0,0,0.013227958,0,0,0,0,0.00582927,5,2.153266712,1.84938643,PMXC7,S,M9,B,RT,REP1,T7,24,PMXC7.S.M9.B.RT.REP1,SM9RTB,1
PMXC7.S.M9.B.RT.REP2.T7,0,0,0.665153299,0,0,0,0,0,0,0,0,0.308839191,0,0,0,0,0,0,0,0,0,0,0.013620313,0,0,0,0,0.012387198,4,2.110622138,1.858219654,PMXC7,S,M9,B,RT,REP2,T7,24,PMXC7.S.M9.B.RT.REP2,SM9RTB,1
PMXC7.S.M9.B.RT.REP3.T7,0,0,0.638921585,0,0,0,0,0,0,0,0,0.330698952,0.013059806,0,0,0,0,0,0,0,0,0,0.013620313,0,0,0,0,0.003699344,5,2.199082976,1.930679548,PMXC7,S,M9,B,RT,REP3,T7,24,PMXC7.S.M9.B.RT.REP3,SM9RTB,1
PMXC7.S.M9.B.VT.REP1.T7,0,0,0.691665265,0,0,0,0,0,0,0,0,0.282103021,0,0,0,0,0.016086542,0,0,0,0,0,0,0,0,0,0,0.010145171,4,2.064708235,1.791008458,PMXC7,S,M9,B,VT,REP1,T7,24,PMXC7.S.M9.B.VT.REP1,SM9VTB,2
PMXC7.S.M9.B.VT.REP2.T7,0,0,0.734992433,0,0,0,0,0,0,0,0,0.238271397,0.016310745,0,0,0,0,0,0,0,0,0,0,0,0,0,0,0.010425425,4,1.979361526,1.674027182,PMXC7,S,M9,B,VT,REP2,T7,24,PMXC7.S.M9.B.VT.REP2,SM9VTB,2
PMXC7.S.M9.B.VT.REP3.T7,0,0,0.563421333,0,0,0,0,0,0,0,0,0.421501037,0,0,0,0,0,0,0,0,0,0,0,0,0,0,0,0.01507763,3,2.118361237,2.018839579,PMXC7,S,M9,B,VT,REP3,T7,24,PMXC7.S.M9.B.VT.REP3,SM9VTB,2
PMXC7.S.M9.NB.RT.REP1.T7,0,0,0,0.010985931,0,0,0,0,0,0,0,0.929880612,0.021859761,0,0,0,0.012219046,0.024438092,0,0,0,0,0,0,0,0,0,0.000616557,6,1.418807358,1.154703213,PMXC7,S,M9,NB,RT,REP1,T7,24,PMXC7.S.M9.NB.RT.REP1,SM9RTNB,0
PMXC7.S.M9.NB.RT.REP2.T7,0,0,0,0.015806289,0,0,0,0,0,0,0,0.923771089,0.023541281,0,0,0,0,0.028025335,0,0,0,0,0,0,0,0,0,0.008856006,5,1.446428082,1.169562049,PMXC7,S,M9,NB,RT,REP2,T7,24,PMXC7.S.M9.NB.RT.REP2,SM9RTNB,0
PMXC7.S.M9.NB.RT.REP3.T7,0,0,0.730452329,0,0,0,0,0,0,0,0,0.229135138,0.02258842,0,0,0,0.015413934,0,0,0,0,0,0,0,0,0,0,0.002410179,5,2.078209556,1.704108337,PMXC7,S,M9,NB,RT,REP3,T7,24,PMXC7.S.M9.NB.RT.REP3,SM9RTNB,0
PMXC7.S.M9.NB.VT.REP1.T7,0,0,0.704893223,0,0,0,0,0,0,0,0,0.227173365,0.040916989,0,0,0,0.020178241,0,0,0,0,0,0,0,0,0,0,0.006838182,5,2.286028021,1.81616648,PMXC7,S,M9,NB,VT,REP1,T7,24,PMXC7.S.M9.NB.VT.REP1,SM9VTNB,1
PMXC7.S.M9.NB.VT.REP2.T7,0,0,0.683201614,0,0,0,0,0,0,0,0,0.258337537,0.035760327,0,0,0,0.015526036,0,0,0,0,0,0,0,0,0,0,0.007174486,5,2.291345568,1.868900164,PMXC7,S,M9,NB,VT,REP2,T7,24,PMXC7.S.M9.NB.VT.REP2,SM9VTNB,1
PMXC7.S.M9.NB.VT.REP3.T7,0,0,0,0,0,0,0,0,0,0,0,0.787175607,0,0,0,0,0.164564767,0.031444426,0,0,0,0,0,0,0,0,0,0.016815201,4,1.940225797,1.543213446,PMXC7,S,M9,NB,VT,REP3,T7,24,PMXC7.S.M9.NB.VT.REP3,SM9VTNB,1
PMXC6.NS.CR.B.RT.REP1.T7,0,0,0.348420621,0,0,0,0,0,0,0,0,0.157390948,0.024476959,0.091891153,0.013674279,0,0.228497197,0.133597703,0,0,0,0,0,0,0,0,0,0.002051142,8,5.187064884,4.435328306,PMXC6,NS,CR,B,RT,REP1,T7,24,PMXC6.NS.CR.B.RT.REP1,NSCRRTB,3
PMXC6.NS.CR.B.RT.REP2.T7,0,0,0.382059346,0,0,0,0,0,0,0,0,0.13099959,0.020648161,0.092711609,0.014357993,0,0.220566115,0.138110215,0,0,0,0,0,0,0,0,0,0.000546971,8,4.984512949,4.165238,PMXC6,NS,CR,B,RT,REP2,T7,24,PMXC6.NS.CR.B.RT.REP2,NSCRRTB,3
PMXC6.NS.CR.B.RT.REP3.T7,0,0,0.447559141,0,0,0,0,0,0,0,0,0.118009025,0.016956106,0.099685492,0.010392452,0,0.146451525,0.159578832,0,0,0,0,0,0,0,0,0,0.001367428,8,4.672338951,3.683467181,PMXC6,NS,CR,B,RT,REP3,T7,24,PMXC6.NS.CR.B.RT.REP3,NSCRRTB,3
PMXC6.NS.CR.B.VT.REP1.T7,0,0,0.097771093,0,0,0,0,0,0,0,0,0.210720634,0.023656502,0.141665527,0.025434158,0,0.438397375,0.031314098,0,0,0,0,0,0,0,0,0,0.031040613,8,4.913798324,3.712305655,PMXC6,NS,CR,B,VT,REP1,T7,24,PMXC6.NS.CR.B.VT.REP1,NSCRVTB,4
PMXC6.NS.CR.B.VT.REP2.T7,0,0.01080268,0.111308628,0,0.045808834,0,0,0,0,0.034048954,0,0.171612197,0.023246274,0.134965131,0.031040613,0,0.337617941,0.056474771,0,0,0.010255709,0,0,0,0,0,0,0.032818269,12,7.43070175,5.455780759,PMXC6,NS,CR,B,VT,REP2,T7,24,PMXC6.NS.CR.B.VT.REP2,NSCRVTB,4
PMXC6.NS.CR.B.VT.REP3.T7,0,0.031724327,0.161766717,0,0.061260768,0.013400793,0.013811021,0,0,0.016272392,0,0.121564337,0.014494735,0.135101873,0.0274853,0,0.297005333,0.086011213,0,0,0,0,0,0,0,0,0,0.02010119,13,8.133944522,6.189152913,PMXC6,NS,CR,B,VT,REP3,T7,24,PMXC6.NS.CR.B.VT.REP3,NSCRVTB,4
PMXC6.NS.CR.NB.RT.REP1.T7,0,0,0.335430056,0,0,0,0,0,0,0,0,0.124709422,0.025297416,0.106249145,0.015862163,0,0.214275947,0.175304253,0,0,0,0,0,0,0,0,0,0.002871599,8,5.339437006,4.610414888,PMXC6,NS,CR,NB,RT,REP1,T7,24,PMXC6.NS.CR.NB.RT.REP1,NSCRRTNB,2
PMXC6.NS.CR.NB.RT.REP2.T7,0,0,0.32038835,0,0,0,0,0,0,0,0,0.132777246,0.025981129,0.138520443,0.01175988,0,0.238889649,0.129768905,0,0,0,0,0,0,0,0,0,0.001914399,8,5.326374533,4.668716812,PMXC6,NS,CR,NB,RT,REP2,T7,24,PMXC6.NS.CR.NB.RT.REP2,NSCRRTNB,2
PMXC6.NS.CR.NB.RT.REP3.T7,0,0,0.33119103,0,0,0,0,0,0,0,0,0.146451525,0.030356899,0.119923424,0.012443594,0,0.214549433,0.143443183,0,0,0,0,0,0,0,0,0,0.001640913,8,5.374406124,4.690351053,PMXC6,NS,CR,NB,RT,REP3,T7,24,PMXC6.NS.CR.NB.RT.REP3,NSCRRTNB,2
PMXC6.NS.CR.NB.VT.REP1.T7,0,0.011212909,0.259537809,0,0.097771093,0,0.013811021,0,0,0,0,0.103377547,0.017092848,0.08095173,0.013537536,0,0.195678928,0.189662245,0,0,0,0,0,0,0,0,0,0.017366334,11,7.083147233,5.89919464,PMXC6,NS,CR,NB,VT,REP1,T7,24,PMXC6.NS.CR.NB.VT.REP1,NSCRVTNB,3
PMXC6.NS.CR.NB.VT.REP2.T7,0,0.012033365,0.229591139,0,0.121564337,0,0,0,0,0,0,0.100232463,0.014768221,0.10255709,0,0,0.191986873,0.201422125,0,0,0,0,0,0,0,0,0,0.025844387,9,6.737132653,6.005459604,PMXC6,NS,CR,NB,VT,REP2,T7,24,PMXC6.NS.CR.NB.VT.REP2,NSCRVTNB,3
PMXC6.NS.CR.NB.VT.REP3.T7,0,0.037604266,0.149049638,0,0.088199097,0.017229591,0.036236839,0,0,0,0,0.144126897,0.025160673,0.102010119,0.016956106,0,0.183919048,0.169014085,0,0,0.013674279,0,0,0,0,0,0,0.016819363,13,9.249358211,7.813722529,PMXC6,NS,CR,NB,VT,REP3,T7,24,PMXC6.NS.CR.NB.VT.REP3,NSCRVTNB,3
PMXC6.NS.R2A.B.RT.REP1.T7,0,0.01422125,0.409407904,0,0.011076166,0,0,0,0,0,0,0.120333652,0.14426364,0.226172569,0,0,0.06180774,0,0,0,0,0,0,0,0,0,0,0.012717079,8,4.825202218,3.87044993,PMXC6,NS,R2A,B,RT,REP1,T7,24,PMXC6.NS.R2A.B.RT.REP1,NSR2ARTB,2
PMXC6.NS.R2A.B.RT.REP2.T7,0,0.012306851,0.448242855,0,0.010529195,0,0,0,0,0,0,0.121974566,0.13592233,0.181731164,0,0,0.074524819,0,0,0,0,0,0,0,0,0,0,0.014768221,8,4.736446467,3.65851536,PMXC6,NS,R2A,B,RT,REP2,T7,24,PMXC6.NS.R2A.B.RT.REP2,NSR2ARTB,2
PMXC6.NS.R2A.B.RT.REP3.T7,0,0.010939423,0.440175031,0,0.010255709,0,0,0,0,0,0,0.127170792,0.130862847,0.17516751,0,0,0.088062355,0.014768221,0,0,0,0,0,0,0,0,0,0.002598113,9,4.86843641,3.760248247,PMXC6,NS,R2A,B,RT,REP3,T7,24,PMXC6.NS.R2A.B.RT.REP3,NSR2ARTB,2
PMXC6.NS.R2A.B.VT.REP1.T7,0,0.011486394,0.36606044,0,0.12758102,0,0.050594831,0,0,0,0,0.091344182,0.070696021,0.119513196,0.013947764,0,0.117051826,0,0,0,0,0,0,0,0,0,0,0.031724327,10,6.771861968,5.115190758,PMXC6,NS,R2A,B,VT,REP1,T7,24,PMXC6.NS.R2A.B.VT.REP1,NSR2AVTB,3
PMXC6.NS.R2A.B.VT.REP2.T7,0,0,0.419390127,0,0.118419253,0,0,0,0,0,0,0.122521537,0.082592643,0.129495419,0.014357993,0,0.085327499,0.015862163,0,0,0,0,0,0,0,0,0,0.012033365,9,5.668049027,4.230177891,PMXC6,NS,R2A,B,VT,REP2,T7,24,PMXC6.NS.R2A.B.VT.REP2,NSR2AVTB,3
PMXC6.NS.R2A.B.VT.REP3.T7,0,0.020237932,0.071242992,0,0.043073978,0,0,0,0,0,0,0.045672091,0.193491043,0.073294134,0.043347463,0,0.480240667,0,0,0,0,0,0.013811021,0,0,0,0,0.015588678,10,5.286719331,3.506543596,PMXC6,NS,R2A,B,VT,REP3,T7,24,PMXC6.NS.R2A.B.VT.REP3,NSR2AVTB,3
PMXC6.NS.R2A.NB.RT.REP1.T7,0,0.024887187,0.515246821,0,0.01080268,0,0,0,0,0,0,0.127170792,0.139067414,0.122384794,0,0,0.038014495,0.018460276,0,0,0,0,0,0,0,0,0,0.003965541,9,4.464283019,3.139646853,PMXC6,NS,R2A,NB,RT,REP1,T7,24,PMXC6.NS.R2A.NB.RT.REP1,NSR2ARTNB,1
PMXC6.NS.R2A.NB.RT.REP2.T7,0,0.023246274,0.522630931,0,0,0,0,0,0,0,0,0.130589361,0.124435936,0.121974566,0,0,0.04758649,0.016272392,0,0,0,0,0,0,0,0,0,0.01326405,8,4.382492171,3.088284567,PMXC6,NS,R2A,NB,RT,REP2,T7,24,PMXC6.NS.R2A.NB.RT.REP2,NSR2ARTNB,1
PMXC6.NS.R2A.NB.RT.REP3.T7,0,0.02160536,0.481197867,0,0,0,0,0,0,0,0,0.15014358,0.164911801,0.107069602,0,0,0.042253521,0.020648161,0,0,0,0,0,0,0,0,0,0.012170108,8,4.588031254,3.383168613,PMXC6,NS,R2A,NB,RT,REP3,T7,24,PMXC6.NS.R2A.NB.RT.REP3,NSR2ARTNB,1
PMXC6.NS.R2A.NB.VT.REP1.T7,0,0.020237932,0.364009299,0,0.15506632,0,0,0,0,0,0,0.09175441,0.076165732,0.037057295,0,0,0.195952414,0,0,0,0,0,0.036510324,0,0,0,0,0.023246274,9,6.055064728,4.698762743,PMXC6,NS,R2A,NB,VT,REP1,T7,24,PMXC6.NS.R2A.NB.VT.REP1.RS,NSR2AVTNB,2
PMXC6.NS.R2A.NB.VT.REP2.T7,0,0.025707644,0.517571448,0,0,0,0,0,0,0,0,0.115137427,0.092711609,0.025570901,0,0,0.175714481,0.012990565,0,0,0,0,0.022289074,0,0,0,0,0.012306851,9,4.477180015,3.098472981,PMXC6,NS,R2A,NB,VT,REP2,T7,24,PMXC6.NS.R2A.NB.VT.REP2,NSR2AVTNB,2
PMXC6.NS.R2A.NB.VT.REP3.T7,0,0.017229591,0.568849993,0,0,0,0,0,0,0,0,0.084233557,0.103924518,0.010392452,0.010665937,0,0.180773964,0.018597019,0,0,0,0,0,0,0,0,0,0.005332969,9,3.825561522,2.666253916,PMXC6,NS,R2A,NB,VT,REP3,T7,24,PMXC6.NS.R2A.NB.VT.REP3,NSR2AVTNB,2
PMXC6.S.CR.B.RT.REP1.T7,0,0,0,0,0,0,0.020921646,0,0,0,0,0.161766717,0.048406947,0.13250376,0.156980719,0,0.241624504,0,0,0,0.011896622,0,0,0,0,0.203473267,0,0.022425817,9,6.59091772,5.828258833,PMXC6,S,CR,B,RT,REP1,T7,24,PMXC6.S.CR.B.RT.REP1,SCRRTB,2
PMXC6.S.CR.B.RT.REP2.T7,0,0,0,0,0,0,0.030083413,0,0,0,0,0.101599891,0.022836045,0.204020238,0.195405442,0,0.301791331,0,0,0,0,0,0,0,0,0.099822234,0.01080268,0.033638726,9,6.184042316,5.158698958,PMXC6,S,CR,B,RT,REP2,T7,24,PMXC6.S.CR.B.RT.REP2,SCRRTB,2
PMXC6.S.CR.B.RT.REP3.T7,0,0,0,0,0,0,0.01668262,0,0,0,0,0.11431697,0.028032271,0.058115684,0.266785177,0,0.254204841,0,0,0,0,0,0,0,0,0.227403254,0.01175988,0.022699303,9,5.797399874,4.862154388,PMXC6,S,CR,B,RT,REP3,T7,24,PMXC6.S.CR.B.RT.REP3,SCRRTB,2
PMXC6.S.CR.B.VT.REP1.T7,0.078216874,0,0,0,0,0,0.022972788,0,0,0,0,0.087241898,0.019554219,0.092027896,0.217147545,0,0.368248325,0,0,0,0,0,0,0.020374675,0,0.047176261,0.013537536,0.033501983,11,6.620684072,4.766113962,PMXC6,S,CR,B,VT,REP1,T7,24,PMXC6.S.CR.B.VT.REP1,SCRVTB,3
PMXC6.S.CR.B.VT.REP2.T7,0.112812799,0,0,0.019280733,0,0,0.048133461,0,0,0,0,0.067550937,0.025570901,0.110077943,0.184055791,0,0.343634623,0,0,0,0,0,0,0.023383017,0,0,0.011349651,0.054150144,11,7.114520091,5.310150923,PMXC6,S,CR,B,VT,REP2,T7,24,PMXC6.S.CR.B.VT.REP2,SCRVTB,3
PMXC6.S.CR.B.VT.REP3.T7,0.064132367,0,0,0.048133461,0.016545877,0.012443594,0.07753316,0,0,0,0,0.055107343,0.01080268,0.146588267,0.132913989,0,0.35525776,0,0,0,0,0,0,0.012306851,0,0.017913305,0.01668262,0.033638726,14,7.9841107,5.45649438,PMXC6,S,CR,B,VT,REP3,T7,24,PMXC6.S.CR.B.VT.REP3,SCRVTB,3
PMXC6.S.CR.NB.RT.REP1.T7,0,0,0.087788869,0,0.013127308,0,0.033228497,0,0,0,0,0.205387666,0.050184603,0.192670587,0.13592233,0,0.155750034,0.028305757,0,0,0.022289074,0,0,0.041843293,0,0.017776562,0,0.01572542,13,8.956783483,7.29112662,PMXC6,S,CR,NB,RT,REP1,T7,24,PMXC6.S.CR.NB.RT.REP1,SCRRTNB,1
PMXC6.S.CR.NB.RT.REP2.T7,0,0,0.079037331,0,0.010665937,0,0.035006153,0,0,0,0,0.186243676,0.048817175,0.183645563,0.135101873,0,0.217557774,0.027622043,0,0,0.011486394,0,0,0.02256256,0,0,0.014084507,0.028169014,13,8.472969567,6.832404396,PMXC6,S,CR,NB,RT,REP2,T7,24,PMXC6.S.CR.NB.RT.REP2,SCRRTNB,1
PMXC6.S.CR.NB.RT.REP3.T7,0,0,0.092301381,0,0,0,0.028989471,0,0,0,0,0.268973062,0.058525913,0.186790647,0.100916177,0,0.165869,0.028852728,0,0,0.015178449,0,0,0.012033365,0,0,0.01572542,0.025844387,12,7.873862839,6.256179589,PMXC6,S,CR,NB,RT,REP3,T7,24,PMXC6.S.CR.NB.RT.REP3,SCRRTNB,1
PMXC6.S.CR.NB.VT.REP1.T7,0,0,0.073020648,0.014357993,0.066046766,0,0.043620949,0,0,0,0,0.139204157,0.023656502,0.218104745,0.102830576,0,0.217421031,0.046766033,0,0,0.011076166,0,0,0.012580336,0,0,0,0.031314098,13,8.895936054,7.112130219,PMXC6,S,CR,NB,VT,REP1,T7,24,PMXC6.S.CR.NB.VT.REP1,SCRVTNB,2
PMXC6.S.CR.NB.VT.REP2.T7,0,0,0.069465336,0.023929988,0.061670997,0,0.050321346,0,0,0,0,0.091344182,0.029262956,0.226993026,0.096130179,0,0.232325995,0.061260768,0,0,0.010392452,0,0,0.019554219,0,0,0,0.027348557,13,9.147701823,7.108982034,PMXC6,S,CR,NB,VT,REP2,T7,24,PMXC6.S.CR.NB.VT.REP2,SCRVTNB,2
PMXC6.S.CR.NB.VT.REP3.T7,0,0,0.109120744,0.012717079,0.06426911,0,0.0549706,0,0,0,0,0.120333652,0.024613702,0.21591686,0.061670997,0,0.192807329,0.078080131,0,0,0.012170108,0,0,0.014357993,0,0,0,0.038971694,13,9.387673538,7.699711232,PMXC6,S,CR,NB,VT,REP3,T7,24,PMXC6.S.CR.NB.VT.REP3,SCRVTNB,2
PMXC6.S.R2A.B.RT.REP1.T7,0,0,0.018870505,0,0.118692739,0.032271298,0.098865035,0,0,0,0,0.010939423,0.068234651,0.250512785,0.110077943,0,0.277861343,0,0,0,0,0,0,0,0,0,0,0.013674279,10,6.714355738,5.485368632,PMXC6,S,R2A,B,RT,REP1,T7,24,PMXC6.S.R2A.B.RT.REP1,SR2ARTB,1
PMXC6.S.R2A.B.RT.REP2.T7,0,0,0.014494735,0,0.124299193,0,0.133597703,0,0,0,0,0.013127308,0.077122932,0.173936825,0.052919458,0,0.392178313,0,0,0,0,0,0,0,0,0,0,0.018323533,9,5.720737653,4.408722532,PMXC6,S,R2A,B,RT,REP2,T7,24,PMXC6.S.R2A.B.RT.REP2,SR2ARTB,1
PMXC6.S.R2A.B.RT.REP3.T7,0,0,0.050731574,0,0.17270614,0.035279639,0.089566525,0,0,0,0,0.033775468,0.079447559,0.166415972,0.039928894,0,0.313961439,0,0,0,0,0,0,0,0,0,0,0.018186791,10,7.155648705,5.639784102,PMXC6,S,R2A,B,RT,REP3,T7,24,PMXC6.S.R2A.B.RT.REP3,SR2ARTB,1
PMXC6.S.R2A.B.VT.REP1.T7,0,0,0,0,0.023246274,0,0.010392452,0,0,0,0,0,0,0,0.098044578,0,0.853411733,0,0,0,0,0,0,0,0,0,0,0.014904964,5,1.751657916,1.353555681,PMXC6,S,R2A,B,VT,REP1,T7,24,PMXC6.S.R2A.B.VT.REP1,SR2AVTB,2
PMXC6.S.R2A.B.VT.REP2.T7,0,0,0,0,0,0,0.016545877,0,0,0,0,0,0,0,0.183782305,0,0.774921373,0,0,0,0,0,0,0,0,0,0,0.024750444,4,1.951000855,1.574393013,PMXC6,S,R2A,B,VT,REP2,T7,24,PMXC6.S.R2A.B.VT.REP2,SR2AVTB,2
PMXC6.S.R2A.B.VT.REP3.T7,0,0,0,0,0.041980036,0,0.013127308,0,0,0,0,0,0.025570901,0.010118966,0.089019554,0,0.814850267,0,0,0,0,0,0,0,0,0,0,0.005332969,7,2.096553452,1.48230544,PMXC6,S,R2A,B,VT,REP3,T7,24,PMXC6.S.R2A.B.VT.REP3,SR2AVTB,2
PMXC6.S.R2A.NB.RT.REP1.T7,0,0,0.036100096,0,0,0,0,0,0,0,0,0,0.25270067,0.027211815,0.265144264,0,0.405032135,0,0,0,0,0,0,0,0,0,0,0.013811021,6,3.829605804,3.328400829,PMXC6,S,R2A,NB,RT,REP1,T7,24,PMXC6.S.R2A.NB.RT.REP1,SR2ARTNB,0
PMXC6.S.R2A.NB.RT.REP2.T7,0,0,0.042663749,0,0,0,0,0,0,0,0,0,0.384383974,0.010529195,0.222617257,0,0.325447833,0,0,0,0,0,0,0,0,0,0,0.014357993,6,3.708907103,3.274791142,PMXC6,S,R2A,NB,RT,REP2,T7,24,PMXC6.S.R2A.NB.RT.REP2,SR2ARTNB,0
PMXC6.S.R2A.NB.RT.REP3.T7,0,0,0.225488855,0,0.01422125,0,0,0,0,0,0,0.012306851,0.220566115,0.043757692,0.112676056,0,0.364009299,0,0,0,0,0,0,0,0,0,0,0.006973882,8,4.803155869,4.048413007,PMXC6,S,R2A,NB,RT,REP3,T7,24,PMXC6.S.R2A.NB.RT.REP3,SR2ARTNB,0
PMXC6.S.R2A.NB.VT.REP1.T7,0,0,0.056748257,0,0.086011213,0,0,0,0,0,0,0.016819363,0.086284698,0.031177355,0.142485984,0,0.572678791,0,0,0,0,0,0,0,0,0,0,0.007794339,8,4.042124631,2.720035458,PMXC6,S,R2A,NB,VT,REP1,T7,24,PMXC6.S.R2A.NB.VT.REP1,SR2AVTNB,1
PMXC6.S.R2A.NB.VT.REP2.T7,0,0,0.089156297,0,0.089019554,0,0,0,0,0,0,0.042253521,0.130726104,0.034732668,0.201011897,0,0.401340079,0,0,0,0,0,0,0,0,0,0,0.01175988,8,5.410737376,4.209245012,PMXC6,S,R2A,NB,VT,REP2,T7,24,PMXC6.S.R2A.NB.VT.REP2,SR2AVTNB,1
PMXC6.S.R2A.NB.VT.REP3.T7,0,0,0.024887187,0,0.022699303,0,0,0,0,0,0,0.01422125,0.048543689,0.01914399,0.129085191,0,0.740325448,0,0,0,0,0,0,0,0,0,0,0.001093942,8,2.599290618,1.758069248,PMXC6,S,R2A,NB,VT,REP3,T7,24,PMXC6.S.R2A.NB.VT.REP3,SR2AVTNB,1
PMXC6.NS.CR.B.RT.REP1.T8,0,0,0.398468481,0,0,0,0,0,0,0,0,0.116915083,0.018050048,0.102010119,0.014084507,0,0.173526596,0.176398195,0,0,0,0,0,0,0,0,0,0.000546971,8,4.938272635,4.088230377,PMXC6,NS,CR,B,RT,REP1,T8,27,PMXC6.NS.CR.B.RT.REP1,NSCRRTB,3
PMXC6.NS.CR.B.RT.REP2.T8,0,0,0.39696431,0,0,0,0,0,0,0,0,0.076849446,0.011623137,0.109257487,0.010665937,0,0.210173663,0.182004649,0,0,0,0,0,0,0,0,0,0.00246137,8,4.752934231,3.952924179,PMXC6,NS,CR,B,RT,REP2,T8,27,PMXC6.NS.CR.B.RT.REP2,NSCRRTB,3
PMXC6.NS.CR.B.RT.REP3.T8,0,0,0.404348421,0,0,0,0,0,0,0,0,0.067140708,0.012580336,0.10255709,0.011349651,0,0.20265281,0.199097498,0,0,0,0,0,0,0,0,0,0.000273486,8,4.636563035,3.85328827,PMXC6,NS,CR,B,RT,REP3,T8,27,PMXC6.NS.CR.B.RT.REP3,NSCRRTB,3
PMXC6.NS.CR.B.VT.REP1.T8,0,0,0.054286886,0,0,0,0,0,0,0,0,0.199507726,0.019964447,0.150006837,0.049774374,0,0.485710379,0.014768221,0,0,0,0,0,0,0,0,0,0.025981129,8,4.480087916,3.279374409,PMXC6,NS,CR,B,VT,REP1,T8,27,PMXC6.NS.CR.B.VT.REP1,NSCRVTB,4
PMXC6.NS.CR.B.VT.REP2.T8,0,0.022836045,0.100369206,0,0.057978942,0.010529195,0,0,0,0.033501983,0,0.133734446,0,0.157117462,0.026938329,0,0.363735813,0.043894435,0,0,0,0,0,0,0,0.010529195,0,0.038834951,12,7.244549716,5.145721174,PMXC6,NS,CR,B,VT,REP2,T8,27,PMXC6.NS.CR.B.VT.REP2,NSCRVTB,4
PMXC6.NS.CR.B.VT.REP3.T8,0,0.040202379,0.150964037,0,0.070285792,0.01080268,0.012990565,0,0,0.019964447,0,0.164775058,0.01668262,0.106249145,0.012853822,0,0.246683987,0.121154109,0,0,0.012580336,0,0,0,0,0,0,0.013811021,14,8.666725043,6.906361411,PMXC6,NS,CR,B,VT,REP3,T8,27,PMXC6.NS.CR.B.VT.REP3,NSCRVTB,4
PMXC6.NS.CR.NB.RT.REP1.T8,0,0,0.421441269,0,0,0,0,0,0,0,0,0.058252427,0,0.094079037,0.012170108,0,0.164501573,0.239026391,0,0,0,0,0,0,0,0,0,0.010529195,7,4.449194688,3.645506403,PMXC6,NS,CR,NB,RT,REP1,T8,27,PMXC6.NS.CR.NB.RT.REP1,NSCRRTNB,2
PMXC6.NS.CR.NB.RT.REP2.T8,0,0,0.406399562,0,0,0,0,0,0,0,0,0.067550937,0,0.117598797,0,0,0.188158075,0.201148639,0,0,0,0,0,0,0,0,0,0.01914399,6,4.537221262,3.849352674,PMXC6,NS,CR,NB,RT,REP2,T8,27,PMXC6.NS.CR.NB.RT.REP2,NSCRRTNB,2
PMXC6.NS.CR.NB.RT.REP3.T8,0,0,0.361684671,0,0,0,0,0,0,0,0,0.1118556,0.016409134,0.123478736,0,0,0.197319841,0.18104745,0,0,0,0,0,0,0,0,0,0.008204567,7,4.990935951,4.336055612,PMXC6,NS,CR,NB,RT,REP3,T8,27,PMXC6.NS.CR.NB.RT.REP3,NSCRRTNB,2
PMXC6.NS.CR.NB.VT.REP1.T8,0,0.023929988,0.24531656,0,0.094626008,0,0.010665937,0,0,0,0,0.094079037,0.023109531,0.078627102,0.012443594,0,0.205934637,0.191576644,0,0,0,0,0,0,0,0,0,0.019690961,11,7.307361256,6.059096734,PMXC6,NS,CR,NB,VT,REP1,T8,27,PMXC6.NS.CR.NB.VT.REP1,NSCRVTNB,3
PMXC6.NS.CR.NB.VT.REP2.T8,0,0.014357993,0.228360454,0,0.144673868,0,0,0,0,0,0,0.096950636,0.011212909,0.113086285,0,0,0.165048544,0.203883495,0,0,0,0,0,0,0,0,0,0.022425817,9,6.737338646,6.063867369,PMXC6,NS,CR,NB,VT,REP2,T8,27,PMXC6.NS.CR.NB.VT.REP2,NSCRVTNB,3
PMXC6.NS.CR.NB.VT.REP3.T8,0,0.031587584,0.145494325,0.012580336,0.074251333,0.021878846,0.028305757,0,0,0,0,0.15260495,0.029399699,0.110351429,0.011349651,0,0.213318747,0.148502666,0,0,0,0,0,0,0,0,0,0.020374675,13,9.015818029,7.487847852,PMXC6,NS,CR,NB,VT,REP3,T8,27,PMXC6.NS.CR.NB.VT.REP3,NSCRVTNB,3
PMXC6.NS.R2A.B.RT.REP1.T8,0,0.025434158,0.352249419,0,0,0,0,0,0,0,0,0.048270204,0.082592643,0.245043074,0,0,0.230685081,0,0,0,0,0,0,0,0,0,0,0.01572542,7,4.765772848,4.042247787,PMXC6,NS,R2A,B,RT,REP1,T8,27,PMXC6.NS.R2A.B.RT.REP1,NSR2ARTB,2
PMXC6.NS.R2A.B.RT.REP2.T8,0,0.014494735,0.432654177,0,0,0,0,0,0,0,0,0.100232463,0.131273075,0.212088062,0,0,0.089429783,0,0,0,0,0,0,0,0,0,0,0.019827704,7,4.680981009,3.730632353,PMXC6,NS,R2A,B,RT,REP2,T8,27,PMXC6.NS.R2A.B.RT.REP2,NSR2ARTB,2
PMXC6.NS.R2A.B.RT.REP3.T8,0,0.01422125,0.435799262,0,0,0,0,0,0,0,0,0.093121838,0.125940107,0.220155887,0,0,0.088062355,0.011623137,0,0,0,0,0,0,0,0,0,0.011076166,8,4.726821339,3.688169692,PMXC6,NS,R2A,B,RT,REP3,T8,27,PMXC6.NS.R2A.B.RT.REP3,NSR2ARTB,2
PMXC6.NS.R2A.B.VT.REP1.T8,0,0.015041707,0.447695884,0,0.130862847,0,0.032681526,0,0,0,0,0.091207439,0.047859975,0.13592233,0.011623137,0,0.057568713,0.015862163,0,0,0,0,0,0,0,0,0,0.013674279,11,5.909260867,3.971041158,PMXC6,NS,R2A,B,VT,REP1,T8,27,PMXC6.NS.R2A.B.VT.REP1,NSR2AVTB,3
PMXC6.NS.R2A.B.VT.REP2.T8,0,0.013811021,0.449200055,0,0.13346096,0,0,0,0,0,0,0.086011213,0.060030083,0.145357582,0,0,0.0824559,0.015998906,0,0,0,0,0,0,0,0,0,0.013674279,9,5.356091981,3.858686353,PMXC6,NS,R2A,B,VT,REP2,T8,27,PMXC6.NS.R2A.B.VT.REP2,NSR2AVTB,3
PMXC6.NS.R2A.B.VT.REP3.T8,0,0.01175988,0.283878025,0,0.078353617,0,0,0,0,0,0,0.057158485,0.088062355,0.131956789,0.028169014,0,0.300013674,0,0,0,0,0,0,0,0,0,0,0.020648161,9,6.02491124,4.841981288,PMXC6,NS,R2A,B,VT,REP3,T8,27,PMXC6.NS.R2A.B.VT.REP3,NSR2AVTB,3
PMXC6.NS.R2A.NB.RT.REP1.T8,0,0.019827704,0.538219609,0,0,0,0,0,0,0,0,0.091207439,0.138110215,0.124025708,0,0,0.065910023,0.012306851,0,0,0,0,0,0,0,0,0,0.010392452,8,4.232011554,2.963378428,PMXC6,NS,R2A,NB,RT,REP1,T8,27,PMXC6.NS.R2A.NB.RT.REP1,NSR2ARTNB,1
PMXC6.NS.R2A.NB.RT.REP2.T8,0,0.01914399,0.523177902,0,0.012580336,0,0,0,0,0,0,0.115684398,0.126760563,0.114727198,0,0,0.065363052,0.013537536,0,0,0,0,0,0,0,0,0,0.009025024,9,4.519852087,3.111480912,PMXC6,NS,R2A,NB,RT,REP2,T8,27,PMXC6.NS.R2A.NB.RT.REP2,NSR2ARTNB,1
PMXC6.NS.R2A.NB.RT.REP3.T8,0,0.021195132,0.504991112,0,0.014904964,0,0,0,0,0,0,0.080678244,0.167646657,0.117735539,0,0,0.073294134,0.016272392,0,0,0,0,0,0,0,0,0,0.003281827,9,4.577162603,3.2277739,PMXC6,NS,R2A,NB,RT,REP3,T8,27,PMXC6.NS.R2A.NB.RT.REP3,NSR2ARTNB,1
PMXC6.NS.R2A.NB.VT.REP1.T8,0,0.02502393,0.482018324,0,0,0,0,0,0,0,0,0.110214686,0.100232463,0.052235745,0,0,0.212498291,0,0,0,0,0,0,0,0,0,0,0.017776562,7,4.360684814,3.296394077,PMXC6,NS,R2A,NB,VT,REP1,T8,27,PMXC6.NS.R2A.NB.VT.REP1,NSR2AVTNB,2
PMXC6.NS.R2A.NB.VT.REP2.T8,0,0.020511418,0.531929441,0,0,0,0,0,0,0,0,0.09913852,0.076849446,0.03336524,0,0,0.196362642,0,0,0,0,0,0.023793245,0,0,0,0,0.018050048,8,4.205195222,2.944056616,PMXC6,NS,R2A,NB,VT,REP2,T8,27,PMXC6.NS.R2A.NB.VT.REP2,NSR2AVTNB,2
PMXC6.NS.R2A.NB.VT.REP3.T8,0,0.022015589,0.507589225,0,0,0,0,0,0,0,0,0.070559278,0.105428689,0.022836045,0,0,0.23847942,0.018050048,0,0,0,0,0,0,0,0,0,0.015041707,8,4.121476523,3.010494857,PMXC6,NS,R2A,NB,VT,REP3,T8,27,PMXC6.NS.R2A.NB.VT.REP3,NSR2AVTNB,2
PMXC6.S.CR.B.RT.REP1.T8,0,0,0,0,0,0,0,0,0,0,0,0.116504854,0.013127308,0.084780528,0.197866813,0,0.222890743,0,0,0,0,0,0,0,0,0.333515657,0,0.031314098,7,5.188236994,4.504945461,PMXC6,S,CR,B,RT,REP1,T8,27,PMXC6.S.CR.B.RT.REP1,SCRRTB,2
PMXC6.S.CR.B.RT.REP2.T8,0,0,0,0,0,0,0.017366334,0,0,0,0,0.103787775,0.013127308,0.207165322,0.185833447,0,0.290031451,0,0,0,0,0,0,0.015041707,0,0.125529878,0,0.042116778,9,6.155081378,5.247321269,PMXC6,S,CR,B,RT,REP2,T8,27,PMXC6.S.CR.B.RT.REP2,SCRRTB,2
PMXC6.S.CR.B.RT.REP3.T8,0,0,0,0,0,0,0.019417476,0,0,0,0,0.093668809,0.014904964,0.197456584,0.155339806,0,0.287433338,0,0,0,0,0,0,0.010118966,0,0.181731164,0,0.039928894,9,6.134637075,5.267775527,PMXC6,S,CR,B,RT,REP3,T8,27,PMXC6.S.CR.B.RT.REP3,SCRRTB,2
PMXC6.S.CR.B.VT.REP1.T8,0.149733352,0,0,0.011623137,0,0,0.015178449,0,0,0,0,0.070696021,0,0.137153015,0.155476549,0.015998906,0.305483386,0,0,0,0,0,0,0.01914399,0,0.086421441,0,0.033091754,11,7.22376422,5.771216977,PMXC6,S,CR,B,VT,REP1,T8,27,PMXC6.S.CR.B.VT.REP1,SCRVTB,3
PMXC6.S.CR.B.VT.REP2.T8,0.115410912,0,0,0.0284425,0.014904964,0,0.042253521,0,0,0,0,0.057978942,0,0.14522084,0.15752769,0.013674279,0.35525776,0,0,0,0,0,0,0,0,0.019280733,0,0.05004786,11,6.928548768,5.13680882,PMXC6,S,CR,B,VT,REP2,T8,27,PMXC6.S.CR.B.VT.REP2,SCRVTB,3
PMXC6.S.CR.B.VT.REP3.T8,0.081361958,0.012033365,0.012717079,0.041296322,0.026117872,0,0.046219062,0,0,0,0,0.063722139,0.012170108,0.151100779,0.115000684,0.013947764,0.347326679,0,0,0,0,0,0,0.017366334,0,0.018460276,0.011212909,0.02994667,16,8.771340236,5.740181606,PMXC6,S,CR,B,VT,REP3,T8,27,PMXC6.S.CR.B.VT.REP3,SCRVTB,3
PMXC6.S.CR.NB.RT.REP1.T8,0,0,0.142212498,0,0.027895529,0,0.047449747,0,0,0,0,0.102283605,0.021878846,0.177081909,0.072747163,0,0.210583892,0.071789963,0,0,0,0,0,0.079037331,0,0.015315192,0,0.031724327,12,9.272994794,7.82276326,PMXC6,S,CR,NB,RT,REP1,T8,27,PMXC6.S.CR.NB.RT.REP1,SCRRTNB,1
PMXC6.S.CR.NB.RT.REP2.T8,0,0,0.150553808,0,0.018733762,0.013947764,0.064816081,0,0,0,0,0.090933953,0.031177355,0.199097498,0.087105155,0,0.208396007,0.066183509,0,0,0,0,0,0.018323533,0,0.015178449,0,0.035553125,13,9.194614562,7.489485795,PMXC6,S,CR,NB,RT,REP2,T8,27,PMXC6.S.CR.NB.RT.REP2,SCRRTNB,1
PMXC6.S.CR.NB.RT.REP3.T8,0,0,0.165185286,0,0.019007247,0.012990565,0.071379735,0,0,0,0,0.09421578,0.022836045,0.207302065,0.062081225,0,0.189798988,0.101189662,0,0,0,0,0,0.011076166,0,0.018050048,0,0.024887187,13,8.905729742,7.327700491,PMXC6,S,CR,NB,RT,REP3,T8,27,PMXC6.S.CR.NB.RT.REP3,SCRRTNB,1
PMXC6.S.CR.NB.VT.REP1.T8,0,0,0.092438124,0.012443594,0.062628196,0,0.029536442,0,0,0,0,0.120880624,0.032544783,0.225762341,0.086147956,0,0.212361548,0.057978942,0,0,0,0,0,0.023519759,0,0.012443594,0,0.031314098,13,9.13149651,7.261989316,PMXC6,S,CR,NB,VT,REP1,T8,27,PMXC6.S.CR.NB.VT.REP1,SCRVTNB,2
PMXC6.S.CR.NB.VT.REP2.T8,0,0,0.077396417,0.033091754,0.063858881,0.011486394,0.04662929,0,0,0,0,0.111171886,0.022289074,0.220019144,0.069602078,0.011486394,0.223300971,0.058799398,0,0,0.01175988,0,0,0.022425817,0,0,0,0.01668262,15,9.842999419,7.465445979,PMXC6,S,CR,NB,VT,REP2,T8,27,PMXC6.S.CR.NB.VT.REP2,SCRVTNB,2
PMXC6.S.CR.NB.VT.REP3.T8,0,0,0.124709422,0.016409134,0.083960071,0,0.053603172,0,0,0,0,0.094626008,0.020374675,0.186243676,0.045808834,0,0.226172569,0.08587447,0,0,0,0,0,0.016135649,0,0,0,0.046082319,12,9.061325783,7.529493796,PMXC6,S,CR,NB,VT,REP3,T8,27,PMXC6.S.CR.NB.VT.REP3,SCRVTNB,2
PMXC6.S.R2A.B.RT.REP1.T8,0,0,0.178996308,0,0.110077943,0.041433064,0.063585396,0,0,0,0,0.037877752,0.112676056,0.243402161,0.014494735,0,0.185559962,0,0,0,0,0,0,0,0,0,0,0.011896622,10,7.378100313,6.326071438,PMXC6,S,R2A,B,RT,REP1,T8,27,PMXC6.S.R2A.B.RT.REP1,SR2ARTB,1
PMXC6.S.R2A.B.RT.REP2.T8,0,0,0.059619855,0,0.120333652,0.01914399,0.100369206,0,0,0,0,0,0.044441406,0.207985779,0.046902776,0,0.385614659,0,0,0,0,0,0,0,0,0,0,0.015588678,9,5.871968061,4.447412354,PMXC6,S,R2A,B,RT,REP2,T8,27,PMXC6.S.R2A.B.RT.REP2,SR2ARTB,1
PMXC6.S.R2A.B.RT.REP3.T8,0,0,0.087378641,0,0.157801176,0.030630384,0.065226309,0,0,0,0,0,0.030493641,0.177355395,0.033638726,0,0.402570764,0,0,0,0,0,0,0,0,0,0,0.014904964,9,5.72851942,4.282092795,PMXC6,S,R2A,B,RT,REP3,T8,27,PMXC6.S.R2A.B.RT.REP3,SR2ARTB,1
PMXC6.S.R2A.B.VT.REP1.T8,0,0,0,0,0,0,0,0,0,0,0,0,0,0.012443594,0.059072884,0,0.917954328,0,0,0,0,0,0,0,0,0,0,0.010529195,4,1.416558474,1.181480817,PMXC6,S,R2A,B,VT,REP1,T8,27,PMXC6.S.R2A.B.VT.REP1,SR2AVTB,2
PMXC6.S.R2A.B.VT.REP2.T8,0,0,0,0,0,0,0,0,0,0,0,0,0,0.024340216,0.082866129,0,0.880623547,0,0,0,0,0,0,0,0,0,0,0.012170108,4,1.587918686,1.276967666,PMXC6,S,R2A,B,VT,REP2,T8,27,PMXC6.S.R2A.B.VT.REP2,SR2AVTB,2
PMXC6.S.R2A.B.VT.REP3.T8,0,0,0,0,0.0559278,0,0.012443594,0,0,0,0,0,0,0.030083413,0.070422535,0,0.822918091,0,0,0,0,0,0,0,0,0,0,0.008204567,6,2.029743566,1.45685819,PMXC6,S,R2A,B,VT,REP3,T8,27,PMXC6.S.R2A.B.VT.REP3,SR2AVTB,2
PMXC6.S.R2A.NB.RT.REP1.T8,0,0,0.257760153,0,0.029809928,0,0,0,0,0,0,0.018050048,0.216600574,0.047859975,0.072747163,0,0.339122111,0.014631478,0,0,0,0,0,0,0,0,0,0.00341857,9,5.165703764,4.212604391,PMXC6,S,R2A,NB,RT,REP1,T8,27,PMXC6.S.R2A.NB.RT.REP1,SR2ARTNB,0
PMXC6.S.R2A.NB.RT.REP2.T8,0,0,0.342130453,0,0.024476959,0,0,0,0,0,0,0.025844387,0.176945166,0.038834951,0.050321346,0,0.326541775,0.013811021,0,0,0,0,0,0,0,0,0,0.001093942,9,4.793901775,3.838893092,PMXC6,S,R2A,NB,RT,REP2,T8,27,PMXC6.S.R2A.NB.RT.REP2,SR2ARTNB,0
PMXC6.S.R2A.NB.RT.REP3.T8,0,0,0.275126487,0,0.017229591,0,0,0,0,0,0,0.017913305,0.154109121,0.070696021,0.096130179,0,0.348967592,0.012170108,0,0,0,0,0,0,0,0,0,0.007657596,9,5.238674232,4.232158982,PMXC6,S,R2A,NB,RT,REP3,T8,27,PMXC6.S.R2A.NB.RT.REP3,SR2ARTNB,0
PMXC6.S.R2A.NB.VT.REP1.T8,0,0,0.338164912,0,0.128948448,0,0,0,0,0,0,0.024613702,0.107206345,0.040339122,0.077943388,0,0.258443867,0.019964447,0,0,0,0,0,0,0,0,0,0.004375769,9,5.705024197,4.587248129,PMXC6,S,R2A,NB,VT,REP1,T8,27,PMXC6.S.R2A.NB.VT.REP1,SR2AVTNB,1
PMXC6.S.R2A.NB.VT.REP2.T8,0,0,0.265417749,0,0.095036237,0,0,0,0,0,0,0.022699303,0.210720634,0.038971694,0.070832764,0,0.281006427,0.010118966,0,0,0,0,0,0,0,0,0,0.005196226,9,5.664936351,4.761292786,PMXC6,S,R2A,NB,VT,REP2,T8,27,PMXC6.S.R2A.NB.VT.REP2,SR2AVTNB,1
PMXC6.S.R2A.NB.VT.REP3.T8,0,0,0.032818269,0,0.056611514,0,0,0,0,0,0,0.013811021,0.038561466,0.029673185,0.125393136,0,0.695884042,0,0,0,0,0,0,0,0,0,0,0.007247368,8,3.040801513,1.972889757,PMXC6,S,R2A,NB,VT,REP3,T8,27,PMXC6.S.R2A.NB.VT.REP3,SR2AVTNB,1
PMXC6.NS.CR.B.RT.REP1.T9,0,0,0.47545467,0,0,0,0,0,0,0,0,0.057568713,0.010255709,0.113496513,0.012990565,0,0.138793929,0.189115274,0,0,0,0,0,0,0,0,0,0.002324627,8,4.355045461,3.360661809,PMXC6,NS,CR,B,RT,REP1,T9,30,PMXC6.NS.CR.B.RT.REP1,NSCRRTB,3
PMXC6.NS.CR.B.RT.REP2.T9,0,0,0.466019417,0,0,0,0,0,0,0,0,0.060030083,0.01080268,0.104881717,0,0,0.175714481,0.17174894,0,0,0,0,0,0,0,0,0,0.01080268,7,4.336767233,3.420153284,PMXC6,NS,CR,B,RT,REP2,T9,30,PMXC6.NS.CR.B.RT.REP2,NSCRRTB,3
PMXC6.NS.CR.B.RT.REP3.T9,0,0,0.438534117,0,0,0,0,0,0,0,0,0.040475865,0,0.111308628,0,0,0.186790647,0.207302065,0,0,0,0,0,0,0,0,0,0.015588678,6,4.22127337,3.515581338,PMXC6,NS,CR,B,RT,REP3,T9,30,PMXC6.NS.CR.B.RT.REP3,NSCRRTB,3
PMXC6.NS.CR.B.VT.REP1.T9,0,0,0,0,0,0,0,0,0,0,0,0.48283878,0.21441269,0.037467524,0.025434158,0,0.175030767,0,0,0,0.043757692,0,0,0,0,0,0,0.021058389,7,4.142933934,3.183185024,PMXC6,NS,CR,B,VT,REP1,T9,30,PMXC6.NS.CR.B.VT.REP1,NSCRVTB,4
PMXC6.NS.CR.B.VT.REP2.T9,0,0,0,0,0,0,0,0,0,0.018870505,0,0.264050321,0.066867223,0.076439218,0.102283605,0,0.269656776,0,0,0,0.018460276,0,0,0,0,0.163954601,0,0.019417476,9,6.279345358,5.230987555,PMXC6,NS,CR,B,VT,REP2,T9,30,PMXC6.NS.CR.B.VT.REP2,NSCRVTB,4
PMXC6.NS.CR.B.VT.REP3.T9,0,0,0,0,0,0,0,0,0,0.03336524,0,0.278408314,0.081088473,0.050458088,0.108984001,0,0.233419937,0,0,0,0.021468618,0,0,0,0,0.164091344,0,0.028715985,9,6.593005964,5.48487244,PMXC6,NS,CR,B,VT,REP3,T9,30,PMXC6.NS.CR.B.VT.REP3,NSCRVTB,4
PMXC6.NS.CR.NB.RT.REP1.T9,0,0,0.436893204,0,0,0,0,0,0,0,0,0.048543689,0.010255709,0.096813893,0.010392452,0,0.144126897,0.250376043,0,0,0,0,0,0,0,0,0,0.002598113,8,4.351364202,3.493013544,PMXC6,NS,CR,NB,RT,REP1,T9,30,PMXC6.NS.CR.NB.RT.REP1,NSCRRTNB,2
PMXC6.NS.CR.NB.RT.REP2.T9,0,0,0.415151101,0,0,0,0,0,0,0,0,0.067414194,0.012443594,0.112265828,0,0,0.166689457,0.219745658,0,0,0,0,0,0,0,0,0,0.006290168,7,4.528433725,3.762699135,PMXC6,NS,CR,NB,RT,REP2,T9,30,PMXC6.NS.CR.NB.RT.REP2,NSCRRTNB,2
PMXC6.NS.CR.NB.RT.REP3.T9,0,0,0.420347327,0,0,0,0,0,0,0,0,0.042116778,0.010939423,0.115000684,0,0,0.176534938,0.225352113,0,0,0,0,0,0,0,0,0,0.009708738,7,4.405121974,3.651594839,PMXC6,NS,CR,NB,RT,REP3,T9,30,PMXC6.NS.CR.NB.RT.REP3,NSCRRTNB,2
PMXC6.NS.CR.NB.VT.REP2.T9,0,0.021878846,0.22029263,0,0.122931765,0,0,0,0,0,0,0.105428689,0.017092848,0.09175441,0.010255709,0,0.180910707,0.206618351,0,0,0.012580336,0,0,0,0,0,0,0.010255709,11,7.276014137,6.26039061,PMXC6,NS,CR,NB,VT,REP2,T9,30,PMXC6.NS.CR.NB.VT.REP2,NSCRVTNB,3
PMXC6.NS.CR.NB.VT.REP3.T9,0,0.027211815,0.169697798,0,0.045535348,0.012990565,0.019280733,0,0,0,0,0.092848352,0.052919458,0.129221934,0.016135649,0,0.232052509,0.154656092,0,0,0,0,0.017366334,0,0,0,0,0.030083413,13,8.872581436,7.168190399,PMXC6,NS,CR,NB,VT,REP3,T9,30,PMXC6.NS.CR.NB.VT.REP3,NSCRVTNB,3
PMXC6.NS.R2A.B.RT.REP1.T9,0,0.012990565,0.466839874,0,0,0,0,0,0,0,0,0.096130179,0.114453713,0.23601805,0,0,0.05743197,0,0,0,0,0,0,0,0,0,0,0.016135649,7,4.291912255,3.336534216,PMXC6,NS,R2A,B,RT,REP1,T9,30,PMXC6.NS.R2A.B.RT.REP1,NSR2ARTB,2
PMXC6.NS.R2A.B.RT.REP2.T9,0,0,0.498427458,0,0,0,0,0,0,0,0,0.099275263,0.124846164,0.199097498,0,0,0.052099002,0,0,0,0,0,0,0,0,0,0,0.026254615,6,4.083529946,3.155415266,PMXC6,NS,R2A,B,RT,REP2,T9,30,PMXC6.NS.R2A.B.RT.REP2,NSR2ARTB,2
PMXC6.NS.R2A.B.RT.REP3.T9,0,0.012306851,0.424176125,0,0.011076166,0,0,0,0,0,0,0.112539314,0.126076849,0.228770682,0,0,0.071106249,0.011486394,0,0,0,0,0,0,0,0,0,0.00246137,9,4.788453718,3.755302771,PMXC6,NS,R2A,B,RT,REP3,T9,30,PMXC6.NS.R2A.B.RT.REP3,NSR2ARTB,2
PMXC6.NS.R2A.B.VT.REP1.T9,0,0.012443594,0.473950499,0,0.134554902,0,0.017229591,0,0,0,0,0.088609326,0.044851634,0.145904554,0,0,0.049500889,0.013811021,0,0,0,0,0,0,0,0,0,0.01914399,10,5.295202015,3.605620227,PMXC6,NS,R2A,B,VT,REP1,T9,30,PMXC6.NS.R2A.B.VT.REP1,NSR2AVTB,3
PMXC6.NS.R2A.B.VT.REP2.T9,0,0.01080268,0.477779297,0,0.129768905,0,0,0,0,0,0,0.101599891,0.051415288,0.127444277,0.012580336,0,0.063722139,0.013674279,0,0,0,0,0,0,0,0,0,0.011212909,10,5.226772891,3.584623471,PMXC6,NS,R2A,B,VT,REP2,T9,30,PMXC6.NS.R2A.B.VT.REP2,NSR2AVTB,3
PMXC6.NS.R2A.B.VT.REP3.T9,0,0,0.372213866,0,0.148639409,0,0,0,0,0.011349651,0,0.078080131,0.061124026,0.125940107,0.015862163,0,0.160809517,0,0,0,0,0,0,0,0,0,0,0.025981129,9,5.973668589,4.689429793,PMXC6,NS,R2A,B,VT,REP3,T9,30,PMXC6.NS.R2A.B.VT.REP3,NSR2AVTB,3
PMXC6.NS.R2A.NB.RT.REP1.T9,0,0.016135649,0.540544236,0,0,0,0,0,0,0,0,0.101599891,0.107890059,0.13346096,0,0,0.055654314,0.016135649,0,0,0,0,0.019007247,0,0,0,0,0.009571995,9,4.426629007,2.975891812,PMXC6,NS,R2A,NB,RT,REP1,T9,30,PMXC6.NS.R2A.NB.RT.REP1,NSR2ARTNB,1
PMXC6.NS.R2A.NB.RT.REP2.T9,0,0.016956106,0.556816628,0,0.015041707,0,0,0,0,0,0,0.104744975,0.108163544,0.123478736,0,0,0.060166826,0.011349651,0,0,0,0,0,0,0,0,0,0.003281827,9,4.187776897,2.83900557,PMXC6,NS,R2A,NB,RT,REP2,T9,30,PMXC6.NS.R2A.NB.RT.REP2,NSR2ARTNB,1
PMXC6.NS.R2A.NB.RT.REP3.T9,0,0.012443594,0.525092301,0,0.01572542,0,0,0,0,0,0,0.122111309,0.130179133,0.131136333,0,0,0.049364146,0.011076166,0,0,0,0,0,0,0,0,0,0.002871599,9,4.314294459,3.05114029,PMXC6,NS,R2A,NB,RT,REP3,T9,30,PMXC6.NS.R2A.NB.RT.REP3,NSR2ARTNB,1
PMXC6.NS.R2A.NB.VT.REP1.T9,0,0.018597019,0.580609873,0,0,0,0,0,0,0,0,0.085737727,0.073841105,0.035963353,0,0,0.191986873,0,0,0,0,0,0,0,0,0,0,0.01326405,7,3.620322357,2.5734369,PMXC6,NS,R2A,NB,VT,REP1,T9,30,PMXC6.NS.R2A.NB.VT.REP1,NSR2AVTNB,2
PMXC6.NS.R2A.NB.VT.REP2.T9,0,0,0.589634897,0,0,0,0,0,0,0,0,0.081908929,0.062081225,0.043210721,0,0,0.195952414,0,0,0,0,0,0,0,0,0,0,0.027211815,6,3.463135626,2.504774976,PMXC6,NS,R2A,NB,VT,REP2,T9,30,PMXC6.NS.R2A.NB.VT.REP2,NSR2AVTNB,2
PMXC6.NS.R2A.NB.VT.REP3.T9,0,0.014904964,0.546560919,0,0,0,0,0,0,0,0,0.068097908,0.063448653,0.042390264,0,0,0.244496103,0,0,0,0,0,0,0,0,0,0,0.02010119,7,3.697700324,2.7056761,PMXC6,NS,R2A,NB,VT,REP3,T9,30,PMXC6.NS.R2A.NB.VT.REP3,NSR2AVTNB,2
PMXC6.S.CR.B.RT.REP1.T9,0.018323533,0,0.032955012,0,0.017503077,0,0.057295228,0,0,0,0,0.13592233,0.0274853,0.192260358,0.116641597,0,0.281553398,0,0,0,0.01175988,0,0,0.011896622,0,0.072473677,0,0.023929988,13,8.161488795,6.24267527,PMXC6,S,CR,B,RT,REP1,T9,30,PMXC6.S.CR.B.RT.REP1,SCRRTB,2
PMXC6.S.CR.B.RT.REP2.T9,0,0,0.01326405,0,0,0,0.033091754,0,0,0,0,0.088472583,0.016409134,0.21933543,0.148502666,0,0.315465609,0,0,0,0,0,0,0,0,0.107890059,0,0.057568713,9,6.275392033,5.154593957,PMXC6,S,CR,B,RT,REP2,T9,30,PMXC6.S.CR.B.RT.REP2,SCRRTB,2
PMXC6.S.CR.B.RT.REP3.T9,0,0,0.019280733,0,0,0,0.038151238,0,0,0,0,0.083549843,0.01422125,0.18692739,0.144126897,0,0.352522904,0,0,0,0,0,0,0,0,0.105428689,0,0.055791057,9,6.215517855,4.92066065,PMXC6,S,CR,B,RT,REP3,T9,30,PMXC6.S.CR.B.RT.REP3,SCRRTB,2
PMXC6.S.CR.B.VT.REP1.T9,0.013811021,0,0,0,0,0,0,0,0,0,0,0.016272392,0,0.015862163,0.19677287,0.114590455,0,0,0,0,0,0,0,0.010939423,0,0.619171339,0,0.012580336,8,3.19403835,2.292480322,PMXC6,S,CR,B,VT,REP1,T9,30,PMXC6.S.CR.B.VT.REP1,SCRVTB,3
PMXC6.S.CR.B.VT.REP3.T9,0,0,0,0,0,0,0,0,0,0,0,0.045672091,0.016409134,0.010529195,0.09079721,0.042116778,0,0,0,0,0.016819363,0,0,0,0,0.77136606,0,0.006290168,8,2.480370746,1.645245363,PMXC6,S,CR,B,VT,REP3,T9,30,PMXC6.S.CR.B.VT.REP3,SCRVTB,3
PMXC6.S.CR.NB.RT.REP1.T9,0,0,0.124435936,0,0.014631478,0,0.038151238,0,0,0,0,0.152057979,0.037877752,0.194038014,0.104608232,0,0.172569397,0.040612608,0,0,0.01175988,0,0,0.072200191,0,0.021195132,0,0.015862163,13,9.329559473,7.825615825,PMXC6,S,CR,NB,RT,REP1,T9,30,PMXC6.S.CR.NB.RT.REP1,SCRRTNB,1
PMXC6.S.CR.NB.RT.REP2.T9,0,0,0.086011213,0,0,0.010118966,0.042390264,0,0,0,0,0.169561056,0.049774374,0.159168604,0.096540407,0,0.279775742,0.024203473,0,0,0.010665937,0,0,0.025844387,0,0.017366334,0,0.028579242,13,8.341589896,6.412693135,PMXC6,S,CR,NB,RT,REP2,T9,30,PMXC6.S.CR.NB.RT.REP2,SCRRTNB,1
PMXC6.S.CR.NB.RT.REP3.T9,0,0,0.087378641,0,0,0,0.051962259,0,0,0,0,0.200328183,0.044578149,0.164775058,0.082592643,0,0.23013811,0.046219062,0,0,0.017913305,0,0,0.022152331,0,0.021468618,0,0.030493641,12,8.636656561,6.957577487,PMXC6,S,CR,NB,RT,REP3,T9,30,PMXC6.S.CR.NB.RT.REP3,SCRRTNB,1
PMXC6.S.R2A.B.RT.REP1.T9,0,0,0.213182005,0,0.160536032,0.019007247,0.038561466,0,0,0,0,0.048133461,0.082045672,0.260358266,0,0,0.153972378,0,0,0,0,0,0,0,0,0,0,0.024203473,9,6.710716818,5.740702884,PMXC6,S,R2A,B,RT,REP1,T9,30,PMXC6.S.R2A.B.RT.REP1,SR2ARTB,1
PMXC6.S.R2A.B.RT.REP2.T9,0,0,0.119102967,0,0.137016272,0.024340216,0.095583208,0,0,0,0,0.026938329,0.063038425,0.234650622,0.026528101,0,0.256802954,0,0,0,0,0,0,0,0,0,0,0.015998906,10,7.127258062,5.90474008,PMXC6,S,R2A,B,RT,REP2,T9,30,PMXC6.S.R2A.B.RT.REP2,SR2ARTB,1
PMXC6.S.R2A.B.RT.REP3.T9,0,0,0.217968002,0,0.139067414,0.022699303,0.058662656,0,0,0,0,0.047723233,0.099275263,0.242171475,0.017913305,0,0.137563244,0,0,0,0,0,0,0,0,0,0,0.016956106,10,7.320566897,6.206611461,PMXC6,S,R2A,B,RT,REP3,T9,30,PMXC6.S.R2A.B.RT.REP3,SR2ARTB,1
PMXC6.S.R2A.B.VT.REP1.T9,0,0,0,0,0,0,0,0,0,0,0,0,0,0,0.041296322,0,0.941747573,0,0,0,0,0,0,0,0,0,0,0.016956106,3,1.293387368,1.125009495,PMXC6,S,R2A,B,VT,REP1,T9,30,PMXC6.S.R2A.B.VT.REP1,SR2AVTB,2
PMXC6.S.R2A.B.VT.REP2.T9,0,0,0,0,0,0,0,0,0,0,0,0,0,0.013127308,0.03336524,0,0.939012717,0,0,0,0,0,0,0,0,0,0,0.014494735,4,1.337483806,1.1321944,PMXC6,S,R2A,B,VT,REP2,T9,30,PMXC6.S.R2A.B.VT.REP2,SR2AVTB,2
PMXC6.S.R2A.B.VT.REP3.T9,0,0,0,0,0.011076166,0,0,0,0,0,0,0,0,0,0.034048954,0,0.931218378,0,0,0,0,0,0,0,0,0,0,0.023656502,4,1.376979315,1.150735657,PMXC6,S,R2A,B,VT,REP3,T9,30,PMXC6.S.R2A.B.VT.REP3,SR2AVTB,2
PMXC6.S.R2A.NB.RT.REP1.T9,0,0,0.173253111,0,0.029399699,0,0,0,0,0,0,0,0.30370573,0.033501983,0.109667715,0,0.332148229,0,0,0,0,0,0,0,0,0,0,0.018323533,7,4.782061027,4.049800535,PMXC6,S,R2A,NB,RT,REP1,T9,30,PMXC6.S.R2A.NB.RT.REP1,SR2ARTNB,0
PMXC6.S.R2A.NB.RT.REP2.T9,0,0,0.276767401,0,0.032544783,0,0,0,0,0,0,0.023929988,0.23013811,0.031314098,0.09667715,0,0.291398879,0.010939423,0,0,0,0,0,0,0,0,0,0.006290168,9,5.308664046,4.413157339,PMXC6,S,R2A,NB,RT,REP2,T9,30,PMXC6.S.R2A.NB.RT.REP2,SR2ARTNB,0
PMXC6.S.R2A.NB.RT.REP3.T9,0,0,0.093805552,0,0.021058389,0,0,0,0,0,0,0.016545877,0.156980719,0.060577055,0.15602352,0,0.48967592,0,0,0,0,0,0,0,0,0,0,0.005332969,8,4.47752821,3.311439041,PMXC6,S,R2A,NB,RT,REP3,T9,30,PMXC6.S.R2A.NB.RT.REP3,SR2ARTNB,0
PMXC6.S.R2A.NB.VT.REP1.T9,0,0,0.354574046,0,0.139887871,0,0,0,0,0,0,0.033501983,0.098454807,0.027758786,0.067824422,0,0.238069192,0.0274853,0,0,0,0,0,0,0,0,0,0.012443594,9,5.823125084,4.56485456,PMXC6,S,R2A,NB,VT,REP1,T9,30,PMXC6.S.R2A.NB.VT.REP1,SR2AVTNB,1
PMXC6.S.R2A.NB.VT.REP2.T9,0,0,0.110214686,0,0.064132367,0,0,0,0,0,0,0.016135649,0.163134145,0.023383017,0.109257487,0,0.502119513,0,0,0,0,0,0,0,0,0,0,0.011623137,8,4.522281767,3.248056555,PMXC6,S,R2A,NB,VT,REP2,T9,30,PMXC6.S.R2A.NB.VT.REP2,SR2AVTNB,1
PMXC6.S.R2A.NB.VT.REP3.T9,0,0,0.016545877,0,0.110624915,0,0,0,0,0,0,0,0.025844387,0.016956106,0.057705456,0,0.761247094,0,0,0,0,0,0,0,0,0,0,0.011076166,7,2.452650398,1.676679745,PMXC6,S,R2A,NB,VT,REP3,T9,30,PMXC6.S.R2A.NB.VT.REP3,SR2AVTNB,1
PMXC6.NS.CR.B.RT.REP1.T10,0,0,0.456994394,0,0,0,0,0,0,0,0,0.048680432,0,0.106796117,0.010118966,0,0.156570491,0.205797894,0,0,0,0,0,0,0,0,0,0.015041707,7,4.345553294,3.450479303,PMXC6,NS,CR,B,RT,REP1,T10,33,PMXC6.NS.CR.B.RT.REP1,NSCRRTB,3
PMXC6.NS.CR.B.RT.REP2.T10,0,0,0.426774238,0,0,0,0,0,0,0,0,0.055380829,0.010529195,0.111035143,0,0,0.177492137,0.208122522,0,0,0,0,0,0,0,0,0,0.010665937,7,4.470919941,3.668712906,PMXC6,NS,CR,B,RT,REP2,T10,33,PMXC6.NS.CR.B.RT.REP2,NSCRRTB,3
PMXC6.NS.CR.B.RT.REP3.T10,0,0,0.440858745,0,0,0,0,0,0,0,0,0.053739915,0,0.097360864,0,0,0.169150827,0.222754,0,0,0,0,0,0,0,0,0,0.016135649,6,4.248838937,3.506123821,PMXC6,NS,CR,B,RT,REP3,T10,33,PMXC6.NS.CR.B.RT.REP3,NSCRRTB,3
PMXC6.NS.CR.B.VT.REP1.T10,0,0,0.048133461,0,0,0,0,0,0,0,0,0.193080815,0.031177355,0.126897306,0.104471489,0,0.394913168,0.024887187,0,0,0,0,0.034322439,0,0,0,0,0.042116778,9,5.915688848,4.403076804,PMXC6,NS,CR,B,VT,REP1,T10,33,PMXC6.NS.CR.B.VT.REP1,NSCRVTB,4
PMXC6.NS.CR.B.VT.REP2.T10,0,0,0,0,0.013674279,0,0,0,0,0.051141802,0,0.122521537,0.023109531,0.118692739,0.082319158,0,0.459319021,0,0,0,0,0,0.026391358,0,0,0.057295228,0,0.045535348,10,5.878804043,3.902604494,PMXC6,NS,CR,B,VT,REP2,T10,33,PMXC6.NS.CR.B.VT.REP2,NSCRVTB,4
PMXC6.NS.CR.B.VT.REP3.T10,0,0,0.03582661,0,0.028715985,0,0,0,0,0.036510324,0,0.138246957,0.022699303,0.101052919,0.120880624,0,0.392315055,0.036920552,0,0,0,0,0,0,0,0.039381923,0,0.047449747,11,7.025081628,4.831639142,PMXC6,NS,CR,B,VT,REP3,T10,33,PMXC6.NS.CR.B.VT.REP3,NSCRVTB,4
PMXC6.NS.CR.NB.RT.REP1.T10,0,0,0.400246137,0,0,0,0,0,0,0,0,0.055517571,0,0.099001778,0,0,0.171065226,0.252016956,0,0,0,0,0,0,0,0,0,0.022152331,6,4.43596745,3.754499206,PMXC6,NS,CR,NB,RT,REP1,T10,33,PMXC6.NS.CR.NB.RT.REP1,NSCRRTNB,2
PMXC6.NS.CR.NB.RT.REP2.T10,0,0,0.413373445,0,0,0,0,0,0,0,0,0.047176261,0,0.117188568,0,0,0.185833447,0.222617257,0,0,0,0,0,0,0,0,0,0.013811021,6,4.335406619,3.688408796,PMXC6,NS,CR,NB,RT,REP2,T10,33,PMXC6.NS.CR.NB.RT.REP2,NSCRRTNB,2
PMXC6.NS.CR.NB.RT.REP3.T10,0,0,0.400929851,0,0,0,0,0,0,0,0,0.044988377,0,0.110214686,0,0,0.186106933,0.24189799,0,0,0,0,0,0,0,0,0,0.015862163,6,4.353538117,3.726920865,PMXC6,NS,CR,NB,RT,REP3,T10,33,PMXC6.NS.CR.NB.RT.REP3,NSCRRTNB,2
PMXC6.NS.CR.NB.VT.REP1.T10,0,0.059072884,0.239846848,0,0.082319158,0,0,0,0,0,0,0.057842199,0.011896622,0.081361958,0.016409134,0,0.238342677,0.186790647,0,0,0,0,0,0,0,0,0,0.026117872,10,7.06143241,5.863418987,PMXC6,NS,CR,NB,VT,REP1,T10,33,PMXC6.NS.CR.NB.VT.REP1,NSCRVTNB,3
PMXC6.NS.CR.NB.VT.REP2.T10,0,0.035416382,0.197183099,0,0.188705046,0,0,0,0,0,0,0.069465336,0.01422125,0.095583208,0,0,0.155750034,0.217968002,0,0,0,0,0,0,0,0,0,0.025707644,9,6.952324386,6.159990173,PMXC6,NS,CR,NB,VT,REP2,T10,33,PMXC6.NS.CR.NB.VT.REP2,NSCRVTNB,3
PMXC6.NS.CR.NB.VT.REP3.T10,0,0.038971694,0.179543279,0.012717079,0.097360864,0.024340216,0.03090387,0,0,0,0,0.085600985,0.023383017,0.119102967,0,0,0.172842883,0.190345959,0,0,0,0,0,0,0,0,0,0.024887187,12,8.826189697,7.477844914,PMXC6,NS,CR,NB,VT,REP3,T10,33,PMXC6.NS.CR.NB.VT.REP3,NSCRVTNB,3
PMXC6.NS.R2A.B.RT.REP1.T10,0,0.033501983,0.340216054,0,0,0,0,0,0,0,0,0.054013401,0.137153015,0.217147545,0,0,0.207302065,0,0,0,0,0,0,0,0,0,0,0.010665937,7,5.037779366,4.369890083,PMXC6,NS,R2A,B,RT,REP1,T10,33,PMXC6.NS.R2A.B.RT.REP1,NSR2ARTB,2
PMXC6.NS.R2A.B.RT.REP2.T10,0,0.017639819,0.373034322,0,0,0,0,0,0,0,0,0.058115684,0.114043484,0.162723916,0,0,0.265144264,0,0,0,0,0,0,0,0,0,0,0.00929851,7,4.678424828,3.957008938,PMXC6,NS,R2A,B,RT,REP2,T10,33,PMXC6.NS.R2A.B.RT.REP2,NSR2ARTB,2
PMXC6.NS.R2A.B.RT.REP3.T10,0,0.021878846,0.396007111,0,0,0,0,0,0,0,0,0.096813893,0.115957883,0.184876248,0,0,0.169561056,0,0,0,0,0,0,0,0,0,0,0.014904964,7,4.963029894,4.110628309,PMXC6,NS,R2A,B,RT,REP3,T10,33,PMXC6.NS.R2A.B.RT.REP3,NSR2ARTB,2
PMXC6.NS.R2A.B.VT.REP1.T10,0,0.017092848,0.46465199,0,0.148365924,0,0.014904964,0,0,0,0,0.100505948,0.038424723,0.124709422,0,0,0.056611514,0.015998906,0,0,0,0,0,0,0,0,0,0.018733762,10,5.422036377,3.712360801,PMXC6,NS,R2A,B,VT,REP1,T10,33,PMXC6.NS.R2A.B.VT.REP1,NSR2AVTB,3
PMXC6.NS.R2A.B.VT.REP2.T10,0,0.01422125,0.447695884,0,0.127717763,0,0,0,0,0,0,0.11923971,0.056748257,0.143579926,0,0,0.067277451,0.011212909,0,0,0,0,0,0,0,0,0,0.012306851,9,5.28155552,3.849073411,PMXC6,NS,R2A,B,VT,REP2,T10,33,PMXC6.NS.R2A.B.VT.REP2,NSR2AVTB,3
PMXC6.NS.R2A.B.VT.REP3.T10,0,0.011623137,0.388212772,0,0.180226993,0,0,0,0,0.011349651,0,0.062491454,0.03828798,0.132230275,0.017229591,0,0.139751128,0,0,0,0,0,0,0,0,0,0,0.018597019,10,5.833245385,4.415324504,PMXC6,NS,R2A,B,VT,REP3,T10,33,PMXC6.NS.R2A.B.VT.REP3,NSR2AVTB,3
PMXC6.NS.R2A.NB.RT.REP1.T10,0,0,0.535211268,0,0,0,0,0,0,0,0,0.12511965,0.145494325,0.100779434,0,0,0.065089567,0.013400793,0,0,0,0,0,0,0,0,0,0.014904964,7,4.074101332,2.957971558,PMXC6,NS,R2A,NB,RT,REP1,T10,33,PMXC6.NS.R2A.NB.RT.REP1,NSR2ARTNB,1
PMXC6.NS.R2A.NB.RT.REP2.T10,0,0.01422125,0.577328046,0,0.015862163,0,0,0,0,0,0,0.09517298,0.107343088,0.08929304,0,0,0.088062355,0.010529195,0,0,0,0,0,0,0,0,0,0.002187885,9,4.046317094,2.701345931,PMXC6,NS,R2A,NB,RT,REP2,T10,33,PMXC6.NS.R2A.NB.RT.REP2,NSR2ARTNB,1
PMXC6.NS.R2A.NB.RT.REP3.T10,0,0,0.550116231,0,0.017776562,0,0,0,0,0,0,0.117872282,0.146178039,0.093258581,0,0,0.048543689,0.010529195,0,0,0,0,0,0,0,0,0,0.01572542,8,4.115946455,2.86026812,PMXC6,NS,R2A,NB,RT,REP3,T10,33,PMXC6.NS.R2A.NB.RT.REP3,NSR2ARTNB,1
PMXC6.NS.R2A.NB.VT.REP1.T10,0,0.019007247,0.572268563,0,0,0,0,0,0,0,0,0.08833584,0.077122932,0.046492548,0,0,0.171338712,0.010118966,0,0,0,0,0,0,0,0,0,0.015315192,8,3.904420929,2.677668596,PMXC6,NS,R2A,NB,VT,REP1,T10,33,PMXC6.NS.R2A.NB.VT.REP1,NSR2AVTNB,2
PMXC6.NS.R2A.NB.VT.REP2.T10,0,0.011486394,0.5838917,0,0,0,0,0,0,0,0,0.110351429,0.07507179,0.031040613,0,0,0.154656092,0,0,0,0,0,0.017913305,0,0,0,0,0.015588678,8,3.805509058,2.60199437,PMXC6,NS,R2A,NB,VT,REP2,T10,33,PMXC6.NS.R2A.NB.VT.REP2,NSR2AVTNB,2
PMXC6.NS.R2A.NB.VT.REP3.T10,0,0.012443594,0.558320799,0,0,0,0,0,0,0,0,0.064542595,0.066320252,0.070559278,0,0,0.207165322,0.010939423,0,0,0,0,0,0,0,0,0,0.009708738,8,3.835880271,2.713328004,PMXC6,NS,R2A,NB,VT,REP3,T10,33,PMXC6.NS.R2A.NB.VT.REP3,NSR2AVTNB,2
PMXC6.S.CR.B.RT.REP1.T10,0,0,0,0,0,0,0,0,0,0,0,0.02256256,0.015998906,0,0,0,0.022972788,0,0,0,0.015998906,0,0,0,0,0.902912621,0,0.019554219,6,1.605927512,1.22371713,PMXC6,S,CR,B,RT,REP1,T10,33,PMXC6.S.CR.B.RT.REP1,SCRRTB,2
PMXC6.S.CR.B.RT.REP2.T10,0,0,0,0,0,0,0,0,0,0,0,0.014768221,0.010118966,0,0,0,0.021331875,0,0,0,0.01080268,0,0,0,0,0.923287297,0,0.019690961,6,1.478091639,1.171317608,PMXC6,S,CR,B,RT,REP2,T10,33,PMXC6.S.CR.B.RT.REP2,SCRRTB,2
PMXC6.S.CR.B.RT.REP3.T10,0,0,0,0,0,0,0,0,0,0,0,0.038971694,0.036510324,0,0.024613702,0,0,0,0,0,0,0,0.012990565,0,0,0.846984822,0,0.039928894,6,1.942893456,1.383883861,PMXC6,S,CR,B,RT,REP3,T10,33,PMXC6.S.CR.B.RT.REP3,SCRRTB,2
PMXC6.S.CR.B.VT.REP1.T10,0.013127308,0,0,0,0,0,0,0,0,0,0,0.036647067,0.049500889,0.017503077,0.292356078,0.031997812,0.013811021,0,0,0,0,0,0,0.076165732,0,0.453712567,0,0.015178449,10,4.686606179,3.302014743,PMXC6,S,CR,B,VT,REP1,T10,33,PMXC6.S.CR.B.VT.REP1,SCRVTB,3
PMXC6.S.CR.B.VT.REP2.T10,0.035553125,0,0,0,0,0,0,0,0,0,0,0.077943388,0.019827704,0.10843703,0.466292903,0.01326405,0.054013401,0,0,0,0,0,0,0.028989471,0,0.15848489,0.018460276,0.018733762,11,5.752842067,3.750052082,PMXC6,S,CR,B,VT,REP2,T10,33,PMXC6.S.CR.B.VT.REP2,SCRVTB,3
PMXC6.S.CR.B.VT.REP3.T10,0.011212909,0,0,0,0,0,0,0,0,0,0,0.067550937,0,0.066183509,0.444003829,0.066183509,0.041159579,0,0,0,0,0,0,0.020921646,0,0.249829072,0.013127308,0.019827704,10,5.184391193,3.627122687,PMXC6,S,CR,B,VT,REP3,T10,33,PMXC6.S.CR.B.VT.REP3,SCRVTB,3
PMXC6.S.CR.NB.VT.REP1.T10,0,0,0.161493231,0,0.084643785,0.012170108,0.030493641,0,0,0,0,0.060440312,0,0.149870094,0.053603172,0,0.257349925,0.129632162,0,0,0,0,0,0.012170108,0,0,0,0.048133461,11,8.071039638,6.720050428,PMXC6,S,CR,NB,VT,REP1,T10,33,PMXC6.S.CR.NB.VT.REP1,SCRVTNB,2
PMXC6.S.CR.NB.VT.REP2.T10,0,0,0.157254205,0.012170108,0.086694927,0.01422125,0.036920552,0,0,0,0,0.038698209,0.012853822,0.153698892,0.059893341,0,0.263640093,0.124299193,0,0,0,0,0,0.011623137,0,0,0,0.028032271,13,8.497164043,6.724542318,PMXC6,S,CR,NB,VT,REP2,T10,33,PMXC6.S.CR.NB.VT.REP2,SCRVTNB,2
PMXC6.S.CR.NB.VT.REP3.T10,0,0,0.198003555,0,0.085190756,0.014494735,0.044988377,0,0,0,0,0.034185697,0.011076166,0.154382606,0.048406947,0,0.221113086,0.136742787,0,0,0,0,0,0,0,0,0,0.051415288,11,8.085006294,6.830666055,PMXC6,S,CR,NB,VT,REP3,T10,33,PMXC6.S.CR.NB.VT.REP3,SCRVTNB,2
PMXC6.S.R2A.B.RT.REP1.T10,0,0,0,0,0.175987967,0.062491454,0.030083413,0,0,0,0,0,0.029536442,0.138657186,0.027211815,0,0.523177902,0,0,0,0,0,0,0,0,0,0,0.012853822,8,4.286133109,3.025709493,PMXC6,S,R2A,B,RT,REP1,T10,33,PMXC6.S.R2A.B.RT.REP1,SR2ARTB,1
PMXC6.S.R2A.B.RT.REP2.T10,0,0,0,0,0.147545467,0.035006153,0.063585396,0,0,0,0,0,0.037057295,0.108573773,0.043347463,0,0.549295775,0,0,0,0,0,0,0,0,0,0,0.015588678,8,4.340921925,2.906574869,PMXC6,S,R2A,B,RT,REP2,T10,33,PMXC6.S.R2A.B.RT.REP2,SR2ARTB,1
PMXC6.S.R2A.B.RT.REP3.T10,0,0,0,0,0.19773007,0.049637632,0.036236839,0,0,0,0,0,0.055791057,0.142485984,0.070969506,0,0.426637495,0,0,0,0,0,0,0,0,0,0,0.020511418,8,5.255757233,3.940637881,PMXC6,S,R2A,B,RT,REP3,T10,33,PMXC6.S.R2A.B.RT.REP3,SR2ARTB,1
PMXC6.S.R2A.B.VT.REP1.T10,0,0,0,0,0.013811021,0,0,0,0,0,0,0,0,0.034322439,0.034322439,0,0.902639136,0,0,0,0,0,0,0,0,0,0,0.014904964,5,1.561678169,1.223202131,PMXC6,S,R2A,B,VT,REP1,T10,33,PMXC6.S.R2A.B.VT.REP1,SR2AVTB,2
PMXC6.S.R2A.B.VT.REP2.T10,0,0,0,0,0,0,0,0,0,0,0,0,0,0.011349651,0.105838917,0,0.865581841,0,0,0,0,0,0,0,0,0,0,0.017229591,4,1.621656793,1.314303148,PMXC6,S,R2A,B,VT,REP2,T10,33,PMXC6.S.R2A.B.VT.REP2,SR2AVTB,2
PMXC6.S.R2A.B.VT.REP3.T10,0,0,0,0,0.045672091,0,0.021468618,0,0,0,0,0,0,0.041980036,0.124435936,0,0.753726241,0,0,0,0,0,0,0,0,0,0,0.012717079,6,2.421644248,1.70051127,PMXC6,S,R2A,B,VT,REP3,T10,33,PMXC6.S.R2A.B.VT.REP3,SR2AVTB,2
PMXC6.S.R2A.NB.RT.REP1.T10,0,0,0.101599891,0,0,0,0,0,0,0,0,0,0.136332558,0.018597019,0.055517571,0,0.670586627,0,0,0,0,0,0,0,0,0,0,0.017366334,6,2.935742803,2.073290111,PMXC6,S,R2A,NB,RT,REP1,T10,33,PMXC6.S.R2A.NB.RT.REP1,SR2ARTNB,0
PMXC6.S.R2A.NB.RT.REP2.T10,0,0,0.075208533,0,0.011623137,0,0,0,0,0,0,0,0.173526596,0.047176261,0.058115684,0,0.618897853,0,0,0,0,0,0,0,0,0,0,0.015451935,7,3.3909745,2.35416397,PMXC6,S,R2A,NB,RT,REP2,T10,33,PMXC6.S.R2A.NB.RT.REP2,SR2ARTNB,0
PMXC6.S.R2A.NB.RT.REP3.T10,0,0,0.10009572,0,0.010392452,0,0,0,0,0,0,0,0.142075756,0.024203473,0.025844387,0,0.682893477,0,0,0,0,0,0,0,0,0,0,0.014494735,7,2.890619321,2.007548318,PMXC6,S,R2A,NB,RT,REP3,T10,33,PMXC6.S.R2A.NB.RT.REP3,SR2ARTNB,0
PMXC6.S.R2A.NB.VT.REP1.T10,0,0,0.442362915,0,0.114453713,0,0,0,0,0,0,0.040202379,0.059072884,0.029809928,0.04662929,0,0.225078627,0.038698209,0,0,0,0,0,0,0,0,0,0.003692055,9,5.129768024,3.715746416,PMXC6,S,R2A,NB,VT,REP1,T10,33,PMXC6.S.R2A.NB.VT.REP1,SR2AVTNB,1
PMXC6.S.R2A.NB.VT.REP2.T10,0,0,0.41460413,0,0.091344182,0,0,0,0,0,0,0.015178449,0.063038425,0.023929988,0.061124026,0,0.312867496,0.015041707,0,0,0,0,0,0,0,0,0,0.002871599,9,4.595451532,3.485851755,PMXC6,S,R2A,NB,VT,REP2,T10,33,PMXC6.S.R2A.NB.VT.REP2,SR2AVTNB,1
PMXC6.S.R2A.NB.VT.REP3.T10,0,0,0,0,0.192533844,0,0,0,0,0,0,0,0.05250923,0.018597019,0.086968412,0,0.633529331,0,0,0,0,0,0,0,0,0,0,0.015862163,6,3.044486263,2.225452214,PMXC6,S,R2A,NB,VT,REP3,T10,33,PMXC6.S.R2A.NB.VT.REP3,SR2AVTNB,1
PMXC7.NS.CR.B.RT.REP1.T11,0,0.033574351,0.302449414,0,0,0,0,0,0,0,0,0.110083515,0.030267362,0.164284513,0,0,0.158847598,0.189339163,0,0,0,0,0,0,0,0,0,0.011154083,8,5.921687495,5.159078333,PMXC7,NS,CR,B,RT,REP1,T11,36,PMXC7.NS.CR.B.RT.REP1,NSCRRTB,3
PMXC7.NS.CR.B.RT.REP2.T11,0,0,0.334510397,0,0,0,0,0,0,0,0,0.105487361,0.025839359,0.140350877,0,0,0.176055154,0.196009192,0,0,0.011266185,0,0,0,0,0,0,0.010481475,8,5.458462701,4.693896035,PMXC7,NS,CR,B,RT,REP2,T11,36,PMXC7.NS.CR.B.RT.REP2,NSCRRTB,3
PMXC7.NS.CR.B.RT.REP3.T11,0,0.022924724,0.320665882,0,0,0,0,0,0,0,0,0.09040973,0.021299255,0.163275601,0,0,0.173981279,0.197858864,0,0,0,0,0,0,0,0,0,0.009584665,8,5.561242093,4.804270839,PMXC7,NS,CR,B,RT,REP3,T11,36,PMXC7.NS.CR.B.RT.REP3,NSCRRTB,3
PMXC7.NS.CR.B.VT.REP1.T11,0,0,0.010145171,0,0,0,0,0,0,0,0,0.079984306,0.027184575,0.204697046,0.014965529,0,0.58410403,0.074603442,0,0,0,0,0,0,0,0,0,0.004315902,8,3.544480043,2.524448776,PMXC7,NS,CR,B,VT,REP1,T11,36,PMXC7.NS.CR.B.VT.REP1,NSCRVTB,4
PMXC7.NS.CR.B.VT.REP2.T11,0,0,0,0,0,0,0,0,0,0,0,0.082730789,0.038450759,0.130373858,0.022644471,0,0.616389216,0.098481027,0,0,0,0,0,0,0,0,0,0.010929881,7,3.520993557,2.406237355,PMXC7,NS,CR,B,VT,REP2,T11,36,PMXC7.NS.CR.B.VT.REP2,NSCRVTB,4
PMXC7.NS.CR.B.VT.REP3.T11,0,0,0.044111877,0,0,0,0,0,0,0,0,0.068886273,0.012947705,0.135362368,0.02679222,0,0.553500364,0.150832352,0,0,0,0,0,0,0,0,0,0.00756684,8,4.03732919,2.816346692,PMXC7,NS,CR,B,VT,REP3,T11,36,PMXC7.NS.CR.B.VT.REP3,NSCRVTB,4
PMXC7.NS.CR.NB.RT.REP1.T11,0,0,0.374362424,0,0,0,0,0,0,0,0,0.071072249,0.029426602,0.121013396,0,0,0.135866824,0.254974497,0,0,0.011041982,0,0,0,0,0,0,0.002242027,8,4.943820733,4.093203962,PMXC7,NS,CR,NB,RT,REP1,T11,36,PMXC7.NS.CR.NB.RT.REP1,NSCRRTNB,2
PMXC7.NS.CR.NB.RT.REP2.T11,0,0,0.392130486,0,0,0,0,0,0,0,0,0.076004708,0.036208733,0.104814753,0,0,0.134521608,0.246174542,0,0,0,0,0,0,0,0,0,0.010145171,7,4.85994043,3.989768147,PMXC7,NS,CR,NB,RT,REP2,T11,36,PMXC7.NS.CR.NB.RT.REP2,NSCRRTNB,2
PMXC7.NS.CR.NB.RT.REP3.T11,0,0,0.382770024,0,0,0,0,0,0,0,0,0.051510566,0.019561684,0.113110252,0,0,0.121629953,0.299534779,0,0,0,0,0,0,0,0,0,0.011882742,7,4.544178827,3.745333117,PMXC7,NS,CR,NB,RT,REP3,T11,36,PMXC7.NS.CR.NB.RT.REP3,NSCRRTNB,2
PMXC7.NS.CR.NB.VT.REP1.T11,0,0,0.209349252,0,0,0,0,0,0,0,0,0.099938344,0.022980775,0.144610728,0,0,0.301720756,0.203071577,0,0,0.013732414,0,0,0,0,0,0,0.004596155,8,5.434620504,4.813747818,PMXC7,NS,CR,NB,VT,REP1,T11,36,PMXC7.NS.CR.NB.VT.REP1,NSCRVTNB,3
PMXC7.NS.CR.NB.VT.REP2.T11,0,0,0.127403172,0,0,0,0,0,0,0,0,0.149655288,0.036320834,0.152513873,0.014292921,0,0.338209742,0.158903649,0,0,0.02258842,0,0,0,0,0,0,0.000112101,9,5.814052692,4.912588017,PMXC7,NS,CR,NB,VT,REP2,T11,36,PMXC7.NS.CR.NB.VT.REP2,NSCRVTNB,3
PMXC7.NS.CR.NB.VT.REP3.T11,0,0,0.17409338,0,0,0,0,0,0,0,0,0.105263158,0.028978196,0.142817107,0,0,0.293873662,0.240345272,0,0,0.013284009,0,0,0,0,0,0,0.001345216,8,5.423382281,4.83252515,PMXC7,NS,CR,NB,VT,REP3,T11,36,PMXC7.NS.CR.NB.VT.REP3,NSCRVTNB,3
PMXC7.NS.M9.B.RT.REP1.T11,0,0,0.521495432,0,0,0,0,0,0,0,0,0.464884255,0,0,0,0,0,0,0,0,0,0,0,0,0,0,0,0.013620313,3,2.125747471,2.048087584,PMXC7,NS,M9,B,RT,REP1,T11,36,PMXC7.NS.M9.B.RT.REP1,NSM9RTB,2
PMXC7.NS.M9.B.RT.REP2.T11,0,0,0.509388487,0,0,0,0,0,0,0,0,0.478784821,0,0,0,0,0,0,0,0,0,0,0,0,0,0,0,0.011826691,3,2.11427458,2.045611378,PMXC7,NS,M9,B,RT,REP2,T11,36,PMXC7.NS.M9.B.RT.REP2,NSM9RTB,2
PMXC7.NS.M9.B.RT.REP3.T11,0,0,0.500812735,0,0,0,0,0,0,0,0,0.473403957,0.015974441,0,0,0,0,0,0,0,0,0,0,0,0,0,0,0.009808867,4,2.251915697,2.104040163,PMXC7,NS,M9,B,RT,REP3,T11,36,PMXC7.NS.M9.B.RT.REP3,NSM9RTB,2
PMXC7.NS.M9.B.VT.REP1.T11,0,0,0.632475758,0,0,0,0,0,0,0,0,0.280197298,0.023092876,0,0.011770641,0,0.044896587,0,0,0,0,0,0,0,0,0,0,0.00756684,6,2.616464727,2.077788668,PMXC7,NS,M9,B,VT,REP1,T11,36,PMXC7.NS.M9.B.VT.REP1,NSM9VTB,3
PMXC7.NS.M9.B.VT.REP2.T11,0,0,0.568073538,0,0,0,0,0,0,0,0,0.343758758,0.041477496,0,0,0,0.038562861,0,0,0,0,0,0,0,0,0,0,0.008127347,5,2.677754164,2.251485736,PMXC7,NS,M9,B,VT,REP2,T11,36,PMXC7.NS.M9.B.VT.REP2,NSM9VTB,3
PMXC7.NS.M9.B.VT.REP3.T11,0,0,0.611568858,0,0,0,0,0,0,0,0,0.307437924,0.023373129,0,0,0,0.048371728,0,0,0,0,0,0,0,0,0,0,0.009248361,5,2.562438736,2.120862864,PMXC7,NS,M9,B,VT,REP3,T11,36,PMXC7.NS.M9.B.VT.REP3,NSM9VTB,3
PMXC7.NS.M9.NB.RT.REP1.T11,0,0,0.581077294,0,0,0,0,0,0,0,0,0.387982736,0.016198644,0,0,0,0,0,0,0,0,0,0.013115857,0,0,0,0,0.001625469,5,2.263373407,2.046586493,PMXC7,NS,M9,NB,RT,REP1,T11,36,PMXC7.NS.M9.NB.RT.REP1,NSM9RTNB,1
PMXC7.NS.M9.NB.RT.REP2.T11,0,0,0.594753657,0,0,0,0,0,0,0,0,0.370494927,0.018889076,0,0,0,0,0,0,0,0,0,0.01507763,0,0,0,0,0.000784709,5,2.272174926,2.034243842,PMXC7,NS,M9,NB,RT,REP2,T11,36,PMXC7.NS.M9.NB.RT.REP2,NSM9RTNB,1
PMXC7.NS.M9.NB.RT.REP3.T11,0,0,0.630626086,0,0,0,0,0,0,0,0,0.333725688,0.020178241,0,0,0,0,0,0,0,0,0,0.014180819,0,0,0,0,0.001289165,5,2.235971778,1.962046124,PMXC7,NS,M9,NB,RT,REP3,T11,36,PMXC7.NS.M9.NB.RT.REP3,NSM9RTNB,1
PMXC7.NS.M9.NB.VT.REP1.T11,0,0,0.606860602,0,0,0,0,0,0,0,0,0.242923603,0.057676139,0,0.013844515,0,0.070679895,0,0,0,0,0,0,0,0,0,0,0.008015246,6,2.993953271,2.29426328,PMXC7,NS,M9,NB,VT,REP1,T11,36,PMXC7.NS.M9.NB.VT.REP1,NSM9VTNB,2
PMXC7.NS.M9.NB.VT.REP2.T11,0,0,0.628496161,0,0,0,0,0,0,0,0,0.197354408,0.096239,0,0,0,0.066307942,0,0,0,0,0,0,0,0,0,0,0.011602489,5,2.912654879,2.2333917,PMXC7,NS,M9,NB,VT,REP2,T11,36,PMXC7.NS.M9.NB.VT.REP2,NSM9VTNB,2
PMXC7.NS.M9.NB.VT.REP3.T11,0,0,0.671543075,0,0,0,0,0,0,0,0,0.274143826,0.0460176,0,0,0,0,0,0,0,0,0,0,0,0,0,0,0.008295499,4,2.23354828,1.892823153,PMXC7,NS,M9,NB,VT,REP3,T11,36,PMXC7.NS.M9.NB.VT.REP3,NSM9VTNB,2
PMXC7.S.CR.B.RT.REP1.T11,0,0,0,0,0.017039404,0.011938793,0.020290342,0,0,0,0,0.051118211,0,0.141752144,0.089344768,0,0.467238383,0,0,0,0,0,0,0,0,0.184462754,0,0.016815201,9,4.865143621,3.519208927,PMXC7,S,CR,B,RT,REP1,T11,36,PMXC7.S.CR.B.RT.REP1,SCRRTB,2
PMXC7.S.CR.B.RT.REP2.T11,0,0,0,0,0,0,0.011938793,0,0,0,0,0.078190684,0.010089121,0.171907404,0.10128356,0,0.417745642,0,0,0,0,0,0,0,0,0.172131607,0,0.036713189,8,5.063013278,3.973659512,PMXC7,S,CR,B,RT,REP2,T11,36,PMXC7.S.CR.B.RT.REP2,SCRRTB,2
PMXC7.S.CR.B.RT.REP3.T11,0,0,0,0,0.014517123,0.013340059,0.018104366,0,0,0,0,0.077293874,0,0.238831904,0.109130654,0,0.44683594,0,0,0,0,0,0,0,0,0.045513144,0,0.036432935,9,4.92611688,3.588059803,PMXC7,S,CR,B,RT,REP3,T11,36,PMXC7.S.CR.B.RT.REP3,SCRRTB,2
PMXC7.S.CR.B.VT.REP1.T11,0,0,0,0,0.05268763,0,0,0,0,0,0,0.042990864,0,0.25105095,0.094781683,0,0.36567457,0,0,0,0,0,0,0.012275097,0,0.145339387,0,0.035199821,8,5.36912313,4.294324751,PMXC7,S,CR,B,VT,REP1,T11,36,PMXC7.S.CR.B.VT.REP1,SCRVTB,3
PMXC7.S.CR.B.VT.REP2.T11,0,0,0,0,0.086149879,0.023765484,0,0,0,0,0,0.06440222,0.014573174,0.218765764,0.043271117,0,0.412308727,0,0,0,0,0,0,0,0,0.109354857,0,0.027408778,9,5.543319246,4.085206214,PMXC7,S,CR,B,VT,REP2,T11,36,PMXC7.S.CR.B.VT.REP2,SCRVTB,3
PMXC7.S.CR.B.VT.REP3.T11,0,0,0,0,0.077405975,0.016983353,0.010089121,0,0,0,0,0.06025447,0,0.206042262,0.057339835,0,0.415447565,0,0,0,0.011882742,0,0,0,0,0.122694916,0,0.021859761,10,5.645768578,4.097965112,PMXC7,S,CR,B,VT,REP3,T11,36,PMXC7.S.CR.B.VT.REP3,SCRVTB,3
PMXC7.S.CR.NB.RT.REP1.T11,0,0,0.262709489,0,0.020626646,0.011882742,0.109130654,0,0,0,0,0.039964128,0.016815201,0.153634886,0,0,0.268314556,0.1004428,0,0,0.010761729,0,0,0,0,0,0,0.005717168,11,6.507279858,5.285245986,PMXC7,S,CR,NB,RT,REP1,T11,36,PMXC7.S.CR.NB.RT.REP1,SCRRTNB,1
PMXC7.S.CR.NB.RT.REP2.T11,0,0,0.276385853,0,0.026736169,0.015413934,0.083179194,0,0,0,0,0.057844291,0.01922538,0.14477888,0,0,0.235412813,0.118491116,0,0,0.012667451,0,0,0,0,0,0,0.009864918,11,6.946036852,5.597413337,PMXC7,S,CR,NB,RT,REP2,T11,36,PMXC7.S.CR.NB.RT.REP2,SCRRTNB,1
PMXC7.S.CR.NB.RT.REP3.T11,0,0,0.244212768,0,0.072753769,0.018833025,0.089232666,0,0,0,0,0.045961549,0.020178241,0.142761056,0,0,0.229639594,0.120621041,0,0,0.010817779,0,0,0,0,0,0,0.00498851,11,7.33002445,6.113359846,PMXC7,S,CR,NB,RT,REP3,T11,36,PMXC7.S.CR.NB.RT.REP3,SCRRTNB,1
PMXC7.S.CR.NB.VT.REP1.T11,0,0,0.262821591,0,0.181884424,0.012106945,0.042542458,0,0,0,0,0.057395886,0.017263606,0.174205482,0,0,0.138669357,0.095286139,0,0,0.01423687,0,0,0,0,0,0,0.003587243,11,7.143409017,6.003206809,PMXC7,S,CR,NB,VT,REP1,T11,36,PMXC7.S.CR.NB.VT.REP1,SCRVTNB,2
PMXC7.S.CR.NB.VT.REP2.T11,0,0,0.25351718,0,0.106440222,0.013732414,0.115912785,0,0,0,0,0.056723278,0.016366796,0.142032397,0,0,0.118379015,0.159296004,0,0,0.01586234,0,0,0,0,0,0,0.001737571,11,7.570861095,6.556221474,PMXC7,S,CR,NB,VT,REP2,T11,36,PMXC7.S.CR.NB.VT.REP2,SCRVTNB,2
PMXC7.S.CR.NB.VT.REP3.T11,0,0,0.272013901,0,0.113334454,0.015526036,0.093884872,0,0,0,0,0.038114455,0.010929881,0.147189059,0,0,0.148310072,0.150047643,0,0,0,0,0,0,0,0,0,0.010649627,10,7.096609588,6.106793108,PMXC7,S,CR,NB,VT,REP3,T11,36,PMXC7.S.CR.NB.VT.REP3,SCRVTNB,2
PMXC7.S.M9.B.RT.REP1.T11,0,0,0.677764699,0,0,0,0,0,0,0,0,0.265063618,0.027520879,0,0,0,0,0,0,0,0,0,0.023877585,0,0,0,0,0.005773219,5,2.301086753,1.883293873,PMXC7,S,M9,B,RT,REP1,T11,36,PMXC7.S.M9.B.RT.REP1,SM9RTB,1
PMXC7.S.M9.B.RT.REP2.T11,0,0,0.677484446,0,0,0,0,0,0,0,0,0.286755227,0.010705678,0,0,0,0,0,0,0,0,0,0.019841937,0,0,0,0,0.005212712,5,2.172192792,1.845872521,PMXC7,S,M9,B,RT,REP2,T11,36,PMXC7.S.M9.B.RT.REP2,SM9RTB,1
PMXC7.S.M9.B.RT.REP3.T11,0,0,0.620256712,0,0,0,0,0,0,0,0,0.346841545,0.017319657,0,0,0,0,0,0,0,0,0,0.012891654,0,0,0,0,0.002690432,5,2.238435598,1.978275177,PMXC7,S,M9,B,RT,REP3,T11,36,PMXC7.S.M9.B.RT.REP3,SM9RTB,1
PMXC7.S.M9.B.VT.REP1.T11,0,0,0.583375371,0,0,0,0,0,0,0,0,0.384003139,0,0,0,0,0,0,0,0,0,0,0.021075052,0,0,0,0,0.011546438,4,2.258683386,2.047658378,PMXC7,S,M9,B,VT,REP1,T11,36,PMXC7.S.M9.B.VT.REP1,SM9VTB,2
PMXC7.S.M9.B.VT.REP2.T11,0,0,0.628944566,0,0,0,0,0,0,0,0,0.340003363,0.014629225,0,0,0,0,0,0,0,0,0,0.014517123,0,0,0,0,0.001905723,5,2.211403477,1.954644634,PMXC7,S,M9,B,VT,REP2,T11,36,PMXC7.S.M9.B.VT.REP2,SM9VTB,2
PMXC7.S.M9.B.VT.REP3.T11,0,0,0.673392747,0,0,0,0,0,0,0,0,0.287764139,0,0,0,0,0.014629225,0,0,0,0,0,0.013564262,0,0,0,0,0.010649627,5,2.210522034,1.862969608,PMXC7,S,M9,B,VT,REP3,T11,36,PMXC7.S.M9.B.VT.REP3,SM9VTB,2
PMXC7.S.M9.NB.RT.REP1.T11,0,0,0,0.01591839,0,0,0,0,0,0,0,0.908020851,0.024606244,0,0,0,0,0.047138613,0,0,0,0,0,0,0,0,0,0.004315902,5,1.510097702,1.208311145,PMXC7,S,M9,NB,RT,REP1,T11,36,PMXC7.S.M9.NB.RT.REP1,SM9RTNB,0
PMXC7.S.M9.NB.RT.REP2.T11,0,0,0,0.012611401,0,0,0,0,0,0,0,0.935429628,0.021187153,0,0,0,0,0.029875007,0,0,0,0,0,0,0,0,0,0.000896811,5,1.364011026,1.140862455,PMXC7,S,M9,NB,RT,REP2,T11,36,PMXC7.S.M9.NB.RT.REP2,SM9RTNB,0
PMXC7.S.M9.NB.RT.REP3.T11,0,0,0.673000392,0,0,0,0,0,0,0,0,0.218037106,0.076060759,0,0,0,0.014292921,0,0,0,0,0,0.017207556,0,0,0,0,0.001401267,6,2.54563773,1.973331227,PMXC7,S,M9,NB,RT,REP3,T11,36,PMXC7.S.M9.NB.RT.REP3,SM9RTNB,0
PMXC7.S.M9.NB.VT.REP1.T11,0,0,0.66694692,0,0,0,0,0,0,0,0,0.186256376,0.103021131,0,0,0,0.024325991,0,0,0,0,0,0.01759991,0,0,0,0,0.001849672,6,2.692476709,2.036544085,PMXC7,S,M9,NB,VT,REP1,T11,36,PMXC7.S.M9.NB.VT.REP1,SM9VTNB,1
PMXC7.S.M9.NB.VT.REP2.T11,0,0,0.623843955,0,0,0,0,0,0,0,0,0.31545317,0.047362816,0,0,0,0,0,0,0,0,0,0,0,0,0,0,0.013340059,4,2.364006727,2.036190534,PMXC7,S,M9,NB,VT,REP2,T11,36,PMXC7.S.M9.NB.VT.REP2,SM9VTNB,1
PMXC7.S.M9.NB.VT.REP3.T11,0,0,0,0,0,0,0,0,0,0,0,0.810380584,0.022644471,0,0,0,0.144274424,0.01759991,0,0,0,0,0,0,0,0,0,0.005100611,5,1.88419787,1.474099311,PMXC7,S,M9,NB,VT,REP3,T11,36,PMXC7.S.M9.NB.VT.REP3,SM9VTNB,1
PMXC6.NS.CR.B.RT.REP1.T11,0,0,0.380555176,0,0,0,0,0,0,0,0,0.067003966,0,0.110077943,0,0,0.223711199,0.203883495,0,0,0,0,0,0,0,0,0,0.014768221,6,4.540893581,3.948476997,PMXC6,NS,CR,B,RT,REP1,T11,36,PMXC6.NS.CR.B.RT.REP1,NSCRRTB,3
PMXC6.NS.CR.B.RT.REP2.T11,0,0,0.373581294,0,0,0,0,0,0,0,0,0.108300287,0.017913305,0.102146862,0,0,0.182688363,0.208669493,0,0,0,0,0,0,0,0,0,0.006700397,7,4.878044216,4.183930724,PMXC6,NS,CR,B,RT,REP2,T11,36,PMXC6.NS.CR.B.RT.REP2,NSCRRTB,3
PMXC6.NS.CR.B.RT.REP3.T11,0,0,0.35033502,0,0,0,0,0,0,0,0,0.092164638,0.014357993,0.10009572,0,0,0.197046356,0.237932449,0,0,0,0,0,0,0,0,0,0.008067824,7,4.850438841,4.220148998,PMXC6,NS,CR,B,RT,REP3,T11,36,PMXC6.NS.CR.B.RT.REP3,NSCRRTB,3
PMXC6.NS.CR.B.VT.REP1.T11,0.013947764,0.063175168,0.162176945,0,0.055517571,0,0,0,0,0,0,0.084643785,0.010255709,0.10009572,0.025297416,0,0.362368385,0.106659374,0,0,0,0,0,0,0,0,0,0.015862163,11,6.967486182,5.14306084,PMXC6,NS,CR,B,VT,REP1,T11,36,PMXC6.NS.CR.B.VT.REP1,NSCRVTB,4
PMXC6.NS.CR.B.VT.REP2.T11,0,0.064405853,0.115547655,0,0.077396417,0,0,0,0,0.016819363,0,0.092027896,0.015998906,0.127307535,0.016272392,0,0.306850814,0.126623821,0,0,0.014494735,0,0,0,0,0,0,0.026254615,12,8.07675698,6.24765774,PMXC6,NS,CR,B,VT,REP2,T11,36,PMXC6.NS.CR.B.VT.REP2,NSCRVTB,4
PMXC6.NS.CR.B.VT.REP3.T11,0,0.051141802,0.140708328,0,0.073020648,0.01326405,0,0,0,0,0,0.113086285,0.014084507,0.07753316,0.017503077,0,0.283741283,0.170791741,0,0,0.017229591,0,0,0,0,0,0,0.027895529,12,8.013226343,6.329881092,PMXC6,NS,CR,B,VT,REP3,T11,36,PMXC6.NS.CR.B.VT.REP3,NSCRVTB,4
PMXC6.NS.CR.NB.RT.REP1.T11,0,0,0.333515657,0,0,0,0,0,0,0,0,0.101052919,0.020237932,0.103787775,0,0,0.187337618,0.239710105,0,0,0,0,0,0,0,0,0,0.014357993,7,5.098632713,4.436786908,PMXC6,NS,CR,NB,RT,REP1,T11,36,PMXC6.NS.CR.NB.RT.REP1,NSCRRTNB,2
PMXC6.NS.CR.NB.RT.REP2.T11,0,0,0.360453986,0,0,0,0,0,0,0,0,0.082045672,0.015315192,0.115000684,0,0,0.193764529,0.227950226,0,0,0,0,0,0,0,0,0,0.005469711,7,4.802879879,4.172678862,PMXC6,NS,CR,NB,RT,REP2,T11,36,PMXC6.NS.CR.NB.RT.REP2,NSCRRTNB,2
PMXC6.NS.CR.NB.RT.REP3.T11,0,0,0.361958157,0,0,0,0,0,0,0,0,0.067277451,0.014357993,0.102420347,0,0,0.189115274,0.257896896,0,0,0,0,0,0,0,0,0,0.006973882,7,4.677672299,4.023172297,PMXC6,NS,CR,NB,RT,REP3,T11,36,PMXC6.NS.CR.NB.RT.REP3,NSCRRTNB,2
PMXC6.NS.CR.NB.VT.REP1.T11,0,0.060440312,0.17762888,0,0.100232463,0,0,0,0,0,0,0.107343088,0.019007247,0.080131273,0,0,0.235881307,0.181731164,0,0,0,0,0,0,0,0,0,0.037604266,9,7.375996183,6.50886066,PMXC6,NS,CR,NB,VT,REP1,T11,36,PMXC6.NS.CR.NB.VT.REP1,NSCRVTNB,3
PMXC6.NS.CR.NB.VT.REP2.T11,0,0.042253521,0.178859565,0,0.162860659,0,0,0,0,0,0,0.101052919,0.016956106,0.090386982,0,0,0.176398195,0.203336524,0,0,0.01175988,0,0,0,0,0,0,0.016135649,10,7.417977968,6.586338537,PMXC6,NS,CR,NB,VT,REP2,T11,36,PMXC6.NS.CR.NB.VT.REP2,NSCRVTNB,3
PMXC6.NS.CR.NB.VT.REP3.T11,0,0.038561466,0.173116368,0.017503077,0.088062355,0.018870505,0.024203473,0,0,0,0,0.110488172,0.021468618,0.082045672,0,0,0.209626692,0.194174757,0,0,0,0,0,0,0,0,0,0.021878846,12,8.493629797,7.042977464,PMXC6,NS,CR,NB,VT,REP3,T11,36,PMXC6.NS.CR.NB.VT.REP3,NSCRVTNB,3
PMXC6.NS.R2A.B.RT.REP1.T11,0,0.011076166,0.414467387,0,0,0,0,0,0,0,0,0.113496513,0.151784493,0.232462738,0,0,0.059346369,0,0,0,0,0,0,0,0,0,0,0.017366334,7,4.596161323,3.763807633,PMXC6,NS,R2A,B,RT,REP1,T11,36,PMXC6.NS.R2A.B.RT.REP1,NSR2ARTB,2
PMXC6.NS.R2A.B.RT.REP2.T11,0,0.012717079,0.457267879,0,0,0,0,0,0,0,0,0.113086285,0.129495419,0.210036921,0,0,0.061534254,0,0,0,0,0,0,0,0,0,0,0.015862163,7,4.435115047,3.484723797,PMXC6,NS,R2A,B,RT,REP2,T11,36,PMXC6.NS.R2A.B.RT.REP2,NSR2ARTB,2
PMXC6.NS.R2A.B.RT.REP3.T11,0,0.011076166,0.422671954,0,0.010939423,0,0,0,0,0,0,0.108984001,0.150690551,0.220702858,0,0,0.063448653,0,0,0,0,0,0,0,0,0,0,0.011486394,8,4.71028478,3.754507641,PMXC6,NS,R2A,B,RT,REP3,T11,36,PMXC6.NS.R2A.B.RT.REP3,NSR2ARTB,2
PMXC6.NS.R2A.B.VT.REP1.T11,0,0.019417476,0.4445508,0,0.12416245,0,0.018186791,0,0,0,0,0.147545467,0.055380829,0.122931765,0,0,0.038014495,0.014631478,0,0,0,0,0,0,0,0,0,0.015178449,10,5.577698802,3.912546559,PMXC6,NS,R2A,B,VT,REP1,T11,36,PMXC6.NS.R2A.B.VT.REP1,NSR2AVTB,3
PMXC6.NS.R2A.B.VT.REP2.T11,0,0.016819363,0.439217831,0,0.15752769,0,0,0,0,0,0,0.103787775,0.050731574,0.143716669,0,0,0.066867223,0.013537536,0,0,0,0,0,0,0,0,0,0.007794339,9,5.27688209,3.895211255,PMXC6,NS,R2A,B,VT,REP2,T11,36,PMXC6.NS.R2A.B.VT.REP2,NSR2AVTB,3
PMXC6.NS.R2A.B.VT.REP3.T11,0,0.021331875,0.411459046,0,0.183782305,0,0,0,0,0,0,0.106112403,0.044714891,0.123205251,0,0,0.063585396,0.017229591,0,0,0,0,0,0,0,0,0,0.028579242,9,5.700412724,4.217183915,PMXC6,NS,R2A,B,VT,REP3,T11,36,PMXC6.NS.R2A.B.VT.REP3,NSR2AVTB,3
PMXC6.NS.R2A.NB.RT.REP1.T11,0,0.016545877,0.487077807,0,0,0,0,0,0,0,0,0.127717763,0.164228087,0.110351429,0,0,0.067414194,0.019007247,0,0,0,0,0,0,0,0,0,0.007657596,8,4.551303349,3.356343609,PMXC6,NS,R2A,NB,RT,REP1,T11,36,PMXC6.NS.R2A.NB.RT.REP1,NSR2ARTNB,1
PMXC6.NS.R2A.NB.RT.REP2.T11,0,0.012990565,0.463421305,0,0.016956106,0,0,0,0,0,0,0.129358676,0.151784493,0.104881717,0,0,0.104608232,0.012443594,0,0,0,0,0,0,0,0,0,0.003555312,9,4.854917213,3.608827502,PMXC6,NS,R2A,NB,RT,REP2,T11,36,PMXC6.NS.R2A.NB.RT.REP2,NSR2ARTNB,1
PMXC6.NS.R2A.NB.RT.REP3.T11,0,0.016135649,0.488992206,0,0.037330781,0,0,0,0,0,0,0.124709422,0.152878436,0.102693833,0,0,0.05838917,0.016135649,0,0,0,0,0,0,0,0,0,0.002734856,9,4.79808942,3.402347265,PMXC6,NS,R2A,NB,RT,REP3,T11,36,PMXC6.NS.R2A.NB.RT.REP3,NSR2ARTNB,1
PMXC6.NS.R2A.NB.VT.REP1.T11,0,0.021331875,0.534664296,0,0,0,0,0,0,0,0,0.112676056,0.099685492,0.054150144,0,0,0.156160263,0,0,0,0,0,0,0,0,0,0,0.021331875,7,4.14802063,2.969761612,PMXC6,NS,R2A,NB,VT,REP1,T11,36,PMXC6.NS.R2A.NB.VT.REP1,NSR2AVTNB,2
PMXC6.NS.R2A.NB.VT.REP2.T11,0,0.013674279,0.55052646,0,0,0,0,0,0,0,0,0.132913989,0.079721045,0.052099002,0,0,0.149596609,0.011486394,0,0,0,0,0,0,0,0,0,0.009982223,8,4.025228684,2.83597051,PMXC6,NS,R2A,NB,VT,REP2,T11,36,PMXC6.NS.R2A.NB.VT.REP2,NSR2AVTNB,2
PMXC6.NS.R2A.NB.VT.REP3.T11,0,0,0.495555859,0,0,0,0,0,0,0,0,0.093668809,0.088472583,0.072336934,0,0,0.217557774,0.014768221,0,0,0,0,0,0,0,0,0,0.017639819,7,4.218908895,3.171883067,PMXC6,NS,R2A,NB,VT,REP3,T11,36,PMXC6.NS.R2A.NB.VT.REP3,NSR2AVTNB,2
PMXC6.S.CR.B.RT.REP1.T11,0.037877752,0,0.098454807,0,0.033912211,0,0.066183509,0,0,0,0,0.057021742,0.012717079,0.162040202,0.101873376,0,0.313140982,0.047859975,0,0,0,0,0,0,0,0.037741009,0,0.031177355,12,8.448315783,6.271517339,PMXC6,S,CR,B,RT,REP1,T11,36,PMXC6.S.CR.B.RT.REP1,SCRRTB,2
PMXC6.S.CR.B.RT.REP2.T11,0.01422125,0,0.029673185,0,0.011212909,0,0.023929988,0,0,0,0,0.087788869,0.019417476,0.210447149,0.251059757,0,0.179133051,0.022699303,0,0,0,0,0,0.011349651,0,0.112265828,0,0.026801586,13,7.821883018,6.125998038,PMXC6,S,CR,B,RT,REP2,T11,36,PMXC6.S.CR.B.RT.REP2,SCRRTB,2
PMXC6.S.CR.B.RT.REP3.T11,0.013674279,0,0.089703268,0.011896622,0.029673185,0,0.050731574,0,0,0,0,0.053056201,0.013537536,0.192670587,0.096813893,0,0.310132641,0.046492548,0,0,0,0,0,0.014768221,0,0.046766033,0,0.030083413,14,8.648096105,6.135854764,PMXC6,S,CR,B,RT,REP3,T11,36,PMXC6.S.CR.B.RT.REP3,SCRRTB,2
PMXC6.S.CR.B.VT.REP1.T11,0.173253111,0.027075072,0.01080268,0.021195132,0.042253521,0.021195132,0.028032271,0,0,0,0,0.043210721,0,0.068644879,0.066456994,0,0.337891426,0.019417476,0,0,0,0,0,0.07849036,0,0.035142896,0,0.026938329,15,9.073478702,5.952347689,PMXC6,S,CR,B,VT,REP1,T11,36,PMXC6.S.CR.B.VT.REP1,SCRVTB,3
PMXC6.S.CR.B.VT.REP2.T11,0.169014085,0.048543689,0.018460276,0.017503077,0.053056201,0.011076166,0.026391358,0,0,0,0,0.068371393,0,0.075482018,0.049364146,0.014904964,0.332284972,0.020784904,0,0,0,0,0,0.038971694,0,0.026254615,0,0.029536442,16,9.542518147,6.166729529,PMXC6,S,CR,B,VT,REP2,T11,36,PMXC6.S.CR.B.VT.REP2,SCRVTB,3
PMXC6.S.CR.B.VT.REP3.T11,0.132367018,0,0,0.015588678,0.0274853,0.011212909,0.031997812,0,0,0,0,0.050321346,0,0.150690551,0.118419253,0.013400793,0.278545057,0,0,0,0,0,0,0.066593737,0,0.061124026,0.012717079,0.029536442,14,9.067362208,6.85382204,PMXC6,S,CR,B,VT,REP3,T11,36,PMXC6.S.CR.B.VT.REP3,SCRVTB,3
PMXC6.S.CR.NB.RT.REP1.T11,0,0,0.193491043,0,0.024340216,0,0.044304663,0,0,0,0,0.08587447,0.014084507,0.133734446,0.05838917,0,0.21933543,0.143032955,0,0,0.012170108,0,0,0.044988377,0,0,0,0.026254615,12,8.600059888,7.128144873,PMXC6,S,CR,NB,RT,REP1,T11,36,PMXC6.S.CR.NB.RT.REP1,SCRRTNB,1
PMXC6.S.CR.NB.RT.REP2.T11,0,0.017776562,0.182961849,0,0.022425817,0,0.069738821,0,0,0,0,0.088062355,0.021195132,0.1383837,0.052372487,0,0.237932449,0.110214686,0,0,0.01422125,0,0,0.012170108,0,0,0,0.032544783,13,8.911636361,7.172404974,PMXC6,S,CR,NB,RT,REP2,T11,36,PMXC6.S.CR.NB.RT.REP2,SCRRTNB,1
PMXC6.S.CR.NB.RT.REP3.T11,0,0,0.185696704,0,0.025707644,0,0.057021742,0,0,0,0,0.086968412,0.021195132,0.144400383,0.050184603,0,0.247504444,0.134281417,0,0,0.011623137,0,0,0.010665937,0,0,0,0.024750444,12,8.172154784,6.669791502,PMXC6,S,CR,NB,RT,REP3,T11,36,PMXC6.S.CR.NB.RT.REP3,SCRRTNB,1
PMXC6.S.CR.NB.VT.REP1.T11,0,0,0.144810611,0.012033365,0.065910023,0.011076166,0.033501983,0,0,0,0,0.076439218,0.014631478,0.158758375,0.061944482,0,0.249008615,0.114453713,0,0,0,0,0,0.024613702,0,0,0,0.032818269,13,8.991896793,7.215512146,PMXC6,S,CR,NB,VT,REP1,T11,36,PMXC6.S.CR.NB.VT.REP1,SCRVTNB,2
PMXC6.S.CR.NB.VT.REP2.T11,0,0.015315192,0.13099959,0.019554219,0.064816081,0.010392452,0.041569807,0,0,0,0,0.074524819,0.014084507,0.138657186,0.057842199,0,0.256666211,0.124025708,0,0,0.012306851,0,0,0.01914399,0,0,0,0.02010119,15,9.707457558,7.444864607,PMXC6,S,CR,NB,VT,REP2,T11,36,PMXC6.S.CR.NB.VT.REP2,SCRVTNB,2
PMXC6.S.CR.NB.VT.REP3.T11,0,0,0.175440995,0.011486394,0.06673048,0.011896622,0.045398605,0,0,0,0,0.064816081,0.01422125,0.128948448,0.039655408,0,0.242718447,0.139477643,0,0,0.013400793,0,0,0.01422125,0,0,0,0.031587584,14,9.080841626,7.147120923,PMXC6,S,CR,NB,VT,REP3,T11,36,PMXC6.S.CR.NB.VT.REP3,SCRVTNB,2
PMXC6.S.R2A.B.RT.REP1.T11,0,0,0.278271571,0,0.126760563,0.024613702,0.036510324,0,0,0,0,0.070832764,0.127170792,0.243949132,0,0,0.057021742,0,0,0,0.013400793,0,0,0,0,0,0,0.021468618,10,6.871154656,5.554476222,PMXC6,S,R2A,B,RT,REP1,T11,36,PMXC6.S.R2A.B.RT.REP1,SR2ARTB,1
PMXC6.S.R2A.B.RT.REP2.T11,0,0,0.316833037,0,0.099822234,0.010939423,0.050184603,0,0,0,0,0.063448653,0.117188568,0.264734035,0,0,0.04909066,0,0,0,0.011486394,0,0,0,0,0,0,0.016272392,10,6.284405015,4.910736568,PMXC6,S,R2A,B,RT,REP2,T11,36,PMXC6.S.R2A.B.RT.REP2,SR2ARTB,1
PMXC6.S.R2A.B.RT.REP3.T11,0,0,0.344044852,0,0.114180227,0.012170108,0.053739915,0,0,0,0,0.060166826,0.096813893,0.240393819,0.012443594,0,0.040475865,0.012717079,0,0,0,0,0,0,0,0,0,0.012853822,11,6.419464695,4.822942013,PMXC6,S,R2A,B,RT,REP3,T11,36,PMXC6.S.R2A.B.RT.REP3,SR2ARTB,1
PMXC6.S.R2A.B.VT.REP1.T11,0,0,0,0,0.053192944,0,0.035689867,0,0,0,0,0.018597019,0,0.037330781,0.083960071,0,0.755230412,0,0,0,0,0,0,0,0,0,0,0.015998906,7,2.606571896,1.713734601,PMXC6,S,R2A,B,VT,REP1,T11,36,PMXC6.S.R2A.B.VT.REP1,SR2AVTB,2
PMXC6.S.R2A.B.VT.REP2.T11,0,0,0,0,0.015451935,0,0,0,0,0,0,0,0,0.076575961,0.092574867,0,0.792834678,0,0,0,0,0,0,0,0,0,0,0.02256256,5,2.119314695,1.553353076,PMXC6,S,R2A,B,VT,REP2,T11,36,PMXC6.S.R2A.B.VT.REP2,SR2AVTB,2
PMXC6.S.R2A.B.VT.REP3.T11,0,0,0,0,0.165322029,0,0.053603172,0,0,0,0,0,0.0284425,0.016409134,0.120743881,0,0.606180774,0,0,0,0,0,0,0,0,0,0,0.00929851,7,3.405185531,2.418943696,PMXC6,S,R2A,B,VT,REP3,T11,36,PMXC6.S.R2A.B.VT.REP3,SR2AVTB,2
PMXC6.S.R2A.NB.RT.REP1.T11,0,0,0.435525776,0,0.05004786,0,0,0,0,0,0,0.038971694,0.11335977,0.045398605,0.027758786,0,0.252290442,0.035006153,0,0,0,0,0,0,0,0,0,0.001640913,9,4.954787948,3.646083509,PMXC6,S,R2A,NB,RT,REP1,T11,36,PMXC6.S.R2A.NB.RT.REP1,SR2ARTNB,0
PMXC6.S.R2A.NB.RT.REP2.T11,0,0,0.441952687,0,0.040612608,0,0,0,0,0,0,0.037057295,0.100642691,0.042663749,0.035689867,0,0.274579516,0.023383017,0,0,0,0,0,0,0,0,0,0.00341857,9,4.758133968,3.478017945,PMXC6,S,R2A,NB,RT,REP2,T11,36,PMXC6.S.R2A.NB.RT.REP2,SR2ARTNB,0
PMXC6.S.R2A.NB.RT.REP3.T11,0,0,0.377410092,0,0.038698209,0,0,0,0,0,0,0.017639819,0.136742787,0.046082319,0.045945576,0,0.319294407,0.016545877,0,0,0,0,0,0,0,0,0,0.001640913,9,4.77378171,3.711874848,PMXC6,S,R2A,NB,RT,REP3,T11,36,PMXC6.S.R2A.NB.RT.REP3,SR2ARTNB,0
PMXC6.S.R2A.NB.VT.REP1.T11,0,0,0.429645836,0,0.13250376,0,0,0,0,0,0,0.066046766,0.065910023,0.033638726,0.027348557,0,0.189662245,0.046219062,0,0,0,0,0,0,0,0,0,0.009025024,9,5.484460664,3.985206514,PMXC6,S,R2A,NB,VT,REP1,T11,36,PMXC6.S.R2A.NB.VT.REP1,SR2AVTNB,1
PMXC6.S.R2A.NB.VT.REP2.T11,0,0,0.426090524,0,0.104471489,0,0,0,0,0,0,0.045535348,0.076302475,0.026528101,0.03678381,0,0.244085874,0.031040613,0,0,0,0,0,0,0,0,0,0.009161767,9,5.203101417,3.801629128,PMXC6,S,R2A,NB,VT,REP2,T11,36,PMXC6.S.R2A.NB.VT.REP2,SR2AVTNB,1
PMXC6.S.R2A.NB.VT.REP3.T11,0,0,0.331601258,0,0.193627786,0,0,0,0,0,0,0.027758786,0.064132367,0.035006153,0.050731574,0,0.274169288,0.016956106,0,0,0,0,0,0,0,0,0,0.006016683,9,5.380854093,4.317299845,PMXC6,S,R2A,NB,VT,REP3,T11,36,PMXC6.S.R2A.NB.VT.REP3,SR2AVTNB,1
PMXC7.NS.CR.B.RT.REP1.T12,0,0.032453338,0.306036657,0,0,0,0,0,0,0,0,0.106888627,0.028753994,0.145899894,0,0,0.187937896,0.175270444,0,0,0.015526036,0,0,0,0,0,0,0.001233115,9,5.97632685,5.140506383,PMXC7,NS,CR,B,RT,REP1,T12,39,PMXC7.NS.CR.B.RT.REP1,NSCRRTB,3
PMXC7.NS.CR.B.RT.REP2.T12,0,0.011826691,0.365786671,0,0,0,0,0,0,0,0,0.080096407,0.021187153,0.154587747,0,0,0.172131607,0.179306093,0,0,0.010817779,0,0,0,0,0,0,0.004259851,9,5.344600721,4.412739468,PMXC7,NS,CR,B,RT,REP2,T12,39,PMXC7.NS.CR.B.RT.REP2,NSCRRTB,3
PMXC7.NS.CR.B.RT.REP3.T12,0,0.019785886,0.319488818,0,0,0,0,0,0,0,0,0.080096407,0.021467407,0.158735497,0,0,0.227565719,0.165069223,0,0,0,0,0,0,0,0,0,0.007791043,8,5.425075369,4.68093499,PMXC7,NS,CR,B,RT,REP3,T12,39,PMXC7.NS.CR.B.RT.REP3,NSCRRTB,3
PMXC7.NS.CR.B.VT.REP1.T12,0,0,0,0,0,0,0,0,0,0,0,0.082898941,0.024382041,0.213048596,0.03093997,0,0.595033911,0.040804888,0,0,0.010705678,0,0,0,0,0,0,0.002185976,8,3.439556575,2.441027891,PMXC7,NS,CR,B,VT,REP1,T12,39,PMXC7.NS.CR.B.VT.REP1,NSCRVTB,4
PMXC7.NS.CR.B.VT.REP2.T12,0,0,0,0,0,0,0,0,0,0,0,0.054761504,0.013003755,0.178185079,0.056835379,0,0.634381481,0.047979373,0,0,0.011546438,0,0,0,0,0,0,0.00330699,8,3.289385953,2.25716187,PMXC7,NS,CR,B,VT,REP2,T12,39,PMXC7.NS.CR.B.VT.REP2,NSCRVTB,4
PMXC7.NS.CR.B.VT.REP3.T12,0,0,0,0,0,0,0,0,0,0,0,0.070175439,0.024998599,0.14724511,0.159464156,0,0.58074099,0,0,0,0,0,0,0,0,0,0,0.017375708,6,3.453943197,2.562647284,PMXC7,NS,CR,B,VT,REP3,T12,39,PMXC7.NS.CR.B.VT.REP3,NSCRVTB,4
PMXC7.NS.CR.NB.RT.REP1.T12,0,0,0.355417297,0,0,0,0,0,0,0,0,0.099938344,0.041197242,0.120789193,0,0,0.102460624,0.266464884,0,0,0,0,0,0,0,0,0,0.013732414,7,5.100162968,4.268275396,PMXC7,NS,CR,NB,RT,REP1,T12,39,PMXC7.NS.CR.NB.RT.REP1,NSCRRTNB,2
PMXC7.NS.CR.NB.RT.REP2.T12,0,0,0.397399249,0,0,0,0,0,0,0,0,0.075219999,0.027969284,0.111821086,0,0,0.110251668,0.263998655,0,0,0.01003307,0,0,0,0,0,0,0.00330699,8,4.788057613,3.863498487,PMXC7,NS,CR,NB,RT,REP2,T12,39,PMXC7.NS.CR.NB.RT.REP2,NSCRRTNB,2
PMXC7.NS.CR.NB.RT.REP3.T12,0,0,0.404797937,0,0,0,0,0,0,0,0,0.079255647,0.027520879,0.108009641,0,0,0.082898941,0.285410011,0,0,0,0,0,0,0,0,0,0.012106945,7,4.590486477,3.689437937,PMXC7,NS,CR,NB,RT,REP3,T12,39,PMXC7.NS.CR.NB.RT.REP3,NSCRRTNB,2
PMXC7.NS.CR.NB.VT.REP1.T12,0,0,0.234011546,0,0,0,0,0,0,0,0,0.082170282,0.017151505,0.102292472,0,0,0.317078639,0.219606524,0,0,0.021075052,0,0,0,0,0,0,0.006613979,8,5.258286358,4.514161668,PMXC7,NS,CR,NB,VT,REP1,T12,39,PMXC7.NS.CR.NB.VT.REP1,NSCRVTNB,3
PMXC7.NS.CR.NB.VT.REP2.T12,0,0,0.235188611,0,0,0,0,0,0,0,0,0.090521832,0.019729836,0.111484782,0,0,0.324197074,0.19494423,0,0,0.015469985,0,0,0,0,0,0,0.008463651,8,5.30519501,4.550750854,PMXC7,NS,CR,NB,VT,REP2,T12,39,PMXC7.NS.CR.NB.VT.REP2,NSCRVTNB,3
PMXC7.NS.CR.NB.VT.REP3.T12,0,0,0.24852867,0,0,0,0,0,0,0,0,0.049100387,0.013788465,0.09960204,0,0,0.330867104,0.242755451,0,0,0.013340059,0,0,0,0,0,0,0.002017824,8,4.770846483,4.117372893,PMXC7,NS,CR,NB,VT,REP3,T12,39,PMXC7.NS.CR.NB.VT.REP3,NSCRVTNB,3
PMXC7.NS.M9.B.RT.REP1.T12,0,0,0.556583151,0,0,0,0,0,0,0,0,0.429684435,0.011938793,0,0,0,0,0,0,0,0,0,0,0,0,0,0,0.001793621,4,2.123968734,2.02200234,PMXC7,NS,M9,B,RT,REP1,T12,39,PMXC7.NS.M9.B.RT.REP1,NSM9RTB,2
PMXC7.NS.M9.B.RT.REP2.T12,0,0,0.539375596,0,0,0,0,0,0,0,0,0.438260187,0.011378286,0,0,0,0,0,0,0,0,0,0,0,0,0,0,0.010985931,4,2.214458933,2.069330087,PMXC7,NS,M9,B,RT,REP2,T12,39,PMXC7.NS.M9.B.RT.REP2,NSM9RTB,2
PMXC7.NS.M9.B.RT.REP3.T12,0,0,0.497393644,0,0,0,0,0,0,0,0,0.470545373,0.023373129,0,0,0,0,0,0,0,0,0,0,0,0,0,0,0.008687854,4,2.295883473,2.130219614,PMXC7,NS,M9,B,RT,REP3,T12,39,PMXC7.NS.M9.B.RT.REP3,NSM9RTB,2
PMXC7.NS.M9.B.VT.REP1.T12,0,0,0.640659156,0,0,0,0,0,0,0,0,0.281038058,0.024718345,0,0.012891654,0,0.036601087,0,0,0,0,0,0,0,0,0,0,0.004091699,6,2.542355844,2.034339168,PMXC7,NS,M9,B,VT,REP1,T12,39,PMXC7.NS.M9.B.VT.REP1,NSM9VTB,3
PMXC7.NS.M9.B.VT.REP2.T12,0,0,0.655680735,0,0,0,0,0,0,0,0,0.296339891,0.023653383,0,0,0,0.013508211,0,0,0,0,0,0,0,0,0,0,0.010817779,5,2.299865138,1.928292448,PMXC7,NS,M9,B,VT,REP2,T12,39,PMXC7.NS.M9.B.VT.REP2,NSM9VTB,3
PMXC7.NS.M9.B.VT.REP3.T12,0,0,0.654503671,0,0,0,0,0,0,0,0,0.285690264,0.020682697,0,0.011378286,0,0.023541281,0,0,0,0,0,0,0,0,0,0,0.0042038,6,2.405508137,1.956475901,PMXC7,NS,M9,B,VT,REP3,T12,39,PMXC7.NS.M9.B.VT.REP3,NSM9VTB,3
PMXC7.NS.M9.NB.RT.REP1.T12,0,0,0.575360126,0,0,0,0,0,0,0,0,0.395493526,0.025895409,0,0,0,0,0,0,0,0,0,0,0,0,0,0,0.003250939,4,2.221408402,2.048611317,PMXC7,NS,M9,NB,RT,REP1,T12,39,PMXC7.NS.M9.NB.RT.REP1,NSM9RTNB,1
PMXC7.NS.M9.NB.RT.REP2.T12,0,0,0.577826355,0,0,0,0,0,0,0,0,0.392410739,0.022756572,0,0,0,0,0,0,0,0,0,0,0,0,0,0,0.007006334,4,2.236361658,2.047349313,PMXC7,NS,M9,NB,RT,REP2,T12,39,PMXC7.NS.M9.NB.RT.REP2,NSM9RTNB,1
PMXC7.NS.M9.NB.RT.REP3.T12,0,0,0.621545877,0,0,0,0,0,0,0,0,0.342861947,0.028137436,0,0,0,0,0,0,0,0,0,0,0,0,0,0,0.007454739,4,2.224587089,1.981293102,PMXC7,NS,M9,NB,RT,REP3,T12,39,PMXC7.NS.M9.NB.RT.REP3,NSM9RTNB,1
PMXC7.NS.M9.NB.VT.REP1.T12,0,0,0.603049156,0,0,0,0,0,0,0,0,0.291407432,0.048371728,0,0,0,0.047474917,0,0,0,0,0,0,0,0,0,0,0.009696766,5,2.719525561,2.206169662,PMXC7,NS,M9,NB,VT,REP1,T12,39,PMXC7.NS.M9.NB.VT.REP1,NSM9VTNB,2
PMXC7.NS.M9.NB.VT.REP2.T12,0,0,0.616165013,0,0,0,0,0,0,0,0,0.215458775,0.124264335,0,0,0,0.036208733,0,0,0,0,0,0,0,0,0,0,0.007903144,5,2.848077671,2.257861492,PMXC7,NS,M9,NB,VT,REP2,T12,39,PMXC7.NS.M9.NB.VT.REP2,NSM9VTNB,2
PMXC7.NS.M9.NB.VT.REP3.T12,0,0,0.598228799,0,0,0,0,0,0,0,0,0.326214898,0.071856959,0,0,0,0,0,0,0,0,0,0,0,0,0,0,0.003699344,4,2.41742898,2.130057188,PMXC7,NS,M9,NB,VT,REP3,T12,39,PMXC7.NS.M9.NB.VT.REP3,NSM9VTNB,2
PMXC7.S.CR.B.RT.REP1.T12,0,0,0,0,0,0,0.024774396,0,0,0,0,0.162715094,0.016198644,0.095117987,0.112045289,0,0.381424808,0,0,0,0,0,0,0,0,0.182052576,0,0.025671207,8,5.444729455,4.381334108,PMXC7,S,CR,B,RT,REP1,T12,39,PMXC7.S.CR.B.RT.REP1,SCRRTB,2
PMXC7.S.CR.B.RT.REP2.T12,0,0,0,0,0,0,0.021915812,0,0,0,0,0.150103694,0.011210134,0.126898716,0.091530744,0,0.402780113,0,0,0,0,0,0,0,0,0.17235581,0,0.023204977,8,5.239344624,4.165016873,PMXC7,S,CR,B,RT,REP2,T12,39,PMXC7.S.CR.B.RT.REP2,SCRRTB,2
PMXC7.S.CR.B.RT.REP3.T12,0,0,0,0,0,0,0.012947705,0,0,0,0,0.105038955,0.01586234,0.131438821,0.135082114,0,0.542794686,0,0,0,0,0,0,0,0,0.022027913,0,0.034807466,8,4.172150949,2.912915702,PMXC7,S,CR,B,RT,REP3,T12,39,PMXC7.S.CR.B.RT.REP3,SCRRTB,2
PMXC7.S.CR.B.VT.REP1.T12,0,0,0,0,0.027128524,0,0,0,0,0,0,0.063000953,0,0.121237599,0.214113559,0,0.250770697,0,0,0,0.032173084,0,0,0,0,0.271509445,0,0.02006614,8,5.741362351,4.919097416,PMXC7,S,CR,B,VT,REP1,T12,39,PMXC7.S.CR.B.VT.REP1,SCRVTB,3
PMXC7.S.CR.B.VT.REP2.T12,0,0,0,0,0.013171907,0,0,0,0,0,0,0.117594305,0.011658539,0.194215571,0.162715094,0,0.195616838,0,0,0,0.023765484,0,0,0,0,0.26865086,0,0.012611401,9,5.993417095,5.277133721,PMXC7,S,CR,B,VT,REP2,T12,39,PMXC7.S.CR.B.VT.REP2,SCRVTB,3
PMXC7.S.CR.B.VT.REP3.T12,0,0,0,0,0.017487809,0,0,0,0,0,0,0.104142144,0.020234292,0.159576257,0.178857687,0,0.311585673,0,0,0,0.031220223,0,0,0,0,0.166582591,0,0.010313323,9,6.069373461,5.129995398,PMXC7,S,CR,B,VT,REP3,T12,39,PMXC7.S.CR.B.VT.REP3,SCRVTB,3
PMXC7.S.CR.NB.RT.REP1.T12,0,0,0.192758253,0,0.019001177,0.016254694,0.095790595,0,0,0,0,0.056779329,0.018496721,0.140743232,0,0,0.326327,0.101844067,0,0,0.026568017,0,0,0,0,0,0,0.005436915,11,6.819385762,5.321173684,PMXC7,S,CR,NB,RT,REP1,T12,39,PMXC7.S.CR.NB.RT.REP1,SCRRTNB,1
PMXC7.S.CR.NB.RT.REP2.T12,0,0,0.185864021,0,0.015638137,0.013900566,0.093604619,0,0,0,0,0.041253293,0.01675915,0.159071801,0,0,0.360798162,0.094165125,0,0,0.01171459,0,0,0,0,0,0,0.007230536,11,6.230464618,4.75593779,PMXC7,S,CR,NB,RT,REP2,T12,39,PMXC7.S.CR.NB.RT.REP2,SCRRTNB,1
PMXC7.S.CR.NB.RT.REP3.T12,0,0,0.225659997,0,0.07280982,0.014461073,0.054817555,0,0,0,0,0.055434112,0.022476319,0.155764811,0,0,0.247968163,0.129420997,0,0,0.013844515,0,0,0,0,0,0,0.007342638,11,7.302082802,6.032739106,PMXC7,S,CR,NB,RT,REP3,T12,39,PMXC7.S.CR.NB.RT.REP3,SCRRTNB,1
PMXC7.S.CR.NB.VT.REP1.T12,0,0,0.268426658,0,0.159183902,0.014517123,0.04433608,0,0,0,0,0.051790819,0.014124769,0.144722829,0,0,0.159912561,0.1255535,0,0,0.013115857,0,0,0,0,0,0,0.004315902,11,7.187920009,6.063484311,PMXC7,S,CR,NB,VT,REP1,T12,39,PMXC7.S.CR.NB.VT.REP1,SCRVTNB,2
PMXC7.S.CR.NB.VT.REP2.T12,0,0,0.272630458,0,0.129925453,0.011154083,0.109298806,0,0,0,0,0.021971863,0,0.111877137,0,0,0.17487809,0.149038731,0,0,0,0,0,0,0,0,0,0.01922538,9,6.720158617,5.901710768,PMXC7,S,CR,NB,VT,REP2,T12,39,PMXC7.S.CR.NB.VT.REP2,SCRVTNB,2
PMXC7.S.CR.NB.VT.REP3.T12,0,0,0.267249594,0,0.135866824,0.011041982,0.081497674,0,0,0,0,0.033294098,0,0.131158567,0,0,0.204304691,0.110868225,0,0,0.014180819,0,0,0,0,0,0,0.010537526,10,6.919103106,5.906628931,PMXC7,S,CR,NB,VT,REP3,T12,39,PMXC7.S.CR.NB.VT.REP3,SCRVTNB,2
PMXC7.S.M9.B.RT.REP1.T12,0,0,0.70881677,0,0,0,0,0,0,0,0,0.244829326,0.030323412,0,0,0,0,0,0,0,0,0,0.012106945,0,0,0,0,0.003923547,5,2.159015446,1.774798973,PMXC7,S,M9,B,RT,REP1,T12,39,PMXC7.S.M9.B.RT.REP1,SM9RTB,1
PMXC7.S.M9.B.RT.REP2.T12,0,0,0.71800908,0,0,0,0,0,0,0,0,0.254133737,0.011210134,0,0,0,0,0,0,0,0,0,0.013452161,0,0,0,0,0.003194888,5,2.039401088,1.722837395,PMXC7,S,M9,B,RT,REP2,T12,39,PMXC7.S.M9.B.RT.REP2,SM9RTB,1
PMXC7.S.M9.B.RT.REP3.T12,0,0,0.65523233,0,0,0,0,0,0,0,0,0.3138277,0.015806289,0,0,0,0,0,0,0,0,0,0.012106945,0,0,0,0,0.003026736,5,2.17549845,1.893140511,PMXC7,S,M9,B,RT,REP3,T12,39,PMXC7.S.M9.B.RT.REP3,SM9RTB,1
PMXC7.S.M9.B.VT.REP1.T12,0,0,0.656129141,0,0,0,0,0,0,0,0,0.322907909,0,0,0,0,0,0,0,0,0,0,0.010481475,0,0,0,0,0.010481475,4,2.089771486,1.869177432,PMXC7,S,M9,B,VT,REP1,T12,39,PMXC7.S.M9.B.VT.REP1,SM9VTB,2
PMXC7.S.M9.B.VT.REP2.T12,0,0,0.608990527,0,0,0,0,0,0,0,0,0.370326775,0.011882742,0,0,0,0,0,0,0,0,0,0,0,0,0,0,0.008799955,4,2.147327938,1.967613004,PMXC7,S,M9,B,VT,REP2,T12,39,PMXC7.S.M9.B.VT.REP2,SM9VTB,2
PMXC7.S.M9.B.VT.REP3.T12,0,0,0.679950675,0,0,0,0,0,0,0,0,0.293425256,0,0,0,0,0,0,0,0,0,0,0,0,0,0,0,0.026624068,3,2.051551316,1.821028771,PMXC7,S,M9,B,VT,REP3,T12,39,PMXC7.S.M9.B.VT.REP3,SM9VTB,2
PMXC7.S.M9.NB.RT.REP1.T12,0,0,0,0,0,0,0,0,0,0,0,0.935821983,0.02342918,0,0,0,0,0.025334903,0,0,0,0,0,0,0,0,0,0.015413934,4,1.359960364,1.140002372,PMXC7,S,M9,NB,RT,REP1,T12,39,PMXC7.S.M9.NB.RT.REP1,SM9RTNB,0
PMXC7.S.M9.NB.RT.REP2.T12,0,0,0,0.013059806,0,0,0,0,0,0,0,0.935373578,0.022980775,0,0,0,0,0.027689031,0,0,0,0,0,0,0,0,0,0.000896811,5,1.365419882,1.141044654,PMXC7,S,M9,NB,RT,REP2,T12,39,PMXC7.S.M9.NB.RT.REP2,SM9RTNB,0
PMXC7.S.M9.NB.RT.REP3.T12,0,0,0.6903761,0,0,0,0,0,0,0,0,0.213104647,0.080937167,0,0,0,0,0,0,0,0,0,0.01003307,0,0,0,0,0.005549016,5,2.371984607,1.891378049,PMXC7,S,M9,NB,RT,REP3,T12,39,PMXC7.S.M9.NB.RT.REP3,SM9RTNB,0
PMXC7.S.M9.NB.VT.REP1.T12,0,0,0.593856847,0,0,0,0,0,0,0,0,0.22678101,0.143153411,0,0,0,0.029706855,0,0,0,0,0,0,0,0,0,0,0.006501878,5,2.890497806,2.350103074,PMXC7,S,M9,NB,VT,REP1,T12,39,PMXC7.S.M9.NB.VT.REP1,SM9VTNB,1
PMXC7.S.M9.NB.VT.REP2.T12,0,0,0.65186929,0,0,0,0,0,0,0,0,0.296171739,0.046409955,0,0,0,0,0,0,0,0,0,0,0,0,0,0,0.005549016,4,2.24934874,1.942366318,PMXC7,S,M9,NB,VT,REP2,T12,39,PMXC7.S.M9.NB.VT.REP2,SM9VTNB,1
PMXC7.S.M9.NB.VT.REP3.T12,0,0,0,0,0,0,0,0,0,0,0,0.817106664,0.026848271,0,0,0,0.125889804,0.02342918,0,0,0,0,0,0,0,0,0,0.00672608,5,1.905313348,1.460223781,PMXC7,S,M9,NB,VT,REP3,T12,39,PMXC7.S.M9.NB.VT.REP3,SM9VTNB,1
PMXC6.NS.CR.B.RT.REP1.T12,0,0,0.375905921,0,0,0,0,0,0,0,0,0.096813893,0.015041707,0.090933953,0,0,0.193627786,0.222070286,0,0,0,0,0,0,0,0,0,0.005606454,7,4.740444786,4.064845805,PMXC6,NS,CR,B,RT,REP1,T12,39,PMXC6.NS.CR.B.RT.REP1,NSCRRTB,3
PMXC6.NS.CR.B.RT.REP2.T12,0,0,0.357172159,0,0,0,0,0,0,0,0,0.127854506,0.019280733,0.092438124,0,0,0.183235334,0.213592233,0,0,0,0,0,0,0,0,0,0.006426911,7,4.953301625,4.30898129,PMXC6,NS,CR,B,RT,REP2,T12,39,PMXC6.NS.CR.B.RT.REP2,NSCRRTB,3
PMXC6.NS.CR.B.RT.REP3.T12,0,0,0.37440175,0,0,0,0,0,0,0,0,0.099822234,0.013947764,0.094079037,0,0,0.164501573,0.245453302,0,0,0,0,0,0,0,0,0,0.007794339,7,4.755572757,4.055883632,PMXC6,NS,CR,B,RT,REP3,T12,39,PMXC6.NS.CR.B.RT.REP3,NSCRRTB,3
PMXC6.NS.CR.B.VT.REP1.T12,0.011076166,0.057568713,0.167373171,0,0.060577055,0,0,0,0,0,0,0.165458772,0.022152331,0.063448653,0,0,0.251469985,0.173389854,0,0,0.01668262,0,0,0,0,0,0,0.01080268,11,7.451630981,6.222409016,PMXC6,NS,CR,B,VT,REP1,T12,39,PMXC6.NS.CR.B.VT.REP1,NSCRVTB,4
PMXC6.NS.CR.B.VT.REP2.T12,0,0.034732668,0.12511965,0,0.047176261,0,0,0,0,0,0,0.169697798,0.023656502,0.080131273,0,0,0.268152605,0.190072474,0,0,0.028032271,0,0,0,0,0,0,0.033228497,10,7.348621321,6.068396244,PMXC6,NS,CR,B,VT,REP2,T12,39,PMXC6.NS.CR.B.VT.REP2,NSCRVTB,4
PMXC6.NS.CR.B.VT.REP3.T12,0,0.036373581,0.158074662,0,0.036100096,0,0,0,0,0,0,0.154656092,0.018186791,0.075755504,0.014494735,0,0.277587857,0.197046356,0,0,0.014494735,0,0,0,0,0,0,0.017229591,11,7.082297223,5.740483517,PMXC6,NS,CR,B,VT,REP3,T12,39,PMXC6.NS.CR.B.VT.REP3,NSCRVTB,4
PMXC6.NS.CR.NB.RT.REP1.T12,0,0,0.326952003,0,0,0,0,0,0,0,0,0.142622727,0.025570901,0.104334746,0,0,0.116641597,0.265417749,0,0,0,0,0,0,0,0,0,0.018460276,7,5.202933898,4.480867114,PMXC6,NS,CR,NB,RT,REP1,T12,39,PMXC6.NS.CR.NB.RT.REP1,NSCRRTNB,2
PMXC6.NS.CR.NB.RT.REP2.T12,0,0,0.362231642,0,0,0,0,0,0,0,0,0.105155203,0.020374675,0.110624915,0,0,0.169150827,0.226582798,0,0,0,0,0,0,0,0,0,0.00587994,7,4.927000343,4.256972687,PMXC6,NS,CR,NB,RT,REP2,T12,39,PMXC6.NS.CR.NB.RT.REP2,NSCRRTNB,2
PMXC6.NS.CR.NB.RT.REP3.T12,0,0,0.389716942,0,0,0,0,0,0,0,0,0.07411459,0.012033365,0.112265828,0,0,0.156980719,0.249008615,0,0,0,0,0,0,0,0,0,0.00587994,7,4.599102668,3.894027986,PMXC6,NS,CR,NB,RT,REP3,T12,39,PMXC6.NS.CR.NB.RT.REP3,NSCRRTNB,2
PMXC6.NS.CR.NB.VT.REP1.T12,0,0.045672091,0.138110215,0,0.079721045,0,0,0,0,0,0,0.17024477,0.036236839,0.075208533,0,0,0.208122522,0.20511418,0,0,0.018460276,0,0,0,0,0,0,0.023109531,10,7.726272762,6.678680598,PMXC6,NS,CR,NB,VT,REP1,T12,39,PMXC6.NS.CR.NB.VT.REP1,NSCRVTNB,3
PMXC6.NS.CR.NB.VT.REP2.T12,0,0.04416792,0.146998496,0,0.136469301,0,0,0,0,0,0,0.169561056,0.027895529,0.093668809,0,0,0.156433748,0.188841789,0,0,0.021331875,0,0,0,0,0,0,0.014631478,10,7.86832777,7.077738976,PMXC6,NS,CR,NB,VT,REP2,T12,39,PMXC6.NS.CR.NB.VT.REP2,NSCRVTNB,3
PMXC6.NS.CR.NB.VT.REP3.T12,0,0.023519759,0.106522631,0.01668262,0.052919458,0.012033365,0,0,0,0,0,0.167236428,0.036100096,0.123341994,0,0,0.270203747,0.151511008,0,0,0.019827704,0,0,0,0,0,0,0.02010119,12,7.97756151,6.39504097,PMXC6,NS,CR,NB,VT,REP3,T12,39,PMXC6.NS.CR.NB.VT.REP3,NSCRVTNB,3
PMXC6.NS.R2A.B.RT.REP1.T12,0,0.015315192,0.373718036,0,0,0,0,0,0,0,0,0.11582114,0.156980719,0.247367701,0,0,0.072200191,0,0,0,0,0,0,0,0,0,0,0.018597019,7,4.862697705,4.086524723,PMXC6,NS,R2A,B,RT,REP1,T12,39,PMXC6.NS.R2A.B.RT.REP1,NSR2ARTB,2
PMXC6.NS.R2A.B.RT.REP2.T12,0,0.013811021,0.378230548,0,0,0,0,0,0,0,0,0.13346096,0.146178039,0.238205935,0,0,0.070285792,0,0,0,0,0,0,0,0,0,0,0.019827704,7,4.868792749,4.08990868,PMXC6,NS,R2A,B,RT,REP2,T12,39,PMXC6.NS.R2A.B.RT.REP2,NSR2ARTB,2
PMXC6.NS.R2A.B.RT.REP3.T12,0,0.010118966,0.365239984,0,0,0,0,0,0,0,0,0.133597703,0.166279229,0.227403254,0,0,0.071516478,0.012170108,0,0,0,0,0,0,0,0,0,0.013674279,8,5.049952073,4.23438666,PMXC6,NS,R2A,B,RT,REP3,T12,39,PMXC6.NS.R2A.B.RT.REP3,NSR2ARTB,2
PMXC6.NS.R2A.B.VT.REP1.T12,0,0.018870505,0.275126487,0,0.122521537,0,0.070285792,0,0,0,0,0.189252017,0.068918365,0.082866129,0,0,0.098044578,0.02160536,0,0,0.031177355,0,0,0,0,0,0,0.021331875,11,8.007208912,6.454037583,PMXC6,NS,R2A,B,VT,REP1,T12,39,PMXC6.NS.R2A.B.VT.REP1,NSR2AVTB,3
PMXC6.NS.R2A.B.VT.REP2.T12,0,0.016819363,0.299193218,0,0.173253111,0,0,0,0,0,0,0.172159169,0.077396417,0.126623821,0.011349651,0,0.106522631,0.011486394,0,0,0,0,0,0,0,0,0,0.005196226,10,6.449898943,5.461093414,PMXC6,NS,R2A,B,VT,REP2,T12,39,PMXC6.NS.R2A.B.VT.REP2,NSR2AVTB,3
PMXC6.NS.R2A.B.VT.REP3.T12,0,0.018323533,0.321482292,0,0.182688363,0,0,0,0,0.013400793,0,0.152741693,0.056611514,0.10843703,0.01080268,0,0.096813893,0.017913305,0,0,0.020237932,0,0,0,0,0,0,0.000546971,12,6.868829817,5.383432266,PMXC6,NS,R2A,B,VT,REP3,T12,39,PMXC6.NS.R2A.B.VT.REP3,NSR2AVTB,3
PMXC6.NS.R2A.NB.RT.REP1.T12,0,0.011212909,0.423355668,0,0,0,0,0,0,0,0,0.140571585,0.197866813,0.10501846,0,0,0.095993436,0.018323533,0,0,0,0,0,0,0,0,0,0.007657596,8,4.868828063,3.862414546,PMXC6,NS,R2A,NB,RT,REP1,T12,39,PMXC6.NS.R2A.NB.RT.REP1,NSR2ARTNB,1
PMXC6.NS.R2A.NB.RT.REP2.T12,0,0.012306851,0.461370163,0,0.014357993,0,0,0,0,0,0,0.136059073,0.176534938,0.096813893,0,0,0.088746069,0.011896622,0,0,0,0,0,0,0,0,0,0.001914399,9,4.735974575,3.567724734,PMXC6,NS,R2A,NB,RT,REP2,T12,39,PMXC6.NS.R2A.NB.RT.REP2,NSR2ARTNB,1
PMXC6.NS.R2A.NB.RT.REP3.T12,0,0.013811021,0.429372351,0,0.030630384,0,0,0,0,0,0,0.137973472,0.186653904,0.099001778,0,0,0.075755504,0.024750444,0,0,0,0,0,0,0,0,0,0.002051142,9,5.176686422,3.91354235,PMXC6,NS,R2A,NB,RT,REP3,T12,39,PMXC6.NS.R2A.NB.RT.REP3,NSR2ARTNB,1
PMXC6.NS.R2A.NB.VT.REP1.T12,0,0.017913305,0.517708191,0,0,0,0,0,0,0,0,0.122384794,0.113633256,0.047039519,0,0,0.158211404,0.011349651,0,0,0,0,0,0,0,0,0,0.01175988,8,4.28735766,3.088861419,PMXC6,NS,R2A,NB,VT,REP1,T12,39,PMXC6.NS.R2A.NB.VT.REP1,NSR2AVTNB,2
PMXC6.NS.R2A.NB.VT.REP2.T12,0,0.013674279,0.466976617,0,0,0,0,0,0,0,0,0.209489949,0.106796117,0.055107343,0,0,0.115274169,0.018323533,0,0,0,0,0,0,0,0,0,0.014357993,8,4.588729985,3.443378507,PMXC6,NS,R2A,NB,VT,REP2,T12,39,PMXC6.NS.R2A.NB.VT.REP2,NSR2AVTNB,2
PMXC6.NS.R2A.NB.VT.REP3.T12,0,0,0.368385068,0,0,0,0,0,0,0,0,0.123068508,0.146451525,0.06919185,0,0,0.252290442,0.027622043,0,0,0,0,0,0,0,0,0,0.012990565,7,4.927671107,4.137853825,PMXC6,NS,R2A,NB,VT,REP3,T12,39,PMXC6.NS.R2A.NB.VT.REP3,NSR2AVTNB,2
PMXC6.S.CR.B.RT.REP1.T12,0.041980036,0,0.140708328,0.015588678,0.032134555,0,0.054423629,0,0,0,0,0.078080131,0.012580336,0.116915083,0.045398605,0,0.342950909,0.069328593,0,0,0.016135649,0,0,0,0,0.021878846,0,0.011896622,14,8.527163473,5.845012965,PMXC6,S,CR,B,RT,REP1,T12,39,PMXC6.S.CR.B.RT.REP1,SCRRTB,2
PMXC6.S.CR.B.RT.REP2.T12,0.018186791,0,0.14672501,0.014904964,0.021742103,0,0.043894435,0,0,0,0,0.101189662,0.017639819,0.148776152,0.03240804,0,0.315055381,0.073841105,0,0,0.018186791,0,0,0,0,0.018460276,0,0.028989471,14,8.505961961,6.081243435,PMXC6,S,CR,B,RT,REP2,T12,39,PMXC6.S.CR.B.RT.REP2,SCRRTB,2
PMXC6.S.CR.B.RT.REP3.T12,0.015998906,0,0.136606044,0.015041707,0.012170108,0,0.047176261,0,0,0,0,0.092848352,0.018050048,0.150006837,0.041159579,0,0.338985369,0.067140708,0,0,0.013400793,0,0,0,0,0.022152331,0,0.029262956,14,8.178950979,5.694582275,PMXC6,S,CR,B,RT,REP3,T12,39,PMXC6.S.CR.B.RT.REP3,SCRRTB,2
PMXC6.S.CR.B.VT.REP1.T12,0.209900178,0.048270204,0.041980036,0,0.023246274,0.010392452,0.016819363,0,0,0,0,0.098318064,0,0.04416792,0.015315192,0.010665937,0.336797484,0.051962259,0,0,0,0,0,0.040886093,0,0.011623137,0,0.039655408,15,8.328197358,5.538349416,PMXC6,S,CR,B,VT,REP1,T12,39,PMXC6.S.CR.B.VT.REP1,SCRVTB,3
PMXC6.S.CR.B.VT.REP2.T12,0.187884589,0.044988377,0.032134555,0.011896622,0.022152331,0,0.018186791,0,0,0,0,0.097907835,0.013537536,0.066320252,0.018733762,0.024887187,0.315192124,0.046219062,0,0,0.022152331,0,0,0.034185697,0,0.022289074,0,0.021331875,17,9.766072754,6.307093231,PMXC6,S,CR,B,VT,REP2,T12,39,PMXC6.S.CR.B.VT.REP2,SCRVTB,3
PMXC6.S.CR.B.VT.REP3.T12,0.176671681,0.055654314,0.029809928,0.015178449,0.031450841,0.010118966,0.023793245,0,0,0,0,0.107343088,0.012306851,0.054013401,0.021468618,0.01914399,0.313140982,0.05004786,0,0,0.013811021,0,0,0.037057295,0,0.015041707,0,0.013947764,18,10.03912217,6.449422114,PMXC6,S,CR,B,VT,REP3,T12,39,PMXC6.S.CR.B.VT.REP3,SCRVTB,3
PMXC6.S.CR.NB.RT.REP1.T12,0,0,0.205250923,0,0.020784904,0,0.045808834,0,0,0,0,0.089429783,0.01668262,0.107753316,0.044304663,0,0.255298783,0.14768221,0,0,0.022425817,0,0,0.017366334,0,0,0,0.027211815,12,8.115536548,6.449924592,PMXC6,S,CR,NB,RT,REP1,T12,39,PMXC6.S.CR.NB.RT.REP1,SCRRTNB,1
PMXC6.S.CR.NB.RT.REP2.T12,0,0.01914399,0.199507726,0,0.022289074,0,0.046902776,0,0,0,0,0.102693833,0.020921646,0.107753316,0.039108437,0,0.253931355,0.130589361,0,0,0.024340216,0,0,0,0,0,0,0.032818269,12,8.360711402,6.658025297,PMXC6,S,CR,NB,RT,REP2,T12,39,PMXC6.S.CR.NB.RT.REP2,SCRRTNB,1
PMXC6.S.CR.NB.RT.REP3.T12,0,0,0.205524409,0,0.035416382,0,0.04909066,0,0,0,0,0.082592643,0.01572542,0.130452619,0.035279639,0,0.249829072,0.162860659,0,0,0.014904964,0,0,0,0,0,0,0.018323533,11,7.57209183,6.221538915,PMXC6,S,CR,NB,RT,REP3,T12,39,PMXC6.S.CR.NB.RT.REP3,SCRRTNB,1
PMXC6.S.CR.NB.VT.REP1.T12,0,0,0.142349241,0.012306851,0.04512512,0,0.025570901,0,0,0,0,0.126487078,0.020511418,0.135101873,0.059619855,0.010939423,0.260221523,0.099412006,0,0,0.022836045,0,0,0.018597019,0,0,0,0.020921646,14,9.166056062,7.124823028,PMXC6,S,CR,NB,VT,REP1,T12,39,PMXC6.S.CR.NB.VT.REP1,SCRVTNB,2
PMXC6.S.CR.NB.VT.REP2.T12,0,0,0.127854506,0.014631478,0.028032271,0,0.020648161,0,0,0,0,0.136606044,0.02256256,0.138657186,0.060030083,0.011212909,0.283878025,0.104881717,0,0,0.019690961,0,0,0.011896622,0,0,0,0.019417476,14,8.63918579,6.562039097,PMXC6,S,CR,NB,VT,REP2,T12,39,PMXC6.S.CR.NB.VT.REP2,SCRVTNB,2
PMXC6.S.CR.NB.VT.REP3.T12,0,0,0.165048544,0,0.027348557,0,0.022972788,0,0,0,0,0.121427595,0.016956106,0.130315876,0.043210721,0.011623137,0.281826884,0.108847258,0,0,0.024203473,0,0,0,0,0,0,0.046219062,12,8.094499248,6.388571975,PMXC6,S,CR,NB,VT,REP3,T12,39,PMXC6.S.CR.NB.VT.REP3,SCRVTNB,2
PMXC6.S.R2A.B.RT.REP1.T12,0,0,0.260221523,0,0.096130179,0.02160536,0.020237932,0,0,0,0,0.094899494,0.142896212,0.293176535,0,0,0.039381923,0,0,0,0,0,0,0,0,0,0,0.031450841,9,6.262930242,5.108545576,PMXC6,S,R2A,B,RT,REP1,T12,39,PMXC6.S.R2A.B.RT.REP1,SR2ARTB,1
PMXC6.S.R2A.B.RT.REP2.T12,0,0,0.271571175,0,0.057568713,0.017092848,0.04758649,0,0,0,0,0.09913852,0.167920142,0.278955285,0,0,0.025981129,0,0,0,0.011486394,0,0,0,0,0,0,0.022699303,10,6.358376952,5.081673023,PMXC6,S,R2A,B,RT,REP2,T12,39,PMXC6.S.R2A.B.RT.REP2,SR2ARTB,1
PMXC6.S.R2A.B.RT.REP3.T12,0,0,0.328866402,0,0.054286886,0.012853822,0.037057295,0,0,0,0,0.112812799,0.147955695,0.22521537,0.02010119,0,0.030767127,0.012580336,0,0,0,0,0,0,0,0,0,0.017503077,11,6.54096733,5.005167455,PMXC6,S,R2A,B,RT,REP3,T12,39,PMXC6.S.R2A.B.RT.REP3,SR2ARTB,1
PMXC6.S.R2A.B.VT.REP1.T12,0,0,0.094352523,0,0.067414194,0,0.038561466,0,0,0,0,0.219882401,0.019280733,0.145494325,0.023656502,0.012306851,0.340489539,0,0,0,0.030356899,0,0,0,0,0,0,0.008204567,11,6.519169143,4.939351051,PMXC6,S,R2A,B,VT,REP1,T12,39,PMXC6.S.R2A.B.VT.REP1,SR2AVTB,2
PMXC6.S.R2A.B.VT.REP2.T12,0,0,0.040339122,0,0.051688773,0,0.035006153,0,0,0,0,0.069465336,0,0.050458088,0.054286886,0,0.674415425,0,0,0,0,0,0,0,0,0,0,0.024340216,8,3.491048365,2.121918955,PMXC6,S,R2A,B,VT,REP2,T12,39,PMXC6.S.R2A.B.VT.REP2,SR2AVTB,2
PMXC6.S.R2A.B.VT.REP3.T12,0,0,0,0,0.015862163,0,0.020374675,0,0,0,0,0,0,0.067003966,0.10351429,0,0.782715712,0,0,0,0,0,0,0,0,0,0,0.010529195,6,2.226976861,1.590770415,PMXC6,S,R2A,B,VT,REP3,T12,39,PMXC6.S.R2A.B.VT.REP3,SR2AVTB,2
PMXC6.S.R2A.NB.RT.REP1.T12,0,0,0.396827567,0,0.04074935,0,0,0,0,0,0,0.054423629,0.139067414,0.054833858,0.03090387,0,0.238616163,0.038834951,0,0,0,0,0,0,0,0,0,0.005743197,9,5.442898349,4.100462698,PMXC6,S,R2A,NB,RT,REP1,T12,39,PMXC6.S.R2A.NB.RT.REP1,SR2ARTNB,0
PMXC6.S.R2A.NB.RT.REP2.T12,0,0,0.402570764,0,0.039928894,0,0,0,0,0,0,0.059893341,0.137289758,0.054833858,0.034595925,0,0.241077533,0.028989471,0,0,0,0,0,0,0,0,0,0.000820457,9,5.275866606,4.011934763,PMXC6,S,R2A,NB,RT,REP2,T12,39,PMXC6.S.R2A.NB.RT.REP2,SR2ARTNB,0
PMXC6.S.R2A.NB.RT.REP3.T12,0,0,0.39450294,0,0.039518665,0,0,0,0,0,0,0.07753316,0.161493231,0.051415288,0.022015589,0,0.212498291,0.039792151,0,0,0,0,0,0,0,0,0,0.001230685,9,5.417269775,4.181398769,PMXC6,S,R2A,NB,RT,REP3,T12,39,PMXC6.S.R2A.NB.RT.REP3,SR2ARTNB,0
PMXC6.S.R2A.NB.VT.REP1.T12,0,0,0.452755367,0,0.048406947,0,0,0,0,0,0,0.142759469,0.104198004,0.033501983,0.02256256,0,0.145357582,0.04662929,0,0,0,0,0,0,0,0,0,0.003828798,9,5.273983577,3.794816199,PMXC6,S,R2A,NB,VT,REP1,T12,39,PMXC6.S.R2A.NB.VT.REP1,SR2AVTNB,1
PMXC6.S.R2A.NB.VT.REP2.T12,0,0,0.40776699,0,0.086284698,0,0,0,0,0,0,0.058799398,0.099958977,0.033501983,0.029126214,0,0.246547245,0.028852728,0,0,0,0,0,0,0,0,0,0.009161767,9,5.372523586,3.986592057,PMXC6,S,R2A,NB,VT,REP2,T12,39,PMXC6.S.R2A.NB.VT.REP2,SR2AVTNB,1
PMXC6.S.R2A.NB.VT.REP3.T12,0,0,0.311636811,0,0.198687269,0,0,0,0,0,0,0.09175441,0.112812799,0.038971694,0.022972788,0,0.185559962,0.022425817,0,0,0.013127308,0,0,0,0,0,0,0.002051142,10,6.235094121,5.13088307,PMXC6,S,R2A,NB,VT,REP3,T12,39,PMXC6.S.R2A.NB.VT.REP3,SR2AVTNB,1